순번,관할시군,운행업체명,노선번호,노선ID,기점,기점정류장ID,종점,종점정류장ID,저상버스운행유무,데이터기준일자
5789,고양시,고양-보은교통,21,241314001,화정역3호선,218000974,행신역,218000463,N,20230221
5790,고양시,고양-보은교통,20,241314002,화정역3호선,218000974,영흥빌라,218001006,N,20230221
5791,고양시,고양-명보교통,72,241325001,능곡역.능곡시장,218000193,산황동입구,219001083,N,20230221
5792,고양시,고양-관산운수,36,241293003,벽제관지,218001211,오미산주유소,219000101,N,20230221
5793,고양시,고양-관산운수,37,241293004,그린씨티동문아파트,229000473,삼송역8번출구,218001200,N,20230221
5794,고양시,고양-관산운수,58,241293005,동문3차아파트,219000813,빛마루.이비에스,219001076,N,20230221
5795,고양시,고양-관산운수,59,241293006,마을회관,219000293,대화역,219000366,N,20230221
5796,고양시,고양-관산운수,88,241293007,내유동커뮤니티센터,218001347,삼송역8번출구,218001200,N,20230221
5797,고양시,고양-한진교통,60,241294002,소만마을1.2.3단지,218001032,화정역3호선,218001046,N,20230221
5798,고양시,고양-백마운수,38,241295703,둥지마을.베송쥬쥬,219001082,화정역3호선,218001046,N,20230221
5799,고양시,고양-백마운수,50,241295704,필리핀참전비,218000826,일산동구청(중),219000356,N,20230221
5800,고양시,고양-백마운수,10,241295707,약산마을,219000303,빛마루.이비에스,219001075,N,20230221
5801,고양시,고양-백마운수,39,241295708,위시티1단지후문.양일초교,219001031,현대백화점,219000625,N,20230221
5802,고양시,고양-대림교통,65,241298003,서정마을2단지,218001072,화정역3호선,218001046,N,20230221
5803,고양시,고양-대화교통,63,241299001,대화역회차(경유),277104412,장월,219000799,N,20230221
5804,고양시,고양-대화교통,57,241299002,가좌마을.킴스.벽산A516동,219000565,일산동구청(중),219000356,N,20230221
5805,고양시,고양-대화교통,62,241299003,더샵그라비스타.이마트킨텍스점,219000913,송포초교,219000434,N,20230221
5806,고양시,고양-대화교통,056(도촌),241299704,도촌,219000860,백신초교,219000165,N,20230221
5807,고양시,고양-대화교통,056(멱절),241299705,멱절,219001089,백신초교,219000165,N,20230221
5808,고양시,고양-대화교통,056(서촌),241299706,서촌,219000828,백신초교,219000165,N,20230221
5809,고양시,고양-대화교통,61,241299708,GS자이아파트후문,219000951,일산동구청(중),219000356,N,20230221
5810,고양시,고양-동일운수,18,241304002,원당역,218001083,산장아파트,218000906,N,20230221
5811,고양시,고양-동일운수,12,241304005,관산주공아파트,218001049,원당역,218001083,N,20230221
5812,고양시,고양-동일운수,16,241304006,세기마을입구,218000891,화정역3호선,218001046,N,20230221
5813,고양시,고양-동일운수,13,241304707,원당역,218001083,원신4통,218000886,N,20230221
5814,고양시,고양-주원교통,077A,241306001,삼송마을11단지.대학생연합생활관,218001324,지축역,218000952,N,20230221
5815,고양시,고양-주원교통,077B,241306002,삼송역6번출구,218000627,사기막골,218000251,N,20230221
5816,고양시,고양-주원교통,76,241306702,원신동행정복지센터(마을),218000856,세원마을입구,218000214,N,20230221
5817,고양시,고양-주원교통,93,241306703,신원마을1.2단지,218001210,신원마을1.2단지,218001210,N,20230221
5818,고양시,고양-주원교통,94,241306704,삼송역6번출구,218000627,오금동종점,218001164,N,20230221
5819,고양시,고양-자안운수,11,241308701,나루터,218000033,화정역3호선,218001046,N,20230221
5820,고양시,고양-신일산교통,66,241309001,차고지,219000829,냉천초등학교,219000539,N,20230221
5821,고양시,고양-신일산운수,68,241309702,청궁오리집,219000814,일산동구청.퀸타운호텔,219000956,N,20230221
5822,고양시,고양-신일산운수,69,241309703,SK주유소,219000960,능곡역,218000520,N,20230221
5823,고양시,고양-신일산운수,90,241310001,차고지,219000829,하늘마을3단지,219000597,N,20230221
5824,고양시,고양-신일산운수,91,241310002,기점대기(경유),277103897,일산에듀포레푸르지오후문,219001147,N,20230221
5825,고양시,고양-신일산운수,92,241310003,일산에듀포레푸르지오후문,219001147,탄현역2번출구,219000772,N,20230221
5826,고양시,고양-신일산운수,95,241310004,고양종합운동장.일산서구청,219000450,강선마을(중),219000192,N,20230221
5827,고양시,고양-보람운수,32,241312001,화정역3호선,218000974,무원고교,218000086,N,20230221
5828,고양시,고양-보람운수,35,241312008,행신역,218000463,원당역,218000282,N,20230221
5829,고양시,고양-보람운수,30,241312013,강고산,218001026,화정역3번출구,218001359,N,20230221
5830,고양시,고양-보람운수,022A,241312014,마을회관,218001003,행신초등학교,218000089,N,20230221
5831,고양시,고양-보람운수,23,241312015,서정마을6.9단지,218001201,화정역3호선,218000974,N,20230221
5832,고양시,고양-보람운수,024A,241312016,행신역,218000463,원흥역8번출구.방송통신대앞,218000698,N,20230221
5833,고양시,고양-보람운수,024B,241312017,행신역,218000463,원흥역8번출구.방송통신대앞,218000698,N,20230221
5834,고양시,고양-보람운수,022B,241312018,덕은LH1단지.DMC한강숲중흥S클래스,218000600,DMC해링턴플레이스,218001361,N,20230221
5835,고양시,고양-화정교통,27,241313001,화정역4번출구,218001149,2단지관리사무실앞,218000743,N,20230221
5836,고양시,고양-화정교통,28,241313002,화정역4번출구,218001149,달빛마을1단지분수대앞,218000742,N,20230221
5837,고양시,고양-화정교통,029A,241313003,명지병원,218000992,화정역3호선,218001046,N,20230221
5838,고양시,고양-화정교통,029B,241313004,원당역,218000095,능곡역,218000520,N,20230221
5839,고양시,고양-화정교통,15,241313005,성사중학교,218001253,신원당600단지,218000858,N,20230221
5840,고양시,고양-명보교통,71,241325002,회차(경유),277104417,가좌동.구종점,219000435,N,20230221
5841,광명시,화영운수,22,213000010,광명종합터미널,213000399,개봉역,116000609,N,20230221
5842,광명시,화영운수,45232,213000011,소하동광명동굴입구,213000403,여의도환승센터(1번승강장),118000513,Y,20230221
5843,광명시,화영운수,45233,213000014,마린월드,224000127,KTX광명역1번출구,213000487,Y,20230221
5844,광명시,화영운수,3001,213000015,KTX광명역6번출구,213000231,원흥아파트,164000131,N,20230221
5845,광명시,화영운수,101,213000016,화영운수차고지,213000048,석수역(중),117000310,N,20230221
5846,광명시,화영운수,2,213000017,은계아란트리,224001093,안양역,208000010,Y,20230221
5847,광명시,화영운수,3002,213000019,KTX광명역6번출구,213000231,인천대학교공과대학,164000376,N,20230221
5848,광명시,화영운수,8507,213000024,오리서원.충현중학교.광휘고등학교,213000106,사당역4번출구,120000059,N,20230221
5849,광명시,화영운수,77,213000026,광명스피돔,213000328,광명동굴,213000411,N,20230221
5850,광명시,화영운수,102,213000027,광명종합터미널,213000399,독산역,117000182,Y,20230221
5851,광명시,광명-진양교통,광명01,241238001,화영운수차고지,213000070,철산리버빌아파트.구일역,213000236,N,20230221
5852,광명시,광명-자경,1,241274001,개운아파트,213000469,석수역1호선,117000321,N,20230221
5853,광명시,광명-자경,44927,241274002,관악역,208000092,KTX광명역7번출구,213000216,N,20230221
5854,광명시,광명-자경,44929,241274004,KTX광명역7번출구,213000216,석수역1호선,117000321,N,20230221
5855,광명시,광명-자경,88,241274006,도고내마을회관,213000028,소하동이마트,213000334,Y,20230221
5856,광명시,광명-자경,99,241274007,소하6.7단지,213000336,광명도덕산캠핑장입구,213000377,Y,20230221
5857,광주시,대원고속,521,204000025,퉁점골,234000050,판교역.낙생육교.현대백화점,206000532,N,20230221
5858,광주시,대원고속,3200,218000005,성사고등학교,218000501,인천공항3층출국장(T2),161000611,N,20230221
5859,광주시,경기고속,20-52,230000176,자석2리.종점,230001460,태평리,237000811,N,20230221
5860,광주시,경기고속,30,234000003,대성리,239000682,현대코아,105000199,N,20230221
5861,광주시,대원고속,32,234000009,광주차고지,234000600,잠실광역환승센터,123000611,N,20230221
5862,광주시,대원고속,1113-1,234000011,동원대학교,234000604,테크노마트앞.강변역(D),104000069,N,20230221
5863,광주시,경기고속,17,234000012,광주차고지,234000600,숭신여자중고교.래미안금광아파트,205000068,Y,20230221
5864,광주시,경기고속,700-2,234000021,오리역,206000040,수원대학교,233000575,N,20230221
5865,광주시,경기고속,720-1,234000024,지역난방공사.신나무실쌍용아파트,203000052,서현역.AK플라자,206000299,N,20230221
5866,광주시,경기고속,720-2,234000026,경기고속차고지,233002341,백현마을8단지,206000626,N,20230221
5867,광주시,대원고속,16,234000034,상산곡동.공영차고지,227000094,일원본동주민센터,122000280,N,20230221
5868,광주시,대원고속,65,234000038,광교차고지,203000254,안양역,208000068,N,20230221
5869,광주시,대원고속,114,234000039,송정동현대아파트,234000950,터미널신둔홈,230000251,N,20230221
5870,광주시,경기고속,119,234000040,오산리종점,228001181,군자역.용마초등학교(중),104000004,Y,20230221
5871,광주시,대원고속,520,234000044,구미동차고지,206000232,강남cc,234000450,N,20230221
5872,광주시,대원고속,660,234000046,광교차고지,203000254,광주터미널,234001048,N,20230221
5873,광주시,경기고속,45016,234000057,광주터미널,234001048,모란역6.7번출구,205000020,N,20230221
5874,광주시,경기고속,1,234000059,광주하남교육청,234000466,전원마을입구,234000924,N,20230221
5875,광주시,대원고속,8,234000070,현대사원아파트,230000047,도지리,230000566,N,20230221
5876,광주시,경기고속,13,234000072,광주터미널,234001178,테크노마트앞.강변역(D),104000069,Y,20230221
5877,광주시,경기고속,500-2,234000075,동원대학교,234000604,무역센터,122000095,N,20230221
5878,광주시,경기고속,111,234000078,여주대하차장,237001239,불교회관,230000181,N,20230221
5879,광주시,대원고속,500-1,234000079,동원대학교,234000604,잠실광역환승센터,123000611,N,20230221
5880,광주시,대원고속,44970,234000082,퇴촌관음리,234000148,테크노마트앞.강변역(D),104000069,N,20230221
5881,광주시,대원고속,12,234000083,이천터미널,230000205,청강문화산업대,230000224,Y,20230221
5882,광주시,대원고속,9,234000095,사송동종점,204000143,중앙주차장,234001231,N,20230221
5883,광주시,경기고속,44959,234000132,보건소.공설운동장,234000259,선동초교앞,234001085,N,20230221
5884,광주시,경기고속,44958,234000150,세광아파트,234000181,대주아파트.종점,234001018,N,20230221
5885,광주시,경기고속,2,234000213,광주차고지,234000600,현산마을,234001032,N,20230221
5886,광주시,대원고속,60,234000316,광주차고지,234000600,수원역.노보텔수원,202000208,Y,20230221
5934,광명시,화영운수,21,213000002,광명돔경륜장.광남문,213000052,가산디지털단지역,117000021,Y,20230221
5935,광명시,화영운수,27,213000003,광명돔경륜장.광남문,213000052,독산역,117000182,Y,20230221
5936,광명시,화영운수,12,213000004,중앙하이츠아파트,213000053,안양역,208000010,Y,20230221
5937,광명시,화영운수,17,213000005,광명동굴,213000411,개봉역,116000609,N,20230221
5938,광명시,화영운수,1,213000006,거모동,224000449,개봉역,116000609,Y,20230221
5939,광명시,화영운수,45231,213000007,중앙하이츠아파트,213000053,여의도환승센터(1번승강장),118000513,Y,20230221
5940,광명시,화영운수,11,213000008,광명돔경륜장.광남문,213000052,안양역,208000010,N,20230221
5941,광명시,화영운수,39,213000009,시흥경찰서,224000473,개봉역,116000609,Y,20230221
5942,가평군,가평교통,18384,239000002,목동터미널,239000272,용수동종점,239000052,N,20230221
5943,가평군,가평교통,14732,239000005,현리터미널,239000687,귀목종점,239000123,N,20230221
5944,가평군,가평교통,43,239000006,현리터미널,239000687,청평터미널,239000738,N,20230221
5945,가평군,가평교통,14763,239000007,현리터미널,239000687,독박골,239000939,N,20230221
5946,가평군,가평교통,45076,239000010,청평터미널,239000738,고재,239000496,N,20230221
5947,가평군,가평교통,45015,239000011,청평터미널,239000738,수리재종점,239000179,N,20230221
5948,가평군,가평교통,80,239000012,현리,239000522,광릉내,222001122,N,20230221
5949,가평군,가평교통,45107,239000013,청평터미널,239000738,수목원.종점,239000749,N,20230221
5950,가평군,가평교통,14642,239000014,현리,239000522,봉수리,239000103,N,20230221
5951,가평군,가평교통,44956,239000016,청평터미널,239000738,송천리,239000534,N,20230221
5952,가평군,가평교통,1330-44,239000024,운악산입구,239000117,청량리역환승센터(1번승강장),105000016,N,20230221
5953,가평군,가평교통,18264,239000027,목동터미널,239000272,백둔리종점,239000031,N,20230221
5954,가평군,가평교통,18354,239000028,목동터미널,239000272,건들레.종점,239000776,N,20230221
5955,가평군,가평교통,26665,239000031,청평터미널,239000738,가평터미널,239000282,N,20230221
5956,가평군,가평교통,45203,239000032,가평터미널,239000282,남이섬종점,239000938,N,20230221
5957,가평군,가평교통,12,239000033,가평터미널,239000282,설악터미널,239000621,N,20230221
5958,가평군,가평교통,45205,239000036,가평터미널,239000282,리버파크,500000208,N,20230221
5959,가평군,가평교통,27030,239000038,현리터미널,239000687,불기종점,239000470,N,20230221
5960,가평군,가평교통,14702,239000040,현리터미널,239000687,대보2리종점,239000143,N,20230221
5961,가평군,가평교통,27061,239000041,현리,239000688,연안산입구,239000151,N,20230221
5962,가평군,가평교통,44946,239000044,설악터미널,239000374,영천벌,239000691,N,20230221
5963,가평군,가평교통,45005,239000045,설악터미널,239000374,묵안리종점,239000399,N,20230221
5964,가평군,가평교통,18295,239000046,목동터미널,239000272,싸리재종점,239000261,N,20230221
5965,가평군,가평교통,60-29,239000047,가평터미널,239000282,두밀리종점,239000014,N,20230221
5966,가평군,가평교통,25934,239000048,가평역,239000822,개곡리종점,239000278,N,20230221
5967,가평군,가평교통,25993,239000058,가평터미널,239000282,금대리,239000754,N,20230221
5968,가평군,가평교통,44977,239000065,설악터미널,239000374,유명산종점,239000418,N,20230221
5969,가평군,가평교통,45066,239000068,설악터미널,239000374,미사리종점,239000348,N,20230221
5970,가평군,가평교통,45036,239000072,설악터미널,239000374,모곡,257000015,N,20230221
5971,가평군,가평교통,45137,239000078,청평터미널,239000738,수목원.종점,239000749,N,20230221
5972,가평군,가평교통,23,239000079,설악터미널,239000374,청평터미널,239000210,N,20230221
5973,가평군,가평교통,10990,239000082,청평터미널,239000738,야밀종점,239000520,N,20230221
5974,가평군,가평교통,45206,239000084,가평터미널,239000607,가평역,239000818,N,20230221
5975,가평군,가평교통,26024,239000101,가평역,239000822,용추종점,239000078,N,20230221
5976,가평군,가평교통,8005,239000104,유명산종점,239000685,현대코아,105000199,N,20230221
5977,가평군,가평교통,1330-2,239000110,가평터미널,239000282,현대코아,105000199,N,20230221
5978,가평군,가평교통,1330-4,239000111,현리터미널,239000687,청량리역환승센터(1번승강장),105000016,N,20230221
5979,가평군,가평교통,15,239000112,가평역,239000822,목동터미널,239000270,N,20230221
5980,가평군,가평교통,18323,239000119,목동터미널,239000272,꽃넘이길종점,239000610,N,20230221
5981,가평군,가평교통,60-19,239000120,가평터미널,239000282,제이정동빌라,239000894,N,20230221
5982,가평군,가평교통,22190,239000121,가평터미널,239000282,제이정동빌라,239000004,N,20230221
5983,가평군,가평교통,41,239000129,현리터미널,239000687,가평터미널,239000282,N,20230221
5984,가평군,가평교통,1330-3,239000135,목동터미널,239000270,청량리역환승센터(1번승강장),105000016,N,20230221
5985,가평군,가평교통,45199,239000137,청평터미널,239000738,청평고등학교,239000710,N,20230221
5986,가평군,가평교통,14824,239000138,현리터미널,239000687,귀목종점,239000123,N,20230221
5987,가평군,가평교통,7000,239000139,가평터미널,239000282,잠실역.롯데월드,123000049,N,20230221
5988,가평군,가평교통,7001,239000140,효정매그놀리아국제병원,239000613,잠실역.롯데월드,123000049,N,20230221
5989,가평군,가평교통,7002,239000141,유명산종점,239000685,잠실역.롯데월드,123000049,N,20230221
5990,가평군,가평교통,45168,239000142,청평터미널,239000738,독박골,239000939,N,20230221
5991,가평군,가평교통,25965,239000143,가평터미널,239000282,금대리,239000310,N,20230221
5992,가평군,가평교통,27089,239000144,현리터미널,239000687,불기종점,239000470,N,20230221
5993,가평군,가평교통,45000,239000145,가평역,239000822,꽃넘이길종점,239000610,N,20230221
5994,가평군,가평교통,44941,239000146,가평역,239000822,백둔리종점,239000031,N,20230221
5995,가평군,가평교통,44972,239000147,가평역,239000822,싸리재종점,239000261,N,20230221
5996,가평군,가평교통,45031,239000148,가평역,239000822,건들레.종점,239000776,N,20230221
5997,가평군,가평교통,45061,239000149,가평역,239000822,용수동종점,239000928,N,20230221
5998,가평군,가평교통,44949,239000153,설악터미널,239000374,청평터미널,239000210,N,20230221
5999,가평군,가평교통,60-30,239000154,가평역,239000822,용수동종점,239000052,N,20230221
6000,고양시,서울여객,85,218000001,고양동종점,218000494,송정역(중),115000634,N,20230221
6001,고양시,서울여객,31048,218000002,고양동종점,218000494,송정역(중),115000634,N,20230221
6002,고양시,고양교통,97,218000006,김포대학차고지(경유),277102333,행신역,218000463,N,20230221
6003,고양시,고양교통,1001,218000007,고양공영차고지(경유),277101631,부천소방서.부천대학사거리,210000011,N,20230221
6004,고양시,명성운수,1500,218000010,교하차고지,229001251,CM충무병원,118000524,N,20230221
6005,고양시,명성운수,1100,218000011,고양공영차고지,219000644,숭례문,101000022,N,20230221
6006,고양시,가온누리엠,M7106,218000012,킨텍스제2전시장(경유),277103703,숭례문,101000022,N,20230221
6007,고양시,고양교통,88A,218000018,고양공영차고지(경유),277101631,백석역.고양종합터미널,219000446,N,20230221
6008,고양시,고양교통,88B,218000019,고양공영차고지(경유),277101631,백석역6번출구,219000015,N,20230221
6009,고양시,명성운수,M7129,218000020,능곡역.능곡시장,218000193,숭례문,101000022,N,20230221
6010,고양시,가온누리엠,M7731,218000105,하이파크시티3.5단지,219000667,공덕역1번출구,113000089,N,20230221
6011,고양시,선진버스,60,218000107,동국로삼거리,219000736,중산마을입구.쌍용아파트.실로암병원,219000175,N,20230221
6012,고양시,명성운수,999,218000111,고양종합운동장.일산서구청,219000450,신원중학교,218001296,N,20230221
6013,고양시,가온누리엠,M7646,218000112,송포초교,219000434,영등포소방서.타임스퀘어,118000511,N,20230221
6014,고양시,서울여객,730,218000116,삼송역현대헤리엇아파트,218000365,디지털미디어시티역2번출구,113000202,N,20230221
6015,고양시,명성운수,75,218000125,대화동,219000412,현대백화점,112000176,Y,20230221
6016,고양시,명성운수,11,219000001,성석동,219000339,행신역,218000463,Y,20230221
6017,고양시,명성운수,871,219000004,성석동,219000339,경방타임스퀘어.신세계백화점,118000032,N,20230221
6018,고양시,명성운수,82,219000005,명성운수종점,218001350,신촌오거리.현대백화점(중),113000416,N,20230221
6019,고양시,명성운수,1082,219000006,명성운수종점,218001350,CM충무병원,118000524,N,20230221
6020,고양시,서울여객,55,219000008,킨텍스제2전시장,219000676,양광교회,111000165,N,20230221
6021,고양시,명성운수,1000,219000013,대화동,219000412,숭례문,101000022,Y,20230221
6022,고양시,명성운수,921,219000015,탄현동종점,219000188,신촌오거리.현대백화점(중),113000416,N,20230221
6023,고양시,명성운수,1200,219000016,탄현동종점,219000188,숭례문,101000022,N,20230221
6024,고양시,명성운수,72,219000021,대화동,219000412,현대백화점,112000176,Y,20230221
6025,고양시,명성운수,870,219000023,대화동,219000412,영등포소방서.타임스퀘어,118000511,N,20230221
6026,고양시,명성운수,3300,219000025,대화동,219000412,인천공항3층출국장(T2),161000611,N,20230221
6027,고양시,대원고속,9700,219000026,킨텍스제2전시장(경유),277103703,양재역.서초문화예술회관(중),121000003,N,20230221
6028,고양시,명성운수,1900,219000027,고양공영차고지,219000644,숭례문,101000022,N,20230221
6029,고양시,명성운수,830,229000017,고양공영차고지,219000644,영등포소방서.타임스퀘어,118000511,N,20230221
6030,고양시,명성운수,66,229000018,교하차고지,229001251,모래내시장.가좌역(중),112000006,Y,20230221
6031,고양시,서울여객,333,229000035,서울여객금촌차고지,229001097,구파발역.롯데몰(고양.파주),111001117,N,20230221
6032,고양시,서울여객,790,229000060,고양동종점,218000494,숭례문,101000022,Y,20230221
6033,고양시,서울여객,850,229000063,고양동종점,218000494,행신역,218000463,Y,20230221
6034,고양시,서울여객,799,229000071,서울여객금촌차고지,229001097,광화문.광화문빌딩,100000034,Y,20230221
6035,고양시,명성운수,7101,229000273,팜스프링아파트,229000564,혜화역.마로니에공원,100000124,N,20230221
5887,광주시,대원고속,11689,234000317,추자가압장앞,234001115,중앙시장,204000073,N,20230221
5888,광주시,경기고속,988-1,234000360,양동역,240001061,여주역,237001007,N,20230221
5889,광주시,경기고속,10,234000446,이천터미널,230001441,태평터미널,237000813,Y,20230221
5890,광주시,경기고속,44954,234000448,이천터미널,230001441,장호원터미널,230000250,N,20230221
5891,광주시,경기고속,21,234000470,신일아파트앞,230000585,이천터미널,230000003,N,20230221
5892,광주시,경기고속,947A,234000495,곤지암역,234001162,상품농협앞,237000720,N,20230221
5893,고양시,고양-명보교통,74,241325004,하이파크시티1단지.고양시립덕이도서관,219000671,주엽역(중),219000189,N,20230221
5894,고양시,고양-명보교통,79,241325005,회차(경유),277104417,두신마을마을회관,219001115,N,20230221
5895,고양시,고양-부광운수,70,241326001,청원네이쳐빌,219000817,마두역(중),219000383,N,20230221
5896,고양시,고양-부광운수,78,241326003,고봉초교.중산고교,219000336,백석역6번출구,219000015,N,20230221
5897,고양시,고양-대덕운수,80,241327001,위시티1단지후문.양일초교,219001031,빛마루.이비에스,219001075,N,20230221
5898,고양시,고양-대덕운수,082A,241327002,풍동고.다솜초교.풍동도서관,219001040,원마운트,219000998,N,20230221
5899,고양시,고양-대덕운수,81,241327003,식사동차고지(경유),277102390,풍산역,219001069,N,20230221
5900,고양시,고양-대덕운수,89,241327005,동문굿모닝힐1차오피스텔,219001012,더샵그라비스타.이마트킨텍스점,219000913,N,20230221
5901,고양시,고양-대덕운수,082B,241327007,풍동고.다솜초교.풍동도서관,219001171,원마운트,219000998,N,20230221
5902,고양시,고양-여산교통,53,241328002,추모공원하늘문,218000770,스타필드후문,218001104,N,20230221
5903,고양시,고양-여산교통,52,241328003,차고지대기(경유),277102936,지축LH8단지(임시),218513610,N,20230221
5904,고양시,고양-여산교통,55,241328004,삼성군인아파트,218000499,푸른마을10단지11동앞,218001212,N,20230221
5905,고양시,고양-여산교통,51,241328005,고양초등학교.소방서,218000953,정식암,218000312,N,20230221
5906,고양시,고양-여산교통,33,241328006,중부대학교,218001189,삼송마을11단지.대학생연합생활관,218001324,N,20230221
5907,고양시,고양-성우교통,97,241331001,식사동,219001081,원당역,218001083,N,20230221
5908,고양시,고양-성우교통,98,241331002,동국대병원정문,219000583,원당역,218001083,N,20230221
5909,고양시,고양-성우교통,99,241331003,위시티1단지후문.양일초교,219001031,원당역,218001083,N,20230221
5910,고양시,고양-보은교통,31,241333001,화정역3번출구,218001359,화정역3호선,218000974,N,20230221
5911,고양시,고양-부광운수,34,241334001,사리현동문아파트,219000991,일산역,219000064,N,20230221
5912,고양시,고양-홍성,40,241352001,신원초교.현대8단지,218001097,삼송리슈빌센트럴파크.삼송16단지,218000664,N,20230221
5913,고양시,고양-홍성,043(원당역),241352002,원흥역7번출구,218001052,리스쇼핑.원당시장,218000116,N,20230221
5914,고양시,고양-홍성,42,241352003,호반22단지정문,218001185,호반22단지정문,218001185,N,20230221
5915,고양시,고양-홍성,43,241352004,원흥역7번출구,218001052,원흥역7번출구,218001052,N,20230221
5916,고양시,고양-홍성,45,241352005,용두사거리,218000561,용두사거리,218000561,N,20230221
5917,고양시,고양-홍성,48,241352006,신원초교.현대8단지,218001097,호반21단지.동산초등학교,218001099,N,20230221
5918,고양시,고양-홍성,075A,241352007,삼송16단지.삼송리슈빌센트럴파크,218000665,디지털미디어시티역,111000220,N,20230221
5919,고양시,고양-홍성,47,241352008,신원마을7단지,218000175,원흥역1번출구.방송통신대,218000697,N,20230221
5920,고양시,고양-홍성,075B,241352009,세원마을입구,218000151,디지털미디어시티역,111000220,N,20230221
5921,고양시,고양-홍성,46,241352010,이케아.롯데아울렛고양점,218001325,동산마을체육공원,218000329,N,20230221
5922,고양시,고양-홍성,041B,241352011,삼송동일스위트2차아파트,218001333,삼송역5번출구,218000284,N,20230221
5923,고양시,고양-홍성,075A(향동),241352012,DMC두산위브더퍼스트,218000356,디지털미디어시티역,111000220,N,20230221
5924,고양시,고양-백마운수,87,241486001,설문동,219000827,밤가시마을,219000112,N,20230221
5925,과천시,과천여객,6,220000012,과천시청,220000054,양재역.양재1동민원분소,121000194,Y,20230221
5926,과천시,과천여객,8,220000022,과천시청,220000054,과천시청,220000053,N,20230221
5927,과천시,과천여객,45139,220000023,과천시청,220000054,과천시청,220000053,N,20230221
5928,과천시,과천여객,7,220000024,과천시청,220000054,과천제이드자이,220000083,N,20230221
5929,과천시,과천-과천운수,1,241329003,과천시문원도서관.문원동버스종점,220000109,과천시문원도서관.문원동버스종점,220000073,N,20230221
5930,과천시,과천-과천운수,2,241329004,과천시문원도서관.문원동버스종점,220000109,과천시문원도서관.문원동버스종점,220000073,N,20230221
5931,과천시,과천-과천운수,3,241329005,과천시청,220000054,갈현초등학교,220000116,N,20230221
5932,과천시,과천-과천운수,5,241329007,과천시청,220000054,과천제이드자이,220000083,N,20230221
5933,광명시,보영운수,G9633,208000066,석수동버스공영차고지(경유),277102421,양재역9번출구,121000970,Y,20230221
6036,고양시,고양교통,96,232000003,식사동차고지(경유),277102500,강화산성서문,169000080,N,20230221
6037,고양시,고양교통,95,232000004,식사동차고지(경유),277102500,이케아.롯데아울렛고양점,218001326,N,20230221
6038,고양시,고양-고양도시관리공사,N001,241210001,백석역3번출구,219000162,세대산전입구,219001009,N,20230221
6039,고양시,고양-고양도시관리공사,N003,241210003,킨텍스,219000673,일산동구청.퀸타운호텔,219000956,N,20230221
6040,고양시,고양-고양도시관리공사,N004,241210004,고봉동행정복지센터,219000077,일산시장,219001143,N,20230221
6041,고양시,고양-고양도시관리공사,N005,241210005,필리핀참전비,218000826,필리핀참전비,218000825,N,20230221
6042,고양시,고양-고양도시관리공사,N006,241210006,지축역,218001179,신원중학교,218001296,N,20230221
6043,고양시,고양-고양도시관리공사,N007,241210007,강선마을13단지,219000531,강선마을13단지,219000531,N,20230221
6044,고양시,고양-하나교통,017A,241227002,백마역,219000044,원당역,218001083,N,20230221
6045,고양시,고양-하나교통,19,241227003,원당역,218001083,우인아파트,218000948,N,20230221
6046,고양시,고양-하나교통,017B,241227004,한울하임,219000516,동국대병원정문,219000583,N,20230221
6047,고양시,고양-관산운수,25,241293001,삼송역8번출구,218001200,종점,218000803,N,20230221
6048,고양시,고양-관산운수,26,241293002,안골삼거리,218000837,삼송역8번출구,218001200,N,20230221
6049,광주시,대원고속,38-84,234001522,광주시축협,234000269,성덕4리응달말,240000742,N,20230221
6050,광주시,대원고속,34-16,234001524,출발(경유),277102748,광주공원앞,234000724,N,20230221
6051,광주시,대원고속,11720,234001526,출발(경유),277102748,광남중학교.광남고등학교.청소년수련관.태전지웰,234001135,N,20230221
6052,광주시,대원고속,912-5,234001540,하동,237000327,프레미엄아울렛,237001218,N,20230221
6053,광주시,대원고속,930-4A,234001542,여주역,237001007,태평터미널,237000813,N,20230221
6054,광주시,대원고속,930-4B,234001543,태평터미널,237000813,여주역,237001007,N,20230221
6055,광주시,경기고속,930-4,234001544,여주역,237001007,태평터미널,237000813,N,20230221
6056,광주시,경기고속,930-8,234001545,여주역,237001007,태평터미널,237000813,N,20230221
6057,광주시,경기고속,981-5,234001548,여주역,237001007,도전1리,237000122,N,20230221
6058,광주시,대원고속,950-3,234001550,여주역,237001007,내양1리종점,237000348,N,20230221
6059,광주시,대원고속,950B,234001551,내양1리종점,237000348,여주역,237001007,N,20230221
6060,광주시,경기고속,981-4,234001553,여주역,237001007,도전1리,237000122,N,20230221
6061,광주시,경기고속,918-7,234001557,여주역,237001007,이편한세상아파트,237001436,N,20230221
6062,광주시,이천시내버스,24-47,234001559,이천역,230001276,지석리입구.반석아르미아파트,230000318,N,20230221
6063,광주시,대원고속,912-4,234001560,하동,237000327,상거동,237000269,N,20230221
6064,광주시,경기고속,14154,234001564,출발(경유),277102748,광주시축협,234000269,N,20230221
6065,광주시,경기고속,44939,234001565,경기광주역,234001173,태전효성해링턴플레이스,234000646,N,20230221
6066,광주시,경기고속,38-26,234001572,수청1리,234000606,퇴촌농협,234000141,N,20230221
6067,광주시,경기고속,38-52,234001573,수청1리,234000606,하남시버스환승공영차고지.검단산입구,227000261,N,20230221
6068,광주시,대원고속,38-53,234001575,광주시축협,234000269,팔당댐.배알미,227000042,N,20230221
6069,광주시,경기고속,17-1A,234001578,광주차고지,234000600,숭신여자중고교.래미안금광아파트,205000068,N,20230221
6070,광주시,대원고속,45261,234001582,이천터미널,230000205,청강문화산업대,230000224,N,20230221
6071,광주시,대원고속,45262,234001583,이천터미널,230000205,청강문화산업대,230000224,N,20230221
6072,광주시,대원고속,45263,234001584,이천터미널,230000205,청강문화산업대,230000224,N,20230221
6073,광주시,대원고속,901,234001587,세종여주병원,237000328,여주역,237001007,Y,20230221
6074,광주시,경기고속,902,234001588,여주역,237001007,프레미엄아울렛,237001218,N,20230221
6075,광주시,경기고속,44948,234001590,출발(경유),277102748,직동,234000447,N,20230221
6076,광주시,대원고속,14185,234001592,퇴촌농협,234000164,천진암,234000153,N,20230221
6077,광주시,대원고속,44949,234001593,광주하남교육청,234000466,광주시축협,234000269,N,20230221
6078,광주시,대원고속,38-85,234001594,퇴촌농협,234000164,구룡동앞,234000885,N,20230221
6079,광주시,대원고속,35-31,234001595,광주시축협,234000269,보건소.공설운동장,234000259,N,20230221
6080,광주시,대원고속,35-33,234001596,광주시축협,234000269,삼동종점,234000951,N,20230221
6081,광주시,대원고속,903,234001597,여주역,237001007,이편한세상아파트,237001436,Y,20230221
6082,광주시,대원고속,950-1,234001603,여주역,237001007,내양1리종점,237000348,N,20230221
6083,광주시,대원고속,500-1A,234001609,동원대학교,234000604,잠실광역환승센터,123000611,N,20230221
6084,광주시,경기고속,3,234001618,광주차고지,234000600,태전동쌍용아파트,234001197,N,20230221
6085,광주시,경기고속,37-21,234001620,곤지암터미널,234000943,마장중학교,230000122,N,20230221
6187,광주시,광주-광주도시관리공사,광주9,241229009,곤지암생활체육공원,234001244,화담숲,234001239,N,20230221
6188,광주시,광주-광주도시관리공사,광주10,241229010,곤지암생활체육공원,234001244,e편안세상아파트,234001027,N,20230221
6189,광주시,광주-광주도시관리공사,광주11,241229011,광주시차량등록사업소,234000733,행복한어린이집,234001235,N,20230221
6190,광주시,광주-광주도시관리공사,광주12,241229012,광주시차량등록사업소,234000733,천진암,234000153,N,20230221
6191,광주시,광주-광주도시관리공사,광주14,241229014,광주시차량등록사업소,234000733,매산1리.부대앞,234000978,N,20230221
6192,구리시,경기여객,78,207000080,갈매역,221000217,강변역(B),104000280,N,20230221
6193,구리시,경기여객,75,221000032,갈매역,221000217,석계역1번출구A,110000183,N,20230221
6194,구리시,경기여객,1680,221000033,갈매역,221000217,잠실광역환승센터,123000611,N,20230221
6195,구리시,경기여객,27395,221000034,갈매역,221000217,지하철6호선화랑대역,106000200,N,20230221
6196,구리시,경기여객,G1690,221000035,갈매역,221000217,잠실광역환승센터,123000611,N,20230221
6197,구리시,경기여객,93,222000026,대성리,239000682,강변역(A),104000183,N,20230221
6198,구리시,경기여객,51,222000050,센트럴.한화아파트,222001608,경동시장앞,105000081,N,20230221
6199,구리시,경기여객,95,222000052,다산차고지,222001920,강변역(B),104000280,Y,20230221
6200,구리시,경기여객,96,234000029,다산차고지,222001920,강변역(B),104000280,N,20230221
6201,구리시,경기여객,1115-6,234000031,농수산물시장,221000264,잠실광역환승센터,123000611,N,20230221
6202,구리시,경기여객,15,234000035,연대농장입구.도곡리종점,222000267,강변역(A),104000183,N,20230221
6203,구리시,경기여객,1650,234000050,구리수택차고지,221000046,안양역,208000069,N,20230221
6204,구리시,경기여객,92,234000058,광릉내,222001122,강변역(B),104000280,N,20230221
6205,구리시,구리-경기여객,7,241241001,구종점,221000041,구리역.롯데백화점,221000303,N,20230221
6206,구리시,구리-구일교통,6,241338001,한진그랑빌아파트후문,221000321,구리타워,221000290,N,20230221
6207,구리시,구리-구일교통,45078,241338002,한진그랑빌아파트후문,221000321,신명.동양아파트.목양교회,221000276,N,20230221
6208,구리시,구리-구일교통,45079,241338003,딸기원서문,221000061,구리역.롯데백화점,221000303,N,20230221
6209,구리시,구리-미래교통,2,241339001,LG원앙.한성아파트,221000102,갈매역,221000154,N,20230221
6210,구리시,구리-미래교통,44959,241339004,구리역.롯데백화점,221000304,삼육대앞,110000055,N,20230221
6211,구리시,구리-미래교통,45108,241339005,수택고등학교정문,221000310,구리역.롯데백화점,221000303,N,20230221
6212,구리시,구리-행복운수,5,241340001,아름마을삼성아파트,221000282,돌섬마을,221000312,N,20230221
6213,구리시,구리-행복운수,45047,241340004,아름인창래미안아파트5단지,221000034,새음교회,221000358,N,20230221
6214,구리시,구리-행복운수,8,241340005,개나리아파트,221000281,토평도서관.e편한세상아파트,221000040,N,20230221
6215,군포시,보영운수,3030,208000027,군포보건소,225000010,신사역8번출구.가로수길,122000008,N,20230221
6216,군포시,군포여객,100,225000004,초막골공원,225000422,의왕역2번출구,226000080,Y,20230221
6217,군포시,군포여객,100-1,225000005,납덕골,225000289,의왕역2번출구,226000080,Y,20230221
6218,군포시,산본여객,31,225000006,부곡버스공영차고지,225000194,산본2동행정복지센터,225000071,Y,20230221
6219,군포시,산본여객,30,225000009,군포복합화물터미널,225000257,금정역,225000115,Y,20230221
6220,군포시,산본여객,32A,225000010,군포복합화물터미널,225000257,금정역,225000115,Y,20230221
6221,군포시,산본여객,32B,225000011,군포복합화물터미널,225000257,은혜공원,225000343,Y,20230221
6222,군포시,경기고속,6501,234001163,부곡공영차고지(경유),277102715,강남역우리은행,121000974,N,20230221
6223,군포시,군포-오성교통,5,241381001,당정역,225000313,한라2차아파트입구,225000140,N,20230221
6224,군포시,군포-오성교통,10,241381002,대원칸타빌,225000316,당정역,225000312,N,20230221
6225,군포시,군포-오성교통,11,241381003,한우물근린공원,225000456,군포초등학교,225000042,N,20230221
6226,군포시,군포-군포운수,9,241382001,기점대기(경유),277102530,금정역,225000007,N,20230221
6227,군포시,군포-군포운수,1,241382002,5단지가야아파트,225000403,금정역,225000011,N,20230221
6228,군포시,군포-군포운수,6,241382003,현대아이파크,225000306,금정역,225000007,N,20230221
6229,군포시,군포-군포운수,45078,241382004,둔터.반월호수,225000292,군포시청.산본역,225000089,N,20230221
6230,군포시,군포-군포운수,7,241382005,대야미역,225000188,군포시청.산본역,225000116,N,20230221
6231,군포시,군포-군포운수,44928,241382006,대야미역,225000198,군포부곡도서관,225000231,N,20230221
6232,군포시,군포-군포운수,44927,241382008,군포보건소,225000192,군포공영차고지,225000181,N,20230221
6233,군포시,군포-사랑교통,3,241383001,당정역,225000234,금정역,225000007,N,20230221
6234,군포시,군포-사랑교통,44986,241383002,당정역,225000234,금강아파트,225000084,N,20230221
6332,광주시,경기고속,12420,234000824,출발(경유),277102748,광주공원앞,234000923,N,20230221
6333,광주시,경기고속,12086,234000829,출발(경유),277102748,삼동종점,234000951,N,20230221
6334,광주시,경기고속,44943,234000849,광주차고지,234000600,숭신여자중고교.래미안금광아파트,205000068,N,20230221
6335,광주시,경기고속,11355,234000850,경기광주역,234001173,모란역6.7번출구,205000020,N,20230221
6336,광주시,경기고속,988-3,234000860,여주역,237001007,양동역,240001061,N,20230221
6337,광주시,경기고속,988-2,234000861,여주역,237001007,양동역,240001061,N,20230221
6338,광주시,경기고속,989-3,234000862,여주역,237001007,양동역,240001061,N,20230221
6339,광주시,경기고속,14093,234000901,광주시축협,234000269,항금리.문화마을,240000421,N,20230221
6340,광주시,경기고속,35-32,234000929,광주터미널입구(경유),277101717,선동리.미니마트,234000115,N,20230221
6341,광주시,대원고속,38-51,234000956,광주시축협,234000269,팔당댐.배알미,227000042,N,20230221
6342,광주시,경기고속,44947,234000960,광주하남교육청,234000466,직동,234000447,N,20230221
6343,광주시,경기고속,14246,234000996,동원대학교,234000604,곤지암읍행정복지센터,234001076,N,20230221
6344,광주시,경기고속,114-1,234000997,곤지암터미널,234000910,터미널신둔홈,230000251,N,20230221
6345,광주시,경기고속,13332,234000998,곤지암터미널,234000910,부항2리종점,234000875,N,20230221
6346,광주시,경기고속,14397,234001001,곤지암터미널,234000943,도척성당,234000808,N,20230221
6347,광주시,경기고속,13547,234001003,곤지암터미널,234000943,마장우체국,230001280,N,20230221
6348,광주시,경기고속,13575,234001007,곤지암터미널,234000943,추곡리종점,234000785,N,20230221
6349,광주시,경기고속,37-32,234001008,곤지암터미널,234000943,추곡리종점,234000785,N,20230221
6350,광주시,경기고속,14336,234001009,곤지암터미널,234000943,방도2리회관,234000788,N,20230221
6351,광주시,경기고속,13394,234001010,곤지암터미널,234000910,만선삼거리,234000220,N,20230221
6352,광주시,경기고속,13302,234001011,곤지암터미널,234000910,중열미종점,234000780,N,20230221
6353,광주시,경기고속,14366,234001012,곤지암터미널,234000943,방도2리회관,234000788,N,20230221
6354,광주시,경기고속,14427,234001013,곤지암터미널,234000943,도척성당,234000808,N,20230221
6355,광주시,경기고속,13424,234001014,건업리마을회관,234001157,곤지향어울림마당,234000977,N,20230221
6356,광주시,대원고속,38-22,234001015,퇴촌농협,234000141,수청1리,234000606,N,20230221
6357,광주시,경기고속,38-23,234001016,퇴촌농협,234000141,수청1리,234000606,N,20230221
6358,광주시,경기고속,38-21,234001017,광주시축협,234000269,수청1리,234000606,N,20230221
6359,광주시,대원고속,13881,234001018,광주시축협,234000269,천진암,234000153,N,20230221
6360,광주시,경기고속,14215,234001019,퇴촌농협,234000164,천진암,234000153,N,20230221
6361,광주시,경기고속,38-42,234001021,경기광주역,234001173,퇴촌농협,234000164,N,20230221
6362,광주시,경기고속,38-81,234001022,도수교,234000665,항금리.문화마을,240000421,N,20230221
6363,광주시,경기고속,38-82,234001023,도수교,234000665,항금리.문화마을,240000421,N,20230221
6364,광주시,경기고속,35-35,234001025,광주대로(경유),277101685,초월초등학교,234000107,N,20230221
6365,광주시,경기고속,38-14,234001027,천진암,234000153,광주크리닉센터,234001063,N,20230221
6366,광주시,경기고속,12816,234001028,보건소.공설운동장,234000259,무갑리,234000091,N,20230221
6367,광주시,경기고속,35-21,234001029,경기광주역,234001173,무갑리,234000091,N,20230221
6368,광주시,경기고속,35,234001030,보건소.공설운동장,234000259,현산마을,234001032,N,20230221
6369,광주시,경기고속,35-36,234001034,광주터미널입구(경유),277101717,금강아파트,234000187,N,20230221
6370,광주시,대원고속,34,234001040,보건소.공설운동장,234000259,봉골종점,234001038,N,20230221
6371,광주시,경기고속,13271,234001042,곤지암터미널,234000910,안성골,234000772,N,20230221
6372,광주시,경기고속,36-51,234001043,곤지암터미널,234000910,장심리종점,234000767,N,20230221
6373,광주시,경기고속,37-31,234001044,곤지암터미널,234000943,추곡리종점,234000785,N,20230221
6374,광주시,경기고속,945,234001046,곤지암역,234001162,양평터미널,240000072,N,20230221
6375,광주시,경기고속,946,234001047,곤지암역,234001162,양평터미널,240000072,N,20230221
6376,광주시,대원고속,34-13,234001051,광주공원앞,234000724,보건소.공설운동장,234000258,N,20230221
6377,광주시,경기고속,14277,234001056,곤지암터미널,234000943,신대리입구,234001129,N,20230221
6378,광주시,경기고속,14458,234001057,곤지암터미널,234000943,도척성당,234000808,N,20230221
6379,광주시,경기고속,13363,234001059,곤지암터미널,234000910,삼합리.고개,234001192,N,20230221
6380,광주시,대원고속,45226,234001102,장호원초등학교,230000056,산성리,230000602,N,20230221
6381,광주시,대원고속,45257,234001103,장호원초등학교,230000056,산양1리,230000808,N,20230221
6382,광주시,대원고속,27-20,234001104,장호원초등학교,230000056,석산1리,230000779,N,20230221
6383,광주시,대원고속,27-21,234001105,장호원초등학교,230000056,석산3리,230000604,N,20230221
6384,광주시,대원고속,27-30,234001106,장호원초등학교,230000056,산성리,230000602,N,20230221
6385,광주시,대원고속,27-40,234001107,총곡1리,230001297,산양2리,230001072,N,20230221
6386,광주시,대원고속,29-50,234001108,장호원터미널,230000101,이황4리,230001004,N,20230221
6387,광주시,대원고속,12175,234001118,송정대주아파트,234000823,e편안세상아파트,234000962,N,20230221
6388,광주시,경기고속,38-43,234001122,경기광주역,234001173,천진암,234000153,N,20230221
6389,광주시,대원고속,12875,234001145,출발(경유),277102748,팔당댐.배알미,227000042,N,20230221
6390,광주시,대원고속,12966,234001146,출발(경유),277102748,광주시축협,234000269,N,20230221
6391,광주시,대원고속,35-27,234001148,광주시축협,234000269,무갑리,234000091,N,20230221
6392,광주시,대원고속,35-25,234001149,서하리,234000101,보건소.공설운동장,234000259,N,20230221
6393,광주시,대원고속,35-26,234001150,광주시축협,234000269,무갑리,234000091,N,20230221
6394,광주시,대원고속,38-24,234001153,광주시축협,234000269,보건소.공설운동장,234000259,N,20230221
6395,광주시,대원고속,12754,234001158,보건소.공설운동장,234000259,광주공원앞,234000923,N,20230221
6396,광주시,경기고속,14550,234001161,곤지암터미널,234000943,시어골,234000889,N,20230221
6397,광주시,경기고속,36-72,234001166,곤지암터미널,234000910,봉현리종점,234000880,N,20230221
6398,광주시,대원고속,1113-10,234001203,동원대학교,234000604,테크노마트앞.강변역(D),104000069,N,20230221
6399,광주시,대원고속,1113-11,234001204,동원대학교,234000604,테크노마트앞.강변역(D),104000069,N,20230221
6400,광주시,대원고속,45170,234001232,산성역.포레스티아동문,204000084,남한산성(종점),234000460,N,20230221
6401,광주시,경기고속,44946,234001239,출발(경유),277102748,직동,234000447,N,20230221
6402,광주시,대원고속,M7412,234001241,중산마을2단지.해태쇼핑.코오롱아파트,219000179,신분당선강남역(중),121000009,N,20230221
6403,광주시,대원고속,9600,234001244,위시티3.4단지,219000706,강남역12번출구,122000181,N,20230221
6404,광주시,경기고속,36-14,234001247,곤지암터미널,234000910,만선삼거리,234000220,N,20230221
6405,광주시,경기고속,36-13,234001248,곤지암터미널,234000910,건업리마을회관,234001157,N,20230221
6406,광주시,경기고속,14489,234001249,곤지암터미널,234000943,도척성당,234000808,N,20230221
6407,광주시,경기고속,14519,234001250,곤지암터미널,234000943,도척성당,234000807,N,20230221
6408,광주시,경기고속,949,234001252,양평터미널,240000076,상품3거리,237001139,N,20230221
6409,광주시,대원고속,38-83,234001253,광주시축협,234000269,구룡동앞,234000885,N,20230221
6410,광주시,경기고속,38-19,234001254,경기광주역,234001173,퇴촌농협,234000141,N,20230221
6411,광주시,대원고속,522,234001257,서현역.AK플라자,206000299,수레실.능평1리마을회관,234001079,N,20230221
6412,광주시,경기고속,987-2,234001274,여주역,237001007,(구)용문터미널.용문역입구,240000134,N,20230221
6413,광주시,경기고속,35-20,234001279,쌍동리마을회관,234001098,한신마을입구,234001002,N,20230221
6414,광주시,대원고속,21-16,234001282,신일아파트앞,230000585,현대사원아파트,230000210,N,20230221
6415,광주시,경기고속,M5115,234001286,상현역,203000287,서울역버스환승센터(6번승강장)(중),101000006,N,20230221
6416,광주시,경기고속,45002,234001291,광주하남교육청,234000466,봉골종점,234000865,N,20230221
6417,광주시,대원고속,911-1,234001292,여주역,237001007,평장,237000946,N,20230221
6418,광주시,대원고속,911-2,234001293,여주역,237001007,천송3통마을회관,237000158,N,20230221
6419,광주시,대원고속,912,234001294,하동,237000327,프레미엄아울렛,237001218,Y,20230221
6420,광주시,대원고속,913,234001296,여주역,237001007,멱곡1통,237001197,N,20230221
6421,광주시,대원고속,915,234001297,여주역,237001007,황학산수목원,237001289,N,20230221
6422,광주시,경기고속,918-1,234001299,하동제일시장,237001368,현진아파트.단지내,237000973,N,20230221
6423,광주시,경기고속,930,234001303,여주역,237001007,태평터미널,237000813,N,20230221
6424,광주시,경기고속,930-1,234001304,여주역,237001007,태평터미널,237000813,N,20230221
6425,광주시,경기고속,916,234001314,하동제일시장,237001368,상우아파트단지내,237000242,N,20230221
6426,광주시,경기고속,917,234001315,하동제일시장,237001368,호반리젠시빌,237000616,N,20230221
6427,광주시,대원고속,M5422,234001318,삼성전자중앙문,203000023,강남역나라빌딩앞,121000921,N,20230221
6428,광주시,대원고속,995,234001371,여주역,237001007,걸은3리,237000225,N,20230221
6429,광주시,경기고속,935,234001373,여주역,237001007,태평터미널,237000813,N,20230221
6430,광주시,대원고속,924,234001375,여주역,237001007,태평터미널,237000813,Y,20230221
6431,광주시,대원고속,952-1,234001379,여주역,237001007,양거리,237000808,N,20230221
6432,광주시,대원고속,924-1,234001380,여주역,237001007,태평터미널,237000813,N,20230221
6433,광주시,대원고속,952-2,234001387,여주역,237001007,양거리,237001108,N,20230221
6235,군포시,군포-행복운수,2,241384001,계룡.한양아파트,225000390,금정역3번출구,225000195,N,20230221
6236,군포시,군포-행복운수,12,241384002,당정역,225000234,삼성마을5단지아파트입구,225000419,N,20230221
6237,김포시,선진버스,M7119,218000015,위시티3.4단지,219000706,숭례문,101000022,N,20230221
6238,김포시,김포운수,9008,232000005,휴먼시아9단지,232000967,부천소방서.부천대학사거리,210000011,N,20230221
6239,김포시,김포운수,1002,232000006,완정사거리,168000561,시청.서소문청사,101000038,Y,20230221
6240,김포시,김포운수,8000,232000007,대명항,232000629,경방타임스퀘어.신세계백화점,118000025,N,20230221
6241,김포시,선진버스,81,232000009,구래리차고지,232000647,신동양아파트,167000203,N,20230221
6242,김포시,선진버스,841,232000014,김포차량등록사업소,232000465,이마트,167000125,N,20230221
6243,김포시,선진버스,53,232000015,한강센트럴자이,232000818,한강센트럴자이,232000631,N,20230221
6244,김포시,김포운수,60,232000017,단봉초등학교,168000380,경방타임스퀘어.신세계백화점,118000025,Y,20230221
6245,김포시,김포운수,21976,232000025,대명항,232000629,경방타임스퀘어.신세계백화점,118000025,N,20230221
6246,김포시,선진상운,2,232000028,귀전리차고지,232000981,송정역(중),115000634,Y,20230221
6247,김포시,선진상운,88,232000029,강화터미널,169000096,영등포시장,118000035,Y,20230221
6248,김포시,선진버스,102,232000031,풍년마을,232000479,군하리.한우마을,232000131,Y,20230221
6249,김포시,선진버스,101,232000032,풍년마을,232000479,군하리.한우마을,232000096,Y,20230221
6250,김포시,선진버스,83,232000035,사우역.김포고(김포초교방면),232000968,하나가든,232000193,N,20230221
6251,김포시,선진버스,31413,232000039,신양중학교,232000635,박마1길,232000223,N,20230221
6252,김포시,김포운수,8600,232000047,휴먼시아9단지,232000967,시청.서소문청사,101000038,N,20230221
6253,김포시,선진버스,90,232000056,강화터미널,169000096,부평역,166000234,Y,20230221
6254,김포시,선진상운,3000,232000061,강화터미널,169000096,신촌오거리.2호선신촌역(중),113000419,N,20230221
6255,김포시,선진버스,29587,232000065,학운2리마을회관,232000203,롯데마트계양점.고용복지센터,167000424,N,20230221
6256,김포시,선진상운,388,232000067,한라비발디,232000764,석수역(중),208000037,N,20230221
6257,김포시,김포운수,M6117,232000071,양곡터미널,232000810,서울역,101000250,N,20230221
6258,김포시,김포운수,8601,232000072,한강센트럴블루힐.모아엘가2차,232000718,시청.서소문청사,101000038,N,20230221
6259,김포시,김포운수,1004,232000073,완정사거리,168000561,시청.서소문청사,101000038,N,20230221
6260,김포시,김포운수,M6427,232000075,양곡터미널,232000810,신분당선강남역(중),121000009,N,20230221
6261,김포시,선진버스,33,232000076,고다니마을9단지,232000710,일산동구청(중),219000356,Y,20230221
6262,김포시,김포운수,6427,232000081,한가람마을우미린.호수이편한세상,232000704,신분당선강남역(중),121000009,N,20230221
6263,김포시,김포운수,1,232000082,학운5리마을회관,232000573,사우역.김포고,232000362,N,20230221
6264,김포시,김포운수,44927,232000083,차고지(경유),277102722,애기봉입구,232000127,N,20230221
6265,김포시,선진상운,3,232000087,군하리,232000603,김포보건소,232000062,N,20230221
6266,김포시,선진상운,44986,232000088,군하리,232000603,대명항,232000530,N,20230221
6267,김포시,선진버스,32874,232000089,학운2산업단지공원,232000397,완정역,168000673,Y,20230221
6268,김포시,김포운수,G6000,232000090,수자인.호반아파트,232000722,서강대학교,113000079,N,20230221
6269,김포시,선진버스,7000,232000092,금성백조예미지,232000847,당산역,118000091,N,20230221
6270,김포시,김포운수,G6001,232000094,호수마을5단지.호반베르디움2차,232000823,당산역,118000091,N,20230221
6271,김포시,선진버스,21,232000095,구래리차고지,232000647,롯데몰.김포공항역,115000617,N,20230221
6272,김포시,김포운수,4,232000096,양촌읍행정복지센터,232000666,학운2산업단지공원,232000279,N,20230221
6273,김포시,김포운수,45017,232000097,양곡터미널,232000810,하늘빛마을,232000734,N,20230221
6274,김포시,선진버스,9000,232000099,구터미널종점,232000481,인천공항3층출국장(T2),161000611,N,20230221
6275,김포시,선진상운,7,232000100,군하리,232000603,김포보건소,232000062,N,20230221
6276,김포시,선진상운,45109,232000102,군하리,232000603,구래역,232000725,N,20230221
6277,김포시,선진버스,7100,232000103,구래리차고지,232000647,당산역,118000091,N,20230221
6278,김포시,김포운수,이음1,232000105,양곡터미널(경유),277102724,서울역,101000250,N,20230221
6279,김포시,김포운수,이음2,232000106,양곡터미널(경유),277102724,신분당선강남역(중),121000009,N,20230221
6280,김포시,김포운수,45018,232000108,양촌읍행정복지센터,232000666,학운2산업단지공원,232000279,N,20230221
6281,김포시,선진버스,12055,232000109,유현마을.신동아아파트,232000349,일산동구청(중),219000356,Y,20230221
6282,김포시,선진상운,G6003,232000111,매수리마을,232000813,당산역,118000091,N,20230221
6283,김포시,선진버스,82,232000112,북변환승센터.구터미널,232000580,계양역,167000358,Y,20230221
6284,김포시,선진상운,8,232000113,화성파크드림.KCC스위첸,232000748,운양역,232000727,Y,20230221
6285,김포시,선진상운,45139,232000114,화성파크드림.KCC스위첸,232000748,구래리차고지,232000647,Y,20230221
6286,김포시,선진상운,45140,232000115,화성파크드림.KCC스위첸,232000748,고창마을.KCC,232000709,Y,20230221
6287,김포시,김포운수,G6002,232000116,유현마을.신동아아파트,232000349,경방타임스퀘어.신세계백화점,118000025,N,20230221
6288,김포시,김포운수,G6004,232000117,금빛마을.자연앤아파트,232000622,모래내시장.가좌역(중),112000005,N,20230221
6289,김포시,김포운수,G6005,232000118,홈플러스.산림조합,232000037,시청.서소문청사,101000038,N,20230221
6290,김포시,선진상운,70,232000121,걸포마루공원,232001107,롯데몰.김포공항역,115000617,Y,20230221
6291,김포시,선진버스,2000,232000122,김포차량등록사업소,232000465,이대후문(중),112000016,N,20230221
6292,김포시,김포-대진교통,54,241275001,장기역5번출구,232000691,사우역.김포고,232000362,N,20230221
6293,김포시,김포-대진교통,55,241275002,건영아파트,232000873,전원마을3단지.KCC스위첸,232000745,N,20230221
6294,김포시,김포-대진교통,55A,241275003,건영아파트,232000873,메트로자이2단지,232000071,N,20230221
6295,김포시,김포-대진교통,35,241275004,한강센트럴자이,232000818,한강센트럴자이,232000818,N,20230221
6296,김포시,김포-대진교통,36,241275005,한강센트럴자이,232000631,한강센트럴자이,232000631,N,20230221
6297,김포시,김포-한강교통,31,241351002,구래역,232000724,군하리,232000602,N,20230221
6298,김포시,김포-한강교통,한강이음1,241351012,자이더빌리지4단지,232000990,한신더휴테라스,232000828,N,20230221
6299,김포시,김포-한강교통,한강이음1-1,241351013,자이더빌리지4단지,232000990,운양역,232000727,N,20230221
6300,김포시,김포-한강교통,10,241351016,힐스테이트리버시티1단지정문,232000070,고촌역,232000356,N,20230221
6301,김포시,김포-금파산업,52,241460001,센트럴헤센아파트,232000891,길훈아파트,232000917,N,20230221
6302,김포시,김포-금파산업,52A,241460002,센트럴헤센아파트,232000891,길훈아파트,232000917,N,20230221
6303,김포시,김포-금파산업,52B,241460003,센트럴헤센아파트,232000891,길훈아파트,232000917,N,20230221
6304,김포시,김포-금파산업,20,241460009,힐스테이트리버시티2단지정문,232000059,사우고.김포시청,232000427,N,20230221
6305,김포시,김포-금파산업,20A,241460010,힐스테이트리버시티2단지정문,232000059,김포아트홀,232000575,N,20230221
6306,김포시,김포-금파산업,20N,241460011,힐스테이트리버시티2단지정문,232000059,풍무역,232000429,N,20230221
6307,김포시,김포-금파산업,52N,241460012,센트럴헤센아파트,232000891,걸포북변역.국민연금공단,232000673,N,20230221
6308,김포시,김포-금파산업,19025,241460013,센트럴헤센아파트,232000891,걸포북변역.국민연금공단,232000605,N,20230221
6309,김포시,김포-고촌교통,17,241461001,소준,232514000,신동,232000862,N,20230221
6310,김포시,김포-고촌교통,16,241461002,아라뱃길.김포터미널,232000703,개화역광역환승센터,115000320,N,20230221
6311,광주시,경기고속,44941,234000505,경기광주역,234001173,남한산성(종점),234000460,N,20230221
6312,광주시,대원고속,45163,234000512,장호원터미널,230000249,송림리,237000427,N,20230221
6313,광주시,대원고속,45075,234000514,장호원터미널,230000101,왜골.와현1리,230001002,N,20230221
6314,광주시,대원고속,45106,234000517,장호원터미널,230000101,나래2리(종점),230001135,N,20230221
6315,광주시,대원고속,45136,234000519,장호원터미널,230000101,선읍2리,230000555,N,20230221
6316,광주시,대원고속,45167,234000521,장호원터미널,230000101,신필2리,230001145,N,20230221
6317,광주시,대원고속,45041,234000530,장호원초등학교,230000056,오남리종점,230001035,N,20230221
6318,광주시,대원고속,25-41,234000531,장호원초등학교,230000056,오남리종점,230001035,N,20230221
6319,광주시,대원고속,45071,234000533,장호원초등학교,230000056,어석리,230000752,N,20230221
6320,광주시,대원고속,27,234000538,장호원초등학교,230000056,산성리,230000602,N,20230221
6321,광주시,대원고속,44953,234000540,장호원초등학교,230000056,산성리,230000602,N,20230221
6322,광주시,대원고속,44984,234000542,장호원초등학교,230000056,석산3리,230000604,N,20230221
6323,광주시,대원고속,45012,234000544,장호원초등학교,230000056,산성리,230000602,N,20230221
6324,광주시,대원고속,27-31,234000545,산성리,230000602,고당3리,230000766,N,20230221
6325,광주시,대원고속,45043,234000547,장호원초등학교,230000056,총곡1리,230001297,N,20230221
6326,광주시,경기고속,12785,234000553,보건소.공설운동장,234000259,학동1리마을회관,234000740,N,20230221
6327,광주시,경기고속,12844,234000556,광주시축협,234000269,금강아파트,234000187,N,20230221
6328,광주시,경기고속,12905,234000586,광주시축협,234000269,서하리,234001021,N,20230221
6329,광주시,경기고속,13912,234000798,광주시축협,234000269,수청1리,234000606,N,20230221
6330,광주시,경기고속,38,234000805,광주시축협,234000269,천진암,234000153,N,20230221
6331,광주시,대원고속,12936,234000813,광주시축협,234000269,서하리,234001021,N,20230221
6086,광주시,경기고속,320,234001621,추자가압장앞,234001115,중앙시장,204000073,N,20230221
6087,광주시,대원고속,907,234001624,여주역,237001007,두풍아파트,237000940,N,20230221
6088,광주시,대원고속,930-2B,234001639,태평터미널,237000813,여주역,237001007,N,20230221
6089,광주시,대원고속,901A,234001640,세종여주병원,237000328,여주역,237001007,N,20230221
6090,광주시,대원고속,901B,234001641,여주역,237001007,세종여주병원,237000323,N,20230221
6091,광주시,대원고속,930A,234001642,여주역,237001007,태평터미널,237000813,N,20230221
6092,광주시,대원고속,930B,234001643,태평터미널,237000813,여주역,237001007,N,20230221
6093,광주시,대원고속,971-2B,234001644,대신터미널,237000169,여주역,237001007,N,20230221
6094,광주시,경기고속,948A,234001650,곤지암역,234001162,양평터미널,240000072,N,20230221
6095,광주시,경기고속,948B,234001651,상품삼거리,237001141,양평터미널,240000072,N,20230221
6096,광주시,경기고속,947B,234001652,용담회관,237000849,곤지암역.예계교,234001160,N,20230221
6097,광주시,경기고속,36-51B,234001653,장심리종점,234000767,곤지향어울림마당,234000977,N,20230221
6098,광주시,경기고속,37-3A,234001656,곤지암터미널,234000943,추곡리종점,234000785,N,20230221
6099,광주시,경기고속,37-3B,234001657,추곡리종점,234000785,곤지향어울림마당,234000977,N,20230221
6100,광주시,대원고속,522-1,234001659,수레실.능평1리마을회관,234001079,강남cc,234000450,N,20230221
6101,광주시,대원고속,M5438,234001660,평택지제역,214002018,신분당선강남역(중),121000009,Y,20230221
6102,광주시,대원고속,44960,234001661,시청,234001026,센트럴푸르지오.힐링포레스트공원,234001222,N,20230221
6103,광주시,경기고속,38-41,234001662,수청1리,234000606,퇴촌농협,234000141,N,20230221
6104,광주시,대원고속,33,234001663,광주터미널,234001048,태전힐스테이트6지구,234001211,N,20230221
6105,광주시,경기고속,33-21,234001664,삼동역,234001165,삼동종점,234000951,N,20230221
6106,광주시,대원고속,44962,234001665,광주차고지,234000600,경기광주역,234001173,N,20230221
6107,광주시,경기고속,44938,234001666,삼동역,234001165,태전효성해링턴플레이스,234000646,N,20230221
6108,광주시,대원고속,35-34,234001667,출발(경유),277102748,광주시축협,234000269,N,20230221
6109,광주시,대원고속,M5342,234001668,수원버스터미널,201000212,잠실광역환승센터,123000611,N,20230221
6110,광주시,대원고속,913-1,234001669,여주종합터미널,237000666,멱곡1통,237001197,N,20230221
6111,광주시,경기고속,930-6,234001671,여주역,237001007,태평터미널,237000813,N,20230221
6112,광주시,경기고속,930-7,234001672,여주역,237001007,태평터미널,237000813,N,20230221
6113,광주시,경기고속,930-5,234001673,여주역,237001007,태평터미널,237000813,N,20230221
6114,광주시,경기고속,916B,234001675,상우아파트단지내,237000242,하동,237000324,N,20230221
6115,광주시,경기고속,916-1,234001676,하동제일시장,237001368,예일아파트,237001243,N,20230221
6116,광주시,경기고속,916-2,234001677,하동제일시장,237001368,상우아파트단지내,237000242,N,20230221
6117,광주시,경기고속,916-2B,234001678,하동제일시장,237001368,상우아파트단지내,237000242,N,20230221
6118,광주시,대원고속,912-6,234001680,하동,237000327,프레미엄아울렛,237001218,N,20230221
6119,광주시,경기고속,12451,234001681,양우내안애아파트후문,234000762,가래울,234001185,N,20230221
6120,광주시,대원고속,924-3,234001682,여주역,237001007,태평터미널,237000813,N,20230221
6121,광주시,경기고속,44972,234001683,경기광주역,234001173,엄미리.미라울,234001033,N,20230221
6122,광주시,경기고속,36-8B,234001684,삼합리.고개,234001193,곤지향어울림마당,234000977,N,20230221
6123,광주시,경기고속,36-52,234001685,바깥성골종점,234000899,곤지향어울림마당,234000977,N,20230221
6124,광주시,경기고속,36-13A,234001686,곤지암터미널,234000910,상품농협앞,237000720,N,20230221
6125,광주시,대원고속,522-2,234001692,소을마을입구,234001045,서현역.AK플라자,206000026,N,20230221
6126,광주시,경기고속,12055,234001693,추자가압장앞,234001115,삼동역,234001165,N,20230221
6127,광주시,경기고속,3201,234001694,광주터미널,234001178,서울역버스환승센터(5번승강장)(중),101000005,N,20230221
6128,광주시,경기고속,G3202,234001695,광주터미널,234001178,무역센터,122000095,N,20230221
6129,광주시,대원고속,100,234001696,광주터미널,234001048,시청,234001026,N,20230221
6130,광주시,경기고속,45000,234001698,경기광주역,234001173,상번천3리노인회관,234000634,N,20230221
6131,광주시,경기고속,45061,234001699,경기광주역,234001173,광주도시관리공사,234000386,N,20230221
6132,광주시,경기고속,38-25,234001700,광주시축협,234000269,양평터미널,240000076,N,20230221
6133,광주시,경기고속,38-27,234001702,수청1리,234000606,양평터미널,240000076,N,20230221
6134,광주시,경기고속,38-40,234001703,경기광주역,234001173,수청1리,234000606,N,20230221
6135,광주시,경기고속,38-41A,234001704,수청1리,234000606,경기광주역,234001172,N,20230221
6136,광주시,대원고속,3800,234001705,퇴촌관음리,234000148,양재역.서초문화예술회관(중),121000004,N,20230221
6137,광주시,경기고속,44963,234001706,세광아파트,234000181,밀목사거리.광주시청앞,234001022,N,20230221
6138,광주시,대원고속,910,234001707,여주역,237001007,오드카운티아파트,237001124,Y,20230221
6139,광주시,대원고속,160,234001719,영진리버빌,237000195,여강중고등학교,237001186,N,20230221
6140,광주시,대원고속,150,234001720,여주역,237001007,이포약국,237000741,N,20230221
6141,광주시,대원고속,165,234001721,여주역,237001007,여강중고등학교,237001186,N,20230221
6142,광주시,대원고속,155,234001722,여주역,237001007,이포약국,237000741,N,20230221
6143,광주시,대원고속,170,234001723,정광휴레나아파트.멱곡2통,237000618,여강중고등학교,237001186,N,20230221
6144,광주시,대원고속,180,234001724,여주역,237001007,당산리입구,237001255,N,20230221
6145,광주시,대원고속,175,234001725,여주역,237001007,여강중고등학교,237001186,N,20230221
6146,광주시,대원고속,185,234001726,여주역,237001007,계림2리마을회관,237001405,N,20230221
6147,광주시,경기고속,35-17A,234001727,서하리,234001021,초월역.롯데아파트,234000337,N,20230221
6148,광주시,경기고속,35-30,234001728,광주시축협,234000269,초월초등학교,234000120,N,20230221
6149,광주시,대원고속,8200,234001729,안성종합버스터미널(시외버스),231001423,수원버스터미널,201000145,N,20230221
6150,광주시,대원고속,8201,234001730,안성종합버스터미널(시외버스),231001423,야탑역.종합버스터미널(광역버스),206000784,N,20230221
6151,광주시,대원고속,932,234001731,태평터미널,237000813,상활리,237000804,N,20230221
6152,광주시,대원고속,933,234001732,태평터미널,237000813,태평리,237001023,N,20230221
6153,광주시,대원고속,935A,234001733,여주역,237001007,태평터미널,237000813,N,20230221
6154,광주시,대원고속,935B,234001734,태평터미널,237000813,여주역,237001007,N,20230221
6155,광주시,대원고속,44964,234001735,광주하남교육청,234000466,쌍령1통마을회관,234001251,N,20230221
6156,광주시,이천시내버스,3302,234001736,금호베스트빌,234001278,잠실역.잠실대교남단(중),123000002,N,20230221
6157,광주시,대원고속,8202,234001737,안성종합버스터미널(시외버스),231001423,동탄역(동측),233003085,N,20230221
6158,광주시,경기고속,500-2N,234001738,동원대학교,234000604,무역센터,122000095,N,20230221
6159,광주시,대원고속,6801,234001739,평택지제역,214002018,야탑역.종합버스터미널(광역버스),206000784,N,20230221
6160,광주시,대원고속,920,237000047,여주역,237001007,점동초등학교,237001105,Y,20230221
6161,광주시,대원고속,110,237000052,여주역,237001007,삼합1리,237000473,N,20230221
6162,광주시,대원고속,929,237000053,여주역,237001007,감곡터미널,500000106,N,20230221
6163,광주시,대원고속,960,237000054,여주역,237001007,효지1리,237001336,N,20230221
6164,광주시,대원고속,961,237000059,여주역,237001007,이포,237001147,N,20230221
6165,광주시,대원고속,962,237000060,여주역,237001007,율극1리종점,237000871,N,20230221
6166,광주시,대원고속,963,237000061,율극1리종점,237000871,여주역,237001007,N,20230221
6167,광주시,대원고속,964,237000062,여주역,237001007,대당리종점,237001070,N,20230221
6168,광주시,대원고속,972,237000070,천남2리,237000160,여주역,237001007,N,20230221
6169,광주시,대원고속,972-1,237000071,여주역,237001007,대신터미널,237000170,N,20230221
6170,광주시,경기고속,981,237000077,여주역,237001007,도전1리,237000122,N,20230221
6171,광주시,대원고속,991,237000083,여주역,237001007,강천1리,237001309,N,20230221
6172,광주시,대원고속,992,237000084,여주역,237001007,강천2리(다리골),237001247,N,20230221
6173,광주시,대원고속,992-1,237000085,여주역,237001007,강천2리(다리골),237001247,N,20230221
6174,광주시,대원고속,929-1,237000087,여주역,237001007,감곡터미널,500000106,N,20230221
6175,광주시,대원고속,931,237000094,태평터미널,237000810,신해리,237000899,N,20230221
6176,광주시,대원고속,939,237000097,태평터미널,237000810,금당리.설성면사무소,230001364,N,20230221
6177,광주시,대원고속,952,237000099,여주역,237001007,양거리,237001108,N,20230221
6178,광주시,대원고속,953,237000100,여주역,237001007,마래리,237000442,N,20230221
6179,광주시,대원고속,950,237000101,여주역,237001007,내양1리종점,237000348,N,20230221
6180,광주시,광주-광주도시관리공사,광주1,241229001,양촌저수지,234000852,광주터미널.참조은병원앞,234000271,N,20230221
6181,광주시,광주-광주도시관리공사,광주2,241229002,광주시차량등록사업소,234000733,회덕동전원마을,234000778,N,20230221
6182,광주시,광주-광주도시관리공사,광주3,241229003,광주시차량등록사업소,234000733,무갑리,234000091,N,20230221
6183,광주시,광주-광주도시관리공사,광주5,241229005,쌍동리마을회관,234001098,진새골종점,234000851,N,20230221
6184,광주시,광주-광주도시관리공사,광주6,241229006,삼동역,234001165,우남아파트후문.포레힐스,234000768,N,20230221
6185,광주시,광주-광주도시관리공사,광주7,241229007,광주시차량등록사업소,234000733,삼동역,234001165,N,20230221
6186,광주시,광주-광주도시관리공사,광주8,241229008,오포배드민턴장,234000814,태재e편한세상,234001067,N,20230221
6533,동두천시,대양운수,20363,215000134,전곡재래시장앞,238000205,연천역,238000053,N,20230221
6534,동두천시,대양운수,20424,215000136,전곡재래시장앞,238000205,연천역,238000053,N,20230221
6535,동두천시,대양운수,30133,215000138,전곡재래시장앞,238000205,옥계3리마을회관,238000444,N,20230221
6536,동두천시,대양운수,62,215000139,전곡재래시장앞,238000205,두일3리마을회관,238000654,N,20230221
6537,동두천시,대양운수,22647,215000140,전곡재래시장앞,238000205,두일3리마을회관,238000654,N,20230221
6538,동두천시,대양운수,22678,215000141,전곡재래시장앞,238000205,두일3리마을회관,238000654,N,20230221
6539,동두천시,대양운수,22706,215000142,전곡재래시장앞,238000205,동중리구판장,238000180,N,20230221
6540,동두천시,대양운수,22737,215000143,전곡재래시장앞,238000205,두일3리마을회관,238000654,N,20230221
6541,동두천시,대양운수,22767,215000144,전곡재래시장앞,238000205,두일3리마을회관,238000654,N,20230221
6542,동두천시,대양운수,30011,215000146,전곡재래시장앞,238000192,순박골.늘목1리,238000018,N,20230221
6543,동두천시,대양운수,29983,215000147,전곡재래시장앞,238000205,연천역,238000053,N,20230221
6544,동두천시,대양운수,55-16,215000148,전곡재래시장앞,238000205,연천역,238000053,N,20230221
6545,동두천시,대양운수,21367,215000149,전곡재래시장앞,238000205,서경,238000574,N,20230221
6546,동두천시,대양운수,21398,215000150,전곡재래시장앞,238000205,두일3리마을회관,238000654,N,20230221
6547,동두천시,대양운수,21429,215000151,전곡재래시장앞,238000205,두일3리마을회관,238000654,N,20230221
6548,동두천시,대양운수,21459,215000152,전곡재래시장앞,238000205,두일3리마을회관,238000654,N,20230221
6549,동두천시,대양운수,30072,215000153,전곡재래시장앞,238000205,서경,238000574,N,20230221
6550,동두천시,대양운수,19054,215000157,구)버스터미널,215000024,숭의전,238000151,N,20230221
6551,동두천시,대양운수,19419,215000158,대양운수,215000247,전곡재래시장앞,238000205,N,20230221
6552,동두천시,대양운수,21520,215000163,전곡재래시장앞,238000205,서경,238000574,N,20230221
6553,동두천시,대양운수,20668,215000164,전곡재래시장앞,238000205,고문리용해마을,238000594,N,20230221
6554,동두천시,대양운수,20699,215000165,전곡재래시장앞,238000205,고문리용해마을,238000594,N,20230221
6555,동두천시,대양운수,20090,215000170,전곡재래시장앞,238000205,연천역,238000053,N,20230221
6556,동두천시,대양운수,29252,215000178,전곡재래시장앞,238000192,두일3리마을회관,238000654,N,20230221
6557,동두천시,대양운수,91,215000205,동두천터미널.롯데마트,215000310,걸산동마을회관,215000151,N,20230221
6558,동두천시,대양운수,33239,215000206,동두천터미널.롯데마트,215000310,동두천터미널.롯데마트,215000317,N,20230221
6559,동두천시,대양운수,33270,215000207,동두천중앙역3번출구,215000362,동두천중앙역3번출구,215000362,N,20230221
6560,동두천시,대양운수,81,215000209,전곡재래시장앞,238000192,봉화촌2대대,229001109,N,20230221
6561,동두천시,대양운수,29587,215000210,전곡재래시장앞,238000192,웃양원리,238000457,N,20230221
6562,동두천시,대양운수,29618,215000211,전곡재래시장앞,238000205,장탄1리종점,238000500,N,20230221
6563,동두천시,대양운수,29646,215000212,전곡재래시장앞,238000205,장탄2리,238000195,N,20230221
6564,동두천시,대양운수,30042,215000214,전곡재래시장앞,238000205,연천역,238000053,N,20230221
6565,동두천시,대양운수,30103,215000215,전곡재래시장앞,238000205,동중리구판장,238000180,N,20230221
6566,동두천시,대양운수,83,215000216,전곡재래시장앞,238000192,고랑포구,238000662,N,20230221
6567,동두천시,대양운수,44927,215000219,동두천터미널.롯데마트,215000310,안말입구,215000068,N,20230221
6568,동두천시,대양운수,4,215000222,동두천터미널.롯데마트,215000310,동두천터미널.롯데마트,215000317,N,20230221
6569,동두천시,대양운수,3,215000223,동두천터미널.롯데마트,215000310,웃안흥(회차),215000199,N,20230221
6570,동두천시,대양운수,5,215000225,동두천중앙역3번출구,215000082,동두천중앙역3번출구,215000082,N,20230221
6571,동두천시,대양운수,6,215000226,대양운수,215000247,가르멜수도원,215000297,N,20230221
6572,동두천시,대양운수,90,215000227,동두천중앙역3번출구,215000362,동두천중앙역3번출구,215000082,N,20230221
6573,동두천시,대양운수,19391,215000228,주공6단지,235000987,전곡재래시장앞,238000205,N,20230221
6574,동두천시,대양운수,61,215000229,전곡재래시장앞,238000192,적성전통시장,229001391,N,20230221
6575,동두천시,한국스마트버스협동조합,P9701(출근),233000375,지행역3번출구,215000070,잠실광역환승센터,123000611,N,20230221
6576,동두천시,한국스마트버스협동조합,P9701(퇴근),233000376,잠실광역환승센터,123000611,지행역3번출구,215000070,N,20230221
6577,부천시,도원교통,50,210000001,고강공영차고지,212000379,송내역남부,211000095,Y,20230221
6578,부천시,도원교통,45261,210000002,대장동종점,212000011,괴안사거리.삼오유치원,211000065,Y,20230221
6579,부천시,도원교통,18264,210000003,고강공영차고지,212000379,포도마을사거리.현대백화점.이마트,210000488,Y,20230221
6674,성남시,성남시내버스,100출,204000083,산성역.포레스티아동문,204000101,남위례역.창곡교차로,204000330,N,20230221
6675,김포시,김포-고촌교통,15,241461003,고촌역,232000356,고촌역,232000356,N,20230221
6676,김포시,김포-고촌교통,17A,241461004,보름초등학교,232000058,수기마을1단지,232000110,N,20230221
6677,김포시,김포-고촌교통,44942,241461005,아라뱃길.김포터미널,232000703,개화역광역환승센터,115000320,N,20230221
6678,김포시,김포-고촌교통,50,241461006,사우고교.김포시청,232000361,유현사거리,168000484,N,20230221
6679,김포시,김포-고촌교통,1,241461007,오스타파라곤3단지,232000787,현대프라임아파트,232000473,N,20230221
6680,김포시,김포-고촌교통,1A,241461008,오스타파라곤3단지,232000787,현대프라임아파트,232000473,N,20230221
6681,김포시,김포-고촌교통,51,241461009,승가대학,232514110,김포사우아이파크,232000519,N,20230221
6682,김포시,김포-고촌교통,18994,241461011,길훈아파트,232515370,풍무역,232000359,N,20230221
6683,김포시,김포-고촌교통,19,241461012,고촌역,232000356,보름초등학교,232000057,N,20230221
6684,김포시,김포-고촌교통,1B,241461014,오스타파라곤3단지,232000787,현대프라임아파트,232000473,N,20230221
6685,김포시,김포-고촌교통,16A,241461015,동일하이빌,232000853,개화역광역환승센터,115000320,N,20230221
6686,김포시,김포-고촌교통,1C,241461016,현대프라임아파트,232000473,현대프라임아파트,232000473,N,20230221
6687,김포시,김포-고촌교통,19N,241461017,고촌역,232000356,보름초등학교,232000057,N,20230221
6688,김포시,김포-마송운수,22(새벽),241462001,마송공영차고지,232000675,마송공영차고지,232000674,N,20230221
6689,김포시,김포-마송운수,22(오전),241462003,마송공영차고지,232000675,마송공영차고지,232000674,N,20230221
6690,김포시,김포-마송운수,22(오후),241462005,마송공영차고지,232000675,마송공영차고지,232000674,N,20230221
6691,김포시,김포-방주교통,5,241463001,마송공영차고지,232000675,대곶사거리,232000283,N,20230221
6692,김포시,김포-월곶운수,11A,241464002,군하리,232000603,군하리,232000603,N,20230221
6693,김포시,김포-월곶운수,11B,241464003,군하리,232000603,군하리,232000603,N,20230221
6694,김포시,김포-통진교통,77-1(오전),241466002,마송공영차고지,232000675,마송공영차고지,232000674,N,20230221
6695,김포시,김포-통진교통,77-1(오후),241466003,마송공영차고지,232000675,마송공영차고지,232000674,N,20230221
6696,김포시,김포-통진교통,28157,241466004,마송공영차고지,232000675,수안마을,232001044,N,20230221
6697,김포시,김포-통진교통,77A,241466005,마송공영차고지,232000675,약산,232001032,N,20230221
6698,김포시,김포-통진교통,77B,241466006,마송공영차고지,232000675,약산,232001033,N,20230221
6699,김포시,김포-조강리마을버스,72A(조강2리),241468001,마송공영차고지,232000675,조강2리,232001081,N,20230221
6700,김포시,김포-조강리마을버스,72B(개곡2리),241468002,마송공영차고지,232000675,개곡2리마을회관,232510400,N,20230221
6701,김포시,김포-서정마을버스,공영쇄암A,241470001,대곶사거리,232000283,구)마을회관,232000139,N,20230221
6702,김포시,김포-서정마을버스,공영쇄암B,241470002,대곶사거리,232000283,구)마을회관,232000139,N,20230221
6703,김포시,김포-서정마을버스,공영학운,241470003,천주교양곡성당.양곡중고,232000307,학운5리마을회관,232000573,N,20230221
6704,김포시,김포-서정마을버스,86,241470004,학운초교,232000621,누산사거리,232000370,N,20230221
6705,김포시,김포-서정마을버스,201,241470005,하성종점(마을),232000123,하성종점,232000104,N,20230221
6706,김포시,김포-서정마을버스,202,241470006,하성종점(마을),232000123,하성종점,232000104,N,20230221
6707,김포시,김포-서정마을버스,30,241470007,금호어울림2단지,232001082,한신더휴테라스,232000828,N,20230221
6708,김포시,김포-하성마을버스,23(국수메),241471001,하성종점(마을),232000604,하성종점(마을),232000604,N,20230221
6709,김포시,김포-하성마을버스,23(석탄리),241471002,하성종점(마을),232000604,하성종점(마을),232000604,N,20230221
6710,김포시,김포-하성마을버스,23(중계소),241471003,하성종점(마을),232000604,하성종점(마을),232000604,N,20230221
6711,김포시,김포-하성마을버스,24(마곡리),241471004,하성종점(마을),232000604,하성종점(마을),232000604,N,20230221
6712,김포시,김포-하성마을버스,24(마조리),241471005,하성종점(마을),232000604,하성종점(마을),232000604,N,20230221
6713,김포시,김포-하성마을버스,24(양택리),241471006,하성종점(마을),232000604,하성종점(마을),232000604,N,20230221
6714,김포시,김포-하성마을버스,25(마조.석탄리),241471007,하성종점(마을),232000604,하성종점(마을),232000604,N,20230221
6715,김포시,김포-하성마을버스,25(마조리),241471008,하성종점(마을),232000604,하성종점(마을),232000604,N,20230221
6716,김포시,김포-하성마을버스,25(석탄리),241471009,하성종점(마을),232000604,하성종점(마을),232000604,N,20230221
6717,남양주시,경기운수,1000,221000003,호평동차고지,222000824,잠실광역환승센터,123000611,N,20230221
6718,남양주시,경기버스,707,222000002,진벌리차고지(경유),277102442,현대코아,105000199,N,20230221
6719,남양주시,경기운수,202,222000004,진벌리차고지(경유),277102442,현대코아,105000199,N,20230221
6720,남양주시,경기버스,44986,222000005,진벌마을,222000684,오남역.서일대사회교육원.양지리마을회관,222000471,N,20230221
6721,남양주시,경기버스,71,222000006,금곡산업단지,222000152,봉현마을.현대병원,222001086,N,20230221
6722,남양주시,경기버스,88,222000008,내촌차고지(경유),277102573,경동시장앞,105000081,N,20230221
6723,남양주시,경기운수,9,222000009,진벌리차고지(경유),277102442,강변역(B),104000280,N,20230221
6724,남양주시,경기버스,23,222000013,내촌차고지(경유),277102573,스타필드하남,227000663,Y,20230221
6725,남양주시,경기버스,73,222000014,경복대,222001108,석계역1번출구A,110000183,N,20230221
6726,남양주시,경기버스,45114,222000016,광릉테크노밸리입구,222001426,진접역4.5번출구.엠타워.단우타워,222001556,N,20230221
6727,남양주시,경기운수,45078,222000017,윗독정리,222000921,사릉역,222001575,N,20230221
6728,남양주시,경기버스,45111,222000019,사릉역,222001575,금곡2리.경복대학,222000650,N,20230221
6729,남양주시,경기운수,45079,222000020,진접역4.5번출구.엠타워.단우타워,222001556,윗독정,222000922,N,20230221
6730,남양주시,대원운수,91,222000022,진벌리차고지(경유),277102442,강변역(B),104000280,N,20230221
6731,남양주시,대원운수,55,222000023,사능차고지,222000755,55번종점,222000169,N,20230221
6732,남양주시,대원운수,97,222000027,호평동차고지,222000824,서울아산병원동관,123000029,N,20230221
6733,남양주시,대원운수,165,222000028,호평동차고지,222000824,현대코아,105000199,Y,20230221
6734,남양주시,대원운수,6,222000029,차산리,222000796,군장리종점,222001020,N,20230221
6735,남양주시,대원운수,23743,222000030,차산리,222000796,석계역1번출구A,110000183,N,20230221
6736,남양주시,대원운수,65,222000031,차산리,222000796,현대코아,105000199,N,20230221
6737,남양주시,대원운수,44930,222000032,차산리,222000796,미사동차고지,227000064,Y,20230221
6738,남양주시,대원운수,30-15,222000033,연대농장입구.도곡리종점,222000267,마석역,222000010,N,20230221
6739,남양주시,대원운수,45046,222000034,산성마을입구,222000011,축령산자연휴양림,222001557,N,20230221
6740,남양주시,대원운수,45290,222000040,마석역,222000010,녹촌리,222001035,N,20230221
6741,남양주시,대원운수,44956,222000041,산성마을입구,222000011,보광사.가곡리종점,222001236,N,20230221
6742,남양주시,대원운수,112-1,222000045,도곡리차고지대기(경유),277104352,테크노마트앞.강변역(D),104000069,Y,20230221
6743,남양주시,대원운수,1670,222000046,연대농장입구.도곡리종점,222000267,잠실역,123000511,N,20230221
6744,남양주시,대원운수,168,222000047,차산리,222000796,연대농장입구.도곡리종점,222000268,N,20230221
6745,남양주시,대원운수,166-1,222000048,연대농장입구.도곡리종점,222000267,현대코아,105000199,Y,20230221
6746,남양주시,대원운수,1660,222000049,도곡리차고지대기(경유),277104352,테크노마트앞.강변역(D),104000069,N,20230221
6747,남양주시,대원운수,7,222000055,훈련장입구,222000251,삼익아파트,222001279,N,20230221
6748,남양주시,대원운수,167-1,222000056,농수산물시장,221000265,율석3리,222000967,N,20230221
6749,남양주시,대원운수,1,222000058,진벌리차고지(경유),277102442,강변역(A),104000183,Y,20230221
6750,남양주시,대원운수,45015,222000061,마석역,222000010,지둔리마을회관,222001164,N,20230221
6751,남양주시,대원운수,45260,222000063,산성마을입구,222000011,맹골,222001197,N,20230221
6752,남양주시,대원운수,45229,222000064,산성마을입구,222000011,창현리.종점,222001188,N,20230221
6753,남양주시,대원운수,30-20,222000065,마석역,222000742,만취대,222000100,N,20230221
6754,남양주시,대원운수,166,222000072,도곡리차고지대기(경유),277104352,현대코아,105000199,N,20230221
6755,남양주시,대원운수,1700,222000073,연대농장입구.도곡리종점,222000267,신논현역.우신빌딩,121000943,N,20230221
6756,남양주시,대원운수,1100,222000074,차산리,222000796,신사동고개,122000012,N,20230221
6757,남양주시,경기운수,2000,222000075,진벌리차고지(경유),277102442,강남역.강남역사거리,121000091,N,20230221
6758,남양주시,경기버스,7007,222000076,광릉내,222001122,강남역.강남역사거리,121000091,N,20230221
6759,남양주시,대원운수,1200,222000078,차산리,222000796,잠실광역환승센터,123000611,N,20230221
6760,남양주시,대원운수,10,222000082,진벌리차고지(경유),277102442,당고개역,110000650,N,20230221
6761,남양주시,대원운수,8002,222000084,대성리,239000682,잠실광역환승센터,123000611,N,20230221
6762,남양주시,대원운수,8001,222000088,대성리,239000682,신사동고개,122000012,N,20230221
6763,남양주시,경기버스,8012,222000090,광릉내,222001122,잠실광역환승센터,123000611,N,20230221
6764,남양주시,경기버스,45115,222000096,광릉테크노밸리입구,222001426,접동마을,222001118,N,20230221
6765,남양주시,경기운수,45047,222000098,금곡산업단지,222000152,사릉역,222001575,N,20230221
6766,남양주시,경기고속,M2316,222000105,영남아파트.풍림아이원아파트,222000757,잠실광역환승센터,123000611,N,20230221
6767,남양주시,대원운수,1001,222000107,청학리,222001626,잠실광역환승센터,123000611,N,20230221
6768,남양주시,대원운수,330-3,222000109,비금리,222000800,차산리,222000797,N,20230221
6580,부천시,부일교통,55,210000004,소사공영차고지,211000219,역곡역.역곡남부시장,211000118,N,20230221
6581,부천시,부일교통,20090,210000005,시온고등학교,211000168,역곡역.역곡남부시장,211000118,N,20230221
6582,부천시,부일교통,53,210000006,대장공영차고지,212000232,두산삼성주공아파트,211000177,Y,20230221
6583,부천시,부일교통,56,210000007,부천터미널소풍,210000561,소새울역.한울빛도서관.복사초등학교,211000011,N,20230221
6584,부천시,부일교통,52,210000009,상동회차지,210000467,온수남부,116000458,Y,20230221
6585,부천시,소신여객,25600,210000012,춘의동차고지,210000156,국회의사당역,118000048,Y,20230221
6586,부천시,소신여객,3,210000013,소사공영차고지,211000219,김포공항국내선(9번홈),115000601,Y,20230221
6587,부천시,소신여객,5,210000014,고강공영차고지,212000379,부천테크노파크3단지301동앞,212000187,Y,20230221
6588,부천시,소신여객,45049,210000016,부천역북부(기점),210000481,부천역북부(기점),210000481,N,20230221
6589,부천시,소신여객,45050,210000017,부천역북부(기점),210000481,부천체육관북문,210000202,N,20230221
6590,부천시,소신여객,6,210000019,전진아파트,211000045,신중동역3번출구.원미경찰서.롯데백화점,210000453,N,20230221
6591,부천시,소신여객,8,210000024,대장공영차고지,212000232,고강동우체국,212000071,Y,20230221
6592,부천시,소신여객,11,210000026,대장공영차고지,212000232,부천역북부(기점),210000481,N,20230221
6593,부천시,소신여객,44980,210000033,소사공영차고지,211000219,라일락마을어린이공원,210000196,Y,20230221
6594,부천시,소신여객,70,210000034,부개역.상동차고지,210000634,당산역,118000501,N,20230221
6595,부천시,소신여객,25628,210000036,대장공영차고지,212000232,경방타임스퀘어.신세계백화점,118000032,Y,20230221
6596,부천시,소신여객,71,210000037,소사공영차고지,211000219,송정역,115000449,Y,20230221
6597,부천시,소신여객,75,210000038,고강공영차고지,212000379,KTX광명역2번출구,213000145,N,20230221
6598,부천시,소신여객,700,210000039,부개역.상동차고지,210000634,63빌딩.가톨릭대학교여의도성모병원,118000058,N,20230221
6599,부천시,부일교통,57,210000040,소사공영차고지,211000219,온수남부역,116000459,Y,20230221
6600,부천시,청우운수,58,210000041,덕산중고교.덕산초교,212000085,은행단지,212000318,N,20230221
6601,부천시,청우운수,59,210000042,부천터미널소풍,210000561,화곡역,115000604,Y,20230221
6602,부천시,청우운수,60,210000043,부천테크노파크4단지401동앞,210000392,옥길브리즈힐후문,211000092,Y,20230221
6603,부천시,소신여객,45079,210000046,전진아파트,211000045,부천터미널소풍,210000160,N,20230221
6604,부천시,부일교통,20455,210000049,고강공영차고지,212000379,천왕역3번출구,116900242,Y,20230221
6605,부천시,부일교통,20821,210000052,부천남부생태공원,211000197,자이.호반베르디움,211000031,N,20230221
6606,부천시,청우운수,21916,210000057,고강공영차고지,212000379,소사어울마당.소사푸르지오,211000235,Y,20230221
6607,부천시,소신여객,23,210000060,고강공영차고지,212000379,송내역A,210000568,Y,20230221
6608,부천시,부일교통,66,210000061,상동회차지,210000467,용못내공원.옥길동종점,211000299,Y,20230221
6609,부천시,성광운수,20,210000062,고강공영차고지,212000379,송내역남부,211000049,N,20230221
6610,부천시,성광운수,27,210000063,부천터미널소풍,210000160,송내역B,210000569,Y,20230221
6611,부천시,성광운수,19,210000064,대장공영차고지,212000232,브리즈힐.센트리뷰,211000276,Y,20230221
6612,부천시,청우운수,21551,210000069,아인스월드,210000548,화곡역,115000604,Y,20230221
6613,부천시,청우운수,21186,210000072,은행단지,212000318,까치울역4번출구.까치울전원마을3.4단지,212000064,N,20230221
6614,부천시,소신여객,25,210000073,소사공영차고지,211000219,깊은구지사거리,211000056,Y,20230221
6615,부천시,성광운수,98,210000075,오정동행정복지센터.오정어울마당,212000371,목운초등학교.목운중학교,114000061,Y,20230221
6616,부천시,청우운수,77,210000093,고강공영차고지,212000379,부천종합운동장역,212000001,Y,20230221
6617,부천시,청우운수,58-A,210000098,덕산중고교.덕산초교,212000085,은행단지,212000318,N,20230221
6618,부천시,청우운수,58-B,210000099,대장공영차고지,212000232,부천종합운동장역5번출구,212000048,N,20230221
6619,부천시,부일교통,20486,210000103,범박파밀리에포레스트,211000254,천왕역4번출구,116900276,N,20230221
6620,부천시,성일운수,33,210000105,상동회차지,210000467,대림아파트,210000487,N,20230221
6621,부천시,청우운수,21217,210000106,오정어울마당,212000317,신중동역3번출구.롯데백화점,210000164,N,20230221
6622,부천시,소신여객,G8808,210000108,부천터미널소풍,210000160,동안경찰서.범계역,209000094,N,20230221
6623,부천시,성광운수,99,210000109,부천옥길전기차충전소,211000298,브리즈힐.센트리뷰,211000276,Y,20230221
6624,부천시,부천버스,88,212000001,대장공영차고지,212000232,여의도환승센터(4번승강장),118000512,Y,20230221
6625,부천시,부천버스,83,212000002,대장공영차고지,212000232,여의도환승센터(1번승강장),118000513,Y,20230221
6626,부천시,부천버스,10,212000003,용못내공원,211000301,여의도환승센터(1번승강장),118000513,Y,20230221
6627,부천시,성광운수,95,212000005,대장공영차고지,212000232,소사종합시장,211000015,N,20230221
6628,부천시,소신여객,16,212000006,대장공영차고지,212000232,송내역B,210000569,Y,20230221
6629,부천시,부천-부흥운수,15,241261001,부흥운수종점,224000980,부천소방서.부천대학사거리,210000011,N,20230221
6630,부천시,부천-서경운수,13,241262001,역곡역북부(마을),210000587,역곡역북부(마을),210000587,N,20230221
6631,부천시,부천-서경운수,013-1,241262002,수궁동양지연립,116506850,경기국제통상고.포도마을뉴서울.중앙공원,210000044,N,20230221
6632,부천시,부천-서경운수,013-2,241262003,수궁동양지연립,116506850,소명여고사거리,210000140,N,20230221
6633,부천시,부천-서경운수,013-3,241262004,역곡역북부(마을),210000587,장미공원앞,210000581,N,20230221
6634,부천시,부천-서경운수,013-4,241262006,중동역(마을),210000224,장미공원앞,210000581,N,20230221
6635,부천시,부천-원종여객,17,241263002,군부대정문,212000427,역곡역북부,210000298,N,20230221
6636,부천시,부천-원종여객,017-1,241263003,휴먼시아1단지후문,212000394,역곡역북부,210000298,N,20230221
6637,부천시,부천-은혜교통,51,241281001,역곡역북부,210000484,현대아파트,210000426,N,20230221
6638,부천시,부천-은혜교통,18629,241281002,역곡역북부,210000484,현대아파트,210000426,N,20230221
6639,부천시,부천-은혜교통,18660,241281003,역곡역북부,210000484,역곡역.역곡남부시장,211000130,N,20230221
6640,부천시,부천-기린운수,21,241341001,기린운수종점,211000284,제이드카운티2단지.헤일라움,211000275,N,20230221
6641,성남시,대명운수,6,204000004,상대원차고지,205000233,남한산성입구,204000136,N,20230221
6642,성남시,대명운수,57,204000005,선경아파트,206000167,세곡동사거리,122000308,Y,20230221
6643,성남시,대명운수,357,204000007,상대원차고지,205000233,삼정아파트,204000217,N,20230221
6644,성남시,성남시내버스,50,204000012,차고지대기(경유),277104611,복정역환승센터1번승강장,123000316,Y,20230221
6645,성남시,성남시내버스,60,204000013,차고지대기(경유),277104611,복정역환승센터1번승강장,123000316,Y,20230221
6646,성남시,성남시내버스,55,204000017,기업성장센터,204000340,남한산성입구.양지파출소,205000045,N,20230221
6647,성남시,성남시내버스,100,204000018,사기막골,205000085,가락시장.가락시장역,123000272,Y,20230221
6648,성남시,성남시내버스,12055,204000019,산성동,204000104,청구아파트,206000711,Y,20230221
6649,성남시,성남시내버스,33,204000020,사기막골,205000085,율동공원,206000188,Y,20230221
6650,성남시,성남시내버스,51,204000021,사기막골,205000085,서울대병원,206000261,Y,20230221
6651,성남시,성남시내버스,220,204000022,영원무역,205000033,한국학중앙연구원,206000011,Y,20230221
6652,성남시,대원버스,9407,204000024,구미동차고지앞,206000498,엠네트음악방송국,122000559,N,20230221
6653,성남시,성남시내버스,52,204000026,성남동대형주차장,205000252,남한산성(종점),234000460,N,20230221
6654,성남시,성남시내버스,200,204000029,도촌동행정복지센터,205000218,위례로제비앙,227000348,N,20230221
6655,성남시,대명운수,240,204000032,도촌동행정복지센터,205000218,남한산성입구,204000136,N,20230221
6656,성남시,성남시내버스,330,204000039,산성동,204000104,운중초등학교,206000558,Y,20230221
6657,성남시,성남시내버스,340,204000040,판교대장로동측,206000853,차고지,205000186,Y,20230221
6658,성남시,대원버스,9004,204000041,운중동먹거리촌,206000010,강남역티월드,121000973,N,20230221
6659,성남시,대명운수,350,204000044,상대원차고지,205000233,한국학중앙연구원,206000011,N,20230221
6660,성남시,대원버스,9003,204000046,운중동먹거리촌,206000010,서울역버스환승센터(5번승강장)(중),101000005,N,20230221
6661,성남시,성남시내버스,250,204000048,도촌동행정복지센터,205000218,궁내동.궁안마을,206000204,Y,20230221
6662,성남시,대원버스,390,204000051,사송동.종점,204000215,초당역,228002134,N,20230221
6663,성남시,성남시내버스,4500,204000056,사송동종점,204000143,수원버스터미널,201000009,N,20230221
6664,성남시,대원버스,3330,204000057,도촌동9단지앞,205000227,안양역,208000069,N,20230221
6665,성남시,성남시내버스,9507,204000059,판교대장로동측,206000853,청담초등학교앞,122000079,N,20230221
6666,성남시,대원버스,103,204000060,도촌동9단지앞,205000227,사당역(중),121001315,N,20230221
6667,성남시,성남시내버스,9607,204000065,성우스타우스,206000405,청담초등학교앞,122000079,N,20230221
6668,성남시,성남시내버스,341,204000067,운중동먹거리촌,206000010,청계산입구역,121900319,N,20230221
6669,성남시,대원버스,9007,204000070,운중동먹거리촌,206000010,서울역버스환승센터(5번승강장)(중),101000005,N,20230221
6670,성남시,성남시내버스,315,204000073,기업성장센터,204000340,복정역환승센터1번승강장,123000316,N,20230221
6671,성남시,성남시내버스,382,204000076,성남동대형주차장,205000252,기업성장센터,204000340,Y,20230221
6672,성남시,성남시내버스,380,204000079,도촌5단지정문,205000258,판교대장초·중학교,206000656,N,20230221
6673,성남시,대원버스,G8110,204000082,오리역,206000040,서울백병원.국가인권위.안중근활동터(중),101000002,N,20230221
6434,광주시,대원고속,952-3,234001388,여주역,237001007,양거리,237001108,N,20230221
6435,광주시,경기고속,930-2,234001390,여주역,237001007,태평터미널,237000813,N,20230221
6436,광주시,대원고속,974,234001396,여주역,237001007,가산3리,237001429,N,20230221
6437,광주시,대원고속,974-1,234001397,여주역,237001007,가산3리,237001429,N,20230221
6438,광주시,대원고속,963-1,234001400,여주역,237001007,상백2리,237000998,N,20230221
6439,광주시,경기고속,918-2,234001402,하동제일시장,237001368,오학사거리,237000300,N,20230221
6440,광주시,대원고속,961-1,234001403,여주역,237001007,이포,237001147,N,20230221
6441,광주시,경기고속,981-2,234001405,도전1리,237000121,여주역,237001007,N,20230221
6442,광주시,대원고속,929-2,234001408,여주역,237001007,감곡터미널,500000106,N,20230221
6443,광주시,대원고속,929-3,234001409,여주역,237001007,감곡터미널,500000106,N,20230221
6444,광주시,대원고속,925,234001410,여주역,237001007,점동초등학교,237001105,N,20230221
6445,광주시,대원고속,924-2,234001411,여주역,237001007,금당리,237000458,N,20230221
6446,광주시,대원고속,925-1,234001412,여주역,237001007,점동고교앞,237000645,N,20230221
6447,광주시,대원고속,915-2,234001413,여주역,237001007,멱곡1통,237000678,N,20230221
6448,광주시,대원고속,915-1,234001414,여주역,237001007,멱곡1통,237000678,N,20230221
6449,광주시,경기고속,12145,234001415,경기광주역,234001173,경남아너스빌,234001106,N,20230221
6450,광주시,대원고속,913-2,234001417,여주역,237001007,멱곡1통,237001197,N,20230221
6451,광주시,대원고속,913-3,234001418,우만동,237000236,여주역,237001007,N,20230221
6452,광주시,경기고속,988-4,234001431,여주역,237001007,양동역,240001061,N,20230221
6453,광주시,대원고속,989-5,234001434,여주역,237001007,양동역,240001061,N,20230221
6454,광주시,경기고속,983-1,234001441,여주역,237001007,장암2리,237001346,N,20230221
6455,광주시,대원고속,981-3,234001442,여주역,237001007,중암리,237000135,N,20230221
6456,광주시,경기고속,987-3,234001443,여주역,237001007,(구)용문터미널.용문역입구,240000134,N,20230221
6457,광주시,대원고속,912-2,234001446,여주역,237001007,프레미엄아울렛,237001218,N,20230221
6458,광주시,대원고속,911-5,234001479,여주역,237001007,천송1통마을회관,237001430,N,20230221
6459,광주시,대원고속,938-1,234001484,태평터미널,237000810,태평터미널,237000813,N,20230221
6460,광주시,대원고속,971,234001485,여주역,237001007,대신터미널,237000170,N,20230221
6461,광주시,대원고속,971-1,234001486,여주역,237001007,대신터미널,237000169,N,20230221
6462,광주시,대원고속,971-2,234001487,여주역,237001007,장풍3리,237000042,N,20230221
6463,광주시,대원고속,972-2,234001488,여주역,237001007,당산1리마을회관,237001384,N,20230221
6464,광주시,대원고속,972-3,234001489,여주역,237001007,대신터미널,237000170,N,20230221
6465,광주시,대원고속,972-4,234001490,여주역,237001007,천남2리,237000178,N,20230221
6466,광주시,대원고속,954,234001493,양거리,237001108,여주역,237001007,N,20230221
6467,광주시,대원고속,953-2,234001495,여주역,237001007,마래리,237000441,N,20230221
6468,광주시,대원고속,955-1,234001497,여주역,237001007,오계1리,237001131,N,20230221
6469,광주시,대원고속,953-3,234001499,여주역,237001007,오계2리,237001332,N,20230221
6470,광주시,대원고속,961-2,234001500,여주역,237001007,이포약국,237000741,N,20230221
6471,광주시,대원고속,140,234001502,여주역,237001007,상품농협앞,237000707,N,20230221
6472,광주시,대원고속,966-1,234001504,여주역,237001007,흥천.효지1리,237001271,N,20230221
6473,광주시,대원고속,915-3,234001507,여주역,237001007,능현리.아래섬,237000916,N,20230221
6474,광주시,경기고속,35-17,234001509,서하리,234001021,초월역.롯데아파트,234000337,N,20230221
6475,광주시,경기고속,12236,234001510,경기광주역,234001173,광남중학교.광남고등학교.청소년수련관.태전지웰,234000175,N,20230221
6476,광주시,대원고속,971-3,234001515,여주역,237001007,대신터미널,237000170,N,20230221
6477,광주시,대원고속,1113-2,234001516,광주터미널,234001048,테크노마트앞.강변역(D),104000069,N,20230221
6478,남양주시,남양주-덕소교통,99-2A,241344006,동부센트레빌.덕소아이파크,222001004,쌍용스윗닷홈.우성.건영아파트,222000266,N,20230221
6479,남양주시,남양주-덕소교통,36220,241344007,농협하나로마트,222001587,예봉산등산로입구.어룡,222001867,N,20230221
6480,남양주시,남양주-와부마을버스,88,241346001,한강우성.해태아파트,222001740,군인APT.석실입구,222001728,N,20230221
6481,남양주시,남양주-와부마을버스,땡큐88-1,241346002,한강우성.해태아파트,222001740,금곡동구종점.금곡초교,222000141,N,20230221
6482,남양주시,남양주-와부마을버스,32174,241346003,글개울종점,222001768,한강우성.해태아파트,222001740,N,20230221
6483,남양주시,남양주-와부마을버스,32203,241346005,시우리교회,222001775,덕소역,222000276,N,20230221
6484,남양주시,남양주-태산운수,80,241347002,오남역,222000718,부대앞,222001486,N,20230221
6485,남양주시,남양주-태산운수,82A,241347005,별내하우스토리후문,222001484,태릉입구역7번출구.서울생활사박물관,110000017,N,20230221
6486,남양주시,남양주-태산운수,82B,241347006,별내차고지대기(경유),277102477,태릉입구역7번출구.서울생활사박물관,110000017,N,20230221
6487,남양주시,남양주-태산운수,땡큐20,241347007,별내빙상장입구,222001722,금곡동구종점.금곡초교,222000141,N,20230221
6488,남양주시,남양주-풍양운수,2,241348001,신우1.2차아파트,222001815,봉선사입구,222000751,N,20230221
6489,남양주시,남양주-풍양운수,44959,241348002,신일아파트,222001723,장승마을,222000553,N,20230221
6490,남양주시,남양주-풍양운수,2A,241348004,한양병원,222001816,봉선사입구,222000751,N,20230221
6491,남양주시,남양주-풍양운수,2-2A,241348005,한양병원,222001816,장승마을,222000553,N,20230221
6492,남양주시,남양주-태화상운,땡큐61,241349001,한강우성.해태아파트,222001740,금곡동구종점.금곡초교,222000141,N,20230221
6493,남양주시,남양주-태화상운,60,241349004,한강우성.해태아파트,222001740,월문리종점,222001803,N,20230221
6494,남양주시,남양주-태화상운,63,241349006,동부센트레빌.덕소아이파크,222001004,시우리종점,222001776,N,20230221
6495,남양주시,남양주-태화상운,64,241349007,봉인사,222001804,금곡동구종점.금곡초교,222000142,N,20230221
6496,남양주시,남양주-흥안운수,33,241350001,별내하우스토리후문,222001484,별내역2번출구.환승센터,222001539,N,20230221
6497,남양주시,남양주-흥안운수,12055,241350002,상계동(경유),277102127,에코랜드수영장,222001725,N,20230221
6498,남양주시,남양주-흥안운수,85A,241350003,별내하우스토리후문,222001484,대우푸르지오.별내하우스토리정문,222001532,N,20230221
6499,남양주시,남양주-흥안운수,31048,241350004,상계동(경유),277102127,별내역2번출구.이마트,222001540,N,20230221
6500,남양주시,남양주-흥안운수,85B,241350006,별내하우스토리후문,222001484,대우푸르지오.별내하우스토리정문,222001532,N,20230221
6501,동두천시,대양운수,50,215000004,동두천터미널.롯데마트,215000310,대진대,236000446,N,20230221
6502,동두천시,대양운수,52,215000008,구)버스터미널,215000024,삼화1리,238000346,N,20230221
6503,동두천시,대양운수,18994,215000009,구)버스터미널,215000024,숭의전,238000151,N,20230221
6504,동두천시,대양운수,19480,215000013,전곡재래시장앞,238000192,주공6단지,235000987,N,20230221
6505,동두천시,대양운수,56,215000015,전곡재래시장앞,238000205,고문리용해마을,238000594,N,20230221
6506,동두천시,대양운수,21245,215000018,전곡재래시장앞,238000205,두일3리마을회관,238000654,N,20230221
6507,동두천시,대양운수,21217,215000019,전곡재래시장앞,238000205,동이리종점,238000154,N,20230221
6508,동두천시,대양운수,58,215000021,전곡재래시장앞,238000205,동중리구판장,238000180,N,20230221
6509,동두천시,대양운수,21186,215000022,전곡재래시장앞,238000205,두일3리마을회관,238000654,N,20230221
6510,동두천시,대양운수,100-2,215000023,전곡재래시장앞,238000205,왕림4반.1포대,238000398,N,20230221
6511,동두천시,대양운수,100-1,215000024,전곡재래시장앞,238000205,군남면사무소,238000529,N,20230221
6512,동두천시,대양운수,1,215000025,동두천터미널.롯데마트,215000310,안말회관,215000091,N,20230221
6513,동두천시,대양운수,21276,215000028,전곡재래시장앞,238000205,두일3리마을회관,238000654,N,20230221
6514,동두천시,대양운수,100,215000030,전곡재래시장앞,238000205,횡산리,238000408,N,20230221
6515,동두천시,대양운수,19025,215000032,구)버스터미널,215000024,숭의전,238000151,N,20230221
6516,동두천시,대양운수,60,215000052,동두천터미널.롯데마트,215000310,장림,215000099,N,20230221
6517,동두천시,대양운수,21976,215000055,동두천터미널.롯데마트,215000310,놀자숲,215000174,N,20230221
6518,동두천시,대양운수,82,215000062,전곡재래시장앞,238000192,웃양원리,238000457,N,20230221
6519,동두천시,대양운수,53,215000070,대양운수,215000247,전곡재래시장앞,238000205,N,20230221
6520,동두천시,대양운수,19572,215000074,전곡재래시장앞,238000192,주공6단지,235000982,N,20230221
6521,동두천시,대양운수,20121,215000080,전곡재래시장앞,238000205,연천역,238000053,N,20230221
6522,동두천시,대양운수,20149,215000081,전곡재래시장앞,238000205,옥계3리마을회관,238000444,N,20230221
6523,동두천시,대양운수,20455,215000083,전곡재래시장앞,238000205,고문리용해마을,238000594,N,20230221
6524,동두천시,대양운수,20486,215000084,전곡재래시장앞,238000205,고문리용해마을,238000594,N,20230221
6525,동두천시,대양운수,21306,215000088,전곡재래시장앞,238000205,두일3리마을회관,238000654,N,20230221
6526,동두천시,대양운수,29952,215000089,전곡재래시장앞,238000205,왕림4반.1포대,238000535,N,20230221
6527,동두천시,대양운수,20515,215000094,전곡재래시장앞,238000192,순박골.늘목1리,238000018,N,20230221
6528,동두천시,대양운수,20241,215000102,전곡재래시장앞,238000205,연천역,238000053,N,20230221
6529,동두천시,대양운수,2,215000118,동두천터미널.롯데마트,215000310,동두천터미널.롯데마트,215000317,N,20230221
6530,동두천시,대양운수,19664,215000129,전곡재래시장앞,238000192,대양운수,215000246,N,20230221
6531,동두천시,대양운수,19694,215000130,구)버스터미널,215000024,주공6단지,235000987,N,20230221
6532,동두천시,대양운수,20333,215000133,전곡재래시장앞,238000205,연천역,238000053,N,20230221
6769,남양주시,경기운수,땡큐60,222000110,광릉테크노밸리종점,222000627,금곡동구종점.금곡초교,222000141,N,20230221
6770,남양주시,경기운수,45170,222000111,진벌리차고지(경유),277102442,강변역(B),104000280,N,20230221
6771,남양주시,경기운수,36526,222000122,진벌리차고지(경유),277102442,강남역12번출구,122000181,N,20230221
6772,남양주시,대원운수,45076,222000131,마석역,222000010,수산1리마을회관,222001000,N,20230221
6773,남양주시,대원운수,330-2,222000133,차산리,222000796,비금리,222000799,N,20230221
6774,남양주시,대원운수,1200-1,222000137,차산리,222000796,잠실광역환승센터,123000611,N,20230221
6775,남양주시,대원운수,30-16,222000139,산성마을입구,222000011,우방아이유쉘,222001543,N,20230221
6776,남양주시,경기운수,169,222000165,청학리,222001626,청량리역환승센터(1번승강장),105000016,N,20230221
6777,남양주시,대원운수,34,222000168,다산차고지,222001920,도농역.동화중고교.부영A(중),222001321,N,20230221
6778,남양주시,대원운수,1003,222000169,다산차고지,222001920,잠실광역환승센터,123000611,N,20230221
6779,남양주시,경기운수,21,222000170,금곡2리.경복대학,222000650,의정부역.흥선지하도입구,207000439,N,20230221
6780,남양주시,대원운수,99,222000174,다산차고지,222001920,구리역.롯데백화점,221000304,N,20230221
6781,남양주시,대원운수,36161,222000175,e편한세상.힐스테이트,222000342,구리역.롯데백화점,221000304,N,20230221
6782,남양주시,대원운수,38,222000176,구리수택차고지,221000046,가운고등학교,222001136,N,20230221
6783,남양주시,대원운수,105,222000177,진벌리차고지(경유),277102442,당고개역,110000650,N,20230221
6784,남양주시,대원운수,2228712,222000178,대성리,239000682,잠실광역환승센터,123000611,N,20230221
6785,남양주시,대원운수,M2341,222000179,대성리차고지(경유),277101680,잠실광역환승센터,123000611,N,20230221
6786,남양주시,대원운수,땡큐12,222000180,구리수택차고지,221000046,자연앤롯데캐슬.반도유보라,222000278,N,20230221
6787,남양주시,대원운수,76,222000181,구리수택차고지,221000046,석계역1번출구A,110000183,N,20230221
6788,남양주시,태산운수,81,222000182,별내역2번출구.환승센터,222001539,별내역2번출구.환승센터,222001539,N,20230221
6789,남양주시,대원운수,45146,222000183,에코랜드수영장,222001725,비루고개,222000893,N,20230221
6790,남양주시,대원운수,M2344,222000185,별내하우스토리.중말사거리,222000616,잠실광역환승센터,123000611,N,20230221
6791,남양주시,대원운수,105-1,222000186,광릉내종점,222000629,당고개역,110000650,N,20230221
6792,남양주시,대원운수,33,222000187,효성아파트,222001693,내방교앞,222000430,N,20230221
6793,남양주시,경기운수,땡큐70,222000190,진벌리차고지(경유),277102442,금곡동구종점.금곡초교,222000141,N,20230221
6794,남양주시,대원운수,땡큐10,222000191,다산차고지,222001920,두산알프하임정문,222000194,N,20230221
6795,남양주시,대원운수,1006,222000192,다산차고지,222001920,강변역(A),104000183,N,20230221
6796,남양주시,경기버스,땡큐90,222000195,광릉내,222001122,금곡동구종점.금곡초교,222000141,N,20230221
6797,남양주시,경기버스,45116,222000196,진접읍사무소,222001457,팔현2리종점,222000830,N,20230221
6798,남양주시,대원운수,45147,222000197,청소년도움센터,222000013,송천리종점,222001099,N,20230221
6799,남양주시,대원운수,30-21,222000198,마석역,222000010,두산아파트.경향아파트,222000147,N,20230221
6800,남양주시,대원운수,땡큐50,222000199,청학리,222001626,금곡동구종점.금곡초교,222000141,N,20230221
6801,남양주시,대원운수,땡큐30,222000200,청학리,222001626,금곡동구종점.금곡초교,222000141,N,20230221
6802,남양주시,대원운수,땡큐11,222000201,구리수택차고지,221000046,자연앤롯데캐슬.반도유보라,222000278,N,20230221
6803,남양주시,대원운수,12086,222000202,산성마을입구,222000011,대성리종점,222000740,N,20230221
6804,남양주시,대원운수,30-17,222000204,마석역,222000010,화도정수장,222000215,N,20230221
6805,남양주시,대원운수,45168,222000205,청소년도움센터,222000013,청소년도움센터,222000009,N,20230221
6806,남양주시,대원운수,M2352,222000209,호평동차고지(경유),277102488,잠실광역환승센터,123000611,N,20230221
6807,남양주시,대원운수,M2353,222000210,차고지대기(경유),277104596,잠실광역환승센터,123000611,N,20230221
6808,남양주시,경기버스,45048,222000211,봉영사,222000711,양지리,222000619,N,20230221
6809,남양주시,대원운수,1670-1,222000213,연대농장입구.도곡리종점,222000267,잠실역,123000511,N,20230221
6810,남양주시,경기운수,45051,222000214,접동마을,222001123,신영지웰.원일플로라아파트,222001386,N,20230221
6811,남양주시,대원운수,45083,222000215,군장리종점,222001020,금곡동구종점,222000315,N,20230221
6812,남양주시,대원운수,58,222000216,중흥아파트,222000148,다산정약용유적지.실학박물관,222001325,N,20230221
6813,남양주시,대원운수,땡큐58-3,222000217,대성리,239000682,도농역.동화중고교.부영A(중),222001321,N,20230221
6814,남양주시,경기운수,45204,234000028,호평동차고지,222000824,당고개역,110000650,N,20230221
6815,남양주시,대원운수,330-1,234000041,비금리,222000800,현대코아,105000199,N,20230221
6909,시흥시,시흥-시흥교통,8,241230001,능곡공영차고지,224000856,시흥시청역,224000586,N,20230221
6910,시흥시,시흥-시흥교통,45139,241230002,능곡공영차고지,224000856,시흥시청역,224000586,N,20230221
6911,시흥시,시흥-시흥교통,5(시흥),241230003,갯골생태공원,224000610,성원.동아아파트,224000534,N,20230221
6912,시흥시,시흥-녹색교통,1-A,241374002,시흥대야역.영남아파트,224000374,시흥대야역.영남아파트,224000374,N,20230221
6913,시흥시,시흥-녹색교통,1-B,241374003,시흥대야역.영남아파트,224000377,시흥대야역.영남아파트,224000377,N,20230221
6914,시흥시,시흥-녹색교통,N1-A,241374005,시흥대야역.영남아파트,224000374,시흥대야역.영남아파트,224000374,N,20230221
6915,시흥시,시흥-녹색교통,N1-B,241374006,시흥대야역.영남아파트,224000377,시흥대야역.영남아파트,224000377,N,20230221
6916,시흥시,시흥-녹색교통,5(녹색),241374007,갯골생태공원,224000610,성원.동아아파트,224000534,N,20230221
6917,시흥시,시흥-녹색교통,6,241374008,남왕마을서측.하늘휴게소하부,224000614,논곡동,224000223,N,20230221
6918,시흥시,시흥-녹색교통,45078,241374009,남왕마을서측.하늘휴게소하부,224000614,시흥시공공직장어린이집,224000760,N,20230221
6919,시흥시,시흥-녹색교통,3-A,241374015,신천중학교,224000360,신천중학교,224000360,N,20230221
6920,시흥시,시흥-녹색교통,3-B,241374016,신천중학교,224000397,신천중학교,224000397,N,20230221
6921,안산시,경원여객,707,216000001,경인합섬앞,217000293,수원역.노보텔수원,202000208,N,20230221
6922,안산시,태화상운,66,216000002,반월역앞,216000150,안산역(도로변),217000301,N,20230221
6923,안산시,경원여객,71,216000003,경인합섬앞,217000293,근로복지공단안산병원,216000260,N,20230221
6924,안산시,경원여객,22,216000004,자원재생공사,224000501,삼천리마을앞,216000322,N,20230221
6925,안산시,써클라인,125,216000006,홈플러스,224000620,본오1동행정복지센터,216000097,N,20230221
6926,안산시,태화상운,123,216000007,세영리첼,233001910,탄도,217000576,N,20230221
6927,안산시,태화상운,727-1,216000009,말부흥종점,217000529,말부흥종점,217000666,N,20230221
6928,안산시,경원여객,36161,216000010,본오동종점,216000053,새솔고,233003144,Y,20230221
6929,안산시,경원여객,55,216000011,본오동종점,216000053,오이도차고지,224000743,Y,20230221
6930,안산시,경원여객,62,216000016,본오동종점,216000053,한라비발디1차,224001001,Y,20230221
6931,안산시,경원여객,45138,216000019,한라2차아파트입구,225000140,부천역차고지,211000232,Y,20230221
6932,안산시,경원여객,38,216000020,부천역차고지,211000139,매화지하차도,224001116,Y,20230221
6933,안산시,경원여객,301,216000021,본오아파트앞,216000031,여의도환승센터(1번승강장),118000513,N,20230221
6934,안산시,경원여객,88,216000023,본오아파트앞,216000031,중앙역1번출구,217000140,N,20230221
6935,안산시,경원여객,3100,216000026,신안산대학교,217000283,강남역우리은행,121000974,N,20230221
6936,안산시,경원여객,501A,216000030,경원여객,217000188,경원여객종점,217000156,N,20230221
6937,안산시,태화상운,727,216000031,메추리섬입구,217000751,남사리,217000609,N,20230221
6938,안산시,경원여객,25934,216000035,경인합섬앞,217000293,안산대학교입구,216000267,N,20230221
6939,안산시,경원여객,10,216000037,중앙역1번출구,217000140,새솔고,233003145,N,20230221
6940,안산시,경원여객,5,216000041,경원여객,217000188,안산역,217000219,N,20230221
6941,안산시,경원여객,3101,216000043,신안산대학교,217000283,강남역우리은행,121000974,N,20230221
6942,안산시,경원여객,M6410,216000044,사리울중학교,165000924,강남역서초현대타워앞,121000541,N,20230221
6943,안산시,경원여객,5609,216000046,그랑시티자이214동앞,216000386,여의도환승센터(2번승강장),118000007,N,20230221
6944,안산시,경원여객,45017,216000049,본오아파트종점,216000672,한대앞역2번출구,216000722,N,20230221
6945,안산시,경원여객,45139,216000051,현대아파트,216000676,삼천리마을,216000675,N,20230221
6946,안산시,경원여객,500,216000054,고잔역1번출구,217000466,경원여객종점,217000156,N,20230221
6947,안산시,경원여객,501B,216000055,경원여객,217000188,경원여객종점,217000156,N,20230221
6948,안산시,경원여객,300,216000060,중앙역1번출구,217000140,대부해양본부,217000616,N,20230221
6949,안산시,경원여객,9,216000066,선부동차고지,217000066,중앙역1번출구,217000140,N,20230221
6950,안산시,경원여객,20,216000067,경원여객,217000188,시흥시청후문.종합일자리센터,224000778,N,20230221
6951,안산시,경원여객,45200,216000068,상록수역앞,216000145,푸르지오6차후문,216000020,N,20230221
6952,안산시,경원여객,707-1,216000070,신안산대학교,217000283,수원역.노보텔수원,202000208,N,20230221
6953,안산시,경원여객,3,216000073,푸르지오6차후문,216000222,안산초교,216000702,N,20230221
6954,안산시,경원여객,7,216000074,양상동종점,216000333,상록구청.상록수보건소,216000331,N,20230221
6955,안산시,경원여객,50,216000075,안산해솔초등학교,216000358,KTX광명역1번출구,213000487,N,20230221
6956,안산시,경원여객,34,216000076,안산운전면허시험장,217000720,월곶동주민센터.월곶포구,224000126,N,20230221
7058,안성시,백성운수,45113,231000101,공도시외버스정류장,231001012,원곡지방산업단지,231001239,N,20230221
7059,안성시,백성운수,45114,231000103,공도시외버스정류장,231001012,양성터미널,231000076,N,20230221
7060,안성시,백성운수,45051,231000105,대우아파트,231000019,금화아파트,231000163,Y,20230221
7061,안성시,백성운수,100-3,231000106,인삼농협앞,231000311,서운면사무소,231000770,Y,20230221
7062,안성시,백성운수,12816,231000108,삼죽,231000856,백암터미널,228001584,N,20230221
7063,안성시,백성운수,45031,231000109,인삼농협앞,231000311,서삼삼거리,231001033,N,20230221
7064,안성시,백성운수,45115,231000111,임광그대가아파트1단지앞,231001244,서안성농협,231001317,N,20230221
7065,안성시,백성운수,380,231000118,안성종합버스터미널앞,231001279,안성버스종합터미널앞,231001277,N,20230221
7066,안성시,백성운수,45206,231000119,안성종합버스터미널,231001273,개리촌마을회관,231001344,N,20230221
7067,안성시,백성운수,44946,231000121,인지사거리,231000576,인지사거리,231000310,N,20230221
7068,안성시,백성운수,45140,231000122,안성종합버스터미널,231001273,법전리법전,231000141,N,20230221
7069,안성시,백성운수,44968,231000125,성모병원입구,231000301,홍익아파트117동,231000622,N,20230221
7070,안성시,백성운수,44931,231000126,봉산로터리,231001359,봉산로터리,231001360,N,20230221
7071,안성시,백성운수,13516,231000128,여주터미널,237000980,(구)안성터미널,231000284,N,20230221
7072,안성시,백성운수,45139,231000132,대우경남아파트.안성의료원,231000325,내리삼거리,231001060,N,20230221
7073,안양시,보영운수,15,208000001,창박골,208000027,수리동성당,225000239,N,20230221
7074,안양시,보영운수,44972,208000002,창박골,208000027,롯데케미칼,226000036,N,20230221
7075,안양시,보영운수,45232,208000004,군포공영차고지,225000180,갯마을앞(중),119000289,Y,20230221
7076,안양시,보영운수,45235,208000005,군포공영차고지,225000180,갯마을앞(중),119000289,N,20230221
7077,안양시,보영운수,45233,208000006,창박골,208000027,잠실종합운동장,123000065,Y,20230221
7078,안양시,삼영운수,1,208000007,평촌차고지,209000076,구로디지털단지역(중),120000674,N,20230221
7079,안양시,삼영운수,3,208000008,평촌차고지,209000076,광명성애병원,213000124,Y,20230221
7080,안양시,삼영운수,81,208000009,목감호수품애.중흥S클래스,224000876,안양사거리.청원놀이터,208000197,N,20230221
7081,성남시,성남시내버스,331,204000084,성남동대형주차장,205000252,고속철도수서역,122000718,Y,20230221
7082,성남시,성남시내버스,370,204000131,고등마을아파트,204000299,더샵판교퍼스트파크,206000655,Y,20230221
7083,성남시,성남시내버스,231,204000139,기업성장센터,204000340,복정역환승센터1번승강장,123000316,Y,20230221
7084,성남시,대원버스,9200,204000141,위례중학교.엠코타운센트로엘,227000309,서울역버스환승센터(5번승강장)(중),101000005,N,20230221
7085,성남시,성남시내버스,누리1,204000145,성남시영생관리사업소,205000266,쇳골마을.궁내동톨게이트,206000210,N,20230221
7086,성남시,성남시내버스,누리2,204000146,사송동종점,204000143,국군수도병원,206000008,N,20230221
7087,성남시,성남시내버스,누리3,204000147,차고지출발(경유),277101709,럭키타운,206000702,N,20230221
7088,성남시,대원버스,반디1,204000149,오리역,206000040,복정역환승센터1번승강장,123000316,N,20230221
7089,성남시,대원버스,반디1-1,204000150,오리역,206000040,위례중앙중학교,204000235,N,20230221
7090,성남시,대원버스,720-1A,204000151,오리역,206000040,남한산성입구.양지파출소,205000045,Y,20230221
7091,성남시,대원버스,반디2,204000152,오리역,206000040,남한산성입구,204000136,N,20230221
7092,성남시,대원버스,9400,204000153,자동차검사소.산성아파트,205000032,지하철2호선.강남역(중),121000012,N,20230221
7093,성남시,성남시내버스,누리4,204000155,사송동.종점,204000215,동원동,206000229,N,20230221
7094,성남시,대원버스,9800,204000156,영원무역,205000033,지하철2호선.강남역(중),121000012,N,20230221
7095,성남시,성남시내버스,342,204000159,영원무역,205000033,청계산옛골,204000245,N,20230221
7096,성남시,대원버스,310,204000163,오리역,206000040,기업성장센터,204000341,N,20230221
7097,성남시,대원버스,3100,204000170,기업성장센터,204000340,우림아파트,234001269,N,20230221
7098,성남시,성남시내버스,53,204000171,남위례역,204000180,남한산성(종점),234000460,N,20230221
7099,성남시,대원버스,4103,204000172,판교대장로동측,206000853,서울역버스환승센터(5번승강장)(중),101000005,N,20230221
7100,성남시,대원버스,811,204000173,도촌9단지후문,205000229,수진역.성호시장.성일중고입구,204000007,N,20230221
7101,성남시,성남시내버스,810,204000174,그린빌리지,205000191,수진역.성호시장.성일중고입구,205000002,N,20230221
7102,성남시,대원버스,333,205000002,자동차검사소.산성아파트,205000032,안양역,208000069,N,20230221
7103,성남시,대원버스,44986,205000003,광주차고지,234000600,사기막골,205000085,Y,20230221
7104,성남시,대원버스,300,206000003,오리역,206000040,은대미,234000227,Y,20230221
7105,성남시,대원버스,101,228000179,오리역,206000040,잠실광역환승센터,123000611,N,20230221
7106,성남시,경기고속,9000,234000002,성우스타우스,206000405,서울역버스환승센터(5번승강장)(중),101000005,N,20230221
7107,성남시,경기고속,3500,234000051,오리역,206000040,케피코경기외국어고등학교,225000267,N,20230221
7108,성남시,대원버스,9300,234000886,도촌동9단지앞,205000227,서울역버스환승센터(5번승강장)(중),101000005,N,20230221
7109,성남시,경기고속,M4102,234001159,오리역,206000040,숭례문,101000026,N,20230221
7110,성남시,경기고속,8109,234001236,구미동차고지(경유),277103068,킨텍스제2전시장,219000676,N,20230221
7111,성남시,경기고속,8106,234001237,구미동차고지(경유),277103068,상동역1번출구.부천터미널소풍.홈플러스,210000327,N,20230221
7112,성남시,경기고속,2593224,234001574,단국대학교.죽전야외음악당.성현마을2단지,228000999,서울역버스환승센터(5번승강장)(중),101000005,N,20230221
7113,성남시,성남-성남여객버스,32143,241213002,성남동대형주차장,205000252,영원무역,205000033,N,20230221
7114,성남시,성남-성남여객버스,88,241213006,차고지출발(경유),277103083,영원무역,205000033,N,20230221
7115,성남시,성남-성남여객버스,87,241213007,성남동대형주차장,205000252,사기막골,205000085,N,20230221
7116,성남시,성남-성남여객버스,86,241213008,성남동대형주차장,205000252,남위례역,204000180,N,20230221
7117,성남시,성남-분당마을버스,44987,241215001,AK플라자2층,206000436,요한성당,206000504,N,20230221
7118,성남시,성남-분당마을버스,44986,241215002,센트럴타운3단지,205000273,AK플라자2층,206000436,N,20230221
7119,성남시,성남-분당마을버스,3,241215003,판교역북편,206000679,요한성당,206000504,N,20230221
7120,성남시,성남-분당마을버스,73,241215005,판교역남편,206000683,판교풍경채5단지,206000471,N,20230221
7121,성남시,성남-분당마을버스,26665,241215006,산들마을아파트,205000197,이노밸리A동.오콘,206000744,N,20230221
7122,성남시,성남-분당마을버스,26696,241215008,산들마을아파트,205000197,기업성장센터,204000341,N,20230221
7123,성남시,성남-분당마을버스,82,241215009,목련마을SK아파트(마을),206000073,판교역북편,206000679,N,20230221
7124,성남시,성남-성남마을버스,44990,241216003,벽산테크노피아.성남소각장,205000036,새마을금고,205000340,N,20230221
7125,성남시,성남-성남마을버스,44989,241216004,숭신여자중고교.래미안금광아파트,205000068,성남시의료원정문,204000149,N,20230221
7126,성남시,성남-영상교통,7,241217001,상대원1동행정복지센터,205000371,신흥역4번출구(마을),204000248,N,20230221
7127,성남시,성남-영상교통,45109,241217002,상대원1동행정복지센터,205000371,신흥역4번출구(마을),204000248,N,20230221
7128,성남시,성남-은행마을버스,10,241218001,신흥역.종합시장(마을),205000281,남한산성입구,205000329,N,20230221
7129,성남시,성남-은행마을버스,45200,241218002,신흥역.종합시장(마을),205000281,주공아파트계단,205000331,N,20230221
7130,성남시,성남-은행마을버스,45201,241218003,성남시의료원정문,204000149,은행2동행정복지센터,205000370,N,20230221
7131,성남시,성남-진아교통,109,241219001,정자역(마을),206000908,정자역(마을),206000908,N,20230221
7132,성남시,성남-진아교통,111(맞춤형),241219002,정자역,206000189,KT(마을),206000905,N,20230221
7133,성남시,성남-진아교통,117,241219003,더샵판교퍼스트파크,206000719,KT(마을),206000905,N,20230221
7134,성남시,성남-진아교통,115,241219004,롯데백화점,206000840,주택단지상가앞,206000828,N,20230221
7135,성남시,성남-진아교통,107,241219006,더샵판교퍼스트파크,206000719,판교역동편,206000637,N,20230221
7136,성남시,성남-진아교통,111,241219007,정자역,206000189,서울대병원,206000261,N,20230221
7137,성남시,성남-진아교통,109-1,241219008,정자역(마을),206000908,태재고개,234000451,N,20230221
7138,성남시,성남-진아교통,105,241219009,정자역,206000198,현대중공업R&D센터,206000059,N,20230221
7139,성남시,성남-광성운수,44988,241220001,삼정아파트,204000217,파라다이스아파트앞,234000260,N,20230221
7140,성남시,성남-신도양,45139,241221001,목련마을SK아파트(마을),206000073,매화마을주공4단지,206000676,N,20230221
7141,성남시,성남-신도양,8,241221002,목련마을SK아파트(마을),206000073,장애인복지센터,205000143,N,20230221
7142,성남시,성남-신도양,77,241221003,봉국사,204000250,가천대역(마을),204000259,N,20230221
7143,성남시,성남-신도양,75,241221004,야탑역.종합버스터미널(전면),206000157,산운마을12단지,206000651,N,20230221
7144,성남시,성남-신도양,78,241221007,가천대역(마을),204000259,성남시의료원정문,204000149,N,20230221
7145,성남시,성남-대일교통,7,241222003,보바스기념병원,206000849,서울대병원,206000261,N,20230221
7146,성남시,성남-대일교통,45108,241222004,미금역3번출구(마을),206000852,서울대병원,206000261,N,20230221
7147,성남시,성남-대일교통,32,241222005,미금역.청솔마을.2001아울렛,206000095,분당구청.서현역,206000601,N,20230221
7148,성남시,성남-대일교통,37,241222008,미금역.청솔마을.2001아울렛,206000095,판교대장초·중학교,206000656,N,20230221
7149,성남시,성남-성남교통,602,241223003,분당동행정복지센터,206000049,사송동.수자원공사(마을),204000277,N,20230221
7150,성남시,성남-성남교통,602-1A,241223004,율동공원,206000287,실리콘파크.삼성중공업,206000904,N,20230221
6957,안산시,경원여객,6,216000077,화정동.종점,217000687,중앙역1번출구,217000140,N,20230221
6958,안산시,경원여객,2,216000078,경원여객,217000188,안산역(도로변),217000626,N,20230221
6959,안산시,태화상운,737,216000079,전곡항,233001912,방아머리,217000536,N,20230221
6960,안산시,써클라인,80A,216000081,안산해솔초등학교,216000358,안산갈대습지,216000387,N,20230221
6961,안산시,써클라인,80B,216000082,안산해솔초등학교,216000358,안산갈대습지,216000387,N,20230221
6962,안산시,경원여객,8,216000083,안골마을,216000247,삼천리마을앞,216000322,N,20230221
6963,안산시,경원여객,90,216000084,삼천리마을앞,216000321,상록수역3번출구건너편,216000138,N,20230221
6964,안산시,경원여객,16,216000085,상록수역3번출구건너편,216000138,새솔고,233003145,N,20230221
6965,안산시,써클라인,70A,216000086,선부역1번출구.근로복지관,217000735,선부역1번출구.근로복지관,217000735,N,20230221
6966,안산시,써클라인,70B,216000087,선부역3번출구,217000734,선부역3번출구,217000734,N,20230221
6967,안산시,경원여객,45170,216000088,선부동차고지,217000066,중앙역1번출구,217000140,N,20230221
6968,안산시,경원여객,51,216000090,부곡동산림욕장,216000327,부곡제2종합시장,216000043,N,20230221
6969,안산시,태화상운,123-1,216000091,세영리첼,233001910,탄도,217000576,N,20230221
6970,안산시,써클라인,60A,216000092,중앙역2번출구,217000264,중앙역2번출구,217000264,N,20230221
6971,안산시,써클라인,60B,216000093,중앙역2번출구,217000264,중앙역2번출구,217000264,N,20230221
6972,안산시,경원여객,511A,216000094,경원여객,217000188,달미역,217000794,N,20230221
6973,안산시,경원여객,511B,216000095,경원여객,217000188,달미역,217000794,N,20230221
6974,안산시,경원여객,3100N,216000096,신안산대학교,217000283,강남역우리은행,121000974,N,20230221
6975,안산시,써클라인,N60A,216000097,중앙역2번출구,217000264,중앙역2번출구,217000264,N,20230221
6976,안산시,써클라인,N60B,216000098,중앙역2번출구,217000264,중앙역2번출구,217000264,N,20230221
6977,안산시,써클라인,N70A,216000099,선부역1번출구.근로복지관,217000735,선부역1번출구.근로복지관,217000735,N,20230221
6978,안산시,써클라인,N70B,216000100,선부역3번출구,217000734,선부역3번출구,217000734,N,20230221
6979,안산시,써클라인,N80A,216000101,안산해솔초등학교,216000358,안산갈대습지,216000387,N,20230221
6980,안산시,써클라인,N80B,216000102,안산해솔초등학교,216000358,안산갈대습지,216000387,N,20230221
6981,안산시,경원여객,101,217000002,경원여객,217000188,사리운동장,216000319,Y,20230221
6982,안산시,경원여객,52,217000003,경원여객,217000188,본오아파트앞,216000031,Y,20230221
6983,안산시,경원여객,77,217000004,선부동차고지,217000066,부곡중학교,216000044,Y,20230221
6984,안산시,경원여객,511,217000005,경원여객,217000188,달미역,217000794,N,20230221
6985,안산시,경원여객,61,217000006,화진금속공업,217000367,부천터미널소풍,210000160,N,20230221
6986,안산시,경원여객,99,217000007,오이도차고지,224000738,삼천리마을앞,216000322,N,20230221
6987,안산시,경원여객,350,217000012,경원여객안양차고지,209000120,함상전망대,224000244,N,20230221
6988,안산시,경원여객,320,217000013,경원여객,217000188,여의도환승센터(1번승강장),118000513,N,20230221
6989,안산시,경원여객,110,217000014,선부동차고지,217000066,수원역.노보텔수원,202000208,N,20230221
6990,안산시,경원여객,30,224000012,오이도차고지,224000738,광덕중학교,216000041,N,20230221
6991,안산시,경원여객,10990,224000014,오이도차고지,224000738,목감중심상업지구,224000050,Y,20230221
6992,안산시,경원여객,98,224000015,오이도차고지,224000738,수변공원휴게소,216000651,N,20230221
6993,안산시,경원여객,76,224000016,본오교회앞,216000096,동보아파트후문.군자교회,224000924,N,20230221
6994,안성시,백성운수,370,231000005,일죽터미널,231001191,평택시외버스터미널(시내),214000839,N,20230221
6995,안성시,백성운수,70,231000006,안성종합버스터미널,231001273,평택시외버스터미널(시내),214000839,Y,20230221
6996,안성시,백성운수,1,231000007,안성종합버스터미널,231001273,810관원형관앞,231000257,N,20230221
6997,안성시,백성운수,44929,231000011,안성종합버스터미널,231001273,안성종합버스터미널,231001274,N,20230221
6998,안성시,백성운수,2,231000012,인삼농협앞,231000311,연내동,231000608,N,20230221
6999,안성시,백성운수,44958,231000013,인삼농협앞,231000311,조령,231000609,N,20230221
7000,안성시,백성운수,44959,231000014,태영아파트,231000017,홍익아파트117동,231000622,N,20230221
7001,안성시,백성운수,44960,231000015,태영아파트,231000017,홍익아파트117동,231000622,N,20230221
7002,안성시,백성운수,45108,231000016,안성종합버스터미널,231001273,서해그랑블아파트.롯데마트,231000637,N,20230221
7003,안성시,백성운수,44927,231000018,하나로마트,231000304,방축리,231000743,N,20230221
7004,안성시,백성운수,44928,231000019,봉산로터리,231001359,신령리.수산나네집,231001319,N,20230221
7005,안성시,백성운수,44930,231000020,하나로마트,231000304,구)공도정류장,231000239,N,20230221
7006,안성시,백성운수,44932,231000021,하나로마트,231000304,양성터미널,231000076,N,20230221
7007,안성시,백성운수,44935,231000023,하나로마트,231000304,양성터미널,231000076,N,20230221
7008,안성시,백성운수,44934,231000024,안성두원공업고등학교,231000675,주정동,231001149,N,20230221
7009,안성시,백성운수,7,231000025,안성종합버스터미널,231001273,원곡제일오투그란데아파트,231000720,N,20230221
7010,안성시,백성운수,45109,231000026,안성종합버스터미널,231001273,양성터미널,231000076,N,20230221
7011,안성시,백성운수,45111,231000027,하나로마트,231000304,산하리,231001134,N,20230221
7012,안성시,백성운수,45110,231000028,안성종합버스터미널,231001273,신용정,231000712,N,20230221
7013,안성시,백성운수,44941,231000029,인삼농협앞,231000311,하남,231000334,N,20230221
7014,안성시,백성운수,44972,231000030,인삼농협앞,231000311,상가,231000448,N,20230221
7015,안성시,백성운수,45000,231000031,인삼농협앞,231000311,동양리,231000737,N,20230221
7016,안성시,백성운수,15,231000032,인삼농협앞,231000311,원삼,228001597,N,20230221
7017,안성시,백성운수,60,231000033,안성종합버스터미널,231001273,미리내전통테마마을.실버타운,231001056,N,20230221
7018,안성시,백성운수,21976,231000034,안성종합버스터미널,231001273,미리내성지종점,231000375,N,20230221
7019,안성시,백성운수,21916,231000035,하나로마트,231000304,무어산,231001295,N,20230221
7020,안성시,백성운수,20,231000037,안성종합버스터미널,231001273,청용사,231000776,N,20230221
7021,안성시,백성운수,45005,231000040,인지사거리,231000576,독정리,231001197,N,20230221
7022,안성시,백성운수,44977,231000041,인지사거리,231000576,서운면사무소,231000770,N,20230221
7023,안성시,백성운수,45097,231000042,인지사거리,231000576,서운면사무소,231000771,N,20230221
7024,안성시,백성운수,100,231000045,인삼농협앞,231000311,상중리상촌,231000792,N,20230221
7025,안성시,백성운수,100-1,231000046,인삼농협앞,231000311,발화동,231000793,N,20230221
7026,안성시,백성운수,100-2,231000047,인삼농협앞,231000311,논실마을,231001352,N,20230221
7027,안성시,백성운수,18295,231000049,안성종합버스터미널,231001273,사동,231000810,N,20230221
7028,안성시,백성운수,18323,231000050,안성종합버스터미널,231001273,대성가스,231000353,N,20230221
7029,안성시,백성운수,18264,231000051,안성종합버스터미널,231001273,쌍지리,231000363,N,20230221
7030,안성시,백성운수,18384,231000053,대천공판장,231000262,양성터미널,231000076,N,20230221
7031,안성시,백성운수,18415,231000054,대천공판장,231000262,대천공판장,231000261,N,20230221
7032,안성시,백성운수,18445,231000056,안성종합버스터미널,231001273,미리내성지종점,231000375,N,20230221
7033,안성시,백성운수,17,231000058,죽산시외버스터미널,231000840,광혜원,500000040,N,20230221
7034,안성시,백성운수,35,231000059,(구)안성터미널,231000302,백암터미널,228001584,N,20230221
7035,안성시,백성운수,44987,231000061,죽산시외버스터미널,231000840,산직.칠장사,231000425,N,20230221
7036,안성시,백성운수,44986,231000062,죽산시외버스터미널,231000840,하장경로당,231001062,N,20230221
7037,안성시,백성운수,44988,231000064,죽산시외버스터미널,231000840,덕산낚시터,231000866,N,20230221
7038,안성시,백성운수,44989,231000065,죽산시외버스터미널,231000840,죽산터미널,231000841,N,20230221
7039,안성시,백성운수,44990,231000067,죽산시외버스터미널,231000840,일죽터미널,231000393,N,20230221
7040,안성시,백성운수,44992,231000068,일죽터미널,231001191,산북리마을회관,231000934,N,20230221
7041,안성시,백성운수,44993,231000069,일죽터미널,231001191,대죽4리입구,230001300,N,20230221
7042,안성시,백성운수,44994,231000070,일죽터미널,231001191,율동경로당,231001300,N,20230221
7043,안성시,백성운수,44996,231000071,일죽터미널,231001191,죽림리.종배,231001118,N,20230221
7044,안성시,백성운수,3,231000072,일죽터미널,231001191,삼성터미널,281000010,N,20230221
7045,안성시,백성운수,44962,231000073,인삼농협앞,231000311,연내동,231000608,N,20230221
7046,안성시,백성운수,44963,231000074,인삼농협앞,231000311,연내동,231000608,N,20230221
7047,안성시,백성운수,44965,231000075,인삼농협앞,231000311,조령,231000609,N,20230221
7048,안성시,백성운수,45201,231000078,안성종합버스터미널,231001273,신계리,231000135,Y,20230221
7049,안성시,백성운수,45205,231000081,인지사거리,231000576,미양면사무소,231000177,N,20230221
7050,안성시,백성운수,45203,231000082,인지사거리,231000576,농협안성농식품물류센터,231001380,N,20230221
7051,안성시,백성운수,5,231000085,안성종합버스터미널,231001273,독정리,231001001,N,20230221
7052,안성시,백성운수,45048,231000086,안성종합버스터미널,231001273,독정리입구,231001003,N,20230221
7053,안성시,백성운수,45047,231000088,인지사거리,231000576,인지사거리,231000310,N,20230221
7054,안성시,백성운수,13881,231000090,인삼농협앞,231000311,기동마을.텃골,231001024,N,20230221
7055,안성시,백성운수,37,231000094,(구)안성터미널,231000302,여주터미널,237000980,Y,20230221
7056,안성시,백성운수,18476,231000099,대천공판장,231000262,미리내성지종점,231000375,N,20230221
7057,안성시,백성운수,45112,231000100,공도시외버스정류장,231001012,양성터미널,231000076,N,20230221
6816,남양주시,대원운수,100,234000873,진벌리차고지(경유),277102442,강변역(B),104000280,N,20230221
6817,남양주시,경기고속,M2323,234001476,호평동차고지,222000824,잠실광역환승센터,123000611,N,20230221
6818,남양주시,대원운수,1000-1,234001511,호평동차고지,222000824,잠실광역환승센터,123000611,N,20230221
6819,남양주시,경기버스,11,236000050,소학1리,236000596,강변역(A),104000183,N,20230221
6820,남양주시,남양주-덕소교통,땡큐99,241344001,한강우성.해태아파트,222001740,금곡동구종점.금곡초교,222000141,N,20230221
6821,남양주시,남양주-덕소교통,36161,241344002,동부센트레빌.덕소아이파크,222001004,자운동,222001876,N,20230221
6822,남양주시,남양주-덕소교통,36192,241344003,동부센트레빌.덕소아이파크,222001004,예봉산등산로입구.어룡,222001867,N,20230221
6823,남양주시,남양주-덕소교통,99-1A,241344004,동부센트레빌.덕소아이파크,222001004,안골,222001883,N,20230221
6824,수원시,용남고속,8800예약,200000297,구법원사거리,203000068,서울역버스환승센터(6번승강장)(중),101000006,N,20230221
6825,수원시,경진여객,P9100(출근),200000307,호매실엔루체,201000458,판교제2테크노밸리,204000064,N,20230221
6826,수원시,경진여객,P9100(퇴근),200000308,판교제2테크노밸리,204000060,호매실엔루체,201000440,N,20230221
6827,수원시,성우운수,4000,200000314,수원남부공영차고지(경유),274114361,사송동종점,204000142,N,20230221
6828,수원시,수원여객,7-1A,200000315,동탄2차고지,233002292,조원뉴타운,200000047,N,20230221
6829,수원시,용남버스,M5532,223000127,갈곶리삼거리(경유),277102407,사당역4번출구,120000059,N,20230221
6830,수원시,용남고속,777,233000007,수원역.AK플라자,202000106,사당역(중),121001315,Y,20230221
6831,수원시,용남고속,34,233000011,수원시동부차고지,203000360,장안대학,233000833,N,20230221
6832,수원시,용남고속,12420,233000012,수원시동부차고지,203000360,장안대학,233000833,N,20230221
6833,수원시,경진여객,7770,233000031,수원역,202000088,사당역(중),121001315,N,20230221
6834,수원시,경진여객,7780,233000032,능실마을21단지.수원여대입구,201000448,사당역(중),121001315,N,20230221
6835,수원시,수원여객,30,233000083,이목동차고지.이목동입구,200000165,수원대학교,233000576,Y,20230221
6836,수원시,수원여객,42,233000087,이목동차고지.이목동입구,200000165,봉담읍행정복지센터,233000836,Y,20230221
6837,수원시,경진여객,9802,233000271,수원역.AK플라자,202000262,경진여객차고지,233000412,N,20230221
6838,수원시,경진여객,8472,233000272,수원역.AK플라자,202000262,안중터미널.안중보건지소,214001445,N,20230221
6839,수원시,경진여객,8471,233000273,수원역.AK플라자,202000262,안중터미널.안중보건지소,214001445,N,20230221
6840,수원시,한국스마트버스협동조합,P9110(출근),233000355,수원아이파크시티.선일초교,201000430,서울역버스환승센터(6번승강장)(중),101000006,N,20230221
6841,수원시,한국스마트버스협동조합,P9110(퇴근),233000356,서울역버스환승센터(6번승강장)(중),101000006,선일초등학교,201000199,N,20230221
6842,수원시,대원고속,1007-1,234000013,대광빌리지,203000049,잠실역.롯데월드,123000057,N,20230221
6843,수원시,대원고속,1112,234000016,경희대차고지,228000706,테크노마트앞.강변역(C),104000279,N,20230221
7153,성남시,성남-미금마을버스,2,241224001,서울대병원,206000261,현대중공업R&D센터,206000059,N,20230221
6844,수원시,경기고속,M5107,234001243,경희대차고지(경유),277103088,서울역버스환승센터(6번승강장)(중),101000006,N,20230221
6845,수원시,경기고속,M5121,234001317,삼성전자중앙문,203000023,서울역버스환승센터(6번승강장)(중),101000006,N,20230221
6846,수원시,수원-광교운수,1,241201001,우만3단지.우만초교,202000141,호반마을광교21단지,203000059,N,20230221
6847,수원시,수원-광교운수,2,241201002,호반마을광교21단지,203000059,경기대후문,203000036,N,20230221
6848,수원시,수원-광교운수,6,241201005,경기대후문,203000033,수원역푸르지오자이.쌍우물택시쉼터,202000260,N,20230221
6849,수원시,수원-광교운수,7,241201006,호반마을광교21단지,203000059,지동시장,202000140,N,20230221
6850,수원시,수원-율전마을버스,44958,241202001,동원고(마을),200000129,조원주공아파트,200000335,N,20230221
6851,수원시,수원-율전마을버스,44962,241202003,동원고(마을),200000129,STX칸아파트.현대힐스테이트204동앞,200000328,N,20230221
6852,수원시,수원-동방운수,21,241203001,계명고등학교,200000365,권선꿈에그린동문,201000129,N,20230221
6853,수원시,수원-서부여객,27,241204001,수원여대회차장,201000557,롯데마트,200000411,N,20230221
6854,수원시,수원-서부여객,25,241204002,쌍용아파트,201000537,성균관대역(마을),200000431,N,20230221
6855,수원시,수원-서부여객,44953,241204003,송촌아파트,200509100,화서역,202000090,N,20230221
6856,수원시,수원-서부여객,44984,241204004,권선꿈에그린남문.중앙요양원,201000361,수원역환승센터(10승강장),201000596,N,20230221
6857,수원시,수원-서부여객,44982,241204006,성균관대역(마을),200000431,서수원레이크푸르지오2단지,201000460,N,20230221
6858,수원시,수원-서부여객,45012,241204007,화서역,202000090,수원역(마을),202000182,N,20230221
6859,수원시,수원-서부여객,45073,241204008,송촌아파트,200509100,천천푸르지오,200000199,N,20230221
6860,수원시,수원-서부여객,45104,241204009,권선꿈에그린남문.중앙요양원,201000361,수원역환승센터(10승강장),201000596,N,20230221
6861,시흥시,시흥교통,12,210000027,삼미시장,224000545,한국공항공사,115000298,N,20230221
6862,시흥시,시흥교통,97,216000040,푸르지오6차후문,216000222,능곡어울림센터.능곡중,224000773,N,20230221
6863,시흥시,시흥교통,5602,216000047,이마트,224000567,구로디지털단지역(중),120000674,N,20230221
6864,시흥시,경원여객,6501,216000089,시흥능곡역2번출구,224000540,사당역3번출구,121000166,N,20230221
6865,시흥시,시흥교통,32,217000009,경원여객안양차고지,209000120,풍림2단지.소래포구입구,224000084,N,20230221
6866,시흥시,시흥교통,21,224000002,오이도차고지,224000738,태영아파트,216000665,N,20230221
6867,시흥시,시흥교통,23,224000003,월곶역,224000093,본오동차고지,216000157,Y,20230221
6868,시흥시,시흥교통,31,224000004,포동차고지,224000915,부천소방서.부천대학사거리,210000005,N,20230221
6869,시흥시,시흥교통,11567,224000005,포동차고지,224000915,부천소방서.부천대학사거리,210000005,N,20230221
6870,시흥시,시흥교통,25,224000007,오이도차고지,224000738,정왕역환승센터,224000837,N,20230221
6871,시흥시,시흥교통,63,224000010,오이도차고지,224000738,시흥대야역.영남아파트,224000374,Y,20230221
6872,시흥시,시흥교통,44946,224000011,정왕역환승센터,224000837,청소년수련관,216000189,N,20230221
6873,시흥시,시흥교통,3200,224000019,포동차고지,224000915,강남역.역삼세무서,122000184,N,20230221
6874,시흥시,시흥교통,26,224000020,시흥우체국.센트럴병원,224000832,신천역.문화의거리,224000299,N,20230221
6875,시흥시,시흥교통,28,224000021,정왕역환승센터,224000837,아쿠아펫랜드,224001135,N,20230221
6876,시흥시,시흥교통,29,224000022,정왕역환승센터,224000837,아쿠아펫랜드,224001135,N,20230221
6877,시흥시,시흥교통,44952,224000027,능곡공영차고지,224000856,이마트,224000567,N,20230221
6878,시흥시,시흥교통,45016,224000028,능곡공영차고지,224000856,부천대학교,210000012,N,20230221
6879,시흥시,시흥교통,530,224000029,능곡공영차고지,224000856,전경련회관,118000076,N,20230221
6880,시흥시,시흥교통,36,224000030,시흥시청후문.종합일자리센터,224000777,성원아파트,224000381,N,20230221
6881,시흥시,시흥교통,7,224000033,시흥푸르지오6차,224000015,정왕역환승센터,224000837,N,20230221
6882,시흥시,시흥교통,36192,224000034,배곧누리초.중흥S클래스,224000652,이마트,224000567,Y,20230221
6883,시흥시,시흥교통,36220,224000035,오이도역,224000163,아쿠아펫랜드,224001135,N,20230221
6884,시흥시,시흥교통,11-A,224000036,생명공원,224000950,기계유통단지,224001017,N,20230221
6885,시흥시,시흥교통,11-B,224000037,생명공원,224000950,시흥우체국.센트럴병원,224000832,N,20230221
6886,시흥시,시흥교통,11-C,224000038,오이도역,224000195,오이도차고지,224000743,N,20230221
6887,시흥시,시흥교통,5604,224000040,목감호수품애.중흥S클래스,224000876,석수역(중),208000037,N,20230221
6888,시흥시,시흥교통,37,224000045,포동차고지,224000915,목감지하차도입구,224000171,N,20230221
6889,시흥시,시흥교통,13516,224000046,포동차고지,224000915,물왕삼거리,224000734,N,20230221
6890,시흥시,시흥교통,3300,224000047,능곡공영차고지,224000856,서초역1번출구,121000060,N,20230221
6891,시흥시,시흥교통,3400,224000050,한국공학대학교.시흥터미널,224000861,강남역.역삼세무서,122000184,N,20230221
6892,시흥시,시흥교통,13,224000051,포동차고지,224000915,은행초등학교,224000382,N,20230221
6893,시흥시,시흥교통,5200,224000052,시흥우체국.센트럴병원,224000832,신도림역,116000016,N,20230221
6894,시흥시,시흥교통,16,224000053,LH2단지후문,224001127,인천대공원역,165000395,N,20230221
6895,시흥시,시흥교통,3500,224000054,오이도차고지,224000738,서울대입구역,120000228,N,20230221
6896,시흥시,시흥교통,3201,224000056,삼미시장,224000545,사당역3번출구,121000166,N,20230221
6897,시흥시,시흥교통,3301,224000057,능곡공영차고지,224000856,사당역(중),121001315,N,20230221
6898,시흥시,시흥교통,60,224000058,한라비발디1차,224000998,신세계프리미엄아울렛,224000996,N,20230221
6899,시흥시,시흥교통,70,224000059,배곧누리초.중흥S클래스,224000652,정왕역,224000023,N,20230221
6900,시흥시,시흥교통,27,224000060,삼미시장,224000545,천왕역4번출구,116900276,N,20230221
6901,시흥시,경원여객,6502,224000061,이마트,224000513,사당역3번출구,121000166,N,20230221
6902,시흥시,시흥교통,33,224000062,정왕역환승센터,224000837,아쿠아펫랜드,224001135,N,20230221
6903,시흥시,한국스마트버스협동조합,P9530(출근),233000362,시흥능곡역2번출구,224000540,목감지하차도입구,224000171,N,20230221
6904,시흥시,한국스마트버스협동조합,P9540(출근),233000363,이마트,224000513,판교제2테크노밸리,204000064,N,20230221
6905,시흥시,한국스마트버스협동조합,P9530(퇴근),233000364,판교제2테크노밸리,204000060,화랑공원동편,206000561,N,20230221
6906,시흥시,한국스마트버스협동조합,P9540(퇴근),233000365,판교제2테크노밸리,204000060,이마트,224000567,N,20230221
6907,시흥시,한국스마트버스협동조합,P9541(출근),233000366,이마트,224000513,사당역3번출구,121000166,N,20230221
6908,시흥시,한국스마트버스협동조합,P9541(퇴근),233000367,사당역14번출구,121001325,이마트,224000567,N,20230221
7243,양평군,금강고속,45023,240000056,양평터미널,240000076,성덕3리.큰골,240000735,N,20230221
7244,양평군,금강고속,45025,240000057,양평터미널,240000076,항금리.문화마을,240000421,N,20230221
7245,양평군,금강고속,45024,240000058,양평터미널,240000076,항금리.문화마을,240000421,N,20230221
7246,양평군,금강고속,45026,240000059,양평터미널,240000076,항금리.문화마을,240000421,N,20230221
7247,양평군,금강고속,45022,240000060,양평터미널,240000076,송학3리종점,240000756,N,20230221
7248,양평군,금강고속,45048,240000062,양평터미널,240000076,개군,240000671,N,20230221
7249,양평군,금강고속,45050,240000063,양평터미널,240000076,내리마을회관종점,240000791,N,20230221
7250,양평군,금강고속,44928,240000064,양평터미널,240000076,여주터미널,237000980,N,20230221
7251,양평군,금강고속,45051,240000067,양평터미널,240000076,곡수삼거리,240001299,N,20230221
7252,양평군,금강고속,44934,240000068,대신터미널,237000169,도롱리종점,237000023,N,20230221
7253,양평군,금강고속,44935,240000069,대신터미널,237000170,양촌리종점,237000006,N,20230221
7254,양평군,금강고속,44927,240000070,양평터미널,240000076,여주터미널,237000980,Y,20230221
7255,양평군,금강고속,44963,240000071,양평터미널,240000076,수곡2리.마을회관,240000809,N,20230221
7256,양평군,금강고속,45087,240000072,양평터미널,240000076,설악터미널,239000374,N,20230221
7257,양평군,금강고속,44929,240000073,양평터미널,240000076,여주터미널,237000980,N,20230221
7258,양평군,금강고속,1,240000075,양평터미널,240000076,여주터미널,237000980,Y,20230221
7259,양평군,금강고속,45047,240000077,양평터미널,240000076,대신터미널,237000170,N,20230221
7260,양평군,금강고속,45049,240000078,양평터미널,240000076,곡수삼거리,237001183,N,20230221
7261,양평군,금강고속,45171,240000080,문호리종점,240000035,서후2리종점,240000986,N,20230221
7262,양평군,금강고속,45140,240000081,양평터미널,240000076,양수역,240000277,N,20230221
7263,양평군,금강고속,45142,240000083,문호리종점,240000203,양수역,240000277,N,20230221
7264,양평군,금강고속,45143,240000085,문호리종점,240000035,양수역,240000277,N,20230221
7265,양평군,금강고속,45176,240000086,문호리종점,240000203,양평터미널,240000072,N,20230221
7266,양평군,금강고속,45115,240000087,용문터미널,240001309,용문산,240000628,N,20230221
7267,양평군,금강고속,22,240000089,용문터미널,240001309,양동역,240001061,N,20230221
7268,양평군,금강고속,45144,240000091,문호리종점,240000203,양수역,240000276,N,20230221
7269,양평군,금강고속,45145,240000092,문호리종점,240000203,석바탕,240000493,N,20230221
7270,양평군,금강고속,45177,240000093,양평터미널,240000076,문호리종점,240000203,N,20230221
7271,양평군,금강고속,45146,240000094,문호리종점,240000203,신안아파트후문,227000038,N,20230221
7272,양평군,금강고속,45027,240000095,양평터미널,240000076,항금리.문화마을,240000421,N,20230221
7273,양평군,금강고속,5,240000096,양평터미널,240000076,계림1리토물,237000018,N,20230221
7274,양평군,금강고속,45053,240000098,양평터미널,240000076,대신터미널,237000170,N,20230221
7275,양평군,금강고속,45054,240000099,양평터미널,240000076,대신터미널,237000170,N,20230221
7276,양평군,금강고속,45081,240000100,양평터미널,240000076,오빈리,240000263,N,20230221
7277,양평군,금강고속,45116,240000102,용문터미널,240001310,망미1리마을회관,240000976,N,20230221
7278,양평군,금강고속,45141,240000104,문호리종점,240000203,목왕리,240000297,N,20230221
7279,양평군,금강고속,45147,240000111,문호리종점,240000203,수입3리마을회관,240000484,N,20230221
7280,양평군,금강고속,44936,240000113,여주종합터미널,237001458,양평터미널,240000072,N,20230221
7281,양평군,금강고속,44932,240000114,대신터미널,237000170,양평터미널,240000072,N,20230221
7282,양평군,금강고속,44937,240000115,여주종합터미널,237001458,양평터미널,240000072,N,20230221
7283,양평군,금강고속,44938,240000116,여주종합터미널,237001458,양평터미널,240000072,N,20230221
7284,양평군,금강고속,44939,240000117,여주종합터미널,237001458,양평터미널,240000072,N,20230221
7285,양평군,금강고속,44961,240000118,용두리터미널,240000342,용문터미널,240001309,N,20230221
7286,양평군,금강고속,3,240000120,양평터미널,240000076,양수리두물머리,240000019,N,20230221
7287,양평군,금강고속,45021,240000121,양평터미널,240000076,수청1리,234000018,N,20230221
7288,양평군,금강고속,44969,240000122,양평터미널,240000076,용두리터미널,240000341,N,20230221
7289,양평군,금강고속,45089,240000124,양평터미널,240000076,용천3리종점,240001056,N,20230221
7290,양평군,금강고속,11,240000125,양평터미널,240000076,여주터미널,237000980,N,20230221
7291,양평군,금강고속,44956,240000126,여주종합터미널,237001458,양평터미널,240000072,N,20230221
7292,양평군,금강고속,44957,240000127,양평터미널,240000076,여주터미널,237000980,N,20230221
7293,양평군,금강고속,1-41,240000128,여주종합터미널,237001458,양평터미널,240000072,N,20230221
7294,양평군,금강고속,1-42,240000130,여주종합터미널,237001458,양평터미널,240000072,N,20230221
7398,오산시,오산교통,31,223000077,오산역환승센터2층(1승강장),223000539,세마역,223000345,N,20230221
7399,오산시,오산교통,111,223000082,오산교통차고지,223000407,화성중고등학교,233000924,N,20230221
7400,오산시,오산교통,8,223000099,오산교통갈곶영업소,223000542,서천마을3단지,228002065,Y,20230221
7401,오산시,오산교통,202,223000100,오산교통차고지,223000407,KT동수원지사,203000069,Y,20230221
7402,오산시,오산교통,9,223000105,오산역환승센터2층(1승강장),223000539,지곶동대림아파트,223000282,Y,20230221
7403,오산시,오산교통,32,223000107,외삼미동입구,223000380,오산역환승센터1층(1승강장),223000537,N,20230221
7404,오산시,오산교통,30,223000130,오산역환승센터2층(1승강장),223000539,원동수자인아파트,223000069,N,20230221
7405,오산시,오산교통,201,223000132,갈곶리삼거리(경유),277102407,푸르지오월드마크.차세대융합기술연구원,203000042,Y,20230221
7406,오산시,오산교통,34,223000136,오산역환승센터2층(1승강장),223000539,지곶동대림아파트,223000282,N,20230221
7407,오산시,오산교통,C1,223000140,오산교통갈곶영업소,223000542,세마역,223000346,Y,20230221
7408,오산시,오산교통,C2,223000145,오산대역후문,223000369,죽미마을입구,223000306,N,20230221
7409,오산시,오산교통,C3,223000146,원4동마을입구,223000414,지곶동대림아파트,223000282,N,20230221
7410,오산시,오산교통,C4,223000147,오산역환승센터2층(1승강장),223000539,오산역환승센터2층(1승강장),223000539,N,20230221
7411,오산시,대원고속,1550-1,234000324,한신대스쿨버스정류장,223000294,신논현역.영신빌딩,121000941,N,20230221
7412,오산시,경기고속,1311,234001251,한라.이림아파트,223000129,강남역도시에빛,121000937,N,20230221
7413,오산시,경기고속,1311B,234001691,한라.이림아파트,223000129,강남역도시에빛,121000937,N,20230221
7414,오산시,대원고속,1552,234001708,한신대스쿨버스정류장,223000294,신논현역.영신빌딩,121000941,N,20230221
7415,오산시,오산-우남여객,33,241358001,우남아파트후문,223000484,오산역환승센터1층(1승강장),223000537,N,20230221
7416,오산시,오산-우남여객,12055,241358002,부자부동산,223000107,오산역환승센터1층(1승강장),223000537,N,20230221
7417,오산시,오산-우남여객,99,241358003,지곶동대림아파트,223000282,오산대역,223000277,N,20230221
7418,오산시,오산-금암마을여객,100,241359003,신동아아파트1차,223000486,오산역환승센터1층(1승강장),223000537,N,20230221
7419,오산시,오산-한신운수,56,241363002,한신대학교,223000317,대림아파트서문,223000498,N,20230221
7420,오산시,오산-오산마을버스,53,241367001,계량골,223000446,오산역환승센터1층(1승강장),223000537,N,20230221
7421,오산시,오산-오산마을버스,88,241367002,LG전자,214002007,오산역환승센터1층(1승강장),223000537,N,20230221
7422,오산시,오산-오산교통,10,241489001,피오레아파트,223000445,오산역환승센터1층(1승강장),223000537,N,20230221
7423,오산시,오산-오산교통,500,241489002,국민은행(마을),223000491,아모레,223000312,N,20230221
7424,오산시,오산-오산교통,90,241489007,오산역환승센터2층(1승강장),223000539,만의사.마을회관,233000160,N,20230221
7425,오산시,오산-오산교통,45170,241489008,국민은행(마을),223000491,한신더휴,233001614,N,20230221
7426,오산시,오산-오산교통,7(학통등교),241489009,효성아파트정문,223000318,매홀중학교,223000172,N,20230221
7427,오산시,오산-오산교통,8(학통등교),241489010,늘푸른오스카빌,223000425,필봉초교.11.12단지.세교고,223000359,N,20230221
7428,오산시,오산-오산교통,9(학통등교),241489011,지곶동대림아파트,223000282,세마중고교,223000331,N,20230221
7429,오산시,오산-오산교통,11(학통등교),241489012,힐스테이트앞.소리울도서관,223000536,성호중고등학교,223000242,N,20230221
7430,오산시,오산-오산교통,11(학통하교),241489013,성호중고등학교,223000242,힐스테이트앞.소리울도서관,223000536,N,20230221
7431,오산시,오산-오산교통,12(학통등교),241489014,원동.동부삼환아파트,223000524,성호중고등학교,223000242,N,20230221
7432,오산시,오산-오산교통,30(학통등교),241489015,오산시티자이1.2단지,223000336,성호중고등학교,223000408,N,20230221
7433,오산시,오산-오산교통,30(학통하교),241489016,성호중고등학교,223000242,오산청호아파트후문,223000373,N,20230221
7434,오산시,오산-오산교통,202(학통하교),241489017,제일아파트.대호중학교,223000106,신동아아파트2차,223000243,N,20230221
7435,오산시,오산-오산교통,202(학통등교),241489018,한라.이림아파트,223000129,제일아파트.대호중학교,223000112,N,20230221
7436,오산시,오산-오산교통,7-1(학통등교),241489019,늘푸른오스카빌,223000424,원룸단지앞,233002005,N,20230221
7437,안양시,삼영운수,45139,208000010,차고지입구,208000236,인덕원센트럴자이아파트사거리,226000016,Y,20230221
7438,안양시,삼영운수,45140,208000011,석수동버스공영차고지(경유),277102421,고천.의왕시청,226000042,N,20230221
7439,안양시,삼영운수,88,208000012,차고지입구,208000236,한라2차아파트입구,225000140,Y,20230221
7440,안양시,삼영운수,6,208000013,차고지입구,208000236,벌말초교.한일나래,226000133,Y,20230221
7441,안양시,삼영운수,20,208000014,송부동행정복지센터.금강4단지,225000430,구로디지털단지역,120000146,N,20230221
7442,안양시,삼영운수,45048,208000015,월암공영차고지(경유),277102717,석수역,208000255,N,20230221
7443,안양시,삼영운수,5,208000016,월암공영차고지(경유),277102717,문래힐스테이트,118000353,N,20230221
7444,안양시,삼영운수,51,208000017,평촌차고지,209000076,구로디지털단지역(중),120000674,Y,20230221
7445,안양시,삼영운수,60,208000018,군포보건소,225000191,해오름공원.동편마을4단지후문,209000254,N,20230221
7446,안양시,삼영운수,9,208000019,차고지입구,208000236,사당역(중),121001315,Y,20230221
7447,안양시,삼영운수,45172,208000020,차고지입구,208000236,사당역4번출구,120000059,Y,20230221
7448,안양시,삼영운수,44928,208000021,석수동버스공영차고지(경유),277102421,한국철도기술연구원후문,226000184,Y,20230221
7449,안양시,삼영운수,44927,208000024,월암공영차고지(경유),277102717,사당역(중),121001315,N,20230221
7450,안양시,보영운수,10,208000025,창박골,208000027,의왕보건소.노인복지관.청소년수련관,226000090,Y,20230221
7451,안양시,보영운수,917,208000026,군포공영차고지,225000180,잠실종합운동장,123000065,N,20230221
7452,안양시,삼영운수,8,208000028,석수동버스공영차고지(경유),277102421,민들레베스파트.우성고,226000031,Y,20230221
7453,안양시,보영운수,22,208000029,금강1단지,225000425,덕장초교,226000171,N,20230221
7454,안양시,삼영운수,52,208000030,창박골,208000027,의왕보건소.노인복지관.청소년수련관,226000090,N,20230221
7455,안양시,보영운수,87,208000032,백운사입구,226000318,금정역,225000007,N,20230221
7456,안양시,보영운수,44941,208000033,효성아파트.종점,208000264,시외버스터미널.교보생명,208000158,N,20230221
7457,안양시,삼영운수,18994,208000035,금강1단지,225000425,부안중학교,209000233,N,20230221
7458,안양시,삼영운수,44931,208000036,월암공영차고지(경유),277102717,원터마을,226000199,N,20230221
7459,안양시,보영운수,83,208000038,숲속마을3.5단지,226000206,석수역,208000255,N,20230221
7460,안양시,삼영운수,21916,208000039,월암공영차고지(경유),277102717,동편마을2단지,209000252,N,20230221
7461,안양시,삼영운수,80,208000041,숲속마을3.5단지,226000206,석수하우스토리아파트,208000258,N,20230221
7462,안양시,삼영운수,M5333,208000063,평촌차고지(경유),277103100,잠실역1번.11번출구,123000045,N,20230221
7463,안양시,보영운수,55,208000065,금강1단지,225000425,금정역3번출구,225000195,N,20230221
7464,안양시,삼영운수,33,208000067,숲속마을3.5단지,226000206,롯데프리미엄아울렛타임빌라스,226000252,N,20230221
7465,안양시,화영운수,M5556,208000068,석수3동행정복지센터.코오롱하늘채아파트,208000108,사당역3번출구,121000166,N,20230221
7466,안양시,안양-편안운수,5,241245001,평촌차고지,209000076,관양고등학교,209000281,N,20230221
7467,안양시,안양-편안운수,1,241245002,박달과학화예비군훈련장,208508330,안양역,208000069,N,20230221
7468,안양시,안양-편안운수,45051,241245003,자유공원,209000183,관양고등학교,209000388,N,20230221
7469,안양시,안양-편안운수,45049,241245004,명학역,208000321,무궁화코오롱.건영아파트,209000087,N,20230221
7470,안양시,안양-편안운수,8,241245005,현대.대림아파트,209000026,동편마을2단지,209000252,N,20230221
7471,안양시,안양-편안운수,1,241245006,박달과학화예비군훈련장,208508330,석수역,208000255,N,20230221
7472,안양시,안양-편안운수,70,241245007,명학역,208000321,주공뜨란체아파트,208000347,N,20230221
7473,안양시,안양-동안운수,7,241247001,차고지(경유),277104354,힐스테이트비산파크뷰.비산사회복지관,209000346,N,20230221
7474,안양시,안양-동안운수,3,241247002,더포레스트힐.힐스테이트비산파크뷰.비산사회복지관,209000345,안양역후문,208000350,N,20230221
7475,안양시,안양-동안운수,44986,241247003,더포레스트힐.힐스테이트비산파크뷰.비산사회복지관,209000345,안양역,208000069,N,20230221
7476,안양시,안양-신안운수,9,241248001,신안초등학교.우성아파트,208000332,관악역,208000092,N,20230221
7477,안양시,안양-평촌교통,45047,241250001,양명고.양명여고.대우아파트,208000353,금강펜터리움IT타워,209000257,N,20230221
7478,안양시,안양-학운교통,6,241251001,한가람한양아파트,209000239,한가람한양아파트,209000239,N,20230221
7479,안양시,안양-학운교통,6,241251002,한가람한양아파트,209000294,한가람한양아파트,209000294,N,20230221
7480,안양시,안양-호계운수,45078,241252001,현대.대림아파트,209000026,평촌도서관,209000334,N,20230221
7481,안양시,안양-호계운수,45079,241252002,경인교육대,208000029,금정역,225000269,N,20230221
7482,안양시,안양-호계운수,45080,241252003,벽산아파트1단지정문,117505160,안양예술공원,208000033,N,20230221
7483,안양시,안양-호계운수,45082,241252004,금정역호계푸르지오아파트,209000393,안양농수산물시장,209000191,N,20230221
7484,안양시,안양-대성운수,2,241253001,안양예술공원종점.갈메산기도원입구,208000365,신성중학교.씨엘포레자이아파트,208000375,N,20230221
7485,안양시,안양-호계운수,44958,241253002,안양예술공원종점.갈메산기도원입구,208000365,법원검찰청.평촌역,209000098,N,20230221
7486,안양시,안양-만안교통,45200,241254001,평촌역,209000075,성원상떼빌,208000330,N,20230221
7295,양평군,금강고속,1-33,240000131,양평터미널,240000076,여주터미널,237000980,N,20230221
7296,양평군,금강고속,1-43,240000132,여주터미널,237000980,양평터미널,240000072,N,20230221
7297,양평군,금강고속,44944,240000133,대신터미널,237000169,도롱리종점,237000023,N,20230221
7298,양평군,금강고속,44945,240000134,대신터미널,237000170,양촌리종점,237000006,N,20230221
7299,양평군,금강고속,45007,240000135,양평터미널,240000076,문호리종점,240000035,N,20230221
7300,양평군,금강고속,45057,240000136,양평터미널,240000076,대신터미널,237000170,N,20230221
7301,양평군,금강고속,5-55,240000137,양평터미널,240000076,곡수삼거리,240001299,N,20230221
7302,양평군,금강고속,5-88,240000138,대신터미널,237000169,양평터미널,240000072,N,20230221
7303,양평군,금강고속,45191,240000139,문호리종점,240000035,서후2리종점,240000986,N,20230221
7304,양평군,금강고속,45005,240000140,양평터미널,240000076,문호리종점,240000035,N,20230221
7305,양평군,금강고속,8-33,240000141,문호리종점,240000203,목왕리,240000297,N,20230221
7306,양평군,금강고속,8-44,240000142,문호리종점,240000203,양수역,240000277,N,20230221
7307,양평군,금강고속,8-55,240000143,문호리종점,240000035,양수역,240000277,N,20230221
7308,양평군,금강고속,45189,240000144,문호리종점,240000035,서후2리종점,240000986,N,20230221
7309,양평군,금강고속,45199,240000145,문호리종점,240000035,정배리종점,240000303,N,20230221
7310,양평군,금강고속,30,240000146,양평터미널,240000076,교통병원입구,240000079,N,20230221
7311,양평군,금강고속,45052,240000147,양평터미널,240000076,곡수삼거리,240001299,N,20230221
7312,양평군,금강고속,44949,240000148,양평터미널,240000076,대신터미널,237000170,N,20230221
7313,양평군,금강고속,1-53,240000149,양평터미널,240000076,대신터미널,237000170,N,20230221
7314,양평군,금강고속,1-63,240000150,대신터미널,237000169,양평터미널,240000072,N,20230221
7315,양평군,금강고속,28157,240000151,용문터미널,240001310,월산3리취암마을회관,240000577,N,20230221
7316,양평군,금강고속,28307,240000152,용문터미널,240001309,화전2리마을회관,240000590,N,20230221
7317,양평군,금강고속,28338,240000153,용문터미널,240001310,용문산,240000628,N,20230221
7318,양평군,금강고속,44948,240000154,양동역,240001061,용문터미널,240001309,N,20230221
7319,양평군,금강고속,44979,240000155,양동역,240001061,단석3리회관,240000942,N,20230221
7320,양평군,금강고속,45007,240000156,양동역,240001061,계정1리.작두터골,240001134,N,20230221
7321,양평군,금강고속,45038,240000157,용문터미널,240001309,용두리터미널,240000341,N,20230221
7322,양평군,금강고속,45068,240000158,양평터미널,240000076,계정1리.작두터골,240001134,N,20230221
7323,양평군,금강고속,77,240000159,양평터미널,240000076,용문터미널,240001310,N,20230221
7324,양평군,금강고속,28126,240000160,용문터미널,240001309,단월시외정류장,240000164,N,20230221
7325,양평군,금강고속,28246,240000161,용문터미널,240001310,망능리마을회관,240000662,N,20230221
7326,양평군,금강고속,28399,240000162,용문터미널,240001309,단월금강고속영업소,240000163,N,20230221
7327,양평군,금강고속,32143,240000163,양평터미널,240000076,문호리종점,240000035,N,20230221
7328,양평군,금강고속,32174,240000164,문호리종점,240000203,명달리종점,240000541,N,20230221
7329,양평군,금강고속,32203,240000165,문호리종점,240000035,양수역,240000277,N,20230221
7330,양평군,금강고속,32264,240000167,문호리종점,240000035,양수역,240000277,N,20230221
7331,양평군,금강고속,32295,240000168,양수역,240000277,명달리종점,240000541,N,20230221
7332,양평군,금강고속,14855,240000170,양평터미널,240000076,항금리.문화마을,240000421,N,20230221
7333,양평군,금강고속,14611,240000173,양평터미널,240000076,전북리종점,237000770,N,20230221
7334,양평군,비티에스,G9311,240000174,용문터미널,240001309,잠실광역환승센터,123000611,N,20230221
7335,양평군,금강고속,45206,240000175,양평터미널,240000076,백안3리마을회관(새숙골),240000127,N,20230221
7336,양평군,금강고속,45076,240000176,양평터미널,240000076,증동3리.고현리종점,240000333,N,20230221
7337,양평군,금강고속,14763,240000177,양평터미널,240000076,송학3리종점,240000756,N,20230221
7338,양평군,금강고속,18295,240000178,양평터미널,240000076,개군,240000671,N,20230221
7339,양평군,금강고속,28216,240000179,용문터미널,240001310,용문산,240000628,N,20230221
7340,양평군,금강고속,28369,240000180,양평터미널,240000076,곤일종점,240000268,N,20230221
7341,양평군,금강고속,45129,240000181,양동역,240001061,하늘숲,240000332,N,20230221
7342,양평군,금강고속,45160,240000182,양동역,240001061,승훈교,240001000,N,20230221
7343,양평군,금강고속,45099,240000183,양동역,240001061,양평터미널,240000072,N,20230221
7344,양평군,금강고속,44956,240000184,양평터미널,240000076,쉬자파크,240001050,N,20230221
7345,양평군,금강고속,44970,240000185,양평터미널,240000076,용문터미널,240001309,N,20230221
7346,양평군,금강고속,28430,240000186,용문터미널,240001310,망미1리마을회관,240000976,N,20230221
7347,양평군,금강고속,45191,240000187,용문터미널,240001310,일신3리,240000944,N,20230221
7348,양평군,금강고속,28277,240000188,용문터미널,240001310,수곡2리.마을회관,240000809,N,20230221
7349,양평군,금강고속,28185,240000190,양평터미널,240000076,수곡2리.마을회관,240000809,N,20230221
7350,양평군,금강고속,45221,240000191,용문터미널,240001310,일신3리,240000944,N,20230221
7351,양평군,금강고속,44986,240000192,양평터미널,240000076,국수리.양평전자과학고등학교,240000013,N,20230221
7352,양평군,금강고속,45113,240000193,양평터미널,240000076,용문터미널,240001309,N,20230221
7353,양평군,금강고속,12055,240000195,문호리종점,240000203,마석역,222000010,N,20230221
7354,양평군,금강고속,12086,240000196,용문터미널,240001310,용문산,240000628,N,20230221
7355,양평군,금강고속,12114,240000197,양평터미널,240000076,용문터미널,240001309,N,20230221
7356,양평군,금강고속,12145,240000199,문호리종점,240000203,호평고등학교.동원아파트,222000166,N,20230221
7357,양평군,금강고속,12175,240000200,문호리종점,240000203,호평고등학교.동원아파트,222000166,N,20230221
7358,양평군,금강고속,12206,240000201,양평터미널,240000076,문호리종점,240000203,N,20230221
7359,양평군,금강고속,36586,240000202,양평터미널,240000076,강변역(A),104000183,N,20230221
7360,여주시,대원고속,130,234001370,여주역,237001007,도전4리,237000111,N,20230221
7361,여주시,대원고속,120,234001406,여주역,237001007,도리,237000475,N,20230221
7362,연천군,연천교통,14277,238000005,고대산입구,238000581,동두천역,215000053,N,20230221
7363,연천군,연천교통,14458,238000006,전곡시외버스터미널,238000272,전곡시외버스터미널,238000253,N,20230221
7364,연천군,연천교통,13881,238000009,전곡시외버스터미널,238000272,고포리종점,238000498,N,20230221
7365,연천군,연천교통,14001,238000010,전곡시외버스터미널,238000272,능안상회,238000561,N,20230221
7366,연천군,연천교통,14062,238000011,전곡시외버스터미널,238000272,전곡시외버스터미널,238000253,N,20230221
7367,연천군,연천교통,13940,238000012,전곡시외버스터미널,238000272,궁평망향국수,238000459,N,20230221
7368,연천군,연천교통,14032,238000013,전곡시외버스터미널,238000272,초성4리.선녀상회,238000273,N,20230221
7369,연천군,연천교통,14124,238000022,전곡시외버스터미널,238000272,초성4리.선녀상회,238000273,N,20230221
7370,연천군,연천교통,14154,238000023,전곡시외버스터미널,238000272,전곡시외버스터미널,238000253,N,20230221
7371,연천군,연천교통,70,238000024,연천역,238000053,연천역,238000212,N,20230221
7372,연천군,연천교통,25569,238000025,연천역,238000053,연천역,238000212,N,20230221
7373,연천군,연천교통,25600,238000026,연천역,238000053,연천역,238000212,N,20230221
7374,연천군,연천교통,13516,238000028,연천역,238000212,연천역,238000053,N,20230221
7375,연천군,연천교통,13547,238000029,연천역,238000053,연천역,238000053,N,20230221
7376,연천군,연천교통,13575,238000030,연천역,238000053,백의리,238000239,N,20230221
7377,연천군,연천교통,33,238000032,신탄리역,238000520,연천역,238000212,N,20230221
7378,연천군,연천교통,12055,238000033,연천역,238000053,연천역,238000212,N,20230221
7379,연천군,연천교통,35,238000034,연천역,238000053,군남면사무소,238000529,N,20230221
7380,연천군,연천교통,12785,238000035,연천역,238000053,고포리종점,238000498,N,20230221
7381,연천군,연천교통,12816,238000036,연천역,238000212,횡산리,238000408,N,20230221
7382,연천군,연천교통,31,238000043,전곡시외버스터미널,238000272,전곡시외버스터미널,238000253,N,20230221
7383,연천군,연천교통,24473,238000044,전곡시외버스터미널,238000272,백의리,238000239,N,20230221
7384,연천군,연천교통,24504,238000045,전곡시외버스터미널,238000272,연천역,238000212,N,20230221
7385,연천군,연천교통,24532,238000046,전곡시외버스터미널,238000272,경기도교직원연천수덕원,238000490,N,20230221
7386,연천군,연천교통,G2001,238000048,신탄리역,238000520,도봉산역광역환승센터,109000405,N,20230221
7387,연천군,연천교통,68,238000049,백의리,238000252,소요산역,215000062,N,20230221
7388,연천군,연천교통,24838,238000050,열두개울휴게소,236000741,소요산역,215000062,N,20230221
7389,오산시,오산교통,46,200000106,오산교통차고지,223000407,팔달문,202000097,Y,20230221
7390,오산시,용남버스,5300,200000175,용남고속차고지,223000527,신논현역.인터파크,121000942,N,20230221
7391,오산시,용남버스,5300-1전,200000193,원영화남아파트,223000522,강남역도시에빛,121000937,N,20230221
7392,오산시,용남버스,5200,200000299,용남고속차고지,223000527,신논현역.인터파크,121000942,N,20230221
7393,오산시,오산교통,7,223000008,원4동마을입구,223000414,주공12단지,233002007,N,20230221
7394,오산시,오산교통,45112,223000010,탑동아파트,223000074,늘푸른오스카빌,223000137,N,20230221
7395,오산시,오산교통,71,223000019,힐스테이트앞.소리울도서관,223000536,치동초등학교,233001636,N,20230221
7396,오산시,오산교통,21,223000022,오산교통차고지,223000407,향남환승터미널,233002102,N,20230221
7397,오산시,오산교통,22,223000023,오산교통차고지,223000407,향남환승터미널,233002102,N,20230221
7151,성남시,성남-성남교통,602-1B,241223005,판교역서편,206000681,실리콘파크.삼성중공업,206000904,N,20230221
7152,성남시,성남-성남교통,602-2B,241223008,판교역서편,206000681,판교세븐벤처밸리,206000801,N,20230221
7154,성남시,성남-미금마을버스,44958,241224002,대광사입구,206000875,현대중공업R&D센터,206000059,N,20230221
7155,성남시,성남-미금마을버스,19,241224004,서울대병원,206000261,정자역,206000198,N,20230221
7156,성남시,성남-성남교통,76,241225005,백현마을8단지,206000626,태평역.새소망병원(마을),204000304,N,20230221
7157,성남시,성남-성남여객,71,241225006,백현마을8단지,206000626,원마을13단지,206000805,N,20230221
7158,성남시,성남-성남여객,66,241225007,고등동우체국.성남농협대왕지점,204000001,늘푸른고등학교,206000901,N,20230221
7159,수원시,삼경운수,300,200000006,하북차고지,214001151,롯데백화점.범계역,209000135,N,20230221
7160,수원시,성우운수,900,200000010,경희대학교,203000125,보라매공원(중),119000004,N,20230221
7161,수원시,성우운수,909,200000015,오목천차고지(경유),277103072,안산역(도로변),217000626,N,20230221
7162,수원시,수원여객,30317,200000023,곡반정동차고지,201000143,수원여고.농천교회,202000220,Y,20230221
7163,수원시,성우운수,310,200000024,경희대학교,203000125,동원고교.해우재입구,200000094,Y,20230221
7164,수원시,용남고속,92,200000025,곡반정동차고지,201000143,이목동.장안힐스테이트,200000042,Y,20230221
7165,수원시,성우운수,301,200000028,하북차고지,214001151,동안구청.달안초등학교.홈플러스,209000091,N,20230221
7166,수원시,수원여객,33604,200000029,동탄차고지,233001222,성균관대역.고용노동부경기지청.율전성당,200000285,Y,20230221
7167,수원시,성우운수,300-1,200000031,이목동차고지.이목동입구,200000165,홈플러스.벌말초교,233000100,N,20230221
7168,수원시,수원여객,13,200000037,상광교동종점,200000275,금곡동강남아파트,201000322,Y,20230221
7169,수원시,수원여객,45109,200000040,수원시동부차고지,203000360,청와.쌍용.그대가센트럴파크아파트,203000155,N,20230221
7170,수원시,수원여객,64,200000043,동탄차고지,233001222,안양역,208000068,Y,20230221
7171,수원시,수원여객,45108,200000045,동탄차고지,233001222,경기대정문,203000230,Y,20230221
7172,수원시,수원여객,112,200000049,곡반정동차고지,201000143,서수원레이크푸르지오1단지,201000459,N,20230221
7173,수원시,수원여객,20,200000053,수원시동부차고지,203000360,운암주공1단지.운천중학교,223000046,Y,20230221
7174,수원시,수원여객,29952,200000054,곡반정동차고지,201000143,수원여자고교,202000221,Y,20230221
7175,수원시,수원여객,25,200000055,이목동차고지.이목동입구,200000165,덕신상가,233001579,Y,20230221
7176,수원시,수원여객,44982,200000056,이목동차고지.이목동입구,200000165,귀래리,233001171,Y,20230221
7177,수원시,수원여객,44939,200000069,수원남부버스공영차고지,201000472,금곡동강남아파트,201000322,N,20230221
7178,수원시,수원여객,45231,200000070,곡반정동차고지,201000143,수원역환승센터(10승강장),201000596,N,20230221
7179,수원시,수원여객,27,200000074,이목동차고지.이목동입구,200000165,수지중학교,228000926,Y,20230221
7180,수원시,수원여객,5,200000076,이목동차고지.이목동입구,200000165,경희대학교,203000125,Y,20230221
7181,수원시,수원여객,22647,200000078,동탄차고지,233001222,LG빌리지3차.모아미래도아파트,201000180,Y,20230221
7182,수원시,수원여객,98,200000085,이목동차고지.이목동입구,200000165,한화꿈에그린,233001703,Y,20230221
7183,수원시,용남고속,45059,200000090,동탄차고지,233001222,당수동인정.한라.쌍용아파트,201000240,Y,20230221
7184,수원시,수원여객,3,200000095,수원남부버스공영차고지,201000472,구운동삼환아파트,201000187,Y,20230221
7185,수원시,용남고속,44958,200000097,수원남부버스공영차고지,201000472,진흥.천천푸르지오아파트,202000250,Y,20230221
7186,수원시,수원여객,37,200000099,경기대정문,203000229,민속촌,228000790,Y,20230221
7187,수원시,용남고속,9,200000103,사색의광장,228001174,금곡동강남아파트,201000322,Y,20230221
7188,수원시,경진여객,3000,200000104,능실마을21단지.수원여대입구,201000448,강남역나라빌딩앞,121000921,N,20230221
7189,수원시,용남고속,88,200000107,능실마을21단지.수원여대입구,201000448,조원뉴타운,200000047,Y,20230221
7190,수원시,용남버스,3003,200000108,능실마을21단지.수원여대입구,201000448,강남역나라빌딩앞,121000921,N,20230221
7191,수원시,용남버스,7002,200000109,수원남부버스공영차고지,201000472,인덕원역4호선,209000152,N,20230221
7192,수원시,용남고속,3007,200000110,수원버스터미널,201000212,강남역.역삼세무서,122000184,N,20230221
7193,수원시,용남고속,7000,200000112,사색의광장,228001174,사당역(중),121001315,N,20230221
7194,수원시,용남고속,5100,200000115,사색의광장,228001174,신논현역.금강빌딩,121000946,N,20230221
7195,수원시,용남고속,7001,200000119,수원버스터미널,201000212,사당역(중),121001315,N,20230221
7196,수원시,삼경운수,2007,200000120,오목천차고지(경유),277103072,단대오거리역.(구)종점,205000025,N,20230221
7197,수원시,용남고속,99,200000144,능실마을21단지.수원여대입구,201000448,예솔초.호반2차.대원2차,233002421,Y,20230221
7198,수원시,용남고속,3002,200000145,수원남부버스공영차고지,201000472,강남역.역삼세무서,122000184,N,20230221
7199,수원시,수원여객,80,200000146,곡반정동차고지,201000143,광교휴먼시아32단지정문,203000285,Y,20230221
7200,수원시,수원여객,35,200000148,경기대정문,203000229,에일린의뜰.휴먼시아6단지,233001855,Y,20230221
7201,수원시,경진여객,7800,200000150,호매실동차고지,201000404,사당역(중),121001315,N,20230221
7202,수원시,수원여객,44946,200000182,수원시동부차고지,203000360,운암주공1단지.운천중학교,223000046,Y,20230221
7203,수원시,수원여객,45029,200000185,수원시동부차고지,203000360,능실마을15단지.금호어울림아파트,201000402,Y,20230221
7204,수원시,용남고속,45170,200000186,능실마을21단지.수원여대입구,201000448,대주피오레2단지,228001920,N,20230221
7205,수원시,용남고속,36192,200000196,오목초등학교,201000153,곡반정동차고지,201000238,Y,20230221
7206,수원시,수원여객,61,200000202,호매실동차고지,201000404,청와.쌍용.그대가센트럴파크아파트,203000155,Y,20230221
7207,수원시,용남고속,8800,200000205,수원버스터미널,201000212,서울역버스환승센터(6번승강장)(중),101000006,N,20230221
7208,수원시,수원여객,81,200000208,수원시동부차고지,203000360,신창미션힐.송화초교,233000101,Y,20230221
7209,수원시,수원여객,44977,200000211,수원시동부차고지,203000360,신영통현대타운2단지,233001279,Y,20230221
7210,수원시,수원여객,45071,200000234,이목동차고지.이목동입구,200000165,귀래산업단지,233002384,N,20230221
7211,수원시,용남고속,G5100,200000262,경희대학교,203000125,신논현역.금강빌딩,121000946,N,20230221
7212,수원시,수원여객,44956,200000265,이목동차고지.이목동입구,200000165,수원대학교,233000576,Y,20230221
7213,수원시,용남고속,19,200000266,능실마을21단지.수원여대입구,201000448,상현중학교,228002008,Y,20230221
7214,수원시,수원여객,11780,200000272,수원시동부차고지,203000360,향남주공18단지,233002471,Y,20230221
7215,수원시,용남고속,3008,200000274,수원아이파크시티.선일초교,201000118,신논현역.BSX빌딩,121000945,N,20230221
7216,수원시,경진여객,3000(예약),200000283,수원종합운동장.수원시체육회관.아너스빌위즈,200000187,강남역나라빌딩앞,121000921,N,20230221
7217,수원시,경진여객,7770(예약),200000284,수원종합운동장.수원시체육회관.아너스빌위즈,200000187,사당역(중),121001315,N,20230221
7218,수원시,경진여객,7780(예약),200000285,정자3동행정복지센터.정자동중심상가,200000111,사당역(중),121001315,N,20230221
7219,수원시,경진여객,7800(예약),200000286,와이씨티칠보마을6단지.LG빌리지1차아파트,201000245,사당역(중),121001315,N,20230221
7220,수원시,수원여객,44973,200000288,경기대정문,203000229,수원역환승센터(2승강장),201000588,Y,20230221
7221,수원시,용남고속,3002예약,200000289,수원시청역9번출구.국민연금공단,202000020,강남역.역삼세무서,122000184,N,20230221
7222,수원시,용남고속,3007예약,200000290,수원아이파크시티.선일초교,201000118,강남역.역삼세무서,122000184,N,20230221
7223,수원시,용남버스,3003예약,200000293,화서역파크뷰.삼환나우빌.효성아파트,200000092,강남역나라빌딩앞,121000921,N,20230221
7224,수원시,용남고속,5100예약,200000296,살구골동아아파트,203000157,신논현역.금강빌딩,121000946,N,20230221
7225,양평군,금강고속,44990,240000028,양평터미널,240000076,증동3리.고현리종점,240000333,N,20230221
7226,양평군,금강고속,44967,240000029,양평터미널,240000076,용두리터미널,240000342,N,20230221
7227,양평군,금강고속,44958,240000033,양평터미널,240000076,양동역,240001061,Y,20230221
7228,양평군,금강고속,45172,240000036,문호리종점,240000035,정배리종점,240000303,N,20230221
7229,양평군,금강고속,10,240000037,용두리터미널,240000342,가현2리.벗고개,240000437,N,20230221
7230,양평군,금강고속,45200,240000038,용두리터미널,240000341,신론리.새터종점,240000462,N,20230221
7231,양평군,금강고속,45201,240000039,용두리터미널,240000341,갈운4리종점.증안마을,240000939,N,20230221
7232,양평군,금강고속,7,240000041,양평터미널,240000076,용문산,240000628,N,20230221
7233,양평군,금강고속,45108,240000042,용문터미널,240001309,연수리종점,240000538,N,20230221
7234,양평군,금강고속,45170,240000043,문호리종점,240000203,명달리종점,240000541,N,20230221
7235,양평군,금강고속,45109,240000044,용문터미널,240001309,월산3리취암마을회관,240000577,N,20230221
7236,양평군,금강고속,45175,240000045,명달리,240000542,양평터미널,240000072,N,20230221
7237,양평군,금강고속,45114,240000046,용문터미널,240001309,화전2리마을회관,240000590,N,20230221
7238,양평군,금강고속,45110,240000047,용문터미널,240001309,화전2리마을회관,240000589,N,20230221
7239,양평군,금강고속,45111,240000048,용문터미널,240001309,용문산,240000628,N,20230221
7240,양평군,금강고속,45112,240000049,용문터미널,240001309,망능리마을회관,240000662,N,20230221
7241,양평군,금강고속,45018,240000051,양평터미널,240000076,이포리,237001158,N,20230221
7242,양평군,금강고속,45020,240000053,양평터미널,240000076,신화2리.신당곡길,240000700,N,20230221
7487,안양시,안양-만안교통,45201,241254002,무궁화진흥아파트,209000284,신성중학교.씨엘포레자이아파트,208000328,N,20230221
7488,양주시,진명여객,31,207000053,봉양동종점,235000884,의정부역.농협앞,207000153,N,20230221
7489,양주시,양주교통,91,208000064,주공6단지,235000987,서정대학교본관,235001019,Y,20230221
7490,양주시,한국스마트버스협동조합,P9601(출근),233000371,옥정3단지,235000602,양재역.서초문화예술회관(중),121000003,N,20230221
7491,양주시,한국스마트버스협동조합,P9601(퇴근),233000372,양재역,121000214,옥정3단지.세창아파트입구,235000599,N,20230221
7492,양주시,한국스마트버스협동조합,P9602(출근),233000373,옥정3단지,235000602,양재역.서초문화예술회관(중),121000003,N,20230221
7493,양주시,한국스마트버스협동조합,P9602(퇴근),233000374,양재역,121000214,옥정3단지.세창아파트입구,235000599,N,20230221
7494,양주시,양주교통,78,235000002,충성아파트,235000508,송우리터미널,236000513,N,20230221
7495,양주시,양주교통,77,235000004,양주교통본사,235001061,양주자이1.2단지,235000675,Y,20230221
7496,양주시,양주교통,80,235000019,양주교통본사,235001061,양주역,235000242,Y,20230221
7497,양주시,진명여객,118,235000020,덕정차고지,235000892,수유역(중),108000003,N,20230221
7498,양주시,양주교통,82,235000021,천주교연수원후문,235001293,양주역,235000242,Y,20230221
7499,양주시,양주교통,83,235000022,양주교통본사,235001061,양주역,235000242,Y,20230221
7500,양주시,양주교통,29587,235000024,충성아파트,235000508,양주역,235000242,N,20230221
7501,양주시,진명여객,19,235000080,장흥자연휴양림,235001754,구파발역.롯데몰(서울도심),111001116,N,20230221
7502,양주시,진명여객,44945,235000081,장흥자연휴양림,235001754,구파발역.롯데몰(서울도심),111001116,N,20230221
7503,양주시,진명여객,1100,235000085,덕정차고지(경유),277103549,노원역9번출구,110000110,N,20230221
7504,양주시,진명여객,365,235000088,안고령,235000781,백석읍행정복지센터.백석초교,235000199,N,20230221
7505,양주시,진명여객,365-1,235000089,홍죽리차고지,235001156,양주역,235000242,N,20230221
7506,양주시,진명여객,365-2,235000090,영장삼거리,229000383,윗가마골,235000312,N,20230221
7507,양주시,양주교통,701,235000091,경동대학교,235001220,양주역,235000242,N,20230221
7508,양주시,진명여객,G1300,235000092,덕정차고지(경유),277103549,잠실광역환승센터,123000611,N,20230221
7509,양주시,양주교통,81,235000094,충성아파트,235000508,양주역,235000242,Y,20230221
7510,양주시,양주교통,700,235000097,회암사지박물관,235000053,덕계역,235000923,N,20230221
7511,양주시,진명여객,22,235000099,송추반석전원교회,235000834,고양현대아파트,218000051,N,20230221
7512,양주시,진명여객,8906,235000103,덕정차고지(경유),277103549,부천터미널소풍,210000160,N,20230221
7513,양주시,진명여객,G1200,235000104,덕정차고지(경유),277103549,지하철7호선상봉역,106000073,N,20230221
7514,양주시,양주교통,99,235000105,양주교통본사,235001061,양주역,235000242,Y,20230221
7515,양주시,양주교통,87,235000113,충성아파트,235000508,양주역,235000242,N,20230221
7516,양주시,진명여객,1101,235000115,덕정차고지(경유),277103549,서울역버스환승센터(5번승강장)(중),101000005,N,20230221
7517,양주시,진명여객,G1300N,235000116,덕정차고지(경유),277103549,잠실광역환승센터,123000611,N,20230221
7518,양주시,양주-진명여객마을,28,241206001,덕정역,235000117,봉암터미널.봉암리,235000900,N,20230221
7519,양주시,양주-진명여객마을,50,241206002,홍죽리차고지,235001156,양주역,235000242,N,20230221
7520,양주시,양주-진명여객마을,51,241206003,양주역,235000245,비암2리,235000533,N,20230221
7521,양주시,양주-현성교통,44989,241446006,비룡성당앞,235000008,월드메르디앙,215000392,N,20230221
7522,양주시,양주-현성교통,44987,241446019,비룡성당.신산공원,235000634,월드메르디앙,215000392,N,20230221
7523,양주시,양주-은현교통,2,241447001,세아아파트,215000081,동화5.6차아파트,235001342,N,20230221
7524,양주시,양주-은현교통,44958,241447002,회천초교.덕정주공4단지,235000063,지행역부영9단지,215000370,N,20230221
7525,양주시,양주-은현교통,44959,241447003,주공7단지.중흥s클래스,235000854,신암저수지.감악산주차장,235001728,N,20230221
7526,양주시,양주-은현교통,44960,241447004,주공7단지.중흥s클래스,235000854,동화5.6차아파트,235001342,N,20230221
7527,양주시,양주-은현교통,44961,241447005,루이힐스골프장,235001304,동화5.6차아파트,235001342,N,20230221
7528,양주시,양주-은현교통,10(한시운행),241447006,주공6단지,235000987,궤미,235001566,N,20230221
7529,양주시,양주-은현교통,10,241447007,궤미,235001566,세아아파트,215000081,N,20230221
7530,양주시,양주-은현교통,2-4B(전체),241447009,루이힐스골프장,235001304,복지2리마을회관,235001751,N,20230221
7531,양주시,양주-장흥마을버스,15,241449003,삼상리차고지,235001520,실버문화원,235001517,N,20230221
7532,양주시,양주-장흥마을버스,15첫차,241449004,삼상리차고지,235001520,돌고개.신털뫼,235001633,N,20230221
7533,양주시,양주-장흥마을버스,44941,241449005,지축역,218001179,양주역,235000242,N,20230221
7626,용인시,용인-한비운수,57,241423006,보정역.보정고등학교.동아솔레시티,228001089,사기막골,228002986,N,20230221
7627,용인시,용인-한비운수,59,241423008,꽃메마을현대4차4단지,228003016,수지구청.수지우체국,228000913,N,20230221
7628,용인시,용인-한비운수,39,241423012,꽃메마을현대4차4단지,228003016,미금역.청솔마을.2001아울렛,206000087,N,20230221
7629,용인시,용인-한비운수,14246,241423013,단국대차고지,228003364,미금역.청솔마을.2001아울렛,206000087,N,20230221
7630,용인시,용인-동백운수,33,241424001,기흥역4번출구.기흥역시외버스정류소,228003219,미금역3번출구(마을),206000852,N,20230221
7631,용인시,용인-동백운수,34,241424002,광도와이드빌아파트,228003180,오리역,206000514,N,20230221
7632,용인시,용인-동백운수,36,241424003,강남마을1.2단지,228003011,오리역.하나로마트,206000460,N,20230221
7633,용인시,용인-동백운수,31,241424005,청덕중고교.지식산업센터,228001765,동천역,228002295,N,20230221
7634,용인시,용인-동백운수,28,241424006,써니밸리,228003300,기흥구청,228000818,N,20230221
7635,용인시,용인-동백운수,44957,241424008,동백역3번출구,228003343,단국대정문,228001978,N,20230221
7636,용인시,용인-동백운수,12420,241424010,효성빌라,228003189,기흥구청,228000818,N,20230221
7637,용인시,용인-동백운수,12451,241424011,광도와이드빌아파트,228003180,구성역3번출구,228001381,N,20230221
7638,용인시,용인-동백운수,80,241424012,쌍용아파트,228003304,오리역.하나로마트,206000460,N,20230221
7639,용인시,용인-동백운수,29221,241424013,쌍용아파트,228003304,동백이마트,228000158,N,20230221
7640,용인시,용인-동백운수,12086,241424015,기흥역4번출구.기흥역시외버스정류소,228003219,동백역3번출구,228003343,N,20230221
7641,용인시,용인-동백운수,11355,241424016,구성역,228002113,구성역,228002113,N,20230221
7642,용인시,용인-동백운수,33-1A,241424017,강남마을9단지,228003031,강남마을1.2단지,228003011,N,20230221
7643,용인시,용인-동백운수,33-1B,241424018,강남마을9단지,228003031,강남마을1.2단지,228003011,N,20230221
7644,용인시,용인-동백운수,80-2A,241424019,진흥아파트,228003348,동백이마트,228000158,N,20230221
7645,용인시,용인-동백운수,80-2B,241424020,진흥아파트,228003348,동백이마트,228000158,N,20230221
7646,용인시,용인-용인교통,54,241425001,황금오리,228002227,기흥구청,228003041,N,20230221
7647,용인시,용인-용인교통,19,241425002,대림아파트,242503040,오리역.하나로마트,206000460,N,20230221
7648,용인시,용인-용인교통,51,241425003,벽산블루밍아파트,228003305,기흥역4번출구.기흥역시외버스정류소,228003219,N,20230221
7649,용인시,용인-용인교통,51-1B,241425004,골드CC,228003317,상갈역,228002101,N,20230221
7650,용인시,용인-용인교통,18,241425006,청현마을대명.태영아파트,228003283,기흥구청,228003041,N,20230221
7651,용인시,용인-용인교통,32,241425007,써니밸리,228003300,영통홈플러스,203000410,N,20230221
7652,용인시,용인-용인교통,38,241425008,고매3리노인정,228003327,롯데마트,228003124,N,20230221
7653,용인시,용인-용인교통,53,241425010,현대홈타운,228003579,기흥구청,228003041,N,20230221
7654,용인시,용인-용인교통,30,241425012,써니밸리,228003300,죽전역.수지레스피아.죽전2동행정복지센터.신세계경기점,228001028,N,20230221
7655,용인시,용인-용인교통,55,241425013,서천생태공원.서천레스피아,228003331,영통홈플러스,203000410,N,20230221
7656,용인시,용인-용인교통,56,241425014,청현마을대명.태영아파트,228003283,죽전역.신세계백화점,228002971,N,20230221
7657,용인시,용인-용인교통,58,241425015,대림아파트,242503040,성복역.롯데몰.두산기술원,228000891,N,20230221
7658,용인시,용인-용인교통,17A,241425016,삼막골,228003163,기흥구청,228003041,N,20230221
7659,용인시,용인-용인교통,17B,241425017,삼막골,228003163,기흥구청,228003041,N,20230221
7660,용인시,용인-용인교통,44944,241425018,청현마을대명.태영아파트,228003283,영통홈플러스,203000410,N,20230221
7661,용인시,용인-용인교통,44985,241425020,흥덕마을11.15단지,228003269,기흥구청,228000818,N,20230221
7662,용인시,용인-용인교통,21186,241425021,흥덕마을11.15단지,228003269,죽전역.신세계백화점,228002971,N,20230221
7663,용인시,용인-용인교통,21217,241425022,대림아파트,242503040,수지구청역,228000976,N,20230221
7664,용인시,용인-용인교통,13881,241425023,대주피오레2단지,228001920,기흥구청,228000818,N,20230221
7665,용인시,용인-용인교통,19360,241425024,기흥구청,228003041,서천고등학교,228002063,N,20230221
7666,용인시,용인-용인교통,51-2A,241425030,상갈역,228002100,이케아.리빙파워센터,228001650,N,20230221
7667,용인시,용인-용인교통,51-1A,241425031,골드CC,228003317,경기도박물관입구,228001103,N,20230221
7668,용인시,용인-용인교통,44975,241425032,청현마을대명.태영아파트,228003283,기흥구청,228003041,N,20230221
7669,용인시,용인-용인교통,51-2B,241425033,써니밸리,228003300,상갈역,228002101,N,20230221
7670,용인시,용인-용인교통,20455,241425034,청현마을대명.태영아파트,228003283,흥덕마을4단지,228003274,N,20230221
7671,용인시,용인-용인교통,28-1A,241425035,청현마을대명.태영아파트,228003283,기흥구청,228003041,N,20230221
7761,의정부시,의정부-새말운수,206-5(A),241235006,정음마을고산1단지,207000401,정음마을고산1단지,207000401,N,20230221
7762,의정부시,의정부-새말운수,206-3,241235007,용암마을(마을),207000445,탑석역,207000241,N,20230221
7763,의정부시,의정부-새말운수,206-5(B),241235008,정음마을고산2단지.고산종합사회복지관,207000350,정음마을고산2단지.고산종합사회복지관,207000350,N,20230221
7764,의정부시,의정부-용현교통,202,241236001,의정부공업고등학교,207000463,병무청,207512550,N,20230221
7765,의정부시,의정부-용현교통,202-1,241236002,탑석역,207000241,아일랜드캐슬,207000166,N,20230221
7766,의정부시,의정부-용현교통,203,241236003,의정부성모병원(마을),207510930,아일랜드캐슬,207000166,N,20230221
7767,의정부시,의정부-용현교통,203-1,241236004,양지마을아파트,207000559,아일랜드캐슬,207000166,N,20230221
7768,의정부시,의정부-용현교통,203-2,241236005,신도10차아파트(마을),207511250,아일랜드캐슬,207000166,N,20230221
7769,의정부시,의정부-가능교통,207,241237001,동명빌라,207000136,의정부성모병원(마을),207510930,N,20230221
7770,의정부시,의정부-가능교통,207-1,241237002,동명빌라,207000136,귀락마을회관,207505910,N,20230221
7771,의정부시,의정부-일상교통,201둔배미,241239001,둔배미,207508460,맑은물사업소,207510460,N,20230221
7772,의정부시,의정부-일상교통,201보충대,241239002,구306보충대,207506090,맑은물사업소,207510460,N,20230221
7773,의정부시,의정부-일상교통,201-1,241239003,구306보충대,207506090,의정부을지대학병원(내부),207000236,N,20230221
7774,의정부시,의정부-금오교통,205-1,241240001,산들마을2단지,207000535,의정부을지대학병원(내부),207000236,N,20230221
7775,의정부시,의정부-금오교통,205,241240002,꽃동네종점,207511620,의정부역.동부광장,207000269,N,20230221
7776,이천시,경기고속,45099,230000087,증일동,230000642,이천터미널,230000003,N,20230221
7777,이천시,경기고속,44950,230000088,이천역,230001276,신둔도예촌역,230001038,N,20230221
7778,이천시,경기고속,45102,230000097,이천역,230001276,고담동종점,230000818,N,20230221
7779,이천시,경기고속,28-21,230000100,양평리,230001339,이천역종점,230001210,N,20230221
7780,이천시,경기고속,44946,230000101,이천역,230001276,대관리,230000378,N,20230221
7781,이천시,경기고속,20-31,230000106,이천역,230001276,죽당리,230000471,N,20230221
7782,이천시,경기고속,22-23,230000110,이천터미널,230001441,동산1리,230000459,N,20230221
7783,이천시,경기고속,20-22,230000112,신원1리경로당앞,230001482,이천역종점,230001210,N,20230221
7784,이천시,이천시내버스,45066,230000116,현진에버빌,237000967,금당리.설성면사무소,230001365,N,20230221
7785,이천시,이천시내버스,45189,230000117,현진에버빌,237000967,대죽4리,231001314,N,20230221
7786,이천시,경기고속,29,230000120,GM하이빌,230001099,이마트,230000025,N,20230221
7787,이천시,경기고속,44951,230000122,이천역,230001276,고당3리,230000765,N,20230221
7788,이천시,경기고속,28-70,230000123,이천역,230001276,고실리,230000467,N,20230221
7789,이천시,이천시내버스,44978,230000127,이천역,230001276,동원대학교,234000604,N,20230221
7790,이천시,경기고속,44947,230000128,이천역,230001276,동원대학교,234000604,N,20230221
7791,이천시,경기고속,45009,230000130,이천역,230001276,마장중학교,230000122,N,20230221
7792,이천시,경기고속,45228,230000131,GM하이빌,230001099,증포중학교,230000847,N,20230221
7793,이천시,경기고속,45254,230000132,이천터미널,230000003,수광2리,230000142,N,20230221
7794,이천시,대원고속,28-81,230000140,용은리종점,237000891,터미널신둔홈,230000251,N,20230221
7795,이천시,경기고속,28-82,230000142,이천역,230001276,용은리종점,237000891,N,20230221
7796,이천시,이천시내버스,20-51,230000143,현진에버빌,237000967,금당리.설성면사무소,230001365,N,20230221
7797,이천시,이천시내버스,20-61,230000144,현진에버빌,237000967,금당리.설성면사무소,230001365,N,20230221
7798,이천시,경기고속,21-81,230000178,송정2통,230001496,이천역종점,230001210,N,20230221
7799,이천시,이천시내버스,G2100,230000179,이천역,230001276,잠실광역환승센터,123000611,N,20230221
7800,이천시,이천시내버스,220,230000180,이천역,230001276,부발역,230001150,N,20230221
7801,이천시,이천시내버스,230,230000181,이천터미널,230001441,대흥2리,230000411,Y,20230221
7802,이천시,이천시내버스,240,230000182,이천역,230001276,신둔도예촌역,230001038,N,20230221
7803,이천시,이천시내버스,250,230000183,이천역,230001276,신둔도예촌역,230001038,N,20230221
7804,이천시,동부고속,3401,230000184,이천터미널,230000205,신분당선강남역(중),121000009,N,20230221
7805,이천시,대원고속,45224,230000185,감곡장호원역,230000100,이천터미널,230001441,N,20230221
7806,이천시,경기고속,21-31,234000435,이천역,230001276,경사2리,230001408,N,20230221
7807,이천시,경기고속,45006,234000436,이천역,230001276,경사2리,230001408,N,20230221
7808,이천시,경기고속,23-81,234000438,매곡1리,230000454,경사2리,230001077,N,20230221
7809,이천시,경기고속,20-54,234000441,태평터미널,237000810,금당리.설성면사무소,230001364,N,20230221
7810,이천시,경기고속,44985,234000449,이천역,230001276,양평리,230001339,N,20230221
7811,이천시,경기고속,45013,234000451,이천역,230001276,대흥2리,230000411,N,20230221
7812,이천시,경기고속,45044,234000452,이천역,230001276,도리리마을회관,230001144,N,20230221
7813,이천시,경기고속,28-41,234000453,이천역,230001276,대월농협,230000406,N,20230221
7814,이천시,경기고속,28-51,234000454,이천역,230001276,장평1리,230000416,N,20230221
7815,이천시,경기고속,45105,234000455,이천역,230001276,송라리.마을회관,230000650,N,20230221
7816,이천시,경기고속,45135,234000456,이천역,230001276,죽당리,230000470,N,20230221
7817,이천시,경기고속,45005,234000457,이천역,230001276,죽당리,230000471,N,20230221
7818,이천시,경기고속,45166,234000458,이천역,230001276,용은리종점,237000891,N,20230221
7819,이천시,경기고속,45197,234000459,이천역,230001276,상활리,237000804,N,20230221
7820,이천시,경기고속,28-56,234000460,금당리.설성면사무소,230001364,이천역종점,230001210,N,20230221
7821,이천시,경기고속,45036,234000461,제일농장,230000201,터미널신둔홈,230000251,N,20230221
7822,이천시,경기고속,45161,234000462,이천역,230001276,도립리,230001413,N,20230221
7823,이천시,경기고속,45192,234000463,이천역,230001276,백우리마을회관,230000570,N,20230221
7824,이천시,경기고속,45040,234000466,이천역,230001276,장동1리,230000291,N,20230221
7825,이천시,경기고속,45037,234000468,이천역,230001276,신둔도예촌역,230001038,N,20230221
7826,이천시,경기고속,45131,234000469,터미널신둔홈,230000251,한국관광대학,230000821,N,20230221
7827,이천시,경기고속,24-31,234000472,이천역,230001276,마장중학교,230000122,N,20230221
7828,이천시,경기고속,44955,234000473,삼진아파트,230000396,이천터미널,230000003,N,20230221
7829,이천시,경기고속,45070,234000476,이천역,230001276,신둔도예촌역,230001038,N,20230221
7830,오산시,오산-오산교통,9-1(학통등교),241489020,삼성본병원,223000022,세마중고교,223000331,N,20230221
7831,용인시,대원버스,1151,204000081,오산리종점,228001181,신분당선강남역(중),121000009,N,20230221
7832,용인시,대원버스,102,206000007,단국대.치과병원,228001736,건대입구역1번출구,104000137,N,20230221
7833,용인시,경남여객,66,228000001,에버랜드(승차홈),228001986,수원역.노보텔수원,202000208,Y,20230221
7834,용인시,경남여객,10,228000002,수원역.노보텔수원,202000208,백암터미널,228001240,Y,20230221
7835,용인시,경남여객,24198,228000005,에버랜드(승차홈),228001986,고등동삼거리,202000217,N,20230221
7836,용인시,경남여객,45204,228000008,(임시)용인터미널,228001552,수원역.AK플라자,202000219,Y,20230221
7837,용인시,경남여객,670,228000010,에버랜드(승차홈),228001986,푸르지오월드마크.차세대융합기술연구원,203000042,N,20230221
7838,용인시,경남여객,820,228000012,명지대,228000191,정자역,206000198,Y,20230221
7839,용인시,경남여객,44948,228000013,용인터미널,228000197,안성종합버스터미널,231001340,Y,20230221
7840,용인시,경남여객,68,228000017,(임시)용인터미널,228001552,수지구청역,228000976,N,20230221
7841,용인시,경남여객,45203,228000018,용인터미널,228001320,한택식물원,228000486,N,20230221
7842,용인시,경남여객,88,228000019,(임시)용인터미널,228001552,삼성반도체.남자기숙사,228001176,N,20230221
7843,용인시,경남여객,7,228000020,(임시)용인터미널,228001552,마성리,228000384,N,20230221
7844,용인시,경남여객,8,228000021,(임시)용인터미널,228001552,신원아파트,228001150,N,20230221
7845,용인시,경남여객,74,228000029,(임시)용인터미널,228001552,온누리요양센터,228002071,N,20230221
7846,용인시,경남여객,90,228000038,(임시)용인터미널,228001552,모현읍행정복지센터,228000295,N,20230221
7847,용인시,경남여객,22,228000055,용인터미널,228000197,장촌,228000091,Y,20230221
7848,용인시,경남여객,25965,228000056,(임시)용인터미널,228001552,영문중학교,228000403,N,20230221
7849,용인시,경남여객,91,228000061,용인터미널,228000197,묘봉리마을회관(종점),228001287,N,20230221
7850,용인시,경남여객,71,228000066,(임시)용인터미널,228001552,지장실,228000413,N,20230221
7851,용인시,경남여객,25934,228000071,(임시)용인터미널,228001552,영문중학교,228000403,N,20230221
7852,용인시,경남여객,70,228000079,(임시)용인터미널,228001552,금어2리,228001897,N,20230221
7853,용인시,경남여객,12,228000081,금어2리,228001897,가마실,228002075,N,20230221
7854,용인시,경남여객,92,228000082,용인터미널,228000197,한숲5단지,228001818,N,20230221
7855,용인시,경남여객,83,228000089,(임시)용인터미널,228001552,해실리,228000454,N,20230221
7856,용인시,경남여객,93,228000092,(임시)용인터미널,228001552,상덕,228000129,N,20230221
7857,용인시,경남여객,95,228000108,(임시)용인터미널,228001552,추곡리종점,234000785,N,20230221
7858,용인시,경남여객,45170,228000113,(임시)용인터미널,228001552,마성1리,228000385,N,20230221
7859,용인시,경남여객,30317,228000119,(임시)용인터미널,228001552,와우정사,228001514,N,20230221
7860,용인시,경남여객,73,228000128,백암터미널,228001240,아송회관,228001416,N,20230221
7861,용인시,경남여객,30682,228000130,(임시)용인터미널,228001552,금륜사,228000587,N,20230221
7672,용인시,용인-용인교통,28-1B,241425036,청현마을대명.태영아파트,228003283,흥덕중심상업지구,228001826,N,20230221
7673,용인시,용인-용인교통,28-1C,241425037,청현마을대명.태영아파트,228003283,흥덕마을10단지.흥덕중학교.유타워,228001834,N,20230221
7674,용인시,용인-용인교통,28-3A,241425038,청현마을대명.태영아파트,228003283,서천마을3단지,228002066,N,20230221
7675,용인시,용인-용인교통,28-3B,241425039,청현마을대명.태영아파트,228003283,흥덕중심상업지구,228001826,N,20230221
7676,용인시,용인-경남여객,5,241426001,(임시)용인터미널,228001552,용인세브란스병원,228003342,N,20230221
7677,용인시,용인-경남여객,45049,241426002,(임시)용인터미널,228001552,용인터미널,228000197,N,20230221
7678,용인시,용인-경남여객,45050,241426003,(임시)용인터미널,228001552,용인터미널,228000197,N,20230221
7679,용인시,용인-마북운수,26,241427001,마북동.현대연수원.한국미술관,228003083,미금역3번출구(마을),206000852,N,20230221
7680,용인시,용인-마북운수,21,241427002,동백역3번출구,228003343,기흥구청,228000818,N,20230221
7681,용인시,용인-마북운수,44952,241427003,언동중학교,228003192,죽전역.수지레스피아.죽전2동행정복지센터.신세계경기점,228001028,N,20230221
7682,용인시,용인-마북운수,44947,241427004,구성성당.구성자이3차아파트,228002967,구성역3번출구,228001381,N,20230221
7683,용인시,용인-마북운수,44983,241427005,구성역3번출구,228001381,미금역3번출구(마을),206000852,N,20230221
7684,용인시,용인-마북운수,45011,241427008,언동중학교,228003192,단국대.치과병원,228001737,N,20230221
7685,용인시,용인-죽전운수,50,241428002,죽전자이2차.용인서부경찰서,228002961,미금역.청솔마을.2001아울렛,206000087,N,20230221
7686,용인시,용인-죽전운수,25,241428003,단국대학교.죽전야외음악당.성현마을2단지,228001007,미금역.청솔마을.2001아울렛,206000087,N,20230221
7687,용인시,용인-죽전운수,24,241428004,죽전역,228003503,단국대.치과병원,228001737,N,20230221
7688,용인시,용인-죽전운수,40,241428005,죽전역,228003503,도담마을3단지,228003060,N,20230221
7689,의왕시,의왕교통,G3900,226000022,월암종점,226000109,양재역,121000214,N,20230221
7690,의왕시,학의운수,44947,226000031,모락산안골식당,226000145,새터마을,226000275,N,20230221
7691,의왕시,학의운수,21,226000032,모락산안골식당,226000145,모락고등학교,226000211,N,20230221
7692,의왕시,의왕-의왕운수,3,241392001,모락산현대아파트,226000243,관악타운,209000179,Y,20230221
7693,의왕시,의왕-학의운수,45079,241394002,모락산안골식당,226000145,인덕원역4호선.인덕원성당,209000034,N,20230221
7694,의왕시,의왕-학의운수,6,241394003,롯데프리미엄아울렛타임빌라스,226000252,인덕원역4호선.인덕원성당,209000034,N,20230221
7695,의왕시,의왕-학의운수,06-1(A),241394004,새터마을,226000275,인덕원역4호선.인덕원성당,209000034,N,20230221
7696,의왕시,의왕-청계운수,10,241395002,청계산주차장,226000291,인덕원역4호선.인덕원성당,209000034,N,20230221
7697,의왕시,의왕-백운여객,8,241397007,오봉산마을,226000129,오전동주민센터,226000047,Y,20230221
7698,의왕시,의왕-덕장운수,11,241401001,자유공원,209000183,옥박골,226000196,N,20230221
7699,의왕시,의왕-덕장운수,12,241401002,숲속마을3.5단지,226000206,농수산물도매시장,209000163,N,20230221
7700,의왕시,의왕-덕장운수,13,241401003,회차(경유),277101753,옥박골,226000195,N,20230221
7701,의왕시,의왕-의왕교통,09C,241453001,월암2동,226000347,새우대농장,226000037,N,20230221
7702,의왕시,의왕-의왕교통,7,241453002,산들길입구,226000402,의왕테크노파크오봉산단,226000141,N,20230221
7703,의왕시,의왕-의왕교통,09A,241453003,부곡중.한국철도기술연구원,226000104,새우대농장,226000037,N,20230221
7704,의왕시,의왕-의왕교통,09B,241453004,부곡중.한국철도기술연구원,226000104,새우대농장,226000037,N,20230221
7705,의왕시,의왕-의왕교통,1,241453008,미주아파트,226000309,의왕테크노파크,226000267,N,20230221
7706,의왕시,의왕-의왕교통,02오매기,241453012,괴말,226000308,오매기저수지,226000335,N,20230221
7707,의왕시,의왕-의왕교통,02의왕역A,241453013,미주아파트,226000309,미주아파트,226000309,N,20230221
7708,의왕시,의왕-의왕교통,02의왕역B,241453014,괴말,226000389,괴말,226000389,N,20230221
7709,의왕시,의왕-의왕교통,5,241453015,롯데프리미엄아울렛타임빌라스,226000252,인덕원역4호선.인덕원성당,209000034,Y,20230221
7710,의왕시,의왕-의왕교통,45047,241453016,의왕시청,226000089,인덕원역4호선.인덕원성당,209000034,N,20230221
7711,의왕시,의왕-의왕교통,45108,241453017,산들길입구,226000402,의왕테크노파크,226000267,N,20230221
7712,의왕시,의왕-의왕교통,05-1A,241453018,월암종점,226000109,방주교회,226000219,N,20230221
7713,의정부시,명진여객,26299,207000002,낙양동공영차고지,207000395,노원역9번출구,110000110,Y,20230221
7714,의정부시,평안운수,44935,207000003,민락동차고지(경유),277102626,도봉산역광역환승센터,109000405,N,20230221
7715,의정부시,명진여객,45200,207000004,낙양동공영차고지,207000395,도봉산역광역환승센터,109000405,N,20230221
7716,의정부시,명진여객,44927,207000009,낙양동공영차고지,207000395,강변역(B),104000280,N,20230221
7717,의정부시,평안운수,1,207000016,차고지대기(경유),277102712,청학리,222000932,N,20230221
7718,의정부시,평안운수,3,207000019,호반베르디움18단지앞,207000542,경민대학,207000275,Y,20230221
7719,의정부시,평안운수,7,207000021,양주자이7단지,235000858,노원구청,110000150,Y,20230221
7720,의정부시,평안운수,11,207000025,낙양동공영차고지,207000395,입석마을,207000212,N,20230221
7721,의정부시,평안운수,133,207000026,홍죽리차고지,235001156,수유역(중),108000003,N,20230221
7722,의정부시,평안운수,36,207000027,상봉암동.소요산,215000216,수유역(중),108000003,N,20230221
7723,의정부시,평안운수,23,207000033,민락동차고지(경유),277102626,부대앞,235000706,Y,20230221
7724,의정부시,평안운수,5,207000034,홍죽리차고지,235001156,장암우성아파트.장암주공2단지,207000281,N,20230221
7725,의정부시,평안운수,8,207000035,홍죽리차고지,235001156,시장앞,207000188,N,20230221
7726,의정부시,평안운수,44931,207000052,민락교,207000465,의정부역.농협앞,207000153,N,20230221
7727,의정부시,명진여객,44951,207000068,경기도교육청북부청사,207000433,적성전통시장,229001391,N,20230221
7728,의정부시,명진여객,45201,207000085,민락동차고지(경유),277102626,도봉산역광역환승센터,109000405,N,20230221
7729,의정부시,명진여객,44929,207000088,낙양동공영차고지,207000395,강변역(B),104000280,N,20230221
7730,의정부시,명진여객,45202,207000093,민락동차고지(경유),277102626,도봉산역광역환승센터,109000405,N,20230221
7731,의정부시,명진여객,44982,207000096,경기도교육청북부청사,207000433,남면행정복지센터.남면농협,235000007,N,20230221
7732,의정부시,평안운수,12,207000097,낙양동공영차고지,207000395,경민대학,207000275,N,20230221
7733,의정부시,평안운수,44933,207000098,민락동차고지(경유),277102626,금오사거리.경기교육청,207000526,Y,20230221
7734,의정부시,평안운수,G6000,207000099,민락동종점(경유),277103084,잠실광역환승센터,123000611,Y,20230221
7735,의정부시,평안운수,56,207000100,차고지대기(경유),277102712,도봉소방서.방학남부역(중),109000010,N,20230221
7736,의정부시,평안운수,44934,207000101,민락동차고지(경유),277102626,노원구청,110000150,N,20230221
7737,의정부시,평안운수,G6100,207000102,민락동종점(경유),277103084,잠실광역환승센터,123000611,Y,20230221
7738,의정부시,명진여객,360,207000103,금오중학교,207000196,불광역4번출구,111000034,N,20230221
7739,의정부시,명진여객,1102,207000104,낙양동공영차고지,207000395,서울역버스환승센터(6번승강장)(중),101000006,N,20230221
7740,의정부시,평안운수,G6000N,207000105,민락동종점(경유),277103084,잠실광역환승센터,123000611,N,20230221
7741,의정부시,평안운수,G6100N,207000106,민락동종점(경유),277103084,잠실광역환승센터,123000611,N,20230221
7742,의정부시,명진여객,20821,207000107,민락동종점(경유),277103084,장암역.석림사입구,207000284,N,20230221
7743,의정부시,명진여객,34,229000032,양지마을,207000432,불광역4번출구,111000034,N,20230221
7744,의정부시,경기고속,8409,234001246,낙양동공영차고지,207000395,수원역.노보텔수원,202000208,N,20230221
7745,의정부시,경기고속,8401,234001426,낙양동공영차고지,207000395,수원역.노보텔수원,202000208,N,20230221
7746,의정부시,대원고속,P9401(출근),234001711,민락중학교,207000109,건대입구역사거리.건대병원,104000139,N,20230221
7747,의정부시,대원고속,P9401(퇴근),234001712,건대입구역사거리.건대병원,104000139,민락중학교,207000291,N,20230221
7748,의정부시,대원고속,P9402(출근),234001713,송산초교.상가단지,207000421,건대입구역사거리.건대병원,104000139,N,20230221
7749,의정부시,대원고속,P9402(퇴근),234001714,건대입구역사거리.건대병원,104000139,송산초교.상가단지,207000420,N,20230221
7750,의정부시,대원고속,P9404(출근),234001715,정음마을고산2단지.고산종합사회복지관,207000234,건대입구역사거리.건대병원,104000139,N,20230221
7751,의정부시,대원고속,P9404(퇴근),234001716,건대입구역사거리.건대병원,104000139,정음마을고산2단지.고산종합사회복지관,207000350,N,20230221
7752,의정부시,평안운수,35,238000001,민락동차고지(경유),277102626,법원리우체국,229000239,Y,20230221
7753,의정부시,평안운수,39,238000015,연천공영버스터미널,238000516,도봉산역광역환승센터,109000405,N,20230221
7754,의정부시,의정부-녹양교통,208,241233001,실내빙상장.경기북과학고등학교,207000210,의정부시청,207000359,N,20230221
7755,의정부시,의정부-녹양교통,208-5,241233002,실내빙상장.경기북과학고등학교,207000214,윗버들개,207511390,N,20230221
7756,의정부시,의정부-녹양교통,208-2,241233003,실내빙상장.경기북과학고등학교,207000210,흥선역,207000509,N,20230221
7757,의정부시,의정부-녹양교통,208-1,241233004,대림아파트,207511450,의정부을지대학병원(내부),207000247,N,20230221
7758,의정부시,의정부-새말운수,206,241235001,용암마을(마을),207000445,의정부시청.세무서,207000070,N,20230221
7759,의정부시,의정부-새말운수,206-1,241235002,벌말.송양고.양지마을아파트,207000539,호원고등학교,207511940,N,20230221
7760,의정부시,의정부-새말운수,206(귀락),241235005,귀락마을회관,207000246,신도아크라티움.농협,207000122,N,20230221
7534,양주시,양주-장흥마을버스,15-1첫차,241449006,삼상리차고지,235001520,실버문화원,235001517,N,20230221
7535,양주시,양주-장흥마을버스,15-1막차,241449007,실버문화원,235001517,구파발역.롯데몰(서울도심),111001116,N,20230221
7536,양주시,양주-장흥마을버스,15막차,241449008,삼상리차고지,235001520,실버문화원,235001517,N,20230221
7537,양주시,양주-장흥마을버스,15상행,241449009,삼상리차고지,235001520,실버문화원,235001517,N,20230221
7538,양주시,양주-장흥마을버스,15하행,241449010,삼상리차고지,235001520,실버문화원,235001517,N,20230221
7539,양주시,양주-장흥마을버스,15-1구파발,241449011,양주역,235000245,구파발역.롯데몰(서울도심),111001116,N,20230221
7540,양주시,양주-양주교통마을,20,241451002,덕정주공1단지.회천3동행정복지센터,235000073,은현복지회관.은현우체국,235520600,N,20230221
7541,양주시,양주-양주교통마을,11,241451003,양주교통본사,235001061,고암동(종점),235000620,N,20230221
7542,양주시,양주-양주교통마을,20(전원마을),241451004,덕정주공1단지.회천3동행정복지센터,235000073,운암리전원마을회관,235523680,N,20230221
7543,양주시,양주-양주교통마을,21,241451005,경동대학교,235001220,휴리조트,235000658,N,20230221
7544,양주시,양주-양주교통마을,72,241451006,금광아파트,235000856,덕계역,235000923,N,20230221
7545,양주시,양주-양주교통마을,73,241451007,한승아파트,235000950,산북초등학교,235000585,N,20230221
7546,양주시,양주-양주교통마을,28126,241451008,양주교통본사,235001061,양주역,235000242,N,20230221
7547,양주시,양주-양주교통마을,12(공영),241451009,마전리,235001499,시장앞(마을),207000588,N,20230221
7548,양주시,양주-양주교통마을,12(A),241451010,마전리,235001499,마전리,235001499,N,20230221
7549,양주시,양주-양주교통마을,12(B),241451011,마전리,235001499,마전리,235001329,N,20230221
7550,양주시,양주-양주교통마을,75,241451012,약사사입구,235000867,칠봉사입구,235000502,N,20230221
7551,양주시,양주-양주교통마을,76,241451013,양주교통본사,235001061,회암리,235000682,N,20230221
7552,양주시,양주-양주교통마을,26665,241451014,한승아파트,235000950,덕산신도브레뉴,235001181,N,20230221
7553,양주시,양주-양주교통마을,26724,241451015,경동대학교,235001220,덕계역,235000592,N,20230221
7554,양주시,양주-현성교통,16,241455001,신산리종점,235001336,조양중학교,235000560,N,20230221
7555,양주시,양주-현성교통,3,241455002,광적면행정복지센터.가래비시장,235001307,정장로앞,215000407,N,20230221
7556,양주시,양주-현성교통,44986,241455003,KT동두천지사,215000364,가납초교,235000559,N,20230221
7557,양주시,양주-신암교통,44988,241457001,도하2리.살구골,235001594,양주역,235000242,N,20230221
7558,양주시,양주-신암교통,44990,241457002,양주역,235000245,비룡성당앞,235000008,N,20230221
7559,양주시,양주-신암교통,44992,241457003,양주역,235000245,비룡성당앞,235000008,N,20230221
7560,양주시,양주-신암교통,44993,241457004,은현면행정복지센터,235000654,양주역,235000242,N,20230221
7561,양주시,양주-신암교통,13,241457005,양주신협본점,235000665,기우리종점,235001261,N,20230221
7562,양주시,양주-신암교통,44939,241457006,양주신협본점,235000665,백석농협,235000193,N,20230221
7563,양주시,양주-신암교통,14,241457007,백석농협,235000193,KT동두천지사,215000364,N,20230221
7564,양주시,양주-신암교통,44940,241457008,KT동두천지사,215000364,백석농협복지지점,235001134,N,20230221
7565,양주시,양주-신암교통,17A,241457009,양주신협본점,235000665,지행역1번출구,215000169,N,20230221
7566,양주시,양주-신암교통,17B,241457010,양주신협본점,235000665,지행역1번출구,215000169,N,20230221
7567,양주시,양주-신암교통,18,241457011,양주역,235001649,안고령,235000780,N,20230221
7568,양평군,금강고속,44931,240000002,양평터미널,240000076,도곡3리,240000121,N,20230221
7569,양평군,금강고속,44930,240000003,양평터미널,240000076,도곡3리,240000122,Y,20230221
7570,양평군,금강고속,44933,240000004,양평터미널,240000076,백안3리마을회관(새숙골),240000127,N,20230221
7571,양평군,금강고속,36526,240000007,양평터미널,240000076,강변역(A),104000183,N,20230221
7572,양평군,금강고속,36557,240000008,양평터미널,240000076,잠실역,123000048,N,20230221
7573,양평군,금강고속,44968,240000009,양평터미널,240000076,석산1리.돌고개,240001164,N,20230221
7574,양평군,금강고속,44962,240000011,양평터미널,240000076,석산리종점,240000183,N,20230221
7575,양평군,금강고속,44966,240000012,양평터미널,240000076,단월면명성2리,240000182,N,20230221
7576,양평군,금강고속,44959,240000014,양평터미널,240000076,단월면명성2리,240000182,N,20230221
7577,양평군,금강고속,44960,240000015,양평터미널,240000076,석산1리.돌고개,240001164,N,20230221
7578,양평군,금강고속,6,240000016,양평터미널,240000076,한화리조트.종점,240000239,Y,20230221
7579,양평군,금강고속,45078,240000017,양평터미널,240000076,용천1리마을회관,240000252,N,20230221
7580,양평군,금강고속,45079,240000018,양평터미널,240000076,용천1리마을회관,240000253,N,20230221
7581,양평군,금강고속,45080,240000019,양평터미널,240000076,용천3리종점,240001056,N,20230221
7582,양평군,금강고속,44987,240000020,양평터미널,240000076,문호리종점,240000035,N,20230221
7583,양평군,금강고속,45082,240000021,양평터미널,240000076,곤일종점,240000268,N,20230221
7584,양평군,금강고속,45083,240000023,양평터미널,240000076,문호리종점,240000203,N,20230221
7585,양평군,금강고속,44965,240000026,양평터미널,240000076,용두리터미널,240000341,Y,20230221
7586,용인시,용인-수성교통,45030,241419013,동천자이,228003481,동천자이,228003482,N,20230221
7587,용인시,용인-수성교통,45031,241419014,죽전자이2차.용인서부경찰서,228002961,죽전자이2차.용인서부경찰서,228002961,N,20230221
7588,용인시,용인-수성교통,88C,241419015,성복역.데이파크(마을),228003569,신봉동일하이빌3.4단지,228003077,N,20230221
7589,용인시,용인-수성교통,45061,241419016,소말구리고개,228001797,성복역.롯데몰.두산기술원,228000891,N,20230221
7590,용인시,용인-상현운수,1,241420001,성복효성해링턴코트,228003376,죽전역.신세계백화점,228002971,N,20230221
7591,용인시,용인-상현운수,16,241420002,성복효성해링턴코트,228003376,미금역.2001아울렛,206000228,N,20230221
7592,용인시,용인-상현운수,5,241420003,상현지구대.금호5단지,228003531,미금역.2001아울렛,206000228,N,20230221
7593,용인시,용인-상현운수,82,241420004,성복효성해링턴코트,228003376,죽전역.신세계백화점,228002971,N,20230221
7594,용인시,용인-상현운수,44958,241420005,상현LG자이아파트,228003527,죽전역.신세계백화점,228002971,N,20230221
7595,용인시,용인-상현운수,29952,241420006,상현지구대.금호5단지,228003531,죽전역.신세계백화점,228002971,N,20230221
7596,용인시,용인-상현운수,44927,241420007,광교파크자이더테라스.열림공원,203000316,죽전역.신세계백화점,228002971,N,20230221
7597,용인시,용인-상현운수,45047,241420008,머내기업은행,206000220,수지구청역,228000947,N,20230221
7598,용인시,용인-상현운수,99,241420009,상현역,203000286,성복역.롯데몰.두산기술원,228000891,N,20230221
7599,용인시,용인-수성교통,88A,241420010,성복역.데이파크(마을),228003569,성복역.데이파크(마을),228003569,N,20230221
7600,용인시,용인-수성교통,88B,241420011,태영아파트,228000889,태영아파트,228000889,N,20230221
7601,용인시,용인-상현운수,801,241420012,상현역,203000287,상현역,203000287,N,20230221
7602,용인시,용인-구성운수,35,241421001,초원마을성원상떼빌,228003054,오리역,206000514,N,20230221
7603,용인시,용인-구성운수,12785,241421002,초원마을성원상떼빌,228003054,신갈농협.신갈동행정복지센터,228003226,N,20230221
7604,용인시,용인-구성운수,12816,241421003,초원마을성원상떼빌,228003054,롯데마트,228003124,N,20230221
7605,용인시,용인-구성운수,12844,241421004,초원마을성원상떼빌,228003054,신갈역.새릉골,228000820,N,20230221
7606,용인시,용인-구성운수,29,241421005,힐스테이트.현대1차,228001009,죽현마을.단국대학교입구,228001087,N,20230221
7607,용인시,용인-구성운수,44955,241421006,보정역.보정고등학교.동아솔레시티,228001089,죽전역.수지레스피아.죽전2동행정복지센터.신세계경기점,228001028,N,20230221
7608,용인시,용인-구성운수,14277,241421007,㈜다우,228003491,죽전역.신세계백화점,228002971,N,20230221
7609,용인시,용인-구성운수,57,241421008,보정역.보정고등학교.동아솔레시티,228001089,사기막골,228002986,N,20230221
7610,용인시,용인-구성운수,20821,241421009,마윈리치빌,228003090,수지구청.수지우체국,228000913,N,20230221
7611,용인시,용인-구성운수,20852,241421010,능원리,228003028,보정역.보정고등학교.동아솔레시티,228001138,N,20230221
7612,용인시,용인-구성운수,59-1A,241421011,오리역,206000514,벽산아파트3단지앞,228003516,N,20230221
7613,용인시,용인-구성운수,59-1B,241421012,오리역,206000514,수지구청.수지우체국,228000913,N,20230221
7614,용인시,용인-연원운수,23,241422001,구성중고등학교,228003150,미금역3번출구(마을),206000852,N,20230221
7615,용인시,용인-연원운수,20,241422002,래미안107동앞,228003151,죽전역.수지레스피아.죽전2동행정복지센터.신세계경기점,228001028,N,20230221
7616,용인시,용인-연원운수,23-1A,241422003,성원아파트,228003153,구성역,228002113,N,20230221
7617,용인시,용인-연원운수,20-1A,241422004,성원아파트,228003153,기흥역,228000682,N,20230221
7618,용인시,용인-연원운수,44980,241422005,성원아파트,228003153,구성역,228002113,N,20230221
7619,용인시,용인-연원운수,44977,241422006,래미안107동앞,228003151,구성역,228002113,N,20230221
7620,용인시,용인-연원운수,20-1B,241422007,마북동행정복지센터,228002999,구성역,228002113,N,20230221
7621,용인시,용인-연원운수,23-1B,241422008,성원아파트,228003153,죽전역.수지레스피아.죽전2동행정복지센터.신세계경기점,228001028,N,20230221
7622,용인시,용인-연원운수,23-1C,241422009,성원아파트,228003153,구성역,228002113,N,20230221
7623,용인시,용인-연원운수,49A,241422010,용인서부경찰서.죽전자이2차,228003138,보정역.보정고등학교.동아솔레시티,228001089,N,20230221
7624,용인시,용인-연원운수,49B,241422011,용인서부경찰서.죽전자이2차,228003138,죽전역.수지레스피아.죽전2동행정복지센터.신세계경기점,228001028,N,20230221
7625,용인시,용인-한비운수,22,241423001,㈜다우,228003491,미금역.청솔마을.2001아울렛,206000087,N,20230221
7959,용인시,대원고속,1117,234000069,외국어대학교,228001371,테크노마트앞.강변역(C),104000279,N,20230221
7960,용인시,경기고속,1303,234000130,외국어대학교,228001371,안양역,208000069,N,20230221
7961,용인시,대원고속,1550,234000136,광교차고지,203000254,지하철2호선.강남역(중),121000012,N,20230221
7962,용인시,대원고속,1314906,234000148,광교차고지,203000254,세종문화회관,100000174,N,20230221
7963,용인시,대원고속,1500-2,234000313,에버랜드(승차홈),228001986,사당역3번출구,121000166,N,20230221
7964,용인시,경기고속,M4101,234000875,상현역,203000286,숭례문,101000026,N,20230221
7965,용인시,경기고속,8100,234000878,단국대.치과병원,228001736,종로2가사거리(중),100000001,N,20230221
7966,용인시,대원고속,1101,234000879,단국대.치과병원,228001736,신분당선강남역(중),121000009,N,20230221
7967,용인시,경기고속,1150,234000882,외국어대학교,228001371,서울역버스환승센터(5번승강장)(중),101000005,N,20230221
7968,용인시,대원고속,1560,234000884,경희대차고지(경유),277103088,신분당선강남역(중),121000009,N,20230221
7969,용인시,대원고속,1570,234001271,광교차고지,203000254,신분당선강남역(중),121000010,N,20230221
7970,용인시,대원고속,P9243(출근),234001709,흥덕중심상업지구,228001826,잠실역.롯데월드몰(중),123000579,N,20230221
7971,용인시,대원고속,P9243(퇴근),234001710,잠실역.잠실대교남단(중),123000002,흥덕중심상업지구,228001851,N,20230221
7972,용인시,용인-승진여객,810,241332001,초당고등학교,228000176,미금역.청솔마을.2001아울렛,206000087,N,20230221
7973,용인시,용인-승진여객,810-1,241332003,참솔마을.월드메르디앙.동백경남아너스빌,228000181,기흥구청,228000818,N,20230221
7974,용인시,용인-승진여객,810-2,241332004,동백지역난방공사,228000870,구성역,228002113,N,20230221
7975,용인시,용인-수성교통,11,241419001,죽전역.신세계백화점,228002971,미금역.2001아울렛,206000228,N,20230221
7976,용인시,용인-수성교통,15,241419002,성복효성해링턴코트,228003376,미금역.2001아울렛,206000228,N,20230221
7977,용인시,용인-수성교통,44943,241419004,신봉센트레빌6차,228003443,죽전역.신세계백화점,228002971,N,20230221
7978,용인시,용인-수성교통,17,241419006,미금역.2001아울렛,206000222,동천역,228002295,N,20230221
7979,용인시,용인-수성교통,44940,241419007,관음사,228003450,죽전역.신세계백화점,228002971,N,20230221
7980,용인시,용인-수성교통,14,241419008,관음사,228003450,미금역3번출구(마을),206000852,N,20230221
7981,용인시,용인-수성교통,44972,241419009,신봉동.광교산등산로입구,228003534,죽전역.신세계백화점,228002971,N,20230221
7982,용인시,용인-수성교통,45000,241419011,수지프라자.한국아파트,228000912,벽산블루밍아파트,228000699,N,20230221
7983,용인시,용인-수성교통,44999,241419012,광교산체육공원,243502200,라크포레빌,243502430,N,20230221
7984,파주시,신일여객,34001,229000140,문산읍행정복지센터,229001199,멸공관,229001161,N,20230221
7985,파주시,신일여객,33604,229000143,적성차고지,229001443,강선마을16.17단지,219000748,N,20230221
7986,파주시,신성교통,7700,229000235,신성교하차고지,229001662,감악산출렁다리입구,229001092,N,20230221
7987,파주시,신일여객,23,229000236,선유중학교,229001576,한양수자인리버팰리스,229001608,N,20230221
7988,파주시,신성교통,7500,229000237,교하차고지,229001697,마장호수출렁다리,229001322,N,20230221
7989,파주시,신일여객,7701,229000238,금촌고속버스정류소,229002832,감악산출렁다리입구,229001092,N,20230221
7990,파주시,신일여객,34304,229000240,문산읍행정복지센터,229001199,돈유1로,229002770,N,20230221
7991,파주시,신일여객,34274,229000242,문산읍행정복지센터,229001199,선유4리,229002715,N,20230221
7992,파주시,신일여객,313,229000243,신산3리,229000442,현대아파트,218000176,N,20230221
7993,파주시,신일여객,313-1,229000244,신산3리,229000442,원흥역2번출구,218000695,N,20230221
7994,파주시,신성교통,7300,229000246,홍대입구,113000494,임진각,229001821,N,20230221
7995,파주시,신일여객,2852546,229000247,문산읍행정복지센터,229001199,영천시장(중),100000363,N,20230221
7996,파주시,신일여객,93-13,229000249,문산읍행정복지센터,229001199,하포리,229001301,N,20230221
7997,파주시,신일여객,93-14,229000250,문산읍행정복지센터,229001199,멸공관,229001161,N,20230221
7998,파주시,신성여객,75,229000251,금촌농협,229000583,자유로병원,229001788,N,20230221
7999,파주시,신성여객,27395,229000252,금촌농협,229000583,탄현중학교,229001761,N,20230221
8000,파주시,신성여객,27454,229000253,금촌농협,229000583,맛고을.국립민속박물관,229000764,N,20230221
8001,파주시,신성여객,27426,229000254,금촌농협,229000583,자유로병원,229001747,N,20230221
8002,파주시,신성교통,3100,229000255,교하차고지,229001697,서교동(중),113000423,N,20230221
8003,파주시,신일여객,19,229000261,갈곡리종점,229001019,어둔리,229001472,N,20230221
8004,파주시,신일여객,44945,229000262,갈곡리종점,229001019,방미,229000213,N,20230221
8005,파주시,신일여객,9709,229000263,장터고개.맥금동영업소,229000746,광화문,100000025,N,20230221
8006,파주시,신일여객,44979,229000264,힐스테이트2차,229002807,문산수억중고등학교,229000269,N,20230221
8107,평택시,평택여객,30742,214000059,안중구터미널,214000131,광덕(종점),214000910,N,20230221
8108,평택시,평택여객,84,214000060,안중구터미널,214000131,광덕종점,214000927,N,20230221
8109,평택시,평택여객,30713,214000061,안중구터미널,214000131,광덕종점,214000927,N,20230221
8110,평택시,평택여객,30682,214000062,안중구터미널,214000131,광덕(종점),214000910,N,20230221
8111,평택시,평택여객,85,214000067,성공회앞,214001380,홍원1지구(종점),214000986,N,20230221
8112,평택시,평택여객,30011,214000069,안중구터미널,214000131,방축1리,214001177,N,20230221
8113,평택시,평택여객,86,214000070,성공회앞,214001380,신영2리,214000050,N,20230221
8114,평택시,평택여객,31048,214000072,성공회앞,214001380,홍원1지구(종점),214000986,N,20230221
8115,평택시,평택여객,87,214000078,안중버스터미널(시외),214002010,덕우리,214001033,N,20230221
8116,평택시,평택여객,96,214000079,안중공용터미널,214001479,K55정문,214000308,N,20230221
8117,평택시,평택여객,93,214000080,안중공용터미널,214001479,대원아파트,214000406,N,20230221
8118,평택시,평택여객,91,214000081,죽백동차고지,214001328,창내4리,214000156,N,20230221
8119,평택시,평택여객,33270,214000083,고덕면사무소,214000034,죽백동차고지,214001329,N,20230221
8120,평택시,평택여객,34335,214000084,죽백동차고지,214001328,서정리역,214000473,N,20230221
8121,평택시,평택여객,94,214000085,죽백동차고지,214001328,고덕면사무소,214000034,N,20230221
8122,평택시,평택여객,89,214000091,안중공용터미널,214001479,당거사거리,214000149,N,20230221
8123,평택시,서울고속,44988,214000106,기남방송,214001320,신가리,285000013,N,20230221
8124,평택시,서울고속,45000,214000107,기남방송,214001320,신대2리,214001273,N,20230221
8125,평택시,협진여객,17,214000113,칠괴동우림아파트,214001965,불당리,231001077,N,20230221
8126,평택시,평택여객,30773,214000115,안중구터미널,214000131,광덕(종점),214000910,N,20230221
8127,평택시,서울고속,45112,214000147,기남방송,214001320,서정리역,214000473,N,20230221
8128,평택시,평택여객,99,214000148,안중구터미널,214000131,기산리마을회관,214001176,N,20230221
8129,평택시,협진여객,22,214000149,용이동차고지,214001302,남산5리.행복마을,214001528,N,20230221
8130,평택시,평택여객,30803,214000153,안중구터미널,214000131,광덕(종점),214000910,N,20230221
8131,평택시,서울고속,44990,214000154,기남방송,214001320,기남방송앞,214001327,N,20230221
8132,평택시,평택여객,31837,214000155,성공회앞,214001380,한내들퍼스트뷰,214001654,N,20230221
8133,평택시,평택여객,310,214000156,죽백동차고지,214001328,부영1차후문,214001037,N,20230221
8134,평택시,평택여객,320-1,214000159,죽백동차고지,214001328,양교6리,214000041,N,20230221
8135,평택시,평택여객,810,214000160,죽백동차고지,214001328,평택항.국제여객터미널,214001314,Y,20230221
8136,평택시,평택여객,310-2,214000161,안중오거리,214001321,청북중학교,214000450,N,20230221
8137,평택시,서울고속,45113,214000162,기남방송,214001320,경기도립노인전문평택병원,214001529,N,20230221
8138,평택시,서울고속,44987,214000163,기남방송,214001320,신가리,285000013,N,20230221
8139,평택시,평택여객,940,214000166,죽백동차고지,214001328,영화아파트,214001342,N,20230221
8140,평택시,서울고속,6,214000168,현촌근린공원,214001669,힐스테이트평택3차,214002101,N,20230221
8141,평택시,평택여객,313,214000169,안중오거리,214001321,청북읍사무소.신포,214000449,N,20230221
8142,평택시,평택여객,29983,214000170,안중구터미널,214000131,평택호관광단지,214000859,N,20230221
8143,평택시,평택여객,302,214000171,평택항.국제여객터미널,214001314,서정리역,214000473,N,20230221
8144,평택시,서울고속,45114,214000172,기남방송,214001320,서정리역,214000473,N,20230221
8145,평택시,평택여객,33604,214000173,성공회앞,214001380,서부두제1정문,214002059,N,20230221
8146,평택시,평택여객,300,214000177,오성면사무소앞,214000197,오성면사무소앞,214000197,N,20230221
8147,평택시,평택여객,300-1,214000178,오성면사무소앞,214000197,오성면사무소앞,214000197,N,20230221
8148,평택시,평택여객,310-1,214000179,안중공용터미널,214001479,죽백동차고지,214001329,N,20230221
8149,평택시,평택여객,320,214000180,안중공용터미널,214001479,죽백동차고지,214001329,N,20230221
8150,평택시,서울고속,5,214000182,소사벌휴먼시아1단지,214001582,힐스테이트평택3차,214002101,N,20230221
8151,평택시,평택여객,30348,214000183,성공회앞,214001380,원정8리,214001233,N,20230221
8152,평택시,평택여객,30376,214000184,성공회앞,214001380,원정8리,214001233,N,20230221
8153,평택시,평택여객,870,214000187,안중오거리,214001321,한내들퍼스트뷰,214001654,N,20230221
8154,평택시,협진여객,45170,214000189,원중복,231001258,고덕면사무소,214000034,N,20230221
8155,평택시,평택여객,35796,214000192,늘푸른아파트.현화초교,214000117,죽백동차고지,214001329,N,20230221
8156,평택시,평택여객,29221,214000193,안중공용터미널,214001479,죽백동차고지,214001329,N,20230221
8157,평택시,평택여객,999,214000194,용이동차고지(경유),277101657,평택지제역,214002018,Y,20230221
8158,평택시,평택여객,302-1,214000238,부영1차정문,214001493,서정리역,214000473,N,20230221
8159,평택시,서울고속,1000,214000244,기남방송,214001320,평택지제역,214002018,N,20230221
8160,평택시,서울고속,45078,214000245,기남방송,214001320,한경국립대학교,214001836,Y,20230221
8161,평택시,협진여객,18507,214000246,지제역차고지,214002019,안성종합버스터미널,231001274,N,20230221
8162,평택시,협진여객,45171,214000247,원중복,231001258,고덕면사무소,214000034,N,20230221
8163,평택시,평택여객,777,214000248,용이e편한세상2차아파트후문,214002076,평택지제역,214002018,N,20230221
8164,평택시,서울고속,45115,214000250,기남방송,214001320,서정리역,214000473,N,20230221
8165,평택시,평택여객,315,214000251,안중오거리,214001321,고잔마트,214002103,N,20230221
8166,평택시,서울고속,1183,214000254,죽백초교앞,214001548,평택역.AKPLAZA,214000628,N,20230221
8167,평택시,평택여객,8000,214000255,안중공용터미널,214001479,평택역.AKPLAZA,214000596,N,20230221
8168,평택시,서울고속,888A,214000256,평택역.AKPLAZA,214000628,평택터미널,214000641,N,20230221
8169,평택시,협진여객,888B,214000257,평택터미널,214000640,평택역.AKPLAZA,214000596,N,20230221
8170,평택시,서울고속,순환311,214000258,동문굿모닝힐맘시티2단지입구,214000059,평택지제역,214002018,N,20230221
8171,평택시,협진여객,1452,214000259,평택지제역,214002018,서정리역(중),214000793,N,20230221
8172,평택시,평택버스,6800,228000411,안중공용터미널,214001479,창현고교.아주대학교.유신고교,202000039,N,20230221
8173,평택시,대원고속,6600,234001697,비전푸르지오(중),214002034,신분당선강남역(중),121000009,N,20230221
8174,평택시,평택-진위운수,33A,241208001,서희스타힐스,214001132,지식산업센터,214001294,N,20230221
8175,평택시,평택-진위운수,33B,241208002,서희스타힐스,214001116,지식산업센터,214001294,N,20230221
8176,평택시,평택-율포여객,5,241282001,금각1리,214000313,은혜중고.국제대학,214002003,N,20230221
8177,평택시,평택-율포여객,45048,241282002,은혜중고.국제대학,214002003,부락산분수공원,214001393,N,20230221
8178,평택시,평택-율포여객,16,241282003,서정리역(마을),214001136,평택지제역,214002018,N,20230221
8179,평택시,평택-율포여객,44942,241282004,평택지제역,214002018,한경국립대학교,214001836,N,20230221
8180,평택시,평택-율포여객,77,241282006,두릉3리,214001797,동막마을,214001834,N,20230221
8181,평택시,평택-율포여객,28126,241282007,금각1리,214000313,우림아파트,214001499,N,20230221
8182,평택시,평택-율포여객,10,241282009,영화아파트,214001578,신흥마을,214000266,N,20230221
8183,평택시,평택-율포여객,15,241282010,서정리역(마을),214001136,한경국립대학교,214001836,N,20230221
8184,평택시,평택-율포여객,99,241282011,코오롱하늘채아파트북문,214000469,K55정문,214000308,N,20230221
8185,평택시,평택-뉴진위여객,6,241283001,가곡2리,214001884,오산역환승센터2층(1승강장),223000539,N,20230221
8186,평택시,평택-뉴진위여객,45078,241283002,동천1리종점,214001942,오산역환승센터2층(1승강장),223000539,N,20230221
8187,평택시,평택-뉴진위여객,8,241283003,은산1리,214001161,송탄시장,214000490,N,20230221
8188,평택시,평택-뉴진위여객,45139,241283004,서정리시장,214000613,청북읍사무소,214000442,N,20230221
8189,평택시,평택-뉴진위여객,13A,241283005,가곡1리,214001885,송탄시장,214000490,N,20230221
8190,평택시,평택-뉴진위여객,13B,241283006,가곡1리,214001885,송탄시장,214000490,N,20230221
8191,평택시,평택-뉴진위여객,22,241283007,서정리시장,214000613,서정리시장,214000613,N,20230221
8192,평택시,평택-뉴진위여객,66A,241283008,서정리시장,214000613,고잔7리마을회관,214001418,N,20230221
8193,평택시,평택-뉴진위여객,66B,241283009,서정리시장,214000613,이안아파트,214001492,N,20230221
8194,평택시,평택-뉴진위여객,24139,241283010,서정리시장,214000613,청북읍사무소,214000442,N,20230221
8195,평택시,평택-뉴진위여객,663,241283011,서정리시장,214000613,이안아파트,214001492,N,20230221
8196,이천시,경기고속,45014,234000477,삼진아파트,230000396,어산리종점,230000477,N,20230221
8197,이천시,경기고속,47150,234000478,삼진아파트,230000396,신대리종점,230001174,N,20230221
8198,이천시,경기고속,45045,234000480,이천역,230001276,가좌리,230001314,N,20230221
8199,이천시,대원고속,25,234000523,장호원초등학교,230000056,이천터미널,230001441,N,20230221
8200,이천시,대원고속,44982,234000525,터미널신둔홈,230000251,대죽3리마을회관,230001044,N,20230221
8201,이천시,대원고속,25-31,234000527,골프장앞,230000736,산내리종점,230001366,N,20230221
8202,이천시,대원고속,45010,234000528,터미널신둔홈,230000251,진가리,230000582,N,20230221
8203,이천시,대원고속,44952,234000535,터미널신둔홈,230000251,죽산터미널,231000841,N,20230221
8204,이천시,경기고속,45074,234000751,이천역,230001276,송라리.마을회관,230000650,N,20230221
8205,이천시,경기고속,44977,234000753,이천역,230001276,신원4리종점,230001164,N,20230221
8206,이천시,경기고속,45282,234000754,이천터미널,230001441,매곡1리,230000454,N,20230221
8207,이천시,경기고속,44948,234000755,이천터미널,230001441,매곡1리,230000454,N,20230221
8007,파주시,신성교통,M7154,229000268,교하차고지(경유),277101967,광화문.광화문빌딩,100000034,N,20230221
8008,파주시,신성교통,3100N,229000274,교하차고지,229001697,서교동(중),113000423,N,20230221
8009,파주시,파주선진셔클,파주DRT,229000275,신성교하차고지,229001663,신성교하차고지,229001662,N,20230221
8010,파주시,신성교통,25569,229000276,교하차고지,229001697,예비군훈련장.성저3.4단지,219000132,Y,20230221
8011,파주시,신일여객,9709N,229000277,장터고개.맥금동영업소,229000746,광화문,100000025,N,20230221
8012,파주시,파주-맑은교통,85,241209001,맑은교통차고지(경유),277102688,야당역,229002805,N,20230221
8013,파주시,파주-파주교통,61,241434001,비암2리,235000532,금촌역,229000585,N,20230221
8014,파주시,파주-파주교통,62,241434002,용미4리.묘지입구,229523120,금촌역,229000582,N,20230221
8015,파주시,파주-파주교통,061-1,241434003,비암2리,235000532,신산4리마을회관,229514220,N,20230221
8016,파주시,파주-파주교통,21,241434004,문산읍행정복지센터,229002444,노인복지회관.경찰서,229000547,N,20230221
8017,파주시,파주-파주교통,59,241434005,파주행복센터,229000341,내포4리종점,229002635,N,20230221
8018,파주시,파주-파주교통,92,241434006,명진여객차고지(경유),277104517,적성전통시장,229001391,N,20230221
8019,파주시,파주-파주교통,93,241434007,회차지(경유),277103710,학곡리회관,238000650,N,20230221
8020,파주시,파주-파주교통,093-1,241434008,회차지(경유),277103710,원당3리마을회관,238000651,N,20230221
8021,파주시,파주-파주교통,91,241434009,적성전통시장,229001391,적성전통시장,229001391,N,20230221
8022,파주시,파주-한일운수,64,241436002,금촌농협,229000583,하니랜드,229002539,N,20230221
8023,파주시,파주-한일운수,78,241436004,장터고개.맥금동영업소,229000746,은석교사거리,229000801,N,20230221
8024,파주시,파주-한일운수,87,241436006,운정역,229001579,은석교사거리,229000801,N,20230221
8025,파주시,파주-한일운수,88,241436007,신성교하차고지,229001662,팔학골,229002485,N,20230221
8026,파주시,파주-한일운수,34,241436008,신성교하차고지,229001662,문산읍행정복지센터,229002444,N,20230221
8027,파주시,파주-한일운수,36,241436010,금촌농협,229000583,금촌1동,229000584,N,20230221
8028,파주시,파주-한일운수,034-1,241436016,신성교하차고지,229001662,문산읍행정복지센터,229002444,N,20230221
8029,파주시,파주-한일운수,064쌍둥이,241436017,금촌농협,229000583,장곡1리종점.쌍둥이,229002352,N,20230221
8030,파주시,파주-한일운수,064재활용,241436018,금촌농협,229000583,하니랜드,229002539,N,20230221
8031,파주시,파주-한일운수,38,241436029,장터고개.맥금동영업소,229001269,문산읍행정복지센터,229002444,N,20230221
8032,파주시,파주-한일운수,25,241436031,차량대기(경유),277103934,웅지세무대학정문,229000657,N,20230221
8033,파주시,파주-한일운수,82,241436032,운정역,229002362,동패중.고등학교,229001473,N,20230221
8034,파주시,파주-한일운수,83,241436033,야당역,229002806,은석교사거리,229000801,N,20230221
8035,파주시,파주-한일운수,73,241436034,금촌농협,229000583,산남교차로,229001094,N,20230221
8036,파주시,파주-문산여객,051A,241438001,문산역,229000291,문산역,229000291,N,20230221
8037,파주시,파주-문산여객,051B,241438002,문산역,229000291,문산역,229000291,N,20230221
8038,파주시,파주-문산여객,051A(행복),241438003,문산읍행정복지센터(마을),229002808,문산읍행정복지센터(마을),229002809,N,20230221
8039,파주시,파주-문산여객,051B(행복),241438004,문산읍행정복지센터(마을),229002808,문산읍행정복지센터(마을),229002809,N,20230221
8040,파주시,파주-문산여객,058A,241438005,파주행복센터,229000341,마정2리방호벽,229002408,N,20230221
8041,파주시,파주-문산여객,058A(임진각),241438006,파주행복센터,229000341,임진각,229001821,N,20230221
8042,파주시,파주-문산여객,058B,241438007,파주행복센터,229000341,마정2리방호벽,229002408,N,20230221
8043,파주시,파주-문산여객,058B(임진각),241438008,파주행복센터,229000341,임진각,229001821,N,20230221
8044,파주시,파주-우리교통,32,241439002,유승아파트,229002796,봉일천고등학교,229002366,N,20230221
8045,파주시,파주-우리교통,033-1,241439004,탄현중학교,229001761,탄현중학교,229002730,N,20230221
8046,파주시,파주-우리교통,30,241439005,웅지세무대학,229002758,금릉역,229001562,N,20230221
8047,파주시,파주-우리교통,33,241439006,탄현중학교,229001761,금촌로타리.평생학습관,229000569,N,20230221
8048,파주시,파주-우리교통,080A,241439010,운정역,229001579,운정역,229001579,N,20230221
8049,파주시,파주-우리교통,080B,241439011,운정역,229001622,운정역,229001622,N,20230221
8050,파주시,파주-우리교통,81,241439012,야당역,229002806,운정고등학교,229001547,N,20230221
8051,파주시,파주-기흥여객,65,241441001,기흥여객차고지,229000260,고양자유학교앞,219000222,N,20230221
8052,파주시,파주-기흥여객,66,241441002,기흥여객차고지,229000260,뇌조리,229002486,N,20230221
8053,파주시,파주-기흥여객,065(봉고),241441003,기흥여객차고지,229000260,그린씨티동문아파트,229000473,N,20230221
8054,파주시,파주-기흥여객,065(봉중등교),241441004,기흥여객차고지,229000260,그린씨티동문아파트,229000473,N,20230221
8055,파주시,파주-기흥여객,065(봉중하교),241441005,기흥여객차고지,229000260,그린씨티동문아파트,229000473,N,20230221
8056,파주시,파주-한전운수,53,241442001,문산역,229000291,힐스테이트2차,229002807,N,20230221
8057,파주시,파주-한전운수,053-1,241442002,문산역,229000291,마정1리,229002726,N,20230221
8058,파주시,파주-한전운수,54,241442003,문산역,229000290,문산역,229000290,N,20230221
8059,파주시,파주-신일운수,17,241443003,파주행복센터,229000341,파주역,229000592,N,20230221
8060,파주시,파주-신대운여객,68,241454002,팜스프링아파트후문,229001185,푸르지오후문,229002775,N,20230221
8061,파주시,파주-신대운여객,22,241454003,용상골,229001675,대림슈퍼,229002375,N,20230221
8062,파주시,파주-신대운여객,23,241454004,월롱시민공원,229001270,도내4리마을회관,229000060,N,20230221
8063,파주시,파주-신대운여객,69,241454007,차량대기(경유),277103935,서영대학교,229001273,N,20230221
8064,파주시,파주-신대운여객,84,241454010,운정역,229002362,야당역,229002806,N,20230221
8065,파주시,파주-신대운여객,86,241454011,야당역,229002806,출판단지.신촌동,229001346,N,20230221
8066,파주시,파주-신대운여객,084(와석초),241454012,운정역,229002362,와석초교,229002342,N,20230221
8067,파주시,파주-신대운여객,084(심야),241454013,운정역,229002362,야당역,229002806,N,20230221
8068,파주시,파주-신대운여객,89,241454014,그린씨티동문아파트,229000472,숲속길마을7단지,229000849,N,20230221
8069,파주시,파주-신대운여객,75,241454015,야당역,229002806,초롱꽃마을6단지,229000436,N,20230221
8070,파주시,파주-신대운여객,76,241454016,야당역,229002806,해오름마을10단지,229000433,N,20230221
8071,파주시,파주-신대운여객,77,241454017,운정역,229001622,운정역,229001622,N,20230221
8072,평택시,협진여객,2,214000001,용이동차고지,214001302,오산대학,223000132,Y,20230221
8073,평택시,서울고속,3,214000002,기남방송,214001320,신가리,285000013,N,20230221
8074,평택시,서울고속,44986,214000003,기남방송,214001320,노와2리,214000410,N,20230221
8075,평택시,서울고속,15,214000005,기남방송,214001320,노양리낚시터,214000362,Y,20230221
8076,평택시,협진여객,44959,214000006,용이동차고지,214001302,오산대학,223000132,Y,20230221
8077,평택시,서울고속,44941,214000007,기남방송,214001320,함정1리,214000377,N,20230221
8078,평택시,서울고속,44972,214000010,기남방송,214001320,노양리낚시터,214000362,N,20230221
8079,평택시,서울고속,110,214000011,평택터미널,214000595,성환터미널,285000033,N,20230221
8080,평택시,서울고속,57,214000012,기남방송,214001320,신남1리,500000174,N,20230221
8081,평택시,서울고속,20821,214000013,기남방송,214001320,신당골,214001631,N,20230221
8082,평택시,협진여객,44927,214000014,용이동차고지,214001302,K55정문,214000298,Y,20230221
8083,평택시,서울고속,7,214000015,기남방송,214001320,서정리역,214000473,N,20230221
8084,평택시,서울고속,45110,214000016,기남방송,214001320,서정리역,214000473,N,20230221
8085,평택시,서울고속,45111,214000017,기남방송,214001320,서정리역,214000473,N,20230221
8086,평택시,서울고속,20,214000018,용이동차고지,214001302,K6정문.캠프험프리,214000800,Y,20230221
8087,평택시,서울고속,45108,214000019,기남방송,214001320,송탄동주민센터,214001498,Y,20230221
8088,평택시,서울고속,45109,214000020,기남방송,214001320,신촌,214000057,Y,20230221
8089,평택시,서울고속,8,214000021,기남방송,214001320,양성터미널,231000076,Y,20230221
8090,평택시,협진여객,50,214000022,지제역차고지,214002019,봉산로터리,231001360,Y,20230221
8091,평택시,서울고속,45140,214000024,기남방송,214001320,성은리,231001232,N,20230221
8092,평택시,협진여객,100,214000026,평택장례문화원,214001506,평택중학교,214000553,N,20230221
8093,평택시,협진여객,100-1,214000027,평택장례문화원,214001506,평택장례문화원,214001512,N,20230221
8094,평택시,서울고속,100-2,214000028,평택장례문화원,214001506,한국폴리텍대학반도체융합캠퍼스,231001203,N,20230221
8095,평택시,서울고속,45031,214000030,기남방송,214001320,신대2리,214000366,N,20230221
8096,평택시,서울고속,20852,214000034,기남방송,214001320,대사1리,214000358,N,20230221
8097,평택시,협진여객,35065,214000035,K55정문,214000308,안중터미널.안중보건지소,214001446,N,20230221
8098,평택시,협진여객,9,214000039,원중복,231001258,고덕면사무소,214000034,N,20230221
8099,평택시,협진여객,21,214000042,용이동차고지,214001302,내리회관,214000422,N,20230221
8100,평택시,협진여객,16,214000043,용이동차고지,214001302,내리회관,214000422,N,20230221
8101,평택시,평택여객,80,214000052,죽백동차고지,214001328,평택항.국제여객터미널,214001354,Y,20230221
8102,평택시,평택여객,98,214000053,죽백동차고지,214001328,해군2함대정문,214001373,Y,20230221
8103,평택시,평택여객,29952,214000054,안중구터미널,214000131,평택호관광단지,214000859,N,20230221
8104,평택시,평택여객,29587,214000055,성공회앞,214001380,모아아파트,214001203,N,20230221
8105,평택시,평택여객,83,214000056,성공회앞,214001380,원정8리,214001233,N,20230221
8106,평택시,평택여객,30317,214000058,성공회앞,214001380,원정8리,214001233,N,20230221
7862,용인시,경남여객,34700,228000132,(임시)용인터미널,228001552,곤지암농협,234000635,N,20230221
7863,용인시,경남여객,82,228000133,(임시)용인터미널,228001552,대대3리마을회관,228001882,N,20230221
7864,용인시,경남여객,2,228000136,(임시)용인터미널,228001552,마성리,228000384,N,20230221
7865,용인시,경남여객,84,228000139,(임시)용인터미널,228001552,문화복지행정타운.처인구보건소,228001745,N,20230221
7866,용인시,경남여객,30713,228000140,(임시)용인터미널,228001552,중간동,228001705,N,20230221
7867,용인시,경남여객,3,228000148,용인터미널,228001320,이천터미널,230000205,N,20230221
7868,용인시,경남여객,103,228000149,용인터미널,228001320,청강문화산업대입구,230000225,Y,20230221
7869,용인시,경남여객,89,228000156,(임시)용인터미널,228001552,내개일마을회관,228002166,N,20230221
7870,용인시,경남여객,9,228000159,(임시)용인터미널,228001552,마성3리,228001349,N,20230221
7871,용인시,경남여객,45171,228000160,(임시)용인터미널,228001552,마성리,228000384,N,20230221
7872,용인시,경남여객,33970,228000162,(임시)용인터미널,228001552,상덕,228000140,N,20230221
7873,용인시,경남여객,11,228000165,용인터미널,228001320,구봉말,228000473,N,20230221
7874,용인시,경남여객,6,228000168,용인터미널,228000197,후촌,228000117,N,20230221
7875,용인시,경남여객,5000B,228000174,명지대,228000191,서울역버스환승센터(5번승강장)(중),101000005,N,20230221
7876,용인시,경남여객,5005,228000175,명지대,228000191,서울역버스환승센터(5번승강장)(중),101000005,N,20230221
7877,용인시,경남여객,5001,228000176,명지대,228000191,신논현역.주류성빌딩,121000944,N,20230221
7878,용인시,경남여객,1132619,228000177,명지대,228000191,신논현역.주류성빌딩,121000944,N,20230221
7879,용인시,대원버스,1241,228000181,청덕중고교.지식산업센터,228001765,강남역티월드,121000973,N,20230221
7880,용인시,경남여객,5003B,228000182,명지대,228000191,신논현역.주류성빌딩,121000944,N,20230221
7881,용인시,경남여객,5002B,228000183,명지대,228000191,신논현역.주류성빌딩,121000944,N,20230221
7882,용인시,경남여객,5600,228000184,명지대,228000191,테크노마트앞.강변역(C),104000279,N,20230221
7883,용인시,경남여객,26665,228000190,백암터미널,228001584,가곡마을회관,228001448,N,20230221
7884,용인시,경남여객,26755,228000191,백암터미널,228001584,석실,228001498,N,20230221
7885,용인시,경남여객,75,228000197,용인터미널,228000197,진목교회,228002194,N,20230221
7886,용인시,경남여객,44981,228000199,용인터미널,228000197,중원사거리,223000135,N,20230221
7887,용인시,경남여객,81,228000200,(임시)용인터미널,228001552,양지농협,228001163,N,20230221
7888,용인시,경남여객,72,228000201,용인터미널,228000197,산정동,228000018,N,20230221
7889,용인시,경남여객,44950,228000203,용인터미널,228000197,오산역환승센터1층(1승강장),223000537,N,20230221
7890,용인시,경남여객,24,228000204,용인터미널,228000197,오산역환승센터1층(1승강장),223000537,N,20230221
7891,용인시,경남여객,27791,228000206,원삼면행정복지센터,228002264,구봉말,228000473,N,20230221
7892,용인시,경남여객,27820,228000207,원삼,228001587,좌찬,228001579,N,20230221
7893,용인시,경남여객,27851,228000208,원삼면행정복지센터,228002264,아송회관,228001416,N,20230221
7894,용인시,경남여객,27881,228000209,원삼면행정복지센터,228002264,가재월리,228000544,N,20230221
7895,용인시,경남여객,29952,228000214,(임시)용인터미널,228001552,양지농협,228000763,N,20230221
7896,용인시,경남여객,97,228000218,용인터미널,228001320,식금리마을회관,228001684,N,20230221
7897,용인시,경남여객,27760,228000223,원삼,228001587,승죽,228000459,N,20230221
7898,용인시,경남여객,26696,228000232,백암터미널,228001240,대흥동,228001483,N,20230221
7899,용인시,경남여객,26724,228000233,백암터미널,228001584,협동2교,228001494,N,20230221
7900,용인시,경남여객,26785,228000234,백암터미널,228001240,강촌,228000629,N,20230221
7901,용인시,경남여객,20,228000238,용인터미널,228001320,경안동공영주차장,234000965,Y,20230221
7902,용인시,경남여객,85,228000246,(임시)용인터미널,228001552,우림필유아파트,228001758,N,20230221
7903,용인시,경남여객,690,228000249,(임시)용인터미널,228001552,수지구청역,228000976,N,20230221
7904,용인시,경남여객,45200,228000250,백암터미널,228001240,죽산시외버스터미널,231000840,N,20230221
7905,용인시,경남여객,33604,228000251,용인터미널,228000197,송전터미널,228000218,N,20230221
7906,용인시,경남여객,45201,228000255,흥덕13단지.경남아너스빌.이영미술관,228001812,수원역.AK플라자,202000219,N,20230221
7907,용인시,경남여객,14,228000258,모현읍행정복지센터,228001398,내개일마을회관,228002166,N,20230221
7908,용인시,경남여객,44940,228000259,모현읍행정복지센터,228001398,내개일마을회관,228002166,N,20230221
7909,용인시,대원고속,5006,228000262,광교차고지,203000254,신분당선강남역(중),121000009,N,20230221
7910,용인시,대원고속,5007,228000263,광교차고지,203000254,서울역버스환승센터(5번승강장)(중),101000005,N,20230221
7911,용인시,경남여객,16,228000266,용인터미널,228001320,백암터미널,228001240,N,20230221
7912,용인시,경남여객,44999,228000267,모현읍행정복지센터,228001398,오산리.천주교묘지입구,228001066,N,20230221
7913,용인시,경남여객,65,228000268,(임시)용인터미널,228001552,청덕초등학교,228001766,N,20230221
7914,용인시,경남여객,102,228000269,백암터미널,228001240,박곡5리마을회관,228002002,N,20230221
7915,용인시,경남여객,105,228000270,지렁골.종점,228002183,MBC드라마세트장,228002016,N,20230221
7916,용인시,경남여객,5700B,228000271,명지대,228000191,테크노마트앞.강변역(C),104000279,N,20230221
7917,용인시,경남여객,970,228000273,(임시)용인터미널,228001552,추계2리,228001987,N,20230221
7918,용인시,경남여객,77,228000274,상현역,203000286,용인세브란스병원,228003342,N,20230221
7919,용인시,경남여객,45205,228000276,백암터미널,228001240,주평,231000414,N,20230221
7920,용인시,경남여객,45206,228000277,백암터미널,228001584,원삼면행정복지센터,228002277,N,20230221
7921,용인시,경남여객,45231,228000278,용인터미널,228000197,둥지박물관,228002124,N,20230221
7922,용인시,경남여객,32143,228000281,(임시)용인터미널,228001552,삼성반도체.남자기숙사,228001176,N,20230221
7923,용인시,경남여객,55,228000286,상현역,203000286,기흥역4번출구.기흥역시외버스정류소,228003219,N,20230221
7924,용인시,경남여객,99,228000287,롯데아울렛주차장,228001266,기흥구청,228000818,N,20230221
7925,용인시,경남여객,94,228000385,기흥역4번출구.기흥역시외버스정류소,228003219,동탄역(동측),233003085,N,20230221
7926,용인시,경남여객,5000A,228000388,초당주공3단지후문,228000183,서울역버스환승센터(5번승강장)(중),101000005,N,20230221
7927,용인시,경남여객,5003A,228000389,초당주공3단지후문,228000183,신논현역.주류성빌딩,121000944,N,20230221
7928,용인시,경남여객,13,228000390,(임시)용인터미널,228001552,명지대기숙사.힐하우스.그림빌리지.펠리체,228003297,N,20230221
7929,용인시,경남여객,45009,228000391,한숲스퀘어,228000488,시청.용인대역1번출구,228002261,N,20230221
7930,용인시,평택버스,1865295,228000393,단국대.치과병원,228001736,한국거래소,118000073,N,20230221
7931,용인시,경남여객,5002A,228000394,명지대,228000191,신논현역.주류성빌딩,121000944,N,20230221
7932,용인시,경남여객,5700A,228000395,명지대,228000191,테크노마트앞.강변역(C),104000279,N,20230221
7933,용인시,경남여객,100,228000396,송전터미널,228000217,우림필유아파트,228001758,N,20230221
7934,용인시,경남여객,45,228000397,한숲3단지,228001819,동탄역(서측),233003084,N,20230221
7935,용인시,경남여객,P9241(출근),228000398,한숲6단지,228001817,판교제2테크노밸리,204000064,N,20230221
7936,용인시,경남여객,P9241(퇴근),228000399,판교제2테크노밸리,204000060,한숲5단지,228001818,N,20230221
7937,용인시,경남여객,P9201(출근),228000400,한숲6단지,228001817,지하철2호선.강남역(중),121000012,N,20230221
7938,용인시,경남여객,P9201(퇴근),228000401,지하철2호선강남역(중),121000011,한숲5단지,228001818,N,20230221
7939,용인시,경남여객,101,228000402,백암터미널,228001240,청강문화산업대입구,230001112,N,20230221
7940,용인시,경남여객,21,228000403,시청.용인대역1번출구,228002261,송전터미널,228000218,N,20230221
7941,용인시,경남여객,P9211(출근),228000404,마북동.현대연수원.한국미술관,228003083,명동입구,101000148,N,20230221
7942,용인시,경남여객,P9211(퇴근),228000405,서울시청,101000303,마북동.현대연수원.한국미술관,228003083,N,20230221
7943,용인시,경남여객,78,228000406,백암터미널,228001584,좌찬,228001579,N,20230221
7944,용인시,경남여객,Y1201,228000407,남사,228001358,기흥역4번출구.기흥역시외버스정류소,228003219,N,20230221
7945,용인시,경남여객,Y1202,228000408,백암터미널,228001584,기흥역4번출구.기흥역시외버스정류소,228003219,N,20230221
7946,용인시,경남여객,Y1301,228000409,서울병원,228000439,동천역,228002294,N,20230221
7947,용인시,경남여객,Y1302,228000410,독산마을,228000344,동천역,228002294,N,20230221
7948,용인시,경남여객,M4455,228000412,초당역,228002134,서초동예술의전당,121000076,N,20230221
7949,용인시,경남여객,4101,228000413,한숲3단지,228001819,숭례문,101000026,N,20230221
7950,용인시,경남여객,45078,228000415,용인터미널,228000197,남사,228001358,N,20230221
7951,용인시,경남여객,45202,228000416,용인터미널,228001320,백암터미널,228001240,N,20230221
7952,용인시,경남여객,25,228000417,송전터미널,228000218,스마일슈퍼앞,228001308,N,20230221
7953,용인시,대원고속,1101N,228000418,단국대.치과병원,228001736,신분당선강남역(중),121000009,N,20230221
7954,용인시,한국스마트버스협동조합,P9242(출근),233000334,서천고등학교,228002064,판교제2테크노밸리,204000064,N,20230221
7955,용인시,한국스마트버스협동조합,P9242(퇴근),233000335,판교제2테크노밸리,204000060,서천고등학교,228002063,N,20230221
7956,용인시,대원버스,6900,234000027,광교차고지,203000254,잠실역.롯데월드,123000057,N,20230221
7957,용인시,대원고속,1113,234000042,에버랜드(승차홈),228001986,테크노마트앞.강변역(D),104000069,N,20230221
7958,용인시,경기고속,1005,234000065,외국어대학교,228001371,지하철2호선강남역(중),121000011,N,20230221
8208,이천시,경기고속,45007,234000756,이천터미널,230001441,송갈리종점,230000809,N,20230221
8209,이천시,경기고속,45038,234000757,이천터미널,230001441,작촌리종점,230001188,N,20230221
8210,이천시,경기고속,23,234000759,이천역,230001276,장흥리종점,237001275,N,20230221
8211,이천시,경기고속,44949,234000762,이천역,230001276,내촌리종점,230000365,N,20230221
8212,이천시,경기고속,44980,234000763,이천역,230001276,소유리종점,237000725,N,20230221
8213,이천시,대원고속,23-31,234000764,이천역,230001276,도곡리종점,237000904,N,20230221
8214,이천시,경기고속,23-13,234000765,이천역,230001276,현방리,230000268,N,20230221
8215,이천시,대원고속,45008,234000766,이천역,230001276,도곡리종점,237000904,N,20230221
8216,이천시,경기고속,45039,234000768,이천역,230001276,흥천.효지1리,237000399,N,20230221
8217,이천시,경기고속,45069,234000769,이천역,230001276,이포리,237000745,N,20230221
8218,이천시,경기고속,23-71,234000770,이천역,230001276,내사리,237000683,N,20230221
8219,이천시,경기고속,45130,234000771,이천역,230001276,내사리,237000683,N,20230221
8220,이천시,경기고속,44979,234000777,이천터미널,230001441,동산1리,230000459,N,20230221
8221,이천시,경기고속,45100,234000900,이천역,230001276,흥천.효지1리,237000399,N,20230221
8222,이천시,이천시내버스,45160,234001062,이천터미널,230001441,스태치팩코리아,230001361,N,20230221
8223,이천시,경기고속,45159,234001063,이천역,230001276,도암3리마을회관,230001303,N,20230221
8224,이천시,경기고속,23-92,234001074,백우리마을회관,230001383,이천역종점,230001210,N,20230221
8225,이천시,경기고속,22-13,234001075,이천터미널,230001441,양지병원,230001558,N,20230221
8226,이천시,경기고속,28-50,234001077,송라리입구,230000476,이천역종점,230001210,N,20230221
8227,이천시,경기고속,28-71,234001078,산촌리마을회관,230000961,이천역종점,230001210,N,20230221
8228,이천시,경기고속,45252,234001079,이천터미널,230001441,양지병원,230001558,N,20230221
8229,이천시,이천시내버스,22-21,234001081,이천터미널,230001441,동산1리,230000459,N,20230221
8230,이천시,경기고속,22-24,234001082,주박리,230001186,터미널신둔홈,230000251,N,20230221
8231,이천시,경기고속,22-30,234001083,이천터미널,230001441,송갈리종점,230000809,N,20230221
8232,이천시,대원고속,23-93,234001084,이천역,230001276,현방리,230000269,N,20230221
8233,이천시,대원고속,23-70,234001088,내사리,237000683,이천역종점,230001210,N,20230221
8234,이천시,대원고속,23-90,234001089,이천역,230001276,백우리마을회관,230000570,N,20230221
8235,이천시,경기고속,24-43,234001091,이천역,230001276,장동1리,230000291,N,20230221
8236,이천시,경기고속,24-44,234001092,이천역,230001276,장동1리,230000291,N,20230221
8237,이천시,경기고속,24-45,234001093,이천역,230001276,장동1리,230000291,N,20230221
8238,이천시,경기고속,25-20,234001099,이천호국원앞,230001331,이천역종점,230001210,N,20230221
8239,이천시,경기고속,23-50,234001100,흥천.효지1리,237000399,이천역종점,230001210,N,20230221
8240,이천시,대원고속,29-70,234001110,장호원터미널,230000101,선읍2리,230001009,N,20230221
8241,이천시,경기고속,29-40,234001116,이천역,230001276,가좌사거리,230001372,N,20230221
8242,이천시,경기고속,23-94,234001128,이천역,230001276,현방리,230000269,N,20230221
8243,이천시,경기고속,21-30,234001133,이천역,230001276,경사2리,230001408,N,20230221
8244,이천시,경기고속,24-46,234001168,장동1리,230000291,이천역종점,230001210,N,20230221
8245,이천시,경기고속,28-30,234001174,이천역,230001276,대흥2리,230000411,N,20230221
8246,이천시,경기고속,28-31,234001178,대흥1리,230000409,이천역종점,230001210,N,20230221
8247,이천시,경기고속,28-40,234001179,도리리,230001380,터미널신둔홈,230000251,N,20230221
8248,이천시,경기고속,28-42,234001180,이천역,230001276,대월농협,230000406,N,20230221
8249,이천시,경기고속,28-53,234001182,이천역,230001276,금당리.설성면사무소,230001365,N,20230221
8250,이천시,경기고속,28-90,234001185,이천역,230001276,상활리,237000804,N,20230221
8251,이천시,경기고속,28-91,234001186,상활리,237000804,이천역종점,230001210,N,20230221
8252,이천시,경기고속,45289,234001187,현대7차아파트,230000609,이천터미널,230000003,N,20230221
8253,이천시,경기고속,29-22,234001188,신대리종점,230001174,삼진아파트,230000396,N,20230221
8254,이천시,경기고속,29-31,234001194,현대5.6차아파트,230000611,어산리종점,230000477,N,20230221
8255,이천시,경기고속,45250,234001196,이천역,230001276,대관리,230000378,N,20230221
8256,이천시,경기고속,45280,234001197,대관리,230000378,터미널신둔홈,230000251,N,20230221
8257,이천시,경기고속,20-21,234001200,이천역,230001276,신원4리종점,230001164,N,20230221
8258,이천시,경기고속,29-95,234001201,이천역,230001276,효양아파트,230001418,N,20230221
8259,이천시,이천시내버스,21-14,234001202,모전리현대아파트,230000015,양정여고,230001259,N,20230221
8260,이천시,경기고속,20-33,234001206,죽당리,230000470,이천역종점,230001210,N,20230221
8261,이천시,경기고속,45283,234001209,이천역,230001276,이포리,237001266,N,20230221
8365,화성시,제부여객,9,233000025,경진여객차고지,233001064,노진리종점,233000466,N,20230221
8366,화성시,제부여객,19,233000026,경진여객차고지,233001064,노진리종점,233000466,N,20230221
8367,화성시,제부여객,44986,233000027,경진여객차고지,233001064,운평1리평밭,233001163,N,20230221
8368,화성시,제부여객,3,233000028,경진여객차고지,233001064,뒷말,233000419,N,20230221
8369,화성시,제부여객,44961,233000029,경진여객차고지,233001064,화산1리종점,233001252,N,20230221
8370,화성시,제부여객,44960,233000030,경진여객차고지,233001064,고온리종점,233000481,N,20230221
8371,화성시,제부여객,16,233000034,경진여객차고지,233001064,화산2리마을회관,233001360,N,20230221
8372,화성시,제부여객,44959,233000035,경진여객차고지,233001064,석천4리종점,233001359,N,20230221
8373,화성시,제부여객,18,233000036,경진여객차고지,233001064,궁평항,233001799,N,20230221
8374,화성시,제부여객,45017,233000038,경진여객차고지,233001064,안중구터미널,214000869,N,20230221
8375,화성시,제부여객,6,233000040,경진여객차고지,233001064,발안만세시장,233000387,N,20230221
8376,화성시,제부여객,11,233000041,발안만세시장,233001394,경진여객차고지,233000412,N,20230221
8377,화성시,제부여객,45079,233000043,경진여객차고지,233001064,발안만세시장,233000387,N,20230221
8378,화성시,제부여객,17,233000044,경진여객차고지,233001064,화수3리노인회관,233001803,N,20230221
8379,화성시,제부여객,45080,233000045,경진여객차고지,233001064,발안만세시장,233000387,N,20230221
8380,화성시,제부여객,8,233000046,경진여객차고지,233001064,원안1리종점,233001397,N,20230221
8381,화성시,제부여객,45141,233000047,경진여객차고지,233001064,석포초등학교,233000446,N,20230221
8382,화성시,제부여객,1,233000048,경진여객차고지,233001064,장안제일교회,233001423,N,20230221
8383,화성시,제부여객,45140,233000049,경진여객차고지,233001064,원안1리종점,233001397,N,20230221
8384,화성시,제부여객,44927,233000051,경진여객차고지,233001064,장안4리(고잔)종점,233001425,N,20230221
8385,화성시,제부여객,44958,233000052,경진여객차고지,233001064,고온리종점,233000481,N,20230221
8386,화성시,제부여객,45108,233000056,경진여객차고지,233001064,발안만세시장,233000387,N,20230221
8387,화성시,제부여객,45139,233000057,경진여객차고지,233001064,원안1리종점,233001397,N,20230221
8388,화성시,제부여객,7,233000058,경진여객차고지,233001064,발안만세시장,233001394,N,20230221
8389,화성시,제부여객,45235,233000059,발안만세시장,233001394,석포6리(마파지),233001626,N,20230221
8390,화성시,제부여객,45232,233000060,발안만세시장,233001394,경진여객차고지,233000412,N,20230221
8391,화성시,제부여객,45234,233000062,발안만세시장,233001394,경진여객차고지,233000412,N,20230221
8392,화성시,제부여객,10,233000064,발안만세시장,233001394,구문천3리,233001541,N,20230221
8393,화성시,제부여객,1004-1,233000067,전곡항,233001912,수원역환승센터(4승강장),201000590,N,20230221
8394,화성시,제부여객,1000,233000077,장외리.오리골,233001903,동탄역(동측),233003085,N,20230221
8395,화성시,제부여객,20,233000079,경진여객차고지,233001064,이화리종점,233001052,N,20230221
8396,화성시,제부여객,21,233000080,경진여객차고지,233001064,구장삼거리,233001031,N,20230221
8397,화성시,제부여객,24,233000081,경진여객차고지,233001064,경진여객차고지,233000412,N,20230221
8398,화성시,제부여객,23,233000085,경진여객차고지,233001064,발안식염온천,233001794,N,20230221
8399,화성시,제부여객,25,233000094,조암시장,233001434,경진여객차고지,233001064,N,20230221
8400,화성시,제부여객,26,233000095,경진여객차고지,233001064,구문천3리,233001541,N,20230221
8401,화성시,제부여객,27,233000096,경진여객차고지,233001064,두레자연중고등학교,233001383,N,20230221
8402,화성시,제부여객,340-1,233000117,향남주공18단지,233002472,금정역,225000011,N,20230221
8403,화성시,제부여객,1008,233000125,현대기아연구소,233002226,사당역(중),121001315,N,20230221
8404,화성시,제부여객,12086,233000126,경진여객차고지,233001064,구문천리,233000812,N,20230221
8405,화성시,화성운수,712,233000128,만의사.마을회관,233000160,병점역사거리,233000702,N,20230221
8406,화성시,화성여객,6001,233000131,동탄2차고지,233003122,신분당선강남역(중),121000009,Y,20230221
8407,화성시,화성여객,116-3,233000133,동탄2차고지,233003122,미금역.청솔마을.2001아울렛,206000087,Y,20230221
8408,화성시,화성여객,8501,233000135,수원대학교,233001214,신분당선강남역(중),121000009,Y,20230221
8409,화성시,화성여객,6002,233000136,동탄2차고지,233003122,신분당선강남역(중),121000009,Y,20230221
8410,화성시,경진여객,8155,233000139,경진여객차고지,233001064,사당역(중),121001315,Y,20230221
8411,화성시,제부여객,1002,233000140,전곡항,233001912,사당역(중),121001315,N,20230221
8412,화성시,화성여객,1498227,233000142,한화꿈에그린,233002438,신분당선강남역(중),121000009,N,20230221
8413,화성시,화성운수,710,233000252,만의사.마을회관,233000160,병점역사거리,233000702,N,20230221
8414,화성시,화성여객,203,233000254,동탄2차고지,233003122,영통역8번출구,203000074,N,20230221
8506,화성시,화성-화성도시공사,H50-7,241211013,화성의과학대학교,233002708,사강복지회관,233000855,N,20230221
8507,화성시,화성-화성도시공사,H50,241211014,송교리종점,233003057,동미산입구,233003032,N,20230221
8508,화성시,화성-화성도시공사,H51,241211015,전곡항,233001912,백미리사랑방,233003042,N,20230221
8509,화성시,화성-화성도시공사,H52,241211016,전곡항,233001912,궁평유원지종점,233002601,N,20230221
8510,화성시,화성-화성도시공사,H53,241211017,전곡항,233001912,고온리종점,233000481,N,20230221
8511,화성시,화성-화성도시공사,H1,241211018,동탄2차고지,233002292,신영통현대타운.두산위브,233000117,N,20230221
8512,화성시,화성-화성도시공사,H2,241211019,장지동농협,233000168,병점역후문,233000695,N,20230221
8513,화성시,화성-화성도시공사,H50-6B,241211020,화성의과학대학교,233002708,금강아파트,233002921,N,20230221
8514,화성시,화성-화성도시공사,H50-9,241211021,화성의과학대학교,233002708,서희스타힐스1.3단지,233000341,N,20230221
8515,화성시,화성-송산여객,20(마산포),241231001,사강종점,233002875,마산포,233001838,N,20230221
8516,화성시,화성-송산여객,20(어도동내),241231002,사강종점,233002875,어도종점,233002996,N,20230221
8517,화성시,화성-송산여객,20(어도펜션),241231003,사강종점,233002875,어도펜션,233002640,N,20230221
8518,화성시,화성-송산여객,공영1(궁평),241231004,사강종점,233002875,궁평유원지종점,233002601,N,20230221
8519,화성시,화성-송산여객,공영1(왕모대),241231006,사강종점,233002875,왕모대,233002527,N,20230221
8520,화성시,화성-송산여객,공영1(지화2리),241231007,사강종점,233002875,지화2리,233003002,N,20230221
8521,화성시,화성-송산여객,공영2(삼존대광A),241231008,사강종점,233002875,대광아파트,233000191,N,20230221
8522,화성시,화성-송산여객,공영2(송정대광A),241231009,사강종점,233002875,대광아파트,233000191,N,20230221
8523,화성시,화성-송산여객,공영2(금당2리),241231010,사강종점,233002875,금당2리종점,233002801,N,20230221
8524,화성시,화성-송산여객,공영3(장문지화1),241231012,사강종점,233002875,지화1리.현대염전,233002901,N,20230221
8525,화성시,화성-송산여객,공영3(삼존.청원),241231013,사강종점,233002875,청원3리,233000294,N,20230221
8526,화성시,화성-송산여객,공영4(마산2리),241231017,사강종점,233002875,마산2리.도말,233003063,N,20230221
8527,화성시,화성-송산여객,공영4(독지2리),241231018,사강종점,233002875,독지리종점,233002594,N,20230221
8528,화성시,화성-송산여객,공영4(중송1리),241231019,사강종점,233002875,중송1리마을회관,233002908,N,20230221
8529,화성시,화성-송산여객,20-2(용포화석지),241231020,사강종점,233002875,공룡알화석지,233002637,N,20230221
8530,화성시,화성-송산여객,20-2(천등.고정),241231021,사강종점,233002875,고정2리,233000285,N,20230221
8531,화성시,화성-송산여객,20-2(용포고정천),241231022,사강종점,233002875,고정2리,233000285,N,20230221
8532,화성시,화성-송산여객,20-2(용포.고정),241231023,사강종점,233002875,고정2리,233000285,N,20230221
8533,화성시,화성-송산여객,20-1(홍법리),241231026,사강종점,233002875,흥법리마을회관,233002602,N,20230221
8534,화성시,화성-송산여객,20-1(독지리),241231027,사강종점,233002875,독지리종점,233002594,N,20230221
8535,화성시,화성-송산여객,20-3(왕모대시청),241231028,사강종점,233002875,대광아파트,233000191,N,20230221
8536,화성시,화성-송산여객,20-3(쌍쏭.대광A),241231030,사강종점,233002875,대광아파트,233000191,N,20230221
8537,화성시,화성-송산여객,20-1(고모리),241231031,사강종점,233002875,사강종점,233002876,N,20230221
8538,화성시,화성-송산여객,공영3(중송1리),241231032,사강종점,233002875,중송1리마을회관,233002908,N,20230221
8539,화성시,화성-송산여객,공영3(지화2리),241231033,사강종점,233002875,지화2리,233003002,N,20230221
8540,화성시,화성-송산여객,공영4(돌내독지1),241231035,사강종점,233002875,돌내,233003059,N,20230221
8541,화성시,화성-송산여객,20-4A,241231037,사강종점,233002875,대광아파트,233000191,N,20230221
8542,화성시,화성-송산여객,20(신경대),241231039,화성의과학대학교,233002708,사강종점,233002875,N,20230221
8543,화성시,화성-송산여객,20-1(신경대),241231040,화성의과학대학교,233002708,사강종점,233002875,N,20230221
8544,화성시,화성-송산여객,20-2(신경대),241231041,화성의과학대학교,233002708,사강종점,233002875,N,20230221
8545,화성시,화성-송산여객,20-3(신경대),241231042,화성의과학대학교,233002708,사강종점,233002875,N,20230221
8546,화성시,화성-송산여객,20-4(신경대),241231043,화성의과학대학교,233002708,사강종점,233002875,N,20230221
8547,화성시,화성-송산여객,공영1(신경대),241231044,화성의과학대학교,233002708,사강종점,233002875,N,20230221
8548,화성시,화성-송산여객,공영2(신경대),241231045,화성의과학대학교,233002708,사강종점,233002875,N,20230221
8549,화성시,화성-송산여객,공영3(신경대),241231046,화성의과학대학교,233002708,사강종점,233002875,N,20230221
8550,화성시,화성-송산여객,공영4(신경대),241231047,화성의과학대학교,233002708,사강종점,233002875,N,20230221
8551,화성시,화성-다원교통,50-8(신외),241234001,남양읍행정복지센터,233000769,남양읍행정복지센터,233000729,N,20230221
8552,화성시,화성-다원교통,44979,241234002,세영리첼,233001910,수원역.역전시장,202000225,N,20230221
8553,화성시,화성-다원교통,22-3(장전),241234003,장전출발(경유),277101941,수원역.역전시장,202000225,N,20230221
8554,화성시,화성-다원교통,22-3(신경대),241234004,화성의과학대학교,233002708,수원역.역전시장,202000225,N,20230221
8555,화성시,화성-다원교통,18384,241234005,남양읍행정복지센터,233000769,신외2리.고잔,233002934,N,20230221
8556,화성시,화성-다원교통,45080,241234006,보통2리,233000611,수원역환승센터(11승강장),201000597,N,20230221
8557,화성시,화성-다원교통,22,241234008,수현초.수현중,233002458,어천역,233000844,N,20230221
8558,화성시,화성-다원교통,45081,241234009,수원과학대학,233000913,수원역환승센터(11승강장),201000597,N,20230221
8559,화성시,화성-다원교통,18264,241234010,수원과학대학,233000913,병점역사거리,233000702,N,20230221
8560,화성시,화성-산척여객,19,241317002,호수공원행복주택.호수부영6차,233001710,병점역사거리,233000702,N,20230221
8561,화성시,화성-산척여객,44945,241317004,의료복합,233001785,병점역사거리,233000702,N,20230221
8562,화성시,화성-산척여객,44976,241317006,장지동농협,233000168,병점역사거리,233000702,N,20230221
8563,화성시,화성-산척여객,45004,241317008,LH1단지.한양수자인,233002173,병점역사거리,233000702,N,20230221
8564,화성시,화성-산척여객,39,241317009,동탄물류단지북측,233000069,동탄역(서측),233003084,Y,20230221
8565,화성시,화성-산척여객,H17,241317012,장지동농협,233000168,국민은행(마을),223000491,N,20230221
8566,화성시,화성-산척여객,H16,241317013,솔빛동탄경남아너스빌,233000070,능동주공단지,233001715,N,20230221
8567,화성시,화성-산척여객,H9,241317015,방교동일반산업단지,233001969,동탄역(동측),233003085,N,20230221
8568,화성시,화성-산척여객,H11,241317016,방아다리마을,233002363,현대트랜시스,233002017,N,20230221
8569,화성시,화성-산척여객,H12,241317017,장지동농협,233000168,반월동행정복지센터,233002669,N,20230221
8570,화성시,화성-산척여객,19-5(A),241317018,장지동농협,233000168,동탄역(동측),233003085,N,20230221
8571,화성시,화성-산척여객,19-5(B),241317019,동탄역(동측),233003085,병점역사거리,233000702,N,20230221
8572,화성시,화성-청진교통,5,241318001,오산역환승센터1층(1승강장),223000537,동탄2차고지,233003123,N,20230221
8573,화성시,화성-청진교통,6,241318003,새강마을.휴먼시아,233001452,솔빛마을.서해.쌍용아파트,233001450,N,20230221
8574,화성시,화성-청진교통,H14(A),241318004,동탄역(동측),233003085,동탄역(동측),233003085,N,20230221
8575,화성시,화성-청진교통,H15,241318005,동탄역(동측),233003085,LH1단지.한양수자인,233002169,N,20230221
8576,화성시,화성-청진교통,H20,241318006,병점역후문,233000695,동탄역(동측),233003085,N,20230221
8577,화성시,화성-청진교통,H14(B),241318007,동탄역(서측),233003084,동탄역(서측),233003084,N,20230221
8578,화성시,화성-청진교통,H19,241318008,오산대역후문,223000369,오산대역후문,223000370,N,20230221
8579,화성시,화성-명승교통,45232,241323002,병점역.화성청년지원센터,233002064,서천2차아이파크,228002053,Y,20230221
8580,화성시,화성-명승교통,11,241323003,병점아이파크캐슬.성호플레르빌,233000199,병점아이파크캐슬.성호플레르빌,233000199,N,20230221
8581,화성시,화성-명승교통,12,241323004,병점역.화성청년지원센터,233002064,영통역8번출구,203000074,N,20230221
8582,화성시,화성-명승교통,13,241323005,병점역.화성청년지원센터,233002064,신영통현대타운2단지,233002507,N,20230221
8583,화성시,화성-명승교통,H25,241323006,병점역.화성청년지원센터,233002064,동탄2신도시홍보관,233002382,N,20230221
8584,화성시,화성-명승교통,H13(A),241323007,동탄역(동측),233003085,동탄역(동측),233003085,N,20230221
8585,화성시,화성-명승교통,H13(B),241323008,동탄역(서측),233003084,동탄역(서측),233003084,N,20230221
8586,화성시,화성-금오운수,17,241324001,병점역후문,233000695,동탄역(동측),233003085,N,20230221
8587,화성시,화성-금오운수,27,241324002,병점역사거리,233000702,한림대성심병원,233002559,N,20230221
8588,화성시,화성-금오운수,44984,241324004,병점역후문,233000695,나루고등학교,233002653,N,20230221
8589,화성시,화성-금오운수,44943,241324005,병점역후문,233000695,동탄역(동측),233003085,N,20230221
8590,화성시,화성-매봉여객,18295,241335001,남양성지,233000841,사강정형외과,233000267,N,20230221
8591,화성시,화성-매봉여객,7(아침),241335027,매송농협,233001276,오목천동사거리,201000167,N,20230221
8592,화성시,화성-매봉여객,7(송라),241335029,매송농협,233002529,오목천동사거리,201000167,N,20230221
8593,화성시,화성-매봉여객,7(야목),241335030,매송농협,233002529,오목천동사거리,201000167,N,20230221
8594,화성시,화성-매봉여객,7(매송),241335031,매송농협,233002529,오목천동사거리,201000167,N,20230221
8595,화성시,화성-매봉여객,H8,241335032,장안대후문,233002757,수원대학교,233000576,N,20230221
8596,화성시,화성-매봉여객,50-2(오전),241335034,남양성지,233000841,사강정형외과,233000267,N,20230221
8597,화성시,화성-매봉여객,50-2(오후),241335035,남양성지,233000841,사강정형외과,233000267,N,20230221
8415,화성시,경진여객,8156,233000258,향남주공18단지,233002472,사당역(중),121001315,N,20230221
8416,화성시,화성여객,4403,233000265,나루마을.월드반도,233001448,신분당선강남역(중),121000009,Y,20230221
8417,화성시,화성여객,6003,233000266,동탄2차고지,233003122,판교역.낙생육교.현대백화점,206000532,Y,20230221
8418,화성시,제부여객,28,233000267,산호아파트,233001362,장안면행정복지센터,233000932,N,20230221
8419,화성시,화성여객,200,233000268,경기고속차고지,233002341,반도10차,233003174,N,20230221
8420,화성시,화성여객,4108,233000270,나루마을.월드반도,233001448,서울역버스환승센터(6번승강장)(중),101000006,Y,20230221
8421,화성시,제부여객,39,233000274,서둔동차고지(경유),277103108,향남환승터미널,233002102,N,20230221
8422,화성시,화성여객,H65,233000275,동탄2차고지,233003122,화성시청,233001435,N,20230221
8423,화성시,화성여객,116-5,233000276,영통차고지(경유),277101892,갈곶동.KCC스위첸아파트,223000525,N,20230221
8424,화성시,화성여객,H67,233000277,동탄2차고지,233003122,향남환승터미널,233002102,N,20230221
8425,화성시,화성여객,205,233000281,경기고속차고지,233002341,한신더휴,233001614,N,20230221
8426,화성시,화성여객,H23,233000282,방교동일반산업단지,233001551,한화.린스트라우스,233000978,N,20230221
8427,화성시,경진여객,8000,233000311,협성대정문,233003173,금정역,225000007,N,20230221
8428,화성시,제부여객,340-2,233000320,향남주공18단지,233002472,금정역,225000011,N,20230221
8429,화성시,화성여객,6008,233000321,동탄2차고지,233003122,서초아트자이아파트,121000063,N,20230221
8430,화성시,화성여객,G6009,233000322,호수자이파밀리에.아이원,233003132,잠실광역환승센터,123000611,N,20230221
8431,화성시,경진여객,7200,233000325,동탄2차고지,233003122,인덕원역4호선,209000152,N,20230221
8432,화성시,경진여객,1006,233000326,수원대학교,233000576,강남역나라빌딩앞,121000921,N,20230221
8433,화성시,화성여객,G6010,233000327,오산역환승센터2층(2승강장),223000540,상갈역,228002101,N,20230221
8434,화성시,제부여객,G1003,233000328,현대기아연구소,233002226,양재역커피빈앞,121000971,N,20230221
8435,화성시,제부여객,G8157,233000329,향남주공18단지,233002472,지하철3호선교대역,121000085,N,20230221
8436,화성시,화성도시공사,H101,233000330,치동천힐링마을,233002426,대우푸르지오,233000686,N,20230221
8437,화성시,화성도시공사,H103,233000331,향남시외버스터미널(경유),277103890,수원역환승센터(2승강장),201000588,N,20230221
8438,화성시,화성여객,M4448,233000332,아이파크.호수부영4차,233001754,신분당선강남역(중),121000009,N,20230221
8439,화성시,화성여객,8502,233000333,수원대학교,233001214,신분당선강남역(중),121000009,Y,20230221
8440,화성시,한국스마트버스협동조합,P9301(출근),233000336,나루마을.월드반도,233001448,잠실광역환승센터,123000611,N,20230221
8441,화성시,한국스마트버스협동조합,P9301(퇴근),233000337,잠실광역환승센터,123000611,나루마을.한화꿈에그린2차,233001713,N,20230221
8442,화성시,한국스마트버스협동조합,P9302(출근),233000338,호수자이파밀리에.아이원,233003132,잠실광역환승센터,123000611,N,20230221
8443,화성시,한국스마트버스협동조합,P9302(퇴근),233000339,잠실광역환승센터,123000611,아이원.호수자이파밀리에,233003126,N,20230221
8444,화성시,화성도시공사,H102,233000340,동탄2차고지,233002292,반월동행정복지센터,233002669,N,20230221
8445,화성시,화성여객,H10,233000341,동양파라곤,233001848,동탄역(동측),233003085,N,20230221
8446,화성시,화성도시공사,H104,233000342,향남시외터미널,233003052,송탄역,214001844,N,20230221
8447,화성시,화성도시공사,H105,233000343,고온리종점,233000481,병점역사거리,233000702,N,20230221
8448,화성시,화성도시공사,H106,233000344,화성의과학대학교,233002708,조암농협,233002625,N,20230221
8449,화성시,화성도시공사,H121,233000345,화성종합운동장,233002109,부처내,233000031,N,20230221
8450,화성시,화성도시공사,H122,233000346,화성종합운동장,233002109,부처내,233000031,N,20230221
8451,화성시,화성도시공사,H120A,233000347,수원역환승센터(4승강장),201000590,현대자동차출고센터,233002275,N,20230221
8452,화성시,화성도시공사,H120B,233000348,화성의과학대학교,233002708,향남부영10.11단지,233002408,N,20230221
8453,화성시,화성도시공사,H131,233000349,국민체육센터,233002217,수원역환승센터(11승강장),201000597,N,20230221
8454,화성시,화성여객,M4449,233000354,한신대입구사거리,223000057,신분당선강남역(중),121000009,N,20230221
8455,화성시,화성도시공사,H161,233000368,향남시외터미널,233003052,수원역환승센터(2승강장),201000588,N,20230221
8456,화성시,화성도시공사,H160,233000369,화성의과학대학교,233002708,수원역환승센터(2승강장),201000588,N,20230221
8457,화성시,남양여객,400A,233000377,경기대후문,203000033,사강시장,233000268,N,20230221
8458,화성시,화성도시공사,H404,233000378,바이오단지종점,233000297,수원역환승센터(6승강장),201000592,N,20230221
8459,화성시,화성도시공사,H100,233000379,동탄2차고지,233002292,현대기아연구소,233002213,N,20230221
8460,화성시,화성도시공사,H130,233000382,새솔고,233003145,원시역1번출구,217000292,N,20230221
8461,화성시,화성도시공사,H340,233000383,화성문화원.향남환승터미널,233002101,삼천리마을앞,216000322,N,20230221
8462,화성시,대원고속,1007,234000015,수원대학교,233000576,잠실광역환승센터,123000611,N,20230221
8463,화성시,화성여객,720-3,234000068,단국대차고지,228003364,새봄초등학교,233000222,N,20230221
8464,화성시,대원고속,1009,234000310,수원대학교,233001214,잠실광역환승센터,123000611,N,20230221
8465,화성시,화성여객,6004,234000314,동탄국제고등학교,233001447,신분당선강남역(중),121000009,N,20230221
8466,화성시,대원고속,M4403,234000995,나루마을.월드반도,233001448,신분당선강남역(중),121000009,Y,20230221
8467,화성시,대원고속,1551,234001138,수원대학교,233001214,양재역.서초문화예술회관(중),121000003,N,20230221
8468,화성시,대원고속,M4108,234001245,나루마을.월드반도,233001448,서울역버스환승센터(6번승강장)(중),101000006,Y,20230221
8469,화성시,대원고속,1551B,234001290,수원대학교,233001214,신분당선강남역(중),121000009,N,20230221
8470,화성시,화성여객,721,234001568,영통차고지(경유),277101892,반도10차,233003174,N,20230221
8471,화성시,화성여객,116-2,234001570,영통차고지(경유),277101892,갈곶동.KCC스위첸아파트,223000525,N,20230221
8472,화성시,화성여객,M4130,234001577,호수자이파밀리에.아이원,233003132,서울역버스환승센터(6번승강장)(중),101000006,N,20230221
8473,화성시,화성여객,M4434,234001619,호수자이파밀리에.아이원,233003132,신분당선강남역(중),121000009,N,20230221
8474,화성시,화성여객,M4137,234001622,아이파크.호수부영4차,233001754,서울역버스환승센터(6번승강장)(중),101000006,N,20230221
8475,화성시,화성-수성여객,45108,241205003,수원과학대학,233000913,신미주아파트,233002722,N,20230221
8476,화성시,화성-수성여객,9,241205007,쌍용아파트,233003022,봉담호수공원.신협앞,233002084,N,20230221
8477,화성시,화성-수성여객,45170,241205008,수영초등학교,233001869,수원대학교,233000576,N,20230221
8478,화성시,화성-수성여객,44987,241205011,장짐삼거리(경유),277102010,오산역환승센터2층(2승강장),223000540,N,20230221
8479,화성시,화성-수성여객,50,241205012,대광아파트,233000191,병점역사거리,233000702,N,20230221
8480,화성시,화성-수성여객,76,241205013,비행장입구.세류역,201000202,목양교회,233002065,N,20230221
8481,화성시,화성-수성여객,77,241205014,장짐삼거리(경유),277102010,요골,233000133,N,20230221
8482,화성시,화성-수성여객,78,241205015,장짐삼거리(경유),277102010,신왕2리마을회관,233001790,N,20230221
8483,화성시,화성-수성여객,79,241205016,향남부영9단지,233002407,경기도종합사격장,233000171,N,20230221
8484,화성시,화성-수성여객,80,241205017,향남부영10.11단지,233002408,병점역사거리,233000702,N,20230221
8485,화성시,화성-수성여객,81,241205018,향남부영10.11단지,233002408,동탄역(동측),233003085,N,20230221
8486,화성시,화성-수성여객,333,241205019,그린피아호텔,233000608,오산역환승센터2층(2승강장),223000540,N,20230221
8487,화성시,화성-수성여객,709,241205020,서동탄역,223000315,동탄역(동측),233003085,N,20230221
8488,화성시,화성-수성여객,709-1,241205021,서동탄역,223000315,동탄역(서측),233003084,N,20230221
8489,화성시,화성-수성여객,H4,241205022,병점역.화성청년지원센터,233002063,동탄2차고지,233003123,N,20230221
8490,화성시,화성-수성여객,H5,241205023,병점역.화성청년지원센터,233002063,동탄2차고지,233003123,N,20230221
8491,화성시,화성-수성여객,H6(A),241205024,서동탄역,223000315,서동탄역,223000315,N,20230221
8492,화성시,화성-수성여객,H6(B),241205025,서동탄역,223000315,서동탄역,223000315,N,20230221
8493,화성시,화성-수성여객,H18,241205026,LH1단지.한양수자인,233002173,동탄2차고지,233003123,N,20230221
8494,화성시,화성-수성여객,H24,241205027,단독주택,233002425,병점역사거리,233000702,N,20230221
8495,화성시,화성-수성여객,18323,241205028,서희스타힐스3.1단지,233000340,병점역사거리,233000702,N,20230221
8496,화성시,화성-화성도시공사,H10-4,241211001,향남시외버스터미널(경유),277103890,비봉면행정복지센터,233002964,N,20230221
8497,화성시,화성-화성도시공사,H10-6,241211002,향남시외버스터미널(경유),277103890,상기리입구,233000902,N,20230221
8498,화성시,화성-화성도시공사,H10-7,241211003,향남시외버스터미널(경유),277103890,해병대사령부종점,233000301,N,20230221
8499,화성시,화성-화성도시공사,H10-8,241211004,향남시외버스터미널(경유),277103890,해병대사령부종점,233000301,N,20230221
8500,화성시,화성-화성도시공사,H13-5,241211005,화성그린환경센터,233002984,향남주공18단지,233002471,N,20230221
8501,화성시,화성-화성도시공사,H13-7,241211007,향남시외터미널,233003052,부처내,233000031,N,20230221
8502,화성시,화성-화성도시공사,H50-3,241211008,화성의과학대학교,233002708,살곶이,233002838,N,20230221
8503,화성시,화성-화성도시공사,H50-4A,241211009,화성의과학대학교,233002708,기업은행,233000210,N,20230221
8504,화성시,화성-화성도시공사,H50-4B,241211010,화성의과학대학교,233002708,대광아파트,233001043,N,20230221
8505,화성시,화성-화성도시공사,H50-6A,241211011,화성의과학대학교,233002708,금강아파트,233002921,N,20230221
8262,이천시,대원고속,23-41,234001211,이천역,230001276,효지1리,237000398,N,20230221
8263,이천시,대원고속,45255,234001213,터미널신둔홈,230000251,감곡장호원역,230001103,N,20230221
8264,이천시,대원고속,45256,234001218,골프장앞,230000736,터미널신둔홈,230000251,N,20230221
8265,이천시,대원고속,28-17,234001219,이천터미널,230001441,장호원터미널,230000250,N,20230221
8266,이천시,이천시내버스,45097,234001220,현진에버빌,237000967,금당리.설성면사무소,230001365,N,20230221
8267,이천시,경기고속,28-72,234001223,이천역,230001276,죽당리,230000470,N,20230221
8268,이천시,대원고속,23-80,234001224,도립리,230001413,이천역종점,230001210,N,20230221
8269,이천시,이천시내버스,22-22,234001284,주박리,230001186,터미널신둔홈,230000251,N,20230221
8270,이천시,경기고속,21-32,234001287,경사1리,230000279,증포주민센터,230000518,N,20230221
8271,이천시,경기고속,23-82,234001288,이천역,230001276,산수유마을,230000562,N,20230221
8272,이천시,경기고속,45190,234001456,이천역,230001276,서희테마파크,230001244,N,20230221
8273,이천시,경기고속,22-25,234001462,이천터미널,230001441,안평1리,230000866,N,20230221
8274,이천시,경기고속,45129,234001463,이천터미널,230001441,가마골종점,230001110,N,20230221
8275,이천시,경기고속,22-81,234001464,이천터미널,230001441,오천리,230000124,N,20230221
8276,이천시,경기고속,25-21,234001468,이천역,230001276,대죽3리마을회관,230001044,N,20230221
8277,이천시,경기고속,45286,234001469,이천역,230001276,신갈리,230000715,N,20230221
8278,이천시,경기고속,28-43,234001470,이천역,230001276,대흥리,230000410,N,20230221
8279,이천시,경기고속,28-92,234001471,이천역,230001276,용은리종점,237000891,N,20230221
8280,이천시,경기고속,20-41,234001472,이천역,230001276,두무제,230000234,N,20230221
8281,이천시,경기고속,28-83,234001475,이천역,230001276,부발,230000172,N,20230221
8282,이천시,대원고속,45191,234001478,이천터미널,230001441,패션물류단지,230001498,N,20230221
8283,이천시,경기고속,21-33,234001517,도봉1리,230000600,터미널신둔홈,230000251,N,20230221
8284,이천시,이천시내버스,20-53,234001528,태평터미널,237000813,금당리.설성면사무소,230001365,N,20230221
8285,이천시,경기고속,21-91,234001529,이천터미널,230001441,효양중고,230001156,N,20230221
8286,이천시,경기고속,22-14,234001532,동양미래대연수원입구,230001377,터미널신둔홈,230000251,N,20230221
8287,이천시,경기고속,45259,234001533,증일동,230000642,삼진아파트,230000396,N,20230221
8288,이천시,경기고속,28-55,234001537,장평1리,230000416,이천역종점,230001210,N,20230221
8289,이천시,경기고속,28-54,234001538,이천역,230001276,장평1리,230000417,N,20230221
8290,이천시,대원고속,45225,234001561,터미널신둔홈,230000251,골프장앞,230000736,N,20230221
8291,이천시,이천시내버스,21-18,234001566,이천터미널,230000150,다산고등학교,230000147,N,20230221
8292,이천시,이천시내버스,21-19,234001567,다산고등학교,230000156,터미널신둔홈,230000251,N,20230221
8293,이천시,경기고속,26-13,234001580,골프장앞,230000736,터미널신둔홈,230000251,N,20230221
8294,이천시,경기고속,24,234001581,이천역,230001276,신둔도예촌역,230001038,N,20230221
8295,이천시,경기고속,29-13,234001585,현대7차아파트,230000609,이천역종점,230001210,N,20230221
8296,이천시,경기고속,29-21,234001586,현대5.6차아파트,230000611,신대리종점,230001174,N,20230221
8297,이천시,경기고속,29-23,234001604,이천터미널,230000150,신대리종점,230001174,N,20230221
8298,이천시,경기고속,23-32,234001606,이천역,230001276,주록리종점,237000895,N,20230221
8299,이천시,대원고속,45227,234001607,장호원터미널,230001448,태평터미널,237000813,N,20230221
8300,이천시,이천시내버스,5,234001610,신일아파트앞,230000585,신둔도예촌역,230001038,N,20230221
8301,이천시,경기고속,6,234001611,이천역,230001276,이천역종점,230001210,N,20230221
8302,이천시,경기고속,7,234001612,부대앞,230000173,부대앞,230000173,N,20230221
8303,이천시,경기고속,28-20,234001613,이천역,230001276,양평리,230001339,N,20230221
8304,이천시,이천시내버스,24-33,234001614,이천역,230001276,도예고등학교,230000822,N,20230221
8305,이천시,경기고속,20-42,234001615,제일농장,230000201,효양중고,230001156,N,20230221
8306,이천시,대원고속,210,234001688,이천역,230001276,이천역종점,230001210,N,20230221
8307,이천시,대원고속,200,234001689,이천역,230001276,이천역종점,230001210,N,20230221
8308,파주시,명성운수,3400,218000117,가람마을5단지,229002348,공덕역1번출구,113000089,N,20230221
8309,파주시,신일여객,11,229000001,갈곡리종점,229001019,문산타워.구문산터미널,229001027,N,20230221
8310,파주시,신일여객,45231,229000002,문산타워.구문산터미널,229001027,두포삼거리,229000124,N,20230221
8311,파주시,신일여객,12,229000003,갈곡리종점,229001019,문산타워.구문산터미널,229001027,Y,20230221
8312,파주시,신일여객,30,229000010,적성차고지,229001443,양광교회,111000165,Y,20230221
8313,파주시,신일여객,17,229000013,서영대학교,229001273,양광교회앞,111000158,N,20230221
8314,파주시,신일여객,45232,229000015,갈곡리종점,229001019,금촌사거리,229000534,N,20230221
8315,파주시,신성교통,80,229000020,신성교하차고지,229001662,안산공원(중),219000385,Y,20230221
8316,파주시,신성교통,900,229000022,통일동산전망대,229000761,현대백화점,219000625,Y,20230221
8317,파주시,신일여객,9710,229000023,문산읍행정복지센터,229001199,광화문,100000025,N,20230221
8318,파주시,신성교통,3,229000025,장터고개.맥금동영업소,229000746,신원아파트앞,219000401,N,20230221
8319,파주시,신일여객,31,229000027,신산3리,229000442,양광교회앞,111000158,N,20230221
8320,파주시,신성교통,200,229000028,신성교하차고지,229001662,홍대입구,113000494,N,20230221
8321,파주시,신일여객,93,229000033,문산읍행정복지센터,229001199,대성동,229001156,N,20230221
8322,파주시,신성교통,70,229000034,신성교하차고지,229001662,해태쇼핑.중산사거리,219000323,Y,20230221
8323,파주시,신성교통,90,229000038,장터고개.맥금동영업소,229000746,백석역6번출구,219000015,Y,20230221
8324,파주시,신성교통,567,229000039,장터고개.맥금동영업소,229000746,한전서대문은평.북한산푸르지오(중),111000936,Y,20230221
8325,파주시,신성교통,150,229000041,장터고개.맥금동영업소,229000746,방화중학교,115000066,Y,20230221
8326,파주시,신일여객,92,229000042,적성차고지,229001443,한수초등학교,219000628,Y,20230221
8327,파주시,신성교통,9,229000043,장터고개.맥금동영업소,229000746,양지마을입구,229001361,N,20230221
8328,파주시,신성교통,2200,229000061,장터고개.맥금동영업소,229001269,홍대입구,113000494,N,20230221
8329,파주시,신성교통,38,229000062,장터고개.맥금동영업소,229000746,버스터미널.신도브래뉴아파트,207000200,N,20230221
8330,파주시,신일여객,22,229000064,문산역,229000290,선유중학교,229001576,N,20230221
8331,파주시,신성교통,600,229000067,대등앞,229001478,강선마을(중),219000192,Y,20230221
8332,파주시,신성교통,G7111,229000072,교하차고지,229001697,광화문.광화문빌딩,100000034,N,20230221
8333,파주시,신일여객,44948,229000076,문산역,229000290,삼박골,229001213,N,20230221
8334,파주시,신성교통,2604181,229000083,신성교하차고지,229001662,영등포소방서.타임스퀘어,118000511,N,20230221
8335,파주시,신일여객,37,229000084,신산3리,229000442,기산리,229001459,N,20230221
8336,파주시,신일여객,40544,229000085,문산타워.구문산터미널,229001027,파평행정복지센터,229000121,N,20230221
8337,파주시,신성교통,56,229000087,교하차고지,229001697,김포공항국제선(2번홈),115000562,Y,20230221
8338,파주시,신성교통,52,229000088,산내마을6.8단지,229001394,관산동.벽제시장,218000030,N,20230221
8339,파주시,신성교통,9030,229000097,교하차고지,229001697,영등포시장,118000035,N,20230221
8340,파주시,신일여객,10,229000101,갈곡리종점,229001019,현대백화점,219000625,Y,20230221
8341,파주시,신성교통,M7111,229000102,교하차고지(경유),277101967,숭례문,101000022,N,20230221
8342,파주시,신일여객,95,229000108,문산읍행정복지센터,229001199,전곡재래시장앞,238000205,N,20230221
8343,파주시,파주선진,G7426,229000111,가람마을3.4.6단지,229001582,양재역.양재1동민원분소,121000194,N,20230221
8344,파주시,파주선진,G7625,229000112,가람마을3.4.6단지,229001582,여의도역,118000071,N,20230221
8345,파주시,신성여객,28126,229000116,금촌농협,229000583,송촌리종점,229001713,N,20230221
8346,파주시,신성여객,28157,229000117,금촌농협,229000583,송촌리종점,229001713,N,20230221
8347,파주시,신성여객,28185,229000118,은석교사거리,229000801,민들레병원,229000767,N,20230221
8348,파주시,신일여객,15,229000121,비암2리,235000532,광탄시장,229000440,N,20230221
8349,파주시,신일여객,34029,229000127,문산읍행정복지센터,229001199,멸공관,229001161,N,20230221
8350,파주시,신일여객,34060,229000128,문산읍행정복지센터,229001199,대성동,229001156,N,20230221
8351,파주시,신일여객,34090,229000129,문산읍행정복지센터,229001199,멸공관,229001161,N,20230221
8352,파주시,신일여객,34121,229000130,문산읍행정복지센터,229001199,멸공관,229001161,N,20230221
8353,파주시,신일여객,34151,229000131,문산읍행정복지센터,229001199,멸공관,229001161,N,20230221
8354,파주시,신일여객,13516,229000132,신산3리,229000442,안고령1교앞,235001142,N,20230221
8355,파주시,신일여객,13547,229000133,신산3리,229000442,보광사,229000377,N,20230221
8356,파주시,신일여객,34182,229000134,문산읍행정복지센터,229001199,서영대학교,229001273,N,20230221
8357,파주시,신일여객,34213,229000135,문산읍행정복지센터,229001199,임진각,229001821,N,20230221
8358,파주시,신성여객,44946,229000136,신성교하차고지,229001662,대화역,219000193,N,20230221
8359,파주시,신일여객,33970,229000137,문산읍행정복지센터,229001199,멸공관,229001161,N,20230221
8360,파주시,신성여객,20,229000138,신성교하차고지,229001662,하늘마을2.6단지,219000590,N,20230221
8361,파주시,신일여객,34243,229000139,문산읍행정복지센터,229001199,남북출입사무소,229001157,N,20230221
8362,화성시,제부여객,45050,233000021,경진여객차고지,233001064,호곡3리마을회관,233000408,N,20230221
8363,화성시,제부여객,15,233000022,경진여객차고지,233001064,장안6리노인회관,233001810,N,20230221
8364,화성시,제부여객,14,233000024,경진여객차고지,233001064,덕다3리.문화촌,233001138,N,20230221
8695,포천시,포천상운,32874,236000236,포천고등학교앞,236000737,지현교,236000381,N,20230221
8696,포천시,선진시내버스,3100N,236000237,대진대주차장대기(경유),277102087,양재역.서초문화예술회관(중),121000003,N,20230221
8697,포천시,포천상운,6,236000238,반월아트홀.여성회관,236001108,음현1리내촌중학교,236000604,N,20230221
8698,포천시,포천상운,45078,236000239,반월아트홀.여성회관,236001108,신팔1리서파,236000493,N,20230221
8699,하남시,경기상운,45076,227000001,BRT공영버스차고지(경유),277103042,잠실역8번출구,123000043,Y,20230221
8700,하남시,경기상운,81,227000002,BRT공영버스차고지(경유),277103042,고덕평생학습관.온조대왕체육관,124000037,N,20230221
8701,하남시,경기상운,30,227000003,상산곡동.공영차고지,227000094,남한산성입구.양지파출소,205000045,N,20230221
8702,하남시,경기상운,38,227000004,BRT공영버스차고지(경유),277103042,복정역환승센터1번승강장,123000316,N,20230221
8703,하남시,경기상운,112-5,227000005,미사경정공원관람동,227000264,울산대학교의과대학,123000027,N,20230221
8704,하남시,경기상운,45015,227000006,상산곡동.공영차고지,227000094,잠실역,123000044,Y,20230221
8705,하남시,경기상운,9302,227000016,BRT공영버스차고지(경유),277103042,잠실광역환승센터,123000611,N,20230221
8706,하남시,경기상운,31,227000017,감일스윗시티1단지.단독주택1단지,227000337,잠실광역환승센터,123000611,N,20230221
8707,하남시,경기상운,9303,227000019,BRT공영버스차고지(경유),277103042,강남역.역삼세무서,122000184,N,20230221
8708,하남시,경기상운,9202,227000035,상산곡동.공영차고지,227000094,학동역,122000014,N,20230221
8709,하남시,경기상운,87,227000036,BRT공영버스차고지(경유),277103042,고속철도수서역,122000718,Y,20230221
8710,하남시,경기상운,3000,227000038,미사강변호반써밋,227000293,금토천교,206000543,N,20230221
8711,하남시,경기상운,2703892,227000039,BRT공영버스차고지(경유),277103042,잠실역,123000511,N,20230221
8712,하남시,경기상운,9304,227000040,BRT공영버스차고지(경유),277103042,테크노마트앞.강변역(D),104000069,N,20230221
8713,하남시,경기상운,35,227000043,감일교차로,227000188,잠실역8번출구,123000043,Y,20230221
8714,하남시,경기상운,89,227000044,미사강변호반써밋,227000293,오금역2번출구,123000634,N,20230221
8715,하남시,경기상운,배알미-01,227000045,덕풍시장.더샵센트럴뷰,227000031,윗배알미,227000239,N,20230221
8716,하남시,경기상운,초이-01,227000046,초광산단동로,227000714,상일동역4번출구.센트럴푸르지오,124000031,N,20230221
8717,하남시,경기상운,33,227000047,감일교차로,227000188,위례호반써밋.힐스테이트센트럴위례,227000353,N,20230221
8718,하남시,대원고속,9301,234000309,상산곡동.공영차고지,227000094,서울역버스환승센터(6번승강장)(중),101000006,N,20230221
8719,하남시,하남-은방울교통,100,241408001,법화골,227000578,스타필드하남,227000308,N,20230221
8720,하남시,하남-은방울교통,3,241408002,힐즈파크푸르지오3단지,227000086,미사강변호반써밋,227000293,N,20230221
8721,하남시,하남-은방울교통,44986,241408003,기점(경유),277104393,하남시민체험농장,227000690,N,20230221
8722,하남시,하남-은방울교통,10,241408004,하남시버스환승공영차고지.검단산입구,227000261,미사강변호반써밋,227000293,Y,20230221
8723,하남시,하남-오륜운수,45078,241409004,초이농협,227000546,힐즈파크푸르지오1단지,227000070,N,20230221
8724,하남시,하남-오륜운수,7,241409005,감북동행정복지센터,227000603,둔촌동역3번출구,124000354,N,20230221
8725,하남시,하남-오륜운수,8,241409006,감일교차로,227000188,둔촌동역3번출구,124000354,Y,20230221
8726,하남시,하남-오륜운수,9,241409007,초이농협,227000546,광암정수장앞,227000116,N,20230221
8727,하남시,하남-하남마을버스,2,241410001,어진마을입구,227000060,덕풍3동행정복지센터.이마트,227000522,Y,20230221
8728,하남시,하남-하남마을버스,20,241410002,골말,227000494,꽃뫼마을2단지,227000182,N,20230221
8729,하남시,하남-하남마을버스,22,241410004,기점(경유),277104393,스타필드하남주차장,227000306,N,20230221
8730,하남시,하남-대통운수,1,241411001,상산곡동.공영차고지,227000094,둔촌동역3번출구,124000354,N,20230221
8731,하남시,하남-삼성교통,50,241412003,은가람중학교.리버스위트칸타빌,227000657,팔당역,222001139,Y,20230221
8732,하남시,하남-삼성교통,5,241412004,하남시버스환승공영차고지.검단산입구,227000261,하남고등학교,227000661,N,20230221
8733,화성시,남양여객,400,200000008,경기대후문,203000033,궁평항,233000330,N,20230221
8734,화성시,남양여객,999,200000013,연화장,203000062,현대기아연구소,233001999,N,20230221
8735,화성시,남양여객,18323,200000014,수원역환승센터(5승강장),201000591,덕고개34,233001265,N,20230221
8736,화성시,남양여객,18295,200000016,수원역환승센터(5승강장),201000591,남전2리종점,233000215,N,20230221
8737,화성시,남양여객,18354,200000018,수원역환승센터(5승강장),201000591,쌍학리,233001270,N,20230221
8738,화성시,남양여객,18384,200000020,수원역환승센터(5승강장),201000591,청요리,233000554,N,20230221
8739,화성시,남양여객,18415,200000022,수원역환승센터(5승강장),201000591,원리,233000535,N,20230221
8812,구리시,경기여객,1115-6,,농수산물시장,,잠실광역환승센터,,N,20230302
8813,구리시,경기여객,15,,연대농장입구.도곡리종점,,강변역(A),,N,20230302
8814,구리시,경기여객,1650,,수택차고지,,안양역,,N,20230302
8815,구리시,경기여객,1680,,갈매역,,잠실광역환승센터,,N,20230302
8816,구리시,경기여객,3,,휴업중,,휴업중,,N,20230302
8817,구리시,경기여객,51,,센트럴.한화아파트,,경동시장앞,,N,20230302
8818,구리시,경기여객,52,,휴업중,,휴업중,,N,20230302
8819,구리시,경기여객,75,,갈매역,,석계역1번출구,,N,20230302
8820,구리시,경기여객,75-1,,갈매역,,지하철6호선화랑대역,,N,20230302
8821,구리시,경기여객,78,,갈매역,,강변역(B),,N,20230302
8822,구리시,경기여객,92,,광릉내,,강변역(B),,N,20230302
8823,구리시,경기여객,93,,대성리,,강변역(A),,N,20230302
8824,구리시,경기여객,95,,다산차고지,,강변역(B),,Y,20230302
8825,구리시,경기여객,96,,다산차고지,,강변역(B),,N,20230302
8826,구리시,경기여객,G1690,,갈매역,,잠실광역환승센터,,N,20230302
8827,이천시,이천시내버스,230,,이천터미널,,대흥2리,,Y,20230306
8828,구리시,경기여객,1115-6,,농수산물시장,,잠실광역환승센터,,N,20230302
8829,구리시,경기여객,15,,연대농장입구.도곡리종점,,강변역(A),,N,20230302
8830,구리시,경기여객,1650,,수택차고지,,안양역,,N,20230302
8831,구리시,경기여객,1680,,갈매역,,잠실광역환승센터,,N,20230302
8832,구리시,경기여객,3,,휴업중,,휴업중,,N,20230302
8833,구리시,경기여객,51,,센트럴.한화아파트,,경동시장앞,,N,20230302
8834,구리시,경기여객,52,,휴업중,,휴업중,,N,20230302
8835,구리시,경기여객,75,,갈매역,,석계역1번출구,,N,20230302
8836,구리시,경기여객,75-1,,갈매역,,지하철6호선화랑대역,,N,20230302
8837,구리시,경기여객,78,,갈매역,,강변역(B),,N,20230302
8838,구리시,경기여객,92,,광릉내,,강변역(B),,N,20230302
8839,구리시,경기여객,93,,대성리,,강변역(A),,N,20230302
8840,구리시,경기여객,95,,다산차고지,,강변역(B),,Y,20230302
8841,구리시,경기여객,96,,다산차고지,,강변역(B),,N,20230302
8842,구리시,경기여객,G1690,,갈매역,,잠실광역환승센터,,N,20230302
8843,이천시,이천시내버스,230,,이천터미널,,대흥2리,,Y,20230306
8844,의왕시,의왕운수,03,,모락산현대아파트,,관악타운,,Y,20230310
8845,의왕시,백운여객,08,,오봉산마을,,오전동주민센터,,Y,20230310
8846,의왕시,의왕교통,05,,롯데타임빌라스,,인덕원역,,Y,20230310
8888,양평군,(주)금강고속,1-12,240000116,여주터미널,237000980,양평터미널,240000072,N,20230317
8889,양평군,(주)금강고속,1-13,240000117,여주터미널,237000980,양평터미널,240000072,N,20230317
8890,양평군,(주)금강고속,1-18,240000133,대신터미널,237000169,도롱리종점,237000023,N,20230317
8891,양평군,(주)금강고속,1-19,240000134,대신터미널,237000169,양촌리종점,237000006,N,20230317
8892,양평군,(주)금강고속,1-2,240000064,양평터미널,240000072,여주터미널,237000980,N,20230317
8893,양평군,(주)금강고속,1-23,240000148,양평터미널,240000072,대신터미널,237000169,N,20230317
8894,양평군,(주)금강고속,1-3,240000073,양평터미널,240000072,여주터미널,237000980,N,20230317
8895,양평군,(주)금강고속,1-30,240000126,양평터미널,240000072,여주터미널,237000980,N,20230317
8896,양평군,(주)금강고속,1-31,240000127,양평터미널,240000072,여주터미널,237000980,N,20230317
8897,양평군,(주)금강고속,1-33,240000131,양평터미널,240000072,여주터미널,237000980,N,20230317
8898,양평군,(주)금강고속,1-4,240000003,양평터미널,240000072,도곡3리,240000122,Y,20230317
8899,양평군,(주)금강고속,1-41,240000128,여주터미널,237000980,양평터미널,240000072,N,20230317
8900,양평군,(주)금강고속,1-42,240000130,여주터미널,237000980,양평터미널,240000072,N,20230317
8901,양평군,(주)금강고속,1-43,240000132,여주터미널,237000980,양평터미널,240000072,N,20230317
8902,양평군,(주)금강고속,1-5,240000002,양평터미널,240000072,도곡3리,240000122,N,20230317
8903,양평군,(주)금강고속,1-53,240000149,양평터미널,240000072,대신터미널,237000169,N,20230317
8904,양평군,(주)금강고속,1-6,240000114,대신터미널,237000169,양평터미널,240000072,N,20230317
8905,양평군,(주)금강고속,1-63,240000150,대신터미널,237000169,양평터미널,240000072,N,20230317
8906,양평군,(주)금강고속,1-7,240000004,양평터미널,240000072,백안3리,240000127,N,20230317
8907,양평군,(주)금강고속,1-8,240000068,대신터미널,237000169,도롱리종점,237000023,N,20230317
8908,양평군,(주)금강고속,1-9,240000069,대신터미널,237000169,양촌리종점,237000006,N,20230317
8909,양평군,(주)금강고속,10,240000037,용두리터미널,240000341,가현2리벗고개,240000437,N,20230317
8910,양평군,(주)금강고속,10-1,240000038,양평터미널,240000072,신론리.새터종점,240000462,N,20230317
8911,양평군,(주)금강고속,10-2,240000039,양평터미널,240000072,갈운4리종점,240000939,N,20230317
8797,구리시,경기여객,1115-6,,농수산물시장,,잠실광역환승센터,,N,20230302
8798,구리시,경기여객,15,,연대농장입구.도곡리종점,,강변역(A),,N,20230302
8799,구리시,경기여객,1650,,수택차고지,,안양역,,N,20230302
8800,구리시,경기여객,1680,,갈매역,,잠실광역환승센터,,N,20230302
8801,구리시,경기여객,3,,휴업중,,휴업중,,N,20230302
8802,구리시,경기여객,51,,센트럴.한화아파트,,경동시장앞,,N,20230302
8803,구리시,경기여객,52,,휴업중,,휴업중,,N,20230302
8804,구리시,경기여객,75,,갈매역,,석계역1번출구,,N,20230302
8805,구리시,경기여객,75-1,,갈매역,,지하철6호선화랑대역,,N,20230302
8806,구리시,경기여객,78,,갈매역,,강변역(B),,N,20230302
8807,구리시,경기여객,92,,광릉내,,강변역(B),,N,20230302
8808,구리시,경기여객,93,,대성리,,강변역(A),,N,20230302
8809,구리시,경기여객,95,,다산차고지,,강변역(B),,Y,20230302
8810,구리시,경기여객,96,,다산차고지,,강변역(B),,N,20230302
8811,구리시,경기여객,G1690,,갈매역,,잠실광역환승센터,,N,20230302
8912,양평군,(주)금강고속,10-7,240000175,양평터미널,240000072,백안3리,240000127,N,20230317
8913,양평군,(주)금강고속,11,240000125,양평터미널,240000072,여주터미널,237000980,N,20230317
8914,양평군,(주)금강고속,2-1,240000033,양평터미널,240000072,양동역,240001061,Y,20230317
8915,양평군,(주)금강고속,2-10,240000029,양평터미널,240000072,용두리터미널,240000341,N,20230317
8916,양평군,(주)금강고속,2-11,240000009,양평터미널,240000072,석산1리.돌고개,240001164,N,20230317
8917,양평군,(주)금강고속,2-12,240000122,양평터미널,240000072,용두리터미널,240000341,N,20230317
8918,양평군,(주)금강고속,2-13,240000185,양평터미널,240000072,용문터미널,240001309,N,20230317
8919,양평군,(주)금강고속,2-2,240000014,양평터미널,240000072,명성2리,240000182,N,20230317
8920,양평군,(주)금강고속,2-3,240000015,양평터미널,240000072,석산1리.돌고개,240001164,N,20230317
8921,양평군,(주)금강고속,2-4,240000118,용두리터미널,240000341,용문터미널,240001309,N,20230317
8922,양평군,(주)금강고속,2-5,240000011,양평터미널,240000072,석산리종점,240000183,N,20230317
8923,양평군,(주)금강고속,2-6,240000071,양평터미널,240000072,수곡2리.마을회관,240000809,N,20230317
8924,양평군,(주)금강고속,2-8,240000026,양평터미널,240000072,용두리터미널,240000341,Y,20230317
8925,양평군,(주)금강고속,2-9,240000012,양평터미널,240000072,명성2리,240000182,N,20230317
8926,양평군,(주)금강고속,2000-1,240000007,양평터미널,240000072,강변역A,104000183,N,20230317
8927,양평군,(주)금강고속,2000-2,240000008,양평터미널,240000072,잠실역,123000044,N,20230317
8928,양평군,(주)금강고속,2000-3,240000202,양평터미널,240000072,강변역A,104000183,N,20230317
8929,양평군,(주)금강고속,22,240000089,용문터미널,240001309,양동역,240001061,N,20230317
8930,양평군,(주)금강고속,22-1,240000154,양동역,240001061,용문터미널,240001309,N,20230317
8931,양평군,(주)금강고속,22-10,240000191,용문터미널,240001309,일신3리,240000944,N,20230317
8932,양평군,(주)금강고속,22-2,240000155,양동역,240001061,단석3리회관,240000942,N,20230317
8933,양평군,(주)금강고속,22-3,240000156,양동역,240001061,계정1리.작두터골,240001134,N,20230317
8934,양평군,(주)금강고속,22-4,240000157,용문터미널,240001309,용두리터미널,240000341,N,20230317
8935,양평군,(주)금강고속,22-5,240000158,양평터미널,240000072,계정1리.작두터골,240001134,N,20230317
8936,양평군,(주)금강고속,22-6,240000183,양동역,240001061,양평터미널,240000072,N,20230317
8937,양평군,(주)금강고속,22-7,240000181,양동역,240001061,하늘숲,240000332,N,20230317
8938,양평군,(주)금강고속,22-8,240000182,양동역,240001061,승훈교,240001000,N,20230317
8939,양평군,(주)금강고속,22-9,240000187,용문터미널,240001309,일신3리,240000944,N,20230317
8940,양평군,(주)금강고속,3,240000120,양평터미널,240000072,양수리두물머리,240000018,N,20230317
8941,양평군,(주)금강고속,3-1,240000192,양평터미널,240000072,국수리,240000013,N,20230317
8942,양평군,(주)금강고속,3-2,240000020,양평터미널,240000072,문호리종점,240000203,N,20230317
8943,양평군,(주)금강고속,3-20,240000140,양평터미널,240000072,문호리종점,240000203,N,20230317
8944,양평군,(주)금강고속,3-22,240000135,양평터미널,240000072,문호리종점,240000203,N,20230317
8945,양평군,(주)금강고속,3-5,240000028,양평터미널,240000072,증동3리.고현리종점,240000333,N,20230317
8946,양평군,(주)금강고속,30,240000146,양평터미널,240000072,교통병원입구,240000079,N,20230317
8947,양평군,(주)금강고속,30-1,240000184,양평터미널,240000072,쉬자파크,240001050,N,20230317
8948,양평군,(주)금강고속,30-5,240000176,양평터미널,240000072,증동3리.고현리종점,240000333,N,20230317
8949,양평군,(주)금강고속,33-1,240000195,문호리종점,240000203,마석역,222000010,N,20230317
8950,양평군,(주)금강고속,33-2,240000196,용문터미널,240001309,용문산,240000628,N,20230317
8951,양평군,(주)금강고속,33-3,240000197,양평터미널,240000072,용문터미널,240001309,N,20230317
8740,화성시,남양여객,11,200000060,수원시동부차고지,203000360,원시역2번출구,217000289,Y,20230221
8741,화성시,경진여객,7790,200000149,협성대정문,233003173,사당역(중),121001315,Y,20230221
8742,화성시,제부여객,44941,200000152,능실마을21단지.수원여대입구,201000448,아이원.호수자이파밀리에,233003126,Y,20230221
8743,화성시,남양여객,45048,200000237,수원역환승센터(5승강장),201000591,아이원.호수자이파밀리에,233003126,N,20230221
8744,화성시,경진여객,M5443,200000279,능실마을21단지.수원여대입구,201000448,교대역,121000929,N,20230221
8745,화성시,남양여객,45049,200000282,동부차고지,203000374,아이원.호수자이파밀리에,233003126,N,20230221
8746,화성시,경진여객,M5443예약,200000295,능실마을21단지.수원여대입구,201000448,시민의숲.양재꽃시장,121000220,N,20230221
8747,화성시,경원여객,3102,216000061,새솔고,233003145,강남역우리은행,121000974,N,20230221
8748,화성시,경원여객,310,216000064,안산대학교,216000266,대광아파트,233001043,N,20230221
8749,화성시,경원여객,13,216000069,새솔고,233003145,원시역1번출구,217000292,N,20230221
8750,화성시,화성운수,701A,223000032,동탄2차고지,233002292,병점역사거리,233000702,N,20230221
8751,화성시,화성운수,708,223000056,동탄2차고지,233002292,병점역사거리,233000702,Y,20230221
8752,화성시,화성운수,73,223000058,동탄2차고지,233002292,병점역사거리,233000702,N,20230221
8753,화성시,제부여객,1004,233000004,장외리.오리골,233001903,수원역환승센터(4승강장),201000590,N,20230221
8754,화성시,제부여객,330,233000005,장외리.오리골,233001903,금정역,225000011,N,20230221
8755,화성시,제부여객,12055,233000010,경진여객차고지,233001064,구문천리,233000812,N,20230221
8756,화성시,제부여객,2,233000013,경진여객차고지,233001064,고온리종점,233000481,N,20230221
8757,화성시,제부여객,4,233000015,경진여객차고지,233001064,이화리종점,233001052,N,20230221
8758,화성시,제부여객,45048,233000019,경진여객차고지,233001064,선창포구종점,233000413,Y,20230221
8759,화성시,화성-향남교통,45202,241485020,장짐교차로,233001558,나은병원,233002960,N,20230221
8760,화성시,화성-향남교통,45204,241485022,장짐교차로,233001558,하저리마을회관,233002623,N,20230221
8761,화성시,화성-향남교통,13181,241485023,농협하나로마트,233001479,하길4리종점,233002997,N,20230221
8762,화성시,화성-향남교통,13210,241485024,장짐교차로.축산농협,233001769,구문천2리종점,233002797,N,20230221
8763,화성시,화성-향남교통,13150,241485025,농협하나로마트,233001479,하길1리종점,233002794,N,20230221
8764,화성시,화성-향남교통,36,241485031,농협하나로마트,233001479,구문천2리종점,233002797,N,20230221
8765,화성시,화성-향남교통,39,241485033,농협하나로마트,233001479,할인마트앞,233003000,N,20230221
8766,화성시,화성-향남교통,14246,241485034,농협하나로마트,233001479,할인마트앞,233003000,N,20230221
8767,화성시,화성-향남교통,14277,241485035,장짐교차로.축산농협,233001769,할인마트앞,233003000,N,20230221
8768,화성시,화성-향남교통,37,241485038,장짐삼거리(경유),277102010,그린피아호텔,233000608,N,20230221
8769,화성시,화성-향남교통,44998,241485039,제암리독립기념관,233002966,향남주공18단지,233002471,N,20230221
8770,화성시,화성-향남교통,44970,241485040,장짐교차로,233001558,동광뷰엘,233000021,N,20230221
8771,화성시,화성-향남교통,44939,241485041,우림주공아파트,233002969,구문천1리진입로,233001536,N,20230221
8772,화성시,화성-향남교통,45029,241485042,향남부영10.11단지,233002408,남양성지,233000841,N,20230221
8773,화성시,화성-향남교통,10-3A,241485044,장짐교차로,233001558,나은병원,233002960,N,20230221
8774,화성시,화성-향남교통,36A,241485045,장짐교차로.축산농협,233001769,구문천2리종점,233002797,N,20230221
8775,화성시,화성-향남교통,36-2A,241485046,장짐교차로.축산농협,233001769,하길4리종점,233002997,N,20230221
8776,화성시,화성-향남교통,39A,241485047,장짐교차로.축산농협,233001769,할인마트앞,233003000,N,20230221
8777,화성시,화성-향남교통,45261,241485048,장짐교차로,233001558,남양성지,233000841,N,20230221
8778,화성시,화성-향남교통,13-4A,241485049,향남부영10.11단지,233002408,남양성지,233000841,N,20230221
8779,화성시,화성-향남교통,45231,241485050,정남농협,233000663,남양성지,233000841,N,20230221
8780,화성시,화성-향남교통,H7,241485055,장짐교차로,233001371,향남주공18단지,233002471,N,20230221
8781,화성시,화성-향남교통,13-1A,241485056,우림주공아파트,233002969,구문천3리,233001541,N,20230221
8782,화성시,화성-향남교통,13-3A,241485057,제암리독립기념관,233002966,향남주공18단지,233002471,N,20230221
8783,화성시,화성-소망교통,31,241488001,기점대기(경유),277104298,수원역환승센터(11승강장),201000597,N,20230221
8784,화성시,화성-소망교통,45078,241488002,쌍용아파트,233002741,수원역환승센터(11승강장),201000597,N,20230221
8785,화성시,화성-소망교통,44957,241488003,이편한세상신봉담,233002058,수원역환승센터(11승강장),201000597,N,20230221
8786,화성시,화성-소망교통,11355,241488006,수원과학대학,233000913,수원역환승센터(11승강장),201000597,N,20230221
8787,화성시,화성-부광여객,35-1(A),241491002,수원과학대학,233000913,병점역사거리,233000702,N,20230221
8788,화성시,화성-부광여객,66A,241491003,한승미메이드아파트,233002697,병점역사거리,233000702,N,20230221
8789,화성시,화성-부광여객,12816,241491004,동보아파트,233002739,병점역사거리,233000702,N,20230221
8790,화성시,화성-부광여객,66,241491005,화산초등학교,233002696,병점역사거리,233000702,N,20230221
8791,화성시,화성-부광여객,38,241491008,배양1동,233532650,우남퍼스트빌3차아파트,233000099,N,20230221
8792,화성시,화성-부광여객,35,241491009,봉담푸르지오.아이파크,233002743,병점복합타운,233000219,N,20230221
8793,화성시,화성-부광여객,100,241491010,파크자이2차,233003169,파크자이2차,233003169,N,20230221
8794,화성시,화성-부광여객,13881,241491011,배양1동,233532650,우남퍼스트빌3차아파트,233000099,N,20230221
8795,화성시,화성-부광여객,100(A),241491012,파크자이1차,233003172,파크자이1차,233003172,N,20230221
8796,화성시,화성-부광여객,35-1(B),241491014,수원과학대학,233000913,병점역사거리,233000702,N,20230221
8847,양평군,(주)금강고속,77-3,240000190,양평터미널,240000072,수곡2리.마을회관,240000809,N,20230317
8848,양평군,(주)금강고속,77-4,240000179,용문터미널,240001309,용문산,240000628,N,20230317
8849,양평군,(주)금강고속,77-5,240000161,용문터미널,240001309,망능리 마을회관,240000662,N,20230317
8850,양평군,(주)금강고속,77-6,240000188,용문터미널,240001309,수곡2리.마을회관,240000809,N,20230317
8851,양평군,(주)금강고속,77-7,240000152,용문터미널,240001309,화전2리마을회관,240000589,N,20230317
8852,양평군,(주)금강고속,77-8,240000153,용문터미널,240001309,용문산,240000628,N,20230317
8853,양평군,(주)금강고속,77-9,240000180,양평터미널,240000072,곤일종점,240000268,N,20230317
8854,양평군,(주)금강고속,8-2,240000081,양평터미널,240000072,양수역,240000277,N,20230317
8855,양평군,(주)금강고속,8-3,240000104,문호리종점,240000203,목왕리종점,240000297,N,20230317
8856,양평군,(주)금강고속,8-33,240000141,문호리종점,240000203,목왕리종점,240000297,N,20230317
8857,양평군,(주)금강고속,8-4,240000083,문호리종점,240000203,양수역,240000277,N,20230317
8858,양평군,(주)금강고속,8-44,240000142,문호리종점,240000203,양수역,240000277,N,20230317
8859,양평군,(주)금강고속,8-5,240000085,문호리종점,240000203,양수역,240000277,N,20230317
8860,양평군,(주)금강고속,8-55,240000143,문호리종점,240000203,양수역,240000277,N,20230317
8861,양평군,(주)금강고속,8-6,240000091,문호리종점,240000203,양수역,240000277,N,20230317
8862,양평군,(주)금강고속,8-7,240000092,문호리종점,240000203,석바탕,240000493,N,20230317
8863,양평군,(주)금강고속,8-8,240000094,문호리종점,240000203,신안아파트후문,227000038,N,20230317
8864,양평군,(주)금강고속,8-9,240000111,문호리종점,240000203,수입3리마을회관,240000484,N,20230317
8865,양평군,(주)금강고속,88-1,240000163,양평터미널,240000072,문호리종점,240000203,N,20230317
8866,양평군,(주)금강고속,88-2,240000164,문호리종점,240000203,명달리종점,24000541,N,20230317
8867,양평군,(주)금강고속,88-3,240000165,문호리종점,240000203,양수역,240000277,N,20230317
8868,양평군,(주)금강고속,88-5,240000167,문호리종점,240000203,양수역,240000277,N,20230317
8869,양평군,(주)금강고속,88-6,240000168,양수역,240000277,명달리종점,24000541,N,20230317
8870,양평군,(주)금강고속,9-1,240000043,문호리종점,240000203,명달리종점,24000541,N,20230317
8871,양평군,(주)금강고속,9-2,240000080,문호리종점,240000203,서후2리종점,240000986,N,20230317
8872,양평군,(주)금강고속,9-20,240000144,문호리종점,240000203,서후2리종점,240000986,N,20230317
8873,양평군,(주)금강고속,9-22,240000139,문호리종점,240000203,서후2리종점,240000986,N,20230317
8874,양평군,(주)금강고속,9-3,240000036,문호리종점,240000203,정배리종점,240000303,N,20230317
8875,양평군,(주)금강고속,9-30,240000145,문호리종점,240000203,정배리종점,240000303,N,20230317
8876,양평군,(주)금강고속,9-6,240000045,명달리,240000542,양평터미널,240000072,N,20230317
8877,양평군,(주)금강고속,9-7,240000086,문호리종점,240000203,양평터미널,240000072,N,20230317
8878,양평군,(주)금강고속,9-8,240000093,양평터미널,240000072,문호리종점,240000203,N,20230317
8879,양평군,(주)비티에스,G9311,240000174,용문터미널,240001309,잠실광역환승센터,123000611,N,20230317
8880,과천시,㈜과천여객,6,220000012,과천시청,220000054,과천시청,220000053,Y,20230317
8881,과천시,㈜과천여객,7,220000024,과천시청,220000054,과천시청,220000053,N,20230317
8882,과천시,㈜과천여객,8,220000022,과천시청,220000054,과천시청,220000053,N,20230317
8883,과천시,㈜과천여객,8-1,220000023,과천시청,220000054,과천시청,220000053,N,20230317
8884,양평군,(주)금강고속,1,240000075,양평터미널,240000072,여주터미널,237000980,Y,20230317
8885,양평군,(주)금강고속,1-1,240000070,양평터미널,240000072,여주터미널,237000980,Y,20230317
8886,양평군,(주)금강고속,1-10,240000113,여주터미널,237000980,양평터미널,240000072,N,20230317
8887,양평군,(주)금강고속,1-11,240000115,여주터미널,237000980,양평터미널,240000072,N,20230317
8598,화성시,화성-매봉여객,50-2(A),241335036,남양성지,233000841,남양성지,233000841,N,20230221
8599,화성시,화성-매봉여객,50-8(송산),241445010,화성의과학대학교,233002708,새솔고,233003145,N,20230221
8600,화성시,화성-매봉여객,45068,241445012,함백산추모공원,233000335,서희스타힐스,233000343,N,20230221
8601,화성시,화성-매봉여객,45038,241445014,함백산추모공원,233000335,대방노블랜드6차,233002128,N,20230221
8602,화성시,화성-매봉여객,45099,241445015,함백산추모공원,233000335,야목역,233001832,N,20230221
8603,화성시,화성-매봉여객,45066,241445016,서희스타힐스3.1단지,233000340,사강종점,233002875,N,20230221
8604,화성시,화성-매봉여객,44948,241445017,함백산추모공원,233000335,수원역.역전시장,202000225,N,20230221
8605,화성시,화성-향남교통,12,241485006,장짐교차로,233001558,남양성지,233000841,N,20230221
8606,화성시,화성-향남교통,45201,241485017,장짐교차로,233001558,기천3리,233002962,N,20230221
8607,화성시,화성-향남교통,10,241485018,장짐교차로,233001558,남양성지,233000841,N,20230221
8608,화성시,화성-향남교통,45200,241485019,장짐교차로,233001558,노하할인마트,233002841,N,20230221
8609,평택시,평택-뉴진위여객,666,241283012,어연한산공단입구,214001988,이안아파트,214001492,N,20230221
8610,평택시,평택-뉴진위여객,23,241283013,서정리시장,214000613,서정리시장,214000613,N,20230221
8611,평택시,평택-송탄여객,55,241284001,장당중학교,214001734,삼익2차아파트,214001924,N,20230221
8612,평택시,평택-송탄여객,88,241284002,코오롱하늘채아파트북문,214000469,마두1리,214001735,N,20230221
8613,평택시,평택-송탄여객,45051,241284003,국제대학,214001742,송북초교,214001739,N,20230221
8614,평택시,평택-송탄여객,45047,241284005,장당중학교,214001734,동안마을사거리,214001928,N,20230221
8615,평택시,평택-송탄여객,45049,241284006,국제대학,214001742,서정리시장,214000613,N,20230221
8616,평택시,평택-송탄여객,32203,241284007,코오롱하늘채아파트북문,214000469,마두1리,214001949,N,20230221
8617,평택시,평택-가곡여객,11-1가곡.사기막,241285001,가곡5리,214001892,사기막종점,228002312,N,20230221
8618,평택시,평택-가곡여객,11가곡.사기.성은,241285002,가곡5리,214001892,성은리,231001232,N,20230221
8619,평택시,평택-가곡여객,45232,241285003,가곡5리,214001892,평생학습센터,214000343,N,20230221
8620,평택시,평택-가곡여객,45233,241285004,가곡5리,214001892,오산역환승센터2층(1승강장),223000539,N,20230221
8621,평택시,평택-가곡여객,45234,241285005,진위역,214000513,협동화산업공단,214001883,N,20230221
8622,평택시,평택-가곡여객,45236,241285007,동천보건진료소,214001878,오산역환승센터2층(1승강장),223000539,N,20230221
8623,평택시,평택-가곡여객,11-1가곡.아리실,241285008,가곡5리,214001892,아리실,228002311,N,20230221
8624,평택시,평택-가곡여객,11-1가곡.수역,241285009,가곡5리,214001892,수역,228002299,N,20230221
8625,평택시,평택-가곡여객,11-1가곡.남사,241285010,가곡5리,214001892,남사,228001358,N,20230221
8626,평택시,평택-가곡여객,11-1가곡.오산역,241285011,가곡5리,214001892,오산역환승센터2층(1승강장),223000539,N,20230221
8627,평택시,평택-가곡여객,11가곡.순지.성은,241285012,가곡5리,214001892,성은리,231001232,N,20230221
8628,평택시,평택-가곡여객,11가곡.성은,241285013,가곡5리,214001892,성은리,231001232,N,20230221
8629,포천시,선진시내버스,3100,207000070,대진대주차장대기(경유),277102087,뱅뱅사거리(중),121000005,N,20230221
8630,포천시,포천상운,20637,236000009,포천고등학교앞,236000737,추동1리마을회관,236000320,N,20230221
8631,포천시,포천상운,53,236000012,포천시청앞,236000308,삼율리,236000124,N,20230221
8632,포천시,포천상운,55,236000013,포천시청앞,236000308,직두3리.논배,236000963,N,20230221
8633,포천시,포천상운,63,236000015,영화마을,236000463,산호아파트,236001077,N,20230221
8634,포천시,포천상운,20821,236000019,포천시청앞,236000308,송내주공5단지후문,215000176,N,20230221
8635,포천시,포천상운,73,236000023,포천고등학교앞,236000737,포천아트밸리,236001172,N,20230221
8636,포천시,포천상운,21916,236000025,포천고등학교앞,236000737,관인파출소앞,236001164,N,20230221
8637,포천시,포천상운,60,236000039,포천시청앞,236000308,추동1리마을회관,236000320,N,20230221
8638,포천시,포천상운,56,236000041,포천행복주택.용정산업단지입구,236001076,전곡역,238000325,N,20230221
8639,포천시,포천상운,62,236000044,대진대주차장대기(경유),277102087,양주역,235000245,N,20230221
8640,포천시,포천상운,57,236000046,포천고등학교앞,236000737,소요산,215000217,N,20230221
8641,포천시,포천교통,72,236000048,하성북리,236001242,수유역(중),108000003,Y,20230221
8642,포천시,포천교통,138,236000049,경복대입구,236001099,의정부역.흥선지하도입구,207000439,N,20230221
8643,포천시,선진시내버스,26359,236000052,반월아트홀.여성회관,236001108,방학2동주민센터,109000083,Y,20230221
8644,포천시,포천교통,44958,236000056,동교4통,236000503,무봉2리회관,236000787,N,20230221
8645,포천시,포천교통,2,236000057,동교4통,236000503,무봉2리회관,236000787,N,20230221
8646,포천시,선진시내버스,24108,236000058,일동중.고등학교,236000544,포천고등학교앞,236000737,N,20230221
8647,포천시,선진시내버스,138-5,236000061,도평리,236000784,의정부부대찌개거리.중앙역,207000030,N,20230221
8648,포천시,포천교통,1386,236000063,산정호수.상동주차장,236001170,도봉산역광역환승센터,109000405,N,20230221
8649,포천시,선진시내버스,33,236000066,소학1리,236000834,의정부역.흥선지하도입구,207000439,N,20230221
8650,포천시,선진시내버스,7,236000068,일동터미널,236000919,광능내종점,222001057,N,20230221
8651,포천시,선진시내버스,66,236000070,의정부약국,236000219,초가팔2리마을회관,236001294,N,20230221
8652,포천시,포천교통,1,236000117,선단4통.장승거리,236000520,무림1리마을회관,236001275,N,20230221
8653,포천시,선진시내버스,45109,236000137,도평리,236000784,광능내종점,222001057,N,20230221
8654,포천시,선진시내버스,8,236000140,선단3통,236001382,수영장입구,236001364,N,20230221
8655,포천시,포천교통,3,236000141,일동초교.일동도서관,236000552,백운종점,236000897,N,20230221
8656,포천시,포천상운,68,236000145,영화마을,236000463,의정부약국,236000219,N,20230221
8657,포천시,포천상운,67,236000146,영화마을,236000463,장자마을회관,236001256,N,20230221
8658,포천시,선진시내버스,3200,236000149,차고지대(경유),277102413,청량리역환승센터(4번승강장),105000015,N,20230221
8659,포천시,선진시내버스,9,236000153,청소년교육문화센터,236001216,가산면행정복지센터,236001321,N,20230221
8660,포천시,선진시내버스,10,236000154,산정호수상동주차장,236001143,한탄강하늘다리주차장,236000327,Y,20230221
8661,포천시,선진시내버스,3500,236000176,대진대주차장대기(경유),277102087,건대로데오거리입구,104000125,N,20230221
8662,포천시,선진시내버스,45108,236000188,도평리,236000784,광릉내종점,222000629,N,20230221
8663,포천시,선진시내버스,3600,236000190,차고지대기(경유),277102567,강남역12번출구,122000181,N,20230221
8664,포천시,포천교통,88,236000194,경복대입구,236001099,홈플러스,236000509,Y,20230221
8665,포천시,포천상운,31778,236000196,포천고등학교앞,236000737,금동1리,236000729,N,20230221
8666,포천시,포천상운,31837,236000197,영화아파트,236000954,아트교사거리,236001406,N,20230221
8667,포천시,포천상운,31898,236000198,대경중학교앞,236000470,너베기입구,236001214,N,20230221
8668,포천시,포천상운,89,236000202,포천고등학교앞,236000737,관인파출소앞,236000120,N,20230221
8669,포천시,포천상운,31868,236000204,영화마을,236000463,기지리,236000839,N,20230221
8670,포천시,선진시내버스,11,236000207,포천행복주택.용정산업단지입구,236001076,운담사거리,236000541,Y,20230221
8671,포천시,포천상운,86,236000208,태봉초교,236001086,이동교5리.축석검문소,236000581,N,20230221
8672,포천시,포천상운,26665,236000210,포천고등학교앞,236000737,포천고등학교앞,236000294,N,20230221
8673,포천시,선진시내버스,45231,236000211,포천행복주택.용정산업단지입구,236001076,운담사거리,236000541,N,20230221
8674,포천시,선진시내버스,45200,236000213,산정호수상동주차장,236001143,영북농협앞,236000141,N,20230221
8675,포천시,선진시내버스,45201,236000214,선단4통.장승거리,236000520,산정호수.상동주차장,236001170,N,20230221
8676,포천시,포천상운,21947,236000215,포천고등학교앞,236000737,냉정리회관앞,236000930,N,20230221
8677,포천시,포천상운,26696,236000216,포천고등학교앞,236000737,기지리,236000839,N,20230221
8678,포천시,포천교통,77,236000217,경복대입구,236001099,포천고등학교앞,236000294,Y,20230221
8679,포천시,포천교통,44986,236000218,일동초교.일동도서관,236000552,장암5리.한빛아파트,236000150,N,20230221
8680,포천시,선진시내버스,45170,236000219,청소년교육문화센터,236001216,금현3리.대대울,236000475,N,20230221
8681,포천시,포천교통,3006,236000222,경복대입구,236001099,잠실광역환승센터,123000611,Y,20230221
8682,포천시,포천상운,26724,236000223,포천고등학교앞,236000737,포천고등학교앞,236000294,N,20230221
8683,포천시,선진시내버스,12,236000224,도평리,236000784,포천아이파크2차,236000178,N,20230221
8684,포천시,포천상운,69,236000225,선단동체육센터,236001384,정미소.동교1통회관,236001046,N,20230221
8685,포천시,선진시내버스,45171,236000226,청소년교육문화센터,236001216,너베기입구,236001033,N,20230221
8686,포천시,포천상운,20455,236000227,영화마을,236000463,전곡역,238000325,N,20230221
8687,포천시,포천교통,28126,236000228,경복대입구,236001099,포천행복주택.용정산업단지입구,236001104,N,20230221
8688,포천시,포천교통,44927,236000229,선단4통.장승거리,236000520,축석가든,236000704,N,20230221
8689,포천시,포천상운,85,236000230,선단4통.장승거리,236000520,금주2리회관,236000783,N,20230221
8690,포천시,포천상운,31048,236000231,선단4통.장승거리,236000520,양문1리터미널,236000555,N,20230221
8691,포천시,포천교통,32143,236000232,경복대입구,236001099,홈플러스,236000509,Y,20230221
8692,포천시,포천상운,65,236000233,포천고등학교앞,236000294,어룡2통마을회관,236001259,N,20230221
8693,포천시,포천교통,1403,236000234,경복대입구,236001099,고속터미널(중),121000020,N,20230221
8694,포천시,포천상운,90,236000235,지현교,236000363,일동면사무소.농협,236000543,N,20230221
9004,안성시,백성운수,70,41018004,안성터미널,34663,평택터미널,15719,Y,20230322
9005,안성시,백성운수,37,41018001,구)터미널,33134,여주터미널,52100,Y,20230322
9006,안성시,백성운수,05월 05일,41018170,대우아파트,33101,금화아파트,34202,Y,20230322
9007,안성시,백성운수,10월 02일,41018140,안성터미널,34663,신계리,34052,Y,20230322
9008,안성시,백성운수,10월 06일,41018146,인지사거리,33161,미양면사무소,34124,Y,20230322
9009,안성시,백성운수,01월 04일,41018117,하나로마트,33133,구)공도정류장(안성방면),33023,Y,20230322
9010,안성시,백성운수,01월 09일,41018148,하나로마트,33133,양성터미널,34082,Y,20230322
9011,안성시,백성운수,100-3,41018169,인삼농협앞,33145,서운면사무소,34236,Y,20230322
9012,안성시,백성운수,01월 06일,41018118,하나로마트,33133,양성터미널,34082,Y,20230322
9013,안성시,백성운수,Feb-50,41018106,안성터미널,34663,고삼사동,33229,Y,20230322
9014,하남시,경기상운,30-3,,공영차고지,,잠실역,,Y,20230120
9015,하남시,경기상운,30-5,,하남BRT,,잠실역,,Y,20230120
9016,하남시,경기상운,35,,감일스윗시티,,잠실역,,Y,20230120
9017,하남시,경기상운,87,,하남BRT,,수서역,,Y,20230120
9018,하남시,하남마을버스,2,,하산곡삼거리,,이마트,,Y,20230120
9019,하남시,오륜운수,8,,자족단지,,둔촌역,,Y,20230120
9020,하남시,은방울교통,10,,하남BRT,,종합운동장,,Y,20230120
9021,하남시,삼성교통,50,,은가람중학교,,팔당역,,Y,20230120
9022,연천군,연천교통,31,,전곡터미널,전곡터미널,전곡터미널,전곡터미널,N,20230110
9023,연천군,연천교통,33,,신탄리역,신탄리역,연천역,연천역,N,20230110
9024,연천군,연천교통,33-1,,연천역,연천역,연천역,연천역,N,20230110
9025,연천군,연천교통,35,,연천역,연천역,군남면사무소,군남면사무소,N,20230110
9026,연천군,연천교통,35-1,,연천역,연천역,고포리종점,고포리종점,N,20230110
9027,연천군,연천교통,35-2,,연천역,연천역,횡산리,횡산리,N,20230110
9028,연천군,연천교통,37-1,,연천역,연천역,연천역,연천역,N,20230110
9029,연천군,연천교통,37-2,,연천역,연천역,연천역,연천역,N,20230110
9030,연천군,연천교통,37-3,,연천역,연천역,백의리,백의리,N,20230110
9031,연천군,연천교통,38-1,,전곡터미널,전곡터미널,전곡터미널,전곡터미널,N,20230110
9032,연천군,연천교통,38-10,,전곡터미널,전곡터미널,전곡터미널,전곡터미널,N,20230110
9033,연천군,연천교통,38-3,,전곡터미널,전곡터미널,전곡터미널,전곡터미널,N,20230110
9034,연천군,연천교통,38-5,,전곡터미널,전곡터미널,전곡터미널,전곡터미널,N,20230110
9035,연천군,연천교통,38-6,,전곡터미널,전곡터미널,전곡터미널,전곡터미널,N,20230110
9036,연천군,연천교통,38-7,,전곡터미널,전곡터미널,전곡터미널,전곡터미널,N,20230110
9037,연천군,연천교통,38-9,,전곡터미널,전곡터미널,전곡터미널,전곡터미널,N,20230110
9038,연천군,연천교통,39-2,,고대산입구,고대산입구,동두천역,동두천역,N,20230110
9039,연천군,연천교통,39-8,,전곡터미널,전곡터미널,전곡터미널,전곡터미널,N,20230110
9040,연천군,연천교통,67-1,,전곡터미널,전곡터미널,전곡터미널,전곡터미널,N,20230110
9041,연천군,연천교통,67-2,,전곡터미널,전곡터미널,연천역,연천역,N,20230110
9042,연천군,연천교통,67-3,,전곡터미널,전곡터미널,연천역,연천역,N,20230110
9043,연천군,연천교통,68,,백의리,백의리,소요산역,소요산역,N,20230110
9044,연천군,연천교통,68-1,,열두개울휴게소,열두개울휴게소,소요산역,소요산역,N,20230110
9045,연천군,연천교통,70,,연천역,연천역,연천역,연천역,N,20230110
9046,연천군,연천교통,70-1,,연천역,연천역,연천역,연천역,N,20230110
9047,연천군,연천교통,70-2,,연천역,연천역,연천역,연천역,N,20230110
9048,연천군,연천교통,70-3,,연천역,연천역,연천역,연천역,N,20230110
9049,연천군,연천교통,G2001,,신탄리역,신탄리역,도봉산역,도봉산역,N,20230110
9276,시흥시,한국스마트버스협동조합,P9530(퇴근),233000364,판교제2테크노밸리,204000060,화랑공원동편,206000561,N,20230612
9277,시흥시,한국스마트버스협동조합,P9540(퇴근),233000365,판교제2테크노밸리,204000060,이마트,224000567,N,20230612
9278,시흥시,한국스마트버스협동조합,P9541(출근),233000366,이마트,224000513,사당역3번출구,121000166,N,20230612
9279,시흥시,한국스마트버스협동조합,P9541(퇴근),233000367,사당역14번출구,121001325,이마트,224000567,N,20230612
9281,과천시,㈜과천여객,7,220000024,선바위역5번출구,220000058,선바위역1번출구,220000018,Y,20230914
9282,과천시,㈜과천여객,8,220000022,광창교,220000045,삼부골,220000095,N,20230914
9283,과천시,㈜과천여객,8-1,220000023,광창교,220000045,삼부골,220000095,N,20230914
9284,과천시,㈜과천여객,6,220000012,과천시청,220000054,과천시청,220000053,Y,20230914
9285,안성시,백성운수,70,41018004,안성터미널,34663,평택터미널,15719,Y,20230918
9286,안성시,백성운수,37,41018001,구)터미널,33134,여주터미널,52100,Y,20230918
9301,양평군,(주)금강고속,6-1,240000017,양평터미널,240000072,용천1리마을회관,240000252,Y,20230921
9302,양평군,(주)금강고속,6-10,240000072,양평터미널,240000072,설악TR,239000374,N,20230921
9303,양평군,(주)금강고속,6-12,240000124,양평터미널,240000072,용천3리종점,240001056,Y,20230921
9304,양평군,(주)금강고속,6-2,240000018,양평터미널,240000072,용천1리마을회관,240000252,Y,20230921
9305,양평군,(주)금강고속,6-3,240000019,양평터미널,240000072,용천3리종점,240001056,N,20230921
9306,양평군,(주)금강고속,6-4,240000100,양평터미널,240000072,오빈리,240000263,N,20230921
9307,양평군,(주)금강고속,6-5,240000021,양평터미널,240000072,곤일종점,240000268,N,20230921
9308,양평군,(주)금강고속,6-6,240000023,양평터미널,240000072,문호리종점,240000035,Y,20230921
9309,양평군,(주)금강고속,7,240000041,양평터미널,240000072,용문사,240000628,N,20230921
9310,양평군,(주)금강고속,7-1,240000042,용문터미널,240001309,연수리종점,240000538,N,20230921
9311,양평군,(주)금강고속,7-2,240000044,용문터미널,240001309,단월교차로,240000163,N,20230921
9312,양평군,(주)금강고속,7-3,240000047,용문터미널,240001309,망미1리마을회관,240000976,N,20230921
9313,양평군,(주)금강고속,7-4,240000048,용문터미널,240001309,용문사,240000628,N,20230921
9314,양평군,(주)금강고속,7-5,240000049,용문터미널,240001309,화전2리마을회관,240000589,N,20230921
9315,양평군,(주)금강고속,7-6,240000193,양평터미널,240000072,용문사,240000628,N,20230921
9316,양평군,(주)금강고속,7-7,240000046,용문터미널,240001309,화전2리마을회관,240000589,N,20230921
9317,양평군,(주)금강고속,7-8,240000087,용문터미널,240001309,용문터미널,240001309,N,20230921
9318,양평군,(주)금강고속,7-9,240000102,용문터미널,240001309,화전2리마을회관,240000589,N,20230921
9319,양평군,(주)금강고속,77,240000159,양평터미널,240000072,용문터미널,240001309,N,20230921
9320,양평군,(주)금강고속,77-1,240000160,용문터미널,240001309,망미리,240000976,N,20230921
9321,양평군,(주)금강고속,77-10,240000162,양평터미널,240000072,용문터미널,240001309,N,20230921
9322,양평군,(주)금강고속,77-11,240000186,용문터미널,240001309,단월교차로,240000164,N,20230921
9323,양평군,(주)금강고속,77-2,240000151,용문터미널,240001309,월산3리회관,240000577,N,20230921
9324,양평군,(주)금강고속,77-3,240000190,양평터미널,240000072,수곡2리.마을회관,240000809,N,20230921
9325,양평군,(주)금강고속,77-4,240000179,용문터미널,240001309,용문산,240000628,N,20230921
9326,양평군,(주)금강고속,77-5,240000161,용문터미널,240001309,망능리 마을회관,240000662,N,20230921
9327,양평군,(주)금강고속,77-6,240000188,용문터미널,240001309,수곡2리.마을회관,240000809,N,20230921
9328,양평군,(주)금강고속,77-7,240000152,용문터미널,240001309,화전2리마을회관,240000589,N,20230921
9329,양평군,(주)금강고속,77-8,240000153,용문터미널,240001309,용문사,240000628,N,20230921
9330,양평군,(주)금강고속,77-9,240000180,양평터미널,240000072,곤일종점,240000268,N,20230921
9331,양평군,(주)금강고속,8-2,240000081,양평터미널,240000072,양수역,240000277,Y,20230921
9332,양평군,(주)금강고속,8-3,240000104,문호리종점,240000035,목왕1리종점,240000297,N,20230921
9333,양평군,(주)금강고속,8-33,240000141,문호리종점,240000035,목왕1리종점,240000297,Y,20230921
9334,양평군,(주)금강고속,8-4,240000083,문호리종점,240000035,양수역,240000277,N,20230921
9335,양평군,(주)금강고속,8-44,240000142,문호리종점,240000035,양수역,240000277,Y,20230921
9336,양평군,(주)금강고속,8-5,240000085,문호리종점,240000035,양수역,240000277,N,20230921
9337,양평군,(주)금강고속,8-55,240000143,문호리종점,240000035,양수역,240000277,Y,20230921
9338,양평군,(주)금강고속,8-6,240000091,문호리종점,240000035,양수역,240000277,Y,20230921
9339,양평군,(주)금강고속,8-7,240000092,문호리종점,240000035,석바탕,240000493,Y,20230921
9340,양평군,(주)금강고속,8-8,240000094,문호리종점,240000035,신안아파트후문,227000038,N,20230921
9341,양평군,(주)금강고속,8-9,240000111,문호리종점,240000035,수입3리마을회관,240000484,Y,20230921
9342,양평군,(주)금강고속,88-1,240000163,양평터미널,240000072,문호리종점,240000035,N,20230921
9343,양평군,(주)금강고속,88-2,240000164,문호리종점,240000035,명달리종점,240000541,N,20230921
9344,양평군,(주)금강고속,88-3,240000165,문호리종점,240000035,양수역,240000277,N,20230921
9345,양평군,(주)금강고속,88-5,240000167,문호리종점,240000035,양수역,240000277,N,20230921
9346,양평군,(주)금강고속,88-6,240000168,양수역,240000035,명달리종점,240000541,N,20230921
9347,양평군,(주)금강고속,9-1,240000043,문호리종점,240000035,명달리종점,240000541,N,20230921
9348,양평군,(주)금강고속,9-2,240000080,문호리종점,240000035,서후2리종점,240000986,N,20230921
9349,양평군,(주)금강고속,9-20,240000144,문호리종점,240000035,서후2리종점,240000986,Y,20230921
9350,양평군,(주)금강고속,9-22,240000139,문호리종점,240000035,서후2리종점,240000986,N,20230921
9351,양평군,(주)금강고속,9-3,240000036,문호리종점,240000035,정배리종점,240000303,N,20230921
8952,양평군,(주)금강고속,33-4,240000199,문호리종점,240000203,호평고등학교,222000166,N,20230317
8953,양평군,(주)금강고속,33-5,240000200,문호리종점,240000203,호평고등학교,222000166,N,20230317
8954,양평군,(주)금강고속,33-6,240000201,양평터미널,240000072,문호리종점,240000203,N,20230317
8955,양평군,(주)금강고속,4-10,240000059,양평터미널,240000072,항금리.문화마을,240000421,N,20230317
8956,양평군,(주)금강고속,4-11,240000095,양평터미널,240000072,항금리.문화마을,240000421,N,20230317
8957,양평군,(주)금강고속,4-2,240000051,양평터미널,240000072,이포리,237001158,N,20230317
8958,양평군,(주)금강고속,4-4,240000053,양평터미널,240000072,신화2리.신당곡길,240000700,N,20230317
8959,양평군,(주)금강고속,4-5,240000121,양평터미널,240000072,수청1리,234000018,N,20230317
8960,양평군,(주)금강고속,4-6,240000060,양평터미널,240000072,송학3리종점,240000756,N,20230317
8961,양평군,(주)금강고속,4-7,240000056,양평터미널,240000072,성덕3리.큰골,240000735,N,20230317
8962,양평군,(주)금강고속,4-8,240000058,양평터미널,240000072,항금리.문화마을,240000421,N,20230317
8963,양평군,(주)금강고속,4-9,240000057,양평터미널,240000072,항금리.문화마을,240000421,N,20230317
8964,양평군,(주)금강고속,40-1,240000173,양평터미널,240000072,전북리종점,237000767,N,20230317
8965,양평군,(주)금강고속,40-6,240000177,양평터미널,240000072,송학3리종점,240000756,N,20230317
8966,양평군,(주)금강고속,40-9,240000170,양평터미널,240000072,항금리.문화마을,240000421,N,20230317
8967,양평군,(주)금강고속,5,240000096,양평터미널,240000072,계림1리토물,237000018,N,20230317
8968,양평군,(주)금강고속,5-1,240000077,양평터미널,240000072,대신터미널,237000169,N,20230317
8969,양평군,(주)금강고속,5-11,240000136,양평터미널,240000072,대신터미널,237000169,N,20230317
8970,양평군,(주)금강고속,5-2,240000062,양평터미널,240000072,개군,240000671,N,20230317
8971,양평군,(주)금강고속,5-3,240000078,양평터미널,240000072,곡수삼거리,240001299,N,20230317
8972,양평군,(주)금강고속,5-4,240000063,양평터미널,240000072,내리마을회관종점,240000791,N,20230317
8973,양평군,(주)금강고속,5-5,240000067,양평터미널,240000072,곡수삼거리,240001299,N,20230317
8974,양평군,(주)금강고속,5-55,240000137,양평터미널,240000072,곡수삼거리,240001299,N,20230317
8975,양평군,(주)금강고속,5-6,240000147,양평터미널,240000072,곡수삼거리,240001299,N,20230317
8976,양평군,(주)금강고속,5-7,240000098,양평터미널,240000072,대신터미널,237000169,N,20230317
8977,양평군,(주)금강고속,5-8,240000099,양평터미널,240000072,대신터미널,237000169,N,20230317
8978,양평군,(주)금강고속,5-88,240000138,대신터미널,237000169,양평터미널,240000072,N,20230317
8979,양평군,(주)금강고속,50-2,240000178,양평터미널,240000072,개군,240000671,N,20230317
8980,양평군,(주)금강고속,6,240000016,양평터미널,240000072,한화리조트,240000239,Y,20230317
8981,양평군,(주)금강고속,6-1,240000017,양평터미널,240000072,용천1리마을회관,240000252,N,20230317
8982,양평군,(주)금강고속,6-10,240000072,양평터미널,240000072,설악터미널,239000374,N,20230317
8983,양평군,(주)금강고속,6-12,240000124,양평터미널,240000072,용천3리종점,240001056,N,20230317
8984,양평군,(주)금강고속,6-2,240000018,양평터미널,240000072,용천1리마을회관,240000252,N,20230317
8985,양평군,(주)금강고속,6-3,240000019,양평터미널,240000072,용천3리종점,240001056,N,20230317
8986,양평군,(주)금강고속,6-4,240000100,양평터미널,240000072,오빈리,240000263,N,20230317
8987,양평군,(주)금강고속,6-5,240000021,양평터미널,240000072,곤일종점,240000268,N,20230317
8988,양평군,(주)금강고속,6-6,240000023,양평터미널,240000072,문호리종점,240000203,N,20230317
8989,양평군,(주)금강고속,7,240000041,양평터미널,240000072,용문산,240000628,N,20230317
8990,양평군,(주)금강고속,7-1,240000042,용문터미널,240001309,연수리종점,240000538,N,20230317
8991,양평군,(주)금강고속,7-2,240000044,용문터미널,240001309,월산3리취암마을회관,240000577,N,20230317
8992,양평군,(주)금강고속,7-3,240000047,용문터미널,240001309,화전2리마을회관,240000589,N,20230317
8993,양평군,(주)금강고속,7-4,240000048,용문터미널,240001309,용문산,240000628,N,20230317
8994,양평군,(주)금강고속,7-5,240000049,용문터미널,240001309,망능리.마을회관,240000662,N,20230317
8995,양평군,(주)금강고속,7-6,240000193,양평터미널,240000072,용문축협,240000135,N,20230317
8996,양평군,(주)금강고속,7-7,240000046,용문터미널,240001309,화전2리마을회관,240000589,N,20230317
8997,양평군,(주)금강고속,7-8,240000087,용문터미널,240001309,용문산,240000628,N,20230317
8998,양평군,(주)금강고속,7-9,240000102,용문터미널,240001309,망미1리마을회관,240000976,N,20230317
8999,양평군,(주)금강고속,77,240000159,양평터미널,240000072,용문터미널,240001309,N,20230317
9000,양평군,(주)금강고속,77-1,240000160,용문터미널,240001309,단월시외정류장,240000164,N,20230317
9001,양평군,(주)금강고속,77-10,240000162,용문터미널,240001309,단월금강고속영업소,240000163,N,20230317
9002,양평군,(주)금강고속,77-11,240000186,용문터미널,240001309,망미1리마을회관,240000976,N,20230317
9003,양평군,(주)금강고속,77-2,240000151,용문터미널,240001309,월산3리취암마을회관,240000577,N,20230317
9090,고양시,고양-대화교통,056(도촌),241299704,도촌,219000860,백신초교,219000165,N,20230221
9091,고양시,고양-대화교통,056(멱절),241299705,멱절,219001089,백신초교,219000165,N,20230221
9092,고양시,고양-대화교통,056(서촌),241299706,서촌,219000828,백신초교,219000165,N,20230221
9093,고양시,고양-대화교통,61,241299708,GS자이아파트후문,219000951,일산동구청(중),219000356,N,20230221
9094,고양시,고양-동일운수,18,241304002,원당역,218001083,산장아파트,218000906,N,20230221
9095,고양시,고양-동일운수,12,241304005,관산주공아파트,218001049,원당역,218001083,N,20230221
9096,고양시,고양-동일운수,16,241304006,세기마을입구,218000891,화정역3호선,218001046,N,20230221
9097,고양시,고양-동일운수,13,241304707,원당역,218001083,원신4통,218000886,N,20230221
9098,고양시,고양-주원교통,077A,241306001,삼송마을11단지.대학생연합생활관,218001324,지축역,218000952,N,20230221
9099,고양시,고양-주원교통,077B,241306002,삼송역6번출구,218000627,사기막골,218000251,N,20230221
9100,고양시,고양-주원교통,76,241306702,원신동행정복지센터(마을),218000856,세원마을입구,218000214,N,20230221
9101,고양시,고양-주원교통,93,241306703,신원마을1.2단지,218001210,신원마을1.2단지,218001210,N,20230221
9102,고양시,고양-주원교통,94,241306704,삼송역6번출구,218000627,오금동종점,218001164,N,20230221
9103,고양시,고양-자안운수,11,241308701,나루터,218000033,화정역3호선,218001046,N,20230221
9104,고양시,고양-신일산교통,66,241309001,차고지,219000829,냉천초등학교,219000539,N,20230221
9105,고양시,고양-신일산운수,68,241309702,청궁오리집,219000814,일산동구청.퀸타운호텔,219000956,N,20230221
9106,고양시,고양-신일산운수,69,241309703,SK주유소,219000960,능곡역,218000520,N,20230221
9107,고양시,고양-신일산운수,90,241310001,차고지,219000829,하늘마을3단지,219000597,N,20230221
9108,고양시,고양-신일산운수,91,241310002,기점대기(경유),277103897,일산에듀포레푸르지오후문,219001147,N,20230221
9109,고양시,고양-신일산운수,92,241310003,일산에듀포레푸르지오후문,219001147,탄현역2번출구,219000772,N,20230221
9110,고양시,고양-신일산운수,95,241310004,고양종합운동장.일산서구청,219000450,강선마을(중),219000192,N,20230221
9111,고양시,고양-보람운수,32,241312001,화정역3호선,218000974,무원고교,218000086,N,20230221
9112,고양시,고양-보람운수,35,241312008,행신역,218000463,원당역,218000282,N,20230221
9113,고양시,고양-보람운수,30,241312013,강고산,218001026,화정역3번출구,218001359,N,20230221
9114,고양시,고양-보람운수,022A,241312014,마을회관,218001003,행신초등학교,218000089,N,20230221
9115,고양시,고양-보람운수,23,241312015,서정마을6.9단지,218001201,화정역3호선,218000974,N,20230221
9116,고양시,고양-보람운수,024A,241312016,행신역,218000463,원흥역8번출구.방송통신대앞,218000698,N,20230221
9117,고양시,고양-보람운수,024B,241312017,행신역,218000463,원흥역8번출구.방송통신대앞,218000698,N,20230221
9118,고양시,고양-보람운수,022B,241312018,덕은LH1단지.DMC한강숲중흥S클래스,218000600,DMC해링턴플레이스,218001361,N,20230221
9119,고양시,고양-화정교통,27,241313001,화정역4번출구,218001149,2단지관리사무실앞,218000743,N,20230221
9120,고양시,고양-화정교통,28,241313002,화정역4번출구,218001149,달빛마을1단지분수대앞,218000742,N,20230221
9121,고양시,고양-화정교통,029A,241313003,명지병원,218000992,화정역3호선,218001046,N,20230221
9122,고양시,고양-화정교통,029B,241313004,원당역,218000095,능곡역,218000520,N,20230221
9123,고양시,고양-화정교통,15,241313005,성사중학교,218001253,신원당600단지,218000858,N,20230221
9124,고양시,고양-명보교통,71,241325002,회차(경유),277104417,가좌동.구종점,219000435,N,20230221
9125,고양시,고양-보은교통,21,241314001,화정역3호선,218000974,행신역,218000463,N,20230221
9126,고양시,고양-보은교통,20,241314002,화정역3호선,218000974,영흥빌라,218001006,N,20230221
9127,고양시,고양-명보교통,72,241325001,능곡역.능곡시장,218000193,산황동입구,219001083,N,20230221
9128,고양시,고양-관산운수,36,241293003,벽제관지,218001211,오미산주유소,219000101,N,20230221
9129,고양시,고양-관산운수,37,241293004,그린씨티동문아파트,229000473,삼송역8번출구,218001200,N,20230221
9130,고양시,고양-관산운수,58,241293005,동문3차아파트,219000813,빛마루.이비에스,219001076,N,20230221
9131,고양시,고양-관산운수,59,241293006,마을회관,219000293,대화역,219000366,N,20230221
9132,고양시,고양-관산운수,88,241293007,내유동커뮤니티센터,218001347,삼송역8번출구,218001200,N,20230221
9133,고양시,고양-한진교통,60,241294002,소만마을1.2.3단지,218001032,화정역3호선,218001046,N,20230221
9134,고양시,고양-백마운수,38,241295703,둥지마을.베송쥬쥬,219001082,화정역3호선,218001046,N,20230221
9135,고양시,고양-백마운수,50,241295704,필리핀참전비,218000826,일산동구청(중),219000356,N,20230221
9136,고양시,고양-백마운수,10,241295707,약산마을,219000303,빛마루.이비에스,219001075,N,20230221
9137,고양시,고양-백마운수,39,241295708,위시티1단지후문.양일초교,219001031,현대백화점,219000625,N,20230221
9138,고양시,고양-대림교통,65,241298003,서정마을2단지,218001072,화정역3호선,218001046,N,20230221
9139,고양시,고양-대화교통,63,241299001,대화역회차(경유),277104412,장월,219000799,N,20230221
9140,고양시,고양-대화교통,57,241299002,가좌마을.킴스.벽산A516동,219000565,일산동구청(중),219000356,N,20230221
9141,고양시,고양-대화교통,62,241299003,더샵그라비스타.이마트킨텍스점,219000913,송포초교,219000434,N,20230221
9142,군포시,군포여객,100,225000004,초막골공원,225000422,의왕역2번출구,226000080,Y,20230523
9143,군포시,군포여객,100-1,225000005,납덕골,225000289,의왕역2번출구,226000080,Y,20230523
9144,군포시,산본여객,31,225000006,부곡버스공영차고지,225000194,산본2동행정복지센터,225000071,Y,20230523
9145,군포시,산본여객,30,225000009,군포복합화물터미널,225000257,금정역,225000115,Y,20230523
9146,군포시,산본여객,32A,225000010,군포복합화물터미널,225000257,금정역,225000115,Y,20230523
9147,군포시,산본여객,32B,225000011,군포복합화물터미널,225000257,은혜공원,225000343,Y,20230523
9148,군포시,경기고속,6501,234001163,부곡공영차고지(경유),277102715,강남역우리은행,121000974,N,20230523
9149,군포시,군포-오성교통,5,241381001,당정역,225000313,한라2차아파트입구,225000140,Y,20230523
9150,군포시,보영운수,3030,208000027,군포보건소,225000010,신사역8번출구.가로수길,122000008,N,20230523
9151,군포시,군포-오성교통,10,241381002,대원칸타빌,225000316,당정역,225000312,N,20230523
9152,군포시,군포-오성교통,11,241381003,한우물근린공원,225000456,군포초등학교,225000042,N,20230523
9153,군포시,군포-군포운수,9,241382001,기점대기(경유),277102530,금정역,225000007,N,20230523
9154,군포시,군포-군포운수,1,241382002,5단지가야아파트,225000403,금정역,225000011,N,20230523
9155,군포시,군포-군포운수,6,241382003,현대아이파크,225000306,금정역,225000007,N,20230523
9156,군포시,군포-군포운수,6-1,241382004,둔터.반월호수,225000292,군포시청.산본역,225000089,N,20230523
9157,군포시,군포-군포운수,7,241382005,대야미역,225000188,군포시청.산본역,225000116,Y,20230523
9158,군포시,군포-군포운수,1-2,241382006,대야미역,225000198,군포부곡도서관,225000231,N,20230523
9159,군포시,군포-군포운수,1-1,241382008,군포보건소,225000192,군포공영차고지,225000181,N,20230523
9160,군포시,군포-사랑교통,3,241383001,당정역,225000234,금정역,225000007,Y,20230523
9161,군포시,군포-사랑교통,3-1,241383002,당정역,225000234,금강아파트,225000084,Y,20230523
9162,군포시,군포-행복운수,2,241384001,계룡.한양아파트,225000390,금정역3번출구,225000195,Y,20230523
9163,군포시,군포-행복운수,12,241384002,당정역,225000234,삼성마을5단지아파트입구,225000419,N,20230523
9164,구리시,경기여객,78,207000080,갈매역,221000217,강변역(B),104000280,N,20230527
9165,구리시,경기여객,75,221000032,갈매역,221000217,석계역1번출구A,110000183,N,20230527
9166,구리시,경기여객,1680,221000033,갈매역,221000217,잠실광역환승센터,123000611,N,20230527
9167,구리시,경기여객,'75-1',221000034,갈매역,221000217,지하철6호선화랑대역,106000200,N,20230527
9168,구리시,경기여객,G1690,221000035,갈매역,221000217,잠실광역환승센터,123000611,N,20230527
9169,구리시,경기여객,93,222000026,대성리,239000682,강변역(A),104000183,N,20230527
9170,구리시,경기여객,51,222000050,센트럴.한화아파트,222001608,경동시장앞,105000081,N,20230527
9171,구리시,경기여객,95,222000052,다산차고지,222001920,강변역(B),104000280,Y,20230527
9172,구리시,경기여객,96,234000029,다산차고지,222001920,강변역(B),104000280,N,20230527
9173,구리시,경기여객,1115-6,234000031,농수산물시장,221000264,잠실광역환승센터,123000611,N,20230527
9174,구리시,경기여객,15,234000035,연대농장입구.도곡리종점,222000267,강변역(A),104000183,N,20230527
9175,구리시,경기여객,1650,234000050,구리수택차고지,221000046,안양역,208000069,N,20230527
9176,구리시,경기여객,92,234000058,광릉내,222001122,강변역(B),104000280,Y,20230527
9177,구리시,구리-경기여객,7,241241001,구종점,221000041,구리역.롯데백화점,221000303,N,20230527
9178,구리시,구리-구일교통,6,241338001,한진그랑빌아파트후문,221000321,구리타워,221000290,Y,20230527
9179,구리시,구리-구일교통,'6-1',241338002,한진그랑빌아파트후문,221000321,신명.동양아파트.목양교회,221000276,Y,20230527
9180,구리시,구리-구일교통,'6-2',241338003,딸기원서문,221000061,구리역.롯데백화점,221000303,N,20230527
9181,구리시,구리-미래교통,2,241339001,LG원앙.한성아파트,221000102,갈매역,221000154,N,20230527
9182,구리시,구리-미래교통,'2-2',241339004,구리역.롯데백화점,221000304,삼육대앞,110000055,N,20230527
9183,구리시,구리-미래교통,'7-1',241339005,수택고등학교정문,221000310,구리역.롯데백화점,221000303,N,20230527
9184,구리시,구리-행복운수,5,241340001,아름마을삼성아파트,221000282,돌섬마을,221000312,N,20230527
9185,구리시,구리-행복운수,45047,241340004,아름인창래미안아파트5단지,221000034,새음교회,221000358,N,20230527
9186,구리시,구리-행복운수,8,241340005,개나리아파트,221000281,토평도서관.e편한세상아파트,221000040,N,20230527
9187,의정부시,명진여객,1-1,207000009,낙양동공영차고지,8388,강변역B,5266,N,20230531
9188,의정부시,명진여객,1-3,207000088,낙양동공영차고지,8388,강변역B,5266,N,20230531
9189,의정부시,명진여객,10-1,207000004,낙양동공영차고지,8388,도봉산역광역환승센터,10339,N,20230531
9190,의정부시,명진여객,10-2,207000085,민락엘레트19단지후문,8354,도봉산역광역환승센터,10339,N,20230531
9191,의정부시,명진여객,10-3,207000093,민락엘레트19단지후문,8354,도봉산역광역환승센터,10339,N,20230531
9192,의정부시,명진여객,1102,207000104,낙양동공영차고지,8388,서울역버스환승센터.6번홈(중),2006,N,20230531
9193,의정부시,명진여객,25-1,207000068,경기도교육청북부청사,8422,적성전통시장,50032,N,20230531
9194,의정부시,명진여객,25-2,207000096,경기도교육청북부청사,8422,남면행정복지센터.남면농협,39179,N,20230531
9195,의정부시,명진여객,34,229000032,양지마을,8426,불광역4번출구,12122,N,20230531
9196,의정부시,명진여객,360,207000103,금오중학교,8165,불광역4번출구,12122,N,20230531
9197,의정부시,명진여객,57-1,207000107,홈플러스,8216,장암역.석림사입구,8324,N,20230531
9198,의정부시,명진여객,72-1,207000002,낙양동공영차고지,8388,노원역9번출구,11210,Y,20230531
9199,의정부시,평안운수,1,207000016,현대힐스테이트아파트,8582,청학리,23028,N,20230531
9200,의정부시,평안운수,1-5,207000052,민락교,8472,의정부역.농협앞,8109,N,20230531
9201,의정부시,평안운수,1-7,207000098,민락교,8472,금오사거리.경기교육청,8367,Y,20230531
9202,의정부시,평안운수,1-8,207000101,민락엘레트19단지후문,8354,노원구청,11250,N,20230531
9203,의정부시,평안운수,1-9,207000003,민락엘레트19단지후문,8354,도봉산역광역환승센터,10339,N,20230531
9204,의정부시,평안운수,11,207000025,낙양동공영차고지,8388,입석마을,8003,N,20230531
9205,의정부시,평안운수,12,207000097,낙양동공영차고지,8388,경민대학,8012,N,20230531
9206,의정부시,평안운수,133,207000026,홍죽리차고지,53816,수유역(중),9003,N,20230531
9207,의정부시,평안운수,23,207000033,민락엘레트19단지후문,8354,부대앞,39967,Y,20230531
9208,의정부시,평안운수,3,207000019,호반베르디움18단지앞,8542,경민대학,8012,Y,20230531
9209,의정부시,평안운수,35,238000001,민락엘레트19단지후문,8354,법원리우체국,30586,Y,20230531
9210,의정부시,평안운수,36,207000027,상봉암동.소요산,16275,수유역(중),9003,N,20230531
9211,의정부시,평안운수,39,238000015,연천공영버스터미널,43706,도봉산역광역환승센터,10339,N,20230531
9212,의정부시,평안운수,5,207000034,홍죽리차고지,53816,장암우성아파트.장암주공2단지,8321,N,20230531
9213,의정부시,평안운수,56,207000100,현대힐스테이트아파트,8582,도봉소방서.방학남부역(중),10010,N,20230531
9214,의정부시,평안운수,7,207000021,양주자이7단지,39792,노원구청,11250,Y,20230531
9215,의정부시,평안운수,8,207000035,홍죽리차고지,53816,시장앞,8147,N,20230531
9216,의정부시,평안운수,G6000,207000099,신동초.신동아파밀리에아파트앞,8171,잠실광역환승센터,24050,Y,20230531
9217,의정부시,평안운수,G6000N,207000105,신동초.신동아파밀리에아파트앞,8171,잠실광역환승센터,24050,N,20230531
9218,의정부시,평안운수,G6100,207000102,경기도청북부청사,8422,잠실광역환승센터,24050,Y,20230531
9219,의정부시,평안운수,G6100N,207000106,경기도청북부청사,8422,잠실광역환승센터,24050,N,20230531
9280,이천시,이천시내버스,230,230000181,이천터미널,230001441,대흥2리,230000411,Y,20230906
9287,안성시,백성운수,5-5,41018170,대우아파트,33101,금화아파트,34202,Y,20230918
9288,안성시,백성운수,10-2,41018140,안성터미널,34663,신계리,34052,Y,20230918
9289,안성시,백성운수,10-6,41018146,인지사거리,33161,미양면사무소,34124,Y,20230918
9290,안성시,백성운수,1-4,41018117,하나로마트,33133,구)공도정류장(안성방면),33023,Y,20230918
9291,안성시,백성운수,1-9,41018148,하나로마트,33133,양성터미널,34082,Y,20230918
9292,안성시,백성운수,100-3,41018169,인삼농협앞,33145,서운면사무소,34236,Y,20230918
9293,안성시,백성운수,1-6,41018118,하나로마트,33133,양성터미널,34082,Y,20230918
9294,안성시,백성운수,50-2,41018106,안성터미널,34663,고삼사동,33229,Y,20230918
9295,양평군,(주)금강고속,5-6,240000147,양평터미널,240000072,곡수삼거리,237001183,Y,20230921
9296,양평군,(주)금강고속,5-7,240000098,양평터미널,240000072,대신터미널,237000169,Y,20230921
9297,양평군,(주)금강고속,5-8,240000099,양평터미널,240000072,대신터미널,237000169,Y,20230921
9298,양평군,(주)금강고속,5-88,240000138,대신터미널,237000169,양평터미널,240000072,N,20230921
9299,양평군,(주)금강고속,50-2,240000178,양평터미널,240000072,개군,240000672,Y,20230921
9300,양평군,(주)금강고속,6,240000016,양평터미널,240000072,한화리조트.종점,240000239,Y,20230921
9220,시흥시,시흥-시흥교통,8,241230001,능곡공영차고지,224000856,시흥시청역,224000586,N,20230612
9221,시흥시,시흥-시흥교통,45139,241230002,능곡공영차고지,224000856,시흥시청역,224000586,N,20230612
9222,시흥시,시흥-시흥교통,5(시흥),241230003,갯골생태공원,224000610,성원.동아아파트,224000534,N,20230612
9223,시흥시,시흥-녹색교통,1-A,241374002,시흥대야역.영남아파트,224000374,시흥대야역.영남아파트,224000374,N,20230612
9224,시흥시,시흥-녹색교통,1-B,241374003,시흥대야역.영남아파트,224000377,시흥대야역.영남아파트,224000377,N,20230612
9225,시흥시,시흥-녹색교통,N1-A,241374005,시흥대야역.영남아파트,224000374,시흥대야역.영남아파트,224000374,N,20230612
9226,시흥시,시흥-녹색교통,N1-B,241374006,시흥대야역.영남아파트,224000377,시흥대야역.영남아파트,224000377,N,20230612
9227,시흥시,시흥-녹색교통,5(녹색),241374007,갯골생태공원,224000610,성원.동아아파트,224000534,N,20230612
9228,시흥시,시흥-녹색교통,6,241374008,남왕마을서측.하늘휴게소하부,224000614,논곡동,224000223,N,20230612
9229,시흥시,시흥-녹색교통,45078,241374009,남왕마을서측.하늘휴게소하부,224000614,시흥시공공직장어린이집,224000760,N,20230612
9230,시흥시,시흥-녹색교통,3-A,241374015,신천중학교,224000360,신천중학교,224000360,N,20230612
9231,시흥시,시흥-녹색교통,3-B,241374016,신천중학교,224000397,신천중학교,224000397,N,20230612
9232,시흥시,시흥교통,12,210000027,삼미시장,224000545,한국공항공사,115000298,N,20230612
9233,시흥시,시흥교통,97,216000040,푸르지오6차후문,216000222,능곡어울림센터.능곡중,224000773,N,20230612
9234,시흥시,시흥교통,5602,216000047,이마트,224000567,구로디지털단지역(중),120000674,N,20230612
9235,시흥시,경원여객,6501,216000089,시흥능곡역2번출구,224000540,사당역3번출구,121000166,N,20230612
9236,시흥시,시흥교통,32,217000009,경원여객안양차고지,209000120,풍림2단지.소래포구입구,224000084,N,20230612
9237,시흥시,시흥교통,21,224000002,오이도차고지,224000738,태영아파트,216000665,N,20230612
9238,시흥시,시흥교통,23,224000003,월곶역,224000093,본오동차고지,216000157,Y,20230612
9239,시흥시,시흥교통,31,224000004,포동차고지,224000915,부천소방서.부천대학사거리,210000005,N,20230612
9240,시흥시,시흥교통,11567,224000005,포동차고지,224000915,부천소방서.부천대학사거리,210000005,N,20230612
9241,시흥시,시흥교통,25,224000007,오이도차고지,224000738,정왕역환승센터,224000837,N,20230612
9242,시흥시,시흥교통,63,224000010,오이도차고지,224000738,시흥대야역.영남아파트,224000374,Y,20230612
9243,시흥시,시흥교통,44946,224000011,정왕역환승센터,224000837,청소년수련관,216000189,N,20230612
9244,시흥시,시흥교통,3200,224000019,포동차고지,224000915,강남역.역삼세무서,122000184,N,20230612
9245,시흥시,시흥교통,26,224000020,시흥우체국.센트럴병원,224000832,신천역.문화의거리,224000299,N,20230612
9246,시흥시,시흥교통,28,224000021,정왕역환승센터,224000837,아쿠아펫랜드,224001135,N,20230612
9247,시흥시,시흥교통,29,224000022,정왕역환승센터,224000837,아쿠아펫랜드,224001135,N,20230612
9248,시흥시,시흥교통,44952,224000027,능곡공영차고지,224000856,이마트,224000567,N,20230612
9249,시흥시,시흥교통,45016,224000028,능곡공영차고지,224000856,부천대학교,210000012,N,20230612
9250,시흥시,시흥교통,530,224000029,능곡공영차고지,224000856,전경련회관,118000076,N,20230612
9251,시흥시,시흥교통,36,224000030,시흥시청후문.종합일자리센터,224000777,성원아파트,224000381,N,20230612
9252,시흥시,시흥교통,7,224000033,시흥푸르지오6차,224000015,정왕역환승센터,224000837,N,20230612
9253,시흥시,시흥교통,36192,224000034,배곧누리초.중흥S클래스,224000652,이마트,224000567,N,20230612
9254,시흥시,시흥교통,36220,224000035,오이도역,224000163,아쿠아펫랜드,224001135,N,20230612
9255,시흥시,시흥교통,11-A,224000036,생명공원,224000950,기계유통단지,224001017,N,20230612
9256,시흥시,시흥교통,11-B,224000037,생명공원,224000950,시흥우체국.센트럴병원,224000832,N,20230612
9257,시흥시,시흥교통,11-C,224000038,오이도역,224000195,오이도차고지,224000743,N,20230612
9258,시흥시,시흥교통,5604,224000040,목감호수품애.중흥S클래스,224000876,석수역(중),208000037,N,20230612
9259,시흥시,시흥교통,37,224000045,포동차고지,224000915,목감지하차도입구,224000171,N,20230612
9260,시흥시,시흥교통,13516,224000046,포동차고지,224000915,물왕삼거리,224000734,N,20230612
9261,시흥시,시흥교통,3300,224000047,능곡공영차고지,224000856,서초역1번출구,121000060,N,20230612
9262,시흥시,시흥교통,3400,224000050,한국공학대학교.시흥터미널,224000861,강남역.역삼세무서,122000184,N,20230612
9263,시흥시,시흥교통,13,224000051,포동차고지,224000915,은행초등학교,224000382,N,20230612
9264,시흥시,시흥교통,5200,224000052,시흥우체국.센트럴병원,224000832,신도림역,116000016,N,20230612
9265,시흥시,시흥교통,16,224000053,LH2단지후문,224001127,인천대공원역,165000395,N,20230612
9266,시흥시,시흥교통,3500,224000054,오이도차고지,224000738,서울대입구역,120000228,N,20230612
9267,시흥시,시흥교통,3201,224000056,삼미시장,224000545,사당역3번출구,121000166,N,20230612
9050,의정부시,평안운수,3,00000000,호반베르디움18단지앞,08542,호반베르디움18단지앞,08542,Y,20230418
9051,의정부시,평안운수,35,00000000,민락엘레트19단지후문,08354,민락엘레트19단지후문,08354,Y,20230418
9052,의정부시,평안운수,36,00000000,상봉암동.소요산,16275,상봉암동.소요산,16275,N,20230418
9053,의정부시,평안운수,39,00000000,연천공영버스터미널,43706,연천공영버스터미널,43706,N,20230418
9054,의정부시,평안운수,5,00000000,홍죽리차고지,53816,홍죽리차고지,53816,N,20230418
9055,의정부시,평안운수,56,00000000,현대힐스테이트아파트,08582,현대힐스테이트아파트,08582,N,20230418
9056,의정부시,평안운수,7,00000000,양주자이7단지,39792,양주자이7단지,39792,Y,20230418
9057,의정부시,평안운수,8,00000000,홍죽리차고지,53816,홍죽리차고지,53816,N,20230418
9058,의정부시,평안운수,G6000,00000000,신동초.신동아파밀리에아파트앞,08171,신동초.신동아파밀리에아파트앞,08171,Y,20230418
9059,의정부시,평안운수,G6000N,00000000,신동초.신동아파밀리에아파트앞,08171,신동초.신동아파밀리에아파트앞,08171,N,20230418
9060,의정부시,평안운수,G6100,00000000,경기도청북부청사,08422,경기도청북부청사,08422,Y,20230418
9061,의정부시,평안운수,G6100N,00000000,경기도청북부청사,08422,경기도청북부청사,08422,N,20230418
9062,의정부시,명진여객,1-1,00000000,낙양동공영차고지,08388,낙양동공영차고지,08388,N,20230418
9063,의정부시,명진여객,1-3,00000000,낙양동공영차고지,08388,낙양동공영차고지,08388,N,20230418
9064,의정부시,명진여객,10-1,00000000,낙양동공영차고지,08388,낙양동공영차고지,08388,N,20230418
9065,의정부시,명진여객,10-2,00000000,민락엘레트19단지후문,08354,민락엘레트19단지후문,08354,N,20230418
9066,의정부시,명진여객,10-3,00000000,민락엘레트19단지후문,08354,민락엘레트19단지후문,08354,N,20230418
9067,의정부시,명진여객,1102,00000000,낙양동공영차고지,08388,낙양동공영차고지,08388,N,20230418
9068,의정부시,명진여객,25-1,00000000,경기도교육청북부청사,08422,경기도교육청북부청사,08422,N,20230418
9069,의정부시,명진여객,25-2,00000000,경기도교육청북부청사,08422,경기도교육청북부청사,08422,N,20230418
9070,의정부시,명진여객,34,00000000,양지마을,08426,양지마을,08426,N,20230418
9071,의정부시,명진여객,360,00000000,금오중학교,08165,금오중학교,08165,N,20230418
9072,의정부시,명진여객,57-1,00000000,홈플러스,08216,홈플러스,08216,N,20230418
9073,의정부시,명진여객,72-1,00000000,낙양동공영차고지,08388,낙양동공영차고지,08388,Y,20230418
9074,의정부시,평안운수,1,00000000,현대힐스테이트아파트,08582,현대힐스테이트아파트,08582,N,20230418
9075,의정부시,평안운수,1-5,00000000,민락교,08472,민락교,08472,N,20230418
9076,의정부시,평안운수,1-7,00000000,민락교,08472,민락교,08472,Y,20230418
9077,의정부시,평안운수,1-8,00000000,민락엘레트19단지후문,08354,민락엘레트19단지후문,08354,N,20230418
9078,의정부시,평안운수,1-9,00000000,민락엘레트19단지후문,08354,민락엘레트19단지후문,08354,N,20230418
9079,의정부시,평안운수,11,00000000,낙양동공영차고지,08388,낙양동공영차고지,08388,N,20230418
9080,의정부시,평안운수,12,00000000,낙양동공영차고지,08388,낙양동공영차고지,08388,N,20230418
9081,의정부시,평안운수,133,00000000,홍죽리차고지,53816,홍죽리차고지,53816,N,20230418
9082,의정부시,평안운수,23,00000000,민락엘레트19단지후문,08354,민락엘레트19단지후문,08354,Y,20230418
9083,광주시,(주)경기고속,10,234000446,이천터미널,230001441,태평터미널,237000813,Y,20230413
9084,광주시,(주)경기고속,119,234000040,오산리종점,228001181,군자역.용마초등학교(중),104000004,Y,20230413
9085,광주시,(주)경기고속,13,234000072,광주터미널,234001178,테크노마트앞.강변역(D),104000069,Y,20230413
9086,광주시,(주)경기고속,17,234000012,광주차고지,234000600,숭신여자중고교.래미안금광아파트,205000068,Y,20230413
9087,광주시,(주)경기고속,720-2,234000026,경기고속차고지,233002341,백현마을8단지,206000626,Y,20230413
9088,광주시,(주)대원고속,12,234000083,이천터미널,230000205,청강문화산업대,230000224,Y,20230413
9089,광주시,(주)대원고속,60,234000316,광주차고지,234000600,수원역.노보텔수원,202000208,Y,20230413
9268,시흥시,시흥교통,3301,224000057,능곡공영차고지,224000856,사당역(중),121001315,N,20230612
9269,시흥시,시흥교통,60,224000058,한라비발디1차,224000998,신세계프리미엄아울렛,224000996,N,20230612
9270,시흥시,시흥교통,70,224000059,배곧누리초.중흥S클래스,224000652,정왕역,224000023,N,20230612
9271,시흥시,시흥교통,27,224000060,삼미시장,224000545,천왕역4번출구,116900276,N,20230612
9272,시흥시,경원여객,6502,224000061,이마트,224000513,사당역3번출구,121000166,N,20230612
9273,시흥시,시흥교통,33,224000062,정왕역환승센터,224000837,아쿠아펫랜드,224001135,N,20230612
9274,시흥시,한국스마트버스협동조합,P9530(출근),233000362,시흥능곡역2번출구,224000540,목감지하차도입구,224000171,N,20230612
9275,시흥시,한국스마트버스협동조합,P9540(출근),233000363,이마트,224000513,판교제2테크노밸리,204000064,N,20230612
9506,안양시,안양-신안운수,9,241248001,신안초등학교.우성아파트,208000332,관악역,208000092,N,20231001
9507,안양시,안양-평촌교통,45047,241250001,양명고.양명여고.대우아파트,208000353,금강펜터리움IT타워,209000257,N,20231001
9508,안양시,안양-학운교통,6,241251001,한가람한양아파트,209000239,한가람한양아파트,209000239,N,20231001
9509,안양시,안양-학운교통,6,241251002,한가람한양아파트,209000294,한가람한양아파트,209000294,N,20231001
9510,안양시,안양-호계운수,45078,241252001,현대.대림아파트,209000026,평촌도서관,209000334,N,20231001
9511,안양시,안양-호계운수,45079,241252002,경인교육대,208000029,금정역,225000269,N,20231001
9512,안양시,안양-호계운수,45080,241252003,벽산아파트1단지정문,117505160,안양예술공원,208000033,N,20231001
9513,안양시,안양-호계운수,45082,241252004,금정역호계푸르지오아파트,209000393,안양농수산물시장,209000191,N,20231001
9514,안양시,안양-대성운수,2,241253001,안양예술공원종점.갈메산기도원입구,208000365,신성중학교.씨엘포레자이아파트,208000375,N,20231001
9515,안양시,안양-호계운수,44958,241253002,안양예술공원종점.갈메산기도원입구,208000365,법원검찰청.평촌역,209000098,N,20231001
9516,안양시,안양-만안교통,45200,241254001,평촌역,209000075,성원상떼빌,208000330,N,20231001
9517,안양시,안양-만안교통,45201,241254002,무궁화진흥아파트,209000284,신성중학교.씨엘포레자이아파트,208000328,N,20231001
9540,구리시,경기여객,78,207000080,갈매역,221000217,강변역(B),104000280,N,20231226
9541,구리시,경기여객,75,221000032,갈매역,221000217,석계역1번출구A,110000183,N,20231226
9542,구리시,경기여객,1680,221000033,갈매역,221000217,잠실광역환승센터,123000611,N,20231226
9543,구리시,경기여객,'75-1',221000034,갈매역,221000217,지하철6호선화랑대역,106000200,N,20231226
9544,구리시,경기여객,G1690,221000035,갈매역,221000217,잠실광역환승센터,123000611,N,20231226
9545,구리시,경기여객,51,222000050,센트럴.한화아파트,222001608,경동시장앞,105000081,N,20231226
9546,구리시,경기여객,95,222000052,다산차고지,222001920,강변역(B),104000280,Y,20231226
9547,구리시,경기여객,96,234000029,다산차고지,222001920,강변역(B),104000280,N,20231226
9548,구리시,경기여객,1115-6,234000031,농수산물시장,221000264,잠실광역환승센터,123000611,N,20231226
9549,구리시,경기여객,15,234000035,연대농장입구.도곡리종점,222000267,강변역(A),104000183,N,20231226
9550,구리시,경기여객,1650,234000050,구리수택차고지,221000046,안양역,208000069,N,20231226
9551,구리시,경기여객,92,234000058,내촌차고지,236001328,강변역(B),104000280,Y,20231226
9552,구리시,구리-경기여객,7,241241001,구종점,221000041,구리역.롯데백화점,221000303,N,20231226
9553,구리시,구리-경기여객,'7-1',241339005,수택고등학교정문,221000310,구리역.롯데백화점,221000303,N,20231226
9554,구리시,구리-구일교통,6,241338001,한진그랑빌아파트후문,221000321,환경관리사업소.구리시곤충생태관,221000048,Y,20231226
9555,구리시,구리-구일교통,'6-1',241338002,한진그랑빌아파트후문,221000321,신명.동양아파트.목양교회,221000276,Y,20231226
9556,구리시,구리-구일교통,'6-2',241338003,딸기원서문,221000061,구리역.롯데백화점,221000303,N,20231226
9557,구리시,구리-미래교통,2,241339001,LG원앙.한성아파트,221000102,갈매역,221000154,Y,20231226
9558,구리시,구리-미래교통,'2-2',241339004,구리역.롯데백화점,221000304,삼육대앞,110000055,N,20231226
9559,구리시,구리-행복운수,3,241340008,국군구리병원,221000052,구리여중고.수택초교,221000329,N,20231226
9560,구리시,구리-행복운수,5,241340001,아름마을삼성아파트,221000282,돌섬마을,221000312,N,20231226
9561,구리시,구리-행복운수,8,241340005,개나리아파트,221000281,삼성.e편한세상아파트,221000076,N,20231226
9562,구리시,경기여객,93,222000026,대성리,239000682,강변역(A),104000183,Y,20231226
9591,이천시,이천시내버스,230,230000181,이천터미널,230001441,대흥2리,230000411,Y,20240305
9592,이천시,이천시내버스,220,230000180,이천버스공영차고지,230000344,부발역,230001150,Y,20240305
9593,연천군,연천교통,31,43214,전곡시외버스터미널,43201,전곡시외버스터미널,43200,N,20240306
9594,연천군,연천교통,33,16087,연천역,43258,연천역,43259,N,20240306
9595,연천군,연천교통,33-1,16087,연천역,43258,연천역,43259,N,20240306
9596,연천군,연천교통,35,43511,연천역,43258,연천역,43259,N,20240306
9597,연천군,연천교통,35-1,43557,연천역,43259,연천역,43258,N,20240306
9598,연천군,연천교통,35-2,43497,연천역,43259,연천역,43258,N,20240306
9599,연천군,연천교통,37-1,43360,연천역,43259,연천역,43258,N,20240306
9600,연천군,연천교통,37-2,43258,연천역,43258,연천역,43259,N,20240306
9601,연천군,연천교통,37-3,43390,연천역,43258,연천역,43259,N,20240306
9602,연천군,연천교통,38-1,43557,전곡시외버스터미널,43201,전곡시외버스터미널,43200,N,20240306
9603,연천군,연천교통,38-3,43327,전곡시외버스터미널,43201,전곡시외버스터미널,43200,N,20240306
9604,연천군,연천교통,38-5,43652,전곡시외버스터미널,43201,전곡시외버스터미널,43200,N,20240306
9352,양평군,(주)금강고속,9-30,240000145,문호리종점,240000035,정배리종점,240000303,Y,20230921
9353,양평군,(주)금강고속,9-6,240000045,명달리,240000542,양평터미널,240000072,N,20230921
9354,양평군,(주)금강고속,9-7,240000086,문호리종점,240000035,양평터미널,240000072,Y,20230921
9355,양평군,(주)금강고속,9-8,240000093,양평터미널,240000072,문호리종점,240000035,N,20230921
9356,양평군,(주)비티에스,G9311,240000174,용문터미널,240001309,잠실광역환승센터,123000611,N,20230921
9357,양평군,(주)금강고속,1,240000075,양평터미널,240000072,여주터미널,237000980,Y,20230921
9358,양평군,(주)금강고속,1-1,240000070,양평터미널,240000072,여주터미널,237000980,Y,20230921
9359,양평군,(주)금강고속,1-10,240000113,여주종합터미널입구,237001458,양평터미널,240000072,Y,20230921
9360,양평군,(주)금강고속,1-11,240000115,여주종합터미널입구,237001458,양평터미널,240000072,Y,20230921
9361,양평군,(주)금강고속,1-12,240000116,여주종합터미널입구,237001458,양평터미널,240000072,N,20230921
9362,양평군,(주)금강고속,1-13,240000117,여주종합터미널입구,237001458,양평터미널,240000072,Y,20230921
9363,양평군,(주)금강고속,1-14,240000203,여주종합터미널입구,237001458,양평터미널,240000072,Y,20230921
9364,양평군,(주)금강고속,1-18,240000133,대신터미널,237000169,도롱리종점,237000023,N,20230921
9365,양평군,(주)금강고속,1-19,240000134,대신터미널,237000169,양촌리종점,237000006,N,20230921
9366,양평군,(주)금강고속,1-2,240000064,양평터미널,240000072,여주터미널,237000980,Y,20230921
9367,양평군,(주)금강고속,1-23,240000148,양평터미널,240000072,대신터미널,237000169,Y,20230921
9368,양평군,(주)금강고속,1-3,240000073,양평터미널,240000072,여주터미널,237000980,Y,20230921
9369,양평군,(주)금강고속,1-30,240000126,여주종합터미널입구,237001458,양평터미널,240000072,N,20230921
9370,양평군,(주)금강고속,1-31,240000127,양평터미널,240000072,여주터미널,237000980,N,20230921
9371,양평군,(주)금강고속,1-32,240000208,양평터미널,240000072,여주터미널,237000980,N,20230921
9372,양평군,(주)금강고속,1-33,240000131,양평터미널,240000072,여주터미널,237000980,N,20230921
9373,양평군,(주)금강고속,1-4,240000003,양평터미널,240000072,도곡3리,240000122,Y,20230921
9374,양평군,(주)금강고속,1-41,240000128,여주종합터미널입구,237001458,양평터미널,240000072,N,20230921
9375,양평군,(주)금강고속,1-42,240000130,여주종합터미널입구,237001458,양평터미널,240000072,N,20230921
9376,양평군,(주)금강고속,1-43,240000132,여주터미널,237000980,양평터미널,240000072,N,20230921
9377,양평군,(주)금강고속,1-44,240000207,여주종합터미널입구,237001458,양평터미널,240000072,N,20230921
9378,양평군,(주)금강고속,1-45,240000206,여주종합터미널입구,237001458,양평터미널,240000072,N,20230921
9379,양평군,(주)금강고속,1-5,240000002,양평터미널,240000072,도곡3리,240000122,Y,20230921
9380,양평군,(주)금강고속,1-53,240000149,양평터미널,240000072,대신터미널,237000169,N,20230921
9381,양평군,(주)금강고속,1-6,240000114,대신터미널,237000169,양평터미널,240000072,Y,20230921
9382,양평군,(주)금강고속,1-63,240000150,대신터미널,237000169,양평터미널,240000072,N,20230921
9383,양평군,(주)금강고속,1-7,240000004,양평터미널,240000072,백안3리마을회관(새숙골),240000127,N,20230921
9384,양평군,(주)금강고속,1-8,240000068,대신터미널,237000169,도롱리종점,237000023,Y,20230921
9385,양평군,(주)금강고속,1-9,240000069,대신터미널,237000169,양촌리종점,237000006,Y,20230921
9386,양평군,(주)금강고속,10,240000037,용두리터미널,240000341,가현리.윗벗고개.종점,240000437,N,20230921
9387,양평군,(주)금강고속,10-1,240000038,용두리터미널,240000341,신론리.새터종점,240000462,N,20230921
9388,양평군,(주)금강고속,10-2,240000039,용두리터미널,240000341,갈운2리종점,240000939,N,20230921
9389,양평군,(주)금강고속,10-7,240000175,양평터미널,240000072,백안3리마을회관(새숙골),240000127,Y,20230921
9390,양평군,(주)금강고속,11,240000125,양평터미널,240000072,여주터미널,237000980,N,20230921
9391,양평군,(주)금강고속,11-1,240000205,양평터미널,240000072,여주터미널,237000980,N,20230921
9392,양평군,(주)금강고속,2-1,240000033,양평터미널,240000072,양동역,240001601,Y,20230921
9393,양평군,(주)금강고속,2-10,240000029,양평터미널,240000072,용두리터미널,240000341,N,20230921
9394,양평군,(주)금강고속,2-11,240000009,양평터미널,240000072,석산1리.돌고개,240001164,N,20230921
9395,양평군,(주)금강고속,2-12,240000122,양평터미널,240000072,용두리터미널,240000341,N,20230921
9396,양평군,(주)금강고속,2-13,240000185,양평터미널,240000072,용문터미널,240001309,N,20230921
9397,양평군,(주)금강고속,2-2,240000014,양평터미널,240000072,명성리,240000182,N,20230921
9398,양평군,(주)금강고속,2-3,240000015,양평터미널,240000072,석산1리.돌고개,240001164,Y,20230921
9399,양평군,(주)금강고속,2-4,240000118,용두리터미널,240000341,용문터미널,240001309,N,20230921
9400,양평군,(주)금강고속,2-5,240000011,양평터미널,240000072,석산리종점,240000183,N,20230921
9401,양평군,(주)금강고속,2-6,240000071,양평터미널,240000072,수곡2리.마을회관,240000809,N,20230921
9402,양평군,(주)금강고속,2-8,240000026,양평터미널,240000072,용두리터미널,240000341,Y,20230921
9403,양평군,(주)금강고속,2-9,240000012,양평터미널,240000072,명성리,240000182,Y,20230921
9404,양평군,(주)금강고속,2000-1,240000007,양평터미널,240000072,강변역A,104000183,N,20230921
9405,양평군,(주)금강고속,2000-2,240000008,양평터미널,240000072,잠실역,123000044,N,20230921
9406,양평군,(주)금강고속,22-1,240000154,양동역,240001061,용문터미널,240001309,N,20230921
9407,양평군,(주)금강고속,22-10,240000191,용문터미널,240001309,일신3리,240000944,N,20230921
9408,양평군,(주)금강고속,22-2,240000155,양동역,240001061,단석3리회관,240000942,N,20230921
9409,양평군,(주)금강고속,22-3,240000156,양동역,240001061,계정1리.작두터골,240001134,N,20230921
9410,양평군,(주)금강고속,22-4,240000157,용문터미널,240001309,용두리터미널,240000341,N,20230921
9411,양평군,(주)금강고속,22-5,240000158,양평터미널,240000072,계정1리.작두터골,240001134,N,20230921
9412,양평군,(주)금강고속,22-6,240000183,양동역,240001061,양평터미널,240000072,N,20230921
9413,양평군,(주)금강고속,22-7,240000181,양동역,240001061,하늘숲,240000332,N,20230921
9414,양평군,(주)금강고속,22-8,240000182,양동역,240001061,승훈교,240001000,N,20230921
9415,양평군,(주)금강고속,22-9,240000187,용문터미널,240001309,일신3리,240000944,N,20230921
9416,양평군,(주)금강고속,3,240000120,양평터미널,240000072,양수리두물머리,240000019,Y,20230921
9417,양평군,(주)금강고속,3-1,240000192,양평터미널,240000072,국수리.양평전자과학고등학교,240000013,Y,20230921
9418,양평군,(주)금강고속,3-2,240000020,양평터미널,240000072,문호리종점,240000035,N,20230921
9419,양평군,(주)금강고속,3-20,240000140,양평터미널,240000072,문호리종점,240000035,Y,20230921
9420,양평군,(주)금강고속,3-22,240000135,양평터미널,240000072,문호리종점,240000035,N,20230921
9421,양평군,(주)금강고속,3-5,240000028,양평터미널,240000072,고현리종점,240000333,N,20230921
9422,양평군,(주)금강고속,30,240000146,양평터미널,240000072,교통병원입구,240000079,Y,20230921
9423,양평군,(주)금강고속,30-1,240000184,양평터미널,240000072,쉬자파크,240001050,Y,20230921
9424,양평군,(주)금강고속,30-5,240000176,양평터미널,240000072,증동3리.고현리종점,240000333,N,20230921
9425,양평군,(주)금강고속,33-1,240000195,문호리종점,240000035,마석역,222000010,N,20230921
9426,양평군,(주)금강고속,33-2,240000196,용문터미널,240001309,용문산,240000628,N,20230921
9427,양평군,(주)금강고속,33-3,240000197,양평터미널,240000072,용문터미널,240001309,N,20230921
9428,양평군,(주)금강고속,33-4,240000199,문호리종점,240000035,호평고등학교.동원아파트,222000166,N,20230921
9429,양평군,(주)금강고속,33-5,240000200,문호리종점,240000035,호평고등학교.동원아파트,222000166,Y,20230921
9430,양평군,(주)금강고속,33-6,240000201,양평터미널,240000072,문호리종점,240000035,N,20230921
9431,양평군,(주)금강고속,4-10,240000059,양평터미널,240000072,항금리.문화마을,240000421,N,20230921
9432,양평군,(주)금강고속,4-11,240000095,양평터미널,240000072,항금리.문화마을,240000421,N,20230921
9433,양평군,(주)금강고속,4-2,240000051,양평터미널,240000072,이포리,237001158,N,20230921
9434,양평군,(주)금강고속,4-4,240000053,양평터미널,240000072,신화2리.신당곡길,240000700,N,20230921
9435,양평군,(주)금강고속,4-5,240000121,양평터미널,240000072,수청1리,234000018,N,20230921
9436,양평군,(주)금강고속,4-6,240000060,양평터미널,240000072,송학3리종점,240000756,Y,20230921
9437,양평군,(주)금강고속,4-7,240000056,양평터미널,240000072,성덕3리.큰골,240000736,Y,20230921
9438,양평군,(주)금강고속,4-8,240000058,양평터미널,240000072,항금리.문화마을,240000421,N,20230921
9439,양평군,(주)금강고속,4-9,240000057,양평터미널,240000072,항금리.문화마을,240000421,Y,20230921
9440,양평군,(주)금강고속,40-1,240000173,양평터미널,240000072,전북리종점,237000770,N,20230921
9441,양평군,(주)금강고속,40-2,240000212,양평터미널,240000072,회현2리가소마을,240000781,Y,20230921
9442,양평군,(주)금강고속,40-3,240000213,양평역,240001302,회현2리가소마을,240000781,Y,20230921
9443,양평군,(주)금강고속,40-4,240000214,양평역,240001302,회현2리가소마을,240000781,Y,20230921
9444,양평군,(주)금강고속,40-5,240000211,양평터미널,240000072,송학3리종점,240000756,Y,20230921
9445,양평군,(주)금강고속,40-6,240000177,양평터미널,240000072,송학3리종점,240000756,Y,20230921
9446,양평군,(주)금강고속,40-7,240000209,양평역,240001302,송학3리종점,240000756,Y,20230921
9447,양평군,(주)금강고속,40-8,240000210,양평역,240001302,양평역,240001302,Y,20230921
9448,양평군,(주)금강고속,40-9,240000170,양평터미널,240000072,항금리.문화마을,240000421,N,20230921
9449,양평군,(주)금강고속,5,240000096,양평터미널,240000072,계림1리토물,237000018,Y,20230921
9450,양평군,(주)금강고속,5-1,240000077,양평터미널,240000072,개군,240000672,Y,20230921
9451,양평군,(주)금강고속,5-10,240000204,양평터미널,240000072,대신터미널,237000169,Y,20230921
9452,양평군,(주)금강고속,5-11,240000136,양평터미널,240000072,대신터미널,237000169,N,20230921
9453,양평군,(주)금강고속,5-2,240000062,양평터미널,240000072,개군터미널,240000671,Y,20230921
9454,양평군,(주)금강고속,5-3,240000078,양평터미널,240000072,곡수삼거리,237001183,Y,20230921
9455,양평군,(주)금강고속,5-4,240000063,양평터미널,240000072,내리마을회관종점,240000791,N,20230921
9456,양평군,(주)금강고속,5-5,240000067,양평터미널,240000072,곡수삼거리,237001183,Y,20230921
9457,양평군,(주)금강고속,5-55,240000137,양평터미널,240000072,곡수삼거리,237001183,N,20230921
9458,양평군,(주)금강고속,22,240000089,용문터미널,240001309,양동역,240001601,N,20230921
9605,연천군,연천교통,38-6,43368,전곡시외버스터미널,43201,전곡시외버스터미널,43200,N,20240306
9606,연천군,연천교통,38-7,43353,전곡시외버스터미널,43201,전곡시외버스터미널,43200,N,20240306
9607,연천군,연천교통,38-9,43295,전곡시외버스터미널,43201,전곡시외버스터미널,43200,N,20240306
9608,연천군,연천교통,39-2,16087,고대산입구,43574,고대산입구,43659,N,20240306
9609,연천군,연천교통,39-8,43403,전곡시외버스터미널,43201,전곡시외버스터미널,43200,N,20240306
9610,연천군,연천교통,67-1,43390,전곡시외버스터미널,43201,전곡시외버스터미널,43200,N,20240306
9611,연천군,연천교통,67-2,43259,전곡시외버스터미널,43201,전곡시외버스터미널,43200,N,20240306
9612,연천군,연천교통,37-3,43390,연천역,43258,연천역,43259,N,20240306
9613,연천군,연천교통,68,16136,백의리,43389,백의리,43390,N,20240306
9614,연천군,연천교통,68-1,16136,열두개울휴게소,41002,열두개울휴게소,41001,N,20240306
9615,연천군,연천교통,70,43722,연천역,43258,연천역,43259,N,20240306
9616,연천군,연천교통,70-1,43066,연천역,43258,연천역,43259,N,20240306
9617,연천군,연천교통,70-2,43026,연천역,43258,연천역,43259,N,20240306
9618,연천군,연천교통,G2001,10339,신탄리역,43396,신탄리역,43395,N,20240306
9619,파주시,신성교통㈜,900,229000022,통일동산전망대,229000761,현대백화점,219000625,Y,20240304
9620,파주시,신성교통㈜,150,229000041,장터고개.맥금동영업소,229000746,김포공항국내선(10번홈),115000562,Y,20240304
9621,파주시,신성교통㈜,38,229000062,맥금동,229000746,의정부 버스터미널,207000200,Y,20240304
9622,파주시,신성교통㈜,56,229000087,교하차고지,229001697,김포공항국제선(2번홈),115000562,Y,20240304
9623,파주시,신성교통㈜,90,229000038,장터고개.맥금동영업소,229000746,백석역6번출구,219000015,Y,20240304
9624,파주시,신성교통㈜,70,229000034,교하차고지,229001697,해태쇼핑.중산사거리,219000323,Y,20240304
9625,파주시,신성교통㈜,567,229000039,장터고개.맥금동영업소,229000746,한전서대문은평.북한산푸르지오(중),111000936,Y,20240304
9626,파주시,신성교통㈜,600,229000067,대등앞,229001478,백석역6번출구,219000192,Y,20240304
9627,파주시,신성교통㈜,70-1,229000276,교하차고지,229001697,대화역,219000366,Y,20240304
9628,파주시,신성교통㈜,80,229000020,교하차고지,229001697,백석역(중),219000368,Y,20240304
9629,파주시,신일여객,10,229000101,갈곡리,229001019,대화역,219000627,Y,20240304
9630,파주시,신일여객,12,229000003,갈곡리,229001019,문산,229000334,Y,20240304
9631,파주시,신일여객,30,229000010,적성,229001443,불광역,111000165,Y,20240304
9632,파주시,신일여객,92,229000042,적성,229001443,강선마을(중),219000190,Y,20240304
9633,안산시,경원여객,707-1,216000070,신안산대학교,217000283,수원역.노보텔수원,202000208,N,20240305
9634,안산시,경원여객,3,216000073,푸르지오6차후문,216000222,안산초교,216000702,N,20240305
9635,안산시,경원여객,7,216000074,양상동종점,216000333,상록구청.상록수보건소,216000331,N,20240305
9636,안산시,경원여객,50,216000075,안산해솔초등학교,216000358,KTX광명역1번출구,213000487,N,20240305
9637,안산시,경원여객,34,216000076,안산운전면허시험장,217000720,월곶동주민센터.월곶포구,224000126,N,20240305
9638,안산시,경원여객,6,216000077,화정동.종점,217000687,중앙역1번출구,217000140,N,20240305
9639,안산시,경원여객,2,216000078,경원여객,217000188,안산역(도로변),217000626,N,20240305
9640,안산시,태화상운,737,216000079,전곡항,233001912,방아머리,217000536,N,20240305
9641,안산시,써클라인,80A,216000081,안산해솔초등학교,216000358,안산갈대습지,216000387,N,20240305
9642,안산시,써클라인,80B,216000082,안산해솔초등학교,216000358,안산갈대습지,216000387,N,20240305
9643,안산시,경원여객,8,216000083,안골마을,216000247,삼천리마을앞,216000322,N,20240305
9644,안산시,경원여객,90,216000084,삼천리마을앞,216000321,상록수역3번출구건너편,216000138,N,20240305
9645,안산시,경원여객,16,216000085,상록수역3번출구건너편,216000138,별솔공원,233000237,N,20240305
9646,안산시,써클라인,70A,216000086,선부역1번출구.근로복지관,217000735,선부역1번출구.근로복지관,217000735,N,20240305
9647,안산시,써클라인,70B,216000087,선부역3번출구,217000734,선부역3번출구,217000734,N,20240305
9570,군포시,보영운수,3030,208000027,군포보건소,225000010,신사역8번출구.가로수길,122000008,N,20240223
9571,군포시,군포여객,100,225000004,초막골공원,225000422,의왕역2번출구,226000080,Y,20240223
9572,군포시,군포여객,100-1,225000005,납덕골,225000289,의왕역2번출구,226000080,Y,20240223
9573,군포시,산본여객,31,225000006,부곡버스공영차고지,225000194,산본2동행정복지센터,225000071,Y,20240223
9574,군포시,산본여객,30,225000009,군포복합화물터미널,225000257,금정역,225000115,Y,20240223
9575,군포시,산본여객,32,225000010,군포복합화물터미널,225000257,당정역,225000234,Y,20240223
9576,군포시,경기고속,6501,234001163,부곡공영차고지(경유),277102715,강남역우리은행,121000974,N,20240223
9577,군포시,군포-오성교통,5,241381001,당정역,225000313,한라2차아파트입구,225000140,Y,20240223
9578,군포시,군포-오성교통,10,241381002,대원칸타빌,225000316,당정역,225000312,N,20240223
9579,군포시,군포-오성교통,11,241381003,한우물근린공원,225000456,군포초등학교,225000042,N,20240223
9580,군포시,군포-군포운수,9,241382001,기점대기(경유),277102530,금정역,225000007,N,20240223
9581,군포시,군포-군포운수,1,241382002,5단지가야아파트,225000403,금정역,225000011,Y,20240223
9582,군포시,군포-군포운수,6,241382003,현대아이파크,225000306,금정역,225000007,Y,20240223
9583,군포시,군포-군포운수,6-1,241382004,둔터.반월호수,225000292,군포시청.산본역,225000089,N,20240223
9584,군포시,군포-군포운수,7,241382005,대야미역,225000188,군포시청.산본역,225000116,Y,20240223
9585,군포시,군포-군포운수,1-2,241382006,대야미역,225000198,군포부곡도서관,225000231,N,20240223
9586,군포시,군포-군포운수,1-1,241382008,군포보건소,225000192,군포공영차고지,225000181,N,20240223
9587,군포시,군포-사랑교통,3,241383001,당정역,225000234,금정역,225000007,Y,20240223
9588,군포시,군포-사랑교통,3-1,241383002,당정역,225000234,금강아파트,225000084,Y,20240223
9589,군포시,군포-행복운수,2,241384001,계룡.한양아파트,225000390,금정역3번출구,225000195,Y,20240223
9590,군포시,군포-행복운수,12,241384002,삼성마을5단지아파트입구,225000419,당정역,225000419,Y,20240223
9648,안산시,경원여객,09월 01일,216000088,선부동차고지,217000066,중앙역1번출구,217000140,N,20240305
9649,안산시,경원여객,51,216000090,부곡동산림욕장,216000327,부곡제2종합시장,216000043,N,20240305
9650,안산시,태화상운,123-1,216000091,세영리첼,233001910,탄도,217000576,N,20240305
9651,안산시,써클라인,60A,216000092,중앙역2번출구,217000264,중앙역2번출구,217000264,N,20240305
9652,안산시,써클라인,60B,216000093,중앙역2번출구,217000264,중앙역2번출구,217000264,N,20240305
9653,안산시,경원여객,511A,216000094,경원여객,217000188,달미역,217000794,N,20240305
9654,안산시,경원여객,511B,216000095,경원여객,217000188,달미역,217000794,N,20240305
9655,안산시,경원여객,7070,216000001,경인합섬앞,217000293,수원역.노보텔수원,202000208,N,20240305
9656,안산시,태화상운,66,216000002,반월역앞,216000150,안산역(도로변),217000301,N,20240305
9657,안산시,경원여객,71,216000003,경인합섬앞,217000293,근로복지공단안산병원,216000260,N,20240305
9658,안산시,경원여객,22,216000004,자원재생공사,224000501,삼천리마을앞,216000322,N,20240305
9659,안산시,써클라인,125,216000006,홈플러스,224000620,본오1동행정복지센터,216000097,N,20240305
9660,안산시,태화상운,123,216000007,세영리첼,233001910,탄도,217000576,N,20240305
9661,안산시,태화상운,727-1,216000009,말부흥종점,217000529,말부흥종점,217000666,N,20240305
9662,안산시,경원여객,Jan-99,216000010,본오동종점,216000053,새솔동행정복지센터,233000239,Y,20240305
9663,안산시,경원여객,55,216000011,본오동종점,216000053,오이도차고지,224000743,Y,20240305
9664,안산시,경원여객,62,216000016,본오동종점,216000053,한라비발디1차,224001001,Y,20240305
9665,안산시,경원여객,07월 31일,216000019,한라2차아파트입구,225000140,부천역차고지,211000232,Y,20240305
9666,안산시,경원여객,38,216000020,부천역차고지,211000139,매화지하차도,224001116,Y,20240305
9667,안산시,경원여객,301,216000021,본오아파트앞,216000031,여의도환승센터(1번승강장),118000513,N,20240305
9668,안산시,경원여객,80c,216000023,본오아파트앞,216000031,상록수역3번출구건너편,216000138,N,20240305
9669,안산시,경원여객,3100,216000026,신안산대학교,217000283,강남역우리은행,121000974,N,20240305
9670,안산시,경원여객,501A,216000030,경원여객,217000188,경원여객종점,217000156,N,20240305
9671,안산시,태화상운,727,216000031,메추리섬입구,217000751,남사리,217000609,N,20240305
9672,안산시,경원여객,Jan-71,216000035,경인합섬앞,217000293,근로복지공단안산병원,216000260,N,20240305
9673,안산시,경원여객,10,216000037,중앙역1번출구,217000140,별솔공원,233000237,N,20240305
9674,안산시,경원여객,5,216000041,경원여객,217000188,안산역,217000219,N,20240305
9675,안산시,경원여객,3101,216000043,신안산대학교,217000283,강남역우리은행,121000974,N,20240305
9676,안산시,경원여객,5609,216000046,그랑시티자이214동앞,216000386,여의도환승센터(2번승강장),118000007,N,20240305
9518,구리시,경기여객,78,207000080,갈매역,221000217,강변역(B),104000280,N,20231221
9519,구리시,경기여객,75,221000032,갈매역,221000217,석계역1번출구A,110000183,N,20231221
9520,구리시,경기여객,1680,221000033,갈매역,221000217,잠실광역환승센터,123000611,N,20231221
9521,구리시,경기여객,'75-1',221000034,갈매역,221000217,지하철6호선화랑대역,106000200,N,20231221
9522,구리시,경기여객,G1690,221000035,갈매역,221000217,잠실광역환승센터,123000611,N,20231221
9523,구리시,경기여객,93,222000026,대성리,239000682,강변역(A),104000183,N,20231221
9524,구리시,경기여객,51,222000050,센트럴.한화아파트,222001608,경동시장앞,105000081,N,20231221
9525,구리시,경기여객,95,222000052,다산차고지,222001920,강변역(B),104000280,Y,20231221
9526,구리시,경기여객,96,234000029,다산차고지,222001920,강변역(B),104000280,N,20231221
9527,구리시,경기여객,1115-6,234000031,농수산물시장,221000264,잠실광역환승센터,123000611,N,20231221
9528,구리시,경기여객,15,234000035,연대농장입구.도곡리종점,222000267,강변역(A),104000183,N,20231221
9529,구리시,경기여객,1650,234000050,구리수택차고지,221000046,안양역,208000069,N,20231221
9530,구리시,경기여객,92,234000058,광릉내,222001122,강변역(B),104000280,Y,20231221
9531,구리시,구리-경기여객,7,241241001,구종점,221000041,구리역.롯데백화점,221000303,N,20231221
9532,구리시,구리-구일교통,6,241338001,한진그랑빌아파트후문,221000321,구리타워,221000290,Y,20231221
9533,구리시,구리-구일교통,'6-1',241338002,한진그랑빌아파트후문,221000321,신명.동양아파트.목양교회,221000276,Y,20231221
9534,구리시,구리-구일교통,'6-2',241338003,딸기원서문,221000061,구리역.롯데백화점,221000303,N,20231221
9535,구리시,구리-미래교통,2,241339001,LG원앙.한성아파트,221000102,갈매역,221000154,N,20231221
9536,구리시,구리-미래교통,'2-2',241339004,구리역.롯데백화점,221000304,삼육대앞,110000055,N,20231221
9537,구리시,구리-미래교통,'7-1',241339005,수택고등학교정문,221000310,구리역.롯데백화점,221000303,N,20231221
9538,구리시,구리-행복운수,5,241340001,아름마을삼성아파트,221000282,돌섬마을,221000312,N,20231221
9539,구리시,구리-행복운수,8,241340005,개나리아파트,221000281,토평도서관.e편한세상아파트,221000040,N,20231221
9563,광주시,(주)경기고속,10,234000446,이천터미널,230001441,태평터미널,237000813,Y,20240122
9564,광주시,(주)경기고속,119,234000040,오산리종점,228001181,군자역.용마초등학교(중),104000004,Y,20240122
9565,광주시,(주)경기고속,13,234000072,광주터미널,234001178,테크노마트앞.강변역(D),104000069,Y,20240122
9566,광주시,(주)경기고속,17,234000012,광주차고지,234000600,숭신여자중고교.래미안금광아파트,205000068,Y,20240122
9567,광주시,(주)경기고속,720-2,234000026,경기고속차고지,233002341,백현마을8단지,206000626,Y,20240122
9568,광주시,(주)대원고속,12,234000083,이천터미널,230000205,청강문화산업대,230000224,Y,20240122
9569,광주시,(주)대원고속,60,234000316,광주차고지,234000600,수원역.노보텔수원,202000208,Y,20240122
9677,안산시,경원여객,04월 01일,216000049,본오아파트종점,216000672,한대앞역2번출구,216000722,N,20240305
9678,안산시,경원여객,08월 01일,216000051,현대아파트,216000676,삼천리마을,216000675,N,20240305
9679,안산시,경원여객,500,216000054,고잔역1번출구,217000466,경원여객종점,217000156,N,20240305
9680,안산시,경원여객,501B,216000055,경원여객,217000188,경원여객종점,217000156,N,20240305
9681,안산시,경원여객,300,216000060,중앙역1번출구,217000140,대부해양본부,217000616,N,20240305
9682,안산시,경원여객,9,216000066,선부동차고지,217000066,중앙역1번출구,217000140,N,20240305
9683,안산시,경원여객,20,216000067,경원여객,217000188,시흥시청후문.종합일자리센터,224000778,N,20240305
9684,안산시,경원여객,10월 01일,216000068,상록수역앞,216000145,푸르지오6차후문,216000020,N,20240305
9685,안산시,경원여객,3100N,216000096,신안산대학교,217000283,강남역우리은행,121000974,N,20240305
9686,안산시,써클라인,N60A,216000097,중앙역2번출구,217000264,중앙역2번출구,217000264,N,20240305
9687,안산시,써클라인,N60B,216000098,중앙역2번출구,217000264,중앙역2번출구,217000264,N,20240305
9688,안산시,써클라인,N70A,216000099,선부역1번출구.근로복지관,217000735,선부역1번출구.근로복지관,217000735,N,20240305
9689,안산시,써클라인,N70B,216000100,선부역3번출구,217000734,선부역3번출구,217000734,N,20240305
9690,안산시,써클라인,N80A,216000101,안산해솔초등학교,216000358,안산갈대습지,216000387,N,20240305
9691,안산시,써클라인,N80B,216000102,안산해솔초등학교,216000358,안산갈대습지,216000387,N,20240305
9692,안산시,경원여객,101,217000002,경원여객,217000188,사리운동장,216000319,Y,20240305
9693,안산시,경원여객,52,217000003,경원여객,217000188,본오아파트앞,216000031,Y,20240305
9694,안산시,경원여객,77,217000004,선부동차고지,217000066,부곡중학교,216000044,Y,20240305
9695,안산시,경원여객,511,217000005,경원여객,217000188,달미역,217000794,N,20240305
9696,안산시,경원여객,61,217000006,화진금속공업,217000367,부천터미널소풍,210000160,N,20240305
9459,안양시,보영운수,44972,208000002,창박골,208000027,롯데케미칼,226000036,N,20231001
9460,안양시,보영운수,45232,208000004,군포공영차고지,225000180,갯마을앞(중),119000289,Y,20231001
9461,안양시,보영운수,45235,208000005,군포공영차고지,225000180,갯마을앞(중),119000289,N,20231001
9462,안양시,보영운수,45233,208000006,창박골,208000027,잠실종합운동장,123000065,Y,20231001
9463,안양시,삼영운수,1,208000007,평촌차고지,209000076,구로디지털단지역(중),120000674,N,20231001
9464,안양시,삼영운수,3,208000008,평촌차고지,209000076,광명성애병원,213000124,Y,20231001
9465,안양시,삼영운수,81,208000009,목감호수품애.중흥S클래스,224000876,안양사거리.청원놀이터,208000197,N,20231001
9466,안양시,삼영운수,45139,208000010,차고지입구,208000236,인덕원센트럴자이아파트사거리,226000016,Y,20231001
9467,안양시,삼영운수,45140,208000011,석수동버스공영차고지(경유),277102421,고천.의왕시청,226000042,N,20231001
9468,안양시,삼영운수,88,208000012,차고지입구,208000236,한라2차아파트입구,225000140,Y,20231001
9469,안양시,삼영운수,6,208000013,차고지입구,208000236,벌말초교.한일나래,226000133,Y,20231001
9470,안양시,삼영운수,20,208000014,송부동행정복지센터.금강4단지,225000430,구로디지털단지역,120000146,N,20231001
9471,안양시,삼영운수,45048,208000015,월암공영차고지(경유),277102717,석수역,208000255,N,20231001
9472,안양시,삼영운수,5,208000016,월암공영차고지(경유),277102717,문래힐스테이트,118000353,N,20231001
9473,안양시,삼영운수,51,208000017,평촌차고지,209000076,구로디지털단지역(중),120000674,Y,20231001
9474,안양시,삼영운수,60,208000018,군포보건소,225000191,해오름공원.동편마을4단지후문,209000254,N,20231001
9475,안양시,삼영운수,9,208000019,차고지입구,208000236,사당역(중),121001315,Y,20231001
9476,안양시,삼영운수,45172,208000020,차고지입구,208000236,사당역4번출구,120000059,Y,20231001
9477,안양시,삼영운수,44928,208000021,석수동버스공영차고지(경유),277102421,한국철도기술연구원후문,226000184,Y,20231001
9478,안양시,삼영운수,44927,208000024,월암공영차고지(경유),277102717,사당역(중),121001315,N,20231001
9479,안양시,보영운수,10,208000025,창박골,208000027,의왕보건소.노인복지관.청소년수련관,226000090,Y,20231001
9480,안양시,보영운수,917,208000026,군포공영차고지,225000180,잠실종합운동장,123000065,N,20231001
9481,안양시,삼영운수,8,208000028,석수동버스공영차고지(경유),277102421,민들레베스파트.우성고,226000031,Y,20231001
9482,안양시,보영운수,22,208000029,금강1단지,225000425,덕장초교,226000171,N,20231001
9483,안양시,삼영운수,52,208000030,창박골,208000027,의왕보건소.노인복지관.청소년수련관,226000090,N,20231001
9484,안양시,보영운수,87,208000032,백운사입구,226000318,금정역,225000007,N,20231001
9485,안양시,보영운수,15,208000001,창박골,208000027,수리동성당,225000239,N,20231001
9486,안양시,보영운수,44941,208000033,효성아파트.종점,208000264,시외버스터미널.교보생명,208000158,N,20231001
9487,안양시,삼영운수,18994,208000035,금강1단지,225000425,부안중학교,209000233,N,20231001
9488,안양시,삼영운수,44931,208000036,월암공영차고지(경유),277102717,원터마을,226000199,N,20231001
9489,안양시,보영운수,83,208000038,숲속마을3.5단지,226000206,석수역,208000255,N,20231001
9490,안양시,삼영운수,21916,208000039,월암공영차고지(경유),277102717,동편마을2단지,209000252,N,20231001
9491,안양시,삼영운수,80,208000041,숲속마을3.5단지,226000206,석수하우스토리아파트,208000258,N,20231001
9492,안양시,삼영운수,M5333,208000063,평촌차고지(경유),277103100,잠실역1번.11번출구,123000045,N,20231001
9493,안양시,보영운수,55,208000065,금강1단지,225000425,금정역3번출구,225000195,N,20231001
9494,안양시,삼영운수,33,208000067,숲속마을3.5단지,226000206,롯데프리미엄아울렛타임빌라스,226000252,N,20231001
9495,안양시,화영운수,M5556,208000068,석수3동행정복지센터.코오롱하늘채아파트,208000108,사당역3번출구,121000166,N,20231001
9496,안양시,안양-편안운수,5,241245001,평촌차고지,209000076,관양고등학교,209000281,N,20231001
9497,안양시,안양-편안운수,1,241245002,박달과학화예비군훈련장,208508330,안양역,208000069,N,20231001
9498,안양시,안양-편안운수,45051,241245003,자유공원,209000183,관양고등학교,209000388,N,20231001
9499,안양시,안양-편안운수,45049,241245004,명학역,208000321,무궁화코오롱.건영아파트,209000087,N,20231001
9500,안양시,안양-편안운수,8,241245005,현대.대림아파트,209000026,동편마을2단지,209000252,N,20231001
9501,안양시,안양-편안운수,1,241245006,박달과학화예비군훈련장,208508330,석수역,208000255,N,20231001
9502,안양시,안양-편안운수,70,241245007,명학역,208000321,주공뜨란체아파트,208000347,N,20231001
9503,안양시,안양-동안운수,7,241247001,차고지(경유),277104354,힐스테이트비산파크뷰.비산사회복지관,209000346,N,20231001
9504,안양시,안양-동안운수,3,241247002,더포레스트힐.힐스테이트비산파크뷰.비산사회복지관,209000345,안양역후문,208000350,N,20231001
9505,안양시,안양-동안운수,44986,241247003,더포레스트힐.힐스테이트비산파크뷰.비산사회복지관,209000345,안양역,208000069,N,20231001
9744,수원시,수원여객,83-1,200000023,곡반정동차고지,201000143,수원여고.농천교회,202000220,Y,20240305
9745,수원시,수원여객,92-1,200000029,동탄차고지,233001222,성균관대역.고용노동부경기지청.율전성당,200000285,Y,20240305
9746,수원시,수원여객,98,200000085,이목동차고지.이목동입구,200000165,한화꿈에그린,233001703,Y,20240305
9747,고양시,고양-고양도시관리공사,N001,241210001,월드고양로주택단지,219000543,백석역2번출구,219000572,N,20240229
9748,고양시,고양-고양도시관리공사,N002,241210002,동문3차아파트,219000813,대화역,219000366,Y,20240229
9749,고양시,고양-고양도시관리공사,N004,241210004,고봉동행정복지센터,219000077,일산시장,219001143,N,20240229
9750,고양시,고양-고양도시관리공사,N005,241210005,필리핀참전비,218000826,필리핀참전비,218000825,N,20240229
9751,고양시,고양-고양도시관리공사,N007,241210007,대화역,219000193,장월,219000799,N,20240229
9752,고양시,고양-관산운수,025,241293001,삼송역8번출구,218001200,종점,218000803,Y,20240229
9753,고양시,고양-관산운수,026,241293002,법률대학원,218000393,삼송역8번출구,218001200,N,20240229
9754,고양시,고양-관산운수,036,241293003,더퍼스트프라임,218000703,오미산주유소,219000101,N,20240229
9755,고양시,고양-관산운수,037,241293004,삼송역8번출구,218001200,그린씨티동문아파트,229000472,Y,20240229
9756,고양시,고양-관산운수,059,241293006,마을회관,219000293,대화역,219000366,N,20240229
9757,고양시,고양-관산운수,088,241293007,내유동커뮤니티센터,218001347,삼송역8번출구,218001200,N,20240229
9758,고양시,고양교통,97,218000006,김포대학차고지(경유),277102333,행신역,218000463,N,20240229
9759,고양시,고양교통,1001,218000007,고양공영차고지,219000644,부천소방서.부천대학사거리,210000011,N,20240229
9760,고양시,고양교통,88A,218000018,고양공영차고지(경유),277101631,백석역.고양종합터미널,219000446,Y,20240229
9761,고양시,고양교통,88B,218000019,고양공영차고지(경유),277101631,백석역6번출구,219000015,Y,20240229
9762,고양시,고양교통,96,232000003,문봉동차고지(경유),277102500,강화산성서문,169000080,Y,20240229
9763,고양시,고양교통,95,232000004,문봉동차고지(경유),277102500,이케아.롯데아울렛고양점,218001326,Y,20240229
9764,고양시,고양-대덕운수,080,241327001,위시티1단지후문.양일초교,219001031,빛마루.이비에스,219001075,Y,20240229
9765,고양시,고양-대덕운수,082,241327002,풍동고.다솜초교.풍동도서관,219001040,원마운트,219000998,Y,20240229
9766,고양시,고양-대덕운수,081,241327003,식사동차고지(경유),277102390,풍산역,219001069,Y,20240229
9767,고양시,고양-대덕운수,089,241327005,더샵그라비스타.이마트킨텍스점,219000913,하이마트사거리,218001044,Y,20240229
9768,고양시,고양-대림교통,065,241298003,서정마을2단지,218001072,화정역3호선,218000409,Y,20240229
9769,고양시,고양-대화교통,057,241299002,가좌마을.킴스.벽산A516동,219000565,일산동구청(중),219000356,Y,20240229
9770,고양시,고양-대화교통,062,241299003,더샵그라비스타.이마트킨텍스점,219000913,송포초교,219000434,N,20240229
9771,고양시,고양-대화교통,056,241299005,홈모텔,219000874,백신초교,219000165,Y,20240229
9772,고양시,고양-동일운수,018,241304002,우일시장,218000902,원당역,218001083,N,20240229
9773,고양시,고양-동일운수,012,241304005,관산주공아파트,218001049,원당역,218001083,N,20240229
9774,고양시,고양-동일운수,016,241304006,세기마을입구,218000891,화정역3호선,218001046,N,20240229
9775,고양시,고양-동일운수,013,241304707,원당역,218001083,원신4통,218000886,N,20240229
9776,고양시,고양-명보교통,072,241325001,능곡역.능곡시장,218000193,산황동입구,219001083,N,20240229
9777,고양시,고양-명보교통,071,241325002,회차(경유),277104417,가좌동.구종점,219000435,N,20240229
9778,고양시,고양-명보교통,074,241325004,하이파크시티1단지.고양시립덕이도서관,219000671,주엽역(중),219000189,N,20240229
9779,고양시,고양-명보교통,079,241325005,회차(경유),277104417,두신마을마을회관,219001115,N,20240229
9780,고양시,고양-백마운수,038,241295703,둥지마을.베송쥬쥬,219001082,화정역3호선,218001046,Y,20240229
9781,고양시,고양-백마운수,050,241295704,필리핀참전비,218000826,일산동구청(중),219000356,Y,20240229
9782,고양시,고양-백마운수,010,241295707,약산마을,219000303,빛마루.이비에스,219001075,Y,20240229
9783,고양시,고양-백마운수,039,241295708,위시티1단지후문.양일초교,219001031,현대백화점,219000625,Y,20240229
9784,고양시,고양-백마운수,087,241486001,설문동,219000827,밤가시마을,219000112,Y,20240229
9785,고양시,고양-보람운수,032,241312001,화정역3호선,218000974,샘터마을2단지,218000088,N,20240229
9786,고양시,고양-보람운수,035,241312008,행신역,218000463,원당역,218000282,N,20240229
9787,고양시,고양-보람운수,030,241312013,강고산,218001026,화정역3번출구,218001359,N,20240229
9788,고양시,고양-보람운수,022A,241312014,마을회관,218001003,화전역앞(중),218000136,N,20240229
9789,고양시,고양-보람운수,023,241312015,서정마을6.9단지,218001201,화정역3호선,218000974,N,20240229
9790,고양시,고양-보람운수,024A,241312016,행신역,218000463,원흥역8번출구.방송통신대앞,218000698,Y,20240229
9791,고양시,고양-보람운수,024B,241312017,행신역,218000463,원흥역8번출구.방송통신대앞,218000698,Y,20240229
9792,고양시,고양-보람운수,022B,241312018,덕은LH1단지.DMC한강숲중흥S클래스,218000600,DMC해링턴플레이스,218001361,Y,20240229
9793,고양시,가온누리엠,M7731,218000105,하이파크시티3.5단지,219000667,공덕역1번출구,113000089,N,20240229
9794,고양시,고양-보람운수,054,241312019,덕은LH1단지.DMC한강숲중흥S클래스,218000600,디지털미디어시티역2번출구,113000202,Y,20240229
9795,고양시,고양-보람운수,064,241312020,마을회관,218001003,디지털미디어시티역,111000220,N,20240229
9796,고양시,고양-보은교통,021,241314001,화정역3호선,218000974,행신역,218000463,Y,20240229
9797,고양시,고양-보은교통,020,241314002,화정역3호선,218000974,영흥빌라,218001006,Y,20240229
9798,고양시,고양-보은교통,031,241333001,화정역3번출구,218001359,화정역3호선,218000974,Y,20240229
9799,고양시,고양-부광운수,070,241326001,청원네이쳐빌,219000817,마두역(중),219000383,N,20240229
9800,고양시,고양-부광운수,078,241326003,기점대기(경유),277103897,백석역6번출구,219000015,Y,20240229
9801,고양시,고양-부광운수,034,241334001,사리현동문아파트,219000991,일산역,219000064,N,20240229
9802,고양시,고양-성우교통,097,241331001,식사동,219001081,원당역,218001083,Y,20240229
9803,고양시,고양-성우교통,098,241331002,동국대병원정문,219000583,원당역,218001083,N,20240229
9804,고양시,고양-성우교통,099,241331003,위시티1단지후문.양일초교,219001031,원당역,218001083,N,20240229
9805,고양시,고양-신일산교통,066,241309001,차고지,219000829,냉천초등학교,219000539,Y,20240229
9806,고양시,고양-신일산운수,068,241309702,청궁오리집,219000814,일산동구청.퀸타운호텔,219000956,N,20240229
9807,고양시,고양-신일산운수,069,241309703,SK주유소,219000960,능곡역,218000520,N,20240229
9808,고양시,고양-신일산운수,090,241310001,차고지,219000829,하늘마을3단지,219000597,Y,20240229
9809,고양시,고양-신일산운수,091,241310002,기점대기(경유),277103897,일산에듀포레푸르지오후문,219001147,N,20240229
9810,고양시,고양-신일산운수,092,241310003,일산에듀포레푸르지오후문,219001147,탄현역2번출구,219000772,N,20240229
9811,고양시,고양-신일산운수,095,241310004,고양종합운동장.일산서구청,219000450,강선마을(중),219000192,N,20240229
9812,고양시,고양-신일산운수,091A,241310005,기점대기(경유),277103897,GIFC타워,219001175,N,20240229
9813,고양시,고양-신일산운수,091B,241310006,강선마을13단지,219000531,일산에듀포레푸르지오종점,219000545,N,20240229
9814,고양시,고양-여산교통,053,241328002,푸른마을10단지,218001226,삼송역6번출구,218000627,Y,20240229
9815,고양시,고양-여산교통,052,241328003,푸른마을10단지,218001226,지축LH8단지,218000389,Y,20240229
9816,고양시,고양-여산교통,055,241328004,삼성군인아파트,218000499,푸른마을10단지11동앞,218001212,Y,20240229
9817,고양시,고양-여산교통,033,241328006,중부대학교,218001189,송강마을,218000227,Y,20240229
9818,고양시,고양-여산교통,051A,241328007,푸른마을동익아파트,218000533,애덕의집.봉덕사,218000624,N,20240229
9819,고양시,고양-여산교통,051B,241328008,고양초등학교.소방서,218000953,부대앞,218001246,N,20240229
9820,고양시,고양-자안운수,011,241308701,나루터,218000033,화정역3호선,218001046,Y,20240229
9821,고양시,고양-주원교통,077A,241306001,차량대기(경유),277104609,원흥역4번출구,218001265,Y,20240229
9822,고양시,고양-주원교통,077B,241306002,삼송역6번출구,218000627,사기막골,218000251,Y,20240229
9823,고양시,고양-주원교통,093,241306703,신원마을1.2단지,218001210,스타필드후문,218001104,Y,20240229
9824,고양시,고양-주원교통,094,241306704,삼송역6번출구,218000627,오금동종점,218001164,Y,20240229
9825,고양시,고양-하나교통,017A,241227002,백마역,219000044,원당역,218001083,N,20240229
9826,고양시,고양-하나교통,019,241227003,원당역,218001083,우인아파트,218000948,N,20240229
9827,고양시,고양-한진교통,060,241294002,소만마을1.2.3단지,218001032,화정역3호선,218000409,Y,20240229
9828,고양시,고양-홍성,040,241352001,신원초교.현대8단지,218001097,삼송리슈빌센트럴파크.삼송16단지,218000664,N,20240229
9829,고양시,고양-홍성,043(원당역),241352002,원흥역7번출구,218001052,리스쇼핑.원당시장,218000116,N,20240229
9830,고양시,고양-홍성,042,241352003,호반22단지정문,218001185,호반22단지정문,218001185,N,20240229
9831,고양시,고양-홍성,043,241352004,원흥역7번출구,218001052,원흥역7번출구,218001052,N,20240229
9832,고양시,고양-홍성,048,241352006,신원초교.현대8단지,218001097,호반21단지.동산초등학교,218001099,Y,20240229
9833,고양시,고양-홍성,075A,241352007,고양중학교,218000639,디지털미디어시티역,111000220,Y,20240229
9834,고양시,고양-홍성,047,241352008,신원마을7단지,218000175,원흥역1번출구.방송통신대,218000697,Y,20240229
9835,고양시,고양-홍성,075B,241352009,세원마을입구,218000151,디지털미디어시티역,111000220,N,20240229
9836,고양시,고양-홍성,046,241352010,이케아.롯데아울렛고양점,218001325,동산마을체육공원,218000329,Y,20240229
9837,고양시,고양-홍성,041B,241352011,삼송동일스위트2차아파트,218001333,삼송역5번출구,218000284,N,20240229
9985,평택시,일력운수,평택똑버스01,214000260,율포초등학교,214000105,율포초등학교,214002043,N,20240307
9986,평택시,평택버스,6800,228000411,안중공용터미널,214001479,창현고교.아주대학교.유신고교,202000039,N,20240307
9987,평택시,평택버스,6802,214000273,삼성전자(중),214001440,야탑역.종합버스터미널(전면),206000157,N,20240307
9988,평택시,평택여객,1177,214000248,죽백동차고지,214002076,평택지제역,214002018,N,20240307
9989,평택시,평택여객,1199,214000194,죽백동차고지,277101657,평택지제역,214002018,N,20240307
9990,평택시,평택여객,1451,214000264,평택터미널,214000640,서정리역(중),214000640,N,20240307
9991,평택시,평택여객,1456,214000272,평택지제역,214000622,서정리역(중),214000604,N,20240307
9992,평택시,평택여객,1731,214000156,죽백동차고지,214001328,부영1차후문,214001037,N,20240307
9993,평택시,평택여객,300,214000177,오성면사무소앞,214000197,오성면사무소,214000197,N,20240307
9994,평택시,평택여객,300-1,214000178,오성면사무소앞,214000197,숙성4리,214000197,N,20240307
9995,평택시,평택여객,302,214000171,평택항.국제여객터미널,214001314,서정리역,214000473,N,20240307
9996,평택시,평택여객,310-1,214000179,안중공용터미널,214001479,죽백동차고지,214001329,N,20240307
9997,평택시,평택여객,310-2,214000161,안중오거리,214001321,청북중학교,214000450,N,20240307
9998,평택시,평택여객,313,214000169,안중오거리,214001321,청북읍사무소.신포,214000449,N,20240307
9999,평택시,평택여객,315,214000251,안중오거리,214001321,고잔마트,214002103,N,20240307
10000,평택시,평택여객,320,214000180,안중공용터미널,214001479,죽백동차고지,214001329,N,20240307
10001,평택시,평택여객,320-1,214000159,죽백동차고지,214001328,양교6리,214000041,N,20240307
10002,평택시,평택여객,6396,214000079,안중공용터미널,214001479,K55정문,214000308,N,20240307
10003,평택시,평택여객,80,214000052,죽백동차고지,214001328,평택항.국제여객터미널,214001354,N,20240307
10004,평택시,평택여객,80-1,214000193,안중공용터미널,214001479,죽백동차고지,214001329,N,20240307
10005,평택시,평택여객,8000,214000255,안중출장소,214001479,평택역.AKPLAZA(제1승강장),214000596,N,20240307
10006,평택시,평택여객,81-1,214000055,성공회앞,214001380,모아아파트,214001203,N,20240307
10007,평택시,평택여객,810,214000160,죽백동차고지,214001328,평택항.국제여객터미널,214001314,N,20240307
10008,평택시,평택여객,82-1,214000054,안중초교앞,214000131,평택호관광단지,214000859,Y,20240307
10009,평택시,평택여객,82-2,214000170,안중초교앞,214000131,평택호관광단지,214000859,Y,20240307
10010,평택시,평택여객,82-3,214000069,안중초교앞,214000131,장수리입구,214001177,Y,20240307
10011,평택시,평택여객,83,214000056,성공회앞,214001380,원정8리,214001233,Y,20240307
10012,평택시,평택여객,83-1,214000058,성공회앞,214001380,원정8리,214001233,Y,20240307
10013,평택시,평택여객,83-2,214000183,성공회앞,214001380,원정8리,214001233,Y,20240307
10014,평택시,평택여객,83-3,214000184,성공회앞,214001380,원정8리,214001233,Y,20240307
10015,평택시,평택여객,84,214000060,안중초교앞,214000131,광덕종점,214000927,N,20240307
10016,안성시,백성운수,37,41018001,구)터미널,33134,여주터미널,52100,Y,20240313
10017,안성시,백성운수,5-5,41018170,대우아파트,33101,금화아파트,34202,Y,20240313
10018,안성시,백성운수,10-2,41018140,안성터미널,34663,신계리,34052,Y,20240313
10019,안성시,백성운수,10-6,41018146,인지사거리,33161,미양면사무소,34124,Y,20240313
10020,안성시,백성운수,1-4,41018117,하나로마트,33133,구)공도정류장(안성방면),33023,Y,20240313
10021,안성시,백성운수,1-9,41018148,하나로마트,33133,양성터미널,34082,Y,20240313
10022,안성시,백성운수,100-3,41018169,인삼농협앞,33145,서운면사무소,34236,Y,20240313
10023,안성시,백성운수,1-6,41018118,하나로마트,33133,양성터미널,34082,Y,20240313
10024,안성시,백성운수,50-2,41018106,안성터미널,34663,고삼사동,33229,Y,20240313
10025,안성시,백성운수,380,41018182,안성터미널,34676,구)터미널,33134,Y,20240313
10026,안성시,백성운수,370,41018029,일죽터미널,34516,평택터미널,15719,Y,20240313
10027,안성시,백성운수,7-8,41018175,임광그대가아파트,33749,임광그대가아파트,33749,Y,20240313
10028,안성시,백성운수,3,41018018,일죽터미널,34516,삼성,83010,Y,20240313
10029,안성시,백성운수,8-2,41018192,안성터미널,34663,법전리,34110,Y,20240313
10030,안성시,백성운수,10-7,41018183,안성터미널,34663,개리촌,33788,Y,20240313
10031,안성시,백성운수,100,41018013,인삼농협앞,33145,인삼농협앞,33145,Y,20240313
10032,안성시,백성운수,100-1,41018143,인삼농협앞,33145,발화동,33199,Y,20240313
10033,안성시,백성운수,70,41018004,안성터미널,34663,평택터미널,15719,Y,20240313
10034,부천시,소신여객,75,210000038,고강공영차고지,212000379,KTX광명역2번출구,213000145,Y,20240307
10035,부천시,소신여객,700,210000039,부개역.상동차고지,210000634,63빌딩.가톨릭대학교여의도성모병원,118000058,N,20240307
10036,부천시,부일교통,57,210000040,소사공영차고지,211000219,온수남부역,116000459,Y,20240307
10037,부천시,청우운수,58,210000041,덕산중고교.덕산초교,212000085,은행단지,212000318,N,20240307
10038,부천시,청우운수,59,210000042,부천터미널소풍,210000561,화곡역,115000604,Y,20240307
10039,부천시,청우운수,60,210000043,부천옥길전기차충전소,211000298,부천테크노파크4단지401동앞,210000392,Y,20240307
10040,부천시,소신여객,45079,210000046,전진아파트,211000045,부천터미널소풍,210000160,N,20240307
10041,부천시,부일교통,Jan-56,210000049,고강공영차고지,212000379,천왕역3번출구,116900242,Y,20240307
10042,부천시,부일교통,Jan-57,210000052,부천남부생태공원,211000197,호반베르디움.자이,211000140,Y,20240307
10043,부천시,청우운수,Jan-60,210000057,고강공영차고지,212000379,소사어울마당.소사푸르지오,211000235,Y,20240307
10044,부천시,소신여객,23,210000060,고강공영차고지,212000379,송내역A,210000568,Y,20240307
10045,부천시,성일운수,66,210000061,상동회차지,210000467,용못내공원.옥길동종점,211000299,Y,20240307
10046,부천시,성광운수,20,210000062,고강공영차고지,212000379,송내역남부,211000049,N,20240307
10047,부천시,성광운수,27,210000063,부천터미널소풍,210000160,송내역B,210000569,Y,20240307
10048,부천시,성광운수,19,210000064,대장공영차고지,212000232,브리즈힐.센트리뷰,211000276,Y,20240307
10049,부천시,청우운수,Jan-59,210000069,아인스월드,210000548,화곡역,115000604,Y,20240307
10050,부천시,청우운수,Jan-58,210000072,은행단지,212000318,까치울역4번출구.까치울전원마을3.4단지,212000064,N,20240307
10051,부천시,소신여객,25,210000073,소사공영차고지,211000219,깊은구지사거리,211000056,Y,20240307
10052,부천시,성광운수,98,210000075,오정동행정복지센터.오정어울마당,212000371,목운초등학교.목운중학교,114000061,Y,20240307
10053,부천시,청우운수,77,210000093,고강공영차고지,212000379,부천종합운동장역,212000001,Y,20240307
10054,부천시,청우운수,58-A,210000098,덕산중고교.덕산초교,212000085,은행단지,212000318,N,20240307
10055,부천시,청우운수,58-B,210000099,대장공영차고지,212000232,부천종합운동장역5번출구,212000048,N,20240307
10056,부천시,부일교통,Feb-56,210000103,주공2중흥S클래스.소안초등학교,211000153,천왕역4번출구,116900276,N,20240307
10057,부천시,성일운수,33,210000105,상동회차지,210000467,대림아파트,210000487,N,20240307
10058,부천시,청우운수,Feb-58,210000106,오정어울마당,212000317,신중동역3번출구.롯데백화점,210000164,N,20240307
10059,부천시,소신여객,G8808,210000108,부천터미널소풍,210000160,동안경찰서.범계역,209000094,N,20240307
10060,부천시,성광운수,99,210000109,부천옥길전기차충전소,211000298,브리즈힐.센트리뷰,211000276,Y,20240307
10061,부천시,부천버스,88,212000001,대장공영차고지,212000232,여의도환승센터(4번승강장),118000512,Y,20240307
10062,부천시,부천버스,83,212000002,대장공영차고지,212000232,여의도환승센터(1번승강장),118000513,Y,20240307
10063,부천시,부천버스,10,212000003,용못내공원,211000301,여의도환승센터(1번승강장),118000513,Y,20240307
10064,부천시,성광운수,95,212000005,대장공영차고지,212000232,소사종합시장,211000015,N,20240307
10065,부천시,소신여객,16,212000006,대장공영차고지,212000232,송내역B,210000569,Y,20240307
10066,부천시,부천-부흥운수,15,241261001,부흥운수종점,224000980,부천소방서.부천대학사거리,210000011,N,20240307
10067,부천시,부천-서경운수,13,241262001,역곡역북부(마을),210000587,역곡역북부(마을),210000587,N,20240307
10068,부천시,부천-서경운수,013-1,241262002,수궁동양지연립,116506850,경기국제통상고.포도마을뉴서울.중앙공원,210000044,N,20240307
10069,부천시,부천-서경운수,013-2,241262003,수궁동양지연립,116506850,소명여고사거리,210000140,N,20240307
10070,부천시,부천-서경운수,013-3,241262004,역곡역북부(마을),210000587,장미공원앞,210000581,N,20240307
10071,부천시,부천-서경운수,013-4,241262006,중동역(마을),210000224,장미공원앞,210000581,N,20240307
10072,부천시,부천-원종여객,17,241263002,군부대정문,212000427,역곡역북부,210000298,N,20240307
10073,부천시,부천-원종여객,017-1,241263003,휴먼시아1단지후문,212000394,역곡역북부,210000298,N,20240307
10074,부천시,부천-은혜교통,51,241281001,역곡역북부,210000484,현대아파트,210000426,N,20240307
10075,부천시,부천-은혜교통,18629,241281002,역곡역북부,210000484,현대아파트,210000426,N,20240307
10076,부천시,부천-은혜교통,18660,241281003,역곡역북부,210000484,역곡역.역곡남부시장,211000130,N,20240307
10077,부천시,부천-기린운수,21,241341001,기린운수종점,211000284,제이드카운티2단지.헤일라움,211000275,N,20240307
10078,과천시,㈜과천여객,6,220000012,과천시청,220000054,양재역,서울22270,Y,20240307
10079,과천시,㈜과천여객,7,220000024,(임시)광창차고지,220000086,푸르지오라비엔오.르센토데시앙,220000084,Y,20240307
10080,과천시,㈜과천여객,8,220000022,(임시)광창차고지,220000086,(임시)광창차고지,220000133,N,20240307
10081,과천시,㈜과천여객,8-1,220000023,(임시)광창차고지,220000086,(임시)광창차고지,220000133,N,20240307
10082,남양주시,대원운수,112-1,222000045,연대농장입구.도곡리종점,222000267,테크노마트앞.강변역(D),104000069,Y,20231231
9901,평택시,평택여객,84-1,214000062,안중초교앞,214000131,광덕(종점),214000910,N,20240307
9902,평택시,평택여객,84-2,214000061,안중초교앞,214000131,광덕종점,214000927,N,20240307
9903,평택시,평택여객,84-3,214000059,안중초교앞,214000131,광덕(종점),214000910,N,20240307
9904,평택시,평택여객,84-4,214000115,안중초교앞,214000131,광덕(종점),214000910,N,20240307
9905,평택시,평택여객,84-5,214000153,안중초교앞,214000131,광덕(종점),214000910,N,20240307
9906,평택시,평택여객,85,214000067,성공회앞,214001380,홍원4지구(종점),214000986,N,20240307
9907,평택시,평택여객,85-1,214000072,성공회앞,214001380,홍원1지구(종점),214000986,N,20240307
9908,평택시,평택여객,86,214000070,성공회앞,214001380,신영2리,214000050,N,20240307
9909,평택시,평택여객,87,214000078,안중버스터미널(시외버스),214002010,덕우리,214001033,N,20240307
9910,평택시,평택여객,87-3,214000155,성공회앞,214001380,한내들퍼스트뷰,214001654,N,20240307
9911,평택시,평택여객,870,214000187,안중오거리,214001321,한내들퍼스트뷰,214001654,Y,20240307
9912,평택시,평택여객,89,214000091,안중공용터미널,214001479,당거사거리,214000149,N,20240307
9913,평택시,평택여객,91,214000081,죽백동차고지,214001328,창내4리,214000156,N,20240307
9914,평택시,평택여객,92-1,214000173,성공회앞,214001380,서부두제1정문,214002059,N,20240307
9915,평택시,평택여객,93,214000080,안중공용터미널,214001479,대원아파트,214000406,Y,20240307
9916,평택시,평택여객,98,214000053,죽백동차고지,214001328,해군2함대정문,214001373,N,20240307
9917,평택시,평택여객,98-1,214000192,늘푸른아파트.현화초교,214000117,죽백동차고지,214001329,N,20240307
9918,평택시,평택여객,99,214000148,안중초교앞,214000131,기산리마을회관,214001176,Y,20240307
9919,평택시,평택운수,1000,214000244,기남방송,214001320,평택지제역,214002018,N,20240307
9920,평택시,평택운수,1108,214000021,기남방송,214001320,금노마을,231000076,Y,20240307
9921,평택시,평택운수,1155,214000262,기남방송,214001320,평택지제역,214001327,N,20240307
9922,평택시,평택운수,1183,214000254,죽백초교앞,214001548,평택역.AKPLAZA,214000628,N,20240307
9923,평택시,평택운수,1215,214000005,기남방송,214001320,노양리낚시터,214000362,N,20240307
9924,평택시,평택운수,1220,214000018,e편한세상평택용이.평택남산교회앞,214001302,K6정문.캠프험프리,214000800,Y,20240307
9925,평택시,평택운수,1361,214000245,기남방송,214001320,한경국립대학교,214001836,Y,20240307
9926,평택시,평택운수,1371,214000019,기남방송,214001320,송탄동주민센터,214001498,Y,20240307
9927,평택시,평택운수,1372,214000020,기남방송,214001320,신촌지구,214000057,Y,20240307
9928,평택시,평택운수,순환111A,214000256,평택역.AKPLAZA,214000628,평택터미널,214000641,Y,20240307
9929,평택시,평택운수,순환122A,214000267,기남방송,214001320,대추리평화마을,214001327,Y,20240307
9930,평택시,평택운수,순환122B,214000269,기남방송,214001320,대추리평화마을,214001327,Y,20240307
9931,평택시,평택운수,순환123A,214000263,기남방송,214001320,대사1리,214001327,Y,20240307
9932,평택시,평택운수,순환123B,214000270,기남방송,214001320,대사1리,214001327,Y,20240307
9933,평택시,평택운수,순환311,214000258,신촌지구,214000059,신촌지구,214002018,Y,20240307
9934,평택시,협진여객,1150,214000022,지제역차고지,214002019,봉산로터리,231001360,N,20240307
9935,평택시,협진여객,1154,214000271,원중복,231001258,평택역.AKPLAZA,231001258,N,20240307
9936,평택시,협진여객,1220,214000018,e편한세상평택용이.평택남산교회앞,214001302,K6정문.캠프험프리,214000800,Y,20240307
9937,평택시,협진여객,1311,214000014,용이동차고지,214001302,미도아파트,214000298,N,20240307
9938,평택시,협진여객,1353,214000268,용이동차고지,214001302,칠괴동우림아파트,214001302,N,20240307
9939,평택시,협진여객,1409,214000039,평택역.AKPLAZA,231001258,서정리역(중),214000034,N,20240307
9940,평택시,협진여객,1452,214000259,평택지제역,214002018,서정리역(중),214000793,N,20240307
9941,평택시,협진여객,1502,214000001,용이동차고지,214001302,오산대학,223000132,N,20240307
9942,평택시,협진여객,1522,214000006,용이동차고지,214001302,오산터미널,223000132,N,20240307
9943,평택시,협진여객,순환111B,214000257,평택터미널,214000640,평택역.AKPLAZA,214000596,N,20240307
9944,평택시,협진여객,순환121,214000043,용이동차고지,214001302,내리회관,214000422,N,20240307
9945,평택시,뉴진위여객,13A,214000216,가곡1리,214001885,송탄시장,214001886,N,20240307
9946,평택시,뉴진위여객,13B,214000217,가곡1리,214001885,송탄시장,214001886,N,20240307
9947,평택시,뉴진위여객,22,214000218,서정리시장,241000613,서정리시장,241000613,N,20240307
9948,평택시,뉴진위여객,23,214000242,서정리시장,241000613,서정리시장,241000613,N,20240307
9949,평택시,뉴진위여객,6,214000212,가곡1리,214001884,[폐지]오산역.오산터미널,223000539,N,20240307
9950,평택시,뉴진위여객,6-1,214000213,동천1리종점,214001942,[폐지]오산역.오산터미널,223000539,N,20240307
9951,평택시,뉴진위여객,66-2,214000221,서정리시장,214000613,청북읍사무소,214000442,N,20240307
9838,고양시,고양-홍성,075A(향동),241352012,DMC두산위브더퍼스트,218000356,디지털미디어시티역,111000220,N,20240229
9839,고양시,고양-화정교통,027,241313001,화정역4번출구,218001149,2단지관리사무실앞,218000743,Y,20240229
9840,고양시,고양-화정교통,028,241313002,화정역4번출구,218001149,달빛마을1단지분수대앞,218000742,Y,20240229
9841,고양시,고양-화정교통,029A,241313003,명지병원,218000992,화정역3호선,218001046,N,20240229
9842,고양시,고양-화정교통,029B,241313004,원당역,218000095,능곡역,218000520,Y,20240229
9843,고양시,고양-화정교통,015,241313005,성사중학교,218001253,신원당600단지,218000858,N,20240229
9844,고양시,대덕운수DRT,고양똑버스01,218000127,위시티1단지후문.양일초교,219001031,대곡역(중),218000202,Y,20240229
9845,고양시,대덕운수DRT,고양똑버스01출,218000131,위시티1단지후문.양일초교,219001031,대곡역(중),218000202,Y,20240229
9846,고양시,대덕운수DRT,고양똑버스01퇴,218000132,위시티1단지후문.양일초교,219001031,위시티2단지후문,219001030,Y,20240229
9847,고양시,대원고속/명성,9700,219000026,킨텍스제2전시장(경유),277103703,양재역.서초문화예술회관(중),121000003,N,20240229
9848,고양시,명성,1500,218000010,교하차고지,229001251,CM충무병원,118000524,N,20240229
9849,고양시,명성,1100,218000011,고양공영차고지,219000644,숭례문,101000022,N,20240229
9850,고양시,명성,M7129,218000020,능곡역.능곡시장,218000193,숭례문,101000022,N,20240229
9851,고양시,명성,999,218000111,고양종합운동장.일산서구청,219000450,신원중학교,218001296,N,20240229
9852,고양시,명성,M7646,218000112,송포초교,219000434,영등포소방서.타임스퀘어,118000511,N,20240229
9853,고양시,명성,75,218000125,대화동,219000412,현대백화점,112000176,Y,20240229
9854,고양시,명성,67,218000130,교하차고지,229001251,화정역3호선,218000974,Y,20240229
9855,고양시,명성,11,219000001,성석동,219000339,행신역,218000463,Y,20240229
9856,고양시,명성,82,219000005,명성운수종점,218001350,신촌오거리.현대백화점(중),113000416,N,20240229
9857,고양시,명성,1082,219000006,명성운수종점,218001350,CM충무병원,118000524,N,20240229
9858,고양시,명성,1000,219000013,대화동,219000412,숭례문,101000022,Y,20240229
9859,고양시,명성,921,219000015,탄현동종점,219000188,공덕역1번출구,113000089,N,20240229
9860,고양시,명성,1200,219000016,탄현동종점,219000188,숭례문,101000022,N,20240229
9861,고양시,명성,3300,219000025,대화동,219000412,인천공항3층출국장(T2),161000611,N,20240229
9862,고양시,명성,830,229000017,고양공영차고지,219000644,영등포소방서.타임스퀘어,118000511,N,20240229
9863,고양시,명성,66,229000018,교하차고지,229001251,모래내시장.가좌역(중),112000006,Y,20240229
9864,고양시,서울여객,85,218000001,고양동종점,218000494,송정역,115000295,N,20240229
9865,고양시,서울여객,730,218000116,730번기점대기(경유),277104610,디지털미디어시티역2번출구,113000202,Y,20240229
9866,고양시,서울여객,55,219000008,고양공영차고지,219000644,양광교회,111000165,N,20240229
9867,고양시,서울여객,790,229000060,고양동종점,218000494,숭례문,101000022,Y,20240229
9868,고양시,서울여객,850,229000063,고양동종점,218000494,행신역,218000463,Y,20240229
9869,고양시,서울여객,799,229000071,서울여객금촌차고지,229001097,광화문.광화문빌딩,100000034,Y,20240229
9870,고양시,선진버스,60,218000107,동국로삼거리,219000736,일산역,219000064,N,20240229
9871,고양시,코엑스운수DRT,고양똑버스02,218000128,일산역,219000061,고봉동행정복지센터,219000077,N,20240229
9872,수원시,용남고속,13-5,200000090,동탄차고지,233001222,당수동인정.한라.쌍용아파트,201000240,Y,20240305
9873,수원시,용남고속,19,200000266,수원시동부차고지,203000360,서부공영차고지,201000446,Y,20240305
9874,수원시,용남고속,2-1,200000097,수원남부버스공영차고지,201000472,당수지구상업부지(예정),201000261,Y,20240305
9875,수원시,용남고속,3002,200000145,수원남부버스공영차고지,201000472,강남역나라빌딩앞,121000921,N,20240305
9876,수원시,용남고속,3002예약,200000289,수원시청역9번출구.국민연금공단,202000020,삼성서초역삼세무서,122000742,N,20240305
9877,수원시,용남고속,3007,200000110,수원버스터미널,201000212,강남역나라빌딩앞,121000921,N,20240305
9878,수원시,용남고속,3007예약,200000290,수원아이파크시티.선일초교,201000118,삼성서초역삼세무서,122000742,N,20240305
9879,수원시,용남고속,3008,200000274,수원아이파크시티.선일초교,201000118,강남역나라빌딩앞,121000921,N,20240305
9880,수원시,용남고속,34,233000011,수원시동부차고지,203000360,협성대학교정문,233001998,N,20240305
9881,수원시,용남고속,34-1,233000012,수원시동부차고지,203000360,협성대학교정문,233001998,Y,20240305
9882,수원시,용남고속,5100,200000115,사색의광장,228001174,양재역.서초문화예술회관(중),121000003,N,20240305
9883,수원시,용남고속,5100예약,200000296,살구골동아아파트,203000157,신분당선강남역(중),121000009,N,20240305
9884,고양시,명성,1900,219000027,고양공영차고지,219000644,숭례문,101000022,N,20240229
9885,수원시,용남고속,7000,200000112,사색의광장,228001174,사당역4번출구,120000059,N,20240305
9886,수원시,용남고속,7001,200000119,수원버스터미널,201000212,사당역(중),121001315,N,20240305
9887,수원시,용남고속,777,233000007,수원역.AK플라자,202000106,사당역(중),121001315,Y,20240305
9888,수원시,용남고속,88,200000107,호매실스타힐스.수원여대입구,201000448,조원뉴타운,200000047,Y,20240305
9889,수원시,용남고속,8800,200000205,수원버스터미널,201000212,서울역버스환승센터.6번홈(중),101000006,N,20240305
9890,수원시,용남고속,8800예약,200000297,구법원사거리,203000068,서울역버스환승센터.6번홈(중),101000006,N,20240305
9891,수원시,용남고속,9,200000103,사색의광장,228001174,LG빌리지1차.와이씨티칠보마을6단지아파트,201000179,Y,20240305
9892,수원시,용남고속,9-1,200000186,호매실스타힐스.수원여대입구,201000448,대주피오레2단지,228001920,Y,20240305
9893,수원시,용남고속,92,200000025,곡반정동차고지,201000143,동원고교.해우재입구,200000094,Y,20240305
9894,수원시,용남고속,99,200000144,호매실스타힐스.수원여대입구,201000448,예솔초.호반2차.대원2차,233002421,Y,20240305
9895,수원시,용남고속,99-2,200000196,오목초등학교,201000153,곡반정동차고지,201000238,Y,20240305
9896,수원시,용남고속,G5100,200000262,경희대학교,203000125,매헌시민의숲.양재꽃시장,121000220,N,20240305
9897,수원시,용남고속버스라인,3003,200000108,호매실스타힐스.수원여대입구,201000448,강남역나라빌딩앞,121000921,N,20240305
9898,수원시,용남고속버스라인,3003예약,200000293,삼환나우빌아파트,200000092,강남역나라빌딩앞,121000921,N,20240305
9899,수원시,용남고속버스라인,7002,200000109,수원남부버스공영차고지,201000472,인덕원역1번출구,209000152,N,20240305
9900,수원시,용남고속버스라인,M5532,223000127,원동.동부삼환아파트,223000524,사당역4번출구,120000059,N,20240305
9952,평택시,뉴진위여객,663,214000222,서정리시장,214000613,이안아파트,214001492,N,20240307
9953,평택시,뉴진위여객,666,214000223,어연한산공단입구,214001988,이안아파트,214001492,N,20240307
9954,평택시,뉴진위여객,66A,214000219,서정리시장,214000613,고잔8리종점,214001418,N,20240307
9955,평택시,뉴진위여객,8,214000214,은산1리,214001161,송탄시장,21400049,N,20240307
9956,평택시,뉴진위여객,8-1,214000215,서정리시장,214000613,청북읍사무소,214000442,N,20240307
9957,평택시,송탄여객,5-1,214000227,장당중학교,214001734,미도아파트,214001928,N,20240307
9958,평택시,송탄여객,5-3,214000228,국제대학,214001742,서정리역,214000613,Y,20240307
9959,평택시,송탄여객,5-5,214000226,국제대학,214001742,아주2차아파트,214001739,N,20240307
9960,평택시,송탄여객,55,214000224,장당중학교,214001734,삼익2차아파트,214001924,Y,20240307
9961,평택시,송탄여객,88,214000225,코오롱하늘채아파트,214002007,수월암리,223000537,N,20240307
9962,평택시,율포여객,10,214000195,영화아파트,214002075,신흥마을,214001578,N,20240307
9963,평택시,율포여객,15,214000197,한국복지대학교,214001136,서정리역,214001836,N,20240307
9964,평택시,율포여객,16,214000198,평택지제역,214001136,서정리역,214002018,N,20240307
9965,평택시,율포여객,16-1,214000240,평택지제역,214002018,한국복지대학교,214001836,N,20240307
9966,평택시,율포여객,5,214000196,금각1리,214000313,은혜중고.국제대학,214002003,N,20240307
9967,평택시,율포여객,5-2,214000237,평생학습센터,214002003,은혜여중고.국제대학,214001393,N,20240307
9968,평택시,율포여객,77,214000200,두릉3리,214001797,동막마을,214001834,N,20240307
9969,평택시,율포여객,77-1,214000202,금각1리,214000313,우림아파트,214001499,N,20240307
9970,평택시,율포여객,99,214000199,코오롱하늘채아파트,214000469,K55정문,214000308,Y,20240307
9971,평택시,진위운수,33A,214000252,서희스타힐스,214001132,서희스타힐스,214001294,N,20240307
9972,평택시,진위운수,33B,214000253,서희스타힐스,214001116,서희스타힐스,214001294,N,20240307
9973,평택시,평택-가곡여객,11,214000230,가곡5리,214001892,성은리,231001232,N,20240307
9974,평택시,평택-가곡여객,11-1,214000229,가곡5리,214001892,사기막종점,228002312,N,20240307
9975,평택시,평택-가곡여객,11-2,214000231,가곡5리,214001892,평생학습센터,214000343,N,20240307
9976,평택시,평택-가곡여객,11-3,214000232,가곡5리,214001892,드라마세트장,223000539,N,20240307
9977,평택시,평택-가곡여객,11-4,214000233,하북삼거리.진위역,214000513,드라마세트장,214001883,N,20240307
9978,평택시,평택-가곡여객,11-6,214000235,동천보건진료소,214001878,오산역환승센터2층(1승강장),223000539,N,20240307
9979,평택시,뉴진위여객,66B,214000220,서정리시장,214000613,이안아파트,214001492,N,20240307
9980,평택시,대원고속,5401,234001742,평택지제역,214002018,신분당선강남역(중),121000009,N,20240307
9981,평택시,대원고속,6600,234001697,비전푸르지오(중),214002034,신분당선강남역(중),121000009,N,20240307
9982,평택시,대원고속,6801,234001739,평택지제역,214002018,야탑역.종합버스터미널(광역버스),206000784,N,20240307
9983,평택시,대원고속,M5438,234001660,평택지제역,214002018,신분당선강남역(중),121000009,N,20240307
9984,평택시,일력운수,평택똑버스01,214000261,율포초등학교,214000105,율포초등학교,214002043,N,20240307
9697,안산시,경원여객,99,217000007,오이도차고지,224000738,삼천리마을앞,216000322,N,20240305
9698,안산시,경원여객,350,217000012,경원여객안양차고지,209000120,함상전망대,224000244,N,20240305
9699,안산시,경원여객,320,217000013,경원여객,217000188,여의도환승센터(1번승강장),118000513,N,20240305
9700,안산시,경원여객,110,217000014,선부동차고지,217000066,수원역.노보텔수원,202000208,N,20240305
9701,안산시,경원여객,30,224000012,오이도차고지,224000738,광덕중학교,216000041,N,20240305
9702,안산시,경원여객,10990,224000014,오이도차고지,224000738,목감중심상업지구,224000050,Y,20240305
9703,안산시,경원여객,98,224000015,오이도차고지,224000738,수변공원휴게소,216000651,N,20240305
9704,안산시,경원여객,76,224000016,본오교회앞,216000096,동보아파트후문.군자교회,224000924,N,20240305
9705,안산시,경원여객,13,216000069,별솔공원,233000236,원시역1번출구,217000292,N,20240305
9706,수원시,삼경운수,2007,200000120,중보들공원,201000021,단대오거리역.(구)종점,205000025,N,20240305
9707,수원시,삼경운수,300,200000006,수월암차고지,214000645,범계사거리,209000018,N,20240305
9708,수원시,성우운수,300-1,200000031,이목동차고지.이목동입구,200000165,홈플러스.벌말초교,233000100,N,20240305
9709,수원시,성우운수,301,200000028,수월암차고지,214000645,동안구청.달안초등학교.홈플러스,209000091,Y,20240305
9710,수원시,성우운수,310,200000024,경희대학교,203000125,동원고교.해우재입구,200000094,Y,20240305
9711,수원시,성우운수,4000,200000314,수원남부버스공영차고지,201000472,사송동종점,204000142,N,20240305
9712,수원시,성우운수,900,200000010,경희대학교,203000125,보라매공원(중),119000004,Y,20240305
9713,수원시,성우운수,9090,200000015,중보들공원,201000021,안산역(도로변),217000626,N,20240305
9714,수원시,수원여객,11-1,200000070,곡반정동차고지,201000143,수원역환승센터(10승강장),201000596,Y,20240305
9715,수원시,수원여객,112,200000049,곡반정동차고지,201000143,서수원레이크푸르지오1단지,201000459,N,20240305
9716,수원시,수원여객,13,200000037,상광교동종점,200000275,금곡동강남아파트,201000322,Y,20240305
9717,수원시,수원여객,13-1,200000069,수원남부버스공영차고지,201000472,금곡동강남아파트,201000322,Y,20240305
9718,수원시,수원여객,13-4,200000185,수원시동부차고지,203000360,능실마을15단지.금호어울림아파트,201000402,Y,20240305
9719,수원시,수원여객,16-2,200000288,경기대정문,203000229,수원역환승센터(2승강장),201000588,Y,20240305
9720,수원시,수원여객,20,200000053,수원시동부차고지,203000360,운암주공1단지.운천중학교,223000046,Y,20240305
9721,수원시,수원여객,20-1,200000182,수원시동부차고지,203000360,운암주공1단지.운천중학교,223000046,Y,20240305
9722,수원시,수원여객,20-2,200000211,수원시동부차고지,203000360,신영통현대타운2단지,233001279,Y,20240305
9723,수원시,수원여객,25,200000055,이목동차고지.이목동입구,200000165,발산리,233001129,Y,20240305
9724,수원시,수원여객,25-2,200000056,이목동차고지.이목동입구,200000165,귀래리,233001171,Y,20240305
9725,수원시,수원여객,25-5,200000234,이목동차고지.이목동입구,200000165,귀래산업단지,233002384,Y,20240305
9726,수원시,수원여객,27,200000074,이목동차고지.이목동입구,200000165,수지중학교,228000926,Y,20240305
9727,수원시,수원여객,3,200000095,수원남부버스공영차고지,201000472,구운동삼환아파트,201000187,Y,20240305
9728,수원시,수원여객,30,233000083,이목동차고지.이목동입구,200000165,수원대학교,233000576,Y,20240305
9729,수원시,수원여객,30-1,200000265,이목동차고지.이목동입구,200000165,수원대학교,233000576,Y,20240305
9730,수원시,수원여객,32-4,200000272,수원시동부차고지,203000360,향남주공18단지,233002471,Y,20240305
9731,수원시,수원여객,35,200000148,경기대정문,203000229,에일린의뜰.휴먼시아6단지,233001855,Y,20240305
9732,수원시,수원여객,37,200000099,경기대정문,203000229,민속촌,228000790,Y,20240305
9733,수원시,수원여객,42,233000087,이목동차고지.이목동입구,200000165,봉담읍행정복지센터,233000836,Y,20240305
9734,수원시,수원여객,5,200000076,이목동차고지.이목동입구,200000165,경희대학교,203000125,Y,20240305
9735,수원시,수원여객,61,200000202,호매실동차고지,201000404,청와.쌍용.그대가센트럴파크아파트,203000155,Y,20240305
9736,수원시,수원여객,62-1,200000078,동탄차고지,233001222,LG빌리지3차.모아미래도아파트,201000180,Y,20240305
9737,수원시,수원여객,64,200000043,동탄차고지,233001222,안양역,208000068,Y,20240305
9738,수원시,수원여객,7-1,200000045,동탄차고지,233001222,경기대정문,203000230,Y,20240305
9739,수원시,수원여객,7-1A,200000315,동탄2차고지,233002292,조원뉴타운,200000047,N,20240305
9740,수원시,수원여객,7-2,200000040,이목동차고지.이목동입구,200000165,청와.쌍용.그대가센트럴파크아파트,203000155,Y,20240305
9741,수원시,수원여객,80,200000146,곡반정동차고지,201000143,광교휴먼시아32단지정문,203000285,Y,20240305
9742,수원시,수원여객,81,200000208,수원시동부차고지,203000360,센트럴허브시티.송화초교,233000101,Y,20240305
9743,수원시,수원여객,82-1,200000054,곡반정동차고지,201000143,수원여고.푸르지오자이,202000221,Y,20240305
10275,의왕시,의왕교통,5,226000024,롯데타임빌라스,27242,인덕원역,10166,Y,20240423
10276,의왕시,청계운수,10,226000006,청계산주차장,27281,인덕원역,10166,Y,20240423
10277,의왕시,의왕운수,3,226000002,모락산현대아파트,27233,관악타운,10011,Y,20240423
10327,동두천시,대양운수,81-2,215000211,전곡재래시장앞,238000205,장탄1리종점,238000500,N,20240429
10328,동두천시,대양운수,81-3,215000212,전곡재래시장앞,238000205,장탄2리,238000195,N,20240429
10329,동두천시,대양운수,82,215000062,전곡재래시장앞,238000205,웃양원리,238000457,N,20240429
10330,동두천시,대양운수,82-1,215000089,전곡재래시장앞,238000205,왕림4반.1포대,238000398,N,20240429
10331,동두천시,대양운수,82-2,215000147,전곡재래시장앞,238000205,연천역,238000053,N,20240429
10332,동두천시,대양운수,82-3,215000146,전곡재래시장앞,238000205,순박골.늘목1리,238000018,N,20240429
10333,동두천시,대양운수,82-4,215000214,전곡재래시장앞,238000205,연천역,238000053,N,20240429
10334,동두천시,대양운수,82-5,215000153,전곡재래시장앞,238000205,백학종점,238000144,N,20240429
10335,동두천시,대양운수,82-6,215000215,전곡재래시장앞,238000205,동중리구판장,238000180,N,20240429
10336,동두천시,대양운수,82-7,215000138,전곡재래시장앞,238000205,옥계3리마을회관,238000444,N,20240429
10337,동두천시,대양운수,83,215000216,전곡재래시장앞,238000205,고랑포구,238000662,N,20240429
10338,동두천시,대양운수,90,215000227,동두천중앙역3번출구,215000362,동두천중앙역3번출구,215000082,N,20240429
10339,동두천시,대양운수,91,215000205,동두천터미널.롯데마트,215000310,걸산동마을회관,215000151,N,20240429
10340,동두천시,대양운수,91-1,215000206,동두천터미널.롯데마트,215000310,동두천터미널.롯데마트,215000317,N,20240429
10341,동두천시,대양운수,91-3,215000233,지행역3번출구,215000168,신흥고등학교,215000222,N,20240429
10342,동두천시,대양운수,91-4,215000234,동두천중앙역3번출구,215000362,두레수도원,215000362,N,20240429
10343,하남시,경기상운,30-3,227000006,공영차고지,28294,잠실역,24132,Y,20240603
10344,하남시,경기상운,30-5,227000001,하남BRT,28154,잠실역,24132,Y,20240603
10345,하남시,경기상운,35,227000043,감일스윗시티,28189,잠실역,24132,Y,20240603
10346,하남시,경기상운,36,227000048,위례로제비앙,28582,가락시장역,24444,Y,20240603
10347,하남시,경기상운,87,227000036,하남BRT,28294,수서역,23409,Y,20240603
10348,하남시,삼성교통,50,227000033,은가람중학교,28463,팔당역,23882,Y,20240603
10349,하남시,은방울교통,10,41408004,하남BRT,28294,종합운동장,28314,Y,20240603
10350,하남시,은방울교통,3,41408002,힐즈파크푸르지오3단지,28044,미사강변호반써밋,28056,Y,20240603
10351,하남시,은방울교통,미사-01(시계방향),41408006,미사역,28530,미사역,28530,Y,20240603
10352,하남시,대통운수,1,41411001,상산곡동,28154,둔촌역,25728,Y,20240603
10353,하남시,오륜운수,위례-01,41409009,위례메디프라자,28592,복정역,24506,Y,20240603
10354,하남시,오륜운수,8,41409006,감일교차로,28189,둔촌역,25728,Y,20240603
10355,하남시,하남마을버스,미사-01(반시계방향),41410005,미사역,28592,미사역,28592,Y,20240603
10356,하남시,하남마을버스,2,41410001,어진마을입구,28165,이마트,28327,Y,20240603
10357,하남시,하남마을버스,22,41410004,온천마을,28172,스타필드하남,28476,Y,20240603
10358,안양시,보영운수,44972,208000002,창박골,208000027,롯데케미칼,226000036,N,20240101
10359,안양시,보영운수,45232,208000004,군포공영차고지,225000180,갯마을앞(중),119000289,Y,20240101
10360,안양시,보영운수,45235,208000005,군포공영차고지,225000180,갯마을앞(중),119000289,N,20240101
10361,안양시,보영운수,45233,208000006,창박골,208000027,잠실종합운동장,123000065,Y,20240101
10362,안양시,삼영운수,1,208000007,평촌차고지,209000076,구로디지털단지역(중),120000674,N,20240101
10363,안양시,삼영운수,3,208000008,평촌차고지,209000076,광명성애병원,213000124,Y,20240101
10364,안양시,삼영운수,81,208000009,목감호수품애.중흥S클래스,224000876,안양사거리.청원놀이터,208000197,N,20240101
10365,안양시,삼영운수,45139,208000010,차고지입구,208000236,인덕원센트럴자이아파트사거리,226000016,Y,20240101
10366,안양시,삼영운수,45140,208000011,석수동버스공영차고지(경유),277102421,고천.의왕시청,226000042,N,20240101
10367,안양시,삼영운수,88,208000012,차고지입구,208000236,한라2차아파트입구,225000140,Y,20240101
10368,안양시,삼영운수,6,208000013,차고지입구,208000236,벌말초교.한일나래,226000133,Y,20240101
10369,안양시,삼영운수,20,208000014,송부동행정복지센터.금강4단지,225000430,구로디지털단지역,120000146,N,20240101
10370,안양시,삼영운수,45048,208000015,월암공영차고지(경유),277102717,석수역,208000255,N,20240101
10371,안양시,삼영운수,5,208000016,월암공영차고지(경유),277102717,문래힐스테이트,118000353,N,20240101
10372,안양시,삼영운수,51,208000017,평촌차고지,209000076,구로디지털단지역(중),120000674,Y,20240101
10373,안양시,삼영운수,60,208000018,군포보건소,225000191,해오름공원.동편마을4단지후문,209000254,N,20240101
10374,안양시,삼영운수,9,208000019,차고지입구,208000236,사당역(중),121001315,Y,20240101
10375,안양시,삼영운수,45172,208000020,차고지입구,208000236,사당역4번출구,120000059,Y,20240101
10376,안양시,삼영운수,44928,208000021,석수동버스공영차고지(경유),277102421,한국철도기술연구원후문,226000184,Y,20240101
10377,안양시,삼영운수,44927,208000024,월암공영차고지(경유),277102717,사당역(중),121001315,N,20240101
10378,안양시,보영운수,10,208000025,창박골,208000027,의왕보건소.노인복지관.청소년수련관,226000090,Y,20240101
10379,안양시,보영운수,917,208000026,군포공영차고지,225000180,잠실종합운동장,123000065,N,20240101
10380,안양시,삼영운수,8,208000028,석수동버스공영차고지(경유),277102421,민들레베스파트.우성고,226000031,Y,20240101
10381,안양시,보영운수,22,208000029,금강1단지,225000425,덕장초교,226000171,N,20240101
10382,안양시,삼영운수,52,208000030,창박골,208000027,의왕보건소.노인복지관.청소년수련관,226000090,N,20240101
10383,안양시,보영운수,87,208000032,백운사입구,226000318,금정역,225000007,N,20240101
10384,안양시,보영운수,15,208000001,창박골,208000027,수리동성당,225000239,N,20240101
10385,안양시,보영운수,44941,208000033,효성아파트.종점,208000264,시외버스터미널.교보생명,208000158,N,20240101
10386,안양시,삼영운수,18994,208000035,금강1단지,225000425,부안중학교,209000233,N,20240101
10387,안양시,삼영운수,44931,208000036,월암공영차고지(경유),277102717,원터마을,226000199,N,20240101
10388,안양시,보영운수,83,208000038,숲속마을3.5단지,226000206,석수역,208000255,N,20240101
10389,안양시,삼영운수,21916,208000039,월암공영차고지(경유),277102717,동편마을2단지,209000252,N,20240101
10390,안양시,삼영운수,80,208000041,숲속마을3.5단지,226000206,석수하우스토리아파트,208000258,N,20240101
10391,안양시,삼영운수,M5333,208000063,평촌차고지(경유),277103100,잠실역1번.11번출구,123000045,N,20240101
10392,안양시,보영운수,55,208000065,금강1단지,225000425,금정역3번출구,225000195,N,20240101
10393,안양시,삼영운수,33,208000067,숲속마을3.5단지,226000206,롯데프리미엄아울렛타임빌라스,226000252,N,20240101
10394,안양시,화영운수,M5556,208000068,석수3동행정복지센터.코오롱하늘채아파트,208000108,사당역3번출구,121000166,N,20240101
10395,안양시,안양-편안운수,5,241245001,평촌차고지,209000076,관양고등학교,209000281,N,20240101
10396,안양시,안양-편안운수,1,241245002,박달과학화예비군훈련장,208508330,안양역,208000069,N,20240101
10397,안양시,안양-편안운수,45051,241245003,자유공원,209000183,관양고등학교,209000388,N,20240101
10398,안양시,안양-편안운수,45049,241245004,명학역,208000321,무궁화코오롱.건영아파트,209000087,N,20240101
10399,안양시,안양-편안운수,8,241245005,현대.대림아파트,209000026,동편마을2단지,209000252,N,20240101
10400,안양시,안양-편안운수,1,241245006,박달과학화예비군훈련장,208508330,석수역,208000255,N,20240101
10401,안양시,안양-편안운수,70,241245007,명학역,208000321,주공뜨란체아파트,208000347,N,20240101
10402,안양시,안양-동안운수,7,241247001,차고지(경유),277104354,힐스테이트비산파크뷰.비산사회복지관,209000346,N,20240101
10403,안양시,안양-동안운수,3,241247002,더포레스트힐.힐스테이트비산파크뷰.비산사회복지관,209000345,안양역후문,208000350,N,20240101
10404,안양시,안양-동안운수,44986,241247003,더포레스트힐.힐스테이트비산파크뷰.비산사회복지관,209000345,안양역,208000069,N,20240101
10405,안양시,안양-신안운수,9,241248001,신안초등학교.우성아파트,208000332,관악역,208000092,N,20240101
10406,안양시,안양-평촌교통,45047,241250001,양명고.양명여고.대우아파트,208000353,금강펜터리움IT타워,209000257,N,20240101
10407,안양시,안양-학운교통,6,241251001,한가람한양아파트,209000239,한가람한양아파트,209000239,N,20240101
10408,안양시,안양-학운교통,6,241251002,한가람한양아파트,209000294,한가람한양아파트,209000294,N,20240101
10409,안양시,안양-호계운수,45078,241252001,현대.대림아파트,209000026,평촌도서관,209000334,N,20240101
10410,안양시,안양-호계운수,45079,241252002,경인교육대,208000029,금정역,225000269,N,20240101
10411,안양시,안양-호계운수,45080,241252003,벽산아파트1단지정문,117505160,안양예술공원,208000033,N,20240101
10412,안양시,안양-호계운수,45082,241252004,금정역호계푸르지오아파트,209000393,안양농수산물시장,209000191,N,20240101
10413,안양시,안양-대성운수,2,241253001,안양예술공원종점.갈메산기도원입구,208000365,신성중학교.씨엘포레자이아파트,208000375,N,20240101
10414,안양시,안양-호계운수,44958,241253002,안양예술공원종점.갈메산기도원입구,208000365,법원검찰청.평촌역,209000098,N,20240101
10415,안양시,안양-만안교통,45200,241254001,평촌역,209000075,성원상떼빌,208000330,N,20240101
10416,안양시,안양-만안교통,45201,241254002,무궁화진흥아파트,209000284,신성중학교.씨엘포레자이아파트,208000328,N,20240101
10417,남양주시,경기버스,72,222000223,진벌리차고지,222000652,봉현마을.광동중고등학교,222000526,N,20240617
10418,남양주시,경기버스,8012,222000090,광릉내,222001122,잠실광역환승센터,123000611,N,20240617
10278,동두천시,대양운수,1,215000025,동두천터미널.롯데마트,215000310,안말회관,215000091,N,20240429
10279,동두천시,대양운수,1-1,215000219,동두천터미널.롯데마트,215000310,안말입구,215000068,N,20240429
10280,동두천시,대양운수,100,215000030,전곡재래시장앞,238000205,횡산리,238000408,N,20240429
10281,동두천시,대양운수,100-1,215000024,전곡재래시장앞,238000205,군남면사무소,238000529,N,20240429
10282,동두천시,대양운수,100-2,215000023,전곡재래시장앞,238000205,왕림4반.1포대,238000398,N,20240429
10283,동두천시,대양운수,11,215000230,동두천중앙역3번출구,215000362,장림,215000099,N,20240429
10284,동두천시,대양운수,2,215000118,동두천터미널.롯데마트,215000310,동두천터미널.롯데마트,215000317,N,20240429
10285,동두천시,대양운수,3,215000223,동두천터미널.롯데마트,215000310,마을회관,215000198,Y,20240429
10286,동두천시,대양운수,4,215000222,동두천터미널.롯데마트,215000310,동두천터미널.롯데마트,215000317,N,20240429
10287,동두천시,대양운수,5,215000225,동두천중앙역3번출구,215000362,동두천중앙역3번출구,215000082,N,20240429
10288,동두천시,대양운수,50,215000004,동두천터미널.롯데마트,215000310,대진대,236000446,N,20240429
10289,동두천시,대양운수,52,215000008,대양운수,215000247,숭의전,238000151,N,20240429
10290,동두천시,대양운수,53,215000070,대양운수,215000247,전곡재래시장앞,238000205,Y,20240429
10291,동두천시,대양운수,53-11,215000129,전곡재래시장앞,238000205,대양운수,215000246,Y,20240429
10292,동두천시,대양운수,5 -12,215000130,구)버스터미널,215000024,주공6단지,235000987,Y,20240429
10293,동두천시,대양운수,53-3,215000158,대양운수,215000247,전곡재래시장앞,238000205,Y,20240429
10294,동두천시,대양운수,53-5,215000013,전곡재래시장앞,238000205,주공6단지,235000987,Y,20240429
10295,동두천시,대양운수,53-8,215000074,전곡재래시장앞,238000205,주공6단지,235000987,Y,20240429
10296,동두천시,대양운수,55-1,215000170,전곡재래시장앞,238000205,연천역,238000053,N,20240429
10297,동두천시,대양운수,55-10,215000134,전곡재래시장앞,238000205,연천역,238000053,N,20240429
10298,동두천시,대양운수,55-12,215000136,전곡재래시장앞,238000205,연천역,238000053,N,20240429
10299,동두천시,대양운수,55-16,215000148,전곡재래시장앞,238000205,연천역,238000053,N,20240429
10300,동두천시,대양운수,55-2,215000080,전곡재래시장앞,238000205,연천역,238000053,N,20240429
10301,동두천시,대양운수,55-3,215000081,전곡재래시장앞,238000205,옥계3리마을회관,238000444,N,20240429
10302,동두천시,대양운수,55-6,215000102,전곡재래시장앞,238000205,연천역,238000053,N,20240429
10303,동두천시,대양운수,55-9,215000133,전곡재래시장앞,238000205,연천역,238000053,N,20240429
10304,동두천시,대양운수,56,215000015,전곡재래시장앞,238000205,고문리용해마을,238000594,N,20240429
10305,동두천시,대양운수,56-1,215000083,전곡재래시장앞,238000205,고문리용해마을,238000594,N,20240429
10306,동두천시,대양운수,56-2,215000084,전곡재래시장앞,238000205,고문리용해마을,238000594,N,20240429
10307,동두천시,대양운수,56-3,215000094,전곡재래시장앞,238000205,순박골.늘목1리,238000018,N,20240429
10308,동두천시,대양운수,56-8,215000164,전곡재래시장앞,238000205,고문리용해마을,238000594,N,20240429
10309,동두천시,대양운수,56-9,215000165,전곡재래시장앞,238000205,고문리용해마을,238000594,N,20240429
10310,동두천시,대양운수,58,215000021,은대리성삼거리,238000697,동중리구판장,238000180,N,20240429
10311,동두천시,대양운수,58-1,215000022,은대리성삼거리,238000697,백학종점,238000144,N,20240429
10312,동두천시,대양운수,58-10,215000152,은대리성삼거리,238000697,백학종점,238000144,N,20240429
10313,동두천시,대양운수,58-12,215000163,은대리성삼거리,238000697,백학종점,238000144,N,20240429
10314,동두천시,대양운수,58-2,215000019,은대리성삼거리,238000697,동이리종점,238000154,N,20240429
10315,동두천시,대양운수,58-3,215000018,은대리성삼거리,238000697,백학종점,238000144,N,20240429
10316,동두천시,대양운수,58-5,215000088,은대리성삼거리,238000697,백학종점,238000144,N,20240429
10317,동두천시,대양운수,58-7,215000149,은대리성삼거리,238000697,백학종점,238000144,N,20240429
10318,동두천시,대양운수,58-8,215000150,은대리성삼거리,238000697,백학종점,238000144,N,20240429
10319,동두천시,대양운수,58-9,215000151,은대리성삼거리,238000697,백학종점,238000144,N,20240429
10320,동두천시,대양운수,6,215000226,대양운수,215000247,가르멜수도원,215000297,N,20240429
10321,동두천시,대양운수,60,215000052,동두천터미널.롯데마트,215000310,장림,215000099,N,20240429
10322,동두천시,대양운수,60-3,215000055,동두천터미널.롯데마트,215000310,놀자숲,215000174,N,20240429
10323,동두천시,대양운수,61,215000229,전곡재래시장앞,238000205,적성전통시장,229000086,N,20240429
10324,동두천시,대양운수,80-2,215000178,전곡재래시장앞,238000205,백학종점,238000144,N,20240429
10325,동두천시,대양운수,81,215000209,전곡재래시장앞,238000205,봉화촌2대대,229001109,N,20240429
10326,동두천시,대양운수,81-1,215000210,전곡재래시장앞,238000205,웃양원리,238000457,N,20240429
10083,남양주시,대원운수,1200-1,222000137,차산리,222000796,잠실광역환승센터,123000611,N,20231231
10084,남양주시,대원운수,165,222000028,호평동차고지,222000824,현대코아,105000199,N,20231231
10085,남양주시,대원운수,166,222000072,연대농장입구.도곡리종점,222000267,현대코아,105000199,N,20231231
10086,남양주시,대원운수,166-1,222000048,연대농장입구.도곡리종점,222000267,현대코아,105000199,Y,20231231
10087,남양주시,대원운수,1660,222000049,연대농장입구.도곡리종점,222000267,테크노마트앞.강변역(D),104000069,N,20231231
10088,남양주시,대원운수,167-1,222000056,농수산물시장,221000265,율석3리,222000967,N,20231231
10089,남양주시,대원운수,1670,222000046,연대농장입구.도곡리종점,222000267,잠실역,222000785,N,20231231
10090,남양주시,대원운수,1670-1,222000213,연대농장입구.도곡리종점,222000267,잠실역,222000785,N,20231231
10091,남양주시,대원운수,168,222000047,차산리,222000796,연대농장입구.도곡리종점,222000268,Y,20231231
10092,남양주시,대원운수,1700,222000073,연대농장입구.도곡리종점,222000267,서초푸르지오써밋.롯데캐슬클래식,121000088,N,20231231
10093,남양주시,대원운수,30-1,222000041,산성마을입구,222000011,보광사.가곡리종점,222001236,N,20231231
10094,남양주시,대원운수,30-10,222000064,산성마을입구,222000011,창현리.종점,222001188,N,20231231
10095,남양주시,대원운수,30-11,222000063,산성마을입구,222000011,맹골,222001197,N,20231231
10096,남양주시,대원운수,30-12,222000040,마석역,222000010,녹촌리,222001035,N,20231231
10097,남양주시,대원운수,30-15,222000033,연대농장입구.도곡리종점,222000267,마석역,222000010,N,20231231
10098,남양주시,대원운수,30-16,222000139,산성마을입구,222000011,우방아이유쉘,222001543,N,20231231
10099,남양주시,대원운수,30-17,222000204,마석역,222000010,화도정수장,222000215,N,20231231
10100,남양주시,대원운수,30-20,222000065,마석역,222000010,만취대,222000100,N,20231231
10101,남양주시,대원운수,30-21,222000198,마석역,222000010,두산아파트.경향아파트,222000147,N,20231231
10102,남양주시,대원운수,30-3,222000061,마석역,222000010,지둔리마을회관,222001164,N,20231231
10103,남양주시,대원운수,30-4,222000034,산성마을입구,222000011,축령산자연휴양림,222001557,N,20231231
10104,남양주시,대원운수,30-5,222000131,마석역,222000010,수산1리마을회관,222001000,N,20231231
10105,남양주시,대원운수,30-8,222000205,청소년도움센터.동부희망케어센터,222000013,답내초교,222001258,N,20231231
10106,남양주시,대원운수,33,222000187,효성아파트,222001693,몽골문화촌,222000427,Y,20231231
10107,남양주시,대원운수,33-2,222000202,산성마을입구,222000011,대성리종점,222000740,N,20231231
10108,남양주시,대원운수,330-1,234000041,비금리,222000800,현대코아,105000199,N,20231231
10109,남양주시,대원운수,330-2,222000133,차산리,222000796,비금리,222000799,N,20231231
10110,남양주시,대원운수,330-3,222000109,비금리,222000800,차산리,222000797,N,20231231
10111,남양주시,대원운수,34,222000168,다산차고지,222001920,도농역.동화중고교.다산플루리움(중),222001321,N,20231231
10112,남양주시,대원운수,38,222000176,수택고등학교정문,221000310,가운고등학교,222001136,N,20231231
10113,남양주시,대원운수,55,222000023,사능차고지,222000755,55번종점,222000169,N,20231231
10114,남양주시,대원운수,58,222000216,차산리,222000796,다산정약용유적지.실학박물관,222001325,N,20231231
10115,남양주시,대원운수,6,222000029,차산리,222000796,군장리종점,222001020,N,20231231
10116,남양주시,대원운수,6-6,222000215,군장리종점,222001020,금곡동구종점.금곡초교,222000141,N,20231231
10117,남양주시,대원운수,65,222000031,차산리,222000796,경동시장앞,105000081,Y,20231231
10118,남양주시,대원운수,65-1,222000030,차산리,222000796,석계역1번출구.A,110000183,Y,20231231
10119,남양주시,대원운수,7,222000055,훈련장입구,222000251,삼익아파트,222001279,Y,20231231
10120,남양주시,대원운수,76,222000181,수택고등학교정문,221000310,석계역1번출구.A,110000183,N,20231231
10121,남양주시,대원운수,8-8A,222000224,에코랜드수영장,222001725,비루개마을,222000126,N,20231231
10122,남양주시,대원운수,8-8B,222000225,에코랜드수영장,222001725,하늘땅끝.용암리종점,222000651,N,20231231
10123,남양주시,대원운수,8-9,222000197,청소년도움센터.동부희망케어센터,222000013,송천리종점,222001099,N,20231231
10124,남양주시,대원운수,8001,222000088,대성리,239000682,신사역3번출구,122000010,N,20231231
10125,남양주시,대원운수,8002,222000084,대성리,239000682,잠실광역환승센터,123000611,N,20231231
10126,남양주시,대원운수,8002-1,222000178,대성리,239000682,잠실광역환승센터,123000611,N,20231231
10127,남양주시,대원운수,91,222000022,진벌리차고지,222000652,강변역B,104000280,N,20231231
10128,남양주시,대원운수,97,222000027,호평동차고지,222000824,서울아산병원동관,123000029,N,20231231
10129,남양주시,대원운수,98,222000227,차산리,222000796,신동아아파트입구.한양병원,222001281,N,20231231
10130,남양주시,대원운수,98-1,222000228,차산리,222000796,한양병원,222001816,N,20231231
10131,남양주시,대원운수,99,222000174,다산차고지,222001920,구리역.롯데백화점,221000304,N,20231231
10132,남양주시,대원운수,99-1,222000175,자연앤e편한세상.힐스테이트,222000342,구리역.롯데백화점,221000304,N,20231231
10133,남양주시,대원운수,M2341,222000179,월산지구부영1.2단지입구,222001467,잠실광역환승센터,123000611,N,20231231
10134,남양주시,대원운수,1200,222000078,차산리,222000796,잠실광역환승센터,123000611,N,20231231
10135,남양주시,대원운수,M2344,222000185,별내하우스토리.중말사거리,222000616,잠실광역환승센터,123000611,N,20231231
10136,남양주시,대원운수,M2352,222000209,평내농협.평내초교.대명루첸,222000322,잠실광역환승센터,123000611,N,20231231
10137,남양주시,대원운수,M2353,222000210,자연앤자이.반도유보라,222001932,잠실광역환승센터,123000611,N,20231231
10138,남양주시,대원운수,땡큐10,222000191,다산차고지,222001920,두산알프하임정문,222000194,N,20231231
10139,남양주시,대원운수,땡큐11,222000201,수택고등학교정문,221000310,다산롯데캐슬.반도유보라,222000278,N,20231231
10140,남양주시,대원운수,땡큐12,222000180,수택고등학교정문,221000310,반도유보라정문.다산포레스트2단지,222001922,N,20231231
10141,남양주시,대원운수,땡큐30,222000200,청학리,222001626,금곡동구종점.금곡초교,222000141,N,20231231
10142,남양주시,대원운수,땡큐50,222000199,청학리,222001626,금곡동구종점.금곡초교,222000141,N,20231231
10143,남양주시,대원운수,땡큐58-3,222000217,대성리,239000682,도농역.동화중고교.다산플루리움(중),222001321,N,20231231
10144,남양주시,경기버스,11,236000050,소학1리,236000596,강변역A,104000183,N,20231231
10145,남양주시,경기버스,115,222000222,사능차고지,222000755,석계역1번출구.A,110000183,Y,20231231
10146,남양주시,경기버스,23,222000013,내촌차고지,236001328,스타필드하남,227000307,Y,20231231
10147,남양주시,경기버스,7-4,222000019,사릉역,222001575,금곡2리.경복대학,222000650,N,20231231
10148,남양주시,경기버스,7-7,222000016,광릉테크노밸리입구,222001426,진접역4.5번출구.엠타워.단우타워,222001556,N,20231231
10149,남양주시,경기버스,7-8,222000096,광릉테크노밸리입구,222001426,접동마을,222001118,N,20231231
10150,남양주시,경기버스,7-9,222000196,진접읍사무소,222001457,팔현2리종점,222000830,N,20231231
10151,남양주시,경기버스,7007,222000076,광릉내,222001122,강남역.강남역사거리,121000091,N,20231231
10152,남양주시,경기버스,707,222000002,진벌리차고지입구,222001616,현대코아,105000199,N,20231231
10153,남양주시,경기버스,71,222000006,금곡산업단지,222000152,봉현마을.현대병원,222001086,N,20231231
10154,남양주시,경기버스,72,222000223,진벌리차고지,222000652,봉현마을.광동중고등학교,222000526,N,20231231
10155,남양주시,경기버스,8012,222000090,광릉내,222001122,잠실광역환승센터,123000611,N,20231231
10156,남양주시,경기버스,88,222000008,내촌차고지,236001328,경동시장앞,105000081,N,20231231
10157,남양주시,경기버스,땡큐31,222000218,진벌마을,222000684,극동.성호아파트.중앙병원,222000972,N,20231231
10158,남양주시,경기버스,땡큐90,222000195,광릉내,222001122,한신더휴6.8단지,222001390,N,20231231
10159,남양주시,경기운수,10-5,234000028,호평동차고지,222000824,당고개역,110000650,N,20231231
10160,남양주시,경기운수,1000,221000003,호평동차고지,222000824,잠실광역환승센터,123000611,N,20231231
10161,남양주시,경기운수,170,222000221,사능차고지,222000755,현대코아,105000199,N,20231231
10162,남양주시,경기운수,2000,222000075,진벌리차고지,222000652,강남역.강남역사거리,121000091,N,20231231
10163,남양주시,경기운수,2000-1,222000122,진벌리차고지,222000652,강남역.강남역사거리,121000091,N,20231231
10164,남양주시,경기운수,202,222000004,진벌리차고지,222000652,현대코아,105000199,N,20231231
10165,남양주시,경기운수,21,222000170,금곡2리.경복대학,222000650,의정부역.흥선지하도입구,207000439,Y,20231231
10166,남양주시,경기운수,5-1,222000098,금곡산업단지,222000152,사릉역,222001575,N,20231231
10167,남양주시,경기운수,5-2,222000211,봉영사,222000711,오남역,222000719,N,20231231
10168,남양주시,경기운수,5-5,222000214,접동마을,222001123,진접고.화봉초교.신안인스빌아파트,222001376,N,20231231
10169,남양주시,경기운수,6-1,222000017,윗독정리,222000921,사릉역,222001575,N,20231231
10170,남양주시,경기운수,6-2,222000020,진접역4.5번출구.엠타워.단우타워,222001556,윗독정,222000922,N,20231231
10171,남양주시,경기운수,9,222000009,진벌리차고지,222000652,강변역B,104000280,N,20231231
10172,남양주시,경기운수,9-1,222000111,진벌리차고지,222000652,강변역B,104000280,N,20231231
10173,남양주시,경기운수,땡큐60,222000110,대경대학교서울한류캠퍼스,222000767,금곡동구종점.금곡초교,222000141,N,20231231
10174,남양주시,경기운수,땡큐70,222000190,진벌리차고지,222000652,금곡동구종점.금곡초교,222000141,N,20231231
10175,부천시,도원교통,50,210000001,고강공영차고지,212000379,송내역남부,211000095,Y,20240307
10176,부천시,도원교통,12월 01일,210000002,대장동종점,212000011,괴안사거리.삼오유치원,211000065,Y,20240307
10177,부천시,도원교통,Jan-50,210000003,고강공영차고지,212000379,포도마을사거리.현대백화점.이마트,210000488,Y,20240307
10178,부천시,부일교통,55,210000004,소사공영차고지,211000219,역곡역.역곡남부시장,211000118,N,20240307
10179,부천시,부일교통,Jan-55,210000005,시온고등학교,211000168,역곡역.역곡남부시장,211000118,N,20240307
10180,부천시,부일교통,53,210000006,대장공영차고지,212000232,두산삼성주공아파트,211000177,Y,20240307
10181,부천시,부일교통,56,210000007,부천터미널소풍,210000561,소새울역.한울빛도서관.복사초등학교,211000011,Y,20240307
10182,부천시,성일운수,52,210000009,상동회차지,210000467,온수남부,116000458,Y,20240307
10183,부천시,소신여객,Feb-70,210000012,춘의동차고지,210000156,국회의사당역,118000048,Y,20240307
10184,부천시,소신여객,3,210000013,소사공영차고지,211000219,김포공항국내선(9번홈),115000601,Y,20240307
10185,부천시,소신여객,5,210000014,고강공영차고지,212000379,부천테크노파크3단지301동앞,212000187,Y,20240307
10186,부천시,소신여객,05월 03일,210000016,부천역북부(기점),210000481,상동역1번출구.부천터미널소풍.홈플러스,210000481,N,20240307
10187,부천시,소신여객,05월 04일,210000017,부천역북부(기점),210000481,부천체육관북문,210000202,N,20240307
10188,부천시,소신여객,6,210000019,전진아파트,211000045,신중동역3번출구.원미경찰서.롯데백화점,210000453,N,20240307
10189,부천시,소신여객,8,210000024,대장공영차고지,212000232,고강동우체국,212000071,Y,20240307
10190,부천시,소신여객,02월 23일,210000033,소사공영차고지,211000219,라일락마을어린이공원,210000196,Y,20240307
10191,부천시,소신여객,70,210000034,부개역.상동차고지,210000634,당산역,118000501,N,20240307
10192,부천시,소신여객,Mar-70,210000036,대장공영차고지,212000232,경방타임스퀘어.신세계백화점,118000032,Y,20240307
10193,부천시,소신여객,71,210000037,소사공영차고지,211000219,송정역,115000449,Y,20240307
10194,포천시,선진시내버스,3100,207000070,대진대주차장대기(경유),277102087,뱅뱅사거리(중),121000005,N,20240306
10195,포천시,포천상운,20637,236000009,포천고등학교앞,236000737,추동1리마을회관,236000320,N,20240306
10196,포천시,포천상운,53,236000012,포천시청앞,236000308,삼율리,236000124,N,20240306
10197,포천시,포천상운,55,236000013,포천시청앞,236000308,직두3리.논배,236000963,N,20240306
10198,포천시,포천상운,63,236000015,영화마을,236000463,산호아파트,236001077,N,20240306
10199,포천시,포천상운,20821,236000019,포천시청앞,236000308,송내주공5단지후문,215000176,N,20240306
10200,포천시,포천상운,73,236000023,포천고등학교앞,236000737,포천아트밸리,236001172,N,20240306
10201,포천시,포천상운,21916,236000025,포천고등학교앞,236000737,관인파출소앞,236001164,N,20240306
10202,포천시,포천상운,60,236000039,포천시청앞,236000308,추동1리마을회관,236000320,N,20240306
10203,포천시,포천상운,56,236000041,포천행복주택.용정산업단지입구,236001076,전곡역,238000325,N,20240306
10204,포천시,포천상운,62,236000044,대진대주차장대기(경유),277102087,양주역,235000245,N,20240306
10205,포천시,포천상운,57,236000046,포천고등학교앞,236000737,소요산,215000217,N,20240306
10206,포천시,포천교통,72,236000048,하성북리,236001242,수유역(중),108000003,Y,20240306
10207,포천시,포천교통,138,236000049,경복대입구,236001099,의정부역.흥선지하도입구,207000439,N,20240306
10208,포천시,선진시내버스,26359,236000052,반월아트홀.여성회관,236001108,방학2동주민센터,109000083,Y,20240306
10209,포천시,포천교통,44958,236000056,동교4통,236000503,무봉2리회관,236000787,N,20240306
10210,포천시,포천교통,2,236000057,동교4통,236000503,무봉2리회관,236000787,N,20240306
10211,포천시,선진시내버스,24108,236000058,일동중.고등학교,236000544,포천고등학교앞,236000737,N,20240306
10212,포천시,선진시내버스,138-5,236000061,도평리,236000784,의정부부대찌개거리.중앙역,207000030,N,20240306
10213,포천시,포천교통,1386,236000063,산정호수.상동주차장,236001170,도봉산역광역환승센터,109000405,N,20240306
10214,포천시,선진시내버스,33,236000066,소학1리,236000834,의정부역.흥선지하도입구,207000439,N,20240306
10215,포천시,선진시내버스,7,236000068,일동터미널,236000919,광능내종점,222001057,N,20240306
10216,포천시,선진시내버스,66,236000070,의정부약국,236000219,초가팔2리마을회관,236001294,N,20240306
10217,포천시,포천교통,1,236000117,선단4통.장승거리,236000520,무림1리마을회관,236001275,N,20240306
10218,포천시,선진시내버스,45109,236000137,도평리,236000784,광능내종점,222001057,N,20240306
10219,포천시,선진시내버스,8,236000140,선단3통,236001382,수영장입구,236001364,N,20240306
10220,포천시,포천교통,3,236000141,일동초교.일동도서관,236000552,백운종점,236000897,N,20240306
10221,포천시,포천상운,68,236000145,영화마을,236000463,의정부약국,236000219,N,20240306
10222,포천시,포천상운,67,236000146,영화마을,236000463,장자마을회관,236001256,N,20240306
10223,포천시,선진시내버스,3200,236000149,차고지대(경유),277102413,청량리역환승센터(4번승강장),105000015,N,20240306
10224,포천시,선진시내버스,9,236000153,청소년교육문화센터,236001216,가산면행정복지센터,236001321,N,20240306
10225,남양주시,대원운수,1006,222000192,다산차고지,222001920,강변역A,104000183,N,20231231
10226,남양주시,대원운수,105,222000177,진벌리차고지,222000652,당고개역,110000650,N,20231231
10227,남양주시,대원운수,105-1,222000186,광릉내종점,222000629,당고개역,110000650,N,20231231
10228,남양주시,대원운수,1100,222000074,차산리,222000796,신사역3번출구,122000010,N,20231231
10229,포천시,선진시내버스,10,236000154,산정호수상동주차장,236001143,한탄강하늘다리주차장,236000327,Y,20240306
10230,포천시,선진시내버스,3500,236000176,대진대주차장대기(경유),277102087,건대로데오거리입구,104000125,N,20240306
10231,포천시,선진시내버스,45108,236000188,도평리,236000784,광릉내종점,222000629,N,20240306
10232,포천시,선진시내버스,3600,236000190,차고지대기(경유),277102567,강남역12번출구,122000181,N,20240306
10233,포천시,포천교통,88,236000194,경복대입구,236001099,홈플러스,236000509,Y,20240306
10234,포천시,포천상운,31778,236000196,포천고등학교앞,236000737,금동1리,236000729,N,20240306
10235,포천시,포천상운,31837,236000197,영화아파트,236000954,아트교사거리,236001406,N,20240306
10236,포천시,포천상운,31898,236000198,대경중학교앞,236000470,너베기입구,236001214,N,20240306
10237,포천시,포천상운,89,236000202,포천고등학교앞,236000737,관인파출소앞,236000120,N,20240306
10238,포천시,포천상운,31868,236000204,영화마을,236000463,기지리,236000839,N,20240306
10239,포천시,선진시내버스,11,236000207,포천행복주택.용정산업단지입구,236001076,운담사거리,236000541,Y,20240306
10240,포천시,포천상운,86,236000208,태봉초교,236001086,이동교5리.축석검문소,236000581,N,20240306
10241,포천시,포천상운,26665,236000210,포천고등학교앞,236000737,포천고등학교앞,236000294,N,20240306
10242,포천시,선진시내버스,45231,236000211,포천행복주택.용정산업단지입구,236001076,운담사거리,236000541,N,20240306
10243,포천시,선진시내버스,45200,236000213,산정호수상동주차장,236001143,영북농협앞,236000141,N,20240306
10244,포천시,선진시내버스,45201,236000214,선단4통.장승거리,236000520,산정호수.상동주차장,236001170,N,20240306
10245,포천시,포천상운,21947,236000215,포천고등학교앞,236000737,냉정리회관앞,236000930,N,20240306
10246,포천시,포천상운,26696,236000216,포천고등학교앞,236000737,기지리,236000839,N,20240306
10247,포천시,포천교통,77,236000217,경복대입구,236001099,포천고등학교앞,236000294,Y,20240306
10248,포천시,포천교통,44986,236000218,일동초교.일동도서관,236000552,장암5리.한빛아파트,236000150,N,20240306
10249,포천시,선진시내버스,45170,236000219,청소년교육문화센터,236001216,금현3리.대대울,236000475,N,20240306
10250,포천시,포천교통,3006,236000222,경복대입구,236001099,잠실광역환승센터,123000611,Y,20240306
10251,포천시,포천상운,26724,236000223,포천고등학교앞,236000737,포천고등학교앞,236000294,N,20240306
10252,포천시,선진시내버스,12,236000224,도평리,236000784,포천아이파크2차,236000178,N,20240306
10253,포천시,포천상운,69,236000225,선단동체육센터,236001384,정미소.동교1통회관,236001046,N,20240306
10254,포천시,선진시내버스,45171,236000226,청소년교육문화센터,236001216,너베기입구,236001033,N,20240306
10255,포천시,포천상운,20455,236000227,영화마을,236000463,전곡역,238000325,N,20240306
10256,포천시,포천교통,28126,236000228,경복대입구,236001099,포천행복주택.용정산업단지입구,236001104,N,20240306
10257,포천시,포천교통,44927,236000229,선단4통.장승거리,236000520,축석가든,236000704,N,20240306
10258,포천시,포천상운,85,236000230,선단4통.장승거리,236000520,금주2리회관,236000783,N,20240306
10259,포천시,포천상운,31048,236000231,선단4통.장승거리,236000520,양문1리터미널,236000555,N,20240306
10260,포천시,포천교통,32143,236000232,경복대입구,236001099,홈플러스,236000509,Y,20240306
10261,포천시,포천상운,65,236000233,포천고등학교앞,236000294,어룡2통마을회관,236001259,N,20240306
10262,포천시,포천교통,1403,236000234,경복대입구,236001099,고속터미널(중),121000020,N,20240306
10263,포천시,포천상운,90,236000235,지현교,236000363,일동면사무소.농협,236000543,N,20240306
10264,남양주시,대원운수,1,222000058,진벌리차고지입구,222001616,강변역A,104000183,Y,20231231
10265,남양주시,대원운수,1-4,222000032,차산리,222000796,미사동차고지,227000064,Y,20231231
10266,남양주시,대원운수,10,222000082,진벌리차고지,222000652,당고개역,110000650,N,20231231
10267,남양주시,대원운수,100,234000873,진벌리차고지,222000652,강변역B,104000280,N,20231231
10268,남양주시,대원운수,1000-1,234001511,호평동차고지,222000824,잠실광역환승센터,123000611,N,20231231
10269,남양주시,대원운수,1001,222000107,청학리,222001626,잠실광역환승센터,123000611,N,20231231
10270,남양주시,대원운수,1003,222000169,다산차고지,222001920,잠실광역환승센터,123000611,N,20231231
10271,의왕시,의왕운수,3,3,모락산현대아파트,27233,관악타운,10011,Y,20240311
10272,의왕시,백운여객,8,3,오봉산마을,27047,오전동주민센터,27138,Y,20240311
10273,의왕시,의왕교통,5,3,롯데타임빌라스,27242,인덕원역,10166,Y,20240311
10274,의왕시,백운여객,8,226000011,오봉산마을,27047,오전동주민센터,27138,Y,20240423
10419,남양주시,경기버스,88,222000008,내촌차고지,236001328,경동시장앞,105000081,N,20240617
10420,남양주시,경기버스,땡큐31,222000218,진벌마을,222000684,극동.성호아파트.중앙병원,222000972,N,20240617
10421,남양주시,경기버스,땡큐90,222000195,광릉내,222001122,한신더휴6.8단지,222001390,N,20240617
10422,남양주시,경기운수,10-5,234000028,호평동차고지,222000824,당고개역,110000650,N,20240617
10423,남양주시,경기운수,1000,221000003,호평동차고지,222000824,잠실광역환승센터,123000611,N,20240617
10424,남양주시,경기운수,170,222000221,사능차고지,222000755,현대코아,105000199,N,20240617
10425,남양주시,경기운수,2000,222000075,진벌리차고지,222000652,강남역.강남역사거리,121000091,N,20240617
10426,남양주시,경기운수,2000-1,222000122,진벌리차고지,222000652,강남역.강남역사거리,121000091,N,20240617
10427,남양주시,경기운수,202,222000004,진벌리차고지,222000652,현대코아,105000199,N,20240617
10428,남양주시,경기운수,21,222000170,금곡2리.경복대학,222000650,의정부역.흥선지하도입구,207000439,Y,20240617
10429,남양주시,경기운수,5-1,222000098,금곡산업단지,222000152,사릉역,222001575,N,20240617
10430,남양주시,경기운수,5-2,222000211,봉영사,222000711,오남역,222000719,N,20240617
10431,남양주시,경기운수,5-5,222000214,접동마을,222001123,진접고.화봉초교.신안인스빌아파트,222001376,N,20240617
10432,남양주시,경기운수,6-1,222000017,윗독정리,222000921,사릉역,222001575,N,20240617
10433,남양주시,경기운수,6-2,222000020,진접역4.5번출구.엠타워.단우타워,222001556,윗독정,222000922,N,20240617
10434,남양주시,경기운수,9,222000009,진벌리차고지,222000652,강변역B,104000280,N,20240617
10435,남양주시,경기운수,9-1,222000111,진벌리차고지,222000652,강변역B,104000280,N,20240617
10436,남양주시,경기운수,땡큐60,222000110,대경대학교서울한류캠퍼스,222000767,금곡동구종점.금곡초교,222000141,N,20240617
10437,남양주시,경기운수,땡큐70,222000190,진벌리차고지,222000652,금곡동구종점.금곡초교,222000141,N,20240617
10438,구리시,경기여객,78,207000080,갈매역,221000217,강변역(B),104000280,N,20240613
10439,구리시,경기여객,75,221000032,갈매역,221000217,석계역1번출구A,110000183,N,20240613
10440,구리시,경기여객,1680,221000033,갈매역,221000217,잠실광역환승센터,123000611,N,20240613
10441,구리시,경기여객,'75-1',221000034,갈매역,221000217,지하철6호선화랑대역,106000200,N,20240613
10442,구리시,경기여객,G1690,221000035,갈매역,221000217,잠실광역환승센터,123000611,N,20240613
10443,구리시,경기여객,93,222000026,대성리,239000682,강변역(A),104000183,Y,20240613
10444,구리시,경기여객,51,222000050,센트럴.한화아파트,222001608,경동시장앞,105000081,N,20240613
10445,구리시,경기여객,95,222000052,다산차고지,222001920,강변역(B),104000280,Y,20240613
10446,구리시,경기여객,96,234000029,다산차고지,222001920,강변역(B),104000280,N,20240613
10447,구리시,경기여객,1115-6,234000031,농수산물시장,221000264,잠실광역환승센터,123000611,N,20240613
10448,구리시,경기여객,15,234000035,연대농장입구.도곡리종점,222000267,강변역(A),104000183,N,20240613
10449,구리시,경기여객,1650,234000050,구리수택차고지,221000046,안양역,208000069,N,20240613
10450,구리시,경기여객,92,234000058,내촌차고지,236001328,강변역(B),104000280,Y,20240613
10451,구리시,구리-경기여객,7,241241001,구종점,221000041,구리역.롯데백화점,221000303,N,20240613
10452,구리시,구리-경기여객,'7-1',241339005,수택고등학교정문,221000310,구리역.롯데백화점,221000303,N,20240613
10453,구리시,구리-구일교통,6,241338001,한진그랑빌아파트후문,221000321,환경관리사업소.구리시곤충생태관,221000048,Y,20240613
10454,구리시,구리-구일교통,'6-1',241338002,한진그랑빌아파트후문,221000321,신명.동양아파트.목양교회,221000276,Y,20240613
10455,구리시,구리-구일교통,'6-2',241338003,딸기원서문,221000061,구리역.롯데백화점,221000303,N,20240613
10456,구리시,구리-미래교통,2,241339001,LG원앙.한성아파트,221000102,갈매역,221000154,Y,20240613
10457,구리시,구리-미래교통,'2-2',241339004,구리역.롯데백화점,221000304,삼육대앞,110000055,N,20240613
10458,구리시,구리-행복운수,3,241340008,국군구리병원,221000052,구리여중고.수택초교,221000329,N,20240613
10459,구리시,구리-행복운수,5,241340001,아름마을삼성아파트,221000282,돌섬마을,221000312,N,20240613
10460,구리시,구리-행복운수,8,241340005,개나리아파트,221000281,삼성.e편한세상아파트,221000076,N,20240613
10461,남양주시,대원운수,1,222000058,진벌리차고지입구,222001616,강변역A,104000183,Y,20240617
10462,남양주시,대원운수,1-4,222000032,차산리,222000796,미사동차고지,227000064,Y,20240617
10463,남양주시,대원운수,10,222000082,진벌리차고지,222000652,당고개역,110000650,N,20240617
10464,남양주시,대원운수,100,234000873,진벌리차고지,222000652,강변역B,104000280,N,20240617
10465,남양주시,대원운수,1000-1,234001511,호평동차고지,222000824,잠실광역환승센터,123000611,N,20240617
10466,남양주시,대원운수,1001,222000107,청학리,222001626,잠실광역환승센터,123000611,N,20240617
10467,남양주시,대원운수,1003,222000169,다산차고지,222001920,잠실광역환승센터,123000611,N,20240617
10468,남양주시,대원운수,1006,222000192,다산차고지,222001920,강변역A,104000183,N,20240617
10469,남양주시,대원운수,105,222000177,진벌리차고지,222000652,당고개역,110000650,N,20240617
10470,남양주시,대원운수,105-1,222000186,광릉내종점,222000629,당고개역,110000650,N,20240617
10471,남양주시,대원운수,1100,222000074,차산리,222000796,신사역3번출구,122000010,N,20240617
10472,남양주시,대원운수,112-1,222000045,연대농장입구.도곡리종점,222000267,테크노마트앞.강변역(D),104000069,Y,20240617
10473,남양주시,대원운수,1200,222000078,차산리,222000796,잠실광역환승센터,123000611,N,20240617
10474,남양주시,대원운수,1200-1,222000137,차산리,222000796,잠실광역환승센터,123000611,N,20240617
10475,남양주시,대원운수,165,222000028,호평동차고지,222000824,현대코아,105000199,Y,20240617
10476,남양주시,대원운수,166,222000072,연대농장입구.도곡리종점,222000267,현대코아,105000199,N,20240617
10477,남양주시,대원운수,166-1,222000048,연대농장입구.도곡리종점,222000267,현대코아,105000199,Y,20240617
10478,남양주시,대원운수,1660,222000049,연대농장입구.도곡리종점,222000267,테크노마트앞.강변역(D),104000069,N,20240617
10479,남양주시,대원운수,167-1,222000056,농수산물시장,221000265,율석3리,222000967,N,20240617
10480,남양주시,대원운수,1670,222000046,연대농장입구.도곡리종점,222000267,잠실역,222000785,N,20240617
10481,남양주시,대원운수,1670-1,222000213,연대농장입구.도곡리종점,222000267,잠실역,222000785,N,20240617
10482,남양주시,대원운수,168,222000047,차산리,222000796,연대농장입구.도곡리종점,222000268,N,20240617
10483,남양주시,대원운수,1700,222000073,연대농장입구.도곡리종점,222000267,서초푸르지오써밋.롯데캐슬클래식,121000088,N,20240617
10484,남양주시,대원운수,30-15,222000033,연대농장입구.도곡리종점,222000267,마석역,222000010,N,20240617
10485,남양주시,대원운수,33-2,222000202,산성마을입구,222000011,대성리종점,222000740,N,20240617
10486,남양주시,대원운수,330-1,234000041,비금리,222000800,현대코아,105000199,N,20240617
10487,남양주시,대원운수,330-2,222000133,차산리,222000796,비금리,222000799,N,20240617
10488,남양주시,대원운수,330-3,222000109,비금리,222000800,차산리,222000797,N,20240617
10489,남양주시,대원운수,34,222000168,다산차고지,222001920,도농역.동화중고교.다산플루리움(중),222001321,N,20240617
10490,남양주시,대원운수,38,222000176,수택고등학교정문,221000310,가운고등학교,222001136,N,20240617
10491,남양주시,대원운수,55,222000023,사능차고지,222000755,55번종점,222000169,N,20240617
10492,남양주시,대원운수,58,222000216,차산리,222000796,다산정약용유적지.실학박물관,222001325,N,20240617
10493,남양주시,대원운수,6,222000029,차산리,222000796,군장리종점,222001020,N,20240617
10494,남양주시,대원운수,6-6,222000215,군장리종점,222001020,금곡동구종점.금곡초교,222000141,N,20240617
10495,남양주시,대원운수,65,222000031,차산리,222000796,경동시장앞,105000081,Y,20240617
10496,남양주시,대원운수,65-1,222000030,차산리,222000796,석계역1번출구.A,110000183,Y,20240617
10497,남양주시,대원운수,7,222000055,훈련장입구,222000251,삼익아파트,222001279,N,20240617
10498,남양주시,대원운수,76,222000181,수택고등학교정문,221000310,석계역1번출구.A,110000183,N,20240617
10499,남양주시,대원운수,8-8A,222000224,에코랜드수영장,222001725,비루개마을,222000126,N,20240617
10500,남양주시,대원운수,8-8B,222000225,에코랜드수영장,222001725,하늘땅끝.용암리종점,222000651,N,20240617
10501,남양주시,대원운수,8-9,222000197,청소년도움센터.동부희망케어센터,222000013,송천리종점,222001099,N,20240617
10502,남양주시,대원운수,8001,222000088,대성리,239000682,신사역3번출구,122000010,N,20240617
10503,남양주시,대원운수,8002,222000084,대성리,239000682,잠실광역환승센터,123000611,N,20240617
10504,남양주시,대원운수,8002-1,222000178,대성리,239000682,잠실광역환승센터,123000611,N,20240617
10505,남양주시,대원운수,91,222000022,진벌리차고지,222000652,강변역B,104000280,N,20240617
10506,남양주시,대원운수,97,222000027,호평동차고지,222000824,서울아산병원동관,123000029,N,20240617
10507,남양주시,대원운수,98,222000227,차산리,222000796,신동아아파트입구.한양병원,222001281,Y,20240617
10508,남양주시,대원운수,98-1,222000228,차산리,222000796,한양병원,222001816,N,20240617
10509,남양주시,대원운수,99,222000174,다산차고지,222001920,구리역.롯데백화점,221000304,N,20240617
10510,남양주시,대원운수,99-1,222000175,자연앤e편한세상.힐스테이트,222000342,구리역.롯데백화점,221000304,N,20240617
10511,남양주시,대원운수,M2341,222000179,월산지구부영1.2단지입구,222001467,잠실광역환승센터,123000611,N,20240617
10512,남양주시,대원운수,M2344,222000185,별내하우스토리.중말사거리,222000616,잠실광역환승센터,123000611,N,20240617
10513,남양주시,대원운수,M2352,222000209,평내농협.평내초교.대명루첸,222000322,잠실광역환승센터,123000611,N,20240617
10514,남양주시,대원운수,M2353,222000210,자연앤자이.반도유보라,222001932,잠실광역환승센터,123000611,N,20240617
10515,남양주시,대원운수,땡큐10,222000191,다산차고지,222001920,두산알프하임정문,222000194,N,20240617
10516,남양주시,대원운수,땡큐11,222000201,수택고등학교정문,221000310,다산롯데캐슬.반도유보라,222000278,N,20240617
10517,남양주시,대원운수,땡큐12,222000180,수택고등학교정문,221000310,반도유보라정문.다산포레스트2단지,222001922,N,20240617
10518,남양주시,대원운수,땡큐21,222000041,산성마을입구,222000011,보광사.가곡리종점,222001236,Y,20240617
10519,남양주시,대원운수,땡큐22,222000205,차산리,222000796,답내초교,222001258,N,20240617
10520,남양주시,대원운수,땡큐23,222000064,산성마을입구,222000011,창현리.종점,222001188,N,20240617
10521,남양주시,대원운수,땡큐25,222000063,맹골,222001197,창현초등학교,222000094,Y,20240617
10522,남양주시,대원운수,땡큐30,222000200,청학리,222001626,금곡동구종점.금곡초교,222000141,N,20240617
10523,남양주시,대원운수,땡큐33,222000187,외구운마을,222000023,고로쇠마을.비금리,222000425,N,20240617
10524,남양주시,대원운수,땡큐34,222000034,차산리,222000796,축령산자연휴양림,222001557,Y,20240617
10525,남양주시,대원운수,땡큐35,222000131,화도정수장,222000215,수산1리마을회관,222001000,N,20240617
10526,남양주시,대원운수,땡큐36,222000061,마석역,222000010,지둔리마을회관,222001164,Y,20240617
10527,남양주시,대원운수,땡큐37,222000040,차산리,222000796,만취대,222000100,N,20240617
10528,남양주시,대원운수,땡큐50,222000199,청학리,222001626,금곡동구종점.금곡초교,222000141,N,20240617
10529,남양주시,대원운수,땡큐58-4,222000217,대성리,239000682,도농역.동화중고교.다산플루리움(중),222001321,N,20240617
10530,남양주시,경기버스,11,236000050,소학1리,236000596,강변역A,104000183,N,20240617
10531,남양주시,경기버스,115,222000222,사능차고지,222000755,석계역1번출구.A,110000183,Y,20240617
10532,남양주시,경기버스,23,222000013,내촌차고지,236001328,스타필드하남,227000307,Y,20240617
10533,남양주시,경기버스,7-4,222000019,사릉역,222001575,금곡2리.경복대학,222000650,N,20240617
10534,남양주시,경기버스,7-7,222000016,광릉테크노밸리입구,222001426,진접역4.5번출구.엠타워.단우타워,222001556,N,20240617
10535,남양주시,경기버스,7-8,222000096,광릉테크노밸리입구,222001426,접동마을,222001118,N,20240617
10536,남양주시,경기버스,7-9,222000196,진접읍사무소,222001457,팔현2리종점,222000830,N,20240617
10537,남양주시,경기버스,7007,222000076,광릉내,222001122,강남역.강남역사거리,121000091,N,20240617
10538,남양주시,경기버스,707,222000002,진벌리차고지입구,222001616,현대코아,105000199,N,20240617
10539,남양주시,경기버스,71,222000006,금곡산업단지,222000152,봉현마을.현대병원,222001086,N,20240617
10795,이천시,이천시내버스,26_12,234001469,이천역,230001276,신갈리,230000715,N,20250304
10796,이천시,이천시내버스,28_2,234000449,이천터미널,230001441,양평리,230001339,N,20250304
10797,이천시,이천시내버스,28_21,230000100,양평리,230001339,터미널신둔홈,230000251,N,20250304
10798,이천시,이천시내버스,28_3,234000451,이천터미널,230001441,대흥2리,230000411,N,20250304
10799,이천시,이천시내버스,28_30,234001174,이천터미널,230001441,대흥2리,230000411,N,20250304
10800,이천시,이천시내버스,28_4,234000452,이천터미널,230001441,도리리마을회관,230001144,N,20250304
10801,이천시,이천시내버스,28_41,234000453,이천터미널,230001441,대월농협,230000406,N,20250304
10802,이천시,이천시내버스,28_43,234001470,이천역,230001276,대흥리,230000410,N,20250304
10803,이천시,이천시내버스,28_5,234000751,이천터미널,230001441,송라리.마을회관,230000650,N,20250304
10804,이천시,이천시내버스,28_51,234000454,이천터미널,230001441,장평1리,230000417,Y,20250304
10805,이천시,이천시내버스,28_53,234001182,이천역,230001276,금당리.설성면사무소,230001364,N,20250304
10806,이천시,이천시내버스,28_54,234001538,이천역,230001276,장평1리,230000417,N,20250304
10807,이천시,이천시내버스,28_55,234001537,장평1리,230000417,이천역종점,230001210,N,20250304
10808,이천시,이천시내버스,28_6,234000455,이천터미널,230001441,송라리.마을회관,230000650,N,20250304
10809,이천시,이천시내버스,28_7,234000456,이천역,230001276,죽당리,230000470,N,20250304
10810,이천시,이천시내버스,28_71,234001078,산촌리마을회관,230000961,이천역종점,230001210,N,20250304
10811,이천시,이천시내버스,28_8,234000458,이천터미널,230001441,용은리종점,237000891,N,20250304
10812,이천시,이천시내버스,28_92,234001471,이천터미널,230001441,용은리종점,237000891,N,20250304
10813,이천시,이천시내버스,29,230000120,GM하이빌,230001099,이마트,201000198,N,20250304
10814,이천시,이천시내버스,29_10,230000131,GM하이빌,230001099,증포중학교,230000847,N,20250304
10815,이천시,이천시내버스,29_4,234000480,이천역,230001276,가좌리,230001095,N,20250304
10816,이천시,이천시내버스,29_40,234001116,이천역,230001276,가좌사거리,230001372,N,20250304
10817,이천시,이천시내버스,29_95,234001201,이천터미널,230001441,효양아파트,230001211,Y,20250304
10818,이천시,이천시내버스,5,234001610,신일아파트앞,230000584,신둔도예촌역,230000631,N,20250304
10819,이천시,이천시내버스,6,234001611,이천역,230001276,이천역종점,230001210,N,20250304
10546,안성시,백성운수,37,41018001,구)터미널,33134,여주터미널,52100,Y,20241120
10547,안성시,백성운수,05월 05일,41018170,대우아파트,33101,금화아파트,34202,Y,20241120
10548,안성시,백성운수,10월 02일,41018140,안성터미널,34663,신계리,34052,Y,20241120
10549,안성시,백성운수,10월 06일,41018146,인지사거리,33161,미양면사무소,34124,Y,20241120
10550,안성시,백성운수,01월 04일,41018117,하나로마트,33133,구)공도정류장(안성방면),33023,Y,20241120
10551,안성시,백성운수,01월 09일,41018148,하나로마트,33133,양성터미널,34082,Y,20241120
10552,안성시,백성운수,100-3,41018169,인삼농협앞,33145,서운면사무소,34236,Y,20241120
10553,안성시,백성운수,01월 06일,41018118,하나로마트,33133,양성터미널,34082,Y,20241120
10554,안성시,백성운수,Feb-50,41018106,안성터미널,34663,고삼사동,33229,Y,20241120
10555,안성시,백성운수,380,41018182,안성터미널,34676,구)터미널,33134,Y,20241120
10556,안성시,백성운수,370,41018029,일죽터미널,34516,평택터미널,15719,Y,20241120
10557,안성시,백성운수,07월 08일,41018175,임광그대가아파트,33749,임광그대가아파트,33749,Y,20241120
10558,안성시,백성운수,3,41018018,일죽터미널,34516,삼성,83010,Y,20241120
10559,안성시,백성운수,08월 02일,41018192,안성터미널,34663,법전리,34110,Y,20241120
10560,안성시,백성운수,10월 07일,41018183,안성터미널,34663,개리촌,33788,Y,20241120
10561,안성시,백성운수,100,41018013,인삼농협앞,33145,인삼농협앞,33145,Y,20241120
10562,안성시,백성운수,100-1,41018143,인삼농협앞,33145,발화동,33199,Y,20241120
10563,안성시,백성운수,70,41018004,안성터미널,34663,평택터미널,15719,Y,20241120
10564,평택시,대원고속,5401,234001742,평택지제역,214002018,신분당선강남역(중),121000009,N,20250213
10565,평택시,대원고속,6600,234001697,비전푸르지오(중),214002034,신분당선강남역(중),121000009,N,20250213
10566,평택시,대원고속,6801,234001739,평택지제역,214002018,야탑역.종합버스터미널(광역버스),206000784,N,20250213
10567,평택시,대원고속,M5438,234001660,평택지제역,214002018,신분당선강남역(중),121000009,N,20250213
10568,평택시,평택버스,6800,228000411,안중공용터미널,214001479,창현고교.아주대학교.유신고교,202000039,N,20250213
10569,평택시,평택버스,6802,214000273,삼성전자(중),214001440,야탑역.종합버스터미널(전면),206000157,N,20250213
10570,평택시,평택여객,1177,214000248,죽백동차고지,214002076,평택지제역,214002018,N,20250213
10571,평택시,평택여객,1199,214000194,죽백동차고지,277101657,평택지제역,214002018,Y,20250213
10572,평택시,평택여객,1451,214000264,평택터미널,214000640,서정리역(중),214000640,Y,20250213
10573,평택시,평택여객,1456,214000272,평택지제역,214000622,서정리역(중),214000604,N,20250213
10574,평택시,평택여객,1731,214000156,죽백동차고지,214001328,부영1차후문,214001037,Y,20250213
10575,평택시,평택여객,300,214000177,오성면사무소앞,214000197,오성면사무소,214000197,N,20250213
10576,평택시,평택여객,300-1,214000178,오성면사무소앞,214000197,숙성4리,214000197,N,20250213
10577,평택시,평택여객,302,214000171,평택항.국제여객터미널,214001314,서정리역,214000473,Y,20250213
10578,평택시,평택여객,310-1,214000179,안중공용터미널,214001479,죽백동차고지,214001329,N,20250213
10579,평택시,평택여객,310-2,214000161,안중오거리,214001321,청북중학교,214000450,N,20250213
10580,평택시,평택여객,313,214000169,안중오거리,214001321,청북읍사무소.신포,214000449,Y,20250213
10581,평택시,평택여객,315,214000251,안중오거리,214001321,고잔마트,214002103,N,20250213
10582,평택시,평택여객,320,214000180,안중공용터미널,214001479,죽백동차고지,214001329,N,20250213
10583,평택시,평택여객,320-1,214000159,죽백동차고지,214001328,양교6리,214000041,N,20250213
10584,평택시,평택여객,6396,214000079,안중공용터미널,214001479,K55정문,214000308,Y,20250213
10585,평택시,평택여객,6601,214000274,안중공용터미널,214001479,안중역,214000840,N,20250213
10586,평택시,평택여객,6881,214000173,안중역,214000840,평택당진항국제여객터미널,214000886,Y,20250213
10587,평택시,평택여객,80,214000052,죽백동차고지,214001328,평택항.국제여객터미널,214001354,Y,20250213
10588,평택시,평택여객,8000,214000255,안중출장소,214001479,평택역.AKPLAZA(제1승강장),214000596,N,20250213
10589,평택시,평택여객,81-1,214000055,성공회앞,214001380,모아아파트,214001203,Y,20250213
10590,평택시,평택여객,810,214000160,죽백동차고지,214001328,평택항.국제여객터미널,214001314,N,20250213
10591,평택시,평택여객,82,214000054,안중초교앞,214000131,권관2리입구,214000140,Y,20250213
10592,평택시,평택여객,83,214000056,성공회앞,214001380,원정8리,214001233,Y,20250213
10593,평택시,평택여객,84,214000060,안중초교앞,214000131,광덕(종점),214000927,Y,20250213
10594,평택시,평택여객,85,214000067,성공회앞,214001231,홍원1지구(종점),214000986,Y,20250213
10595,평택시,평택여객,86,214000070,성공회앞,214001380,신영2리,214000050,Y,20250213
10596,평택시,평택여객,873,214000155,안중오거리,214001321,한내들퍼스트뷰,214001654,Y,20250213
10540,이천시,이천시내버스,230,230000181,이천터미널,230001441,대흥2리,230000411,Y,20240830
10541,이천시,이천시내버스,220,230000180,이천버스공영차고지,230000344,부발역,230001150,Y,20240830
10597,평택시,평택여객,91,214000081,죽백동차고지,214001328,창내4리,214000156,N,20250213
10598,평택시,평택여객,93,214000080,안중공용터미널,214001479,안중공용터미널,214001462,Y,20250213
10599,평택시,평택여객,98,214000053,죽백동차고지,214001328,해군2함대정문,214001373,Y,20250213
10600,평택시,평택여객,99,214000148,안중초교앞,214000131,기산리마을회관,214001176,Y,20250213
10601,평택시,평택운수,1000,214000244,기남방송,214001320,평택지제역,214002018,Y,20250213
10602,평택시,평택운수,1108,214000021,기남방송,214001320,금노마을,231000076,Y,20250213
10603,평택시,평택운수,1155,214000262,기남방송,214001320,평택지제역,214001327,N,20250213
10604,평택시,평택운수,1183,214000254,죽백초교앞,214001548,평택역.AKPLAZA,214000628,N,20250213
10605,평택시,평택운수,1215,214000005,기남방송,214001320,노양리낚시터,214000362,N,20250213
10606,평택시,평택운수,1220,214000018,e편한세상평택용이.평택남산교회앞,214001302,K6정문.캠프험프리,214000800,Y,20250213
10607,평택시,평택운수,1361,214000245,기남방송,214001320,상리,214000167,Y,20250213
10608,평택시,평택운수,1371,214000019,기남방송,214001320,(임시)광동제약,214001339,Y,20250213
10609,평택시,평택운수,1372,214000020,기남방송,214001320,지제역동문디이스트5단지,214000581,Y,20250213
10610,평택시,평택운수,순환111A,214000256,평택역.AKPLAZA,214000628,평택터미널,214000641,Y,20250213
10611,평택시,평택운수,순환122A,214000267,기남방송,214001320,대추리평화마을,214001327,N,20250213
10612,평택시,평택운수,순환122B,214000269,기남방송,214001320,대추리평화마을,214001327,N,20250213
10613,평택시,평택운수,순환123A,214000263,기남방송,214001320,대사1리,214001327,N,20250213
10614,평택시,평택운수,순환123B,214000270,기남방송,214001320,대사1리,214001327,N,20250213
10615,평택시,평택운수,순환311,214000258,지제역동문디이스트5단지,214000581,지제역동문디이스트5단지,214000581,Y,20250213
10616,평택시,협진여객,1150,214000022,지제역차고지,214002019,봉산로터리,231001360,Y,20250213
10617,평택시,송탄여객,5-1,214000227,장당중학교,214001734,미도아파트,214001928,N,20250213
10618,평택시,송탄여객,5-3,214000228,국제대학,214001742,서정리역,214000613,N,20250213
10619,평택시,송탄여객,5-5,214000226,국제대학,214001742,아주2차아파트,214001739,N,20250213
10620,평택시,송탄여객,55,214000224,장당중학교,214001734,삼익2차아파트,214001924,Y,20250213
10621,평택시,송탄여객,88A,241284002,코오롱하늘채아파트북문,214000469,코오롱하늘채아파트북문,214000469,Y,20250213
10622,평택시,송탄여객,88B,241284007,코오롱하늘채아파트북문,214000469,코오롱하늘채아파트북문,214000469,Y,20250213
10623,평택시,율포여객,10,214000195,영화아파트,214002075,신흥마을,214001578,Y,20250213
10624,평택시,율포여객,15,214000197,한국복지대학교,214001136,서정리역,214001836,N,20250213
10625,평택시,율포여객,16,214000198,평택지제역,214001136,서정리역,214002018,Y,20250213
10626,평택시,율포여객,16-1,214000240,평택지제역,214002018,한국복지대학교,214001836,Y,20250213
10627,평택시,율포여객,31,241282012,현대상가,214000338,고덕아너스,214000282,Y,20250213
10628,평택시,율포여객,32,241282013,고덕아너스(중),214000303,서정리역(마을),214001136,Y,20250213
10629,평택시,율포여객,5,214000196,금각1리,214000313,은혜중고.국제대학,214002003,Y,20250213
10630,평택시,율포여객,5-2,214000237,은혜중고.국제대학,214002003,부락산분수공원,214001393,N,20250213
10631,평택시,율포여객,77,214000200,두릉3리,214001797,동막마을,214001834,N,20250213
10632,평택시,율포여객,77-1,214000202,금각1리,214000313,우림아파트,214001499,N,20250213
10633,평택시,율포여객,99,214000199,코오롱하늘채아파트,214000469,K55정문,214000308,N,20250213
10634,평택시,협진여객,1154,214000271,원중복,231001258,평택역.AKPLAZA,231001258,N,20250213
10635,평택시,협진여객,1220,214000018,e편한세상평택용이.평택남산교회앞,214001302,K6정문.캠프험프리,214000800,Y,20250213
10636,평택시,협진여객,1311,214000014,용이동차고지,214001302,미도아파트,214000298,N,20250213
10637,평택시,협진여객,1353,214000268,용이동차고지,214001302,칠괴동우림아파트,214001302,N,20250213
10638,평택시,협진여객,1409,214000039,평택역.AKPLAZA,231001258,서정리역(중),214000034,N,20250213
10639,평택시,협진여객,1452,214000259,평택지제역,214002018,서정리역(중),214000793,N,20250213
10640,평택시,협진여객,1502,214000001,용이동차고지,214001302,오산대학,223000132,Y,20250213
10641,평택시,협진여객,1522,214000006,용이동차고지,214001302,오산터미널,223000132,Y,20250213
10642,평택시,협진여객,순환111B,214000257,평택터미널,214000640,평택역.AKPLAZA,214000596,N,20250213
10643,평택시,협진여객,순환121,214000043,용이동차고지,214001302,내리회관,214000422,N,20250213
10644,평택시,뉴진위여객,13A,214000216,가곡1리,214001885,송탄시장,214001886,N,20250213
10645,평택시,뉴진위여객,13B,214000217,가곡1리,214001885,송탄시장,214001886,N,20250213
10646,평택시,뉴진위여객,22,214000218,서정리시장,241000613,서정리시장,241000613,N,20250213
10647,평택시,뉴진위여객,23,214000242,서정리시장,241000613,서정리시장,241000613,N,20250213
10648,평택시,뉴진위여객,6,214000212,가곡2리,214001884,오산역환승센터2층(1승강장),223000539,N,20250213
10649,평택시,뉴진위여객,6-1,214000213,동천1리종점,214001942,오산역환승센터2층(1승강장),223000539,N,20250213
10650,평택시,뉴진위여객,66-2,214000221,서정리시장,214000613,청북읍사무소,214000442,N,20250213
10651,평택시,뉴진위여객,663,214000222,서정리시장,214000613,이안아파트,214001492,N,20250213
10652,평택시,뉴진위여객,666,214000223,어연한산공단입구,214001988,이안아파트,214001492,N,20250213
10653,평택시,뉴진위여객,66A,214000219,서정리시장,214000613,고잔7리마을회관,214001418,N,20250213
10654,평택시,뉴진위여객,66B,214000220,서정리시장,214000613,이안아파트,214001492,N,20250213
10655,평택시,뉴진위여객,8,214000214,은산1리,214001161,송탄시장,21400049,N,20250213
10656,평택시,뉴진위여객,8-1,214000215,서정리시장,214000613,청북읍사무소,214000442,N,20250213
10657,평택시,진위운수,33A,214000252,서희스타힐스,214001132,서희스타힐스,214001294,N,20250213
10658,평택시,진위운수,33B,214000253,서희스타힐스,214001116,서희스타힐스,214001294,N,20250213
10659,평택시,평택-가곡여객,11,214000230,가곡5리,214001892,성은리,231001232,N,20250213
10660,평택시,평택-가곡여객,11-1,214000229,가곡5리,214001892,사기막종점,228002312,N,20250213
10661,평택시,평택-가곡여객,11-2,214000231,가곡5리,214001892,평생학습센터,214000343,N,20250213
10662,평택시,평택-가곡여객,11-3,214000232,가곡5리,214001892,드라마세트장,223000539,N,20250213
10663,평택시,평택-가곡여객,11-4,214000233,하북삼거리.진위역,214000513,드라마세트장,214001883,N,20250213
10664,평택시,평택-가곡여객,11-6,214000235,동천보건진료소,214001878,오산역환승센터2층(1승강장),223000539,N,20250213
10665,평택시,평택이화운수,7,241286001,통복사거리,214000598,서정리역(마을),214001136,Y,20250213
10666,평택시,평택이화운수,9,241286002,상리,214000167,서정리역(마을),214001136,Y,20250213
10667,이천시,경기고속,28_40,234001179,도리리,230001380,이천역종점,230001210,N,20250304
10668,이천시,경기고속,28_42,234001180,이천터미널,230001441,대월농협,230000406,N,20250304
10669,이천시,경기고속,28_5,234000751,이천터미널,230001441,송라리.마을회관,230000650,N,20250304
10670,이천시,경기고속,28_50,234001077,송라리입구,230001209,터미널신둔홈,230000251,N,20250304
10671,이천시,경기고속,28_51,234000454,이천터미널,230001441,장평1리,230000417,Y,20250304
10672,이천시,경기고속,28_56,234000460,금당리.설성면사무소,230001364,이천역종점,230001210,N,20250304
10673,이천시,경기고속,28_6,234000455,이천터미널,230001441,송라리.마을회관,230000650,N,20250304
10674,이천시,경기고속,28_7,234000456,이천역,230001276,죽당리,230000470,N,20250304
10675,이천시,경기고속,28_70,230000123,이천역,230001276,고실리,230000467,Y,20250304
10676,이천시,경기고속,28_72,234001223,이천역,230001276,죽당리,230000470,N,20250304
10677,이천시,경기고속,28_8,234000458,이천터미널,230001441,용은리종점,237000891,N,20250304
10678,이천시,경기고속,28_81,230000140,용은리종점,237000891,터미널신둔홈,230000251,Y,20250304
10679,이천시,경기고속,28_82,230000142,이천터미널,230001441,용은리종점,237000891,N,20250304
10680,이천시,경기고속,28_83,234001475,이천터미널,230001441,부대앞,212000068,N,20250304
10681,이천시,경기고속,28_9,234000459,이천터미널,230001441,상활리,237000804,N,20250304
10682,이천시,경기고속,28_90,234001185,이천터미널,230001441,상활리,237000804,N,20250304
10683,이천시,경기고속,28_91,234001186,상활리,237000804,터미널신둔홈,230000251,N,20250304
10684,이천시,경기고속,281,230000192,이천버스공영차고지,230000344,백사면행정복지센터,230000048,N,20250304
10685,이천시,경기고속,29_1,234000473,삼진아파트,230000396,이천터미널,230000038,Y,20250304
10686,이천시,경기고속,29_11,234001533,증일동,230000642,삼진아파트,230000396,N,20250304
10687,이천시,경기고속,29_12,234001187,[폐지]현대7차아파트,230000609,이천터미널,230000038,Y,20250304
10688,이천시,경기고속,29_13,234001585,현대7차아파트,230001442,이천역종점,230001210,Y,20250304
10689,이천시,경기고속,29_2,234000478,삼진아파트,230000396,신대리종점,230001174,Y,20250304
10690,이천시,경기고속,29_21,234001586,현대5.6차아파트,230000611,신대리종점,230001174,N,20250304
10691,이천시,경기고속,29_22,234001188,신대리종점,230001174,삼진아파트,230000396,Y,20250304
10692,이천시,경기고속,29_23,234001604,이천터미널,230001441,신대리종점,230001174,Y,20250304
10693,이천시,경기고속,29_3,234000477,삼진아파트,230000396,어산리종점,230000477,Y,20250304
10694,이천시,경기고속,29_31,234001194,현대5.6차아파트,230000611,조읍리입구,230001374,Y,20250304
10695,이천시,경기고속,29_95,234001201,이천터미널,230001441,효양아파트,230001211,Y,20250304
10542,과천시,㈜과천여객,7,220000024,(임시)광창차고지,220000086,푸르지오라비엔오르센토데시앙,220000084,Y,20240912
10543,과천시,㈜과천여객,8,220000022,(임시)광창차고지,220000086,(임시)광창차고지,220000133,N,20240912
10544,과천시,㈜과천여객,8-1,220000023,(임시)광창차고지,220000086,(임시)광창차고지,220000133,N,20240912
10545,과천시,㈜과천여객,6,220000012,과천시청,220000054,양재역,서울22270,Y,20240912
10696,이천시,경기고속,7,234001612,부대앞,212000068,부대앞,212000068,Y,20250304
10697,이천시,대원고속,12,234000083,이천터미널,230001441,청강문화산업대,230000224,Y,20250304
10698,이천시,대원고속,200,234001689,이천역,230001276,이천역종점,230001210,Y,20250304
10699,이천시,대원고속,21_16,234001282,신일아파트앞,230000584,현대사원아파트,230000209,N,20250304
10700,이천시,대원고속,210,234001688,이천역,230001276,이천역종점,230001210,Y,20250304
10701,이천시,대원고속,212,230000190,이천버스공영차고지,230000344,대관리,230000378,N,20250304
10702,이천시,대원고속,22_9,234001478,이천터미널,230001441,해월리종점,230000594,Y,20250304
10703,이천시,대원고속,23,234000759,이천역,230001276,장흥리종점,237001275,Y,20250304
10704,이천시,대원고속,23_1,234000762,이천역,230001276,내촌리종점,230000365,Y,20250304
10705,이천시,대원고속,23_12,234001209,이천역,230001276,이포농협,237000742,Y,20250304
10706,이천시,대원고속,23_2,234000763,이천역,230001276,소유리종점,237000725,Y,20250304
10707,이천시,대원고속,23_3,234000766,이천역,230001276,도곡리종점,237000904,Y,20250304
10708,이천시,대원고속,23_31,234000764,이천역,230001276,도곡리종점,237000904,Y,20250304
10709,이천시,대원고속,23_32,234001606,이천역,230001276,주록리종점,237000895,Y,20250304
10710,이천시,대원고속,23_4,234000768,이천역,230001276,흥천.효지1리,237000399,Y,20250304
10711,이천시,대원고속,23_41,234001211,이천역,230001276,효지1리,237000398,Y,20250304
10712,이천시,대원고속,23_5,234000769,이천역,230001276,이포리,237000752,Y,20250304
10713,이천시,대원고속,23_70,234001088,내사리,237000683,이천역,230001276,Y,20250304
10714,이천시,대원고속,23_8,234000462,이천역,230001276,도립리,230000563,Y,20250304
10715,이천시,대원고속,23_80,234001224,도립리,230000563,이천역종점,230001210,Y,20250304
10716,이천시,대원고속,23_90,234001089,이천역,230001276,백우리종점,230001446,Y,20250304
10717,이천시,대원고속,23_93,234001084,이천역,230001276,현방리,230000268,Y,20250304
10718,이천시,대원고속,23_94,234001128,이천역,230001276,현방리,230000268,Y,20250304
10719,이천시,대원고속,25,234000523,장호원초등학교,230000056,이천터미널,230000038,N,20250304
10720,이천시,대원고속,25_10,230000185,감곡장호원역,230000100,이천터미널,230000038,N,20250304
10721,이천시,대원고속,25_11,234001213,터미널신둔홈,230000251,감곡장호원역,230000100,N,20250304
10722,이천시,대원고속,25_2,234000525,터미널신둔홈,230000251,대죽3리마을회관,230001044,N,20250304
10723,이천시,대원고속,25_3,234000528,터미널신둔홈,230000251,진가리,230000582,N,20250304
10724,이천시,이천시내버스,20_53,234001528,태평터미널,237000813,금당리.설성면사무소,230001364,N,20250304
10725,이천시,이천시내버스,20_6,234001220,현진에버빌,237000967,금당리.설성면사무소,230001364,N,20250304
10726,이천시,이천시내버스,20_61,230000144,현진에버빌,237000967,금당리.설성면사무소,230001364,N,20250304
10727,이천시,이천시내버스,20_9,230000117,현진에버빌,237000967,대죽4리,231001314,N,20250304
10728,이천시,이천시내버스,21_1,230000128,이천역,230001276,동원대학교,234000604,N,20250304
10729,이천시,이천시내버스,21_14,234001202,모전리현대아파트,230000023,양정여고,230000154,N,20250304
10730,이천시,이천시내버스,21_18,234001566,이천터미널,230001441,다산고등학교,230000147,N,20250304
10731,이천시,이천시내버스,21_19,234001567,다산고등학교,230000147,터미널신둔홈,230000251,N,20250304
10732,이천시,이천시내버스,21_2,230000127,이천역,230001276,동원대학교,234000604,N,20250304
10733,이천시,이천시내버스,21_3,234000436,이천역,230001276,경사2리,230001077,N,20250304
10734,이천시,이천시내버스,21_30,234001133,이천역,230001276,경사2리,230001077,N,20250304
10735,이천시,이천시내버스,21_31,234000435,이천역,230001276,경사2리,230001077,N,20250304
10736,이천시,이천시내버스,21_32,234001287,경사1리,230000280,증포주민센터,230001292,N,20250304
10737,이천시,이천시내버스,21_4,234000468,이천역,230001276,신둔도예촌역,230000631,Y,20250304
10738,이천시,이천시내버스,21_8,234001063,이천역,230001276,도암3리마을회관,230001303,N,20250304
10739,이천시,이천시내버스,21_9,234001456,이천역,230001276,서희테마파크,230001244,Y,20250304
10740,이천시,이천시내버스,22_1,234000755,이천터미널,230001441,매곡1리,230000454,N,20250304
10741,이천시,이천시내버스,22_2,234000777,이천터미널,230001441,동산1리,230000459,Y,20250304
10742,이천시,이천시내버스,22_21,234001081,이천터미널,230001441,동산2리(방앗간앞),230000869,N,20250304
10743,이천시,이천시내버스,22_22,234001284,주박리,230001237,터미널신둔홈,230000251,N,20250304
10744,이천시,이천시내버스,22_23,230000110,이천터미널,230001441,동산1리,230000459,N,20250304
10745,이천시,이천시내버스,22_24,234001082,주박리,230001237,터미널신둔홈,230000251,N,20250304
10746,이천시,이천시내버스,22_25,234001462,이천터미널,230001441,안평1리,230001187,N,20250304
10747,이천시,이천시내버스,22_3,234000756,이천터미널,230001441,송갈리종점,230000809,N,20250304
10748,이천시,이천시내버스,22_4,234000757,이천터미널,230001441,오천리,230000124,N,20250304
10749,이천시,이천시내버스,22_6,230000087,증일동,230000642,이천터미널,230000038,N,20250304
10750,이천시,이천시내버스,22_7,234001463,이천터미널,230001441,가마골종점,230001110,N,20250304
10751,이천시,이천시내버스,22_8,234001062,이천터미널,230001441,스태치팩코리아,230001361,N,20250304
10752,이천시,이천시내버스,22_81,234001464,이천터미널,230001441,마장면사무소,230000123,N,20250304
10753,이천시,이천시내버스,220,230000180,이천버스공영차고지,230000344,부발역,230001150,Y,20250304
10754,이천시,이천시내버스,23,234000759,이천역,230001276,장흥리종점,237001275,Y,20250304
10755,이천시,이천시내버스,23_1,234000762,이천역,230001276,내촌리종점,230000365,Y,20250304
10756,이천시,이천시내버스,23_12,234001209,이천역,230001276,이포리,237000752,Y,20250304
10757,이천시,이천시내버스,23_13,234000765,이천역,230001276,현방리,230000268,N,20250304
10758,이천시,이천시내버스,23_2,234000763,이천역,230001276,소유리종점,237000725,Y,20250304
10759,이천시,이천시내버스,23_32,234001606,이천역,230001276,주록리종점,237000895,Y,20250304
10760,이천시,이천시내버스,23_4,234000768,이천역,230001276,흥천.효지1리,237000399,Y,20250304
10761,이천시,이천시내버스,23_5,234000769,이천역,230001276,이포리,237000752,Y,20250304
10762,이천시,이천시내버스,23_50,234001100,흥천.효지1리,237000399,이천역종점,230001210,N,20250304
10763,이천시,대원고속,25_31,234000527,골프장앞,230000735,산내리종점,230001366,N,20250304
10764,이천시,대원고속,26_1,234000535,터미널신둔홈,230000251,죽산터미널,231000841,N,20250304
10765,이천시,대원고속,26_10,234001561,터미널신둔홈,230000251,골프장앞,230000735,N,20250304
10766,이천시,대원고속,26_11,234001218,골프장앞,230000735,터미널신둔홈,230000251,N,20250304
10767,이천시,대원고속,551,230000191,장호원버스터미널,230000250,상승대,230000503,N,20250304
10768,이천시,대원고속,8,234000070,현대사원아파트,230000209,도지리,230000566,N,20250304
10769,이천시,이천시내버스,111,234000078,이천버스공영차고지,230000344,여주대하차장,237001238,Y,20250304
10770,이천시,이천시내버스,114,234000039,장호원시외버스터미널(시외),230001547,광주터미널,234000283,Y,20250304
10771,이천시,이천시내버스,20_3,234000457,이천터미널,230001441,죽당리,230000470,N,20250304
10772,이천시,이천시내버스,20_5,230000116,현진에버빌,237000967,금당리.설성면사무소,230001364,N,20250304
10773,이천시,이천시내버스,20_51,230000143,현진에버빌,237000967,금당리.설성면사무소,230001364,N,20250304
10774,이천시,이천시내버스,23_6,234000900,이천역,230001276,흥천.효지1리,237000399,N,20250304
10775,이천시,이천시내버스,23_7,234000771,이천역,230001276,내사리,237000683,N,20250304
10776,이천시,이천시내버스,23_71,234000770,이천역,230001276,내사리,237000683,N,20250304
10777,이천시,이천시내버스,23_8,234000462,이천역,230001276,도립리,230000563,Y,20250304
10778,이천시,이천시내버스,23_81,234000438,매곡1리,230000454,경사2리,230001077,N,20250304
10779,이천시,이천시내버스,23_82,234001288,이천역,230001276,산수유마을,230000562,N,20250304
10780,이천시,이천시내버스,23_9,234000463,이천역,230001276,백우리종점,230001446,Y,20250304
10781,이천시,이천시내버스,23_92,234001074,백우리종점,230001446,이천역종점,230001210,N,20250304
10782,이천시,이천시내버스,23_94,234001128,이천역,230001276,현방리,230000268,Y,20250304
10783,이천시,이천시내버스,230,230000181,이천터미널,230001441,대흥2리,230000411,Y,20250304
10784,이천시,이천시내버스,24_11,230000132,이천터미널,230001441,수광2리,230000142,N,20250304
10785,이천시,이천시내버스,24_3,230000130,이천역,230001276,마장중학교,230000122,N,20250304
10786,이천시,이천시내버스,24_31,234000472,이천역,230001276,마장중학교,230000122,N,20250304
10787,이천시,이천시내버스,24_33,234001614,이천역,230001276,도예고등학교,230000822,N,20250304
10788,이천시,이천시내버스,24_4,234000466,이천역,230001276,장동1리,230000291,Y,20250304
10789,이천시,이천시내버스,240,230000182,이천역,230001276,신둔도예촌역,230000631,N,20250304
10790,이천시,이천시내버스,25_1,230000122,이천역,230001276,고당3리,230000766,N,20250304
10791,이천시,이천시내버스,25_20,234001099,반월성,230000115,터미널신둔홈,230000251,N,20250304
10792,이천시,이천시내버스,25_21,234001468,이천역,230001276,대죽3리마을회관,230001044,Y,20250304
10793,이천시,이천시내버스,25_6,230000097,이천역,230001276,고담동종점,230000818,N,20250304
10794,이천시,이천시내버스,250,230000183,이천역,230001276,신둔도예촌역,230000631,N,20250304
10880,남양주시,대원운수,8002,222000084,대성리,239000682,잠실광역환승센터,123000611,N,20241231
10881,남양주시,대원운수,1,222000058,진벌리차고지입구,222001616,강변역A,104000183,Y,20241231
10882,남양주시,대원운수,1-4,222000032,차산리,222000796,미사동차고지,227000064,Y,20241231
10883,남양주시,대원운수,10,222000082,진벌리차고지,222000652,당고개역,110000650,N,20241231
10884,남양주시,대원운수,100,234000873,진벌리차고지,222000652,강변역B,104000280,N,20241231
10885,남양주시,대원운수,1000-1,234001511,호평동차고지,222000824,잠실광역환승센터,123000611,N,20241231
10886,남양주시,대원운수,1001,222000107,청학리,222001626,잠실광역환승센터,123000611,N,20241231
10887,남양주시,대원운수,1003,222000169,다산차고지,222001920,잠실광역환승센터,123000611,N,20241231
10888,남양주시,대원운수,1006,222000192,다산차고지,222001920,강변역A,104000183,N,20241231
10889,남양주시,대원운수,105,222000177,진벌리차고지,222000652,당고개역,110000650,N,20241231
10890,남양주시,대원운수,105-1,222000186,광릉내종점,222000629,당고개역,110000650,N,20241231
10891,남양주시,대원운수,1100,222000074,차산리,222000796,신사역3번출구,122000010,N,20241231
10892,남양주시,대원운수,112-1,222000045,연대농장입구.도곡리종점,222000267,테크노마트앞.강변역(D),104000069,Y,20241231
10893,남양주시,대원운수,1200,222000078,차산리,222000796,잠실광역환승센터,123000611,N,20241231
10894,남양주시,대원운수,1200-1,222000137,차산리,222000796,잠실광역환승센터,123000611,N,20241231
10895,남양주시,대원운수,165,222000028,호평동차고지,222000824,현대코아,105000199,Y,20241231
10896,남양주시,대원운수,166,222000072,연대농장입구.도곡리종점,222000267,현대코아,105000199,N,20241231
10897,남양주시,대원운수,166-1,222000048,연대농장입구.도곡리종점,222000267,현대코아,105000199,Y,20241231
10898,남양주시,대원운수,1660,222000049,연대농장입구.도곡리종점,222000267,테크노마트앞.강변역(D),104000069,N,20241231
10899,남양주시,대원운수,167-1,222000056,농수산물시장,221000265,율석3리,222000967,N,20241231
10900,남양주시,대원운수,1670,222000046,연대농장입구.도곡리종점,222000267,잠실역,222000785,N,20241231
10901,남양주시,대원운수,1670-1,222000213,연대농장입구.도곡리종점,222000267,잠실역,222000785,N,20241231
10902,남양주시,대원운수,168,222000047,차산리,222000796,연대농장입구.도곡리종점,222000268,N,20241231
10903,남양주시,대원운수,1700,222000073,연대농장입구.도곡리종점,222000267,서초푸르지오써밋.롯데캐슬클래식,121000088,N,20241231
10904,남양주시,대원운수,30-15,222000033,연대농장입구.도곡리종점,222000267,마석역,222000010,N,20241231
10905,남양주시,대원운수,33-2,222000202,산성마을입구,222000011,대성리종점,222000740,N,20241231
10906,남양주시,대원운수,330-1,234000041,비금리,222000800,현대코아,105000199,N,20241231
10907,남양주시,대원운수,330-2,222000133,차산리,222000796,비금리,222000799,N,20241231
10908,남양주시,대원운수,330-3,222000109,비금리,222000800,차산리,222000797,N,20241231
10909,남양주시,대원운수,34,222000168,다산차고지,222001920,도농역.동화중고교.다산플루리움(중),222001321,N,20241231
10910,남양주시,대원운수,38,222000176,수택고등학교정문,221000310,가운고등학교,222001136,N,20241231
10911,남양주시,대원운수,55,222000023,사능차고지,222000755,55번종점,222000169,N,20241231
10912,남양주시,대원운수,58,222000216,차산리,222000796,다산정약용유적지.실학박물관,222001325,N,20241231
10913,남양주시,대원운수,6,222000029,차산리,222000796,군장리종점,222001020,N,20241231
10914,남양주시,대원운수,6-6,222000215,군장리종점,222001020,금곡동구종점.금곡초교,222000141,N,20241231
10915,남양주시,대원운수,65,222000031,차산리,222000796,경동시장앞,105000081,Y,20241231
10916,남양주시,대원운수,65-1,222000030,차산리,222000796,석계역1번출구.A,110000183,Y,20241231
10917,남양주시,대원운수,7,222000055,훈련장입구,222000251,삼익아파트,222001279,N,20241231
10918,남양주시,대원운수,76,222000181,수택고등학교정문,221000310,석계역1번출구.A,110000183,N,20241231
10919,남양주시,대원운수,8-8A,222000224,에코랜드수영장,222001725,비루개마을,222000126,N,20241231
10920,남양주시,대원운수,8-8B,222000225,에코랜드수영장,222001725,하늘땅끝.용암리종점,222000651,N,20241231
10921,남양주시,대원운수,8-9,222000197,청소년도움센터.동부희망케어센터,222000013,송천리종점,222001099,N,20241231
10922,남양주시,대원운수,8001,222000088,대성리,239000682,신사역3번출구,122000010,N,20241231
10923,남양주시,대원운수,91,222000022,진벌리차고지,222000652,강변역B,104000280,N,20241231
10924,남양주시,대원운수,97,222000027,호평동차고지,222000824,서울아산병원동관,123000029,Y,20241231
10925,남양주시,대원운수,8002-1,222000178,대성리,239000682,잠실광역환승센터,123000611,N,20241231
10926,남양주시,대원운수,98,222000227,차산리,222000796,신동아아파트입구.한양병원,222001281,Y,20241231
10927,남양주시,대원운수,98-1,222000228,차산리,222000796,한양병원,222001816,Y,20241231
10928,남양주시,대원운수,99,222000174,다산차고지,222001920,구리역.롯데백화점,221000304,N,20241231
10999,고양시,서울여객,85,218000001,고양동종점.로뎀빌라,218000494,송정역,115000295,N,20250610
11000,고양시,고양교통,97,218000006,행신역,218000463,김포대학교,232000086,Y,20250610
11001,고양시,고양교통,1001,218000007,고양공영차고지,219000644,부천대학교,210000012,N,20250610
11002,고양시,명성,1500,218000010,교하차고지,229001251,CM병원,118000524,N,20250610
11003,고양시,명성,1100,218000011,고양공영차고지,219000644,숭례문,101000022,N,20250610
11004,고양시,고양교통,88A,218000018,고양공영차고지(미정차),277101631,백석역.고양종합터미널,219000446,Y,20250610
11005,고양시,고양교통,88B,218000019,고양공영차고지(미정차),277101631,백석역.고양종합터미널,219000329,Y,20250610
11006,고양시,선진버스,60,218000107,동국로삼거리,219000736,일산역,219000064,N,20250610
11007,고양시,명성,999,218000111,고양종합운동장.일산서구청,219000450,신원중학교,218001296,N,20250610
11008,고양시,명성,M7646,218000112,송포초교,219000434,영등포소방서.타임스퀘어,118000511,N,20250610
11009,고양시,서울여객,730,218000116,730번기점대기(미정차),277104610,디지털미디어시티역2번출구,113000202,Y,20250610
11010,고양시,명성,65,218000125,교하차고지,229001251,현대백화점,112000176,Y,20250610
11011,고양시,대덕운수DRT,고양똑버스01,218000127,위시티1단지후문.양일초교,219001031,대곡역(중),218000202,Y,20250610
11012,고양시,명성,67,218000130,교하차고지,229001251,화정역3호선,218000974,Y,20250610
11013,고양시,대덕운수,100,218000133,위시티1단지후문.양일초교,219001031,아쿠아리움,219001073,Y,20250610
11014,고양시,대덕운수,81,218000134,식사동차고지(미정차),277102390,풍산역,219001069,Y,20250610
11015,고양시,대덕운수,83,218000135,풍동고.다솜초교.풍동도서관,219001040,킨텍스원시티2단지,219000555,Y,20250610
11016,고양시,백마운수,87,218000144,설문동,219000827,밤가시마을,219000112,Y,20250610
11017,고양시,백마운수,50,218000145,필리핀참전비,218000826,일산동구청(중),219000356,Y,20250610
11018,고양시,대덕운수,89,218000147,행신역,218000463,더샵그라비스타.이마트킨텍스점,219000913,Y,20250610
11019,고양시,백마운수,98,218000149,위시티1단지후문.양일초교,219001031,킨텍스역2번출구.포레나킨텍스,219001173,Y,20250610
11020,고양시,백마운수,69,218000150,둥지마을.베송쥬쥬,219001082,화정역3호선,218001046,Y,20250610
11021,고양시,명성,3800,218000151,고양공영차고지,219000644,경기도청북부청사,207000132,N,20250610
11022,고양시,선진버스,M7119,218000155,위시티3.4단지,219000706,숭례문,101000022,N,20250610
11023,고양시,서울여객DRT,고양똑버스04,218000157,꽃향기공원,218000406,가양역6번출구.현대프린스텔,115000160,Y,20250610
11024,고양시,명성,M7731,218000158,하이파크시티3.5단지,219000667,공덕역1번출구,113000089,N,20250610
11025,고양시,신영산업DRT,고양똑버스03,218000161,DMC자이더포레리버뷰,218000593,가양역6번출구.현대프린스텔,115000160,Y,20250610
11026,고양시,대덕운수,84,218000162,풍동고.다솜초교.풍동도서관,219001040,옥빛17단지.능곡지하차도위사거리,218001044,Y,20250610
11027,고양시,여산교통,7602,218000164,고양동종점.고양레저타운,218000310,CM병원,118000524,N,20250610
11028,고양시,대원고속,M7412,218000167,중산마을2단지.해태쇼핑.코오롱아파트,219000179,강남역서초현대타워앞,121000541,N,20250610
11029,고양시,명성,11,219000001,성석동,219000339,행신역,218000463,Y,20250610
11030,고양시,명성,82,219000005,명성운수종점,218001350,신촌오거리.현대백화점(중),113000416,Y,20250610
11031,고양시,명성,1082,219000006,명성운수종점,218001350,CM병원,118000524,N,20250610
11032,고양시,서울여객,55,219000008,차고지대기(미정차),277101630,고봉동행정복지센터,219000077,Y,20250610
11033,고양시,명성,1000,219000013,대화동,219000412,숭례문,101000022,Y,20250610
11034,고양시,명성,921,219000015,성석동,219000339,공덕역1번출구,113000089,N,20250610
11035,고양시,명성,1200,219000016,고양공영차고지,219000644,숭례문,101000022,N,20250610
11036,고양시,명성,3300,219000025,대화동,219000412,인천공항3층출국장(T2),161000611,N,20250610
11037,고양시,대원고속,9700,219000026,기점진입전(미정차),277103703,말죽거리공원사거리,121000215,N,20250610
11038,고양시,명성,1900,219000027,고양공영차고지,219000644,숭례문,101000022,N,20250610
11039,고양시,명성,830,229000017,고양공영차고지,219000644,영등포소방서.타임스퀘어,118000511,N,20250610
11040,고양시,명성,66,229000018,교하차고지,229001251,모래내시장.가좌역(중),112000006,Y,20250610
11041,고양시,서울여객,790,229000060,고양동종점.로뎀빌라,218000494,숭례문,101000022,Y,20250610
11042,고양시,서울여객,850,229000063,고양동종점.로뎀빌라,218000494,행신역,218000463,Y,20250610
11043,고양시,서울여객,799,229000071,서울여객금촌차고지,229001097,광화문역6번출구.광화문빌딩,100000034,Y,20250610
11044,고양시,고양교통,96,232000003,문봉동차고지(미정차),277102500,통진두레문화센터.청룡사,232000405,Y,20250610
11045,고양시,고양교통,95,232000004,문봉동차고지(미정차),277102500,이케아.롯데아울렛고양점,218001326,Y,20250610
11046,고양시,고양-고양도시관리공사,N001,241210001,월드고양로주택단지,219000543,백석역3번출구,219000162,N,20250610
11047,고양시,고양-고양도시관리공사,N002,241210002,동문3차아파트,219000813,킨텍스역.더샵그라비스타.힐스테이트일산,219000766,Y,20250610
11048,고양시,고양-고양도시관리공사,N003,241210003,킨텍스역.원시티1단지,219001172,킨텍스역3번출구.원시티2단지,219000790,N,20250610
11049,고양시,고양-고양도시관리공사,N005,241210005,필리핀참전비,218000826,필리핀참전비,218000825,N,20250610
11050,고양시,고양-고양도시관리공사,N007,241210007,소노캄호텔,219000997,장월,219000799,N,20250610
11051,고양시,고양-하나교통,017A,241227002,백마역,219000044,원당역,218001083,N,20250610
11052,고양시,고양-하나교통,019,241227003,원당역,218001083,우인아파트,218000948,N,20250610
11053,고양시,고양-관산운수,025,241293001,삼송역8번출구,218001200,종점,218000803,Y,20250610
11054,고양시,고양-관산운수,026,241293002,삼송역8번출구,218001200,법률대학원,218000393,Y,20250610
11055,고양시,고양-관산운수,036,241293003,더퍼스트프라임,218000703,오미산주유소,219000101,N,20250610
11056,고양시,고양-관산운수,037,241293004,삼송역8번출구,218001200,그린씨티동문아파트,229000472,Y,20250610
11057,고양시,고양-관산운수,059,241293006,대화역,219000193,마을회관,219000293,N,20250610
11058,고양시,고양-관산운수,088,241293007,삼송역8번출구,218001200,내유동커뮤니티센터,218001347,N,20250610
11059,고양시,고양-한진교통,060,241294002,소만마을1.2.3단지,218001032,화정역3호선,218000409,Y,20250610
11060,고양시,고양-대림교통,065,241298003,서정마을2단지,218001072,화정역3호선,218000409,Y,20250610
11061,고양시,고양-대화교통,057,241299002,가좌마을.킴스.벽산A516동,219000565,일산동구청(중),219000356,Y,20250610
11062,고양시,고양-대화교통,056,241299005,웨인스코트호텔,219000874,백신초교,219000165,Y,20250610
11063,고양시,고양-대화교통,062A,241299006,더샵그라비스타.이마트킨텍스점,219000913,GS자이아파트정문,219000952,N,20250610
11064,고양시,고양-대화교통,062B,241299007,소노캄호텔,219000997,가좌동.구종점,219000435,Y,20250610
11065,고양시,고양-동일운수,018,241304002,우일시장,218000902,원당역,218001083,N,20250610
11066,고양시,고양-동일운수,012,241304005,관산주공아파트,218001049,원당역,218001083,N,20250610
11067,고양시,고양-동일운수,016,241304006,세기마을입구,218000891,화정역3호선,218001046,N,20250610
11068,고양시,고양-홍성,047,241352008,신원마을7단지,218000175,삼송마을11단지.대학생연합생활관,218001324,Y,20250610
11069,고양시,고양-홍성,075B,241352009,세원마을입구,218000151,디지털미디어시티역,111000220,Y,20250610
11070,고양시,고양-홍성,046,241352010,이케아.롯데아울렛고양점,218001325,동산마을체육공원,218000329,Y,20250610
11071,고양시,고양-동일운수,013,241304707,원당역,218001083,원신4통,218000886,N,20250610
11072,고양시,고양-주원교통,077A,241306001,차량대기(미정차),277102935,창릉초교,218001364,Y,20250610
11073,고양시,고양-주원교통,077B,241306002,삼송역6번출구,218000627,사기막골,218000251,Y,20250610
11074,고양시,고양-주원교통,093,241306703,신원마을1.2단지,218001210,스타필드후문,218001104,Y,20250610
11075,고양시,고양-주원교통,094,241306704,삼송역6번출구,218000627,오금동종점,218001164,Y,20250610
11076,고양시,고양-자안운수,011,241308701,나루터,218000033,화정역3호선,218001046,Y,20250610
11077,고양시,고양-신일산교통,066,241309001,차고지,219000829,국립암센터,219000204,Y,20250610
11078,고양시,고양-보람운수,035,241312008,행신역,218000463,원당역,218000282,N,20250610
11079,고양시,고양-보람운수,030,241312013,강고산,218001026,화정역3번출구,218001359,N,20250610
11080,고양시,고양-보람운수,022A,241312014,현천2경로당,218001003,화전파출소(중),218000136,N,20250610
11081,고양시,고양-보람운수,023,241312015,서정마을6.9단지,218001201,화정역3번출구,218001359,N,20250610
11082,고양시,고양-보람운수,024A,241312016,행신역,218000463,원흥역8번출구.방송통신대앞,218000698,Y,20250610
11083,고양시,고양-보람운수,024B,241312017,행신역,218000463,원흥역8번출구.방송통신대앞,218000698,Y,20250610
11084,고양시,고양-보람운수,022B,241312018,덕은LH1단지.DMC한강숲중흥S클래스,218000600,DMC해링턴플레이스,218001361,Y,20250610
11085,고양시,고양-보람운수,054,241312019,덕은LH1단지.DMC한강숲중흥S클래스,218000600,디지털미디어시티역2번출구,113000202,Y,20250610
11086,고양시,고양-보람운수,064,241312020,현천2경로당,218001003,디지털미디어시티역,111000220,N,20250610
11087,고양시,고양-화정교통,027,241313001,화정역4번출구,218001149,2단지관리사무실앞,218000743,Y,20250610
11088,고양시,고양-화정교통,028,241313002,화정역4번출구,218001149,달빛마을1단지분수대앞,218000742,Y,20250610
11089,고양시,고양-화정교통,029A,241313003,명지병원,218000992,화정역3호선,218001046,N,20250610
11090,고양시,고양-화정교통,029B,241313004,능곡역.능곡시장,218000193,원당역,218000095,Y,20250610
11091,고양시,고양-화정교통,015,241313005,성사중학교,218001253,원당역,218001083,N,20250610
11092,고양시,고양-보은교통,021,241314001,화정역3호선,218000974,행신역,218000463,Y,20250610
11093,고양시,고양-보은교통,020,241314002,화정역3호선,218000974,영흥빌라,218001006,Y,20250610
10865,하남시,대통운수,1,41411001,상산곡동,28154,둔촌역,25728,Y,20250401
10866,하남시,오륜운수,위례-01,41409009,위례메디프라자,28592,복정역,24506,Y,20250401
10867,하남시,오륜운수,8,41409006,감일교차로,28189,둔촌역,25728,Y,20250401
10868,하남시,하남마을버스,미사-01(반시계방향),41410005,미사역,28592,미사역,28592,Y,20250401
10869,하남시,하남마을버스,2,41410001,어진마을입구,28165,이마트,28327,Y,20250401
10870,하남시,하남마을버스,22,41410004,온천마을,28172,스타필드하남,28476,Y,20250401
10871,하남시,경기상운,03월 30일,227000006,공영차고지,28294,잠실역,24132,Y,20250401
10872,하남시,경기상운,05월 30일,227000001,하남BRT,28154,잠실역,24132,Y,20250401
10873,하남시,경기상운,35,227000043,감일스윗시티,28189,잠실역,24132,Y,20250401
10874,하남시,경기상운,31,227000017,감일스윗시티1단지,28572,잠실역,24132,Y,20250401
10875,하남시,경기상운,87,227000036,하남BRT,28294,수서역,23409,Y,20250401
10876,하남시,삼성교통,50,227000033,은가람중학교,28463,팔당역,23882,Y,20250401
10877,하남시,은방울교통,10,41408004,하남BRT,28294,종합운동장,28314,Y,20250401
10878,하남시,은방울교통,3,41408002,힐즈파크푸르지오3단지,28044,미사강변호반써밋,28056,Y,20250401
10879,하남시,은방울교통,미사-01(시계방향),41408006,미사역,28530,미사역,28530,Y,20250401
10929,남양주시,대원운수,99-1,222000175,자연앤e편한세상.힐스테이트,222000342,구리역.롯데백화점,221000304,N,20241231
10930,남양주시,대원운수,M2341,222000179,월산지구부영1.2단지입구,222001467,잠실광역환승센터,123000611,N,20241231
10931,남양주시,대원운수,M2344,222000185,별내하우스토리.중말사거리,222000616,잠실광역환승센터,123000611,N,20241231
10932,남양주시,대원운수,M2352,222000209,평내농협.평내초교.대명루첸,222000322,잠실광역환승센터,123000611,N,20241231
10933,남양주시,대원운수,M2353,222000210,자연앤자이.반도유보라,222001932,잠실광역환승센터,123000611,N,20241231
10934,남양주시,대원운수,땡큐10,222000191,다산차고지,222001920,두산알프하임정문,222000194,N,20241231
10935,남양주시,대원운수,땡큐11,222000201,수택고등학교정문,221000310,다산롯데캐슬.반도유보라,222000278,N,20241231
10936,남양주시,대원운수,땡큐12,222000180,수택고등학교정문,221000310,반도유보라정문.다산포레스트2단지,222001922,N,20241231
10937,남양주시,대원운수,땡큐21,222000041,산성마을입구,222000011,보광사.가곡리종점,222001236,Y,20241231
10938,남양주시,대원운수,땡큐22,222000205,차산리,222000796,답내초교,222001258,Y,20241231
10939,남양주시,대원운수,땡큐23,222000064,산성마을입구,222000011,창현리.종점,222001188,Y,20241231
10940,남양주시,대원운수,땡큐25,222000063,맹골,222001197,창현초등학교,222000094,Y,20241231
10941,남양주시,대원운수,땡큐30,222000200,청학리,222001626,금곡동구종점.금곡초교,222000141,N,20241231
10942,남양주시,대원운수,땡큐33,222000187,외구운마을,222000023,고로쇠마을.비금리,222000425,Y,20241231
10943,남양주시,대원운수,땡큐34,222000034,차산리,222000796,축령산자연휴양림,222001557,Y,20241231
10944,남양주시,대원운수,땡큐35,222000131,화도정수장,222000215,수산1리마을회관,222001000,Y,20241231
10945,남양주시,대원운수,땡큐36,222000061,마석역,222000010,지둔리마을회관,222001164,Y,20241231
10946,남양주시,대원운수,땡큐37,222000040,차산리,222000796,만취대,222000100,Y,20241231
10947,남양주시,대원운수,땡큐50,222000199,청학리,222001626,금곡동구종점.금곡초교,222000141,N,20241231
10948,남양주시,대원운수,땡큐58-3,222000217,대성리,239000682,도농역.동화중고교.다산플루리움(중),222001321,N,20241231
10949,남양주시,경기버스,11,236000050,소학1리,236000596,강변역A,104000183,N,20241231
10950,남양주시,경기버스,115,222000222,사능차고지,222000755,석계역1번출구.A,110000183,Y,20241231
10951,남양주시,경기버스,23,222000013,내촌차고지,236001328,스타필드하남,227000307,Y,20241231
10952,남양주시,경기버스,7-4,222000019,사릉역,222001575,금곡2리.경복대학,222000650,N,20241231
10953,남양주시,경기버스,7-7,222000016,광릉테크노밸리입구,222001426,진접역4.5번출구.엠타워.단우타워,222001556,N,20241231
10954,남양주시,경기버스,7-8,222000096,광릉테크노밸리입구,222001426,접동마을,222001118,N,20241231
10955,남양주시,경기버스,7-9,222000196,진접읍사무소,222001457,팔현2리종점,222000830,N,20241231
10956,남양주시,경기버스,7007,222000076,광릉내,222001122,강남역.강남역사거리,121000091,N,20241231
10957,남양주시,경기버스,707,222000002,진벌리차고지입구,222001616,현대코아,105000199,N,20241231
10958,남양주시,경기버스,71,222000006,금곡산업단지,222000152,봉현마을.현대병원,222001086,N,20241231
10959,남양주시,경기버스,72,222000223,진벌리차고지,222000652,봉현마을.광동중고등학교,222000526,N,20241231
10960,남양주시,경기버스,8012,222000090,광릉내,222001122,잠실광역환승센터,123000611,N,20241231
10961,남양주시,경기버스,88,222000008,내촌차고지,236001328,경동시장앞,105000081,N,20241231
10962,남양주시,경기버스,땡큐31,222000218,진벌마을,222000684,극동.성호아파트.중앙병원,222000972,N,20241231
10820,이천시,이천시내버스,G2100,230000179,이천역,230001276,잠실광역환승센터,123000611,Y,20250304
10821,이천시,이천시내버스,이천똑버스01,230000186,이천버스공영차고지,230000344,이천터미널,230000038,N,20250304
10822,이천시,이천시내버스,이천똑버스02,230000187,장호원버스터미널,230000250,장호원읍사무소,230000105,N,20250304
10823,이천시,이천시내버스,이천똑버스03,230000188,고당3리,230000766,율면초중교앞,230000912,N,20250304
10824,이천시,경기고속,21,234000470,신일아파트앞,230000584,이천터미널,230000038,Y,20250304
10825,이천시,경기고속,21_33,234001517,대신푸른아파트후문,230000600,터미널신둔홈,230000251,Y,20250304
10826,이천시,경기고속,21_4,234000468,이천역,230001276,신둔도예촌역,230000631,Y,20250304
10827,이천시,경기고속,21_8,234001063,이천역,230001276,도암3리마을회관,230001303,N,20250304
10828,이천시,경기고속,10,234000446,이천터미널,230001441,태평터미널,237000813,Y,20250304
10829,이천시,경기고속,20_3,234000457,이천터미널,230001441,죽당리,230000470,N,20250304
10830,이천시,경기고속,20_31,230000106,이천역,230001276,죽당리,230000470,Y,20250304
10831,이천시,경기고속,20_33,234001206,죽당리,230000470,이천역종점,230001210,Y,20250304
10832,이천시,경기고속,20_52,230000176,자석2리.종점,230001460,태평리,237001023,N,20250304
10833,이천시,경기고속,20_54,234000441,태평터미널,237000813,금당리.설성면사무소,230001364,N,20250304
10834,이천시,경기고속,21_81,230000178,송정2통,230001496,이천역종점,230001210,Y,20250304
10835,이천시,경기고속,21_9,234001456,이천역,230001276,서희테마파크,230001244,Y,20250304
10836,이천시,경기고속,21_91,234001529,이천터미널,230001441,효양중고,230001156,Y,20250304
10837,이천시,경기고속,211,230000189,이천버스공영차고지,230000344,대관리,230000378,Y,20250304
10838,이천시,경기고속,22_1,234000755,이천터미널,230001441,매곡1리,230000454,N,20250304
10839,이천시,경기고속,22_11,234001079,이천터미널,230001441,양지병원,230001557,Y,20250304
10840,이천시,경기고속,22_2,234000777,이천터미널,230001441,동산1리,230000459,Y,20250304
10841,이천시,경기고속,22_3,234000756,이천터미널,230001441,송갈리종점,230000809,N,20250304
10842,이천시,경기고속,22_30,234001083,이천터미널,230001441,송갈리종점,230000809,Y,20250304
10843,이천시,경기고속,22_4,234000757,이천터미널,230001441,오천리,230000124,N,20250304
10844,이천시,경기고속,22_81,234001464,이천터미널,230001441,오천리,230000124,N,20250304
10845,이천시,경기고속,23_71,234000770,이천역,230001276,내사리,237000683,N,20250304
10846,이천시,경기고속,23_9,234000463,이천역,230001276,백우리종점,230001446,Y,20250304
10847,이천시,경기고속,24,234001581,이천역,230001276,신둔도예촌역,230000631,Y,20250304
10848,이천시,경기고속,24_1,230000088,이천역,230001276,신둔도예촌역,230000631,Y,20250304
10849,이천시,경기고속,24_4,234000466,이천역,230001276,장동1리,230000291,Y,20250304
10850,이천시,경기고속,24_44,234001092,이천역,230001276,장동1리,230000291,N,20250304
10851,이천시,경기고속,24_45,234001093,이천역,230001276,장동1리,230000291,Y,20250304
10852,이천시,경기고속,24_5,234000476,이천역,230001276,신둔도예촌역,230000631,Y,20250304
10853,이천시,경기고속,24_7,234000469,터미널신둔홈,230000251,한국관광대학,230000821,N,20250304
10854,이천시,경기고속,25_21,234001468,이천역,230001276,대죽3리마을회관,230001044,Y,20250304
10855,이천시,경기고속,26_13,234001580,골프장앞,230000735,터미널신둔홈,230000251,N,20250304
10856,이천시,경기고속,28_2,234000449,이천터미널,230001441,양평리,230001339,N,20250304
10857,이천시,경기고속,28_20,234001613,이천터미널,230001441,양평리,230001339,N,20250304
10858,이천시,경기고속,28_3,234000451,이천터미널,230001441,대흥2리,230000411,N,20250304
10859,이천시,경기고속,28_31,234001178,대흥1리,230000409,이천역종점,230001210,N,20250304
10860,이천시,경기고속,28_4,234000452,이천터미널,230001441,도리리마을회관,230001144,N,20250304
10861,과천시,㈜과천여객,6,220000012,과천린파밀리에,220000092,양재역,서울22270,Y,20250307
10862,과천시,㈜과천여객,7,220000024,(임시)광창차고지,220000086,푸르지오라비엔오르센토데시앙,220000084,Y,20250307
10863,과천시,㈜과천여객,8,220000022,(임시)광창차고지,220000086,(임시)광창차고지,220000133,N,20250307
10864,과천시,㈜과천여객,8-1,220000023,(임시)광창차고지,220000086,(임시)광창차고지,220000133,N,20250307
10963,남양주시,경기버스,땡큐90,222000195,광릉내,222001122,한신더휴6.8단지,222001390,N,20241231
10964,남양주시,경기운수,10-5,234000028,호평동차고지,222000824,당고개역,110000650,N,20241231
10965,남양주시,경기운수,1000,221000003,호평동차고지,222000824,잠실광역환승센터,123000611,N,20241231
10966,남양주시,경기운수,170,222000221,사능차고지,222000755,현대코아,105000199,N,20241231
10967,남양주시,경기운수,2000,222000075,진벌리차고지,222000652,강남역.강남역사거리,121000091,N,20241231
10968,남양주시,경기운수,2000-1,222000122,진벌리차고지,222000652,강남역.강남역사거리,121000091,N,20241231
10969,남양주시,경기운수,202,222000004,진벌리차고지,222000652,현대코아,105000199,N,20241231
10970,남양주시,경기운수,21,222000170,금곡2리.경복대학,222000650,의정부역.흥선지하도입구,207000439,Y,20241231
10971,남양주시,경기운수,5-1,222000098,금곡산업단지,222000152,사릉역,222001575,N,20241231
10972,남양주시,경기운수,5-2,222000211,봉영사,222000711,오남역,222000719,N,20241231
10973,남양주시,경기운수,5-5,222000214,접동마을,222001123,진접고.화봉초교.신안인스빌아파트,222001376,N,20241231
10974,남양주시,경기운수,6-1,222000017,윗독정리,222000921,사릉역,222001575,N,20241231
10975,남양주시,경기운수,6-2,222000020,진접역4.5번출구.엠타워.단우타워,222001556,윗독정,222000922,N,20241231
10976,남양주시,경기운수,9,222000009,진벌리차고지,222000652,강변역B,104000280,Y,20241231
10977,남양주시,경기운수,9-1,222000111,진벌리차고지,222000652,강변역B,104000280,N,20241231
10978,남양주시,경기운수,땡큐60,222000110,대경대학교서울한류캠퍼스,222000767,금곡동구종점.금곡초교,222000141,N,20241231
10979,남양주시,경기운수,땡큐70,222000190,진벌리차고지,222000652,금곡동구종점.금곡초교,222000141,N,20241231
10980,안성시,백성운수,70,41018004,안성터미널,34663,평택터미널,15719,Y,20250509
10981,안성시,백성운수,37,41018001,구)터미널,33134,여주터미널,52100,Y,20250509
10982,안성시,백성운수,5-5,41018170,대우아파트,33101,금화아파트,34202,Y,20250509
10983,안성시,백성운수,10-2,41018140,안성터미널,34663,신계리,34052,Y,20250509
10984,안성시,백성운수,10-6,41018146,인지사거리,33161,미양면사무소,34124,Y,20250509
10985,안성시,백성운수,1-4,41018117,하나로마트,33133,구)공도정류장(안성방면),33023,Y,20250509
10986,안성시,백성운수,1-9,41018148,하나로마트,33133,양성터미널,34082,Y,20250509
10987,안성시,백성운수,100-3,41018169,인삼농협앞,33145,서운면사무소,34236,Y,20250509
10988,안성시,백성운수,1-6,41018118,하나로마트,33133,양성터미널,34082,Y,20250509
10989,안성시,백성운수,50-2,41018106,안성터미널,34663,고삼사동,33229,Y,20250509
10990,안성시,백성운수,380,41018182,안성터미널,34676,구)터미널,33134,Y,20250509
10991,안성시,백성운수,370,41018029,일죽터미널,34516,평택터미널,15719,Y,20250509
10992,안성시,백성운수,7-8,41018175,임광그대가아파트,33749,임광그대가아파트,33749,Y,20250509
10993,안성시,백성운수,3,41018018,일죽터미널,34516,삼성,83010,Y,20250509
10994,안성시,백성운수,8-2,41018192,안성터미널,34663,법전리,34110,Y,20250509
10995,안성시,백성운수,10-7,41018183,안성터미널,34663,개리촌,33788,Y,20250509
10996,안성시,백성운수,100,41018013,인삼농협앞,33145,인삼농협앞,33145,Y,20250509
10997,안성시,백성운수,100-1,41018143,인삼농협앞,33145,발화동,33199,Y,20250509
10998,안성시,백성운수,770,41018196,안성터미널,34663,평택지제역,48880,Y,20250509
11094,고양시,고양-대진교통,071,241325002,탄현역.고양시현충공원,219001107,가좌동.구종점,219000435,N,20250610
11095,고양시,고양-대진교통,074,241325004,하이파크시티1단지.고양시립덕이도서관,219000671,킨텍스역.더샵그라비스타.힐스테이트일산,219000766,N,20250610
11096,고양시,고양-대진교통,079,241325005,회차(미정차),277104417,두신마을마을회관,219001115,N,20250610
11097,고양시,고양-대진교통,072A,241325006,화정역3호선,218001046,산황동입구,219001083,N,20250610
11098,고양시,고양-대진교통,072B,241325007,능곡역,218000520,대곡역,218001236,N,20250610
11099,고양시,고양-부광운수,070A,241326001,청원네이쳐빌,219000817,이마트,219000903,N,20250610
11100,고양시,고양-부광운수,078,241326003,기점대기(미정차),277103897,백석역6번출구,219000015,Y,20250610
11101,고양시,고양-여산교통,053,241328002,푸른마을10단지,218001226,농협하나로클럽,218001268,Y,20250610
11102,고양시,고양-여산교통,055,241328004,삼성군인아파트,218000499,푸른마을10단지11동앞,218001212,Y,20250610
11103,고양시,고양-여산교통,033,241328006,중부대학교,218001189,송강마을,218000227,Y,20250610
11104,고양시,고양-여산교통,051A,241328007,푸른마을동익아파트,218000533,애덕의집.봉덕사,218000624,Y,20250610
11105,고양시,고양-여산교통,051B,241328008,고양초등학교.소방서,218000953,부대앞,218001246,N,20250610
11106,고양시,고양-여산교통,052A,241328009,푸른마을10단지,218001226,지축역,218000952,N,20250610
11107,고양시,고양-여산교통,052B,241328010,지축역,218000952,부대앞.백운아파트,218000373,Y,20250610
11108,고양시,고양-성우교통,097,241331001,식사동,219001081,원당역,218001083,Y,20250610
11109,고양시,고양-성우교통,098,241331002,풍동고.다솜초교.풍동도서관,219001040,롯데백화점,219000357,Y,20250610
11110,고양시,고양-성우교통,099,241331003,위시티1단지후문.양일초교,219001031,원당역,218001083,N,20250610
11111,고양시,고양-보은교통,031,241333001,화정역3번출구,218001359,화정역3호선,218000974,Y,20250610
11112,고양시,고양-홍성,040,241352001,신원초교.현대8단지,218001097,삼송역5번출구,218000284,N,20250610
11113,고양시,고양-홍성,043(원당역),241352002,원흥역7번출구,218001052,리스쇼핑.원당시장,218000116,N,20250610
11114,고양시,고양-홍성,042,241352003,호반22단지정문,218001185,호반22단지정문,218001185,N,20250610
11115,고양시,고양-홍성,043,241352004,원흥역7번출구,218001052,원흥역7번출구,218001052,N,20250610
11116,고양시,고양-홍성,048,241352006,신원초교.현대8단지,218001097,호반21단지.동산초등학교,218001099,N,20250610
11117,고양시,고양-홍성,075A,241352007,고양중학교,218000639,디지털미디어시티역,111000220,Y,20250610
11118,고양시,고양-홍성,041B,241352011,삼송동일스위트2차아파트,218001333,삼송역5번출구,218000284,N,20250610
11119,고양시,고양-신일산운수,067,241355001,일산라이브더센텀,219000559,마두역(중),219000383,N,20250610
11120,고양시,고양-신일산운수,068,241355002,일산라이브더센텀,219000559,일산병원,219000352,N,20250610
11121,고양시,고양-신일산운수,069,241355003,SK주유소,219000960,능곡역,218000520,N,20250610
11122,고양시,고양-신일산운수,090,241355004,차고지,219000829,하늘마을3단지,219000597,Y,20250610
11123,고양시,고양-신일산운수,092,241355006,일산에듀포레푸르지오후문,219001147,탄현역2번출구,219000772,N,20250610
11124,고양시,고양-신일산운수,091A,241355007,차고지,219000829,킨텍스역.더샵그라비스타.힐스테이트일산,219000766,N,20250610
11125,고양시,고양-신일산운수,091B,241355008,강선마을13단지,219000531,일산에듀포레푸르지오종점,219000545,N,20250610
11126,고양시,고양-신일산운수,066A,241355010,차고지,219000829,킨텍스역.더샵그라비스타.힐스테이트일산,219000766,N,20250610
11127,고양시,코엑스운수DRT,고양똑버스02,218000128,일산역,219000061,고봉동행정복지센터,219000077,N,20250610
11128,화성시,제부여객,15-1,200000152,서부공용차고지(미정차),277102625,아이원.호수자이파밀리에,233003126,Y,20250701
11129,화성시,제부여객,05-02,200000237,수원역.AK플라자,202000105,아이원.호수자이파밀리에,233003126,Y,20250701
11130,화성시,제부여객,1004,233000004,장외리.오리골,233001903,수원역환승센터(4승강장),201000590,Y,20250701
11131,화성시,제부여객,330,233000005,장외리.오리골,233001903,금정역,225000007,Y,20250701
11132,화성시,제부여객,05-02,233000019,경진여객차고지,233001064,선창포구종점,233000413,Y,20250701
11133,화성시,제부여객,1004-1,233000067,전곡항,233001912,수원역환승센터(4승강장),201000590,Y,20250701
11134,화성시,제부여객,1000,233000077,장외리.오리골,233001903,동탄역(동측),233003085,Y,20250701
11135,화성시,남양여객,400,200000008,수원시동부차고지,203000360,궁평항,233000330,Y,20250701
11136,화성시,남양여객,999,200000013,연화장,203000062,현대기아연구소,233001999,Y,20250701
11137,화성시,남양여객,11,200000060,수원시동부차고지,203000360,원시역2번출구,217000289,Y,20250701
11138,화성시,남양여객,05-03,200000282,동부차고지,203000374,아이원.호수자이파밀리에,233003126,Y,20250701
11139,화성시,남양여객,400A,233000377,수원시동부차고지,203000360,서희스타힐스1.3단지,233000341,Y,20250701
11140,화성시,화성운수,701A,223000032,동탄2차고지,233002247,곡반정동차고지,201000238,Y,20250701
11141,화성시,화성운수,708,223000056,동탄2차고지,233002247,병점역사거리,233000702,Y,20250701
11142,화성시,화성운수,73,223000058,동탄2차고지,233002247,병점역사거리,233000702,Y,20250701
11143,화성시,화성운수,712,233000128,만의사.마을회관,233000160,병점역사거리,233000702,Y,20250701
11144,화성시,화성운수,710,233000252,만의사.마을회관,233000160,병점역사거리,233000702,Y,20250701
11145,화성시,화성도시공사,H123,233000387,향남시외터미널,233003052,평택지제역,214000804,Y,20250701
11146,화성시,화성-명승교통,11-02,241323002,병점역.화성청년지원센터,233002064,서천2차아이파크,228002053,Y,20250701
11147,화성시,화성-명승교통,11-02,241323002,병점역.화성청년지원센터,233002064,서천2차아이파크,228002053,Y,20250701
11148,화성시,화성-명승교통,13,241323005,병점역.화성청년지원센터,233002064,신영통현대아파트1단지,233002668,Y,20250701
11149,화성시,화성-명승교통,13,241323005,병점역.화성청년지원센터,233002064,신영통현대아파트1단지,233002668,Y,20250701
11150,화성시,화성-명승교통,13A,241323009,병점아이파크캐슬.성호플레르빌,233000199,센트럴하이츠아파트,203000220,Y,20250701
11151,화성시,화성-명승교통,13A,241323009,병점아이파크캐슬.성호플레르빌,233000199,센트럴하이츠아파트,203000220,Y,20250701
11152,화성시,화성-금오운수,27,241324002,병점역.화성청년지원센터,233002064,한림대성심병원,233002559,Y,20250701
11153,화성시,화성-소망교통,06-01,241488002,쌍용아파트,233002741,수원역환승센터(11승강장),201000597,Y,20250701
11154,화성시,화성여객,116-3,233000133,동탄2차고지,233002247,미금역.청솔마을.2001아울렛,206000087,Y,20250701
11155,화성시,화성여객,200,233000268,경기고속차고지,233002341,반도10차,233003174,Y,20250701
11156,화성시,화성여객,65,233000275,동탄2차고지,233002247,화성시청.모두누림센터,233000189,Y,20250701
11157,화성시,화성여객,67,233000277,동탄2차고지,233002247,향남환승터미널,233002102,Y,20250701
11158,화성시,화성여객,205,233000281,경기고속차고지,233002341,(임시)행복주택,233000896,Y,20250701
11159,화성시,화성여객,18,233000389,호수자이파밀리에,233003163,LH1단지.한양수자인,233002169,Y,20250701
11234,오산시,오산교통,500번,23,국민은행,23,아모레,73,N,20250716
11235,오산시,우남여객,33-3번,26,호반써밋라포레정문,26,오산역환승센터1층,76,Y,20250716
11236,파주시,파주-신대운여객,082,241454023,운정역,229002362,운정중앙역,229000817,Y,20250709
11237,파주시,파주-우리교통,080B,241439011,운정역,229001622,운정역,229001622,Y,20250709
11238,파주시,파주-파인투어,G301,241256003,한빛중학교,229001409,문산제일고정문,229000724,Y,20250709
11239,수원시,수원여객,3,200000095,수원남부버스공영차고지,201000472,구운동삼환아파트,201000187,Y,20250714
11240,수원시,수원여객,Jan-82,200000054,곡반정동차고지,201000143,수원여고.푸르지오자이,202000221,Y,20250714
11241,수원시,수원여객,Jan-83,200000023,곡반정동차고지,201000143,수원여고.농천교회,202000220,Y,20250714
11242,수원시,수원여객,Jan-92,200000029,동탄차고지,233001222,성균관대역.고용노동부경기지청.율전성당,200000285,Y,20250714
11243,수원시,용남고속,7000,200000112,사색의광장,228001174,사당역4번출구,120000059,N,20250714
11244,수원시,용남고속,777,233000007,수원역.AK플라자,202000106,사당역(중),121001315,Y,20250714
11245,수원시,용남고속,8800,200000205,수원버스터미널,201000212,서울역버스환승센터.6번홈(중),101000006,N,20250714
11246,오산시,오산교통,8번,3,오산교통갈곶영업소,3,서천마을3단지,53,Y,20250716
11247,오산시,오산교통,22번,6,오산교통차고지,6,향남환승터미널,56,N,20250716
11248,오산시,경기고속,1311B번,37,한라이림아파트,37,강남역도시에빛,87,N,20250716
11249,오산시,대원고속,1552번,39,한신대스쿨버스정류소,39,신분당선강남역(중),89,N,20250716
11250,파주시,파주-우리교통,081,241439012,야당역,229002806,은석교사거리,229000804,Y,20250709
11251,파주시,신성교통,70-1,229000276,교하차고지,229001697,대화역,219000366,Y,20250709
11252,파주시,신성교통,70,229000034,교하차고지,229001697,해태쇼핑.중산사거리,219000323,Y,20250709
11253,파주시,신일여객,12,229000003,갈곡리종점,229001019,문산타워.구문산터미널,229001027,Y,20250709
11254,파주시,신일여객,31,229000027,신산3리,229000442,양광교회앞,111000158,Y,20250709
11255,파주시,서울여객,150,229000284,장터고개.맥금동영업소,229000746,김포공항국제선(2번홈),115000562,Y,20250709
11256,파주시,파주-맑은교통,085,241209001,맑은교통차고지,229000717,야당역,229002805,Y,20250709
11257,수원시,성우운수,310,200000024,경희대학교,203000125,동원고교.해우재입구,200000094,Y,20250714
11258,수원시,성우운수,900,200000010,경희대학교,203000125,보라매공원(중),119000004,Y,20250714
11259,수원시,수원여객,11월 01일,200000070,곡반정동차고지,201000143,수원역환승센터(10승강장),201000596,Y,20250714
11260,수원시,수원여객,02월 25일,200000056,이목동차고지.이목동입구,200000165,귀래리,233001171,Y,20250714
11261,수원시,수원여객,61,200000202,호매실동차고지,201000404,청와.쌍용.그대가센트럴파크아파트,203000155,Y,20250714
11262,수원시,용남고속,3002,200000145,수원남부버스공영차고지,201000472,강남역나라빌딩앞,121000921,N,20250714
11263,수원시,용남고속,3007예약,200000290,수원아이파크시티.선일초교,201000118,삼성서초역삼세무서,122000742,N,20250714
11264,수원시,용남고속,Jan-34,233000012,수원시동부차고지,203000360,협성대학교정문,233001998,Y,20250714
11265,수원시,용남고속,9,200000103,사색의광장,228001174,LG빌리지1차.와이씨티칠보마을6단지아파트,201000179,Y,20250714
11266,오산시,오산교통,7-5번,2,오산교통차고지,2,오산세교한양수자인,52,Y,20250716
11267,오산시,오산교통,111번,13,오산교통차고지,13,발안삼거리,63,Y,20250716
11268,오산시,오산교통,201번,14,오산교통갈곶영업소,14,차세대융합기술연구원,64,Y,20250716
11269,오산시,금암마을여객,100번,35,신동아아파트1차,35,오산역,85,Y,20250716
11270,파주시,파주-신대운여객,070B,241454026,운정역,229001622,운정역,229001622,Y,20250709
11271,파주시,파주-하이상운,078,241433004,장터고개.맥금동영업소,229000746,은석교사거리,229000804,Y,20250709
11272,파주시,신일여객,95,229000108,문산읍행정복지센터,229002444,전곡재래시장앞,238000205,Y,20250709
11273,파주시,서울여객,80,229000283,금촌교,229001167,대화역,219000193,Y,20250709
11274,수원시,성우운수,300-1,200000031,이목동차고지.이목동입구,200000165,홈플러스.벌말초교,233000100,N,20250714
11275,수원시,성우운수,4000,200000314,수원남부버스공영차고지,201000472,사송동종점,204000142,N,20250714
11276,수원시,수원여객,01월 20일,200000182,수원시동부차고지,203000360,운암주공1단지.운천중학교,223000046,Y,20250714
11277,수원시,수원여객,Apr-32,200000272,수원시동부차고지,203000360,향남주공18단지,233002471,Y,20250714
11278,수원시,수원여객,42,233000087,이목동차고지.이목동입구,200000165,봉담읍행정복지센터,233000836,Y,20250714
11279,수원시,수원여객,5,200000076,이목동차고지.이목동입구,200000165,경희대학교,203000125,Y,20250714
11280,수원시,수원여객,64,200000043,동탄차고지,233001222,안양역,208000068,Y,20250714
11281,수원시,수원여객,07월 01일,200000045,동탄차고지,233001222,경기대정문,203000230,Y,20250714
11282,수원시,수원여객,07월 02일,200000040,이목동차고지.이목동입구,200000165,청와.쌍용.그대가센트럴파크아파트,203000155,Y,20250714
11283,수원시,용남고속,19,200000266,수원시동부차고지,203000360,서부공영차고지,201000446,Y,20250714
11284,수원시,용남고속,5100예약,200000296,살구골동아아파트,203000157,신분당선강남역(중),121000009,N,20250714
11285,수원시,용남고속,7001,200000119,수원버스터미널,201000212,사당역(중),121001315,N,20250714
11286,오산시,오산교통,21번,5,오산교통차고지,5,향남환승터미널,55,N,20250716
11287,오산시,오산교통,32번,9,오산역환승센터2층,9,외삼미동입구,59,N,20250716
11288,오산시,오산교통,C4번,19,오산역환승센터2층,19,오산역환승센터2층,69,N,20250716
11289,오산시,오산교통,9-1번,20,국민은행,20,행복주택,70,N,20250716
11290,오산시,우남여객,33-1번,25,부자부동산,25,오산역환승센터1층,75,Y,20250716
11291,오산시,한신운수,53번,28,계량골,28,문화예술회관.고용복지플러스센터,78,Y,20250716
11292,오산시,한신운수,123번,33,금암마을3단지,33,오산대학교,83,N,20250716
11293,오산시,대원고속,1550-1번,38,한신대스쿨버스정류소,38,신논현역금강빌딩,88,N,20250716
11294,오산시,용남고속버스라인,5300번,40,용남고속차고지,40,신논현역인터파크,90,N,20250716
11295,파주시,뉴신일관광,374,229000312,파주5리,229000265,구파발역.롯데몰(고양.파주),111001117,Y,20250709
11296,파주시,신일여객,10,229000101,갈곡리종점,229001019,한수초등학교,219000627,Y,20250709
11297,파주시,서울여객,567,229000285,장터고개.맥금동영업소,229000746,한전서대문은평.북한산푸르지오(중),111000936,Y,20250709
11298,파주시,파주-기흥여객,065,241441001,기흥여객차고지,229000260,고양자유학교앞,219000222,Y,20250709
11299,파주시,파주-기흥여객,072,241441015,금촌역,229000582,물향기마을10단지,229000827,Y,20250709
11300,수원시,성우운수,301,200000028,수월암차고지,214000645,동안구청.달안초등학교.홈플러스,209000091,Y,20250714
11301,수원시,수원여객,27,200000074,이목동차고지.이목동입구,200000165,수지중학교,228000926,Y,20250714
11302,수원시,수원여객,01월 30일,200000265,이목동차고지.이목동입구,200000165,수원대학교,233000576,Y,20250714
11303,수원시,용남고속,3008,200000274,수원아이파크시티.선일초교,201000118,강남역나라빌딩앞,121000921,N,20250714
11304,수원시,용남고속,34,233000011,수원시동부차고지,203000360,협성대학교정문,233001998,N,20250714
11305,수원시,용남고속,8800예약,200000297,구법원사거리,203000068,서울역버스환승센터.6번홈(중),101000006,N,20250714
11306,수원시,용남고속,92,200000025,곡반정동차고지,201000143,동원고교.해우재입구,200000094,Y,20250714
11307,수원시,용남고속,Feb-99,200000196,오목초등학교,201000153,곡반정동차고지,201000238,Y,20250714
11308,오산시,오산교통,9번,4,오산역환승센터2층,4,지곶동대림아파트,54,Y,20250716
11309,오산시,오산교통,C1번,16,오산교통갈곶영업소,16,세마역,66,Y,20250716
11310,오산시,오산교통,90번,21,오산역환승센터2층,21,만의사.마을회관,71,N,20250716
11311,오산시,오산교통,10번,22,오산교통갈곶영업소,22,오산역환승센터1층,72,N,20250716
11312,오산시,우남여객,99번,27,대림아파트,27,오산대역,77,N,20250716
11313,오산시,한신운수,55번,29,세마역,29,병점역,79,N,20250716
11314,오산시,경기고속,1311번,36,한라이림아파트,36,강남역도시에빛,86,N,20250716
11315,오산시,용남고속버스라인,5300-1번,41,원영화남아파트,41,강남역도시에빛,91,N,20250716
11316,오산시,용남고속버스라인,5200번,42,용남고속차고지,42,KCC사옥,92,N,20250716
11317,파주시,파주-파주교통,021,241434004,문산읍행정복지센터,229002444,노인복지회관.경찰서,229000547,Y,20250709
11318,파주시,파주-파인투어,G101,241256001,운정중앙역,229000816,문산제일고정문,229000724,Y,20250709
11319,파주시,파주-파인투어,M101,241256007,힐스테이트2차,229002807,세경고등학교,229000321,Y,20250709
11320,파주시,신일여객,92,229000042,적성차고지,229001443,강선마을(중),219000190,Y,20250709
11321,파주시,파주-신대운여객,070A,241454025,운정역,229001579,운정역,229001579,Y,20250709
11322,수원시,삼경운수,2007,200000120,중보들공원,201000021,단대오거리역.(구)종점,205000025,N,20250714
11323,수원시,수원여객,04월 13일,200000185,수원시동부차고지,203000360,능실마을15단지.금호어울림아파트,201000402,Y,20250714
11324,수원시,수원여객,30,233000083,이목동차고지.이목동입구,200000165,수원대학교,233000576,Y,20250714
11325,수원시,수원여객,35,200000148,경기대정문,203000229,에일린의뜰.휴먼시아6단지,233001855,Y,20250714
11326,수원시,수원여객,37,200000099,경기대정문,203000229,민속촌,228000790,Y,20250714
11327,수원시,수원여객,Jan-62,200000078,동탄차고지,233001222,LG빌리지3차.모아미래도아파트,201000180,Y,20250714
11328,수원시,수원여객,7-1A,200000315,동탄2차고지,233002292,조원뉴타운,200000047,N,20250714
11329,수원시,수원여객,80,200000146,곡반정동차고지,201000143,광교휴먼시아32단지정문,203000285,Y,20250714
11330,수원시,용남고속,G5100,200000262,경희대학교,203000125,매헌시민의숲.양재꽃시장,121000220,N,20250714
11160,화성시,화성여객,24,233000390,병점역사거리,233000702,단독주택,233002425,Y,20250701
11161,화성시,화성여객,220,233000394,병점복합타운,233000220,상신3리입구.한양수자인,233000363,Y,20250701
11162,화성시,화성여객,210,233000395,경기고속차고지,233002341,어울림공원,233000205,Y,20250701
11163,화성시,화성여객,720-3,234000068,새봄초등학교,233000217,단국대.치과병원,228001737,Y,20250701
11164,화성시,화성여객,721,234001568,영통차고지대기(미정차),277101892,반도10차,233003174,Y,20250701
11165,화성시,화성여객,116-2,234001570,영통차고지대기(미정차),277101892,갈곶동.KCC스위첸아파트,223000525,Y,20250701
11337,안양시,삼영운수,60-1,00000000,월암종점,27016,관악초등학교,10222,N,20241231
11338,안양시,삼영운수,81,00000000,목감호수품애.중흥S클래스,25894,안양사거리.청원놀이터,9140,N,20241231
11339,안양시,삼영운수,8-1,00000000,차고지입구,9214,등대교회,27068,Y,20241231
11340,안양시,보영운수,15,00000000,창박골,9346,수리동설악아파트,26001,Y,20241231
11341,안양시,만안교통,10-2,00000000,무궁화진흥아파트,10250,신성중학교.씨엘포레자이아파트,9292,N,20241231
11342,안양시,대성운수,2,00000000,안양예술공원종점.갈메기산기도원입구,9329,신성중학교.씨엘포레자이아파트,9341,Y,20241231
11343,안양시,편안운수,5-5,00000000,자유공원,10119,관양고등학교,10354,N,20241231
11344,안양시,삼영운수,1-2,00000000,석수동버스공영차고지,9015,부곡중.한국철도기술연구원,27018,Y,20241231
11345,안양시,삼영운수,1-5,00000000,월암종점,27016,옥박골,27193,N,20241231
11346,부천시,부천버스,83,212000002,대장공영차고지,212000232,여의도환승센터(1번승강장),118000513,Y,20241231
11347,부천시,부천-서경운수,013-4,241262006,중동역(마을),210000224,장미공원앞,210000581,N,20241231
11348,의왕시,백운여객,8,226000011,오봉산마을,27047,오전동주민센터,27138,Y,20250714
11349,의왕시,청계운수,10,226000006,청계산주차장,27281,인덕원역,10166,Y,20250714
11350,의왕시,덕장운수,12,226300002,숲속마을3.5단지,27199,숲속마을3.5단지,27201,Y,20250714
11351,안양시,삼영운수,8-2,00000000,자경마을.석수스마트타운,14231,고천.의왕시청,27140,N,20241231
11352,안양시,삼영운수,9,00000000,차고지입구,9214,사당역(중),22028,Y,20241231
11353,안양시,보영운수,10,00000000,창박골,9346,의왕시청,27056,Y,20241231
11354,안양시,보영운수,917,00000000,군포공영차고지,26173,신사역8번출구.가로수길,23108,Y,20241231
11355,안양시,호계운수,6-2,00000000,경인교육대,9136,(임시)금정역1번출구.AK플라자,26178,Y,20241231
11356,안양시,신안운수,9,00000000,신안초등학교.우성아파트,9296,동아제약물류센터,9064,Y,20241231
11357,안양시,편안운수,1,00000000,박달과학화예비군훈련장,9148,안양역,9220,N,20241231
11358,안양시,삼영운수,1-1,00000000,월암종점,27016,사당역(중),22028,N,20241231
11359,부천시,성광운수,27,210000063,부천터미널소풍,210000561,송내역B,210000569,Y,20241231
11360,부천시,성일운수,33,210000105,상동회차지,210000467,대림아파트,210000487,Y,20241231
11361,부천시,성일운수,66,210000061,상동회차지,210000467,용못내공원.옥길동종점,211000299,Y,20241231
11362,부천시,소신여객,45711,210000033,소사공영차고지,211000219,라일락마을어린이공원,210000196,Y,20241231
11363,부천시,소신여객,25,210000073,소사공영차고지,211000219,깊은구지사거리,211000086,Y,20241231
11364,부천시,소신여객,25628,210000036,대장공영차고지,212000232,경방타임스퀘어.신세계백화점,118000032,Y,20241231
11365,부천시,부천-원종여객,017-1,241263003,휴먼시아1단지후문,212000394,역곡역북부,210000298,Y,20241231
11366,부천시,부천-서경운수,13,241262001,역곡역북부(마을),210000587,역곡역북부(마을),210000587,N,20241231
11367,부천시,뉴부일교통,56,210000007,부천터미널소풍,210000561,청구아파트,211000178,Y,20241231
11368,부천시,부일교통,55,210000004,소사공영차고지,212000379,역곡역.역곡남부시장,211000118,Y,20241231
11369,의왕시,의왕운수,3,226000002,모락산현대아파트,27233,관악타운,10011,Y,20250714
11370,안양시,삼영운수,52-1,00000000,금강1단지,26406,더샵센트럴시티정문,10365,N,20241231
11371,안양시,삼영운수,6,00000000,차고지입구,9214,벌말초교.한일나래,27151,Y,20241231
11372,안양시,호계운수,6-1,00000000,현대.대림아파트,10111,한림대병원,10201,Y,20241231
11373,안양시,편안운수,5,00000000,월암종점,27016,남부고용노동지청,19209,Y,20241231
11374,부천시,성일운수,52,210000009,상동회차지,210000467,온수남부,116000458,Y,20241231
11375,부천시,소신여객,6,210000019,전진아파트,211000045,신중동역3번출구.원미경찰서.롯데백화점,210000453,Y,20241231
11376,부천시,소신여객,700,210000039,부개역.상동차고지,210000634,63빌딩.가톨릭대학교여의도성모병원,118000058,N,20241231
11377,부천시,소신여객,8,210000024,대장공영차고지,212000232,고강동우체국,212000071,Y,20241231
11378,부천시,청우운수,21186,210000072,수주고등학교,212000399,까치울역4번출구.까치울전원마을3.4단지,212000064,N,20241231
11379,부천시,청우운수,21916,210000057,고강공영차고지,212000379,소사어울마당.소사푸르지오,211000235,Y,20241231
11166,군포시,군포여객,100,225000004,초막골공원,225000422,의왕역2번출구,226000080,Y,20250710
11167,군포시,군포여객,100-1,225000005,납덕골,225000289,의왕역2번출구,226000080,Y,20250710
11168,군포시,산본여객,31,225000006,부곡버스공영차고지,225000194,산본2동행정복지센터,225000071,Y,20250710
11169,군포시,보영운수,3030,208000027,군포보건소,225000010,신사역8번출구.가로수길,122000008,N,20250710
11170,군포시,산본여객,30,225000009,군포복합화물터미널,225000257,금정역,225000115,Y,20250710
11171,군포시,산본여객,32,225000010,군포복합화물터미널,225000257,당정역,225000234,Y,20250710
11172,군포시,경기고속,6501,234001163,부곡공영차고지(경유),277102715,강남역우리은행,121000974,N,20250710
11173,군포시,군포-오성교통,5,241381001,당정역,225000313,한라2차아파트입구,225000140,Y,20250710
11174,군포시,군포-오성교통,10,241381002,대원칸타빌,225000316,당정역,225000312,Y,20250710
11175,군포시,군포-오성교통,11,241381003,한우물근린공원,225000456,군포초등학교,225000042,N,20250710
11176,군포시,군포-군포운수,9,241382001,기점대기(경유),277102530,금정역,225000007,Y,20250710
11177,군포시,군포-군포운수,1,241382002,5단지가야아파트,225000403,금정역,225000011,Y,20250710
11178,군포시,군포-군포운수,6,241382003,현대아이파크,225000306,금정역,225000007,Y,20250710
11179,군포시,군포-군포운수,06월 01일,241382004,둔터.반월호수,225000292,군포시청.산본역,225000089,N,20250710
11180,군포시,군포-군포운수,7,241382005,대야미역,225000188,군포시청.산본역,225000116,Y,20250710
11181,군포시,군포-군포운수,01월 02일,241382006,대야미역,225000198,군포부곡도서관,225000231,N,20250710
11182,군포시,군포-군포운수,01월 01일,241382008,군포보건소,225000192,군포공영차고지,225000181,N,20250710
11183,군포시,군포-사랑교통,3,241383001,당정역,225000234,금정역,225000007,Y,20250710
11184,군포시,군포-사랑교통,03월 01일,241383002,당정역,225000234,금강아파트,225000084,Y,20250710
11185,군포시,군포-행복운수,2,241384001,계룡.한양아파트,225000390,금정역3번출구,225000195,Y,20250710
11186,군포시,군포-행복운수,12,241384002,삼성마을5단지아파트입구,225000419,당정역,225000419,Y,20250710
11331,오산시,오산교통,46번,10,오산교통차고지,10,팔달문,60,Y,20250716
11332,오산시,오산교통,60번,11,오산교통차고지,11,동탄역,61,Y,20250716
11333,오산시,오산교통,71번,12,오산교통갈곶영업소,12,동탄역(서측),62,N,20250716
11334,오산시,오산교통,C2번,17,오산역환승센터2층,17,죽미마을입구,67,Y,20250716
11335,오산시,오산교통,C3번,18,오산롯데캐슬스카이파크,18,지곶동대림아파트,68,Y,20250716
11336,오산시,한신운수,56-2번,31,한신대학교,31,병점역,81,N,20250716
11476,광명시,화영운수,101,213000016,화영운수차고지,213000048,석수역(중),117000310,Y,20250701
11477,광명시,화영운수,12,213000004,중앙하이츠아파트,213000053,안양역,208000010,Y,20250701
11478,광명시,화영운수,77,213000026,광명스피돔,213000328,광명동굴,213000411,N,20250701
11479,광명시,화영운수,17,213000005,광명동굴,213000411,개봉역,116000609,Y,20250701
11480,광명시,화영운수,27,213000003,광명돔경륜장.광남문,213000052,독산역,117000182,Y,20250701
11481,광명시,화영운수,3002,213000019,KTX광명역6번출구,213000231,인천대학교공과대학,164000376,N,20250701
11482,광명시,광명-자경,88,241274006,도고내마을회관,213000028,소하동이마트,213000334,Y,20250701
11483,광명시,화영운수,21,213000002,광명돔경륜장.광남문,213000052,7호선가산디지털단지역,117000021,Y,20250701
11484,광명시,화영운수,39,213000009,새미마을,224000473,개봉역,116000609,Y,20250701
11485,광명시,화영운수,1,213000006,거모동,224000449,개봉역,116000609,Y,20250701
11486,광명시,화영운수,11-2,213000011,소하동광명동굴입구,213000403,여의도환승센터(1번승강장),118000513,Y,20250701
11487,광명시,광명-자경,1-1,213300002,관악역,208000092,KTX광명역7번출구,213000216,Y,20250701
11488,광명시,광명-자경,1-3,213300003,KTX광명역7번출구,213000216,석수역1호선,208000152,Y,20250701
11489,광명시,화영운수,200,213000029,KTX광명역5번출구,213000393,목동7단지.종로학원,114000063,N,20250701
11490,안산시,경원여객,6,216000077,화정동.종점,217000687,중앙역1번출구,217000140,N,20250720
11491,안산시,태화상운,737,216000079,전곡항,233001912,방아머리,217000536,N,20250720
11492,안산시,경원여객,8,216000083,안골마을,216000247,삼천리마을앞,216000322,N,20250720
11493,안산시,써클라인,60B,216000093,중앙역2번출구,217000264,중앙역2번출구,217000264,N,20250720
11494,안산시,써클라인,125,216000006,홈플러스,224000620,본오1동행정복지센터,216000097,N,20250720
11495,안산시,경원여객,501A,216000030,경원여객,217000188,경원여객종점,217000156,N,20250720
11496,안산시,경원여객,04월 01일,216000049,본오아파트종점,216000672,한대앞역2번출구,216000722,N,20250720
11497,안산시,경원여객,501B,216000055,경원여객,217000188,경원여객종점,217000156,N,20250720
11498,안산시,써클라인,N80B,216000102,안산해솔초등학교,216000358,안산갈대습지,216000387,N,20250720
11499,안산시,경원여객,52,217000003,경원여객,217000188,본오아파트앞,216000031,Y,20250720
11500,안산시,경원여객,76,224000016,본오교회앞,216000096,동보아파트후문.군자교회,224000924,N,20250720
11501,안산시,경원여객,13,216000069,별솔공원,233000236,원시역1번출구,217000292,N,20250720
11502,안산시,경원여객,50,216000075,안산해솔초등학교,216000358,KTX광명역1번출구,213000487,N,20250720
11503,안산시,경원여객,51,216000090,부곡동산림욕장,216000327,부곡제2종합시장,216000043,N,20250720
11504,안산시,써클라인,60A,216000092,중앙역2번출구,217000264,중앙역2번출구,217000264,N,20250720
11505,안산시,경원여객,7070,216000001,경인합섬앞,217000293,수원역.노보텔수원,202000208,N,20250720
11506,안산시,태화상운,66,216000002,반월역앞,216000150,안산역(도로변),217000301,N,20250720
11507,안산시,경원여객,71,216000003,경인합섬앞,217000293,근로복지공단안산병원,216000260,N,20250720
11508,안산시,경원여객,80c,216000023,본오아파트앞,216000031,상록수역3번출구건너편,216000138,N,20250720
11509,안산시,경원여객,3101,216000043,신안산대학교,217000283,강남역우리은행,121000974,N,20250720
11510,안산시,경원여객,500,216000054,고잔역1번출구,217000466,경원여객종점,217000156,N,20250720
11511,안산시,경원여객,10월 01일,216000068,상록수역앞,216000145,푸르지오6차후문,216000020,N,20250720
11512,안산시,경원여객,3100N,216000096,신안산대학교,217000283,강남역우리은행,121000974,N,20250720
11513,안산시,써클라인,N70A,216000099,선부역1번출구.근로복지관,217000735,선부역1번출구.근로복지관,217000735,N,20250720
11514,안산시,경원여객,101,217000002,경원여객,217000188,사리운동장,216000319,Y,20250720
11515,안산시,경원여객,320,217000013,경원여객,217000188,여의도환승센터(1번승강장),118000513,N,20250720
11516,안산시,태화상운,123-1,216000091,세영리첼,233001910,탄도,217000576,N,20250720
11517,안산시,경원여객,62,216000016,본오동종점,216000053,한라비발디1차,224001001,Y,20250720
11518,안산시,경원여객,38,216000020,부천역차고지,211000139,매화지하차도,224001116,Y,20250720
11519,안산시,경원여객,Jan-71,216000035,경인합섬앞,217000293,근로복지공단안산병원,216000260,N,20250720
11520,안산시,경원여객,3,216000073,푸르지오6차후문,216000222,안산초교,216000702,N,20250720
11521,안산시,써클라인,80A,216000081,안산해솔초등학교,216000358,안산갈대습지,216000387,N,20250720
11522,안산시,경원여객,511B,216000095,경원여객,217000188,달미역,217000794,N,20250720
11523,안산시,태화상운,727-1,216000009,말부흥종점,217000529,말부흥종점,217000666,N,20250720
11524,안산시,경원여객,Jan-99,216000010,본오동종점,216000053,새솔동행정복지센터,233000239,Y,20250720
11525,안산시,경원여객,5609,216000046,그랑시티자이214동앞,216000386,여의도환승센터(2번승강장),118000007,N,20250720
11526,안산시,경원여객,9,216000066,선부동차고지,217000066,중앙역1번출구,217000140,N,20250720
11527,안산시,써클라인,N80A,216000101,안산해솔초등학교,216000358,안산갈대습지,216000387,N,20250720
11528,안산시,경원여객,10990,224000014,오이도차고지,224000738,목감중심상업지구,224000050,Y,20250720
11529,안산시,경원여객,7,216000074,양상동종점,216000333,상록구청.상록수보건소,216000331,N,20250720
11530,안산시,써클라인,80B,216000082,안산해솔초등학교,216000358,안산갈대습지,216000387,N,20250720
11531,안산시,경원여객,90,216000084,삼천리마을앞,216000321,상록수역3번출구건너편,216000138,N,20250720
11532,안산시,써클라인,70B,216000087,선부역3번출구,217000734,선부역3번출구,217000734,N,20250720
11533,안산시,경원여객,55,216000011,본오동종점,216000053,오이도차고지,224000743,Y,20250720
11534,안산시,경원여객,3100,216000026,신안산대학교,217000283,강남역우리은행,121000974,N,20250720
11535,안산시,경원여객,10,216000037,중앙역1번출구,217000140,별솔공원,233000237,N,20250720
11536,안산시,경원여객,707-1,216000070,신안산대학교,217000283,수원역.노보텔수원,202000208,N,20250720
11537,안산시,경원여객,511A,216000094,경원여객,217000188,달미역,217000794,N,20250720
11538,안산시,경원여객,301,216000021,본오아파트앞,216000031,여의도환승센터(1번승강장),118000513,N,20250720
11539,안산시,태화상운,727,216000031,메추리섬입구,217000751,남사리,217000609,N,20250720
11540,안산시,경원여객,08월 01일,216000051,현대아파트,216000676,삼천리마을,216000675,N,20250720
11541,안산시,경원여객,300,216000060,중앙역1번출구,217000140,대부해양본부,217000616,N,20250720
11542,안산시,경원여객,99,217000007,오이도차고지,224000738,삼천리마을앞,216000322,N,20250720
11543,안산시,경원여객,98,224000015,오이도차고지,224000738,수변공원휴게소,216000651,N,20250720
11544,안산시,경원여객,34,216000076,안산운전면허시험장,217000720,월곶동주민센터.월곶포구,224000126,N,20250720
11545,안산시,경원여객,16,216000085,상록수역3번출구건너편,216000138,별솔공원,233000237,N,20250720
11546,안산시,경원여객,22,216000004,자원재생공사,224000501,삼천리마을앞,216000322,N,20250720
11547,안산시,경원여객,07월 31일,216000019,한라2차아파트입구,225000140,부천역차고지,211000232,Y,20250720
11380,부천시,부천-은혜교통,51,241281001,역곡역북부,210000484,현대아파트,210000426,N,20241231
11381,부천시,도원교통,45992,210000002,대장동종점,212000447,괴안사거리.삼오유치원,211000065,Y,20241231
11382,의왕시,덕장운수,11,226300001,자유공원,10119,자유공원.평촌아트홀,10116,Y,20250714
11383,안양시,삼영운수,60,00000000,군포보건소,26182,동편마을2단지,10226,Y,20241231
11384,안양시,보영운수,11-5,00000000,군포공영차고지,26173,정금마을.방배경찰서,20016,Y,20241231
11385,안양시,보영운수,55,00000000,금강1단지,26406,롯데백화점.범계역,10047,N,20241231
11386,안양시,호계운순,2-1,00000000,안양예술공원종점.갈메산기도원입구,9329,법원경찰청.평촌역,10126,N,20241231
11387,안양시,동안운수,7,00000000,안양시자원회수시설,10150,힐스테이트비산파크뷰.비산사회복지관,10310,Y,20241231
11388,안양시,편안운수,5-3,00000000,명학역,9285,무궁화코오롱.건영아파트,10084,N,20241231
11389,부천시,소신여객,3,210000013,소사공영차고지,211000219,김포공항국내선(9번홈),115000601,Y,20241231
11390,부천시,소신여객,45810,210000046,대장공영차고지,212000232,전진아파트,211000033,Y,20241231
11391,부천시,청우운수,59,210000042,부천터미널소풍,210000561,화곡역,115000604,Y,20241231
11392,부천시,청우운수,21551,210000069,아인스월드,210000548,화곡역,115000051,Y,20241231
11393,부천시,부일교통,20486,210000103,부천남부생태공원입구,211000305,주공2.중흥S클래스.소안초등학교,211000153,Y,20241231
11394,의왕시,덕장운수,13,226300003,숲속마을3.5단지,27199,숲속마을3.5단지,27201,Y,20250714
11395,의왕시,학의운수,6,226300017,롯데프리미엄아울렛의왕점,27242,롯데프리미엄아울렛의왕점,27242,Y,20250714
11396,안양시,삼영운수,5,00000000,평촌차고지,10160,관양고등학교,10247,N,20241231
11397,안양시,삼영운수,8,00000000,석수공영차고지,9015,왕곡초등학교,27102,Y,20241231
11398,안양시,삼영운수,20,00000000,송부동행정복지센터.금강4단지,26411,구로디지털단지역,21248,N,20241231
11399,안양시,보영운수,11-3,00000000,창박골차고지,9346,잠실종합운동장,24154,Y,20241231
11400,안양시,보영운수,22,00000000,금강1단지,26406,덕장초교,27164,N,20241231
11401,안양시,동안운수,3,00000000,더포레스트힐.힐스테이트비산파크뷰.비산사회복지관,10309,안양역후문,9314,N,20241231
11402,안양시,동안운수,3-1,00000000,더포레스트힐.힐스테이트비산파크뷰.비산사회복지관,10309,안양역,9213,N,20241231
11403,안양시,평촌교통,5-1,00000000,양명고.양명여고.대우아파트,9317,평촌스마트베이.오비즈타워,10240,Y,20241231
11404,안양시,편안운수,70,00000000,명학역,9285,주공뜨란채A,9311,N,20241231
11405,안양시,편안운수,8,00000000,호계현대홈타운.e편한세상아파트,10111,동편마을2단지,10231,N,20241231
11406,안양시,삼영운수,1,00000000,평촌차고지,10160,구로디지털역(중),21002,N,20241231
11407,부천시,성광운수,19,210000064,대장공영차고지,212000232,브리즈힐.센트리뷰,211000276,Y,20241231
11408,부천시,성광운수,98,210000075,오정물류단지.충전소,212000451,목운초등학교.목운중학교,114000061,Y,20241231
11409,부천시,소신여객,16,212000006,대장공영차고지,212000232,송내역B,210000569,Y,20241231
11410,부천시,소신여객,45780,210000016,부천역북부(기점),210000481,상동역1번출구.부천터미널소풍.홈플러스,210000327,Y,20241231
11411,부천시,청우운수,21217,210000106,오정구청,212000317,신중동역3번출구.롯데백화점,210000164,Y,20241231
11412,부천시,청우운수,58-B,210000099,대장공영차고지,212000232,종합운동장,210000095,N,20241231
11413,부천시,부천-부흥운수,15,241261001,부천소방서.부천대학사거리,224000980,부흥운수종점,210000011,Y,20241231
11414,부천시,부천-은혜교통,18660,241281003,역곡역북부,210000484,역곡역.역곡남부시장,211000130,N,20241231
11415,부천시,부천-서경운수,013-2,241262003,수궁동양지연립,116506850,소명여고사거리,210000140,N,20241231
11416,부천시,부일교통,20090,210000005,소안초등학교.중흥S클래스,211000189,역곡역.역곡남부시장,211000118,Y,20241231
11417,부천시,부일교통,20455,210000049,부천남부생태공원입구,211000305,고강동철탑,212000400,Y,20241231
11418,의왕시,의왕교통,5,226000024,롯데타임빌라스,27242,인덕원역,10166,Y,20250714
11419,안양시,삼영운수,51,00000000,평촌차고지,10160,구로디지털단지역(중),21002,Y,20241231
11420,안양시,삼영운수,5-2,00000000,월암공영차고지,27016,석수역,9228,N,20241231
11421,안양시,보영운수,15-1,00000000,효성아파트.종점,9231,안양1번가,9220,N,20241231
11422,안양시,학운교통,6,00000000,차고지입구,9214,벌말초교.한일나래,27151,Y,20241231
11423,안양시,학운교통,06,00000000,한가람한양아파트,10259,한가람한양아파트,10259,Y,20241231
11424,안양시,편안운수,01,00000000,박달과학화예비군훈련장,9148,석수역,9228,N,20241231
11425,안양시,만안교통,10-1,00000000,평촌역,10132,성원상떼빌,9294,Y,20241231
11426,부천시,부천버스,88,212000001,대장공영차고지,212000232,여의도환승센터(4번승강장),118000512,Y,20241231
11427,부천시,성광운수,95,212000005,대장공영차고지,212000232,소사구종점,211000147,Y,20241231
11428,부천시,소신여객,45781,210000017,부천역북부(기점),210000481,부천체육관북문,210000202,Y,20241231
11429,부천시,소신여객,70,210000034,고강공영차고지,212000379,송내역A,210000568,Y,20241231
11430,부천시,부천-원종여객,17,241263002,오정동행정복지센터,212000427,역곡역북부,210000298,Y,20241231
11431,부천시,부천-은혜교통,18629,241281002,역곡역북부,210000484,현대아파트,210000426,N,20241231
11432,부천시,뉴부일교통,53,210000006,대장공영차고지,212000232,청구아파트,211000178,Y,20241231
11433,부천시,도원교통,18264,210000003,고강공영차고지,212000379,포도마을사거리.현대백화점.이마트,210000488,Y,20241231
11434,부천시,부일교통,20821,210000052,부천남부생태공원,211000197,호반베르디움.자이,211000140,Y,20241231
11435,안양시,삼영운수,80,00000000,숲속마을3.5단지,27199,연현중학교,9225,N,20241231
11436,안양시,삼영운수,9-3,00000000,차고지입구,9214,사당역4번출구,21161,Y,20241231
11437,안양시,보영운수,83,00000000,숲속마을3.5단지,27199,두산위브아파트,9226,N,20241231
11438,부천시,성광운수,20,210000062,고강공영차고지,212000379,송내역남부,211000049,Y,20241231
11439,부천시,성광운수,99,210000109,부천옥길전기차충전소,211000298,브리즈힐.센트리뷰,211000276,Y,20241231
11440,부천시,소신여객,23,210000060,고강공영차고지,212000379,송내역A,210000568,Y,20241231
11441,부천시,소신여객,5,210000014,고강공영차고지,212000379,부천테크노파크3단지300동앞,212000047,Y,20241231
11442,부천시,부천버스,10A,210000116,부천옥길전기차충전소,211000298,역곡역.역곡남부시장,211000130,Y,20241231
11443,부천시,소신여객,75,210000038,고강공영차고지,212000379,KTX광명역2번출구,213000145,Y,20241231
11444,부천시,소신여객,G8808,210000108,대장공영차고지,212000232,동안경찰서.범계역,209000094,N,20241231
11445,부천시,청우운수,60,210000043,부천옥길전기차충전소,211000298,부천테크노파크4단지401동앞,210000392,Y,20241231
11446,부천시,부천-서경운수,013-1,241262002,수궁동양지연립,116506850,경기국제통상고.포도마을뉴서울.중앙공원,210000044,N,20241231
11447,부천시,도원교통,50,210000001,고강공영차고지,212000379,송내역남부,211000095,Y,20241231
11448,의왕시,의왕교통,07-1,226300013,의왕테크노파크,27420,의왕테크노파크,27257,Y,20250714
11449,안양시,삼영운수,3,00000000,평촌차고지,10160,광명성애병원,14147,Y,20241231
11450,안양시,삼영운수,33,00000000,숲속마을3.5단지,27199,롯데프리미엄아울렛의왕점정문,27245,Y,20241231
11451,안양시,삼영운수,88,00000000,차고지입구,9214,한라2차아파트입구.청년공간플라잉,26015,Y,20241231
11452,안양시,삼영운수,87,00000000,백운사입구,27308,산본1동,26097,N,20241231
11453,안양시,보영운수,11-2,00000000,군포공영차고지,26173,정금마을.방배경찰서,20016,Y,20241231
11454,안양시,보영운수,15-2,00000000,창박골,9346,의왕시청,27176,Y,20241231
11455,안양시,보영운수,52,00000000,창박골,9346,의왕보건소.노인복지관.청소년수련관,27066,Y,20241231
11456,안양시,호계운수,6-5,00000000,금정역호계푸르지오아파트,10359,안양농수산물시장,10381,N,20241231
11457,안양시,대성운수,2-1,00000000,안양예술공원종점.갈메기산기도원입구,9329,법원경찰청.평촌역,10126,Y,20241231
11458,부천시,소신여객,25600,210000012,춘의동차고지,210000156,국회의사당역5번출구,118000048,Y,20241231
11459,부천시,소신여객,71,210000037,소사공영차고지,211000219,송정역,115000449,Y,20241231
11460,부천시,청우운수,77,210000093,고강공영차고지,212000379,부천종합운동장역,212000001,Y,20241231
11461,부천시,부천-서경운수,013-3,241262004,역곡역북부(마을),210000587,장미공원앞,210000581,N,20241231
11462,부천시,부일교통,57,210000040,소사공영차고지,211000219,온수남부역,116000459,Y,20241231
11463,부천시,부천버스,10,212000003,용못내공원,211000301,여의도환승센터(1번승강장),118000513,Y,20241231
11464,광명시,화영운수,102,213000027,새미마을,213000399,독산역,117000182,Y,20250701
11465,광명시,화영운수,11,213000008,광명돔경륜장.광남문,213000052,안양역,208000010,N,20250701
11466,광명시,화영운수,11-1,213000007,중앙하이츠아파트,213000053,여의도환승센터(1번승강장),118000513,Y,20250701
11467,광명시,화영운수,2,213000017,은계아란트리.한양수자인,224001093,안양역,208000010,Y,20250701
11468,광명시,화영운수,3001,213000015,KTX광명역6번출구,213000231,원흥아파트,164000131,N,20250701
11469,광명시,화영운수,8507,213000024,오리서원.충현중학교.광휘고등학교,213000106,사당역4번출구,120000059,N,20250701
11470,광명시,보영운수,G9633,208000066,석수동버스공영차고지(경유),277102421,양재역9번출구,121000970,Y,20250701
11471,광명시,화영운수,22,213000010,광명종합터미널,213000399,개봉역,116000609,Y,20250701
11472,광명시,광명-자경,1,241274001,개운아파트,213000469,석수역1호선,117000321,N,20250701
11473,광명시,광명-자경,1A,213300006,광명동굴제3공영주차장,213000475,석수역1호선,208000152,Y,20250701
11474,광명시,광명-자경,99,241274007,소하6.7단지,213000336,광명도덕산캠핑장입구,213000377,Y,20250701
11475,광명시,광명-진양교통,광명01,241238001,화영운수차고지,213000070,철산리버빌아파트.구일역,213000236,Y,20250701
11187,파주시,신성교통,600,229000067,대등앞,229001478,강선마을(중),219000192,Y,20250709
11188,파주시,신일여객,30,229000010,적성차고지,229001443,양광교회,111000165,Y,20250709
11189,파주시,파주-기흥여객,9,229000287,장터고개.맥금동영업소,229000746,양지마을입구,229001361,Y,20250709
11190,파주시,파주-신대운여객,077,241454017,야당역2번출구,229002340,물향기마을10단지,229000827,Y,20250709
11191,수원시,삼경운수,300,200000006,수월암차고지,214000645,범계사거리,209000018,N,20250714
11192,수원시,수원여객,112,200000049,곡반정동차고지,201000143,서수원레이크푸르지오1단지,201000459,N,20250714
11193,수원시,수원여객,13,200000037,상광교동종점,200000275,금곡동강남아파트,201000322,Y,20250714
11194,수원시,수원여객,01월 13일,200000069,수원남부버스공영차고지,201000472,금곡동강남아파트,201000322,Y,20250714
11195,수원시,수원여객,20,200000053,수원시동부차고지,203000360,운암주공1단지.운천중학교,223000046,Y,20250714
11196,수원시,수원여객,25,200000055,이목동차고지.이목동입구,200000165,발산리,233001129,Y,20250714
11197,수원시,수원여객,81,200000208,수원시동부차고지,203000360,센트럴허브시티.송화초교,233000101,Y,20250714
11198,수원시,용남고속,02월 01일,200000097,수원남부버스공영차고지,201000472,당수지구상업부지(예정),201000261,Y,20250714
11199,수원시,용남고속,88,200000107,호매실스타힐스.수원여대입구,201000448,조원뉴타운,200000047,Y,20250714
11200,수원시,용남고속버스라인,3003예약,200000293,삼환나우빌아파트,200000092,강남역나라빌딩앞,121000921,N,20250714
11201,오산시,오산교통,202번,15,오산교통차고지,15,KT동수원,65,Y,20250716
11202,오산시,한신운수,57번,32,한신대학교,32,나루마을.월드반도,82,N,20250716
11203,오산시,오산마을버스,88번,34,LG전자,34,오산역,84,Y,20250716
11204,오산시,화성여객,5104번,44,"세교한신더휴,LH21단지아파트",44,서울역버스환승센터,94,N,20250716
11205,오산시,오산교통,7번,1,오산교통차고지,1,진안주공12단지,51,Y,20250716
11206,파주시,파주-신대운여객,022,241454003,월롱시민공원,229001270,대림슈퍼,229002375,Y,20250709
11207,파주시,파주-파인투어,G202,241256005,문산제일고,229000739,새암공원,229001502,Y,20250709
11208,파주시,신일여객,93,229000033,문산읍행정복지센터,229002444,통일촌윗정거장,229000049,Y,20250709
11209,수원시,성우운수,9090,200000015,중보들공원,201000021,안산역(도로변),217000626,N,20250714
11210,수원시,수원여객,02월 16일,200000288,경기대정문,203000229,수원역환승센터(2승강장),201000588,Y,20250714
11211,수원시,수원여객,02월 20일,200000211,수원시동부차고지,203000360,신영통현대타운2단지,233001279,Y,20250714
11212,수원시,수원여객,98,200000085,이목동차고지.이목동입구,200000165,한화꿈에그린,233001703,Y,20250714
11213,수원시,용남고속,3002예약,200000289,수원시청역9번출구.국민연금공단,202000020,삼성서초역삼세무서,122000742,N,20250714
11214,수원시,용남고속,99,200000144,호매실스타힐스.수원여대입구,201000448,예솔초.호반2차.대원2차,233002421,Y,20250714
11215,수원시,용남고속버스라인,3003,200000108,호매실스타힐스.수원여대입구,201000448,강남역나라빌딩앞,121000921,N,20250714
11216,수원시,용남고속버스라인,M5532,223000127,원동.동부삼환아파트,223000524,사당역4번출구,120000059,N,20250714
11217,오산시,오산교통,31번,8,오산역환승센터2층,8,세마역,58,N,20250716
11218,오산시,우남여객,33번,24,호반써밋라포레정문,24,오산역환승센터1층,74,Y,20250716
11219,오산시,한신운수,56번,30,한신대학교,30,병점역,80,Y,20250716
11220,오산시,용남고속버스라인,M5532번,43,원동동부삼환아파트,43,사당역4번출구,93,N,20250716
11221,파주시,파주-파인투어,M201,241256008,중앙도서관,229000552,선유중학교,229001576,Y,20250709
11222,파주시,신성교통,90,229000038,장터고개.맥금동영업소,229000746,백석역6번출구,219000015,Y,20250709
11223,파주시,신일여객,17,229000013,서영대학교,229001273,양광교회앞,111000158,Y,20250709
11224,파주시,서울여객,900,229000286,통일동산전망대,229000761,킨텍스역.원시티1단지,219001172,Y,20250709
11225,파주시,파주-기흥여객,037,241441012,축현일반산업단지,229002377,운정중앙역,229000817,Y,20250709
11226,파주시,파주-신대운여객,071,241454022,금촌역,229000582,초롱꽃마을13단지,229002499,Y,20250709
11227,수원시,수원여객,05월 25일,200000234,이목동차고지.이목동입구,200000165,귀래산업단지,233002384,Y,20250714
11228,수원시,용남고속,05월 13일,200000090,동탄차고지,233001222,당수동인정.한라.쌍용아파트,201000240,Y,20250714
11229,수원시,용남고속,3007,200000110,수원버스터미널,201000212,강남역나라빌딩앞,121000921,N,20250714
11230,수원시,용남고속,5100,200000115,사색의광장,228001174,양재역.서초문화예술회관(중),121000003,N,20250714
11231,수원시,용남고속,09월 01일,200000186,호매실스타힐스.수원여대입구,201000448,대주피오레2단지,228001920,Y,20250714
11232,수원시,용남고속버스라인,7002,200000109,수원남부버스공영차고지,201000472,인덕원역1번출구,209000152,N,20250714
11233,오산시,오산교통,30번,7,오산롯데캐슬스카이파크,7,지곶동대림아파트,57,N,20250716
11796,과천시,과천여객,8-1,220000023,(임시)광창차고지정류소,220000086,(임시)광창차고지정류소,220000133,Y,20260227
11797,과천시,합명회사과천운수,1,220300001,과천시문원도서관.문원동버스종점,220000109,과천시문원도서관.문원동버스종점,220000109,Y,20260227
11798,평택시,평택여객,1199,214000194,죽백동차고지,277101657,평택지제역,214002018,Y,20260227
11799,평택시,평택여객,1731,214000156,죽백동차고지,214001328,휴먼빌퍼스트시티정문,214001017,Y,20260227
11800,평택시,평택여객,300,214000177,오성면사무소앞,214000197,오성면사무소,214000197,N,20260227
11801,평택시,평택여객,310-1,214000179,안중터미널.안중보건지소,214001479,죽백동차고지,214001329,N,20260227
11802,평택시,평택여객,80,214000052,죽백동차고지,214001328,평택항마린센터,214001354,Y,20260227
11803,평택시,평택운수,1361,214000245,기남방송,214001320,상리,214000167,Y,20260227
11804,평택시,평택운수,순환123A,214000263,기남방송,214001320,대사1리,214001327,N,20260227
11805,평택시,협진여객,1353,214000268,용이동차고지,214001302,칠괴동우림아파트,214001302,N,20260227
11806,평택시,협진여객,1452,214000259,평택지제역,214002018,서정리역(중),214000793,Y,20260227
11807,평택시,뉴진위여객,13A,214000216,가곡1리,214001885,송탄시장,214001886,N,20260227
11808,평택시,뉴진위여객,13B,214000217,가곡1리,214001885,송탄시장,214001886,N,20260227
11809,평택시,송탄여객,55,214000224,석정화성파크드림아파트,214001734,K55정문,214001924,Y,20260227
11810,평택시,송탄여객,88B,241284007,코오롱하늘채아파트북문,214000469,코오롱하늘채아파트북문,214000469,Y,20260227
11811,평택시,율포여객,5,214000196,금각1리,214000313,은혜중고.국제대학,214002003,Y,20260227
11812,과천시,합명회사과천운수,3,220300003,(임시)광창차고지정류소,220000086,갈현초등학교.과천그랑레브데시앙,220000116,Y,20260227
11813,과천시,합명회사과천운수,5,220300004,과천시청,220000054,과천제이드자이,220000035,Y,20260227
11814,평택시,평택여객,1451,214000264,평택터미널,214000640,서정리역(중),214000640,Y,20260227
11815,평택시,평택여객,8000,214000255,포레나평택화양,214001053,평택역.AKPLAZA(제1승강장),214000596,N,20260227
11816,평택시,평택여객,Jan-81,214000055,성공회앞,214001380,모아아파트,214001203,Y,20260227
11817,평택시,평택여객,82,214000054,안중초교앞,214000131,우경아파트,214000140,Y,20260227
11818,평택시,평택여객,85,214000067,성공회앞,214001231,홍원4지구(종점),214000986,Y,20260227
11819,평택시,평택여객,86,214000070,성공회앞,214001380,신영2리,214000050,Y,20260227
11820,평택시,평택운수,1215,214000005,기남방송,214001320,노양리낚시터,214000362,Y,20260227
11821,평택시,뉴진위여객,Feb-66,214000221,서정리시장,214000613,청북읍사무소,214000442,N,20260227
11822,평택시,뉴진위여객,66A,214000219,서정리시장,214000613,고잔7리마을회관,214001418,N,20260227
11823,평택시,송탄여객,05월 03일,214000228,국제대학,214001742,서정리역,214000613,Y,20260227
11824,평택시,대원고속,6600,234001697,비전푸르지오(중),214002034,신분당선강남역(중),121000009,N,20260227
11825,평택시,평택여객,1456,214000272,평택지제역,214000622,서정리역(중),214000604,N,20260227
11826,평택시,평택여객,313,214000169,덕우리,214001321,청북중학교,214000449,Y,20260227
11827,평택시,평택여객,84,214000060,안중초교앞,214000131,광덕(종점),214000927,Y,20260227
11828,평택시,평택여객,91,214000081,죽백동차고지,214001328,창내4리,214000156,N,20260227
11829,평택시,협진여객,1522,214000006,용이동차고지,214001302,오산터미널,223000132,Y,20260227
11830,평택시,뉴진위여객,22,214000218,서정리시장,241000613,서정리시장,241000613,N,20260227
11831,평택시,뉴진위여객,8-2A,214300024,은산5리,214001149,진위역,214000513,N,20260227
11832,평택시,송탄여객,88A,241284002,코오롱하늘채아파트북문,214000469,코오롱하늘채아파트북문,214000469,Y,20260227
11833,평택시,율포여객,10,214000195,용이동차고지,214002075,영화아파트,214001578,Y,20260227
11834,평택시,율포여객,15,214000197,서정리역(마을),214001136,한경국립대학교,214001836,Y,20260227
11835,평택시,율포여객,16,214000198,서정리역,214001136,평택지제역,214002018,Y,20260227
11836,평택시,율포여객,Jan-77,214000202,금각1리,214000313,우림아파트,214001499,N,20260227
11837,과천시,합명회사과천운수,2,220300002,과천시문원도서관.문원동버스종점,220000109,과천시문원도서관.문원동버스종점,220000109,Y,20260227
11838,평택시,대원고속,M5438,234001660,평택지제역,214002018,신분당선강남역(중),121000009,N,20260227
11839,평택시,평택여객,6601,214000274,안중역,214000840,휴먼빌퍼스트시티정문,214001017,Y,20260227
11840,평택시,협진여객,1220,214000018,e편한세상평택용이.평택남산교회앞,214001302,K6정문.캠프험프리,214000800,Y,20260227
11841,평택시,협진여객,순환111B,214000257,평택터미널,214000640,평택역.AKPLAZA,214000596,N,20260227
11842,평택시,뉴진위여객,6,214000212,가곡2리,214001884,오산역환승센터2층(1승강장),223000539,N,20260227
11843,평택시,율포여객,31,241282012,현대상가,214000338,고덕아너스,214000282,Y,20260227
11844,평택시,진위운수,33B(33B-1),214000253,서희스타힐스,214001116,서희스타힐스,214001294,N,20260227
11845,평택시,평택-가곡여객,11,214000230,한국양계농협평택유통센터,214001892,성은리,231001232,N,20260227
11846,평택시,평택-가곡여객,11월 01일,214000229,한국양계농협평택유통센터,214001892,사기막종점,228002312,N,20260227
11847,과천시,과천여객,7,220000024,(임시)광창차고지정류소,220000086,푸르지오라비엔오.르센토데시앙,220000084,Y,20260227
11848,평택시,평택버스,6800,228000411,안중공용터미널,214001479,창현고교.아주대학교.유신고교,202000039,N,20260227
11849,평택시,평택여객,302,214000171,해군2함대정문,214001314,서정리역,214000473,Y,20260227
11850,평택시,평택여객,6396,214000079,안중터미널.안중보건지소,214001479,K55정문,214000308,Y,20260227
11851,평택시,평택여객,6881,214000173,안중역,214000840,평택당진항국제여객터미널,214000886,Y,20260227
11852,평택시,평택여객,93,214000080,안중공용터미널,214001479,안중공용터미널,214001462,Y,20260227
11853,평택시,평택여객,99,214000148,안중초교앞,214000131,기산리마을회관,214001176,Y,20260227
11854,평택시,평택운수,1371,214000019,기남방송,214001320,(임시)광동제약,214001339,Y,20260227
11855,평택시,평택운수,순환122A,214000267,기남방송,214001320,대추리평화마을,214001327,N,20260227
11856,평택시,뉴진위여객,23,214000242,서정리시장,241000613,서정리시장,241000613,N,20260227
11857,평택시,뉴진위여객,8,214000214,은산1리,214001161,송탄시장,214000490,N,20260227
11858,평택시,뉴진위여객,8-2B,214300025,은산5리,214001149,송탄시장,214000490,N,20260227
11859,평택시,진위운수,33A(33A-1),214000252,서희스타힐스,214001132,서희스타힐스,214001294,N,20260227
11860,평택시,평택-가곡여객,11월 04일,214000233,하북삼거리.진위역,214000513,협동화산업공단,214001883,N,20260227
11861,평택시,평택-가곡여객,11월 06일,214000235,동천보건진료소,214001878,오산터미널,223000539,N,20260227
11862,평택시,평택이화운수,7,241286001,통복사거리,214000598,서정리역(마을),214001136,Y,20260227
11863,평택시,평택이화운수,9,241286002,상리,214000167,서정리역(마을),214001136,Y,20260227
11864,과천시,과천여객,6,220000012,과천린파밀리에,220000092,양재역.양재1동민원분소,서울22270,Y,20260227
11865,과천시,과천여객,8,220000022,(임시)광창차고지정류소,220000086,(임시)광창차고지정류소,220000133,Y,20260227
11866,평택시,평택여객,1177,214000248,죽백동차고지,214002076,평택지제역,214002018,N,20260227
11867,평택시,평택여객,320,214000180,안중터미널.안중보건지소,214001479,죽백동차고지,214001329,N,20260227
11868,평택시,평택여객,83,214000056,성공회앞,214001380,원정8리,214001233,Y,20260227
11869,평택시,평택운수,1000,214000244,기남방송,214001320,평택지제역,214002018,Y,20260227
11870,평택시,평택운수,1108,214000021,기남방송,214001320,금노마을,231000076,Y,20260227
11871,평택시,평택운수,1155,214000262,기남방송,214001320,평택지제역,214001327,Y,20260227
11872,평택시,평택운수,1220,214000018,e편한세상평택용이.평택남산교회앞,214001302,K6정문.캠프험프리,214000800,Y,20260227
11873,평택시,협진여객,1409,214000039,평택역.AKPLAZA,231001258,서정리역(중),214000034,N,20260227
11874,평택시,뉴진위여객,663,214000222,서정리시장,214000613,이안아파트,214001492,N,20260227
11875,평택시,송탄여객,05월 05일,214000226,국제대학,214001742,송북초교,214001739,N,20260227
11876,평택시,율포여객,32,241282013,고덕아너스(중),214000303,서정리역(마을),214001136,Y,20260227
11877,평택시,율포여객,77,214000200,두릉3리,214001797,동막마을,214001834,N,20260227
11878,평택시,평택-가곡여객,11월 02일,214000231,가곡5리,214001892,평생학습센터,214000343,N,20260227
11879,평택시,평택-가곡여객,11월 03일,214000232,가곡5리,214001892,오산역환승센터2층(1승강장),223000539,N,20260227
11880,평택시,대원고속,5401,234001742,평택지제역,214002018,신분당선강남역(중),121000009,N,20260227
11881,평택시,대원고속,6801,234001739,평택지제역,214002018,야탑역.종합버스터미널(광역버스),206000784,N,20260227
11882,평택시,평택여객,300-1,214000178,오성면사무소앞,214000197,숙성4리,214000197,N,20260227
11883,평택시,평택여객,315,214000251,안중초교앞,214001321,고잔마트,214002103,Y,20260227
11884,평택시,평택여객,810,214000160,죽백동차고지,214001328,평택항.국제여객터미널,214001314,Y,20260227
11885,평택시,평택운수,1372,214000020,기남방송,214001320,지제역동문디이스트5단지,214000581,Y,20260227
11886,평택시,평택운수,순환111A,214000256,평택역.AKPLAZA,214000628,평택터미널,214000641,Y,20260227
11887,평택시,평택운수,순환122B,214000269,기남방송,214001320,대추리평화마을,214001327,N,20260227
11888,평택시,평택운수,순환123B,214000270,기남방송,214001320,대사1리,214001327,N,20260227
11889,평택시,평택운수,순환311,214000258,지제역동문디이스트5단지,214000581,지제역동문디이스트5단지,214000581,Y,20260227
11890,평택시,협진여객,1154,214000271,원중복,231001258,평택역.AKPLAZA,231001258,N,20260227
11891,평택시,협진여객,1502,214000001,용이동차고지,214001302,오산대학,223000132,Y,20260227
11892,평택시,뉴진위여객,06월 01일,214000213,동천1리종점,214001942,오산역환승센터2층(1승강장),223000539,N,20260227
11893,평택시,율포여객,01월 16일,214000240,평택지제역,214002018,한경국립대학교,214001836,Y,20260227
11894,평택시,율포여객,99,214000199,코오롱하늘채아파트,214000469,K55정문,214000308,Y,20260227
11895,평택시,평택버스,6802,214000273,삼성전자(중),214001440,야탑역.종합버스터미널(전면),206000157,N,20260227
11896,평택시,평택버스,5503,214000276,안중공용터미널,214001479,사당역(중),121001315,N,20260227
11897,평택시,평택여객,320-1,214000159,죽백동차고지,214001328,양교6리,214000041,N,20260227
11898,평택시,평택여객,873,214000155,성공회앞,214001321,한내들퍼스트뷰,214001654,Y,20260227
11899,평택시,평택여객,98,214000053,뉴코아백화점,214001328,해군2함대정문,214001373,Y,20260227
11900,평택시,평택운수,1183,214000254,죽백초교앞,214001548,평택역.AKPLAZA,214000628,N,20260227
11901,평택시,협진여객,1150,214000022,지제역차고지,214002019,봉산로터리,231001360,Y,20260227
11902,평택시,협진여객,1311,214000014,용이동차고지,214001302,미도아파트,214000298,N,20260227
11903,평택시,협진여객,순환121,214000043,용이동차고지,214001302,내리회관,214000422,N,20260227
11904,평택시,뉴진위여객,666,214000223,어연한산공단입구,214001988,이안아파트,214001492,N,20260227
11905,평택시,뉴진위여객,66B,214000220,서정리시장,214000613,이안아파트,214001492,N,20260227
11906,평택시,뉴진위여객,08월 01일,214000215,서정리시장,214000613,청북읍사무소,214000442,N,20260227
11907,평택시,송탄여객,05월 01일,214000227,석정화성파크드림아파트,214001734,국제대학,214001928,Y,20260227
11591,고양시,백마운수,98,218000149,위시티1단지후문.양일초교,219001031,킨텍스역2번출구.포레나킨텍스,219001173,Y,20251229
11592,고양시,백마운수,69,218000150,둥지마을.베송쥬쥬,219001082,화정역3호선,218001046,Y,20251229
11593,고양시,명성,3800,218000151,고양공영차고지,219000644,경기도청북부청사,207000132,N,20251229
11594,고양시,서울여객,85,218000001,고양동종점.로뎀빌라,218000494,송정역,115000295,N,20251229
11595,고양시,고양교통,97,218000006,행신역,218000463,김포대학교,232000086,Y,20251229
11596,고양시,고양교통,1001,218000007,고양공영차고지,219000644,부천대학교,210000012,N,20251229
11597,고양시,명성,1500,218000010,교하차고지,229001251,CM병원,118000524,N,20251229
11598,고양시,명성,1100,218000011,고양공영차고지,219000644,숭례문,101000022,N,20251229
11599,고양시,고양교통,88A,218000018,고양공영차고지(미정차),277101631,백석역.고양종합터미널,219000446,Y,20251229
11600,고양시,고양교통,88B,218000019,고양공영차고지(미정차),277101631,백석역.고양종합터미널,219000329,Y,20251229
11601,고양시,선진버스,60,218000107,동국로삼거리,219000736,일산역,219000064,N,20251229
11602,고양시,명성,999,218000111,고양종합운동장.일산서구청,219000450,신원중학교,218001296,Y,20251229
11603,고양시,명성,M7646,218000112,송포초교,219000434,영등포소방서.타임스퀘어,118000511,N,20251229
11604,고양시,서울여객,730,218000116,730번기점대기(미정차),277104610,디지털미디어시티역2번출구,113000202,Y,20251229
11605,고양시,명성,65,218000125,교하차고지,229001251,현대백화점,112000176,Y,20251229
11606,고양시,대덕운수DRT,고양똑버스01,218000127,위시티1단지후문.양일초교,219001031,대곡역(중),218000202,Y,20251229
11607,고양시,명성,67,218000130,교하차고지,229001251,화정역3호선,218000974,Y,20251229
11608,고양시,대덕운수,100,218000133,위시티1단지후문.양일초교,219001031,아쿠아리움,219001073,Y,20251229
11609,고양시,대덕운수,81,218000134,식사동차고지(미정차),277102390,풍산역,219001069,Y,20251229
11610,고양시,대덕운수,83,218000135,풍동고.다솜초교.풍동도서관,219001040,킨텍스원시티2단지,219000555,Y,20251229
11611,고양시,백마운수,87,218000144,설문동,219000827,밤가시마을,219000112,Y,20251229
11612,고양시,백마운수,50,218000145,필리핀참전비,218000826,일산동구청(중),219000356,Y,20251229
11613,고양시,대덕운수,89,218000147,행신역,218000463,더샵그라비스타.이마트킨텍스점,219000913,Y,20251229
11614,고양시,선진버스,M7119,218000155,위시티3.4단지,219000706,숭례문,101000022,N,20251229
11615,고양시,서울여객DRT,고양똑버스04,218000157,꽃향기공원,218000406,가양역6번출구.현대프린스텔,115000160,Y,20251229
11616,고양시,명성,M7731,218000158,하이파크시티3.5단지,219000667,공덕역1번출구,113000089,N,20251229
11617,고양시,신영산업DRT,고양똑버스03,218000161,DMC자이더포레리버뷰,218000593,가양역6번출구.현대프린스텔,115000160,Y,20251229
11618,고양시,대덕운수,84,218000162,풍동고.다솜초교.풍동도서관,219001040,옥빛17단지.능곡지하차도위사거리,218001044,Y,20251229
11619,고양시,여산교통,7602,218000164,고양동종점.고양레저타운,218000310,CM병원,118000524,N,20251229
11620,고양시,대원고속,M7412,218000167,중산마을2단지.해태쇼핑.코오롱아파트,219000179,강남역서초현대타워앞,121000541,N,20251229
11621,고양시,명성,11,219000001,성석동,219000339,행신역,218000463,Y,20251229
11622,고양시,명성,82,219000005,명성운수종점,218001350,신촌오거리.현대백화점(중),113000416,Y,20251229
11623,고양시,명성,1082,219000006,명성운수종점,218001350,CM병원,118000524,N,20251229
11624,고양시,서울여객,55,219000008,차고지대기(미정차),277101630,고봉동행정복지센터,219000077,Y,20251229
11625,고양시,명성,1000,219000013,대화동,219000412,숭례문,101000022,Y,20251229
11626,고양시,명성,921,219000015,성석동,219000339,공덕역1번출구,113000089,N,20251229
11627,고양시,명성,1200,219000016,고양공영차고지,219000644,숭례문,101000022,N,20251229
11628,고양시,명성,3300,219000025,대화동,219000412,인천공항3층출국장(T2),161000611,N,20251229
11629,고양시,대원고속,9700,219000026,기점진입전(미정차),277103703,말죽거리공원사거리,121000215,N,20251229
11630,고양시,명성,1900,219000027,고양공영차고지,219000644,숭례문,101000022,N,20251229
11631,고양시,명성,830,229000017,고양공영차고지,219000644,영등포소방서.타임스퀘어,118000511,N,20251229
11632,고양시,명성,66,229000018,교하차고지,229001251,모래내시장.가좌역(중),112000006,Y,20251229
11633,고양시,서울여객,790,229000060,고양동종점.로뎀빌라,218000494,숭례문,101000022,Y,20251229
11634,고양시,서울여객,850,229000063,고양동종점.로뎀빌라,218000494,행신역,218000463,Y,20251229
11635,고양시,서울여객,799,229000071,서울여객금촌차고지,229001097,광화문역6번출구.광화문빌딩,100000034,Y,20251229
11636,고양시,고양교통,96,232000003,문봉동차고지(미정차),277102500,통진두레문화센터.청룡사,232000405,Y,20251229
11637,고양시,고양교통,95,232000004,문봉동차고지(미정차),277102500,이케아.롯데아울렛고양점,218001326,Y,20251229
11638,고양시,고양-고양도시관리공사,N001,241210001,월드고양로주택단지,219000543,백석역3번출구,219000162,N,20251229
11758,화성시,남양여객,11,200000060,수원시동부차고지,203000360,원시역2번출구,217000289,Y,20260219
11759,화성시,남양여객,5-3,200000282,동부차고지,203000374,아이원.호수자이파밀리에,233003126,Y,20260219
11760,화성시,화성운수,708,223000056,동탄2차고지,233002247,병점역사거리,233000702,Y,20260219
11761,화성시,화성운수,710,233000252,만의사.마을회관,233000160,병점역사거리,233000702,Y,20260219
11762,화성시,화성여객,721,234001568,영통차고지대기(미정차),277101892,반도10차,233003174,Y,20260219
11763,화성시,제부여객,5-2,200000237,수원역.AK플라자,202000105,아이원.호수자이파밀리에,233003126,Y,20260219
11764,화성시,남양여객,999,200000013,연화장,203000062,현대기아연구소,233001999,Y,20260219
11765,화성시,화성운수,712,233000128,만의사.마을회관,233000160,병점역사거리,233000702,Y,20260219
11766,화성시,화성-명승교통,13A,241323009,병점아이파크캐슬.성호플레르빌,233000199,센트럴하이츠아파트,203000220,Y,20260219
11767,화성시,화성여객,65,233000275,동탄2차고지,233002247,화성시청.모두누림센터,233000189,Y,20260219
11768,화성시,화성여객,24,233000390,병점역사거리,233000702,단독주택,233002425,Y,20260219
11769,화성시,화성여객,116-2,234001570,영통차고지대기(미정차),277101892,갈곶동.KCC스위첸아파트,223000525,Y,20260219
11770,화성시,화성여객,210,233000395,경기고속차고지,233002341,어울림공원,233000205,Y,20260219
11771,화성시,제부여객,1004,233000004,장외리.오리골,233001903,수원역환승센터(4승강장),201000590,Y,20260219
11772,화성시,제부여객,1004-1,233000067,전곡항,233001912,수원역환승센터(4승강장),201000590,Y,20260219
11773,화성시,화성운수,701A,223000032,동탄2차고지,233002247,곡반정동차고지,201000238,Y,20260219
11774,화성시,화성-명승교통,11-2,241323002,병점역.화성청년지원센터,233002064,서천2차아이파크,228002053,Y,20260219
11775,화성시,화성-명승교통,13,241323005,병점역.화성청년지원센터,233002064,신영통현대아파트1단지,233002668,Y,20260219
11776,화성시,화성-소망교통,6-1,241488002,쌍용아파트,233002741,수원역환승센터(11승강장),201000597,Y,20260219
11777,화성시,화성여객,200,233000268,경기고속차고지,233002341,반도10차,233003174,Y,20260219
11778,화성시,제부여객,15-1,200000152,서부공용차고지(미정차),277102625,아이원.호수자이파밀리에,233003126,Y,20260219
11779,화성시,화성운수,73,223000058,동탄2차고지,233002247,병점역사거리,233000702,Y,20260219
11780,화성시,화성도시공사,H123,233000387,향남시외터미널,233003052,평택지제역,214000804,Y,20260219
11781,화성시,제부여객,330,233000005,장외리.오리골,233001903,금정역,225000007,Y,20260219
11782,화성시,제부여객,1000,233000077,장외리.오리골,233001903,동탄역(동측),233003085,Y,20260219
11783,화성시,남양여객,400,200000008,수원시동부차고지,203000360,궁평항,233000330,Y,20260219
11784,화성시,화성-명승교통,13,241323005,병점역.화성청년지원센터,233002064,신영통현대아파트1단지,233002668,Y,20260219
11785,화성시,화성-명승교통,13A,241323009,병점아이파크캐슬.성호플레르빌,233000199,센트럴하이츠아파트,203000220,Y,20260219
11786,화성시,화성여객,18,233000389,호수자이파밀리에,233003163,LH1단지.한양수자인,233002169,Y,20260219
11787,화성시,화성여객,220,233000394,병점복합타운,233000220,상신3리입구.한양수자인,233000363,Y,20260219
11788,화성시,화성여객,720-3,234000068,새봄초등학교,233000217,단국대.치과병원,228001737,Y,20260219
11789,화성시,남양여객,400A,233000377,수원시동부차고지,203000360,서희스타힐스1.3단지,233000341,Y,20260219
11790,화성시,화성여객,116-3,233000133,동탄2차고지,233002247,미금역.청솔마을.2001아울렛,206000087,Y,20260219
11791,화성시,화성여객,205,233000281,경기고속차고지,233002341,(임시)행복주택,233000896,Y,20260219
11792,화성시,제부여객,5-2,233000019,경진여객차고지,233001064,선창포구종점,233000413,N,20260219
11793,화성시,화성-명승교통,11-2,241323002,병점역.화성청년지원센터,233002064,서천2차아이파크,228002053,Y,20260219
11794,화성시,화성-금오운수,27,241324002,병점역.화성청년지원센터,233002064,한림대성심병원,233002559,Y,20260219
11795,화성시,화성여객,67,233000277,동탄2차고지,233002247,향남환승터미널,233002102,Y,20260219
12196,구리시,경기여객,78,207000080,갈매역,221000217,강변역(B),104000280,N,20260427
12197,구리시,경기여객,75,221000032,갈매역,221000217,석계역1번출구A,110000183,N,20260427
12198,구리시,경기여객,1680,221000033,갈매역,221000217,잠실광역환승센터,123000611,N,20260427
12199,구리시,경기여객,'75-1',221000034,갈매역,221000217,지하철6호선화랑대역,106000200,N,20260427
12200,구리시,경기여객,G1690,221000035,갈매역,221000217,잠실광역환승센터,123000611,N,20260427
12201,구리시,경기여객,93,222000026,대성리,239000682,강변역(A),104000183,Y,20260427
12202,구리시,경기여객,51,222000050,센트럴.한화아파트,222001608,경동시장앞,105000081,N,20260427
12203,구리시,경기여객,95,222000052,다산차고지,222001920,강변역(B),104000280,Y,20260427
12204,구리시,경기여객,1115-6,234000031,농수산물시장,221000264,잠실광역환승센터,123000611,N,20260427
11639,고양시,고양-고양도시관리공사,N002,241210002,동문3차아파트,219000813,킨텍스역.더샵그라비스타.힐스테이트일산,219000766,Y,20251229
11640,고양시,고양-고양도시관리공사,N003,241210003,킨텍스역.원시티1단지,219001172,킨텍스역3번출구.원시티2단지,219000790,N,20251229
11641,고양시,고양-고양도시관리공사,N005,241210005,필리핀참전비,218000826,필리핀참전비,218000825,N,20251229
11642,고양시,고양-고양도시관리공사,N007,241210007,소노캄호텔,219000997,장월,219000799,N,20251229
11643,고양시,고양-하나교통,017A,241227002,백마역,219000044,원당역,218001083,N,20251229
11644,고양시,고양-하나교통,019,241227003,원당역,218001083,우인아파트,218000948,N,20251229
11645,고양시,고양-관산운수,025,241293001,삼송역8번출구,218001200,종점,218000803,Y,20251229
11646,고양시,고양-관산운수,026,241293002,삼송역8번출구,218001200,법률대학원,218000393,Y,20251229
11647,고양시,고양-관산운수,036,241293003,더퍼스트프라임,218000703,오미산주유소,219000101,N,20251229
11648,고양시,고양-관산운수,037,241293004,삼송역8번출구,218001200,그린씨티동문아파트,229000472,Y,20251229
11649,고양시,고양-관산운수,059,241293006,대화역,219000193,마을회관,219000293,N,20251229
11650,고양시,고양-관산운수,088,241293007,삼송역8번출구,218001200,내유동커뮤니티센터,218001347,N,20251229
11651,고양시,고양-한진교통,060,241294002,소만마을1.2.3단지,218001032,화정역3호선,218000409,Y,20251229
11652,고양시,고양-대림교통,065,241298003,서정마을2단지,218001072,화정역3호선,218000409,Y,20251229
11653,고양시,고양-대화교통,057,241299002,가좌마을.킴스.벽산A516동,219000565,일산동구청(중),219000356,Y,20251229
11654,고양시,고양-대화교통,056,241299005,웨인스코트호텔,219000874,백신초교,219000165,Y,20251229
11655,고양시,고양-대화교통,062A,241299006,더샵그라비스타.이마트킨텍스점,219000913,GS자이아파트정문,219000952,N,20251229
11656,고양시,고양-대화교통,062B,241299007,소노캄호텔,219000997,가좌동.구종점,219000435,Y,20251229
11657,고양시,고양-동일운수,018,241304002,우일시장,218000902,원당역,218001083,N,20251229
11658,고양시,고양-동일운수,012,241304005,관산주공아파트,218001049,원당역,218001083,N,20251229
11659,고양시,고양-동일운수,016,241304006,세기마을입구,218000891,화정역3호선,218001046,N,20251229
11660,고양시,고양-동일운수,013,241304707,원당역,218001083,원신4통,218000886,N,20251229
11661,고양시,고양-주원교통,077A,241306001,차량대기(미정차),277102935,창릉초교,218001364,Y,20251229
11662,고양시,고양-주원교통,077B,241306002,삼송역6번출구,218000627,사기막골,218000251,Y,20251229
11663,고양시,고양-주원교통,093,241306703,신원마을1.2단지,218001210,스타필드후문,218001104,Y,20251229
11664,고양시,고양-주원교통,094,241306704,삼송역6번출구,218000627,오금동종점,218001164,Y,20251229
11665,고양시,고양-자안운수,011,241308701,나루터,218000033,화정역3호선,218001046,Y,20251229
11666,고양시,고양-신일산교통,066,241309001,차고지,219000829,국립암센터,219000204,Y,20251229
11667,고양시,고양-보람운수,035,241312008,행신역,218000463,원당역,218000282,N,20251229
11668,고양시,고양-보람운수,030,241312013,강고산,218001026,화정역3번출구,218001359,N,20251229
11669,고양시,고양-보람운수,022A,241312014,현천2경로당,218001003,화전파출소(중),218000136,N,20251229
11670,고양시,고양-보람운수,023,241312015,서정마을6.9단지,218001201,화정역3번출구,218001359,N,20251229
11671,고양시,고양-보람운수,024A,241312016,행신역,218000463,원흥역8번출구.방송통신대앞,218000698,Y,20251229
11672,고양시,고양-보람운수,024B,241312017,행신역,218000463,원흥역8번출구.방송통신대앞,218000698,Y,20251229
11673,고양시,고양-보람운수,022B,241312018,덕은LH1단지.DMC한강숲중흥S클래스,218000600,DMC해링턴플레이스,218001361,Y,20251229
11674,고양시,고양-보람운수,054,241312019,덕은LH1단지.DMC한강숲중흥S클래스,218000600,디지털미디어시티역2번출구,113000202,Y,20251229
11675,고양시,고양-보람운수,064,241312020,현천2경로당,218001003,디지털미디어시티역,111000220,N,20251229
11676,고양시,고양-화정교통,027,241313001,화정역4번출구,218001149,2단지관리사무실앞,218000743,Y,20251229
11677,고양시,고양-화정교통,028,241313002,화정역4번출구,218001149,달빛마을1단지분수대앞,218000742,Y,20251229
11678,고양시,고양-화정교통,029A,241313003,명지병원,218000992,화정역3호선,218001046,N,20251229
11679,고양시,고양-화정교통,029B,241313004,능곡역.능곡시장,218000193,원당역,218000095,Y,20251229
11680,고양시,고양-화정교통,015,241313005,성사중학교,218001253,원당역,218001083,N,20251229
11681,고양시,고양-보은교통,021,241314001,화정역3호선,218000974,행신역,218000463,Y,20251229
11682,고양시,고양-보은교통,020,241314002,화정역3호선,218000974,영흥빌라,218001006,Y,20251229
11683,고양시,고양-대진교통,071,241325002,탄현역.고양시현충공원,219001107,가좌동.구종점,219000435,Y,20251229
11684,고양시,고양-대진교통,074,241325004,하이파크시티1단지.고양시립덕이도서관,219000671,킨텍스역.더샵그라비스타.힐스테이트일산,219000766,Y,20251229
12205,구리시,경기여객,15,234000035,연대농장입구.도곡리종점,222000267,강변역(A),104000183,N,20260427
12206,구리시,경기여객,1650,234000050,구리수택차고지,221000046,안양역,208000069,N,20260427
12207,구리시,경기여객,92,234000058,내촌차고지,236001328,강변역(B),104000280,Y,20260427
12208,구리시,경기여객,79,221000041,구리수택차고지,221000046,별내역2번.3번.5번출구.광역환승센터,222001539,N,20260427
12209,구리시,경기여객,680,221000040,구리수택차고지,221000046,한라비발디후문,221000340,N,20260427
12210,구리시,구리-경기여객,7,241241001,구종점,221000041,구리역.롯데백화점,221000303,N,20260427
12211,구리시,구리-경기여객,'7-1',241339005,수택고등학교정문,221000310,구리역.롯데백화점,221000303,N,20260427
12212,구리시,구리-구일교통,6,241338001,한진그랑빌아파트후문,221000321,환경관리사업소.구리시곤충생태관,221000048,Y,20260427
12213,구리시,구리-구일교통,'6-1',241338002,한진그랑빌아파트후문,221000321,신명.동양아파트.목양교회,221000276,Y,20260427
12214,구리시,구리-구일교통,'6-2',241338003,딸기원서문,221000061,구리역.롯데백화점,221000303,N,20260427
12215,구리시,구리-미래교통,2,241339001,LG원앙.한성아파트,221000102,갈매역,221000154,Y,20260427
12216,구리시,구리-미래교통,'2-2',241339004,구리역.롯데백화점,221000304,삼육대앞,110000055,N,20260427
12217,구리시,구리-행복운수,3,241340008,국군구리병원,221000052,구리여중고.수택초교,221000329,N,20260427
12218,구리시,구리-행복운수,5,241340001,아름마을삼성아파트,221000282,돌섬마을,221000312,Y,20260427
12219,구리시,구리-행복운수,8,241340005,개나리아파트,221000281,삼성.e편한세상아파트,221000076,N,20260427
11685,고양시,고양-대진교통,079,241325005,회차(미정차),277104417,두신마을마을회관,219001115,N,20251229
11686,고양시,고양-대진교통,072A,241325006,화정역3호선,218001046,산황동입구,219001083,N,20251229
11687,고양시,고양-대진교통,072B,241325007,능곡역,218000520,대곡역,218001236,N,20251229
11688,고양시,고양-부광운수,070A,241326001,청원네이쳐빌,219000817,이마트,219000903,N,20251229
11689,고양시,고양-부광운수,078,241326003,기점대기(미정차),277103897,백석역6번출구,219000015,Y,20251229
11690,고양시,고양-여산교통,053,241328002,푸른마을10단지,218001226,농협하나로클럽,218001268,Y,20251229
11691,고양시,고양-여산교통,055,241328004,삼성군인아파트,218000499,푸른마을10단지11동앞,218001212,Y,20251229
11692,고양시,고양-여산교통,033,241328006,중부대학교,218001189,송강마을,218000227,Y,20251229
11693,고양시,고양-여산교통,051A,241328007,푸른마을동익아파트,218000533,애덕의집.봉덕사,218000624,Y,20251229
11694,고양시,고양-여산교통,051B,241328008,고양초등학교.소방서,218000953,부대앞,218001246,N,20251229
11695,고양시,고양-여산교통,052A,241328009,푸른마을10단지,218001226,지축역,218000952,N,20251229
11696,고양시,고양-여산교통,052B,241328010,지축역,218000952,부대앞.백운아파트,218000373,Y,20251229
11697,고양시,고양-성우교통,097,241331001,식사동,219001081,원당역,218001083,Y,20251229
11698,고양시,고양-성우교통,098,241331002,풍동고.다솜초교.풍동도서관,219001040,롯데백화점,219000357,Y,20251229
11699,고양시,고양-성우교통,099,241331003,위시티1단지후문.양일초교,219001031,원당역,218001083,N,20251229
11700,고양시,고양-보은교통,031,241333001,화정역3번출구,218001359,화정역3호선,218000974,Y,20251229
11701,고양시,고양-홍성,040,241352001,신원초교.현대8단지,218001097,삼송역5번출구,218000284,N,20251229
11702,고양시,고양-홍성,043(원당역),241352002,원흥역7번출구,218001052,리스쇼핑.원당시장,218000116,N,20251229
11703,고양시,고양-홍성,042,241352003,호반22단지정문,218001185,호반22단지정문,218001185,N,20251229
11704,고양시,고양-홍성,043,241352004,원흥역7번출구,218001052,원흥역7번출구,218001052,N,20251229
11705,고양시,고양-홍성,048,241352006,신원초교.현대8단지,218001097,호반21단지.동산초등학교,218001099,N,20251229
11706,고양시,고양-홍성,075A,241352007,고양중학교,218000639,디지털미디어시티역,111000220,Y,20251229
11707,고양시,고양-홍성,047,241352008,신원마을7단지,218000175,삼송마을11단지.대학생연합생활관,218001324,Y,20251229
11708,고양시,고양-홍성,075B,241352009,세원마을입구,218000151,디지털미디어시티역,111000220,Y,20251229
11709,고양시,고양-홍성,046,241352010,이케아.롯데아울렛고양점,218001325,동산마을체육공원,218000329,Y,20251229
11710,고양시,고양-홍성,041B,241352011,삼송동일스위트2차아파트,218001333,삼송역5번출구,218000284,Y,20251229
11711,고양시,고양-신일산운수,067,241355001,일산라이브더센텀,219000559,마두역(중),219000383,N,20251229
11712,고양시,고양-신일산운수,068,241355002,일산라이브더센텀,219000559,일산병원,219000352,N,20251229
11713,고양시,고양-신일산운수,069,241355003,SK주유소,219000960,능곡역,218000520,N,20251229
11714,고양시,고양-신일산운수,090,241355004,차고지,219000829,하늘마을3단지,219000597,Y,20251229
11715,고양시,고양-신일산운수,092,241355006,일산에듀포레푸르지오후문,219001147,탄현역2번출구,219000772,N,20251229
11716,고양시,고양-신일산운수,091A,241355007,차고지,219000829,킨텍스역.더샵그라비스타.힐스테이트일산,219000766,N,20251229
11717,고양시,고양-신일산운수,091B,241355008,강선마을13단지,219000531,일산에듀포레푸르지오종점,219000545,N,20251229
11718,고양시,고양-신일산운수,066A,241355010,차고지,219000829,킨텍스역.더샵그라비스타.힐스테이트일산,219000766,N,20251229
11719,고양시,코엑스운수DRT,고양똑버스02,218000128,일산역,219000061,고봉동행정복지센터,219000077,N,20251229
11563,과천시,㈜과천여객,8,220000022,(임시)광창차고지,220000086,(임시)광창차고지,220000133,N,20250902
11564,과천시,㈜과천여객,7,220000024,(임시)광창차고지,220000086,푸르지오라비엔오르센토데시앙,220000084,Y,20250902
11565,과천시,㈜과천여객,8-1,220000023,(임시)광창차고지,220000086,(임시)광창차고지,220000133,N,20250902
11566,과천시,㈜과천여객,6,220000012,과천린파밀리에,220000092,양재역,서울22270,Y,20250902
11720,화성시,화성여객,116-3,233000133,동탄2차고지,233002247,미금역.청솔마을.2001아울렛,206000087,Y,20260116
11721,화성시,제부여객,5-2,200000237,수원역.AK플라자,202000105,아이원.호수자이파밀리에,233003126,Y,20260116
11722,화성시,제부여객,1000,233000077,장외리.오리골,233001903,동탄역(동측),233003085,Y,20260116
11723,화성시,화성-명승교통,11-2,241323002,병점역.화성청년지원센터,233002064,서천2차아이파크,228002053,Y,20260116
11724,화성시,제부여객,1004-1,233000067,전곡항,233001912,수원역환승센터(4승강장),201000590,Y,20260116
11725,화성시,남양여객,999,200000013,연화장,203000062,현대기아연구소,233001999,Y,20260116
11726,화성시,화성여객,65,233000275,동탄2차고지,233002247,화성시청.모두누림센터,233000189,Y,20260116
11727,화성시,화성여객,205,233000281,경기고속차고지,233002341,(임시)행복주택,233000896,Y,20260116
11728,화성시,화성여객,18,233000389,호수자이파밀리에,233003163,LH1단지.한양수자인,233002169,Y,20260116
11729,화성시,화성여객,210,233000395,경기고속차고지,233002341,어울림공원,233000205,Y,20260116
11730,화성시,화성여객,720-3,234000068,새봄초등학교,233000217,단국대.치과병원,228001737,Y,20260116
11731,화성시,화성여객,116-2,234001570,영통차고지대기(미정차),277101892,갈곶동.KCC스위첸아파트,223000525,Y,20260116
11732,화성시,화성운수,701A,223000032,동탄2차고지,233002247,곡반정동차고지,201000238,Y,20260116
11733,화성시,화성운수,710,233000252,만의사.마을회관,233000160,병점역사거리,233000702,Y,20260116
11734,화성시,화성-금오운수,27,241324002,병점역.화성청년지원센터,233002064,한림대성심병원,233002559,Y,20260116
11735,화성시,화성여객,67,233000277,동탄2차고지,233002247,향남환승터미널,233002102,Y,20260116
11736,화성시,제부여객,5-2,233000019,경진여객차고지,233001064,선창포구종점,233000413,N,20260116
11737,화성시,남양여객,5-3,200000282,동부차고지,203000374,아이원.호수자이파밀리에,233003126,Y,20260116
11738,화성시,화성운수,712,233000128,만의사.마을회관,233000160,병점역사거리,233000702,Y,20260116
11739,화성시,화성-명승교통,13,241323005,병점역.화성청년지원센터,233002064,신영통현대아파트1단지,233002668,Y,20260116
11740,화성시,화성-명승교통,13A,241323009,병점아이파크캐슬.성호플레르빌,233000199,센트럴하이츠아파트,203000220,Y,20260116
11741,화성시,화성여객,24,233000390,병점역사거리,233000702,단독주택,233002425,Y,20260116
11742,화성시,화성-소망교통,6-1,241488002,쌍용아파트,233002741,수원역환승센터(11승강장),201000597,Y,20260116
11743,화성시,화성운수,708,223000056,동탄2차고지,233002247,병점역사거리,233000702,Y,20260116
11744,화성시,화성여객,220,233000394,병점복합타운,233000220,상신3리입구.한양수자인,233000363,Y,20260116
11745,화성시,제부여객,15-1,200000152,서부공용차고지(미정차),277102625,아이원.호수자이파밀리에,233003126,Y,20260116
11746,화성시,제부여객,330,233000005,장외리.오리골,233001903,금정역,225000007,Y,20260116
11747,화성시,남양여객,11,200000060,수원시동부차고지,203000360,원시역2번출구,217000289,Y,20260116
11748,화성시,화성-명승교통,13,241323005,병점역.화성청년지원센터,233002064,신영통현대아파트1단지,233002668,Y,20260116
11749,화성시,화성여객,200,233000268,경기고속차고지,233002341,반도10차,233003174,Y,20260116
11750,화성시,제부여객,1004,233000004,장외리.오리골,233001903,수원역환승센터(4승강장),201000590,Y,20260116
11751,화성시,남양여객,400,200000008,수원시동부차고지,203000360,궁평항,233000330,Y,20260116
11752,화성시,남양여객,400A,233000377,수원시동부차고지,203000360,서희스타힐스1.3단지,233000341,Y,20260116
11753,화성시,화성여객,721,234001568,영통차고지대기(미정차),277101892,반도10차,233003174,Y,20260116
11754,화성시,화성운수,73,223000058,동탄2차고지,233002247,병점역사거리,233000702,Y,20260116
11755,화성시,화성도시공사,H123,233000387,향남시외터미널,233003052,평택지제역,214000804,Y,20260116
11756,화성시,화성-명승교통,11-2,241323002,병점역.화성청년지원센터,233002064,서천2차아이파크,228002053,Y,20260116
11757,화성시,화성-명승교통,13A,241323009,병점아이파크캐슬.성호플레르빌,233000199,센트럴하이츠아파트,203000220,Y,20260116
11908,이천시,경기고속,10,234000446,이천터미널,230001441,태평터미널,237000813,Y,20260316
11909,이천시,경기고속,20_3,234000457,이천터미널,230001441,죽당리,230000470,N,20260316
11910,이천시,경기고속,20_31,230000106,이천역,230001276,죽당리,230000470,Y,20260316
11911,이천시,경기고속,20_33,234001206,죽당리,230000470,이천역종점,230001210,Y,20260316
11912,이천시,경기고속,20_52,230000176,자석2리.종점,230001460,태평리,237001023,N,20260316
11913,이천시,경기고속,20_54,234000441,태평터미널,237000813,금당리.설성면사무소,230001364,N,20260316
11914,이천시,경기고속,21,234000470,신일아파트앞,230000584,이천터미널,230000038,Y,20260316
11915,이천시,경기고속,21_33,234001517,대신푸른아파트후문,230000600,터미널신둔홈,230000251,Y,20260316
11916,이천시,경기고속,21_4,234000468,이천역,230001276,신둔도예촌역,230000631,Y,20260316
11917,이천시,경기고속,21_8,234001063,이천역,230001276,도암3리마을회관,230001303,N,20260316
11918,이천시,경기고속,21_81,230000178,송정2통,230001496,이천역종점,230001210,Y,20260316
11919,이천시,경기고속,21_9,234001456,이천역,230001276,서희테마파크,230001244,Y,20260316
11920,이천시,경기고속,21_91,234001529,이천터미널,230001441,효양중고,230001156,Y,20260316
11921,이천시,경기고속,211,230000189,이천버스공영차고지,230000344,대관리,230000378,Y,20260316
11922,이천시,경기고속,22_1,234000755,이천터미널,230001441,매곡1리,230000454,N,20260316
11923,이천시,경기고속,22_11,234001079,이천터미널,230001441,양지병원,230001557,Y,20260316
11924,이천시,경기고속,22_2,234000777,이천터미널,230001441,동산1리,230000459,Y,20260316
11925,이천시,경기고속,22_3,234000756,이천터미널,230001441,송갈리종점,230000809,N,20260316
11926,이천시,경기고속,22_30,234001083,이천터미널,230001441,송갈리종점,230000809,Y,20260316
11927,이천시,경기고속,22_4,234000757,이천터미널,230001441,오천리,230000124,N,20260316
11928,이천시,경기고속,22_81,234001464,이천터미널,230001441,오천리,230000124,N,20260316
11929,이천시,경기고속,23_71,234000770,이천역,230001276,내사리,237000683,N,20260316
11930,이천시,경기고속,23_9,234000463,이천역,230001276,백우리종점,230001446,Y,20260316
11931,이천시,경기고속,24,234001581,이천역,230001276,신둔도예촌역,230000631,Y,20260316
11932,이천시,경기고속,24_1,230000088,이천역,230001276,신둔도예촌역,230000631,Y,20260316
11933,이천시,경기고속,24_4,234000466,이천역,230001276,장동1리,230000291,Y,20260316
11934,이천시,경기고속,24_44,234001092,이천역,230001276,장동1리,230000291,N,20260316
11935,이천시,경기고속,24_45,234001093,이천역,230001276,장동1리,230000291,Y,20260316
11936,이천시,경기고속,24_5,234000476,이천역,230001276,신둔도예촌역,230000631,Y,20260316
11937,이천시,경기고속,24_7,234000469,터미널신둔홈,230000251,한국관광대학,230000821,N,20260316
11938,이천시,경기고속,25_21,234001468,이천역,230001276,대죽3리마을회관,230001044,Y,20260316
11939,이천시,경기고속,26_13,234001580,골프장앞,230000735,터미널신둔홈,230000251,N,20260316
11940,이천시,경기고속,28_2,234000449,이천터미널,230001441,양평리,230001339,N,20260316
11941,이천시,경기고속,28_20,234001613,이천터미널,230001441,양평리,230001339,N,20260316
11942,이천시,경기고속,28_3,234000451,이천터미널,230001441,대흥2리,230000411,N,20260316
11943,이천시,경기고속,28_31,234001178,대흥1리,230000409,이천역종점,230001210,N,20260316
11944,이천시,경기고속,28_4,234000452,이천터미널,230001441,도리리마을회관,230001144,N,20260316
11945,이천시,경기고속,28_40,234001179,도리리,230001380,이천역종점,230001210,N,20260316
11946,이천시,경기고속,28_42,234001180,이천터미널,230001441,대월농협,230000406,N,20260316
11947,이천시,경기고속,28_5,234000751,이천터미널,230001441,송라리.마을회관,230000650,N,20260316
11948,이천시,경기고속,28_50,234001077,송라리입구,230001209,터미널신둔홈,230000251,N,20260316
11949,이천시,경기고속,28_51,234000454,이천터미널,230001441,장평1리,230000417,Y,20260316
11950,이천시,경기고속,28_56,234000460,금당리.설성면사무소,230001364,이천역종점,230001210,N,20260316
11951,이천시,경기고속,28_6,234000455,이천터미널,230001441,송라리.마을회관,230000650,N,20260316
11952,이천시,경기고속,28_7,234000456,이천역,230001276,죽당리,230000470,N,20260316
11953,이천시,경기고속,28_70,230000123,이천역,230001276,고실리,230000467,Y,20260316
11954,이천시,경기고속,28_72,234001223,이천역,230001276,죽당리,230000470,N,20260316
11955,이천시,경기고속,28_8,234000458,이천터미널,230001441,용은리종점,237000891,N,20260316
11956,이천시,경기고속,28_81,230000140,용은리종점,237000891,터미널신둔홈,230000251,Y,20260316
11957,이천시,경기고속,28_82,230000142,이천터미널,230001441,용은리종점,237000891,N,20260316
11958,이천시,경기고속,28_83,234001475,이천터미널,230001441,부대앞,212000068,N,20260316
11959,이천시,경기고속,28_9,234000459,이천터미널,230001441,상활리,237000804,N,20260316
11960,이천시,경기고속,28_90,234001185,이천터미널,230001441,상활리,237000804,N,20260316
11961,이천시,경기고속,28_91,234001186,상활리,237000804,터미널신둔홈,230000251,N,20260316
11962,이천시,경기고속,281,230000192,이천버스공영차고지,230000344,백사면행정복지센터,230000048,N,20260316
11963,이천시,경기고속,29_1,234000473,삼진아파트,230000396,이천터미널,230000038,Y,20260316
11964,이천시,경기고속,29_11,234001533,증일동,230000642,삼진아파트,230000396,N,20260316
11965,이천시,대원고속,212,230000190,이천버스공영차고지,230000344,대관리,230000378,N,20260316
11966,이천시,대원고속,22_9,234001478,이천터미널,230001441,해월리종점,230000594,Y,20260316
11967,이천시,대원고속,23,234000759,이천역,230001276,장흥리종점,237001275,Y,20260316
11968,이천시,대원고속,23_1,234000762,이천역,230001276,내촌리종점,230000365,Y,20260316
11969,이천시,대원고속,23_12,234001209,이천역,230001276,이포농협,237000742,Y,20260316
11970,이천시,대원고속,23_2,234000763,이천역,230001276,소유리종점,237000725,Y,20260316
11971,이천시,대원고속,23_3,234000766,이천역,230001276,도곡리종점,237000904,Y,20260316
11972,이천시,대원고속,23_31,234000764,이천역,230001276,도곡리종점,237000904,Y,20260316
11973,이천시,대원고속,23_32,234001606,이천역,230001276,주록리종점,237000895,Y,20260316
11974,이천시,대원고속,23_4,234000768,이천역,230001276,흥천.효지1리,237000399,Y,20260316
11975,이천시,대원고속,23_41,234001211,이천역,230001276,효지1리,237000398,Y,20260316
11976,이천시,대원고속,23_5,234000769,이천역,230001276,이포리,237000752,Y,20260316
11977,이천시,대원고속,23_70,234001088,내사리,237000683,이천역,230001276,Y,20260316
11978,이천시,대원고속,23_8,234000462,이천역,230001276,도립리,230000563,Y,20260316
11979,이천시,대원고속,23_80,234001224,도립리,230000563,이천역종점,230001210,Y,20260316
11980,이천시,대원고속,23_90,234001089,이천역,230001276,백우리종점,230001446,Y,20260316
11981,이천시,대원고속,23_93,234001084,이천역,230001276,현방리,230000268,Y,20260316
11982,이천시,대원고속,23_94,234001128,이천역,230001276,현방리,230000268,Y,20260316
11983,이천시,대원고속,25,234000523,장호원초등학교,230000056,이천터미널,230000038,N,20260316
11984,이천시,대원고속,25_10,230000185,감곡장호원역,230000100,이천터미널,230000038,N,20260316
11985,이천시,대원고속,25_11,234001213,터미널신둔홈,230000251,감곡장호원역,230000100,N,20260316
11986,이천시,대원고속,25_2,234000525,터미널신둔홈,230000251,대죽3리마을회관,230001044,N,20260316
11987,이천시,대원고속,25_3,234000528,터미널신둔홈,230000251,진가리,230000582,N,20260316
11988,이천시,대원고속,25_31,234000527,골프장앞,230000735,산내리종점,230001366,N,20260316
11989,이천시,대원고속,26_1,234000535,터미널신둔홈,230000251,죽산터미널,231000841,N,20260316
11990,이천시,대원고속,26_10,234001561,터미널신둔홈,230000251,골프장앞,230000735,N,20260316
11991,이천시,대원고속,26_11,234001218,골프장앞,230000735,터미널신둔홈,230000251,N,20260316
11992,이천시,대원고속,551,230000191,장호원버스터미널,230000250,상승대,230000503,N,20260316
11993,이천시,대원고속,8,234000070,현대사원아파트,230000209,도지리,230000566,N,20260316
11994,이천시,이천시내버스,111,234000078,이천버스공영차고지,230000344,여주대하차장,237001238,Y,20260316
11995,이천시,이천시내버스,114,234000039,장호원시외버스터미널(시외),230001547,광주터미널,234000283,Y,20260316
11996,이천시,이천시내버스,20_3,234000457,이천터미널,230001441,죽당리,230000470,N,20260316
11997,이천시,이천시내버스,20_5,230000116,현진에버빌,237000967,금당리.설성면사무소,230001364,N,20260316
11998,이천시,이천시내버스,20_51,230000143,현진에버빌,237000967,금당리.설성면사무소,230001364,N,20260316
11999,이천시,이천시내버스,20_53,234001528,태평터미널,237000813,금당리.설성면사무소,230001364,N,20260316
12000,이천시,경기고속,29_12,234001187,[폐지]현대7차아파트,230000609,이천터미널,230000038,Y,20260316
12001,이천시,경기고속,29_13,234001585,현대7차아파트,230001442,이천역종점,230001210,Y,20260316
12002,이천시,경기고속,29_2,234000478,삼진아파트,230000396,신대리종점,230001174,Y,20260316
12003,이천시,경기고속,29_21,234001586,현대5.6차아파트,230000611,신대리종점,230001174,N,20260316
12004,이천시,경기고속,29_22,234001188,신대리종점,230001174,삼진아파트,230000396,Y,20260316
12005,이천시,경기고속,29_23,234001604,이천터미널,230001441,신대리종점,230001174,Y,20260316
12006,이천시,경기고속,29_3,234000477,삼진아파트,230000396,어산리종점,230000477,Y,20260316
12007,이천시,경기고속,29_31,234001194,현대5.6차아파트,230000611,조읍리입구,230001374,Y,20260316
12008,이천시,경기고속,29_95,234001201,이천터미널,230001441,효양아파트,230001211,Y,20260316
12009,이천시,경기고속,7,234001612,부대앞,212000068,부대앞,212000068,Y,20260316
12010,이천시,대원고속,12,234000083,이천터미널,230001441,청강문화산업대,230000224,Y,20260316
12011,이천시,대원고속,200,234001689,이천역,230001276,이천역종점,230001210,Y,20260316
12012,이천시,대원고속,21_16,234001282,신일아파트앞,230000584,현대사원아파트,230000209,N,20260316
12102,남양주시,대원운수,105번,222000177,진벌리차고지,222000652,당고개역,110000650,N,20251231
12103,남양주시,대원운수,105-1번,222000186,광릉내종점,222000629,당고개역,110000650,N,20251231
12104,남양주시,대원운수,1100번,222000074,차산리,222000796,신사역3번출구,122000010,N,20251231
12105,남양주시,대원운수,112-1번,222000045,연대농장입구.도곡리종점,222000267,테크노마트앞.강변역(D),104000069,Y,20251231
12106,남양주시,대원운수,1200번,222000078,차산리,222000796,잠실광역환승센터,123000611,N,20251231
12107,남양주시,대원운수,1200-1번,222000137,차산리,222000796,잠실광역환승센터,123000611,N,20251231
12108,남양주시,대원운수,165번,222000028,호평동차고지,222000824,현대코아,105000199,Y,20251231
12109,남양주시,대원운수,166-1번,222000048,연대농장입구.도곡리종점,222000267,현대코아,105000199,Y,20251231
12110,남양주시,대원운수,1660번,222000049,연대농장입구.도곡리종점,222000267,테크노마트앞.강변역(D),104000069,N,20251231
12111,남양주시,대원운수,167-1번,222000056,농수산물시장,221000265,율석3리,222000967,N,20251231
12112,남양주시,대원운수,1670번,222000046,연대농장입구.도곡리종점,222000267,잠실역,222000785,N,20251231
12113,남양주시,대원운수,1670-1번,222000213,연대농장입구.도곡리종점,222000267,잠실역,222000785,N,20251231
12114,남양주시,대원운수,168번,222000047,차산리,222000796,연대농장입구.도곡리종점,222000268,Y,20251231
12115,남양주시,대원운수,1700번,222000073,연대농장입구.도곡리종점,222000267,서초푸르지오써밋.롯데캐슬클래식,121000088,N,20251231
12116,남양주시,대원운수,30-15번,222000033,연대농장입구.도곡리종점,222000267,마석역,222000010,N,20251231
12117,남양주시,대원운수,33-2번,222000202,산성마을입구,222000011,대성리종점,222000740,N,20251231
12118,남양주시,대원운수,34번,222000168,다산차고지,222001920,도농역.동화중고교.다산플루리움(중),222001321,N,20251231
12119,남양주시,대원운수,38번,222000176,수택고등학교정문,221000310,가운고등학교,222001136,N,20251231
12120,남양주시,대원운수,55번,222000023,사능차고지,222000755,55번종점,222000169,Y,20251231
12121,남양주시,대원운수,58번,222000216,차산리,222000796,다산정약용유적지.실학박물관,222001325,N,20251231
12122,남양주시,대원운수,6번,222000029,차산리,222000796,군장리종점,222001020,N,20251231
12123,남양주시,대원운수,6-6번,222000215,군장리종점,222001020,금곡동구종점.금곡초교,222000141,N,20251231
12124,남양주시,대원운수,65번,222000031,차산리,222000796,경동시장앞,105000081,Y,20251231
12125,남양주시,대원운수,65-1번,222000030,차산리,222000796,석계역1번출구.A,110000183,Y,20251231
12126,남양주시,대원운수,7번,222000055,훈련장입구,222000251,삼익아파트,222001279,Y,20251231
12127,남양주시,대원운수,76번,222000181,수택고등학교정문,221000310,석계역1번출구.A,110000183,N,20251231
12128,남양주시,대원운수,8-8A번,222000224,에코랜드수영장,222001725,비루개마을,222000126,N,20251231
12129,남양주시,대원운수,8-8B번,222000225,에코랜드수영장,222001725,하늘땅끝.용암리종점,222000651,N,20251231
12130,남양주시,대원운수,8-9번,222000197,청소년도움센터.동부희망케어센터,222000013,송천리종점,222001099,N,20251231
12131,남양주시,대원운수,8001번,222000088,대성리,239000682,신사역3번출구,122000010,N,20251231
12132,남양주시,대원운수,8002번,222000084,대성리,239000682,잠실광역환승센터,123000611,N,20251231
12133,남양주시,대원운수,8002-1번,222000178,대성리,239000682,잠실광역환승센터,123000611,N,20251231
12134,남양주시,대원운수,91번,222000022,진벌리차고지,222000652,강변역B,104000280,N,20251231
12135,남양주시,대원운수,97번,222000027,호평동차고지,222000824,서울아산병원동관,123000029,Y,20251231
12136,남양주시,대원운수,98번,222000227,차산리,222000796,신동아아파트입구.한양병원,222001281,Y,20251231
12137,남양주시,대원운수,98-1번,222000228,차산리,222000796,한양병원,222001816,Y,20251231
12138,남양주시,대원운수,99번,222000174,다산차고지,222001920,구리역.롯데백화점,221000304,N,20251231
12139,남양주시,대원운수,99-1번,222000175,자연앤e편한세상.힐스테이트,222000342,구리역.롯데백화점,221000304,N,20251231
12140,남양주시,경기버스,7007번,222000076,광릉내,222001122,강남역.강남역사거리,121000091,N,20251231
12141,남양주시,경기버스,707번,222000002,진벌리차고지입구,222001616,현대코아,105000199,Y,20251231
12142,남양주시,경기버스,71번,222000006,금곡산업단지,222000152,봉현마을.현대병원,222001086,N,20251231
12143,남양주시,경기버스,72번,222000223,진벌리차고지,222000652,봉현마을.광동중고등학교,222000526,N,20251231
12144,남양주시,경기버스,8012번,222000090,광릉내,222001122,잠실광역환승센터,123000611,N,20251231
12145,남양주시,경기버스,88번,222000008,내촌차고지,236001328,경동시장앞,105000081,N,20251231
12146,남양주시,경기버스,땡큐31,222000218,진벌마을,222000684,극동.성호아파트.중앙병원,222000972,N,20251231
12147,남양주시,경기버스,땡큐90,222000195,광릉내,222001122,한신더휴6.8단지,222001390,Y,20251231
12148,남양주시,경기운수,10-5번,234000028,호평동차고지,222000824,당고개역,110000650,Y,20251231
12013,이천시,대원고속,210,234001688,이천역,230001276,이천역종점,230001210,Y,20260316
12014,이천시,이천시내버스,20_6,234001220,현진에버빌,237000967,금당리.설성면사무소,230001364,N,20260316
12015,이천시,이천시내버스,20_61,230000144,현진에버빌,237000967,금당리.설성면사무소,230001364,N,20260316
12016,이천시,이천시내버스,20_9,230000117,현진에버빌,237000967,대죽4리,231001314,N,20260316
12017,이천시,이천시내버스,21_1,230000128,이천역,230001276,동원대학교,234000604,N,20260316
12018,이천시,이천시내버스,21_14,234001202,모전리현대아파트,230000023,양정여고,230000154,N,20260316
12019,이천시,이천시내버스,21_18,234001566,이천터미널,230001441,다산고등학교,230000147,N,20260316
12020,이천시,이천시내버스,21_19,234001567,다산고등학교,230000147,터미널신둔홈,230000251,N,20260316
12021,이천시,이천시내버스,21_2,230000127,이천역,230001276,동원대학교,234000604,N,20260316
12022,이천시,이천시내버스,21_3,234000436,이천역,230001276,경사2리,230001077,N,20260316
12023,이천시,이천시내버스,21_30,234001133,이천역,230001276,경사2리,230001077,N,20260316
12024,이천시,이천시내버스,21_31,234000435,이천역,230001276,경사2리,230001077,N,20260316
12025,이천시,이천시내버스,21_32,234001287,경사1리,230000280,증포주민센터,230001292,N,20260316
12026,이천시,이천시내버스,21_4,234000468,이천역,230001276,신둔도예촌역,230000631,Y,20260316
12027,이천시,이천시내버스,21_8,234001063,이천역,230001276,도암3리마을회관,230001303,N,20260316
12028,이천시,이천시내버스,21_9,234001456,이천역,230001276,서희테마파크,230001244,Y,20260316
12029,이천시,이천시내버스,22_1,234000755,이천터미널,230001441,매곡1리,230000454,N,20260316
12030,이천시,이천시내버스,22_2,234000777,이천터미널,230001441,동산1리,230000459,Y,20260316
12031,이천시,이천시내버스,22_21,234001081,이천터미널,230001441,동산2리(방앗간앞),230000869,N,20260316
12032,이천시,이천시내버스,22_22,234001284,주박리,230001237,터미널신둔홈,230000251,N,20260316
12033,이천시,이천시내버스,22_23,230000110,이천터미널,230001441,동산1리,230000459,N,20260316
12034,이천시,이천시내버스,22_24,234001082,주박리,230001237,터미널신둔홈,230000251,N,20260316
12035,이천시,이천시내버스,22_25,234001462,이천터미널,230001441,안평1리,230001187,N,20260316
12036,이천시,이천시내버스,22_3,234000756,이천터미널,230001441,송갈리종점,230000809,N,20260316
12037,이천시,이천시내버스,22_4,234000757,이천터미널,230001441,오천리,230000124,N,20260316
12038,이천시,이천시내버스,22_6,230000087,증일동,230000642,이천터미널,230000038,N,20260316
12039,이천시,이천시내버스,22_7,234001463,이천터미널,230001441,가마골종점,230001110,N,20260316
12040,이천시,이천시내버스,22_8,234001062,이천터미널,230001441,스태치팩코리아,230001361,N,20260316
12041,이천시,이천시내버스,22_81,234001464,이천터미널,230001441,마장면사무소,230000123,N,20260316
12042,이천시,이천시내버스,220,230000180,이천버스공영차고지,230000344,부발역,230001150,Y,20260316
12043,이천시,이천시내버스,23,234000759,이천역,230001276,장흥리종점,237001275,Y,20260316
12044,이천시,이천시내버스,23_1,234000762,이천역,230001276,내촌리종점,230000365,Y,20260316
12045,이천시,이천시내버스,23_12,234001209,이천역,230001276,이포리,237000752,Y,20260316
12046,이천시,이천시내버스,23_13,234000765,이천역,230001276,현방리,230000268,N,20260316
12047,이천시,이천시내버스,23_2,234000763,이천역,230001276,소유리종점,237000725,Y,20260316
12048,이천시,이천시내버스,23_32,234001606,이천역,230001276,주록리종점,237000895,Y,20260316
12049,이천시,이천시내버스,23_4,234000768,이천역,230001276,흥천.효지1리,237000399,Y,20260316
12050,이천시,이천시내버스,23_5,234000769,이천역,230001276,이포리,237000752,Y,20260316
12051,이천시,이천시내버스,23_50,234001100,흥천.효지1리,237000399,이천역종점,230001210,N,20260316
12052,이천시,이천시내버스,23_6,234000900,이천역,230001276,흥천.효지1리,237000399,N,20260316
12053,이천시,이천시내버스,23_7,234000771,이천역,230001276,내사리,237000683,N,20260316
12054,이천시,이천시내버스,23_71,234000770,이천역,230001276,내사리,237000683,N,20260316
12055,이천시,이천시내버스,23_8,234000462,이천역,230001276,도립리,230000563,Y,20260316
12056,이천시,이천시내버스,23_81,234000438,매곡1리,230000454,경사2리,230001077,N,20260316
12057,이천시,이천시내버스,23_82,234001288,이천역,230001276,산수유마을,230000562,N,20260316
12058,이천시,이천시내버스,23_9,234000463,이천역,230001276,백우리종점,230001446,Y,20260316
12059,이천시,이천시내버스,23_92,234001074,백우리종점,230001446,이천역종점,230001210,N,20260316
12060,이천시,이천시내버스,23_94,234001128,이천역,230001276,현방리,230000268,Y,20260316
12061,이천시,이천시내버스,230,230000181,이천터미널,230001441,대흥2리,230000411,Y,20260316
12062,이천시,이천시내버스,24_11,230000132,이천터미널,230001441,수광2리,230000142,N,20260316
12063,이천시,이천시내버스,24_3,230000130,이천역,230001276,마장중학교,230000122,N,20260316
12149,남양주시,경기운수,1000번,221000003,호평동차고지,222000824,잠실광역환승센터,123000611,N,20251231
12150,남양주시,경기운수,170번,222000221,사능차고지,222000755,현대코아,105000199,N,20251231
12151,남양주시,경기운수,2000번,222000075,진벌리차고지,222000652,강남역.강남역사거리,121000091,N,20251231
12152,남양주시,경기운수,2000-1번,222000122,진벌리차고지,222000652,강남역.강남역사거리,121000091,N,20251231
12153,남양주시,경기운수,202번,222000004,진벌리차고지,222000652,현대코아,105000199,Y,20251231
12154,남양주시,경기운수,21번,222000170,금곡2리.경복대학,222000650,의정부역.흥선지하도입구,207000439,Y,20251231
12155,남양주시,경기운수,5-1번,222000098,금곡산업단지,222000152,사릉역,222001575,N,20251231
12156,남양주시,경기운수,5-2번,222000211,봉영사,222000711,오남역,222000719,N,20251231
12157,남양주시,경기운수,5-5번,222000214,접동마을,222001123,진접고.화봉초교.신안인스빌아파트,222001376,N,20251231
12158,남양주시,경기운수,6-1번,222000017,윗독정리,222000921,사릉역,222001575,N,20251231
12159,남양주시,경기운수,6-2번,222000020,진접역4.5번출구.엠타워.단우타워,222001556,윗독정,222000922,N,20251231
12160,남양주시,경기운수,9번,222000009,진벌리차고지,222000652,강변역B,104000280,Y,20251231
12161,남양주시,경기운수,땡큐60,222000110,대경대학교서울한류캠퍼스,222000767,금곡동구종점.금곡초교,222000141,N,20251231
12162,남양주시,경기운수,땡큐70,222000190,진벌리차고지,222000652,금곡동구종점.금곡초교,222000141,N,20251231
12163,남양주시,대원운수,M2341,222000179,월산지구부영1.2단지입구,222001467,잠실광역환승센터,123000611,N,20251231
12164,남양주시,대원운수,M2344,222000185,별내하우스토리.중말사거리,222000616,잠실광역환승센터,123000611,N,20251231
12165,남양주시,대원운수,M2352,222000209,평내농협.평내초교.대명루첸,222000322,잠실광역환승센터,123000611,N,20251231
12166,남양주시,대원운수,M2353,222000210,자연앤자이.반도유보라,222001932,잠실광역환승센터,123000611,N,20251231
12167,남양주시,대원운수,땡큐10,222000191,다산차고지,222001920,두산알프하임정문,222000194,N,20251231
12168,남양주시,대원운수,땡큐11,222000201,수택고등학교정문,221000310,다산롯데캐슬.반도유보라,222000278,N,20251231
12169,남양주시,대원운수,땡큐12,222000180,수택고등학교정문,221000310,반도유보라정문.다산포레스트2단지,222001922,N,20251231
12170,남양주시,대원운수,땡큐21,222000041,산성마을입구,222000011,보광사.가곡리종점,222001236,Y,20251231
12171,남양주시,대원운수,땡큐22,222000205,차산리,222000796,답내초교,222001258,Y,20251231
12172,남양주시,대원운수,땡큐23,222000064,산성마을입구,222000011,창현리.종점,222001188,Y,20251231
12173,남양주시,대원운수,땡큐25,222000063,맹골,222001197,창현초등학교,222000094,Y,20251231
12174,남양주시,대원운수,땡큐30,222000200,청학리,222001626,금곡동구종점.금곡초교,222000141,N,20251231
12175,남양주시,대원운수,땡큐33,222000187,외구운마을,222000023,고로쇠마을.비금리,222000425,Y,20251231
12176,남양주시,대원운수,땡큐34,222000034,차산리,222000796,축령산자연휴양림,222001557,Y,20251231
12177,남양주시,대원운수,땡큐35,222000131,화도정수장,222000215,수산1리마을회관,222001000,Y,20251231
12178,남양주시,대원운수,땡큐36,222000061,마석역,222000010,지둔리마을회관,222001164,Y,20251231
12179,남양주시,대원운수,땡큐37,222000040,차산리,222000796,만취대,222000100,Y,20251231
12180,남양주시,대원운수,땡큐50,222000199,청학리,222001626,금곡동구종점.금곡초교,222000141,N,20251231
12181,남양주시,대원운수,땡큐58-3,222000217,대성리,239000682,도농역.동화중고교.다산플루리움(중),222001321,N,20251231
12182,남양주시,경기버스,11번,236000050,소학1리,236000596,강변역A,104000183,N,20251231
12183,남양주시,경기버스,115번,222000222,사능차고지,222000755,석계역1번출구.A,110000183,Y,20251231
12184,남양주시,경기버스,23번,222000013,내촌차고지,236001328,스타필드하남,227000307,Y,20251231
12185,남양주시,경기버스,7-4번,222000019,사릉역,222001575,금곡2리.경복대학,222000650,N,20251231
12186,남양주시,경기버스,7-7번,222000016,광릉테크노밸리입구,222001426,진접역4.5번출구.엠타워.단우타워,222001556,N,20251231
12187,남양주시,경기버스,7-8번,222000096,광릉테크노밸리입구,222001426,접동마을,222001118,N,20251231
12188,남양주시,경기버스,7-9번,222000196,진접읍사무소,222001457,팔현2리종점,222000830,N,20251231
12189,남양주시,대원운수,1번,222000058,진벌리차고지입구,222001616,강변역A,104000183,Y,20251231
12190,남양주시,대원운수,1-4번,222000032,차산리,222000796,미사동차고지,227000064,Y,20251231
12191,남양주시,대원운수,100번,234000873,진벌리차고지,222000652,강변역B,104000280,N,20251231
12192,남양주시,대원운수,1000-1번,234001511,호평동차고지,222000824,잠실광역환승센터,123000611,N,20251231
12193,남양주시,대원운수,1001번,222000107,청학리,222001626,잠실광역환승센터,123000611,N,20251231
12194,남양주시,대원운수,1003번,222000169,다산차고지,222001920,잠실광역환승센터,123000611,N,20251231
12195,남양주시,대원운수,1006번,222000192,다산차고지,222001920,강변역A,104000183,N,20251231
12064,이천시,이천시내버스,24_31,234000472,이천역,230001276,마장중학교,230000122,N,20260316
12065,이천시,이천시내버스,24_33,234001614,이천역,230001276,도예고등학교,230000822,N,20260316
12066,이천시,이천시내버스,24_4,234000466,이천역,230001276,장동1리,230000291,Y,20260316
12067,이천시,이천시내버스,240,230000182,이천역,230001276,신둔도예촌역,230000631,N,20260316
12068,이천시,이천시내버스,25_1,230000122,이천역,230001276,고당3리,230000766,N,20260316
12069,이천시,이천시내버스,25_20,234001099,반월성,230000115,터미널신둔홈,230000251,N,20260316
12070,이천시,이천시내버스,25_21,234001468,이천역,230001276,대죽3리마을회관,230001044,Y,20260316
12071,이천시,이천시내버스,25_6,230000097,이천역,230001276,고담동종점,230000818,N,20260316
12072,이천시,이천시내버스,250,230000183,이천역,230001276,신둔도예촌역,230000631,N,20260316
12073,이천시,이천시내버스,26_12,234001469,이천역,230001276,신갈리,230000715,N,20260316
12074,이천시,이천시내버스,28_2,234000449,이천터미널,230001441,양평리,230001339,N,20260316
12075,이천시,이천시내버스,28_21,230000100,양평리,230001339,터미널신둔홈,230000251,N,20260316
12076,이천시,이천시내버스,28_3,234000451,이천터미널,230001441,대흥2리,230000411,N,20260316
12077,이천시,이천시내버스,28_30,234001174,이천터미널,230001441,대흥2리,230000411,N,20260316
12078,이천시,이천시내버스,28_4,234000452,이천터미널,230001441,도리리마을회관,230001144,N,20260316
12079,이천시,이천시내버스,28_41,234000453,이천터미널,230001441,대월농협,230000406,N,20260316
12080,이천시,이천시내버스,28_43,234001470,이천역,230001276,대흥리,230000410,N,20260316
12081,이천시,이천시내버스,28_5,234000751,이천터미널,230001441,송라리.마을회관,230000650,N,20260316
12082,이천시,이천시내버스,28_51,234000454,이천터미널,230001441,장평1리,230000417,Y,20260316
12083,이천시,이천시내버스,28_53,234001182,이천역,230001276,금당리.설성면사무소,230001364,N,20260316
12084,이천시,이천시내버스,28_54,234001538,이천역,230001276,장평1리,230000417,N,20260316
12085,이천시,이천시내버스,28_55,234001537,장평1리,230000417,이천역종점,230001210,N,20260316
12086,이천시,이천시내버스,28_6,234000455,이천터미널,230001441,송라리.마을회관,230000650,N,20260316
12087,이천시,이천시내버스,28_7,234000456,이천역,230001276,죽당리,230000470,N,20260316
12088,이천시,이천시내버스,28_71,234001078,산촌리마을회관,230000961,이천역종점,230001210,N,20260316
12089,이천시,이천시내버스,28_8,234000458,이천터미널,230001441,용은리종점,237000891,N,20260316
12090,이천시,이천시내버스,28_92,234001471,이천터미널,230001441,용은리종점,237000891,N,20260316
12091,이천시,이천시내버스,29,230000120,GM하이빌,230001099,이마트,201000198,N,20260316
12092,이천시,이천시내버스,29_10,230000131,GM하이빌,230001099,증포중학교,230000847,N,20260316
12093,이천시,이천시내버스,29_4,234000480,이천역,230001276,가좌리,230001095,N,20260316
12094,이천시,이천시내버스,29_40,234001116,이천역,230001276,가좌사거리,230001372,N,20260316
12095,이천시,이천시내버스,29_95,234001201,이천터미널,230001441,효양아파트,230001211,Y,20260316
12096,이천시,이천시내버스,5,234001610,신일아파트앞,230000584,신둔도예촌역,230000631,N,20260316
12097,이천시,이천시내버스,6,234001611,이천역,230001276,이천역종점,230001210,N,20260316
12098,이천시,이천시내버스,G2100,230000179,이천역,230001276,잠실광역환승센터,123000611,N,20260316
12099,이천시,이천시내버스,이천똑버스01,230000186,이천버스공영차고지,230000344,이천터미널,230000038,N,20260316
12100,이천시,이천시내버스,이천똑버스02,230000187,장호원버스터미널,230000250,장호원읍사무소,230000105,N,20260316
12101,이천시,이천시내버스,이천똑버스03,230000188,고당3리,230000766,율면초중교앞,230000912,N,20260316
11567,구리시,경기여객,1680,221000033,갈매역,221000217,잠실광역환승센터,123000611,N,20251024
11568,구리시,경기여객,680,221000040,구리수택차고지,221000046,한라비발디후문,221000340,N,20251024
11569,구리시,구리-구일교통,6,241338001,한진그랑빌아파트후문,221000321,환경관리사업소.구리시곤충생태관,221000048,Y,20251024
11570,구리시,구리-미래교통,2,241339001,LG원앙.한성아파트,221000102,갈매역,221000154,Y,20251024
11571,구리시,경기여객,93,222000026,대성리,239000682,강변역(A),104000183,Y,20251024
11572,구리시,경기여객,1115-6,234000031,농수산물시장,221000264,잠실광역환승센터,123000611,N,20251024
11573,구리시,경기여객,51,222000050,센트럴.한화아파트,222001608,경동시장앞,105000081,N,20251024
11574,구리시,구리-경기여객,'7-1',241339005,수택고등학교정문,221000310,구리역.롯데백화점,221000303,N,20251024
11575,구리시,구리-행복운수,3,241340008,국군구리병원,221000052,구리여중고.수택초교,221000329,N,20251024
11576,구리시,경기여객,78,207000080,갈매역,221000217,강변역(B),104000280,N,20251024
11577,구리시,경기여객,G1690,221000035,갈매역,221000217,잠실광역환승센터,123000611,N,20251024
11578,구리시,경기여객,92,234000058,내촌차고지,236001328,강변역(B),104000280,Y,20251024
11579,구리시,경기여객,79,221000041,구리수택차고지,221000046,별내역2번.3번.5번출구.광역환승센터,222001539,N,20251024
11580,구리시,경기여객,'75-1',221000034,갈매역,221000217,지하철6호선화랑대역,106000200,N,20251024
11581,구리시,구리-경기여객,7,241241001,구종점,221000041,구리역.롯데백화점,221000303,N,20251024
11582,구리시,구리-구일교통,'6-1',241338002,한진그랑빌아파트후문,221000321,신명.동양아파트.목양교회,221000276,Y,20251024
11583,구리시,구리-행복운수,5,241340001,아름마을삼성아파트,221000282,돌섬마을,221000312,Y,20251024
11584,구리시,경기여객,1650,234000050,구리수택차고지,221000046,안양역,208000069,N,20251024
11585,구리시,구리-미래교통,'2-2',241339004,구리역.롯데백화점,221000304,삼육대앞,110000055,N,20251024
11586,구리시,경기여객,75,221000032,갈매역,221000217,석계역1번출구A,110000183,N,20251024
11587,구리시,경기여객,95,222000052,다산차고지,222001920,강변역(B),104000280,Y,20251024
11588,구리시,경기여객,15,234000035,연대농장입구.도곡리종점,222000267,강변역(A),104000183,N,20251024
11589,구리시,구리-구일교통,'6-2',241338003,딸기원서문,221000061,구리역.롯데백화점,221000303,N,20251024
11590,구리시,구리-행복운수,8,241340005,개나리아파트,221000281,삼성.e편한세상아파트,221000076,N,20251024
11548,안산시,경원여객,5,216000041,경원여객,217000188,안산역,217000219,N,20250720
11549,안산시,써클라인,N60B,216000098,중앙역2번출구,217000264,중앙역2번출구,217000264,N,20250720
11550,안산시,경원여객,511,217000005,경원여객,217000188,달미역,217000794,N,20250720
11551,안산시,경원여객,2,216000078,경원여객,217000188,안산역(도로변),217000626,N,20250720
11552,안산시,써클라인,70A,216000086,선부역1번출구.근로복지관,217000735,선부역1번출구.근로복지관,217000735,N,20250720
11553,안산시,경원여객,09월 01일,216000088,선부동차고지,217000066,중앙역1번출구,217000140,N,20250720
11554,안산시,태화상운,123,216000007,세영리첼,233001910,탄도,217000576,N,20250720
11555,안산시,경원여객,20,216000067,경원여객,217000188,시흥시청후문.종합일자리센터,224000778,N,20250720
11556,안산시,써클라인,N60A,216000097,중앙역2번출구,217000264,중앙역2번출구,217000264,N,20250720
11557,안산시,써클라인,N70B,216000100,선부역3번출구,217000734,선부역3번출구,217000734,N,20250720
11558,안산시,경원여객,77,217000004,선부동차고지,217000066,부곡중학교,216000044,Y,20250720
11559,안산시,경원여객,61,217000006,화진금속공업,217000367,부천터미널소풍,210000160,N,20250720
11560,안산시,경원여객,350,217000012,경원여객안양차고지,209000120,함상전망대,224000244,N,20250720
11561,안산시,경원여객,110,217000014,선부동차고지,217000066,수원역.노보텔수원,202000208,N,20250720
11562,안산시,경원여객,30,224000012,오이도차고지,224000738,광덕중학교,216000041,N,20250720

