회계연도,지출목,지출세목,중앙관서,회계,계정,분야,부문,프로그램,단위사업,세부사업,내역사업,예산현액(천원),교부액(천원),집행액(천원),교부율(%25),집행률(%25)
"2024","민간이전","민간경상보조","경찰청","일반회계"," ","공공질서및안전","경찰","경찰행정지원","치안행정업무지원","경무인사지원","수사교통민원 보조활동","1918000","1918000","1863911","100.0","97.2"
"2024","민간이전","민간경상보조","고용노동부","고등·평생교육지원특별회계"," ","사회복지","고용","직업능력개발","한국폴리텍대학출연","한국폴리텍대학운영지원(BTL정부지급금)","한국폴리텍대학운영지원(BTL)","11693000","11352009","11352009","97.1","100.0"
"2024","민간이전","민간경상보조","고용노동부","고등·평생교육지원특별회계"," ","사회복지","고용","직업능력개발","한국기술교육대학교출연","한국기술교육대학교운영지원(BTL정부지급금)","한국기술교육대학교운영지원(BTL)","1080000","1061314","1061314","98.3","100.0"
"2024","민간이전","민간경상보조","고용노동부","고용보험기금"," ","사회복지","고용","고용창출","고용보험징수관리","고용보험적용부과지원","보험사무대행기관지원금","13902000","13902000","13563299","100.0","97.6"
"2024","민간이전","민간경상보조","고용노동부","고용보험기금"," ","사회복지","고용","직업능력개발","사업주능력개발지원금","사업주직업훈련지원금","현장맞춤형체계적훈련","4757000","4757000","4644913","100.0","97.6"
"2024","민간이전","민간경상보조","고용노동부","고용보험기금"," ","사회복지","고용","직업능력개발","중소기업능력개발지원","국가인적자원개발컨소시엄지원","산업맞춤형","71000000","71000000","64428149","100.0","90.7"
"2024","민간이전","민간경상보조","고용노동부","고용보험기금"," ","사회복지","고용","직업능력개발","중소기업능력개발지원","국가인적자원개발컨소시엄지원","하이테크형","40000000","40000000","28268271","100.0","70.7"
"2024","민간이전","민간경상보조","고용노동부","고용보험기금"," ","사회복지","고용","직업능력개발","중소기업능력개발지원","국가인적자원개발컨소시엄지원","대중소상생 아카데미","12200000","12200000","5366279","100.0","44.0"
"2024","민간이전","민간경상보조","고용노동부","고용보험기금"," ","사회복지","고용","직업능력개발","한국산업인력공단능력개발사업지원","산업현장일학습병행지원","일학습병행 공동훈련센터","83855000","83855000","63081442","100.0","75.2"
"2024","민간이전","민간경상보조","고용노동부","고용보험기금"," ","사회복지","고용","직업능력개발","한국산업인력공단능력개발사업지원","산업현장일학습병행지원","외국인 유학생 일학습병행","0","0","0","0","0"
"2024","민간이전","민간경상보조","고용노동부","고용보험기금"," ","사회복지","고용","직업능력개발","한국폴리텍대학능력개발사업지원","기능인력양성및장비확충(폴리텍)","기능인력양성및장비확충(폴리텍)","4163000","3860000","3563656","92.7","92.3"
"2024","민간이전","민간경상보조","고용노동부","고용보험기금"," ","사회복지","고용","고용평등증진","일·가정양립지원","고용안정장려금","출산육아기 고용안정 지원(대체인력뱅크)","3000000","2994846","2988234","99.8","99.8"
"2024","민간이전","민간경상보조","고용노동부","고용보험기금"," ","사회복지","고용","고용평등증진","일·가정양립지원","직장어린이집지원","직장어린이집지원","13354000","6618860","7748104","49.6","117.1"
"2024","민간이전","민간경상보조","고용노동부","산업재해보상보험및예방기금"," ","사회복지","노동","산재보험","산재보험료징수관리","산재보험 적용부과지원","산재보험적용부과지원","15618000","15618000","15544958","100.0","99.5"
"2024","민간이전","민간경상보조","고용노동부","일반회계"," ","사회복지","고용","고용창출","고용지원인프라운영","청년고용지원인프라 운영","대학일자리플러스센터(민경보)","36952600","36952600","36521944","100.0","98.8"
"2024","민간이전","민간경상보조","고용노동부","일반회계"," ","사회복지","고용","고용창출","고용지원인프라운영","청년고용지원인프라 운영","대학일자리플러스센터(대학 재학생 맞춤형 고용서비스)","37027400","37005150","36005319","99.9","97.3"
"2024","민간이전","민간경상보조","고용노동부","일반회계"," ","사회복지","고용","고용창출","고용지원인프라운영","청년고용지원인프라 운영","대학일자리플러스센터(고교 재학생 맞춤형 고용서비스)","5600000","5600000","5140175","100.0","91.8"
"2024","민간이전","민간경상보조","고용노동부","일반회계"," ","사회복지","고용","고용창출","청년진로및취업지원(일반)","해외취업지원","해외 K-Move 센터 운영","3800000","3800000","3092194","100.0","81.4"
"2024","민간이전","민간경상보조","고용노동부","일반회계"," ","사회복지","고용","고용창출","청년진로및취업지원(일반)","해외취업지원","글로벌취업상담회","400000","400000","384387","100.0","96.1"
"2024","민간이전","민간경상보조","고용노동부","일반회계"," ","사회복지","고용","고용창출","청년진로및취업지원(일반)","청년취업진로 및 일경험 지원","청년친화형 기업 ESG 지원사업","0","0","0","0","0"
"2024","민간이전","민간경상보조","고용노동부","일반회계"," ","사회복지","고용","고용창출","청년진로및취업지원(일반)","청년취업진로 및 일경험 지원","청년 일경험 지원 ","156270000","156241997","142358246","100.0","91.1"
"2024","민간이전","민간경상보조","고용노동부","일반회계"," ","사회복지","고용","고용창출","취약계층취업촉진","경력단절여성취업지원","집단상담프로그램운영(민간새일센터)","8409000","8398395","8173065","99.9","97.3"
"2024","민간이전","민간경상보조","고용노동부","일반회계"," ","사회복지","고용","직업능력개발","실업자등능력개발지원","미래유망분야 고졸인력 양성","미래유망분야 고졸인력 양성","10698000","10698000","10662837","100.0","99.7"
"2024","민간이전","민간경상보조","고용노동부","일반회계"," ","사회복지","고용","고용안전망확충","일자리안정자금지원","일자리안정자금지원","일자리안정자금지원","211000","147700","0","70.0","0.0"
"2024","민간이전","민간경상보조","고용노동부","일반회계"," ","사회복지","고용","고용평등증진","모성보호육아지원","고용보험 미적용자 출산급여","고용보험 미적용자 출산급여(고용부)","17301000","17271900","17271900","99.8","100.0"
"2024","민간이전","민간경상보조","고용노동부","일반회계"," ","사회복지","고용","고용평등증진","중장년층취업지원","중장년층취업지원","중장년내일센터","15737000","15737000","14846169","100.0","94.3"
"2024","민간이전","민간경상보조","고용노동부","일반회계"," ","사회복지","고용","고용평등증진","중장년층취업지원","중장년층취업지원","재취업지원서비스 시행지원","4235000","4235000","3447472","100.0","81.4"
"2024","민간이전","민간경상보조","고용노동부","일반회계"," ","사회복지","고용","고용평등증진","노동시장 지원","노동시장 법제도 현장 안착 지원","노동시장 법제도 현장 안착 지원","446000","446000","446000","100.0","100.0"
"2024","민간이전","민간경상보조","고용노동부","일반회계"," ","사회복지","노동","노사정책","노사협력","합리적 노사관계지원","노동단체지원","0","0","0","0","0"
"2024","민간이전","민간경상보조","고용노동부","일반회계"," ","사회복지","노동","노사정책","노사협력","합리적 노사관계지원","노사관계 비영리법인 지원","0","0","0","0","0"
"2024","민간이전","민간경상보조","고용노동부","일반회계"," ","사회복지","노동","노사정책","노사협력","상생협력 확산지원","상생연대 형성지원","4900000","4900000","4900000","100.0","100.0"
"2024","민간이전","민간경상보조","고용노동부","일반회계"," ","사회복지","노동","노사정책","노사발전재단지원","노사발전재단지원","노사상생협력 교육 지원","91000","91000","91000","100.0","100.0"
"2024","민간이전","민간경상보조","고용노동부","일반회계"," ","사회복지","노동","노사정책","노사발전재단지원","노사발전재단지원","노동분야 국제교류협력 지원","200000","200000","200000","100.0","100.0"
"2024","민간이전","민간경상보조","고용노동부","일반회계"," ","사회복지","노동","노사정책","노사발전재단지원","노사발전재단지원","노사파트너십프로그램 지원","0","0","0","0","0"
"2024","민간이전","민간경상보조","고용노동부","일반회계"," ","사회복지","노동","노사정책","노사발전재단지원","노사발전재단지원","차별없는 일터지원단 운영 지원","419000","419000","419000","100.0","100.0"
"2024","민간이전","민간경상보조","고용노동부","일반회계"," ","사회복지","노동","노사정책","노사발전재단지원","노사발전재단지원","일가양득확산 지원","0","0","0","0","0"
"2024","민간이전","민간경상보조","고용노동부","일반회계"," ","사회복지","노동","노사정책","노사발전재단지원","노사발전재단지원","노사발전재단 인건비 지원","15154000","15154000","15149110","100.0","100.0"
"2024","민간이전","민간경상보조","고용노동부","일반회계"," ","사회복지","노동","노사정책","노사발전재단지원","노사발전재단지원","노사발전재단 경상비 지원","4280000","4280000","4279661","100.0","100.0"
"2024","민간이전","민간경상보조","고용노동부","일반회계"," ","사회복지","노동","근로조건보호및복지증진","근로조건보호","고용상 차별개선지원","다양한 고용형태 종사자 보호 지원(민간)","640000","547785","485175","85.6","88.6"
"2024","민간이전","민간경상보조","공정거래위원회","일반회계"," ","일반·지방행정","일반행정","소비자후생 증진","소비자권익증진 지원","소비자권익증진 지원","자율분쟁조정위원회 운영 지원","189000","189000","184373","100.0","97.6"
"2024","민간이전","민간경상보조","과학기술정보통신부","과학기술진흥기금"," ","과학기술","과학기술인력및문화","과학기술인력양성","과학기술인력지원","우수과학자포상","우수과학자포상(한국과학상/공학상)","330000","330000","329683","100.0","99.9"
"2024","민간이전","민간경상보조","과학기술정보통신부","과학기술진흥기금"," ","과학기술","과학기술인력및문화","과학기술인력양성","과학기술인력지원","우수과학자포상","우수과학자포상(이달의과학기술인상/젊은과학자상)","365000","365000","361117","100.0","98.9"
"2024","민간이전","민간경상보조","과학기술정보통신부","과학기술진흥기금"," ","과학기술","과학기술인력및문화","과학기술인력양성","과학기술인력지원","우수과학자포상","우수과학자포상(대한민국 엔지니어상)","190000","190000","190000","100.0","100.0"
"2024","민간이전","민간경상보조","과학기술정보통신부","과학기술진흥기금"," ","과학기술","과학기술인력및문화","과학기술인력양성","과학기술인력지원","우수과학자포상","우수과학자포상(IR52장영실상)","82000","82000","82000","100.0","100.0"
"2024","민간이전","민간경상보조","과학기술정보통신부","과학기술진흥기금"," ","과학기술","과학기술인력및문화","과학기술인력양성","과학기술인력지원","우수과학자포상","우수과학자포상(대한민국최고과학기술인상)","323000","323000","322983","100.0","100.0"
"2024","민간이전","민간경상보조","과학기술정보통신부","과학기술진흥기금"," ","과학기술","과학기술인력및문화","과학기술인력양성","과학기술인력지원","우수과학자포상","우수과학자포상(올해의과학교사상)","167000","167000","167000","100.0","100.0"
"2024","민간이전","민간경상보조","과학기술정보통신부","과학기술진흥기금"," ","과학기술","과학기술인력및문화","과학기술인력양성","과학기술인력지원","우수과학자포상","우수과학자포상(올해의여성과학기술인상)","44000","44000","44000","100.0","100.0"
"2024","민간이전","민간경상보조","과학기술정보통신부","과학기술진흥기금"," ","과학기술","과학기술인력및문화","과학기술인력양성","과학기술인력지원","우수과학자포상","우수과학자포상(우수과학도상)","67000","67000","62337","100.0","93.0"
"2024","민간이전","민간경상보조","과학기술정보통신부","과학기술진흥기금"," ","과학기술","과학기술인력및문화","과학기술인력양성","과학기술인력지원","우수과학자포상","우수과학자포상(올해의최석정상)","54000","54000","54000","100.0","100.0"
"2024","민간이전","민간경상보조","과학기술정보통신부","과학기술진흥기금"," ","과학기술","과학기술인력및문화","과학문화창달","과학기술진흥단체지원","한국과학기술단체총연합회지원(R&D)","학술활동지원","7531000","7531000","7364559","100.0","97.8"
"2024","민간이전","민간경상보조","과학기술정보통신부","과학기술진흥기금"," ","과학기술","과학기술인력및문화","과학문화창달","과학기술진흥단체지원","한국과학기술단체총연합회지원(R&D)","재외과학기술자 교류지원","3000000","3000000","2802510","100.0","93.4"
"2024","민간이전","민간경상보조","과학기술정보통신부","과학기술진흥기금"," ","과학기술","과학기술인력및문화","과학문화창달","과학기술진흥단체지원","한국과학기술단체총연합회지원(R&D)","지역과학기술진흥 및 과학풍토조성","833000","833000","825019","100.0","99.0"
"2024","민간이전","민간경상보조","과학기술정보통신부","과학기술진흥기금"," ","과학기술","과학기술인력및문화","과학문화창달","과학기술진흥단체지원","한국과학기술단체총연합회지원(R&D)","과학기술 의견수렴 및 소통강화","500000","500000","432723","100.0","86.5"
"2024","민간이전","민간경상보조","과학기술정보통신부","과학기술진흥기금"," ","과학기술","과학기술인력및문화","과학문화창달","과학기술진흥단체지원","한국과학기술단체총연합회지원(R&D)","세계한인과학기술자대회 개최 지원","800000","800000","768634","100.0","96.1"
"2024","민간이전","민간경상보조","과학기술정보통신부","과학기술진흥기금"," ","과학기술","과학기술인력및문화","과학문화창달","과학기술진흥단체지원","한국과학기술한림원지원(R&D)","과학기술정책연구 및 자문","2053000","2053000","2021293","100.0","98.5"
"2024","민간이전","민간경상보조","과학기술정보통신부","과학기술진흥기금"," ","과학기술","과학기술인력및문화","과학문화창달","과학기술진흥단체지원","한국과학기술한림원지원(R&D)","과학기술인재양성","375000","375000","371784","100.0","99.1"
"2024","민간이전","민간경상보조","과학기술정보통신부","과학기술진흥기금"," ","과학기술","과학기술인력및문화","과학문화창달","과학기술진흥단체지원","한국과학기술한림원지원(R&D)","과학기술국제교류증진","1448000","1448000","1420163","100.0","98.1"
"2024","민간이전","민간경상보조","과학기술정보통신부","과학기술진흥기금"," ","과학기술","과학기술연구개발","기초연구진흥","기초연구기반구축사업","아태이론물리센터지원(R&D)","국제공동연구를 통한 신진연구자 연구역량 강화","3211000","3211000","3211000","100.0","100.0"
"2024","민간이전","민간경상보조","과학기술정보통신부","과학기술진흥기금"," ","과학기술","과학기술연구개발","기초연구진흥","기초연구기반구축사업","아태이론물리센터지원(R&D)","아태지역 이론물리 커뮤니티 선도 및 허브구축","1011000","1011000","1011000","100.0","100.0"
"2024","민간이전","민간경상보조","과학기술정보통신부","방송통신발전기금"," ","문화및관광","문화예술","콘텐츠방송산업육성","방송통신콘텐츠진흥","방송콘텐츠 진흥","방송프로그램 제작지원","12714000","12714000","12037990","100.0","94.7"
"2024","민간이전","민간경상보조","과학기술정보통신부","방송통신발전기금"," ","문화및관광","문화예술","콘텐츠방송산업육성","방송통신콘텐츠진흥","방송콘텐츠 진흥","1인 미디어 산업 기반 조성","5200000","5200000","5056805","100.0","97.2"
"2024","민간이전","민간경상보조","과학기술정보통신부","방송통신발전기금"," ","문화및관광","문화예술","콘텐츠방송산업육성","방송통신콘텐츠진흥","방송콘텐츠 진흥","방송통신전문인력양성","0","0","0","0","0"
"2024","민간이전","민간경상보조","과학기술정보통신부","방송통신발전기금"," ","문화및관광","문화예술","콘텐츠방송산업육성","방송통신콘텐츠진흥","유료방송 상생협력 기반조성","지역채널 경쟁력 강화 지원","0","0","0","0","0"
"2024","민간이전","민간경상보조","과학기술정보통신부","방송통신발전기금"," ","문화및관광","문화예술","콘텐츠방송산업육성","방송통신콘텐츠진흥","유료방송 상생협력 기반조성","중소SO 인프라 구축 지원","400000","400000","387406","100.0","96.9"
"2024","민간이전","민간경상보조","과학기술정보통신부","방송통신발전기금"," ","문화및관광","문화예술","콘텐츠방송산업육성","방송통신콘텐츠진흥","유료방송 상생협력 기반조성","유료방송 상생협력 지원","0","0","0","0","0"
"2024","민간이전","민간경상보조","과학기술정보통신부","방송통신발전기금"," ","문화및관광","문화예술","콘텐츠방송산업육성","방송산업육성기반구축","디지털미디어산업 육성기반 구축(정보화)","방송통신광고비조사","82000","82000","82000","100.0","100.0"
"2024","민간이전","민간경상보조","과학기술정보통신부","방송통신발전기금"," ","문화및관광","문화예술","콘텐츠방송산업육성","방송산업육성기반구축","디지털미디어산업 육성기반 구축(정보화)","스마트미디어산업 실태조사","130000","130000","123105","100.0","94.7"
"2024","민간이전","민간경상보조","과학기술정보통신부","방송통신발전기금"," ","문화및관광","문화예술","콘텐츠방송산업육성","방송산업육성기반구축","디지털미디어산업 육성기반 구축(정보화)","유료방송 가입자 수 조사검증","148000","148000","145266","100.0","98.2"
"2024","민간이전","민간경상보조","과학기술정보통신부","방송통신발전기금"," ","문화및관광","문화예술","정보통신방송기반조성","주파수활용여건조성","주파수 수급 및 정비체계 구축","주파수 이용현황 분석 고도화 및 활용기반 조성","451000","451000","438076","100.0","97.1"
"2024","민간이전","민간경상보조","과학기술정보통신부","방송통신발전기금"," ","문화및관광","문화예술","정보통신방송기반조성","주파수활용여건조성","주파수 수급 및 정비체계 구축","주파수 대역정비 및 실행기반 구축","1182000","1182000","1177767","100.0","99.6"
"2024","민간이전","민간경상보조","과학기술정보통신부","방송통신발전기금"," ","문화및관광","문화예술","정보통신방송기반조성","주파수활용여건조성","주파수 수급 및 정비체계 구축","5G 특화망 주파수관리 및 지원체계 운영","550000","550000","544883","100.0","99.1"
"2024","민간이전","민간경상보조","과학기술정보통신부","방송통신발전기금"," ","문화및관광","문화예술","정보통신방송기반조성","전파방송산업 활성화","전파기반 신산업 창출 및 중소기업 육성","전파산업 중소기업 성장기반 조성","2524000","2524000","2504914","100.0","99.2"
"2024","민간이전","민간경상보조","과학기술정보통신부","방송통신발전기금"," ","문화및관광","문화예술","정보통신방송기반조성","전파방송산업 활성화","전파기반 신산업 창출 및 중소기업 육성","중소기업 전파 공동엔지니어링랩 운영 지원","319000","319000","317289","100.0","99.5"
"2024","민간이전","민간경상보조","과학기술정보통신부","방송통신발전기금"," ","문화및관광","문화예술","정보통신방송기반조성","전파방송산업 활성화","전파기반 신산업 창출 및 중소기업 육성","중소기업 우수제품 전파인증 시험비용 지원","439000","439000","438058","100.0","99.8"
"2024","민간이전","민간경상보조","과학기술정보통신부","방송통신발전기금"," ","문화및관광","문화예술","정보통신방송기반조성","전파방송산업 활성화","전파기반 신산업 창출 및 중소기업 육성","고출력전자파 침해 대응산업 활성화","251000","251000","247962","100.0","98.8"
"2024","민간이전","민간경상보조","과학기술정보통신부","방송통신발전기금"," ","문화및관광","문화예술","정보통신방송기반조성","전파방송산업 활성화","전파기반 신산업 창출 및 중소기업 육성","대규모 시설용 무선전력전송 융합기술 상용화 기반 조성","1500000","1500000","1469133","100.0","97.9"
"2024","민간이전","민간경상보조","과학기술정보통신부","방송통신발전기금"," ","문화및관광","문화예술","정보통신방송기반조성","전파방송산업 활성화","전파기반중소기업전자파대책기술지원","안전한 전자파 제품 개발지원","540000","540000","540000","100.0","100.0"
"2024","민간이전","민간경상보조","과학기술정보통신부","방송통신발전기금"," ","문화및관광","문화예술","정보통신방송기반조성","전파방송산업 활성화","전파기반중소기업전자파대책기술지원","고품질 전자파 부품소재 개발 지원","185000","185000","184531","100.0","99.7"
"2024","민간이전","민간경상보조","과학기술정보통신부","방송통신발전기금"," ","문화및관광","문화예술","정보통신방송기반조성","전파방송산업 활성화","전파기반중소기업전자파대책기술지원","전자파 정보 인프라 구축운영","70000","70000","69554","100.0","99.4"
"2024","민간이전","민간경상보조","과학기술정보통신부","방송통신발전기금"," ","문화및관광","문화예술","행복한방송통신환경조성(KCC)","방송인프라지원","EBS프로그램제작지원","유아 어린이 프로그램","7529000","7529000","7527927","100.0","100.0"
"2024","민간이전","민간경상보조","과학기술정보통신부","방송통신발전기금"," ","문화및관광","문화예술","행복한방송통신환경조성(KCC)","방송인프라지원","EBS프로그램제작지원","청소년 프로그램","8175000","8175000","8173055","100.0","100.0"
"2024","민간이전","민간경상보조","과학기술정보통신부","방송통신발전기금"," ","문화및관광","문화예술","행복한방송통신환경조성(KCC)","방송인프라지원","EBS프로그램제작지원","평생교육 프로그램","7058000","7058000","7056990","100.0","100.0"
"2024","민간이전","민간경상보조","과학기술정보통신부","방송통신발전기금"," ","문화및관광","문화예술","행복한방송통신환경조성(KCC)","방송인프라지원","EBS프로그램제작지원","2TV 프로그램","5312000","5312000","5306888","100.0","99.9"
"2024","민간이전","민간경상보조","과학기술정보통신부","방송통신발전기금"," ","문화및관광","문화예술","행복한방송통신환경조성(KCC)","방송인프라지원","EBS프로그램제작지원","중학프리미엄 강의 무료화 제작지원","4700000","4700000","4699402","100.0","100.0"
"2024","민간이전","민간경상보조","과학기술정보통신부","방송통신발전기금"," ","문화및관광","문화예술","행복한방송통신환경조성(KCC)","방송인프라지원","아리랑국제방송지원","TV프로그램제작","11655000","11655000","11220998","100.0","96.3"
"2024","민간이전","민간경상보조","과학기술정보통신부","방송통신발전기금"," ","문화및관광","문화예술","행복한방송통신환경조성(KCC)","방송인프라지원","아리랑국제방송지원","영어FM 프로그램 제작","1775000","1775000","1760548","100.0","99.2"
"2024","민간이전","민간경상보조","과학기술정보통신부","방송통신발전기금"," ","문화및관광","문화예술","행복한방송통신환경조성(KCC)","방송인프라지원","국악방송지원","정규 프로그램 제작","1967000","1967000","1966172","100.0","100.0"
"2024","민간이전","민간경상보조","과학기술정보통신부","방송통신발전기금"," ","문화및관광","문화예술","행복한방송통신환경조성(KCC)","방송인프라지원","국악방송지원","특집 프로그램 제작","260000","260000","258927","100.0","99.6"
"2024","민간이전","민간경상보조","과학기술정보통신부","방송통신발전기금"," ","문화및관광","문화예술","행복한방송통신환경조성(KCC)","방송인프라지원","국악방송지원","국악 영상콘텐츠 제작","749000","749000","746770","100.0","99.7"
"2024","민간이전","민간경상보조","과학기술정보통신부","방송통신발전기금"," ","문화및관광","문화예술","행복한방송통신환경조성(KCC)","방송인프라지원","국악방송지원","프로그램 제작지원","425000","425000","378431","100.0","89.0"
"2024","민간이전","민간경상보조","과학기술정보통신부","방송통신발전기금"," ","문화및관광","문화예술","행복한방송통신환경조성(KCC)","방송인프라지원","국악방송지원","한국 음악의 명곡 명연주 제작","77000","77000","74253","100.0","96.4"
"2024","민간이전","민간경상보조","과학기술정보통신부","방송통신발전기금"," ","문화및관광","문화예술","행복한방송통신환경조성(KCC)","방송인프라지원","국악방송지원","영상채널 프로그램 제작","2364000","2364000","2360789","100.0","99.9"
"2024","민간이전","민간경상보조","과학기술정보통신부","방송통신발전기금"," ","문화및관광","문화예술","행복한방송통신환경조성(KCC)","방송인프라지원","KBS대외방송프로그램제작지원","사회교육방송 프로그램 제작지원","2223000","2223000","2221064","100.0","99.9"
"2024","민간이전","민간경상보조","과학기술정보통신부","방송통신발전기금"," ","문화및관광","문화예술","행복한방송통신환경조성(KCC)","방송인프라지원","KBS대외방송프로그램제작지원","대외방송 프로그램 제작지원","2811000","2811000","2809281","100.0","99.9"
"2024","민간이전","민간경상보조","과학기술정보통신부","방송통신발전기금"," ","문화및관광","문화예술","행복한방송통신환경조성(KCC)","방송인프라지원","지역,중소방송 콘텐츠 경쟁력 강화","지역.중소방송 콘텐츠 경쟁력 강화","4530000","4530000","4454387","100.0","98.3"
"2024","민간이전","민간경상보조","과학기술정보통신부","방송통신발전기금"," ","문화및관광","문화예술","행복한방송통신환경조성(KCC)","방송인프라지원","AM라디오송출지원","AM 라디오 송출 지원","100000","100000","99010","100.0","99.0"
"2024","민간이전","민간경상보조","과학기술정보통신부","방송통신발전기금"," ","문화및관광","문화예술","행복한방송통신환경조성(KCC)","미디어 다양성 및 공공성 확보","미디어다양성증진","시청점유율 조사, 검증 등","158000","158000","155284","100.0","98.3"
"2024","민간이전","민간경상보조","과학기술정보통신부","방송통신발전기금"," ","문화및관광","문화예술","행복한방송통신환경조성(KCC)","미디어 다양성 및 공공성 확보","미디어다양성증진","시청점유율 기초조사","853000","853000","817806","100.0","95.9"
"2024","민간이전","민간경상보조","과학기술정보통신부","방송통신발전기금"," ","문화및관광","문화예술","행복한방송통신환경조성(KCC)","미디어 다양성 및 공공성 확보","미디어다양성증진","시청점유율 조사","918000","918000","783222","100.0","85.3"
"2024","민간이전","민간경상보조","과학기술정보통신부","방송통신발전기금"," ","문화및관광","문화예술","행복한방송통신환경조성(KCC)","미디어 다양성 및 공공성 확보","미디어다양성증진","N스크린 시청기록 산출조사","1361000","1361000","1358021","100.0","99.8"
"2024","민간이전","민간경상보조","과학기술정보통신부","방송통신발전기금"," ","문화및관광","문화예술","행복한방송통신환경조성(KCC)","미디어 다양성 및 공공성 확보","방송시장 경쟁상황 평가","방송시장 경쟁상황 평가","468000","468000","461658","100.0","98.6"
"2024","민간이전","민간경상보조","과학기술정보통신부","방송통신발전기금"," ","문화및관광","문화예술","행복한방송통신환경조성(KCC)","미디어 다양성 및 공공성 확보","소외계층방송접근권보장","방송소외계층 방송접근권 보장","9000000","9000000","8874465","100.0","98.6"
"2024","민간이전","민간경상보조","과학기술정보통신부","방송통신발전기금"," ","문화및관광","문화예술","행복한방송통신환경조성(KCC)","미디어 다양성 및 공공성 확보","소외계층방송접근권보장","장애인방송 제작 지원","8130000","8130000","7684473","100.0","94.5"
"2024","민간이전","민간경상보조","과학기술정보통신부","방송통신발전기금"," ","문화및관광","문화예술","행복한방송통신환경조성(KCC)","미디어 다양성 및 공공성 확보","소외계층방송접근권보장","시청각장애인 방송서비스 기반 구축","646000","646000","627564","100.0","97.1"
"2024","민간이전","민간경상보조","과학기술정보통신부","방송통신발전기금"," ","문화및관광","문화예술","행복한방송통신환경조성(KCC)","미디어 다양성 및 공공성 확보","소외계층방송접근권보장","음성인식 기반 자막·수어방송 시스템 개발","1700000","1700000","1641854","100.0","96.6"
"2024","민간이전","민간경상보조","과학기술정보통신부","방송통신발전기금"," ","문화및관광","문화예술","행복한방송통신환경조성(KCC)","미디어 다양성 및 공공성 확보","소외계층방송접근권보장","음성인식기반 미디어 접근 환경 조성","700000","700000","642018","100.0","91.7"
"2024","민간이전","민간경상보조","과학기술정보통신부","방송통신발전기금"," ","문화및관광","문화예술","행복한방송통신환경조성(KCC)","미디어 다양성 및 공공성 확보","언론중재위원회지원","언론중재위원회지원(인건비)","8229000","8229000","8160863","100.0","99.2"
"2024","민간이전","민간경상보조","과학기술정보통신부","방송통신발전기금"," ","문화및관광","문화예술","행복한방송통신환경조성(KCC)","미디어 다양성 및 공공성 확보","언론중재위원회지원","언론중재위원회지원(경상비)","2718000","2718000","2637588","100.0","97.0"
"2024","민간이전","민간경상보조","과학기술정보통신부","방송통신발전기금"," ","문화및관광","문화예술","행복한방송통신환경조성(KCC)","미디어 다양성 및 공공성 확보","언론중재위원회지원","언론중재위원회지원(사업비)","2855000","2855000","2692188","100.0","94.3"
"2024","민간이전","민간경상보조","과학기술정보통신부","방송통신발전기금"," ","문화및관광","문화예술","행복한방송통신환경조성(KCC)","미디어 다양성 및 공공성 확보","방송통신심의위원회지원","방송통신심의위원회지원(인건비)","20817000","20552158","19989200","98.7","97.3"
"2024","민간이전","민간경상보조","과학기술정보통신부","방송통신발전기금"," ","문화및관광","문화예술","행복한방송통신환경조성(KCC)","미디어 다양성 및 공공성 확보","방송통신심의위원회지원","방송통신심의위원회지원(경상비)","5186000","5143160","4958432","99.2","96.4"
"2024","민간이전","민간경상보조","과학기술정보통신부","방송통신발전기금"," ","문화및관광","문화예술","행복한방송통신환경조성(KCC)","미디어 다양성 및 공공성 확보","방송통신심의위원회지원","방송통신심의위원회지원(사업비-방송 심의활동)","7346000","7146000","7002011","97.3","98.0"
"2024","민간이전","민간경상보조","과학기술정보통신부","방송통신발전기금"," ","문화및관광","문화예술","행복한방송통신환경조성(KCC)","미디어 다양성 및 공공성 확보","방송통신심의위원회지원","방송통신심의위원회지원(사업비-통신 심의활동)","3211000","3211000","3153684","100.0","98.2"
"2024","민간이전","민간경상보조","과학기술정보통신부","방송통신발전기금"," ","문화및관광","문화예술","행복한방송통신환경조성(KCC)","미디어 다양성 및 공공성 확보","방송광고·협찬고지모니터링 기반구축","방송광고 협찬고지 모니터링 기반구축","1770000","1770000","1672157","100.0","94.5"
"2024","민간이전","민간경상보조","과학기술정보통신부","방송통신발전기금"," ","문화및관광","문화예술","행복한방송통신환경조성(KCC)","미디어 다양성 및 공공성 확보","방송시장불공정행위조사지원","중소방송사업자 대상 공정경쟁 실태 서면조사","92000","92000","87602","100.0","95.2"
"2024","민간이전","민간경상보조","과학기술정보통신부","방송통신발전기금"," ","문화및관광","문화예술","행복한방송통신환경조성(KCC)","미디어 다양성 및 공공성 확보","방송시장불공정행위조사지원","불공정행위 행태개선","350000","350000","348299","100.0","99.5"
"2024","민간이전","민간경상보조","과학기술정보통신부","방송통신발전기금"," ","문화및관광","문화예술","행복한방송통신환경조성(KCC)","미디어 다양성 및 공공성 확보","방송시장 상생환경 조성","외주제작 거래 실태조사","200000","200000","194740","100.0","97.4"
"2024","민간이전","민간경상보조","과학기술정보통신부","방송통신발전기금"," ","문화및관광","문화예술","행복한방송통신환경조성(KCC)","미디어 다양성 및 공공성 확보","방송시장 상생환경 조성","외주제작 제도 점검 지원","60000","60000","54258","100.0","90.4"
"2024","민간이전","민간경상보조","과학기술정보통신부","방송통신발전기금"," ","문화및관광","문화예술","행복한방송통신환경조성(KCC)","미디어 다양성 및 공공성 확보","방송시장 상생환경 조성","외주제작 제도 점검 지원(외주인정자문위원회 운영)","40000","40000","33995","100.0","85.0"
"2024","민간이전","민간경상보조","과학기술정보통신부","방송통신발전기금"," ","문화및관광","문화예술","행복한방송통신환경조성(KCC)","미디어 다양성 및 공공성 확보","인터넷 환경의 신뢰도 기반 조성(정보화)","허위정보 대응역량 강화","611000","611000","558312","100.0","91.4"
"2024","민간이전","민간경상보조","과학기술정보통신부","방송통신발전기금"," ","문화및관광","문화예술","행복한방송통신환경조성(KCC)","미디어 다양성 및 공공성 확보","인터넷 환경의 신뢰도 기반 조성(정보화)","허위정보 대응 국제협력 강화 등","15000","15000","14709","100.0","98.1"
"2024","민간이전","민간경상보조","과학기술정보통신부","방송통신발전기금"," ","문화및관광","문화예술","행복한방송통신환경조성(KCC)","미디어 다양성 및 공공성 확보","인터넷 환경의 신뢰도 기반 조성(정보화)","팩트체크 활성화","357000","270000","11848","75.6","4.4"
"2024","민간이전","민간경상보조","과학기술정보통신부","방송통신발전기금"," ","문화및관광","문화예술","행복한방송통신환경조성(KCC)","시청자 권익보호 및 참여 활성화","시청자방송참여활성화지원","시청자 참여프로그램 제작지원","1303000","1288650","1266853","98.9","98.3"
"2024","민간이전","민간경상보조","과학기술정보통신부","방송통신발전기금"," ","문화및관광","문화예술","행복한방송통신환경조성(KCC)","시청자 권익보호 및 참여 활성화","시청자방송참여활성화지원","시청자 평가원 활동 지원","165000","155160","155058","94.0","99.9"
"2024","민간이전","민간경상보조","과학기술정보통신부","방송통신발전기금"," ","문화및관광","문화예술","행복한방송통신환경조성(KCC)","시청자 권익보호 및 참여 활성화","시청자미디어재단지원","시청자미디어재단 운영 지원","15716000","15716000","15376374","100.0","97.8"
"2024","민간이전","민간경상보조","과학기술정보통신부","방송통신발전기금"," ","문화및관광","문화예술","행복한방송통신환경조성(KCC)","시청자 권익보호 및 참여 활성화","시청자미디어재단지원","디지털 미디어 소통역량 강화","327000","327000","325805","100.0","99.6"
"2024","민간이전","민간경상보조","과학기술정보통신부","방송통신발전기금"," ","문화및관광","문화예술","행복한방송통신환경조성(KCC)","시청자 권익보호 및 참여 활성화","시청자미디어재단지원","시청자 권익보호 지원","347000","337000","322272","97.1","95.6"
"2024","민간이전","민간경상보조","과학기술정보통신부","방송통신발전기금"," ","문화및관광","문화예술","행복한방송통신환경조성(KCC)","시청자 권익보호 및 참여 활성화","시청자미디어재단지원","시청자권익증진 인프라 마련","257000","257000","229429","100.0","89.3"
"2024","민간이전","민간경상보조","과학기술정보통신부","방송통신발전기금"," ","문화및관광","문화예술","행복한방송통신환경조성(KCC)","시청자 권익보호 및 참여 활성화","시청자미디어재단지원","시청자권익증진사업","4758000","4758000","4709438","100.0","99.0"
"2024","민간이전","민간경상보조","과학기술정보통신부","방송통신발전기금"," ","문화및관광","문화예술","행복한방송통신환경조성(KCC)","방송콘텐츠 경쟁력 강화","방송평가기반조성","방송내용 편성 운영영역 평가","136000","136000","134058","100.0","98.6"
"2024","민간이전","민간경상보조","과학기술정보통신부","방송통신발전기금"," ","문화및관광","문화예술","행복한방송통신환경조성(KCC)","방송콘텐츠 경쟁력 강화","방송평가기반조성","KI 시청자평가지수 조사","213000","213000","211155","100.0","99.1"
"2024","민간이전","민간경상보조","과학기술정보통신부","방송통신발전기금"," ","문화및관광","문화예술","행복한방송통신환경조성(KCC)","방송콘텐츠 경쟁력 강화","방송평가기반조성","방송콘텐츠 경쟁력 평가","150000","150000","147340","100.0","98.2"
"2024","민간이전","민간경상보조","과학기술정보통신부","방송통신발전기금"," ","문화및관광","문화예술","행복한방송통신환경조성(KCC)","방송콘텐츠 경쟁력 강화","방송광고공공인프라구축지원","공익광고 제작 및 확산","1592000","1592000","1521121","100.0","95.5"
"2024","민간이전","민간경상보조","과학기술정보통신부","방송통신발전기금"," ","문화및관광","문화예술","행복한방송통신환경조성(KCC)","방송콘텐츠 경쟁력 강화","방송광고공공인프라구축지원","광고정보센터 운영 및 관리","857000","857000","850250","100.0","99.2"
"2024","민간이전","민간경상보조","과학기술정보통신부","방송통신발전기금"," ","문화및관광","문화예술","행복한방송통신환경조성(KCC)","방송콘텐츠 경쟁력 강화","혁신형중소기업방송광고활성화지원","혁신형 중소기업 광고제작 및 컨설팅 지원","2356000","2356000","2193601","100.0","93.1"
"2024","민간이전","민간경상보조","과학기술정보통신부","방송통신발전기금"," ","문화및관광","문화예술","행복한방송통신환경조성(KCC)","방송콘텐츠 경쟁력 강화","방송정보활용기반체계화","방송통계 통합정보 제공체계 구축","202000","202000","198996","100.0","98.5"
"2024","민간이전","민간경상보조","과학기술정보통신부","방송통신발전기금"," ","문화및관광","문화예술","행복한방송통신환경조성(KCC)","방송콘텐츠 경쟁력 강화","지역밀착형 방송광고 활성화 기반구축","지역밀착형 방송광고 활성화 기반구축","2868000","2868000","2819346","100.0","98.3"
"2024","민간이전","민간경상보조","과학기술정보통신부","방송통신발전기금"," ","문화및관광","문화예술","행복한방송통신환경조성(KCC)","방송콘텐츠 경쟁력 강화","OTT산업경쟁력강화","OTT 해외진출 지원","600000","600000","552618","100.0","92.1"
"2024","민간이전","민간경상보조","과학기술정보통신부","방송통신발전기금"," ","문화및관광","문화예술","행복한방송통신환경조성(KCC)","방송통신운영지원","방송통신국제협력강화","남북방송통신국제컨퍼런스","81000","81000","80686","100.0","99.6"
"2024","민간이전","민간경상보조","과학기술정보통신부","방송통신발전기금"," ","문화및관광","문화예술","행복한방송통신환경조성(KCC)","방송통신운영지원","방송통신국제협력강화","통일 방송프로그램 제작 지원","306000","306000","295482","100.0","96.6"
"2024","민간이전","민간경상보조","과학기술정보통신부","방송통신발전기금"," ","문화및관광","문화예술","행복한방송통신환경조성(KCC)","방송통신운영지원","방송통신국제협력강화","방송공동제작 협력강화","434000","434000","409596","100.0","94.4"
"2024","민간이전","민간경상보조","과학기술정보통신부","방송통신발전기금"," ","문화및관광","문화예술","행복한방송통신환경조성(KCC)","방송통신운영지원","방송통신국제협력강화","북한방송통신이용실태조사","153000","153000","146721","100.0","95.9"
"2024","민간이전","민간경상보조","과학기술정보통신부","방송통신발전기금"," ","문화및관광","문화예술","행복한방송통신환경조성(KCC)","방송통신운영지원","방송통신국제협력강화","방송통신분야 통상대응체계 구축","270000","270000","268770","100.0","99.5"
"2024","민간이전","민간경상보조","과학기술정보통신부","방송통신발전기금"," ","문화및관광","문화예술","행복한방송통신환경조성(KCC)","방송통신운영지원","방송통신국제협력강화","공동제작협정 제작지원","540000","540000","532316","100.0","98.6"
"2024","민간이전","민간경상보조","과학기술정보통신부","방송통신발전기금"," ","문화및관광","문화예술","행복한방송통신환경조성(KCC)","방송통신운영지원","방송통신국제협력강화","방송 국제기구 공동 협력사업","90000","90000","87998","100.0","97.8"
"2024","민간이전","민간경상보조","과학기술정보통신부","방송통신발전기금"," ","문화및관광","문화예술","행복한방송통신환경조성(KCC)","방송통신운영지원","재난방송 운영지원","KBS 재난방송 운영지원","2119000","2119000","2044710","100.0","96.5"
"2024","민간이전","민간경상보조","과학기술정보통신부","방송통신발전기금"," ","문화및관광","문화예술","행복한방송통신환경조성(KCC)","방송통신운영지원","재난방송 운영지원","방송통역 수어통역사 재교육","52000","52000","0","100.0","0.0"
"2024","민간이전","민간경상보조","과학기술정보통신부","방송통신발전기금"," ","문화및관광","문화예술","행복한방송통신환경조성(KCC)","방송통신운영지원","재난방송 운영지원","재난방송 종합상황실 운영","567000","567000","550096","100.0","97.0"
"2024","민간이전","민간경상보조","과학기술정보통신부","방송통신발전기금"," ","통신","방송통신","통신정책지원","공정경쟁및이용자보호(방발)","공정경쟁 및 이용자보호 환경조성(방발)(정보화)","전기통신번호관리체계 운영","246000","246000","245992","100.0","100.0"
"2024","민간이전","민간경상보조","과학기술정보통신부","방송통신발전기금"," ","통신","방송통신","통신정책지원","공정경쟁및이용자보호(방발)","공정경쟁 및 이용자보호 환경조성(방발)(정보화)","회계정보분석시스템 개선·운영","80000","80000","76374","100.0","95.5"
"2024","민간이전","민간경상보조","과학기술정보통신부","방송통신발전기금"," ","통신","방송통신","통신정책지원","네트워크기반조성","네트워크 인프라 산업육성(정보화)","네트워크 산업육성 기반조성 ","394000","394000","391940","100.0","99.5"
"2024","민간이전","민간경상보조","과학기술정보통신부","방송통신발전기금"," ","통신","방송통신","전파활용방송서비스산업","전파방송산업 활성화(방발)","방송장비산업인프라구축(정보화)","지상파 재난경보 구축·관리·유지보수 등","0","0","0","0","0"
"2024","민간이전","민간경상보조","과학기술정보통신부","방송통신발전기금"," ","통신","방송통신","전파활용방송서비스산업","주파수회수및재배치손실보상(방발)","산업생활주파수활용기반구축(정보화)","비면허 주파수 활용 유망기술 실증","1700000","1700000","1633342","100.0","96.1"
"2024","민간이전","민간경상보조","과학기술정보통신부","방송통신발전기금"," ","통신","방송통신","안전한인터넷활용기반구축(KCC)","안전한인터넷정보활용기반구축(방발)","위치정보 활용 긴급구조 지원체계 강화","위치정보 활용 플랫폼 안정적 운영","220000","220000","218175","100.0","99.2"
"2024","민간이전","민간경상보조","과학기술정보통신부","방송통신발전기금"," ","통신","방송통신","안전한인터넷활용기반구축(KCC)","안전한인터넷정보활용기반구축(방발)","클린인터넷이용환경조성(정보화)","클린스마트모바일 환경조성","1393000","1393000","1392979","100.0","100.0"
"2024","민간이전","민간경상보조","과학기술정보통신부","방송통신발전기금"," ","통신","방송통신","안전한인터넷활용기반구축(KCC)","안전한인터넷정보활용기반구축(방발)","클린인터넷이용환경조성(정보화)","클린인터넷서비스환경조성","236000","236000","229398","100.0","97.2"
"2024","민간이전","민간경상보조","과학기술정보통신부","방송통신발전기금"," ","통신","방송통신","안전한인터넷활용기반구축(KCC)","안전한인터넷정보활용기반구축(방발)","지능정보사회 이용자보호 환경조성","경험적 근거마련을 위한 조사·연구","470000","470000","467369","100.0","99.4"
"2024","민간이전","민간경상보조","과학기술정보통신부","방송통신발전기금"," ","통신","방송통신","안전한인터넷활용기반구축(KCC)","안전한인터넷정보활용기반구축(방발)","지능정보사회 이용자보호 환경조성","정책네트워크 구성·운영","184000","184000","181524","100.0","98.7"
"2024","민간이전","민간경상보조","과학기술정보통신부","방송통신발전기금"," ","통신","방송통신","안전한인터넷활용기반구축(KCC)","안전한인터넷정보활용기반구축(방발)","지능정보사회 이용자보호 환경조성","지능정보사회 이용자 보호 정책개발","96000","96000","95606","100.0","99.6"
"2024","민간이전","민간경상보조","과학기술정보통신부","방송통신발전기금"," ","통신","방송통신","안전한인터넷활용기반구축(KCC)","안전한인터넷정보활용기반구축(방발)","지능정보사회 이용자보호 환경조성","지능정보사회 플랫폼 자율규제 활성화","80000","80000","74577","100.0","93.2"
"2024","민간이전","민간경상보조","과학기술정보통신부","방송통신발전기금"," ","통신","방송통신","안전한인터넷활용기반구축(KCC)","안전한인터넷정보활용기반구축(방발)","불법유해정보차단기반마련","부가통신사업자 불법유해정보 차단기반 마련","3297000","3297000","3253439","100.0","98.7"
"2024","민간이전","민간경상보조","과학기술정보통신부","방송통신발전기금"," ","통신","방송통신","안전한인터넷활용기반구축(KCC)","안전한인터넷정보활용기반구축(방발)","불법유해정보차단기반마련","DNA 성능평가 제도 도입","865000","865000","861681","100.0","99.6"
"2024","민간이전","민간경상보조","과학기술정보통신부","방송통신발전기금"," ","통신","방송통신","안전한인터넷활용기반구축(KCC)","안전한인터넷정보활용기반구축(방발)","불법유해정보차단기반마련","디지털성범죄물 비교식별기술도입 기술지원체계 구축","500000","500000","500000","100.0","100.0"
"2024","민간이전","민간경상보조","과학기술정보통신부","방송통신발전기금"," ","통신","방송통신","안전한인터넷활용기반구축(KCC)","안전한인터넷정보활용기반구축(방발)","인터넷 이용자보호 지원","인터넷 피해 상담 센터 구축 운영","1148000","1144792","1051893","99.7","91.9"
"2024","민간이전","민간경상보조","과학기술정보통신부","방송통신발전기금"," ","통신","정보통신","인공지능데이터진흥","데이터산업경쟁력강화(방발)","데이터기반산업경쟁력강화","데이터 유통·활용 생태계 조성","58310000","58310000","56955376","100.0","97.7"
"2024","민간이전","민간경상보조","과학기술정보통신부","일반회계"," ","문화및관광","문화예술","콘텐츠방송산업육성","콘텐츠 진흥","1인 미디어 콤플렉스 조성","1인 미디어 콤플렉스 조성","4890000","4890000","4813482","100.0","98.4"
"2024","민간이전","민간경상보조","과학기술정보통신부","일반회계"," ","문화및관광","문화예술","콘텐츠방송산업육성","콘텐츠 진흥","ICT 기반 가상제작 생태계 혁신 기반조성","신기술융합가상제작인프라구축","0","0","0","0","0"
"2024","민간이전","민간경상보조","과학기술정보통신부","일반회계"," ","문화및관광","문화예술","콘텐츠방송산업육성","콘텐츠 진흥","ICT 기반 가상제작 생태계 혁신 기반조성","신기술융합가상제작산업활성화지원","0","0","0","0","0"
"2024","민간이전","민간경상보조","과학기술정보통신부","일반회계"," ","문화및관광","문화예술","콘텐츠방송산업육성","콘텐츠 진흥","ICT 기반 가상제작 생태계 혁신 기반조성","디지털가상배경범용데이터개발지원","0","0","0","0","0"
"2024","민간이전","민간경상보조","과학기술정보통신부","일반회계"," ","문화및관광","문화예술","콘텐츠방송산업육성","콘텐츠 진흥","DB산업 육성(정보화)","DB산업육성","2621000","2621000","2497265","100.0","95.3"
"2024","민간이전","민간경상보조","과학기술정보통신부","일반회계"," ","통신","방송통신","전파활용방송서비스산업","전파방송산업 활성화(일반)","전파미래앞장감양성","중소벤처기업 재직 전문가 양성","0","0","0","0","0"
"2024","민간이전","민간경상보조","과학기술정보통신부","일반회계"," ","통신","방송통신","전파활용방송서비스산업","전파방송산업 활성화(일반)","위성주파수 관리기반 구축","위성주파수 관리기반 구축","1000000","1000000","984433","100.0","98.4"
"2024","민간이전","민간경상보조","과학기술정보통신부","일반회계"," ","통신","방송통신","전파활용방송서비스산업","전파연구지원","안전한전자파환경기반조성","전자파 기준 적용 대응 기술 및 측정방법 개발 보급","430000","430000","429090","100.0","99.8"
"2024","민간이전","민간경상보조","과학기술정보통신부","일반회계"," ","통신","방송통신","전파활용방송서비스산업","전파연구지원","EMP 등 전자파 침해 대응체계 마련","EMP 취약점 분석ㆍ평가 컨설팅 및 기술지원","0","0","0","0","0"
"2024","민간이전","민간경상보조","과학기술정보통신부","일반회계"," ","통신","방송통신","과학기술정보통신부운영지원","방송통신재난관리","방송통신재난관리(정보화)","자동자막송출시스템 개발 지원","580000","580000","571146","100.0","98.5"
"2024","민간이전","민간경상보조","과학기술정보통신부","일반회계"," ","통신","정보통신","정보통신융합산업","ICT표준화및인증(일반)","정보통신시험인증허브기반구축(정보화)","정보통신시험인증허브기반구축","0","0","0","0","0"
"2024","민간이전","민간경상보조","과학기술정보통신부","정보통신진흥기금"," ","통신","정보통신","인터넷융합산업","스마트화산업기반확충(정진)","ICT융합자율주행기반구축","ICT융합 자율주행 기반구축","1965000","1965000","1910724","100.0","97.2"
"2024","민간이전","민간경상보조","과학기술정보통신부","정보통신진흥기금"," ","통신","정보통신","정보통신융합산업","ICT산업기반확충(정진)","해외IT지원센터운영","해외IT지원센터운영","2898000","2898000","2898000","100.0","100.0"
"2024","민간이전","민간경상보조","과학기술정보통신부","정보통신진흥기금"," ","통신","정보통신","인공지능데이터진흥","AI기술개발(정진)","데이터 활용확산 정책지원","데이터 활용확산 기반조성","2500000","2500000","2401753","100.0","96.1"
"2024","민간이전","민간경상보조","과학기술정보통신부","지역균형발전특별회계","지역지원계정","과학기술","과학기술인력및문화","과학문화창달","과학기술문화창달사업","지역과학관활성화지원사업","과학관 전문인력 지원","1440000","1440000","1408465","100.0","97.8"
"2024","민간이전","민간경상보조","과학기술정보통신부","지역균형발전특별회계","지역지원계정","과학기술","과학기술인력및문화","과학문화창달","과학기술문화창달사업","지역과학관활성화지원사업","과학관 콘텐츠 제작 및 전시 지원","400000","400000","393359","100.0","98.3"
"2024","민간이전","민간경상보조","과학기술정보통신부","지역균형발전특별회계","지역지원계정","과학기술","과학기술연구개발","원자력 진흥","혁신원자력연구개발기반조성","혁신원자력연구개발기반조성","사업운영비","2492000","2492000","2466070","100.0","99.0"
"2024","민간이전","민간경상보조","교육부","고등·평생교육지원특별회계"," ","교육","고등교육","대학교육 역량강화","대학미래역량 강화","고등교육의 국제화 지원","국가학위정보센터 지원","189000","189000","163416","100.0","86.5"
"2024","민간이전","민간경상보조","교육부","고등·평생교육지원특별회계"," ","교육","고등교육","대학교육 역량강화","대학미래역량 강화","대학 인권센터 확산 지원","대학 인권센터 확산 지원","0","0","0","0","0"
"2024","민간이전","민간경상보조","교육부","고등·평생교육지원특별회계"," ","교육","고등교육","대학교육 역량강화","대학미래역량 강화","교원양성기관 교육 역량 강화","교원양성과정 고도화 지원","0","0","0","0","0"
"2024","민간이전","민간경상보조","교육부","고등·평생교육지원특별회계"," ","교육","고등교육","대학교육 역량강화","대학미래역량 강화","교원양성기관 교육 역량 강화","교사 재교육 지원","0","0","0","0","0"
"2024","민간이전","민간경상보조","교육부","고등·평생교육지원특별회계"," ","교육","고등교육","대학교육 역량강화","대학 내 산학연협력 활성화","산학연협력 고도화 지원","첨단분야 혁신융합대학","201001000","201001000","200005217","100.0","99.5"
"2024","민간이전","민간경상보조","교육부","고등·평생교육지원특별회계"," ","교육","고등교육","대학교육 역량강화","대학 내 산학연협력 활성화","대학 진로탐색학점제 지원","대학 진로탐색학점제 지원","0","0","0","0","0"
"2024","민간이전","민간경상보조","교육부","고등·평생교육지원특별회계"," ","교육","고등교육","대학교육 역량강화","대학 내 산학연협력 활성화","대학 진로탐색학점제 지원","장애대학생 지원 거점대학 운영","0","0","0","0","0"
"2024","민간이전","민간경상보조","교육부","고등·평생교육지원특별회계"," ","교육","고등교육","대학교육 역량강화","대학 내 산학연협력 활성화","대학교육프로그램 평가인증 지원","프로그램 평가인증기관 지원","882000","882000","881898","100.0","100.0"
"2024","민간이전","민간경상보조","교육부","고등·평생교육지원특별회계"," ","교육","고등교육","대학교육 역량강화","대학 내 산학연협력 활성화","대학교육프로그램 평가인증 지원","평가인증기구 지정 및 지도 사업","73000","73000","72220","100.0","98.9"
"2024","민간이전","민간경상보조","교육부","고등·평생교육지원특별회계"," ","교육","고등교육","대학교육 역량강화","대학 내 산학연협력 활성화","대학교육프로그램 평가인증 지원","공학교육 혁신지원","325000","325000","325000","100.0","100.0"
"2024","민간이전","민간경상보조","교육부","고등·평생교육지원특별회계"," ","교육","고등교육","대학교육 역량강화","대학 내 산학연협력 활성화","글로벌 현장학습 프로그램 운영","대학 글로벌 현장학습","0","0","0","0","0"
"2024","민간이전","민간경상보조","교육부","고등·평생교육지원특별회계"," ","교육","고등교육","대학교육 역량강화","대학 내 산학연협력 활성화","글로벌 현장학습 프로그램 운영","전문대학 글로벌 현장학습","2843000","2843000","2842701","100.0","100.0"
"2024","민간이전","민간경상보조","교육부","고등·평생교육지원특별회계"," ","교육","고등교육","대학교육 역량강화","대학 내 산학연협력 활성화","글로벌 현장학습 프로그램 운영","WEST 프로그램 운영","5550000","5550000","5086493","100.0","91.6"
"2024","민간이전","민간경상보조","교육부","고등·평생교육지원특별회계"," ","교육","고등교육","대학교육 역량강화","대학 내 산학연협력 활성화","글로벌 현장학습 프로그램 운영","파란사다리","3600000","3600000","3508112","100.0","97.4"
"2024","민간이전","민간경상보조","교육부","고등·평생교육지원특별회계"," ","교육","고등교육","대학교육 역량강화","대학 내 산학연협력 활성화","글로벌 현장학습 프로그램 운영","한일대학생연수","530000","530000","518452","100.0","97.8"
"2024","민간이전","민간경상보조","교육부","고등·평생교육지원특별회계"," ","교육","고등교육","대학자율역량강화","대학혁신지원","대학혁신지원","대학 학사 자율역량 기반 조성","500000","500000","490932","100.0","98.2"
"2024","민간이전","민간경상보조","교육부","고등·평생교육지원특별회계"," ","교육","고등교육","대학자율역량강화","대학혁신지원","대학혁신지원","기관평가인증 기구 역량강화 지원","112000","111000","111000","99.1","100.0"
"2024","민간이전","민간경상보조","교육부","고등·평생교육지원특별회계"," ","교육","고등교육","대학자율역량강화","대학혁신지원","대학구조개혁 지원","교원양성기관 역량진단 ","1259000","1259000","1258982","100.0","100.0"
"2024","민간이전","민간경상보조","교육부","고등·평생교육지원특별회계"," ","교육","고등교육","대학자율역량강화","대학혁신지원","폐교대학 종합관리 사업","폐교대학 후속조치 지원관리","1501000","1501000","1422446","100.0","94.8"
"2024","민간이전","민간경상보조","교육부","고등·평생교육지원특별회계"," ","교육","고등교육","대학자율역량강화","대학혁신지원","폐교대학 종합관리 사업","폐교대학 기록문서 관리시설 증축","2529000","2529000","1877505","100.0","74.2"
"2024","민간이전","민간경상보조","교육부","고등·평생교육지원특별회계"," ","교육","고등교육","대학자율역량강화","대입전형 자율역량 기반조성","대입전형 사전예고제 지원","대입전형 사전예고제 지원","773000","773000","773000","100.0","100.0"
"2024","민간이전","민간경상보조","교육부","고등·평생교육지원특별회계"," ","교육","고등교육","대학자율역량강화","대입전형 자율역량 기반조성","대입전형 운영 지원","고교교육 기여대학 지원","58609000","58609000","58368029","100.0","99.6"
"2024","민간이전","민간경상보조","교육부","고등·평생교육지원특별회계"," ","교육","고등교육","대학자율역량강화","대입전형 자율역량 기반조성","대입전형 운영 지원","대입전형 공정성 강화 지원","1038000","1038000","1038000","100.0","100.0"
"2024","민간이전","민간경상보조","교육부","고등·평생교육지원특별회계"," ","교육","고등교육","대학자율역량강화","대학 학사 자율역량 강화","대학 학사 자율역량 기반 조성사업","대학 학사 자율역량 기반 조성","0","0","0","0","0"
"2024","민간이전","민간경상보조","교육부","고등·평생교육지원특별회계"," ","교육","고등교육","국립대학 운영지원","국립대학병원 여건개선","국립대병원 지원","국립대병원 공공임상교수제 시범사업","6350000","4271228","3958570","67.3","92.7"
"2024","민간이전","민간경상보조","교육부","일반회계"," ","교육","영유아및초중등교육","학교교육과정 운영지원","학교교육과정 운영지원","대안교육 관리 및 학교폭력 피해 지원","대안교육 연구 및 관리","150000","150000","150000","100.0","100.0"
"2024","민간이전","민간경상보조","교육부","일반회계"," ","교육","영유아및초중등교육","학교교육과정 운영지원","학교교육과정 운영지원","대안교육 관리 및 학교폭력 피해 지원","국가 수준 학생 치유·회복 연구지원","450000","450000","450000","100.0","100.0"
"2024","민간이전","민간경상보조","교육부","일반회계"," ","교육","영유아및초중등교육","학생지원","장애인교육지원","장애학생교육지원","대학장애학생지원센터운영지원","3417000","3417000","2999652","100.0","87.8"
"2024","민간이전","민간경상보조","교육부","일반회계"," ","교육","영유아및초중등교육","학생지원","장애인교육지원","장애학생교육지원","장애인 고등교육지원센터 운영","1300000","1300000","1247892","100.0","96.0"
"2024","민간이전","민간경상보조","교육부","일반회계"," ","교육","영유아및초중등교육","학생지원","학생건강지원","학생건강지원강화","학생정신건강지원센터 운영 지원(인건비)","360000","360000","350425","100.0","97.3"
"2024","민간이전","민간경상보조","교육부","일반회계"," ","교육","영유아및초중등교육","학생지원","학생건강지원","학생건강지원강화","학생정신건강지원센터 운영 지원(경상경비)","74000","74000","73812","100.0","99.7"
"2024","민간이전","민간경상보조","교육부","일반회계"," ","교육","영유아및초중등교육","학생지원","학생건강지원","학생건강지원강화","학생정신건강지원센터 운영 지원(직접사업비)","620000","620000","619101","100.0","99.9"
"2024","민간이전","민간경상보조","교육부","일반회계"," ","교육","고등교육","대학자율역량강화","대학혁신지원","폐교대학 종합관리 사업","폐교대학 후속조치 지원·관리","0","0","0","0","0"
"2024","민간이전","민간경상보조","교육부","일반회계"," ","교육","고등교육","대학자율역량강화","전문대학원 교육역량 강화 및 공공성 제고사업","법학전문대학원 교육역량강화","법학전문대학원 평가위원회 운영 지원(대한변호사협회)","200000","200000","169533","100.0","84.8"
"2024","민간이전","민간경상보조","교육부","일반회계"," ","교육","평생·직업교육","인적자원정책 기반강화","인적자원개발정책 추진","국가진로교육센터 운영지원","국가진로교육센터 운영지원(인건비)","137000","137000","137000","100.0","100.0"
"2024","민간이전","민간경상보조","교육부","일반회계"," ","교육","평생·직업교육","인적자원정책 기반강화","인적자원개발정책 추진","국가진로교육센터 운영지원","국가진로교육센터 운영지원(경상비)","25000","25000","25000","100.0","100.0"
"2024","민간이전","민간경상보조","교육부","일반회계"," ","교육","평생·직업교육","인적자원정책 기반강화","인적자원개발정책 추진","국가진로교육센터 운영지원","국가진로교육센터 운영지원(사업비)","145000","145000","145000","100.0","100.0"
"2024","민간이전","민간경상보조","교육부","일반회계"," ","교육","평생·직업교육","평생직업교육 체제 구축","평생교육 기반구축","평생교육 검정고시 지원","검정고시 프로그램 운영지원","273000","273000","273000","100.0","100.0"
"2024","민간이전","민간경상보조","교육부","일반회계"," ","교육","평생·직업교육","평생직업교육 체제 구축","평생교육 기반구축","평생교육 검정고시 지원","검정고시 제도 활성화 및 네트워크 지원","285000","285000","284368","100.0","99.8"
"2024","민간이전","민간경상보조","교육부","일반회계"," ","교육","평생·직업교육","국제교육 협력 증진","재외동포교육 운영지원","재외동포교육 운영지원","한국학교 NEIS 시스템 운영 지원","94000","94000","89967","100.0","95.7"
"2024","민간이전","민간경상보조","교육부","일반회계"," ","교육","평생·직업교육","국제교육 협력 증진","재외동포교육 운영지원","재외동포교육 운영지원","재외동포용 교과서 및 교재 개발,보급","6799000","6799000","6790700","100.0","99.9"
"2024","민간이전","민간경상보조","교육부","일반회계"," ","교육","평생·직업교육","국제교육 협력 증진","재외동포교육 운영지원","재외동포교육 운영지원","재외교육지원센터 운영","400000","400000","400000","100.0","100.0"
"2024","민간이전","민간경상보조","교육부","일반회계"," ","교육","평생·직업교육","국제교육 협력 증진","재외동포교육 운영지원","재외동포교육 운영지원","재외교육기관 재정분석 및 실태점검·운영","211000","211000","198445","100.0","94.0"
"2024","민간이전","민간경상보조","교육부","일반회계"," ","교육","평생·직업교육","국제교육 협력 증진","재외동포교육 운영지원","재외동포교육 운영지원","재외교육기관 포털 서비스 확장 및 콘텐츠 개발","306000","306000","306000","100.0","100.0"
"2024","민간이전","민간경상보조","교육부","일반회계"," ","교육","평생·직업교육","국제교육 협력 증진","재외동포교육 운영지원","재외동포교육 운영지원","재외 한국어교육자 국제학술대회","635000","635000","635000","100.0","100.0"
"2024","민간이전","민간경상보조","교육부","일반회계"," ","교육","평생·직업교육","국제교육 협력 증진","재외동포교육 운영지원","재외동포교육 운영지원","재외동포 어린이 한국어 그림일기 대회","300000","300000","300000","100.0","100.0"
"2024","민간이전","민간경상보조","교육부","일반회계"," ","교육","평생·직업교육","국제교육 협력 증진","재외동포교육 운영지원","해외 한국어 보급","해외 현지학교 한국어교원 파견 주관기관 위탁","460000","460000","460000","100.0","100.0"
"2024","민간이전","민간경상보조","교육부","일반회계"," ","교육","평생·직업교육","국제교육 협력 증진","재외동포교육 운영지원","해외 한국어 보급","초중등 한국어 교과서/교재 개발 지원","7400000","7400000","7400000","100.0","100.0"
"2024","민간이전","민간경상보조","교육부","일반회계"," ","교육","평생·직업교육","국제교육 협력 증진","재외동포교육 운영지원","해외 한국어 보급","해외 청소년 한국어교육 연수","400000","400000","400000","100.0","100.0"
"2024","민간이전","민간경상보조","교육부","일반회계"," ","교육","평생·직업교육","국제교육 협력 증진","글로벌 교육협력 지원사업","글로벌 교육교류 사업(비ODA)","APEC 교육협력사업","1496000","1496000","1496000","100.0","100.0"
"2024","민간이전","민간경상보조","교육부","일반회계"," ","교육","평생·직업교육","국제교육 협력 증진","글로벌 교육협력 지원사업","글로벌 교육교류 사업(비ODA)","ASEAN 교육협력 지원 사업","501000","501000","422915","100.0","84.4"
"2024","민간이전","민간경상보조","교육부","일반회계"," ","교육","평생·직업교육","국제교육 협력 증진","글로벌 교육협력 지원사업","글로벌 교육교류 사업(비ODA)","유네스코한국위원회 지원","1880000","1880000","1875883","100.0","99.8"
"2024","민간이전","민간경상보조","교육부","일반회계"," ","교육","평생·직업교육","국제교육 협력 증진","글로벌 교육협력 지원사업","글로벌 교육교류 사업(비ODA)","CAMPUS Asia-한일중","2995000","2995000","2740343","100.0","91.5"
"2024","민간이전","민간경상보조","교육부","일반회계"," ","교육","평생·직업교육","국제교육 협력 증진","글로벌 교육협력 지원사업","글로벌 교육교류 사업(비ODA)","CAMPUS Asia-AIMS","1454000","1454000","1135204","100.0","78.1"
"2024","민간이전","민간경상보조","교육부","일반회계"," ","교육","평생·직업교육","국제교육 협력 증진","글로벌 교육협력 지원사업","글로벌 교육교류 사업(비ODA)","아세안사이버대학프로젝트","561000","561000","556466","100.0","99.2"
"2024","민간이전","민간경상보조","교육부","일반회계"," ","교육","평생·직업교육","국제교육 협력 증진","글로벌 교육협력 지원사업","글로벌 교육교류 사업(비ODA)","OECD 교육사업 협력","239000","239000","235870","100.0","98.7"
"2024","민간이전","민간경상보조","교육부","일반회계"," ","교육","평생·직업교육","국제교육 협력 증진","글로벌 교육협력 지원사업","글로벌 교육교류 사업(비ODA)","아세안 TVET 학생교류 사업","600000","600000","588652","100.0","98.1"
"2024","민간이전","민간경상보조","교육부","일반회계"," ","교육","평생·직업교육","국제교육 협력 증진","글로벌 교육협력 지원사업","글로벌 교육교류 사업(비ODA)","글로벌 COIL 이니셔티브 구축·운영 지원 사업(","0","0","0","0","0"
"2024","민간이전","민간경상보조","교육부","일반회계"," ","교육","평생·직업교육","국제교육 협력 증진","글로벌 교육협력 지원사업","글로벌 교육지원 사업(ODA)","UNESCO UNITWIN 사업","4453000","4453000","4445266","100.0","99.8"
"2024","민간이전","민간경상보조","교육부","일반회계"," ","교육","평생·직업교육","국제교육 협력 증진","글로벌 교육협력 지원사업","글로벌 교육지원 사업(ODA)","한-다문화가정 대상국가 교사교류지원","1998000","1998000","1998000","100.0","100.0"
"2024","민간이전","민간경상보조","교육부","일반회계"," ","교육","평생·직업교육","국제교육 협력 증진","글로벌 교육협력 지원사업","글로벌 교육지원 사업(ODA)","브릿지 2단계 사업","1875000","1875000","1875000","100.0","100.0"
"2024","민간이전","민간경상보조","교육부","일반회계"," ","교육","평생·직업교육","국립국제교육원 지원","국제교육 교류 협력 활성화","특수외국어교육진흥사업","특수외국어교육진흥","2205000","2205000","2199454","100.0","99.7"
"2024","민간이전","민간경상보조","교육부","일반회계"," ","교육","평생·직업교육","산학연 협력 활성화","국가직무능력표준구축","국가직무능력표준구축","NCS학습모듈 개발 및 질관리 강화","4244000","4244000","4105849","100.0","96.7"
"2024","민간이전","민간경상보조","교육부","일반회계"," ","교육","평생·직업교육","산학연 협력 활성화","고졸 취업 활성화 지원","고교 취업연계 장려금 지원","취업연계 장려금 지원","102000000","102000000","79425000","100.0","77.9"
"2024","민간이전","민간경상보조","교육부","일반회계"," ","교육","평생·직업교육","산학연 협력 활성화","고졸 취업 활성화 지원","고교 취업연계 장려금 지원","고교 취업연계 장려금 사업 운영","1480000","1480000","1332165","100.0","90.0"
"2024","민간이전","민간경상보조","교육부","일반회계"," ","교육","평생·직업교육","산학연 협력 활성화","고졸 취업 활성화 지원","고교 취업연계 장려금 지원","현장실습 지원금","18000000","18000000","15906030","100.0","88.4"
"2024","민간이전","민간경상보조","교육부","일반회계"," ","교육","평생·직업교육","산학연 협력 활성화","고졸 취업 활성화 지원","중앙취업지원센터 운영 지원","중앙취업지원센터 운영 지원","2000000","2000000","1879752","100.0","94.0"
"2024","민간이전","민간경상보조","교육부","일반회계"," ","교육","평생·직업교육","산학연 협력 활성화","고졸 취업 활성화 지원","현장실습 기업현장교육 지원","현장실습 기업현장교육 운영","12000000","12000000","12000000","100.0","100.0"
"2024","민간이전","민간경상보조","교육부","일반회계"," ","교육","평생·직업교육","산학연 협력 활성화","고졸 취업 활성화 지원","현장실습 기업현장교육 지원","현장실습 기업현장교육지원 관리","450000","450000","424805","100.0","94.4"
"2024","민간이전","민간경상보조","교육부","일반회계"," ","교육","평생·직업교육","산학연 협력 활성화","고졸 취업 활성화 지원","고졸자 후속관리 지원모델 개발","고졸자 후속관리 지원모델 개발","1750000","1750000","1694349","100.0","96.8"
"2024","민간이전","민간경상보조","교육부","일반회계"," ","교육","평생·직업교육","산학연 협력 활성화","고졸 취업 활성화 지원","직업계고 채용연계형 직무교육과정 지원","직업계고 채용연계형 직무교육과정 지원","4265000","4265000","3934443","100.0","92.2"
"2024","민간이전","민간경상보조","교육부","일반회계"," ","교육","평생·직업교육","정보활용 활성화 지원","이러닝 활성화 지원","디지털 교육 세계화(ODA)","ICT 인프라지원 및 교원 연수","4915000","4915000","4863182","100.0","98.9"
"2024","민간이전","민간경상보조","교육부","일반회계"," ","교육","평생·직업교육","정보활용 활성화 지원","이러닝 활성화 지원","디지털 교육 세계화(ODA)","개발도상국 교육정책가 및 초중등학생 이러닝 역량 강화","786000","786000","786000","100.0","100.0"
"2024","민간이전","민간경상보조","교육부","일반회계"," ","교육","평생·직업교육","정보활용 활성화 지원","이러닝 활성화 지원","디지털 교육 세계화(ODA)","미래교육혁신국제포럼","502000","502000","501994","100.0","100.0"
"2024","민간이전","민간경상보조","교육부","일반회계"," ","사회복지","아동·보육","보육지원강화","영유아보육료지원","영유아보육료 지원","영유아보육료 지원","15000","50000","42135","333.3","84.3"
"2024","민간이전","민간경상보조","교육부","일반회계"," ","사회복지","아동·보육","보육지원강화","영유아보육료지원","시간제보육 지원","사업운영·관리","165000","500000","497873","303.0","99.6"
"2024","민간이전","민간경상보조","교육부","일반회계"," ","사회복지","아동·보육","보육지원강화","어린이집 관리","보육진흥원 운영지원","어린이집 이용불편부정신고센터 운영 및 현지조사 지원","286000","1144000","1069067","400.0","93.4"
"2024","민간이전","민간경상보조","교육부","일반회계"," ","사회복지","아동·보육","보육지원강화","어린이집 관리","보육진흥원 운영지원","공공형어린이집 품질관리","140250","561000","561000","400.0","100.0"
"2024","민간이전","민간경상보조","교육부","일반회계"," ","사회복지","아동·보육","보육지원강화","어린이집 관리","보육진흥원 운영지원","어린이집 평가(인증) 운영","2039500","8158000","8158000","400.0","100.0"
"2024","민간이전","민간경상보조","교육부","일반회계"," ","사회복지","아동·보육","보육지원강화","어린이집 관리","보육진흥원 운영지원","인건비 및 관리운영비 지원","2359000","9499000","9240573","402.7","97.3"
"2024","민간이전","민간경상보조","교육부","일반회계"," ","사회복지","아동·보육","보육지원강화","어린이집 관리","보육진흥원 운영지원","중앙육아종합지원센터 운영 지원","172250","689000","689000","400.0","100.0"
"2024","민간이전","민간경상보조","교육부","일반회계"," ","사회복지","아동·보육","보육지원강화","어린이집 관리","보육진흥원 운영지원","보육교직원 전문성 강화 및 인성교육","340750","1363000","1363000","400.0","100.0"
"2024","민간이전","민간경상보조","교육부","일반회계"," ","사회복지","아동·보육","보육지원강화","어린이집 관리","보육진흥원 운영지원","국공립 확충·품질관리 전담사업","94500","315000","315000","333.3","100.0"
"2024","민간이전","민간경상보조","국가보훈부","보훈기금","국가유공자지원자금","사회복지","보훈","보훈의료복지","국가유공자등복지지원","기타복지지원","보훈복지문화대학 운영지원","300000","300000","300000","100.0","100.0"
"2024","민간이전","민간경상보조","국가보훈부","보훈기금","참전유공자·제대군인지원자금","사회복지","보훈","제대군인지원","참전.제대군인지원","재향군인회지원","재향군인회 지원","6061000","6061000","6061000","100.0","100.0"
"2024","민간이전","민간경상보조","국가보훈부","보훈기금","참전유공자·제대군인지원자금","사회복지","보훈","제대군인지원","참전.제대군인지원","참전유공자지원","월남전참전자회 참전기념사업","29000","29000","29000","100.0","100.0"
"2024","민간이전","민간경상보조","국가보훈부","보훈기금","참전유공자·제대군인지원자금","사회복지","보훈","제대군인지원","참전.제대군인지원","참전유공자지원","재향군인회 주관 대학생 국토대장정 행사","26000","26000","26000","100.0","100.0"
"2024","민간이전","민간경상보조","국가보훈부","보훈기금","참전유공자·제대군인지원자금","사회복지","보훈","제대군인지원","참전.제대군인지원","참전유공자지원","민간단체 주관 참전기념행사 지원","147000","137200","133690","93.3","97.4"
"2024","민간이전","민간경상보조","국가보훈부","보훈기금","참전유공자·제대군인지원자금","사회복지","보훈","제대군인지원","참전.제대군인지원","참전유공자지원","6.25참전유공자 참전기념사업","110000","110000","106284","100.0","96.6"
"2024","민간이전","민간경상보조","국가보훈부","에너지및자원사업특별회계","투자계정","사회복지","보훈","보훈의료복지","국가유공자등차량지원","LPG차량세금인상분지원","LPG차량세금인상분 지원","12525000","8505478","8509651","67.9","100.0"
"2024","민간이전","민간경상보조","국가보훈부","에너지및자원사업특별회계","투자계정","사회복지","보훈","보훈의료복지","국가유공자등차량지원","친환경차량지원","친환경차량 연료비 지원","269000","268438","268460","99.8","100.0"
"2024","민간이전","민간경상보조","국가보훈부","일반회계"," ","사회복지","보훈","보훈단체지원","보훈단체지원","보훈단체운영및선양활동등","전몰군경유족회 운영지원","2593235","2593235","2593038","100.0","100.0"
"2024","민간이전","민간경상보조","국가보훈부","일반회계"," ","사회복지","보훈","보훈단체지원","보훈단체지원","보훈단체운영및선양활동등","전몰군경미망인회 운영 지원","2217239","2217239","2216547","100.0","100.0"
"2024","민간이전","민간경상보조","국가보훈부","일반회계"," ","사회복지","보훈","보훈단체지원","보훈단체지원","보훈단체운영및선양활동등","재일학도의용군동지회 운영 지원","197431","197431","196651","100.0","99.6"
"2024","민간이전","민간경상보조","국가보훈부","일반회계"," ","사회복지","보훈","보훈단체지원","보훈단체지원","보훈단체운영및선양활동등","상이군경복지회관 운영지원","2511783","2509000","2505814","99.9","99.9"
"2024","민간이전","민간경상보조","국가보훈부","일반회계"," ","사회복지","보훈","보훈단체지원","보훈단체지원","보훈단체운영및선양활동등","전몰군경유족회 사업비 지원","78000","78000","78000","100.0","100.0"
"2024","민간이전","민간경상보조","국가보훈부","일반회계"," ","사회복지","보훈","보훈단체지원","보훈단체지원","보훈단체운영및선양활동등","전몰군경미망인회 사업비 지원","22000","22000","22000","100.0","100.0"
"2024","민간이전","민간경상보조","국가보훈부","일반회계"," ","사회복지","보훈","보훈단체지원","보훈단체지원","보훈단체운영및선양활동등","상이군경회 운영 지원","3656908","3656908","3621977","100.0","99.0"
"2024","민간이전","민간경상보조","국가보훈부","일반회계"," ","사회복지","보훈","보훈단체지원","보훈단체지원","보훈단체운영및선양활동등","재일학도의용군동지회 사업비 지원","95000","95000","94501","100.0","99.5"
"2024","민간이전","민간경상보조","국가보훈부","일반회계"," ","사회복지","보훈","보훈단체지원","보훈단체지원","보훈단체운영및선양활동등","UN참전 전상자 교류협력","100000","100000","100000","100.0","100.0"
"2024","민간이전","민간경상보조","국가보훈부","일반회계"," ","사회복지","보훈","보훈단체지원","보훈단체지원","보훈단체운영및선양활동등","상이군경회 베트남 민간교류협력","92000","92000","92000","100.0","100.0"
"2024","민간이전","민간경상보조","국가보훈부","일반회계"," ","사회복지","보훈","보훈단체지원","보훈단체지원","보훈단체운영및선양활동등","상이군경회 사업비 지원","22000","0","0","0.0","0"
"2024","민간이전","민간경상보조","국가보훈부","일반회계"," ","사회복지","보훈","보훈단체지원","보훈단체지원","보훈단체운영및선양활동등","5.18 단체 사업비 지원","169000","156984","154342","92.9","98.3"
"2024","민간이전","민간경상보조","국가보훈부","일반회계"," ","사회복지","보훈","보훈단체지원","보훈단체지원","보훈단체운영및선양활동등","6.18자유상이자회 사업비 지원","0","0","0","0","0"
"2024","민간이전","민간경상보조","국가보훈부","일반회계"," ","사회복지","보훈","보훈단체지원","보훈단체지원","보훈단체운영및선양활동등","고엽제단체행사비지원","197000","197000","195700","100.0","99.3"
"2024","민간이전","민간경상보조","국가보훈부","일반회계"," ","사회복지","보훈","보훈단체지원","보훈단체지원","보훈단체운영및선양활동등","고엽제단체 운영비 지원","2617266","2617266","2615045","100.0","99.9"
"2024","민간이전","민간경상보조","국가보훈부","일반회계"," ","사회복지","보훈","보훈단체지원","보훈단체지원","보훈단체운영및선양활동등","월남전참전자회 운영 지원","2516211","2514981","2443414","100.0","97.2"
"2024","민간이전","민간경상보조","국가보훈부","일반회계"," ","사회복지","보훈","보훈단체지원","보훈단체지원","보훈단체운영및선양활동등","무공수훈자회 운영 지원","2638717","2637487","2637487","100.0","100.0"
"2024","민간이전","민간경상보조","국가보훈부","일반회계"," ","사회복지","보훈","보훈단체지원","보훈단체지원","보훈단체운영및선양활동등","6.25참전유공자회 운영 지원","2512161","2512161","2512160","100.0","100.0"
"2024","민간이전","민간경상보조","국가보훈부","일반회계"," ","사회복지","보훈","보훈단체지원","보훈단체지원","보훈단체운영및선양활동등","무공수훈자회 사업비 지원","1351000","1351000","1351000","100.0","100.0"
"2024","민간이전","민간경상보조","국가보훈부","일반회계"," ","사회복지","보훈","보훈단체지원","보훈단체지원","보훈단체운영및선양활동등","월남전참전자회 행사비 지원","114000","114000","112456","100.0","98.6"
"2024","민간이전","민간경상보조","국가보훈부","일반회계"," ","사회복지","보훈","보훈단체지원","보훈단체지원","보훈단체운영및선양활동등","광복회 운영지원","2495667","2495667","2449749","100.0","98.2"
"2024","민간이전","민간경상보조","국가보훈부","일반회계"," ","사회복지","보훈","보훈단체지원","보훈단체지원","보훈단체운영및선양활동등","4.19민주혁명회 운영지원","295928","295928","278140","100.0","94.0"
"2024","민간이전","민간경상보조","국가보훈부","일반회계"," ","사회복지","보훈","보훈단체지원","보훈단체지원","보훈단체운영및선양활동등","4.19혁명희생자유족회 운영지원","246502","246502","242982","100.0","98.6"
"2024","민간이전","민간경상보조","국가보훈부","일반회계"," ","사회복지","보훈","보훈단체지원","보훈단체지원","보훈단체운영및선양활동등","4.19혁명공로자회 운영지원","259841","259841","259154","100.0","99.7"
"2024","민간이전","민간경상보조","국가보훈부","일반회계"," ","사회복지","보훈","보훈단체지원","보훈단체지원","보훈단체운영및선양활동등","특수임무유공자회 운영지원","1688994","1688994","1668298","100.0","98.8"
"2024","민간이전","민간경상보조","국가보훈부","일반회계"," ","사회복지","보훈","보훈단체지원","보훈단체지원","보훈단체운영및선양활동등","독립유공자복지회관 운영지원","70000","70000","67735","100.0","96.8"
"2024","민간이전","민간경상보조","국가보훈부","일반회계"," ","사회복지","보훈","보훈단체지원","보훈단체지원","보훈단체운영및선양활동등","4.19혁명기념도서관 운영지원","389000","389000","389000","100.0","100.0"
"2024","민간이전","민간경상보조","국가보훈부","일반회계"," ","사회복지","보훈","보훈단체지원","보훈단체지원","보훈단체운영및선양활동등","광복회 사업비 지원","48000","48000","48000","100.0","100.0"
"2024","민간이전","민간경상보조","국가보훈부","일반회계"," ","사회복지","보훈","보훈단체지원","보훈단체지원","보훈단체운영및선양활동등","4.19혁명희생자유족회 사업비 지원","8000","8000","8000","100.0","100.0"
"2024","민간이전","민간경상보조","국가보훈부","일반회계"," ","사회복지","보훈","보훈단체지원","보훈단체지원","보훈단체운영및선양활동등","4.19혁명공로자회 사업비 지원","3000","3000","3000","100.0","100.0"
"2024","민간이전","민간경상보조","국가보훈부","일반회계"," ","사회복지","보훈","보훈단체지원","보훈단체지원","보훈단체운영및선양활동등","특수임무유공자회 사업비 지원","377000","377000","377000","100.0","100.0"
"2024","민간이전","민간경상보조","국가보훈부","일반회계"," ","사회복지","보훈","보훈단체지원","보훈단체지원","보훈단체운영및선양활동등","5.18민주화운동부상자회 운영지원","846763","846763","788972","100.0","93.2"
"2024","민간이전","민간경상보조","국가보훈부","일반회계"," ","사회복지","보훈","보훈단체지원","보훈단체지원","보훈단체운영및선양활동등","5.18민주유공자유족회 운영지원","529042","529042","524696","100.0","99.2"
"2024","민간이전","민간경상보조","국가보훈부","일반회계"," ","사회복지","보훈","보훈단체지원","보훈단체지원","보훈단체운영및선양활동등","5.18민주화운동공로자회 운영지원","682095","682095","615208","100.0","90.2"
"2024","민간이전","민간경상보조","국가보훈부","일반회계"," ","사회복지","보훈","보훈단체지원","보훈단체지원","보훈단체운영및선양활동등","광복회 독립운동사 학술연구사업","600000","600000","600000","100.0","100.0"
"2024","민간이전","민간경상보조","국가보훈부","일반회계"," ","사회복지","보훈","보훈단체지원","보훈단체지원","보훈단체운영및선양활동등","월남전참전 디지털 아카이브 구축","300000","300000","290128","100.0","96.7"
"2024","민간이전","민간경상보조","국가보훈부","일반회계"," ","사회복지","보훈","보훈단체지원","보훈단체지원","보훈단체운영및선양활동등","6.25참전유공자회 사업비 지원","36000","36000","36000","100.0","100.0"
"2024","민간이전","민간경상보조","국가보훈부","일반회계"," ","사회복지","보훈","보훈의료복지","교통시설이용지원","교통시설이용지원","민영버스 무임 및 할인이용료 지원","8463293","8463293","8463293","100.0","100.0"
"2024","민간이전","민간경상보조","국가보훈부","일반회계"," ","사회복지","보훈","보훈의료복지","교통시설이용지원","교통시설이용지원","고속철도 무임 및 할인이용료 지원","2163000","2163000","2163000","100.0","100.0"
"2024","민간이전","민간경상보조","국가보훈부","일반회계"," ","사회복지","보훈","보훈의료복지","교통시설이용지원","교통시설이용지원","내항여객선 후불운임 지원","102707","102707","102707","100.0","100.0"
"2024","민간이전","민간경상보조","국가보훈부","일반회계"," ","사회복지","보훈","보훈의료복지","의료지원","보훈병원진료","보훈병원 의료공백 해소(예비비)","5596000","5596000","5596000","100.0","100.0"
"2024","민간이전","민간경상보조","국가보훈부","일반회계"," ","사회복지","보훈","보훈문화","독립기념관","독립기념관운영및활성화","독립기념관운영지원","21355000","21355000","21252660","100.0","99.5"
"2024","민간이전","민간경상보조","국가보훈부","일반회계"," ","사회복지","보훈","보훈문화","보훈문화진흥","보훈문화조성","보훈 테마활동","1400000","1387868","1368973","99.1","98.6"
"2024","민간이전","민간경상보조","국가보훈부","일반회계"," ","사회복지","보훈","보훈문화","현충시설","현충시설관리","LA흥사단 단소 유지보수","82000","82000","81380","100.0","99.2"
"2024","민간이전","민간경상보조","국가보훈부","일반회계"," ","사회복지","보훈","보훈문화","현충시설","현충시설관리","현충시설 개보수 및 활성화 등 지원","2152000","2145295","2132526","99.7","99.4"
"2024","민간이전","민간경상보조","국가보훈부","일반회계"," ","사회복지","보훈","보훈문화","현충시설","현충시설관리","기복원 유적지 보존관리","350000","350000","328067","100.0","93.7"
"2024","민간이전","민간경상보조","국가보훈부","일반회계"," ","사회복지","보훈","보훈문화","현충시설","기념관관리운영","백범김구기념관 관리운영","1886550","1886550","1886550","100.0","100.0"
"2024","민간이전","민간경상보조","국가보훈부","일반회계"," ","사회복지","보훈","보훈문화","현충시설","기념관관리운영","안중근의사기념관관리운영","1214700","1214700","1214700","100.0","100.0"
"2024","민간이전","민간경상보조","국가보훈부","일반회계"," ","사회복지","보훈","보훈문화","현충시설","기념관관리운영","윤봉길의사기념관관리운영","1228625","1228625","1228625","100.0","100.0"
"2024","민간이전","민간경상보조","국가보훈부","일반회계"," ","사회복지","보훈","보훈문화","현충시설","기념관관리운영","유엔평화기념관관리운영","1663875","1663875","1663875","100.0","100.0"
"2024","민간이전","민간경상보조","국가보훈부","일반회계"," ","사회복지","보훈","보훈문화","현충시설","기념관관리운영","독도의용수비대기념관관리운영","737550","737550","728969","100.0","98.8"
"2024","민간이전","민간경상보조","국가보훈부","일반회계"," ","사회복지","보훈","보훈문화","현충시설","기념관관리운영","호남호국기념관관리운영","1291700","1291700","1291700","100.0","100.0"
"2024","민간이전","민간경상보조","국가보훈부","일반회계"," ","사회복지","보훈","보훈문화","기념사업","독도의용수비대기념사업회지원","독도의용수비대기념사업회지원","794000","794000","794000","100.0","100.0"
"2024","민간이전","민간경상보조","국가보훈부","일반회계"," ","사회복지","보훈","보훈문화","기념사업","보훈기념행사","정부기념일 등 관련 계기 행사 지원","616000","615850","612739","100.0","99.5"
"2024","민간이전","민간경상보조","국가보훈부","일반회계"," ","사회복지","보훈","보훈문화","기념사업","보훈기념행사","순직경찰, 소방공무원 추모 행사 지원","69000","69000","69000","100.0","100.0"
"2024","민간이전","민간경상보조","국가보훈부","일반회계"," ","사회복지","보훈","보훈문화","기념사업","호국보훈의달행사","호국보훈의 달 계기 민간 행사 지원","54000","52000","52000","96.3","100.0"
"2024","민간이전","민간경상보조","국가보훈부","일반회계"," ","사회복지","보훈","보훈문화","기념사업","독립운동관련사업등지원","국내 독립기념행사 지원","965000","967250","958280","100.2","99.1"
"2024","민간이전","민간경상보조","국가보훈부","일반회계"," ","사회복지","보훈","보훈예우 및 국립묘지","공훈발굴및국가유공자등 예우","독립유공자등자료수집관리","보훈선양 학술회의 지원","86000","85850","72348","99.8","84.3"
"2024","민간이전","민간경상보조","국가보훈부","일반회계"," ","사회복지","보훈","보훈예우 및 국립묘지","공훈발굴및국가유공자등 예우","독립유공자등자료수집관리","보훈선양 문헌발간 지원","27000","27000","27000","100.0","100.0"
"2024","민간이전","민간경상보조","국가보훈부","일반회계"," ","사회복지","보훈","제대군인지원","참전.제대군인명예선양","국제보훈교류협력사업","UN군 참전국내기념행사","18000","17600","17600","97.8","100.0"
"2024","민간이전","민간경상보조","국가보훈부","일반회계"," ","사회복지","보훈","제대군인지원","참전.제대군인명예선양","국제보훈교류협력사업","UN군 평화음악회","60000","60000","60000","100.0","100.0"
"2024","민간이전","민간경상보조","국가보훈부","일반회계"," ","사회복지","보훈","제대군인지원","참전.제대군인명예선양","국제보훈교류협력사업","UN참전국 후손 장학사업","81000","54000","54000","66.7","100.0"
"2024","민간이전","민간경상보조","국가보훈부","일반회계"," ","사회복지","보훈","제대군인지원","참전.제대군인명예선양","국제보훈교류협력사업","유엔사근무장병초청 및 미래평화학술회의","290000","290000","290000","100.0","100.0"
"2024","민간이전","민간경상보조","국가유산청","국가유산보호기금"," ","문화및관광","국가유산","문화재정책기반구축","민간보존역량강화","문화재보호 민간참여 활성화","문화재지킴이 활동 지원","950000","950000","942491","100.0","99.2"
"2024","민간이전","민간경상보조","국가유산청","국가유산보호기금"," ","문화및관광","국가유산","문화재정책기반구축","민간보존역량강화","문화재보호 민간참여 활성화","문화유산국민신탁 법인 지원","1175000","1175000","1173952","100.0","99.9"
"2024","민간이전","민간경상보조","국가유산청","국가유산보호기금"," ","문화및관광","국가유산","문화재정책기반구축","민간보존역량강화","남북간 문화재 교류협력","남북간 문화재 교류협력","450000","450000","430746","100.0","95.7"
"2024","민간이전","민간경상보조","국가유산청","국가유산보호기금"," ","문화및관광","국가유산","문화재정책기반구축","민간보존역량강화","천연기념물 보호관리단체 지원","천연기념물 동물치료경비 지원","193000","193000","186670","100.0","96.7"
"2024","민간이전","민간경상보조","국가유산청","국가유산보호기금"," ","문화및관광","국가유산","문화재정책기반구축","민간보존역량강화","천연기념물 보호관리단체 지원","천연기념물 보호관리단체 지원","698000","698000","692858","100.0","99.3"
"2024","민간이전","민간경상보조","국가유산청","국가유산보호기금"," ","문화및관광","국가유산","문화재정책기반구축","민간보존역량강화","일반문화재 조사 및 보존관리 지원","문화유산 다량소장처 보존관리 지원","1758000","1758000","1758000","100.0","100.0"
"2024","민간이전","민간경상보조","국가유산청","국가유산보호기금"," ","문화및관광","국가유산","문화재정책기반구축","민간보존역량강화","일반문화재 조사 및 보존관리 지원","대형불화 정밀조사","473000","473000","473000","100.0","100.0"
"2024","민간이전","민간경상보조","국가유산청","국가유산보호기금"," ","문화및관광","국가유산","문화재정책기반구축","민간보존역량강화","일반문화재 조사 및 보존관리 지원","불교문화재 일제조사","833000","833000","833000","100.0","100.0"
"2024","민간이전","민간경상보조","국가유산청","국가유산보호기금"," ","문화및관광","국가유산","문화재정책기반구축","민간보존역량강화","일반문화재 조사 및 보존관리 지원","비지정문화유산 보존관리 강화","1550000","1550000","1541017","100.0","99.4"
"2024","민간이전","민간경상보조","국가유산청","국가유산보호기금"," ","문화및관광","국가유산","문화재정책기반구축","민간보존역량강화","일반문화재 조사 및 보존관리 지원","문화유산 사찰 보존지원","5192000","5192000","3382490","100.0","65.1"
"2024","민간이전","민간경상보조","국가유산청","국가유산보호기금"," ","문화및관광","국가유산","문화재정책기반구축","민간보존역량강화","일반문화재 조사 및 보존관리 지원","폐사지 학술조사","800000","800000","800000","100.0","100.0"
"2024","민간이전","민간경상보조","국가유산청","국가유산보호기금"," ","문화및관광","국가유산","문화재정책기반구축","민간보존역량강화","일반문화재 조사 및 보존관리 지원","금석문 탁본조사","400000","400000","400000","100.0","100.0"
"2024","민간이전","민간경상보조","국가유산청","국가유산보호기금"," ","문화및관광","국가유산","문화재정책기반구축","민간보존역량강화","문화재 정책연구기관 운영지원","문화재 정책연구기관 운영지원","346000","346000","322342","100.0","93.2"
"2024","민간이전","민간경상보조","국가유산청","국가유산보호기금"," ","문화및관광","국가유산","문화재정책기반구축","문화유산 보존 및 교육","문화유산교육 활성화","맞춤형 문화유산교육 활성화","505000","505000","505000","100.0","100.0"
"2024","민간이전","민간경상보조","국가유산청","국가유산보호기금"," ","문화및관광","국가유산","문화재보존관리","문화재 상시보호 및 조사","문화재 돌봄사업","문화재돌봄 지원사업(중앙돌봄센터 운영지원)","713000","713000","676416","100.0","94.9"
"2024","민간이전","민간경상보조","국가유산청","국가유산보호기금"," ","문화및관광","국가유산","문화재보호","예방적 문화재 안전관리","문화재 재난안전 관리","문화재 재난안전 활동","0","0","0","0","0"
"2024","민간이전","민간경상보조","국가유산청","국가유산보호기금"," ","문화및관광","국가유산","문화재보호","매장문화재조사지원","소규모·긴급 매장문화재 조사 지원","중요폐사지 시발굴조사","608000","608000","607700","100.0","100.0"
"2024","민간이전","민간경상보조","국가유산청","일반회계"," ","문화및관광","국가유산","문화재정책기반구축","문화재보호행정기반조성","문화재보존관리정책강화","문화유산 관람지원","0","0","0","0","0"
"2024","민간이전","민간경상보조","국가유산청","일반회계"," ","문화및관광","국가유산","문화재정책기반구축","문화재보호행정기반조성","문화재보존관리정책강화","문화유산 관람지원","55242410","55221240","55221126","100.0","100.0"
"2024","민간이전","민간경상보조","국가유산청","일반회계"," ","문화및관광","국가유산","문화재정책기반구축","무형문화재전승","무형문화재보호","전수교육학교 운영 지원","451000","451000","447412","100.0","99.2"
"2024","민간이전","민간경상보조","국가유산청","일반회계"," ","문화및관광","국가유산","문화재정책기반구축","무형문화재전승","무형유산원운영","2024년 불교무형유산 조사연구","300000","300000","300000","100.0","100.0"
"2024","민간이전","민간경상보조","국가유산청","일반회계"," ","문화및관광","국가유산","문화재정책기반구축","무형문화재전승","무형유산원운영","전통공예명품전 지원","90000","90000","90000","100.0","100.0"
"2024","민간이전","민간경상보조","국가유산청","일반회계"," ","문화및관광","국가유산","문화재정책기반구축","무형문화재전승","무형유산원운영","이북5도무형문화재축제 지원","45000","45000","45000","100.0","100.0"
"2024","민간이전","민간경상보조","국가유산청","일반회계"," ","문화및관광","국가유산","문화재정책기반구축","무형문화재전승","무형유산원운영","대한민국 공예품대전","280000","280000","279963","100.0","100.0"
"2024","민간이전","민간경상보조","국가유산청","일반회계"," ","문화및관광","국가유산","문화재정책기반구축","무형문화재전승","무형유산원운영","대한민국전승공예대전 지원","300000","300000","300000","100.0","100.0"
"2024","민간이전","민간경상보조","국가유산청","일반회계"," ","문화및관광","국가유산","문화재정책기반구축","무형문화재전승","무형유산원운영","전국판소리경연대회 지원","45000","45000","44956","100.0","99.9"
"2024","민간이전","민간경상보조","국가유산청","일반회계"," ","문화및관광","국가유산","문화재정책기반구축","무형문화재전승","무형유산원운영","전국가야금경연대회 지원","45000","45000","44971","100.0","99.9"
"2024","민간이전","민간경상보조","국가유산청","일반회계"," ","문화및관광","국가유산","문화재정책기반구축","무형문화재전승","무형유산원운영","대한민국탈춤제 지원","45000","45000","45000","100.0","100.0"
"2024","민간이전","민간경상보조","국가유산청","일반회계"," ","문화및관광","국가유산","문화재정책기반구축","무형문화재전승","무형유산원운영","대한민국농악축제 지원","45000","45000","44996","100.0","100.0"
"2024","민간이전","민간경상보조","국가유산청","일반회계"," ","문화및관광","국가유산","문화재보존관리","기념물문화재 보존강화","문화재수리기술진흥","국가유산수리재료센터 운영지원","2608000","2608000","2287489","100.0","87.7"
"2024","민간이전","민간경상보조","국가유산청","일반회계"," ","문화및관광","국가유산","문화재보존관리","기념물문화재 보존강화","전통건축수리기술진흥재단 운영","전통건축수리기술진흥재단 운영","2803000","2803000","2781189","100.0","99.2"
"2024","민간이전","민간경상보조","국가유산청","일반회계"," ","문화및관광","국가유산","문화재보존관리","유형문화재 보존관리","유형문화재관리","팔만대장경 디지털 DB 구축","1270000","1270000","1221903","100.0","96.2"
"2024","민간이전","민간경상보조","국가유산청","일반회계"," ","문화및관광","국가유산","궁능원관리","궁능원시설관리운영","조선왕릉보존관리","조선왕릉 제향 봉행 지원","390000","390000","390000","100.0","100.0"
"2024","민간이전","민간경상보조","국가유산청","일반회계"," ","문화및관광","국가유산","궁능원관리","궁능원시설관리운영","궁능유적관리수입대체경비","궁능 안내해설자원봉사단체활동 지원","64000","64000","64000","100.0","100.0"
"2024","민간이전","민간경상보조","국가유산청","일반회계"," ","문화및관광","국가유산","문화재보호","문화재안전관리체계강화","문화재예방관리강화","문화재매매업자 교육","84000","84000","84000","100.0","100.0"
"2024","민간이전","민간경상보조","국가유산청","일반회계"," ","문화및관광","국가유산","문화재보호","문화재안전관리체계강화","문화재예방관리강화","문화유산 안전관리교육","230000","230000","229091","100.0","99.6"
"2024","민간이전","민간경상보조","국가유산청","일반회계"," ","문화및관광","국가유산","문화재국제교류","국제교류및세계유산등재","문화재국제교류","한-아세안 문화유산 협력기구 설립 지원","200000","200000","199773","100.0","99.9"
"2024","민간이전","민간경상보조","국가유산청","일반회계"," ","문화및관광","국가유산","문화재국제교류","국제교류및세계유산등재","문화재국제교류","한국유산 관련 논문 국제학술지 게재 지원","30000","30000","10973","100.0","36.6"
"2024","민간이전","민간경상보조","국가유산청","일반회계"," ","문화및관광","국가유산","문화재국제교류","국제교류및세계유산등재","유네스코아태무형유산센터운영","유네스코 아태무형유산센터 운영지원 ","2874000","2874000","2873995","100.0","100.0"
"2024","민간이전","민간경상보조","국가유산청","일반회계"," ","문화및관광","국가유산","문화재국제교류","국제교류및세계유산등재","세계유산등재 및 보존관리","세계유산 등 관련단체 지원","50000","47363","46312","94.7","97.8"
"2024","민간이전","민간경상보조","국가유산청","일반회계"," ","문화및관광","국가유산","문화재국제교류","국제교류및세계유산등재","세계유산등재 및 보존관리","무형유산 관리역량 강화(지속가능발전 사례조사 지원)","200000","200000","199905","100.0","100.0"
"2024","민간이전","민간경상보조","국가유산청","일반회계"," ","문화및관광","국가유산","문화재국제교류","국제교류및세계유산등재","세계유산등재 및 보존관리","유네스코 세계유산 국제해석센터 운영","2611000","2611000","2568870","100.0","98.4"
"2024","민간이전","민간경상보조","국가유산청","일반회계"," ","문화및관광","국가유산","문화재국제교류","국제교류및세계유산등재","세계유산등재 및 보존관리","세계유산 한국의갯벌 2단계 등재","630000","630000","630000","100.0","100.0"
"2024","민간이전","민간경상보조","국가유산청","일반회계"," ","문화및관광","국가유산","문화재국제교류","국제교류및세계유산등재","국외문화재환수및활용","국외소재문화재재단 조사 및 환수 활용 사업","5621000","5621000","5405439","100.0","96.2"
"2024","민간이전","민간경상보조","국가유산청","일반회계"," ","문화및관광","국가유산","문화재국제교류","국제교류및세계유산등재","국외문화재환수및활용","주미대한제국공사관 관리 및 운영","1171000","1171000","1156554","100.0","98.8"
"2024","민간이전","민간경상보조","국가유산청","일반회계"," ","문화및관광","국가유산","문화재국제교류","국제교류및세계유산등재","국외문화재환수및활용","K-공유유산 활용 기반 구축","1600000","1600000","1466605","100.0","91.7"
"2024","민간이전","민간경상보조","국가유산청","일반회계"," ","문화및관광","국가유산","문화재활용","문화재활용활성화","문화유산 활용 진흥","문화유산 활용 아카데미 운영","216000","216000","216000","100.0","100.0"
"2024","민간이전","민간경상보조","국가유산청","일반회계"," ","문화및관광","국가유산","문화재활용","문화재활용활성화","문화유산 활용 진흥","문화유산 활용 홍보","275000","275000","275000","100.0","100.0"
"2024","민간이전","민간경상보조","국가유산청","일반회계"," ","문화및관광","국가유산","문화재활용","문화재활용활성화","문화유산 활용 진흥","문화재 안내판 점검 및 모니터링","0","0","0","0","0"
"2024","민간이전","민간경상보조","국가유산청","일반회계"," ","문화및관광","국가유산","문화재활용","문화재활용활성화","문화유산 활용 진흥","지역문화재 활용사업 워크숍","65000","65000","65000","100.0","100.0"
"2024","민간이전","민간경상보조","국가유산청","일반회계"," ","문화및관광","국가유산","문화재활용","문화재활용활성화","한국문화재재단지원","한국문화재재단 경상운영비","6540000","6540000","6540000","100.0","100.0"
"2024","민간이전","민간경상보조","국가유산청","일반회계"," ","문화및관광","국가유산","문화재활용","문화재활용활성화","한국문화재재단지원","한국문화재재단 전산시스템 구축","250000","250000","250000","100.0","100.0"
"2024","민간이전","민간경상보조","국가유산청","일반회계"," ","문화및관광","국가유산","문화재활용","문화재활용활성화","한국문화재재단지원","유네스코무형유산 자문기구 활동","150000","150000","150000","100.0","100.0"
"2024","민간이전","민간경상보조","국가유산청","일반회계"," ","문화및관광","국가유산","문화재활용","문화재활용활성화","문화재 사회적 기업 육성","문화재 사회적기업 육성","500000","500000","500000","100.0","100.0"
"2024","민간이전","민간경상보조","국가인권위원회","일반회계"," ","일반·지방행정","일반행정","인권보호 및 향상","국내외 인권협력 강화","국내교류협력","인권단체 인권증진 활동 지원","161000","161000","157511","100.0","97.8"
"2024","민간이전","민간경상보조","국무조정실 및 국무총리비서실","일반회계"," ","일반·지방행정","국정운영","국무총리실 행정지원","사회통합 및 안전관리 추진","공공기관 갈등관리","갈등관리 교육 및 지자체 역량강화 사업","210000","210000","210000","100.0","100.0"
"2024","민간이전","민간경상보조","국무조정실 및 국무총리비서실","일반회계"," ","일반·지방행정","국정운영","국무총리실 행정지원","대국민 및 정당과의 소통","국회·정당 및 시민사회 등과의 소통강화","시민사회 및 공익활동 연구기관 운영","50000","50000","50000","100.0","100.0"
"2024","민간이전","민간경상보조","국민권익위원회","일반회계"," ","일반·지방행정","일반행정","국민권익증진","청렴권익대내외협력강화","청렴권익민간협력","반부패 권익증진 확산 프로그램 공모","113000","113000","112807","100.0","99.8"
"2024","민간이전","민간경상보조","국방부","군인복지기금","복지계정","국방","전력유지","장병보건및복지향상","장학및취업활동지원","취업활동지원","국방전직교육원 운영","4127000","4127000","4121215","100.0","99.9"
"2024","민간이전","민간경상보조","국방부","군인복지기금","복지계정","국방","전력유지","장병보건및복지향상","장학및취업활동지원","취업활동지원","전역예정군인 취업지원 사업","10330000","10330000","9828221","100.0","95.1"
"2024","민간이전","민간경상보조","국방부","일반회계"," ","국방","전력유지","군인사및교육훈련","군인적자원개발교육","자기개발교육","기술인력육성","8301600","8301600","8152078","100.0","98.2"
"2024","민간이전","민간경상보조","국방부","일반회계"," ","국방","전력유지","군인사및교육훈련","정훈문화활동","전쟁기념사업회","전쟁기념사업회","17813106","17813106","17408615","100.0","97.7"
"2024","민간이전","민간경상보조","국세청","일반회계"," ","일반·지방행정","재정·금융","과세기반확충","부가가치세 대리납부제도 운영","부가가치세 대리납부제도 운영","부가가치세 대리납부제도 운영","1460000","1401139","1401139","96.0","100.0"
"2024","민간이전","민간경상보조","국토교통부","교통시설특별회계","공항계정","교통및물류","항공·공항","항공발전지원","소음대책","공항소음대책","공항소음대책","5782000","5782000","5782000","100.0","100.0"
"2024","민간이전","민간경상보조","국토교통부","교통시설특별회계","공항계정","교통및물류","항공·공항","항공발전지원","항공안전운영","스마트공항구축","인천공항스마트패스서비스구축","0","0","0","0","0"
"2024","민간이전","민간경상보조","국토교통부","교통시설특별회계","교통체계관리계정","교통및물류","물류등기타","대중교통육성","대중교통체계구축","버스운전인력양성지원","버스운전인력양성지원","300000","300000","300000","100.0","100.0"
"2024","민간이전","민간경상보조","국토교통부","교통시설특별회계","도로계정","교통및물류","도로","민자도로건설및관리","민자유치사업지원","민자도로운영지원","인천공항 고속도로","14644000","14644000","14644000","100.0","100.0"
"2024","민간이전","민간경상보조","국토교통부","교통시설특별회계","도로계정","교통및물류","도로","민자도로건설및관리","민자유치사업지원","민자도로운영지원","천안-논산 고속도로","0","0","0","0","0"
"2024","민간이전","민간경상보조","국토교통부","교통시설특별회계","도로계정","교통및물류","도로","민자도로건설및관리","민자유치사업지원","민자도로운영지원","대구-부산 고속도로","0","0","0","0","0"
"2024","민간이전","민간경상보조","국토교통부","교통시설특별회계","도로계정","교통및물류","도로","민자도로건설및관리","민자유치사업지원","민자도로운영지원","수도권제1순환(일산-퇴계원) 고속도로","0","0","0","0","0"
"2024","민간이전","민간경상보조","국토교통부","교통시설특별회계","도로계정","교통및물류","도로","민자도로건설및관리","민자유치사업지원","민자도로운영지원","부산-울산 고속도로","18210000","18210000","18210000","100.0","100.0"
"2024","민간이전","민간경상보조","국토교통부","교통시설특별회계","도로계정","교통및물류","도로","민자도로건설및관리","민자유치사업지원","민자도로운영지원","서울-춘천 고속도로","0","0","0","0","0"
"2024","민간이전","민간경상보조","국토교통부","교통시설특별회계","도로계정","교통및물류","도로","민자도로건설및관리","민자유치사업지원","민자도로운영지원","인천대교","31966000","31966000","31966000","100.0","100.0"
"2024","민간이전","민간경상보조","국토교통부","교통시설특별회계","도로계정","교통및물류","도로","민자도로건설및관리","민자유치사업지원","민자도로운영지원","용인-서울 고속도로","10979000","9963000","9963000","90.7","100.0"
"2024","민간이전","민간경상보조","국토교통부","교통시설특별회계","도로계정","교통및물류","도로","민자도로건설및관리","민자유치사업지원","민자도로운영지원","수원-광명 고속도로","11350000","10691000","10691000","94.2","100.0"
"2024","민간이전","민간경상보조","국토교통부","교통시설특별회계","도로계정","교통및물류","도로","민자도로건설및관리","민자유치사업지원","민자도로운영지원","광주-원주 고속도로","13128000","13128000","13128000","100.0","100.0"
"2024","민간이전","민간경상보조","국토교통부","교통시설특별회계","도로계정","교통및물류","도로","민자도로건설및관리","민자유치사업지원","민자도로운영지원","부산항신항 배후도로","2453000","2078000","2078000","84.7","100.0"
"2024","민간이전","민간경상보조","국토교통부","교통시설특별회계","도로계정","교통및물류","도로","민자도로건설및관리","민자유치사업지원","민자도로운영지원","인천-김포 고속도로","4707000","4178000","4178000","88.8","100.0"
"2024","민간이전","민간경상보조","국토교통부","교통시설특별회계","도로계정","교통및물류","도로","민자도로건설및관리","민자유치사업지원","민자도로운영지원","상주-영천 고속도로","13597000","12914000","12914000","95.0","100.0"
"2024","민간이전","민간경상보조","국토교통부","교통시설특별회계","도로계정","교통및물류","도로","민자도로건설및관리","민자유치사업지원","민자도로운영지원","구리-포천 고속도로","12621000","12621000","12621000","100.0","100.0"
"2024","민간이전","민간경상보조","국토교통부","교통시설특별회계","도로계정","교통및물류","도로","민자도로건설및관리","민자유치사업지원","민자도로운영지원","안양-성남 고속도로","584000","584000","584000","100.0","100.0"
"2024","민간이전","민간경상보조","국토교통부","교통시설특별회계","도로계정","교통및물류","도로","민자도로건설및관리","민자유치사업지원","민자도로운영지원","서수원-평택 고속도로","17428000","16586000","16586000","95.2","100.0"
"2024","민간이전","민간경상보조","국토교통부","교통시설특별회계","도로계정","교통및물류","도로","민자도로건설및관리","민자유치사업지원","민자도로운영지원","평택-시흥 고속도로","3561000","3561000","3561000","100.0","100.0"
"2024","민간이전","민간경상보조","국토교통부","교통시설특별회계","도로계정","교통및물류","도로","민자도로건설및관리","민자유치사업지원","민자도로운영지원","옥산-오창 고속도로","854000","701000","701000","82.1","100.0"
"2024","민간이전","민간경상보조","국토교통부","교통시설특별회계","도로계정","교통및물류","도로","민자도로건설및관리","민자유치사업지원","민자도로운영지원","서울-문산 고속도로","6891000","5149000","5149000","74.7","100.0"
"2024","민간이전","민간경상보조","국토교통부","교통시설특별회계","도로계정","교통및물류","도로","민자도로건설및관리","민자유치사업지원","민자도로운영지원","봉담-송산 고속도로","3115000","2632000","2632000","84.5","100.0"
"2024","민간이전","민간경상보조","국토교통부","교통시설특별회계","도로계정","교통및물류","도로","민자도로건설및관리","민자유치사업지원","민자도로운영지원","이천-오산 고속도로","5040000","3526000","3526000","70.0","100.0"
"2024","민간이전","민간경상보조","국토교통부","에너지및자원사업특별회계","투자계정","교통및물류","물류등기타","물류정책","물류산업지원","친환경물류지원","녹색물류전환사업","909000","909000","872182","100.0","95.9"
"2024","민간이전","민간경상보조","국토교통부","에너지및자원사업특별회계","투자계정","교통및물류","물류등기타","물류정책","물류산업지원","전환교통지원사업","전환교통지원사업","4184000","4184000","4180925","100.0","99.9"
"2024","민간이전","민간경상보조","국토교통부","에너지및자원사업특별회계","투자계정","국토및지역개발","지역및도시","건축정책","녹색건축물보급활성화지원","그린리모델링 활성화","에너지성능개선사업","140000","140000","138918","100.0","99.2"
"2024","민간이전","민간경상보조","국토교통부","일반회계"," ","사회복지","기초생활보장","기초주거생활보장","주택정책지원","주거급여지원","주택조사","29850000","29850000","28824716","100.0","96.6"
"2024","민간이전","민간경상보조","국토교통부","일반회계"," ","사회복지","기초생활보장","기초주거생활보장","주택정책지원","주거급여지원","자가개량부대비","4789000","4789000","4789000","100.0","100.0"
"2024","민간이전","민간경상보조","국토교통부","일반회계"," ","사회복지","기초생활보장","기초주거생활보장","주택정책지원","주거급여지원","주거취약계층 주거상향 지원","5000000","2750000","2695012","55.0","98.0"
"2024","민간이전","민간경상보조","국토교통부","일반회계"," ","교통및물류","철도","철도안전및운영","철도정책지원","철도핵심인력양성","국제철도전문가과정","0","0","0","0","0"
"2024","민간이전","민간경상보조","국토교통부","일반회계"," ","교통및물류","철도","철도안전및운영","철도정책지원","철도핵심인력양성","글로벌철도연수과정","1547000","1547000","1457263","100.0","94.2"
"2024","민간이전","민간경상보조","국토교통부","일반회계"," ","교통및물류","철도","철도안전및운영","철도운영지원(일반)","PSO보상","PSO(철도공익서비스) 보상","361240000","361240000","361240000","100.0","100.0"
"2024","민간이전","민간경상보조","국토교통부","일반회계"," ","교통및물류","항공·공항","항공발전지원","항공인력양성","항공전문인력양성","항공전문인력양성","840000","840000","795414","100.0","94.7"
"2024","민간이전","민간경상보조","국토교통부","일반회계"," ","교통및물류","물류등기타","물류정책","물류산업지원","군위탁컨테이너화물자동차관리비","군위탁 컨테이너 화물자동차 관리비","37000","37000","37000","100.0","100.0"
"2024","민간이전","민간경상보조","국토교통부","일반회계"," ","교통및물류","물류등기타","물류정책","물류산업지원","물류산업지원","제3자·스마트·공동물류 전환 컨설팅 지원","439869","439869","439869","100.0","100.0"
"2024","민간이전","민간경상보조","국토교통부","일반회계"," ","교통및물류","물류등기타","물류정책","물류산업지원","물류산업지원","물류기업 해외시장 진출지원","110000","110000","110000","100.0","100.0"
"2024","민간이전","민간경상보조","국토교통부","일반회계"," ","교통및물류","물류등기타","물류정책","물류산업지원","물류산업지원","물류전문인력양성지원","754000","754000","691630","100.0","91.7"
"2024","민간이전","민간경상보조","국토교통부","일반회계"," ","교통및물류","물류등기타","물류정책","물류산업지원","물류산업지원","글로벌물류공급망다변화지원","133000","133000","133000","100.0","100.0"
"2024","민간이전","민간경상보조","국토교통부","일반회계"," ","교통및물류","물류등기타","건설정책 및 기술지원","건설기계임대료체납신고센터운영","건설기계임대료체납신고센터운영","건설기계임대료체납신고센터운영","135000","135000","135000","100.0","100.0"
"2024","민간이전","민간경상보조","국토교통부","일반회계"," ","교통및물류","물류등기타","자동차및교통정책","교통사고예방및피해자보호","교통사고예방지원","한국교통장애인협회지원","300000","300000","299985","100.0","100.0"
"2024","민간이전","민간경상보조","국토교통부","일반회계"," ","국토및지역개발","지역및도시","도시정책","스마트시티 지원","스마트시티 기반구축","스마트시티 혁신인재육성","1200000","1200000","1162926","100.0","96.9"
"2024","민간이전","민간경상보조","국토교통부","일반회계"," ","국토및지역개발","지역및도시","도시정책","스마트시티 지원","스마트시티확산사업","스마트시티 혁신인재육성","0","0","0","0","0"
"2024","민간이전","민간경상보조","국토교통부","일반회계"," ","국토및지역개발","지역및도시","건축정책","도시경관및건축문화품격향상","건축문화진흥","건축설계분야 인재양성","1020000","1020000","1001777","100.0","98.2"
"2024","민간이전","민간경상보조","국토교통부","일반회계"," ","국토및지역개발","지역및도시","건축정책","도시경관및건축문화품격향상","건축문화진흥","한옥전문인력양성","240000","240000","240000","100.0","100.0"
"2024","민간이전","민간경상보조","국토교통부","일반회계"," ","국토및지역개발","지역및도시","건축정책","녹색건축물보급활성화지원","건축물 온실가스 및 에너지절감사업 활성화","온실가스 감축 로드맵 이행","0","0","0","0","0"
"2024","민간이전","민간경상보조","국토교통부","일반회계"," ","국토및지역개발","지역및도시","건축정책","녹색건축물보급활성화지원","제로에너지건축신산업육성","제로에너지건축 확산사업","0","0","0","0","0"
"2024","민간이전","민간경상보조","국토교통부","주택도시기금","주택계정","사회복지","주택","임대주택지원(출자)","임대주택지원","전세·매입임대 경상보조","전세임대경상보조사업 자금지원","119697820","0","0","0.0","0"
"2024","민간이전","민간경상보조","국토교통부","주택도시기금","주택계정","사회복지","주택","임대주택지원(출자)","임대주택지원","노후공공임대주택 리모델링 및 서비스 개선","주거복지사 배치(민간)","3920000","0","0","0.0","0"
"2024","민간이전","민간경상보조","국회","일반회계"," ","일반·지방행정","입법및선거관리","의정활동지원","의회외교","의원외교활동","한일친선협회중앙회 지원","50000","47664","42867","95.3","89.9"
"2024","민간이전","민간경상보조","국회","일반회계"," ","일반·지방행정","입법및선거관리","의정활동지원","의회외교","의회외교관련의원연맹지원","한국아동·인구·환경의원연맹 지원","247000","247000","151943","100.0","61.5"
"2024","민간이전","민간경상보조","국회","일반회계"," ","일반·지방행정","입법및선거관리","의정활동지원","의회외교","의회외교관련의원연맹지원","국회스카우트의원연맹 지원","260000","260000","259898","100.0","100.0"
"2024","민간이전","민간경상보조","국회","일반회계"," ","일반·지방행정","입법및선거관리","의정활동지원","의회외교","의회외교관련의원연맹지원","한일의원연맹 지원","679000","679000","494035","100.0","72.8"
"2024","민간이전","민간경상보조","국회","일반회계"," ","일반·지방행정","입법및선거관리","의정활동지원","의회외교","의회외교관련의원연맹지원","아시아정당국제회의의원연맹 지원","302000","302000","252828","100.0","83.7"
"2024","민간이전","민간경상보조","국회","일반회계"," ","일반·지방행정","입법및선거관리","의정활동지원","의회외교","의회외교관련의원연맹지원","아시아인권의원연맹 지원","224000","224000","211738","100.0","94.5"
"2024","민간이전","민간경상보조","국회","일반회계"," ","일반·지방행정","입법및선거관리","의정활동지원","의회외교","의회외교관련의원연맹지원","한중의원연맹 지원","603000","544328","274711","90.3","50.5"
"2024","민간이전","민간경상보조","국회","일반회계"," ","일반·지방행정","입법및선거관리","의정활동지원","의회외교","의회외교관련의원연맹지원","한미의원연맹 지원","750000","0","0","0.0","0"
"2024","민간이전","민간경상보조","국회","일반회계"," ","일반·지방행정","입법및선거관리","의정활동지원","국회활동관련단체지원","헌정회지원","대한민국헌정회 지원(단체지원금 및 연로회원지원금)","5733000","5461080","5421200","95.3","99.3"
"2024","민간이전","민간경상보조","국회","일반회계"," ","일반·지방행정","입법및선거관리","의정활동지원","국회활동관련단체지원","입법정책네트워크단체지원","한국의회발전연구회 지원","79000","79000","78863","100.0","99.8"
"2024","민간이전","민간경상보조","국회","일반회계"," ","일반·지방행정","입법및선거관리","의정활동지원","국회활동관련단체지원","입법정책네트워크단체지원","한국의정연구회 지원","219000","179810","171992","82.1","95.7"
"2024","민간이전","민간경상보조","국회","일반회계"," ","일반·지방행정","입법및선거관리","의정활동지원","국회활동관련단체지원","입법정책네트워크단체지원","한국여성의정 지원","902000","853550","838944","94.6","98.3"
"2024","민간이전","민간경상보조","국회","일반회계"," ","일반·지방행정","입법및선거관리","의정활동지원","국회활동관련단체지원","입법정책네트워크단체지원","국회국제보건의료포럼 지원","198000","198000","188887","100.0","95.4"
"2024","민간이전","민간경상보조","국회","일반회계"," ","일반·지방행정","입법및선거관리","의정활동지원","국회활동관련단체지원","입법정책네트워크단체지원","민주화추진협의회 지원","86000","86000","86000","100.0","100.0"
"2024","민간이전","민간경상보조","국회","일반회계"," ","일반·지방행정","입법및선거관리","의정활동지원","국회활동관련단체지원","입법정책네트워크단체지원","국회의원태권도연맹 지원","103000","103000","102987","100.0","100.0"
"2024","민간이전","민간경상보조","국회","일반회계"," ","일반·지방행정","입법및선거관리","의정활동지원","국회활동관련단체지원","입법정책네트워크단체지원","백봉정치문화교육연구원","9000","9000","9000","100.0","100.0"
"2024","민간이전","민간경상보조","금융위원회","일반회계"," ","일반·지방행정","재정·금융","금융정책","핀테크 지원 사업","핀테크 지원 사업","핀테크 지원 사업(핀테크 일반)","11953000","11953000","11787763","100.0","98.6"
"2024","민간이전","민간경상보조","금융위원회","일반회계"," ","일반·지방행정","재정·금융","금융산업글로벌화","금융관련국제협력","금융관련 국제협력 및 금융중심지추진","금융중심지지원센터 운영지원","327000","327000","282574","100.0","86.4"
"2024","민간이전","민간경상보조","금융위원회","일반회계"," ","일반·지방행정","재정·금융","금융소비자보호","채무자대리인 선임 지원","채무자대리인 선임 지원","채무자대리인 선임 지원","1255000","627500","571264","50.0","91.0"
"2024","민간이전","민간경상보조","기획재정부","기후대응기금"," ","환경","자원순환및환경경제","저탄소생태계조성","유망기업인력육성","녹색혁신기업성장지원","녹색혁신기업성장지원","11250000","11250000","9064710","100.0","80.6"
"2024","민간이전","민간경상보조","기획재정부","기후대응기금"," ","환경","자원순환및환경경제","저탄소생태계조성","유망기업인력육성","녹색융합기술인재양성","환경분야 특성화고 인력양성","1050000","735000","116519","70.0","15.9"
"2024","민간이전","민간경상보조","기획재정부","기후대응기금"," ","환경","자원순환및환경경제","저탄소생태계조성","유망기업인력육성","녹색융합기술인재양성","기후변화 특성화대학원","1500000","1500000","1424365","100.0","95.0"
"2024","민간이전","민간경상보조","기획재정부","기후대응기금"," ","환경","자원순환및환경경제","저탄소생태계조성","유망기업인력육성","녹색융합기술인재양성","지식기반환경서비스 특성화대학원","1750000","1750000","1673373","100.0","95.6"
"2024","민간이전","민간경상보조","기획재정부","기후대응기금"," ","환경","자원순환및환경경제","저탄소생태계조성","유망기업인력육성","녹색융합기술인재양성","폐자원에너지특성화대학원 및 환경에너지대학원","1958000","1958000","1907953","100.0","97.4"
"2024","민간이전","민간경상보조","기획재정부","기후대응기금"," ","환경","자원순환및환경경제","저탄소생태계조성","유망기업인력육성","녹색융합기술인재양성","화학물질 안전관리 특성화대학원","2800000","2800000","2785989","100.0","99.5"
"2024","민간이전","민간경상보조","기획재정부","기후대응기금"," ","환경","자원순환및환경경제","저탄소생태계조성","유망기업인력육성","녹색융합기술인재양성","미세먼지관리 특성화대학원","3580000","3580000","3470280","100.0","96.9"
"2024","민간이전","민간경상보조","기획재정부","기후대응기금"," ","환경","자원순환및환경경제","저탄소생태계조성","유망기업인력육성","녹색융합기술인재양성","통합환경관리 특성화대학원","1850000","1850000","1818973","100.0","98.3"
"2024","민간이전","민간경상보조","기획재정부","기후대응기금"," ","환경","자원순환및환경경제","저탄소생태계조성","유망기업인력육성","녹색융합기술인재양성","녹색융합기술 특성화대학원(탈플라스틱, 생물소재, 녹색복원, 녹색금융, 탄소중립)","12929000","12444000","11606761","96.2","93.3"
"2024","민간이전","민간경상보조","기획재정부","기후대응기금"," ","환경","자원순환및환경경제","저탄소생태계조성","유망기업인력육성","녹색융합기술인재양성","야생동물 질병관리 특성화대학원","1050000","1050000","1044246","100.0","99.5"
"2024","민간이전","민간경상보조","기획재정부","기후대응기금"," ","환경","자원순환및환경경제","저탄소생태계조성","유망기업인력육성","녹색융합기술인재양성","통합물관리 특성화대학원","700000","700000","667422","100.0","95.3"
"2024","민간이전","민간경상보조","기획재정부","기후대응기금"," ","환경","자원순환및환경경제","탄소중립기반구축","제도운영","친환경경제사회기반구축","녹색기반 구축(환경신기술 인증)","470000","470000","470000","100.0","100.0"
"2024","민간이전","민간경상보조","기획재정부","기후대응기금"," ","환경","기후대기및환경안전","공정한전환","지역공정전환","기후변화적응 및 국민실천","온실가스 줄이기 및 저탄소 생활실천 민간단체 지원","0","0","0","0","0"
"2024","민간이전","민간경상보조","기획재정부","기후대응기금"," ","환경","기후대기및환경안전","공정한전환","지역공정전환","기후변화적응 및 국민실천","미래세대 기후행동 모바일앱 고도화 및 운영사업","0","0","0","0","0"
"2024","민간이전","민간경상보조","기획재정부","기후대응기금"," ","환경","기후대기및환경안전","공정한전환","지역공정전환","기후변화적응 및 국민실천","기업 및 시민단체 등 연계 탄소중립 실천 사업 발굴 운영 및 확산","0","0","0","0","0"
"2024","민간이전","민간경상보조","기획재정부","기후대응기금"," ","사회복지","고용","공정한전환","산업·일자리전환","산업·일자리전환지원인프라","산업?일자리전환지원센터","5893000","5893000","5783447","100.0","98.1"
"2024","민간이전","민간경상보조","기획재정부","기후대응기금"," ","농림수산","농업·농촌","탄소중립기반구축","제도운영","온실가스관리인프라구축","배출권거래제 할당대상업체 지원사업","242000","234000","206554","96.7","88.3"
"2024","민간이전","민간경상보조","기획재정부","기후대응기금"," ","농림수산","임업·산촌","온실가스감축","탄소흡수원조성","REDD+ 국제감축사업","민간 REDD+ 사업 타당성 조서 지원","140000","138798","102963","99.1","74.2"
"2024","민간이전","민간경상보조","기획재정부","기후대응기금"," ","농림수산","임업·산촌","저탄소생태계조성","유망기업인력육성","산림특성화대학원지원을통한인재양성","산림특성화대학원 지원을 통한 인재양성","450000","450000","449464","100.0","99.9"
"2024","민간이전","민간경상보조","기획재정부","기후대응기금"," ","산업·중소기업및에너지","에너지및자원개발","온실가스감축","산업저탄소화","생태산업개발을통한미세먼지및온실가스감축","생태산업개발을통한미세먼지및온실가스감축(범용기술사업화지원, 운영및평가관리비)","4350000","4350000","4347335","100.0","99.9"
"2024","민간이전","민간경상보조","기획재정부","기후대응기금"," ","산업·중소기업및에너지","에너지및자원개발","온실가스감축","산업저탄소화","기후변화협약대응","업종별 온실가스 감축기술 발굴?공유?확산","620000","620000","600051","100.0","96.8"
"2024","민간이전","민간경상보조","기획재정부","기후대응기금"," ","산업·중소기업및에너지","에너지및자원개발","온실가스감축","산업저탄소화","기후변화협약대응","산업계 감축 인프라 지원","6520000","6520000","6307432","100.0","96.7"
"2024","민간이전","민간경상보조","기획재정부","기후대응기금"," ","산업·중소기업및에너지","에너지및자원개발","공정한전환","지역공정전환","지역에너지센터 지원","지역에너지센터 지원(민간경상)","0","0","0","0","0"
"2024","민간이전","민간경상보조","기획재정부","기후대응기금"," ","산업·중소기업및에너지","에너지및자원개발","공정한전환","산업·일자리전환","저소득층에너지효율개선","저소득층에너지효율개선","108333000","108333000","106787670","100.0","98.6"
"2024","민간이전","민간경상보조","기획재정부","기후대응기금"," ","산업·중소기업및에너지","에너지및자원개발","탄소중립기반구축","제도운영","온실가스감축제도운영","배출권거래제 감축설비 도입 사후관리","850000","850000","775448","100.0","91.2"
"2024","민간이전","민간경상보조","기획재정부","기후대응기금"," ","산업·중소기업및에너지","에너지및자원개발","탄소중립기반구축","제도운영","온실가스감축제도운영","배출권거래제 외부사업 운영","0","0","0","0","0"
"2024","민간이전","민간경상보조","기획재정부","기후대응기금"," ","산업·중소기업및에너지","에너지및자원개발","탄소중립기반구축","제도운영","청정수소인증기반구축사업","청정수소 예비시범 인증사업","1725000","1725000","1709150","100.0","99.1"
"2024","민간이전","민간경상보조","기획재정부","기후대응기금"," ","산업·중소기업및에너지","에너지및자원개발","탄소중립기반구축","제도운영","청정수소인증기반구축사업","청정수소 인증역량 강화사업","550000","550000","538480","100.0","97.9"
"2024","민간이전","민간경상보조","기획재정부","기후대응기금"," ","산업·중소기업및에너지","산업혁신지원","온실가스감축","산업저탄소화","탄소중립선도플랜트구축지원","탄소중립 선도플랜트 구축 지원(운영비)","300000","300000","300000","100.0","100.0"
"2024","민간이전","민간경상보조","기획재정부","기후대응기금"," ","산업·중소기업및에너지","산업혁신지원","공정한전환","산업·일자리전환","사업재편지원기반구축","산업금융협업통계시스템구축운영","367000","367000","364554","100.0","99.3"
"2024","민간이전","민간경상보조","기획재정부","기후대응기금"," ","산업·중소기업및에너지","창업및벤처","저탄소생태계조성","유망기업인력육성","그린창업생태계기반구축","그린스타트업 타운 조성(민간경상)","505000","404000","317805","80.0","78.7"
"2024","민간이전","민간경상보조","기획재정부","기후대응기금"," ","산업·중소기업및에너지","중소기업및소상공인육성","온실가스감축","산업저탄소화","중소기업탄소중립전환지원","중소기업 탄소중립 전환지원","13755000","13755000","13440304","100.0","97.7"
"2024","민간이전","민간경상보조","기획재정부","기후대응기금"," ","산업·중소기업및에너지","중소기업및소상공인육성","탄소중립기반구축","제도운영","중소기업 CBAM대응 인프라구축사업","중소기업 CBAM대응 인프라구축사업","2410000","2410000","2399730","100.0","99.6"
"2024","민간이전","민간경상보조","기획재정부","기후대응기금"," ","국토및지역개발","지역및도시","온실가스감축","도시국토저탄소화","공공건축물그린리모델링","공공건축물 그린리모델링","127502905","127502905","88528709","100.0","69.4"
"2024","민간이전","민간경상보조","기획재정부","기후대응기금"," ","국토및지역개발","지역및도시","온실가스감축","도시국토저탄소화","제로에너지건축 신산업육성","제로에너지건축 확산사업","3745000","3745000","3496423","100.0","93.4"
"2024","민간이전","민간경상보조","기획재정부","기후대응기금"," ","국토및지역개발","지역및도시","탄소중립기반구축","제도운영","목표관리제(건축물)","목표관리제(건축물)","951000","951000","929254","100.0","97.7"
"2024","민간이전","민간경상보조","기획재정부","복권기금"," ","사회복지","취약계층지원","복권기금운영(취약계층지원)","아동복지시설 아동치료, 재활지원사업","아동복지시설 아동치료, 재활지원사업","아동복지시설 아동치료, 재활지원 사업","2015000","2015000","2005431","100.0","99.5"
"2024","민간이전","민간경상보조","기획재정부","복권기금"," ","사회복지","취약계층지원","복권기금운영(취약계층지원)","재난적 의료비 지원","재난적 의료비 지원사업","재난적 의료비 지원","85769000","85769000","85767684","100.0","100.0"
"2024","민간이전","민간경상보조","기획재정부","복권기금"," ","사회복지","보훈","복권기금운영(보훈복지법정지원)","한국보훈복지의료공단지원","한국보훈복지의료공단지원","한국보훈복지의료공단지원(경상)","25248000","25248000","25248000","100.0","100.0"
"2024","민간이전","민간경상보조","기획재정부","복권기금"," ","사회복지","사회복지일반","복권기금운영(사회복지법정지원)","사회복지공동모금회지원","사회복지공동모금회지원","사회복지공동모금회지원","41697000","41697000","40666276","100.0","97.5"
"2024","민간이전","민간경상보조","기획재정부","복권기금"," ","농림수산","임업·산촌","복권기금운영(산림환경법정지원)","산림환경기능증진자금지원","산림환경기능증진자금지원","산림환경기능증진자금지원(경상)","33313000","33313000","32958647","100.0","98.9"
"2024","민간이전","민간경상보조","기획재정부","일반회계"," ","일반·지방행정","재정·금융","경제정책","소비자물가관리","소비자물가관리","소비자물가관리","771000","717911","690385","93.1","96.2"
"2024","민간이전","민간경상보조","기획재정부","일반회계"," ","일반·지방행정","재정·금융","국제금융","국제금융센터보조","국제금융센터보조","국제금융센터보조","2000000","2000000","1997688","100.0","99.9"
"2024","민간이전","민간경상보조","기획재정부","일반회계"," ","일반·지방행정","재정·금융","경제협력","경제협력강화지원","통상연계형경협사업","한-인니 통상연계 경제협력2","78750","78750","78750","100.0","100.0"
"2024","민간이전","민간경상보조","기획재정부","일반회계"," ","일반·지방행정","재정·금융","경제협력","경제협력강화지원","통상연계형경협사업","인니 무역역량강화 로드맵 2차 수립","249000","249000","244282","100.0","98.1"
"2024","민간이전","민간경상보조","기획재정부","일반회계"," ","일반·지방행정","재정·금융","경제협력","경제협력강화지원","통상연계형경협사업","인니 건설분야 역량강화","250000","250000","247766","100.0","99.1"
"2024","민간이전","민간경상보조","기획재정부","일반회계"," ","일반·지방행정","재정·금융","경제협력","경제협력강화지원","대외경제정보 통합 플랫폼 구축(정보화)","대외경제정보 통합 플랫폼 구축(정보화)","1418300","1418300","1411430","100.0","99.5"
"2024","민간이전","민간경상보조","농림축산식품부","고등·평생교육지원특별회계"," ","농림수산","농업·농촌","농업인력육성및창업지원","농업인교육지원","영농아카데미","영농창업특성화대학","5683000","5683000","5682969","100.0","100.0"
"2024","민간이전","민간경상보조","농림축산식품부","고등·평생교육지원특별회계"," ","농림수산","농업·농촌","농업인력육성및창업지원","농업인교육지원","영농아카데미","농업계대학지원","2389000","2389000","2388784","100.0","100.0"
"2024","민간이전","민간경상보조","농림축산식품부","농산물가격안정기금"," ","농림수산","농업·농촌","농산물수급안정및유통효율화","농산물가격안정및수급조절(농안기금)","비축지원","비축사업관리비","25791000","25791000","25754960","100.0","99.9"
"2024","민간이전","민간경상보조","농림축산식품부","농산물가격안정기금"," ","농림수산","농업·농촌","농산물수급안정및유통효율화","농산물가격안정및수급조절(농안기금)","농산물유통소비정보조사","수급정보조사 등","4262000","4262000","4222961","100.0","99.1"
"2024","민간이전","민간경상보조","농림축산식품부","농산물가격안정기금"," ","농림수산","농업·농촌","농산물수급안정및유통효율화","농산물가격안정및수급조절(농안기금)","자조금지원","자조금지원(단체)","13090000","13090000","12907232","100.0","98.6"
"2024","민간이전","민간경상보조","농림축산식품부","농산물가격안정기금"," ","농림수산","농업·농촌","농산물수급안정및유통효율화","농산물가격안정및수급조절(농안기금)","자조금지원","자조금지원(행정경비)","20000","20000","19198","100.0","96.0"
"2024","민간이전","민간경상보조","농림축산식품부","농산물가격안정기금"," ","농림수산","농업·농촌","농산물수급안정및유통효율화","농산물가격안정및수급조절(농안기금)","농산물생산유통조절지원","채소가격안정지원","55190000","5879914","5821507","10.7","99.0"
"2024","민간이전","민간경상보조","농림축산식품부","농산물가격안정기금"," ","농림수산","농업·농촌","농산물수급안정및유통효율화","농산물가격안정및수급조절(농안기금)","농산물생산유통조절지원","유통협약명령","400000","210000","210000","52.5","100.0"
"2024","민간이전","민간경상보조","농림축산식품부","농산물가격안정기금"," ","농림수산","농업·농촌","농산물수급안정및유통효율화","농산물유통개선(농안기금)","도매유통활성화지원","도매유통활성화지원","1149000","1149000","1146788","100.0","99.8"
"2024","민간이전","민간경상보조","농림축산식품부","농산물가격안정기금"," ","농림수산","농업·농촌","농산물수급안정및유통효율화","농산물유통개선(농안기금)","농산물산지유통활성화","농산물산지유통센터지원(행정경비)","450000","450000","445845","100.0","99.1"
"2024","민간이전","민간경상보조","농림축산식품부","농산물가격안정기금"," ","농림수산","농업·농촌","농산물수급안정및유통효율화","농산물유통개선(농안기금)","농산물산지유통활성화","저온유통체계구축(산지저온시설 및 저온수송차량)","15000","15000","11355","100.0","75.7"
"2024","민간이전","민간경상보조","농림축산식품부","농산물가격안정기금"," ","농림수산","농업·농촌","농산물수급안정및유통효율화","농산물유통개선(농안기금)","농산물산지유통활성화","식품소재및반가공산업육성(행정경비)","30000","30000","29468","100.0","98.2"
"2024","민간이전","민간경상보조","농림축산식품부","농산물가격안정기금"," ","농림수산","농업·농촌","농산물수급안정및유통효율화","농산물유통개선(농안기금)","농산물산지유통활성화","인삼특용작물유통시설지원(인삼검사소현대화-경상)","450000","450000","450000","100.0","100.0"
"2024","민간이전","민간경상보조","농림축산식품부","농산물가격안정기금"," ","농림수산","농업·농촌","농산물수급안정및유통효율화","농산물유통개선(농안기금)","농산물산지유통활성화","저온유통체계구축(화훼류습식유통)","70000","70000","70000","100.0","100.0"
"2024","민간이전","민간경상보조","농림축산식품부","농산물가격안정기금"," ","농림수산","농업·농촌","농산물수급안정및유통효율화","농산물유통개선(농안기금)","농산물산지유통활성화","농산물산지유통센터지원(APC지원시스템 구축)","2936000","2936000","2757880","100.0","93.9"
"2024","민간이전","민간경상보조","농림축산식품부","농산물가격안정기금"," ","농림수산","농업·농촌","농산물수급안정및유통효율화","농산물유통개선(농안기금)","농산물산지유통활성화","산지조직지원(행정경비)","100000","100000","97212","100.0","97.2"
"2024","민간이전","민간경상보조","농림축산식품부","농산물가격안정기금"," ","농림수산","농업·농촌","농산물수급안정및유통효율화","농산물유통개선(농안기금)","농산물산지유통활성화","산지조직지원(생산유통 통합조직)","805000","805000","800219","100.0","99.4"
"2024","민간이전","민간경상보조","농림축산식품부","농산물가격안정기금"," ","농림수산","농업·농촌","농산물수급안정및유통효율화","농산물유통개선(농안기금)","농산물온라인거래활성화","농산물온라인거래활성화 ","10434000","10434000","10433741","100.0","100.0"
"2024","민간이전","민간경상보조","농림축산식품부","농산물가격안정기금"," ","농림수산","농업·농촌","농산물수급안정및유통효율화","농산물유통개선(농안기금)","화훼산업진흥지역육성(시범)","화훼산업진흥지역육성(시범)","2000","2000","2000","100.0","100.0"
"2024","민간이전","민간경상보조","농림축산식품부","농산물가격안정기금"," ","농림수산","농업·농촌","농산물수급안정및유통효율화","소비지유통활성화","농산물직거래활성화지원","농산물 직거래장터 운영","1350000","1350000","1315162","100.0","97.4"
"2024","민간이전","민간경상보조","농림축산식품부","농산물가격안정기금"," ","농림수산","농업·농촌","농산물수급안정및유통효율화","소비지유통활성화","농산물직거래활성화지원","농산물 직거래활성화지원","550000","550000","525062","100.0","95.5"
"2024","민간이전","민간경상보조","농림축산식품부","농산물가격안정기금"," ","농림수산","농업·농촌","농산물수급안정및유통효율화","소비지유통활성화","농산물직거래활성화지원","농식품거래소 지원","2350000","2350000","2314043","100.0","98.5"
"2024","민간이전","민간경상보조","농림축산식품부","농산물가격안정기금"," ","농림수산","농업·농촌","농산물수급안정및유통효율화","소비지유통활성화","농산물직거래활성화지원","농산물 신유통경로확산 지원","1751000","1751000","1738727","100.0","99.3"
"2024","민간이전","민간경상보조","농림축산식품부","농산물가격안정기금"," ","농림수산","농업·농촌","농산물수급안정및유통효율화","소비지유통활성화","농산물직거래활성화지원","꾸러미사업지원","200000","200000","181453","100.0","90.7"
"2024","민간이전","민간경상보조","농림축산식품부","농산물가격안정기금"," ","농림수산","농업·농촌","종자관리","종자수급조절","종자수매.공급","종자 구입비 지원","1920000","1407326","1407326","73.3","100.0"
"2024","민간이전","민간경상보조","농림축산식품부","농산물가격안정기금"," ","농림수산","농업·농촌","농림축산식품행정지원","기금운영비(농안기금)","유통개선사업 운영","유통개선운영","55978000","55945000","55869627","99.9","99.9"
"2024","민간이전","민간경상보조","농림축산식품부","농어촌구조개선특별회계","구조개선사업계정","농림수산","농업·농촌","농가경영안정","농업정책보험(구조계정)","농업재해보험","농작물재해보험 보험료 지원","625387439","595700395","595700395","95.3","100.0"
"2024","민간이전","민간경상보조","농림축산식품부","농어촌구조개선특별회계","구조개선사업계정","농림수산","농업·농촌","농가경영안정","농업정책보험(구조계정)","농업재해보험","가축재해보험 보험료지원","107685510","107685510","107413726","100.0","99.7"
"2024","민간이전","민간경상보조","농림축산식품부","농어촌구조개선특별회계","구조개선사업계정","농림수산","농업·농촌","농가경영안정","농업정책보험(구조계정)","농업재해보험","농업수입보장보험","6910017","6910017","6896840","100.0","99.8"
"2024","민간이전","민간경상보조","농림축산식품부","농어촌구조개선특별회계","구조개선사업계정","농림수산","농업·농촌","농가경영안정","농업정책보험(구조계정)","농업재해보험","가축질병치료보험","1595890","1595890","1595690","100.0","100.0"
"2024","민간이전","민간경상보조","농림축산식품부","농어촌구조개선특별회계","구조개선사업계정","농림수산","농업·농촌","농가경영안정","농업정책보험(구조계정)","농작물재해보험운영비지원","농작물재해보험운영비지원","98811000","98811000","98811000","100.0","100.0"
"2024","민간이전","민간경상보조","농림축산식품부","농어촌구조개선특별회계","구조개선사업계정","농림수산","농업·농촌","농가경영안정","정책금융보험관리","농업정책보험금융원 기관운영비 지원","농업정책보험금융원기관운영비지원","7951000","7951000","7785437","100.0","97.9"
"2024","민간이전","민간경상보조","농림축산식품부","농어촌구조개선특별회계","구조개선사업계정","농림수산","농업·농촌","농가경영안정","농업기계장비","농기계임대","국제농기계박람회","400000","400000","400000","100.0","100.0"
"2024","민간이전","민간경상보조","농림축산식품부","농어촌구조개선특별회계","구조개선사업계정","농림수산","농업·농촌","농업인력육성및창업지원","농식품창업지원","농식품벤처창업활성화지원","농식품벤처창업활성화지원","22612000","22612000","22270110","100.0","98.5"
"2024","민간이전","민간경상보조","농림축산식품부","농어촌구조개선특별회계","구조개선사업계정","농림수산","농업·농촌","농업인력육성및창업지원","농식품창업지원","농식품벤처창업활성화지원","민간투자기반 스케일업 지원","7500000","7500000","7456060","100.0","99.4"
"2024","민간이전","민간경상보조","농림축산식품부","농어촌구조개선특별회계","구조개선사업계정","농림수산","농업·농촌","양곡관리","식량생산유통지원","전략작물산업화","제품화 패키지 지원","8380000","8380000","8314674","100.0","99.2"
"2024","민간이전","민간경상보조","농림축산식품부","농어촌구조개선특별회계","구조개선사업계정","농림수산","농업·농촌","양곡관리","식량생산유통지원","전략작물산업화","교육컨설팅(사업운영비)","250000","250000","249083","100.0","99.6"
"2024","민간이전","민간경상보조","농림축산식품부","농어촌구조개선특별회계","구조개선사업계정","농림수산","농업·농촌","양곡관리","식량생산유통지원","전략작물산업화","전략작물가공확대 지원","3200000","1600000","1598106","50.0","99.9"
"2024","민간이전","민간경상보조","농림축산식품부","농어촌구조개선특별회계","구조개선사업계정","농림수산","농업·농촌","양곡관리","식량생산유통지원","전략작물산업화","식량작물선도경영체육성","1825000","1825000","1758237","100.0","96.3"
"2024","민간이전","민간경상보조","농림축산식품부","농어촌구조개선특별회계","구조개선사업계정","농림수산","농업·농촌","양곡관리","식량생산유통지원","고품질쌀유통활성화","RPC 쌀산업기여도 평가","405000","405000","404988","100.0","100.0"
"2024","민간이전","민간경상보조","농림축산식품부","농어촌구조개선특별회계","구조개선사업계정","농림수산","농업·농촌","농업신산업육성","스마트농업육성","노지스마트농업 시범사업","데이터 수집·활용","420000","420000","380014","100.0","90.5"
"2024","민간이전","민간경상보조","농림축산식품부","농어촌구조개선특별회계","구조개선사업계정","농림수산","농업·농촌","농업신산업육성","스마트농업육성","스마트팜ICT기자재국가표준확산지원","스마트팜 ICT기자재 국가표준 확산지원","3815000","3815000","3631977","100.0","95.2"
"2024","민간이전","민간경상보조","농림축산식품부","농어촌구조개선특별회계","구조개선사업계정","농림수산","농업·농촌","농업신산업육성","스마트농업육성","스마트팜 청년창업 보육센터","보육운영비(스마트팜 청년창업 보육센터)","8000000","8000000","8891297","100.0","111.1"
"2024","민간이전","민간경상보조","농림축산식품부","농어촌구조개선특별회계","구조개선사업계정","농림수산","농업·농촌","농업신산업육성","스마트농업육성","스마트팜 실증단지","실증기업 지원","2000000","2000000","1999996","100.0","100.0"
"2024","민간이전","민간경상보조","농림축산식품부","농어촌구조개선특별회계","구조개선사업계정","농림수산","농업·농촌","농업신산업육성","스마트농업육성","데이터기반스마트농업확산지원","스마트농업 서비스 솔루션 지원","5935000","5935000","5930285","100.0","99.9"
"2024","민간이전","민간경상보조","농림축산식품부","농어촌구조개선특별회계","구조개선사업계정","농림수산","농업·농촌","농업신산업육성","스마트농업육성","데이터기반스마트농업확산지원","성과 관리 및 확산","300000","300000","294306","100.0","98.1"
"2024","민간이전","민간경상보조","농림축산식품부","농어촌구조개선특별회계","구조개선사업계정","농림수산","농업·농촌","농업신산업육성","스마트농업육성","ICT융복합및농림행정통계체계구축","농식품ICT융복합촉진","2568000","2568000","2479500","100.0","96.6"
"2024","민간이전","민간경상보조","농림축산식품부","농어촌구조개선특별회계","구조개선사업계정","농림수산","농업·농촌","농업신산업육성","스마트농업육성","ICT융복합및농림행정통계체계구축","데이터기반스마트농업생태계조성지원","1494000","1494000","1453333","100.0","97.3"
"2024","민간이전","민간경상보조","농림축산식품부","농어촌구조개선특별회계","구조개선사업계정","농림수산","농업·농촌","농업신산업육성","스마트농업육성","ICT융복합및농림행정통계체계구축","농림통계행정체계구축","3810000","3810000","3791302","100.0","99.5"
"2024","민간이전","민간경상보조","농림축산식품부","농어촌구조개선특별회계","구조개선사업계정","농림수산","농업·농촌","농업신산업육성","농업온실가스감축및기후변화대응","저탄소농림축산식품기반구축","저탄소 농축산물 인증제(농산물 인증)","1747000","1747000","1722895","100.0","98.6"
"2024","민간이전","민간경상보조","농림축산식품부","농어촌구조개선특별회계","구조개선사업계정","농림수산","농업·농촌","농업신산업육성","농업온실가스감축및기후변화대응","저탄소농림축산식품기반구축","농업농촌 자발적 온실가스 감축사업","819000","819000","815017","100.0","99.5"
"2024","민간이전","민간경상보조","농림축산식품부","농어촌구조개선특별회계","구조개선사업계정","농림수산","농업·농촌","농업신산업육성","농업온실가스감축및기후변화대응","저탄소농림축산식품기반구축","저탄소 농축산물 인증제(축산물 인증)","885000","885000","877344","100.0","99.1"
"2024","민간이전","민간경상보조","농림축산식품부","농어촌구조개선특별회계","구조개선사업계정","농림수산","농업·농촌","농업신산업육성","농업온실가스감축및기후변화대응","기후변화실태조사","기후변화실태조사","1583000","1583000","1553927","100.0","98.2"
"2024","민간이전","민간경상보조","농림축산식품부","농어촌구조개선특별회계","구조개선사업계정","농림수산","농업·농촌","농업신산업육성","농업온실가스감축및기후변화대응","농촌재생에너지보급지원","농촌재생에너지 통계구축","50000","50000","49934","100.0","99.9"
"2024","민간이전","민간경상보조","농림축산식품부","농어촌구조개선특별회계","구조개선사업계정","농림수산","농업·농촌","농업신산업육성","농업온실가스감축및기후변화대응","농촌재생에너지보급지원","농업농촌 RE100 실증지원(컨설팅)","200000","200000","200000","100.0","100.0"
"2024","민간이전","민간경상보조","농림축산식품부","농어촌구조개선특별회계","구조개선사업계정","농림수산","농업·농촌","농업신산업육성","농생명자원사업육성","도시농업활성화","도시농업박람회 및 도시농업 정책홍보 지원","0","0","0","0","0"
"2024","민간이전","민간경상보조","농림축산식품부","농어촌구조개선특별회계","구조개선사업계정","농림수산","농업·농촌","농업신산업육성","농생명자원사업육성","도시농업활성화","도시농업 교육인력양성 지원","774000","774000","772386","100.0","99.8"
"2024","민간이전","민간경상보조","농림축산식품부","농어촌구조개선특별회계","구조개선사업계정","농림수산","농업·농촌","농업신산업육성","농생명자원사업육성","도시농업활성화","도시농업 종합정보시스템 구축운영","248000","248000","244300","100.0","98.5"
"2024","민간이전","민간경상보조","농림축산식품부","농어촌구조개선특별회계","구조개선사업계정","농림수산","농업·농촌","농업신산업육성","농기자재산업육성","농산업수출활성화","스마트팜 패키지 지원","2843000","2843000","2811985","100.0","98.9"
"2024","민간이전","민간경상보조","농림축산식품부","농어촌구조개선특별회계","구조개선사업계정","농림수산","농업·농촌","농업신산업육성","농기자재산업육성","농산업수출활성화","농기자재 수출기업 육성","1050000","1050000","1049099","100.0","99.9"
"2024","민간이전","민간경상보조","농림축산식품부","농어촌구조개선특별회계","구조개선사업계정","농림수산","농업·농촌","농업신산업육성","농기자재산업육성","농산업수출활성화","농산업 판로개척 및 정보지원","2138000","2138000","2137988","100.0","100.0"
"2024","민간이전","민간경상보조","농림축산식품부","농어촌구조개선특별회계","구조개선사업계정","농림수산","농업·농촌","농업신산업육성","친환경농자재","친환경농자재지원","친환경 비료 교육홍보 지원","0","0","0","0","0"
"2024","민간이전","민간경상보조","농림축산식품부","농어촌구조개선특별회계","구조개선사업계정","농림수산","농업·농촌","농업신산업육성","친환경농자재","친환경농자재지원","비료품질관리시스템","0","0","0","0","0"
"2024","민간이전","민간경상보조","농림축산식품부","농어촌구조개선특별회계","구조개선사업계정","농림수산","농업·농촌","농업신산업육성","친환경농자재","곤충미생물산업육성지원","생명자원정보서비스","600000","600000","598247","100.0","99.7"
"2024","민간이전","민간경상보조","농림축산식품부","농어촌구조개선특별회계","구조개선사업계정","농림수산","농업·농촌","농업신산업육성","친환경농자재","곤충미생물산업육성지원","곤충유통활성화(곤충산업홍보지원)","545000","545000","543979","100.0","99.8"
"2024","민간이전","민간경상보조","농림축산식품부","농어촌구조개선특별회계","구조개선사업계정","농림수산","농업·농촌","농업신산업육성","친환경농자재","곤충미생물산업육성지원","그린바이오 산업 생태계 조성","300000","300000","295165","100.0","98.4"
"2024","민간이전","민간경상보조","농림축산식품부","농어촌구조개선특별회계","구조개선사업계정","농림수산","농업·농촌","농업신산업육성","친환경농자재","곤충미생물산업육성지원","그린바이오 제품 상용화 지원","975000","975000","967636","100.0","99.2"
"2024","민간이전","민간경상보조","농림축산식품부","농어촌구조개선특별회계","구조개선사업계정","농림수산","농업·농촌","농업신산업육성","친환경농자재","곤충미생물산업육성지원","그린바이오 소재 유통 플랫폼","200000","200000","199763","100.0","99.9"
"2024","민간이전","민간경상보조","농림축산식품부","농어촌구조개선특별회계","구조개선사업계정","농림수산","농업·농촌","농산물수급안정및유통효율화","농산물가격안정및수급조절(농특)","농업관측","농산물소비실태조사","1600000","1600000","1599875","100.0","100.0"
"2024","민간이전","민간경상보조","농림축산식품부","농어촌구조개선특별회계","구조개선사업계정","농림수산","농업·농촌","농산물수급안정및유통효율화","농산물유통개선(농특)","밭작물산업육성","밭작물공동경영체 육성지원(행정경비)","180000","180000","170080","100.0","94.5"
"2024","민간이전","민간경상보조","농림축산식품부","농어촌구조개선특별회계","구조개선사업계정","농림수산","농업·농촌","농산물수급안정및유통효율화","농산물유통개선(농특)","밭작물산업육성","밭작물 주산지 수급 거버넌스 운영(행정경비)","17000","17000","16800","100.0","98.8"
"2024","민간이전","민간경상보조","농림축산식품부","농어촌구조개선특별회계","구조개선사업계정","농림수산","농업·농촌","농산물수급안정및유통효율화","농산물유통개선(농특)","농산물 공동출하확대 지원","물류기기공동이용지원사업","12204000","12204000","12201009","100.0","100.0"
"2024","민간이전","민간경상보조","농림축산식품부","농어촌구조개선특별회계","구조개선사업계정","농림수산","농업·농촌","농산물수급안정및유통효율화","농산물유통개선(농특)","농산물 공동출하확대 지원","공동선별비지원(광역)","4995000","4995000","4848537","100.0","97.1"
"2024","민간이전","민간경상보조","농림축산식품부","농어촌구조개선특별회계","구조개선사업계정","농림수산","농업·농촌","농산물수급안정및유통효율화","농산물유통개선(농특)","농산물 공동출하확대 지원","공동선별비지원(행정경비)","100000","100000","88016","100.0","88.0"
"2024","민간이전","민간경상보조","농림축산식품부","농어촌구조개선특별회계","구조개선사업계정","농림수산","농업·농촌","농산물수급안정및유통효율화","농산물유통개선(농특)","농산물 공동출하확대 지원","도서지역 내륙거점 통합물류운영지원(민간)","50000","50000","49868","100.0","99.7"
"2024","민간이전","민간경상보조","농림축산식품부","농어촌구조개선특별회계","구조개선사업계정","농림수산","농업·농촌","농산물수급안정및유통효율화","농산물소비활성화및식생활개선(농특)","농식품소비기반조성","농축산물 할인지원","166700000","166700000","166102978","100.0","99.6"
"2024","민간이전","민간경상보조","농림축산식품부","농어촌구조개선특별회계","구조개선사업계정","농림수산","농업·농촌","농산물수급안정및유통효율화","농산물소비활성화및식생활개선(농특)","농식품소비기반조성","농축산물 소비촉진(민간 보조)","5269000","5269000","5264001","100.0","99.9"
"2024","민간이전","민간경상보조","농림축산식품부","농어촌구조개선특별회계","구조개선사업계정","농림수산","농업·농촌","농산물수급안정및유통효율화","농산물소비활성화및식생활개선(농특)","농식품소비기반조성","지역단위 푸드플랜 구축지원(민간경상)","5090000","5090000","5090000","100.0","100.0"
"2024","민간이전","민간경상보조","농림축산식품부","농어촌구조개선특별회계","구조개선사업계정","농림수산","농업·농촌","농산물수급안정및유통효율화","농식품품질관리(농특)","국가인증 농식품지원","농식품 국가인증 홍보","288000","288000","288000","100.0","100.0"
"2024","민간이전","민간경상보조","농림축산식품부","농어촌구조개선특별회계","구조개선사업계정","농림수산","농업·농촌","농산물수급안정및유통효율화","농식품품질관리(농특)","국가인증 농식품지원","GAP 판로지원","900250","900250","899001","100.0","99.9"
"2024","민간이전","민간경상보조","농림축산식품부","농어촌구조개선특별회계","구조개선사업계정","농림수산","농업·농촌","농산물수급안정및유통효율화","농식품품질관리(농특)","국가인증 농식품지원","허용물질목록제도(PLS) 정착지원","362000","362000","362000","100.0","100.0"
"2024","민간이전","민간경상보조","농림축산식품부","농어촌구조개선특별회계","구조개선사업계정","농림수산","농업·농촌","축산업진흥","동물보호및복지","동물복지안전관리강화","동물복지인식개선","2350000","2350000","2343300","100.0","99.7"
"2024","민간이전","민간경상보조","농림축산식품부","농어촌구조개선특별회계","구조개선사업계정","농림수산","농업·농촌","축산업진흥","동물보호및복지","반려동물산업육성","동물보건의료 인력 양성","880000","880000","872753","100.0","99.2"
"2024","민간이전","민간경상보조","농림축산식품부","농어촌구조개선특별회계","구조개선사업계정","농림수산","농업·농촌","축산업진흥","동물보호및복지","반려동물산업육성","동물의료체계 표준화 지원","1500000","1500000","1437110","100.0","95.8"
"2024","민간이전","민간경상보조","농림축산식품부","농어촌구조개선특별회계","구조개선사업계정","농림수산","농업·농촌","축산업진흥","동물보호및복지","반려동물산업육성","반려견 기질평가·행동지도 인프라 구축","280000","280000","280000","100.0","100.0"
"2024","민간이전","민간경상보조","농림축산식품부","농어촌구조개선특별회계","구조개선사업계정","농림수산","농업·농촌","축산업진흥","동물보호및복지","반려동물연관산업해외수출산업화","시장조사 및 전파","1100000","1100000","834658","100.0","75.9"
"2024","민간이전","민간경상보조","농림축산식품부","농어촌구조개선특별회계","구조개선사업계정","농림수산","농업·농촌","축산업진흥","동물보호및복지","반려동물연관산업해외수출산업화","수출시장 개척","440000","440000","392090","100.0","89.1"
"2024","민간이전","민간경상보조","농림축산식품부","농어촌구조개선특별회계","구조개선사업계정","농림수산","농업·농촌","축산업진흥","동물보호및복지","반려동물연관산업해외수출산업화","수출 공동 대응체계 마련","50000","50000","47170","100.0","94.3"
"2024","민간이전","민간경상보조","농림축산식품부","농어촌구조개선특별회계","구조개선사업계정","농림수산","농업·농촌","축산업진흥","동물보호및복지","반려동물연관산업해외수출산업화","반려동물 연관산업 통계 시스템 운영","0","0","0","0","0"
"2024","민간이전","민간경상보조","농림축산식품부","농어촌구조개선특별회계","구조개선사업계정","농림수산","농업·농촌","가축방역및축산물안전관리","가축방역(농특)","가축방역대응지원","수의사 연수교육 등 지원(민간경상보조)","0","0","0","0","0"
"2024","민간이전","민간경상보조","농림축산식품부","농어촌구조개선특별회계","구조개선사업계정","농림수산","농업·농촌","가축방역및축산물안전관리","가축방역(농특)","가축방역대응지원","가축전염병 소독 지원","5035000","5035000","5035000","100.0","100.0"
"2024","민간이전","민간경상보조","농림축산식품부","농어촌구조개선특별회계","구조개선사업계정","농림수산","농업·농촌","가축방역및축산물안전관리","가축방역(농특)","가축백신지원","말 예방백신 등 지원","1337000","1337000","1291537","100.0","96.6"
"2024","민간이전","민간경상보조","농림축산식품부","농어촌구조개선특별회계","구조개선사업계정","농림수산","농업·농촌","가축방역및축산물안전관리","가축방역(농특)","동물용의약품산업종합지원","동물용의약품 수출시장개척지원","491000","491000","486798","100.0","99.1"
"2024","민간이전","민간경상보조","농림축산식품부","농어촌구조개선특별회계","구조개선사업계정","농림수산","농업·농촌","가축방역및축산물안전관리","가축방역(농특)","동물용의약품산업종합지원","동물용의약품 교육 및 홍보","20000","20000","19985","100.0","99.9"
"2024","민간이전","민간경상보조","농림축산식품부","농어촌구조개선특별회계","구조개선사업계정","농림수산","농업·농촌","농업생산기반정비","농업시설개선(농특)","농촌용수관리","농업용수 수질조사","7600000","7600000","7600000","100.0","100.0"
"2024","민간이전","민간경상보조","농림축산식품부","농어촌구조개선특별회계","구조개선사업계정","농림수산","농업·농촌","농업생산기반정비","농업시설개선(농특)","농촌용수관리","농업가뭄 모니터링 및 평가분석","982000","979900","979900","99.8","100.0"
"2024","민간이전","민간경상보조","농림축산식품부","농어촌구조개선특별회계","구조개선사업계정","농림수산","농업·농촌","농업생산기반정비","농업시설개선(농특)","농촌용수관리","용배수 계통도 디지털화","3600000","3600000","3600000","100.0","100.0"
"2024","민간이전","민간경상보조","농림축산식품부","농어촌구조개선특별회계","구조개선사업계정","농림수산","농업·농촌","농산물품질관리","농산물안전성관리","친환경우수농식품인증","친환경인증기관 등급제 평가","100000","98500","85814","98.5","87.1"
"2024","민간이전","민간경상보조","농림축산식품부","농어촌구조개선특별회계","구조개선사업계정","농림수산","농업·농촌","농산물품질관리","농산물안전성관리","친환경우수농식품인증","GAP 교육·컨설팅 지원사업","300000","280980","262401","93.7","93.4"
"2024","민간이전","민간경상보조","농림축산식품부","농어촌구조개선특별회계","구조개선사업계정","농림수산","농업·농촌","농산물품질관리","농산물안전성관리","친환경우수농식품인증","친환경농산물 인증활성화 지원","663000","629967","629967","95.0","100.0"
"2024","민간이전","민간경상보조","농림축산식품부","농어촌구조개선특별회계","구조개선사업계정","농림수산","농업·농촌","농산물품질관리","농산물안전성관리","친환경우수농식품인증","GAP인증 및 이력추적관리 유통활성화지원","756000","756000","756000","100.0","100.0"
"2024","민간이전","민간경상보조","농림축산식품부","농어촌구조개선특별회계","구조개선사업계정","농림수산","농업·농촌","농산물품질관리","농산물안전성관리","친환경우수농식품인증","GAP인증 활성화 지원 사업","1910000","1910000","1904993","100.0","99.7"
"2024","민간이전","민간경상보조","농림축산식품부","농어촌구조개선특별회계","구조개선사업계정","농림수산","농업·농촌","농산물품질관리","농산물안전성관리","친환경우수농식품인증","GAP생산여건조성","350000","339500","330386","97.0","97.3"
"2024","민간이전","민간경상보조","농림축산식품부","농어촌구조개선특별회계","구조개선사업계정","농림수산","농업·농촌","농산물품질관리","농산물안전성관리","친환경우수농식품인증","유기식품 생산소비 활성화 지원 사업","350000","348000","348000","99.4","100.0"
"2024","민간이전","민간경상보조","농림축산식품부","농어촌구조개선특별회계","구조개선사업계정","농림수산","농업·농촌","농산물품질관리","농산물안전성관리","친환경우수농식품인증","우리술 교육훈련 지원사업","232000","232000","230377","100.0","99.3"
"2024","민간이전","민간경상보조","농림축산식품부","농어촌구조개선특별회계","구조개선사업계정","농림수산","농업·농촌","농산물품질관리","농산물안전성관리","친환경우수농식품인증","우리술 전문인력 양성기관 지원사업","123000","123000","116084","100.0","94.4"
"2024","민간이전","민간경상보조","농림축산식품부","농어촌구조개선특별회계","구조개선사업계정","농림수산","농업·농촌","농산물품질관리","농산물안전성관리","농산물안전성조사","농경지 중금속 오염실태조사","1260000","1260000","1260000","100.0","100.0"
"2024","민간이전","민간경상보조","농림축산식품부","농어촌구조개선특별회계","구조개선사업계정","농림수산","농업·농촌","농산물품질관리","농산물안전성관리","농산물원산지관리","명예감시원 운영 활성화 지원","341250","341250","341250","100.0","100.0"
"2024","민간이전","민간경상보조","농림축산식품부","농어촌구조개선특별회계","구조개선사업계정","농림수산","농업·농촌","농산물품질관리","농산물안전성관리","농산물원산지관리","수입농산물등 유통이력 신고의무자 교육","354000","354000","349772","100.0","98.8"
"2024","민간이전","민간경상보조","농림축산식품부","농어촌구조개선특별회계","구조개선사업계정","농림수산","농업·농촌","농림축산검역검사","가축검역(농특)","동물복지축산인증제활성화","동물복지축산인증제활성화(동물복지인증 생산품 판로 지원)","200000","200000","200000","100.0","100.0"
"2024","민간이전","민간경상보조","농림축산식품부","농어촌구조개선특별회계","구조개선사업계정","농림수산","농업·농촌","종자관리","종자산업육성(농특)","종자산업활성화지원","민간육종가 육성 지원","244000","203171","203171","83.3","100.0"
"2024","민간이전","민간경상보조","농림축산식품부","농어촌구조개선특별회계","구조개선사업계정","농림수산","농업·농촌","종자관리","종자산업육성(농특)","종자산업활성화지원","국내채종기반구축사업","7361642","6357680","6347925","86.4","99.8"
"2024","민간이전","민간경상보조","농림축산식품부","농어촌구조개선특별회계","구조개선사업계정","농림수산","농업·농촌","종자관리","종자산업육성(농특)","과수무병묘목생산공급지원","과수우량묘목(원종)생산 지원","455000","455000","455000","100.0","100.0"
"2024","민간이전","민간경상보조","농림축산식품부","농어촌구조개선특별회계","구조개선사업계정","농림수산","농업·농촌","종자관리","종자산업육성(농특)","과수무병묘목생산공급지원","과수무병묘목(보급종)생산공급지원(민간경상)","400000","400000","400000","100.0","100.0"
"2024","민간이전","민간경상보조","농림축산식품부","농어촌구조개선특별회계","구조개선사업계정","농림수산","농업·농촌","종자관리","종자산업육성(농특)","과수무병묘목생산공급지원","과수무병묘목(보급종)생산공급지원(차액지원사업, 민간경상)","600000","600000","600000","100.0","100.0"
"2024","민간이전","민간경상보조","농림축산식품부","농어촌구조개선특별회계","구조개선사업계정","농림수산","농업·농촌","농림축산식품행정지원","농업정보환경지원(정보화)","농업정보이용활성화(정보화)","농업정보이용활성화 지원","2205000","2205000","2123068","100.0","96.3"
"2024","민간이전","민간경상보조","농림축산식품부","농어촌구조개선특별회계","구조개선사업계정","농림수산","농업·농촌","농림축산식품행정지원","농업정보환경지원(정보화)","농업정보이용활성화(정보화)","ICT융복합확산(농업정보이용활성화)","1319000","1319000","1290847","100.0","97.9"
"2024","민간이전","민간경상보조","농림축산식품부","농어촌구조개선특별회계","구조개선사업계정","농림수산","농업·농촌","농림축산식품행정지원","농림행정정보화(정보화)","행정정보화(정보화)","농림사업정보시스템 운영","1071000","1071000","1066204","100.0","99.6"
"2024","민간이전","민간경상보조","농림축산식품부","농어촌구조개선특별회계","구조개선사업계정","농림수산","농업·농촌","농림축산식품행정지원","농림행정정보화(정보화)","농림축산식품통합관리망(정보화)","농업경영체 지원사업 통합관리시스템 구축운영","2795000","2795000","2793829","100.0","100.0"
"2024","민간이전","민간경상보조","농림축산식품부","농어촌구조개선특별회계","구조개선사업계정","농림수산","농업·농촌","농림축산식품행정지원","농림행정정보화(정보화)","농림축산식품통합관리망(정보화)","농산어촌지역개발공간정보시스템 구축운영","462000","462000","462000","100.0","100.0"
"2024","민간이전","민간경상보조","농림축산식품부","농어촌구조개선특별회계","구조개선사업계정","농림수산","농업·농촌","농림축산식품행정지원","농림행정정보화(정보화)","농림축산식품통합관리망(정보화)","농업기계 신고관리시스템 구축","262000","262000","262000","100.0","100.0"
"2024","민간이전","민간경상보조","농림축산식품부","농어촌구조개선특별회계","구조개선사업계정","농림수산","농업·농촌","농림축산식품행정지원","농림행정정보화(정보화)","차세대농림사업통합정보시스템(정보화)","시스템 구축지원","2266000","2266000","2116838","100.0","93.4"
"2024","민간이전","민간경상보조","농림축산식품부","농어촌구조개선특별회계","구조개선사업계정","농림수산","농업·농촌","농림축산식품행정지원","농식품통합정보체계구축(정보화)","농식품통합정보체계구축(정보화)","농식품 빅데이터 거래소(KADX) 운영","1352000","1352000","1320898","100.0","97.7"
"2024","민간이전","민간경상보조","농림축산식품부","농어촌구조개선특별회계","구조개선사업계정","농림수산","농업·농촌","농림축산식품행정지원","농식품통합정보체계구축(정보화)","농식품통합정보체계구축(정보화)","농정 빅데이터 플랫폼 구축·운영","5873000","5873000","5768261","100.0","98.2"
"2024","민간이전","민간경상보조","농림축산식품부","농어촌구조개선특별회계","구조개선사업계정","농림수산","농업·농촌","농림축산식품행정지원","농업농촌알리기","농업가치및소비촉진제고","농업농촌가치홍보","4159000","4159000","4159000","100.0","100.0"
"2024","민간이전","민간경상보조","농림축산식품부","농어촌구조개선특별회계","구조개선사업계정","농림수산","식품업","식품외식산업육성","식품산업육성","전통발효식품육성","전통주산업진흥","2849000","2849000","2838250","100.0","99.6"
"2024","민간이전","민간경상보조","농림축산식품부","농어촌구조개선특별회계","구조개선사업계정","농림수산","식품업","식품외식산업육성","식품산업육성","전통발효식품육성","발효식품산업 정보제공","100000","100000","98000","100.0","98.0"
"2024","민간이전","민간경상보조","농림축산식품부","농어촌구조개선특별회계","구조개선사업계정","농림수산","식품업","식품외식산업육성","식품산업육성","전통발효식품육성","전통식품산업육성","1850000","1750000","1740573","94.6","99.5"
"2024","민간이전","민간경상보조","농림축산식품부","농어촌구조개선특별회계","구조개선사업계정","농림수산","식품업","식품외식산업육성","식품산업육성","전통발효식품육성","김치산업육성","2185000","2185000","2169722","100.0","99.3"
"2024","민간이전","민간경상보조","농림축산식품부","농어촌구조개선특별회계","구조개선사업계정","농림수산","식품업","식품외식산업육성","식품산업육성","전통발효식품육성","전통식품안전성모니터링","1200000","1200000","1200000","100.0","100.0"
"2024","민간이전","민간경상보조","농림축산식품부","농어촌구조개선특별회계","구조개선사업계정","농림수산","식품업","식품외식산업육성","식품산업육성","전통발효식품육성","종균활용발효식품산업지원","500000","500000","486000","100.0","97.2"
"2024","민간이전","민간경상보조","농림축산식품부","농어촌구조개선특별회계","구조개선사업계정","농림수산","식품업","식품외식산업육성","식품산업육성","기능성식품산업육성","식품기능성평가 지원","1846000","1846000","1844887","100.0","99.9"
"2024","민간이전","민간경상보조","농림축산식품부","농어촌구조개선특별회계","구조개선사업계정","농림수산","식품업","식품외식산업육성","식품산업육성","기능성식품산업육성","기능성농식품산업활성화","180000","180000","155946","100.0","86.6"
"2024","민간이전","민간경상보조","농림축산식품부","농어촌구조개선특별회계","구조개선사업계정","농림수산","식품업","식품외식산업육성","식품산업육성","기능성식품산업육성","국산 기능성소재 활용지원","1310000","1310000","1253920","100.0","95.7"
"2024","민간이전","민간경상보조","농림축산식품부","농어촌구조개선특별회계","구조개선사업계정","농림수산","식품업","식품외식산업육성","식품산업육성","식품산업인프라강화","식품외식정보분석","2523000","2523000","2515180","100.0","99.7"
"2024","민간이전","민간경상보조","농림축산식품부","농어촌구조개선특별회계","구조개선사업계정","농림수산","식품업","식품외식산업육성","식품산업육성","식품산업인프라강화","식품외식산업 인력양성 교육 운영","3165000","3165000","3150903","100.0","99.6"
"2024","민간이전","민간경상보조","농림축산식품부","농어촌구조개선특별회계","구조개선사업계정","농림수산","식품업","식품외식산업육성","식품산업육성","식품산업인프라강화","식품표준화","2874000","2874000","2698210","100.0","93.9"
"2024","민간이전","민간경상보조","농림축산식품부","농어촌구조개선특별회계","구조개선사업계정","농림수산","식품업","식품외식산업육성","식품산업육성","식품산업인프라강화","농업과 기업 간 연계강화(민간)","1305000","1305000","1246960","100.0","95.6"
"2024","민간이전","민간경상보조","농림축산식품부","농어촌구조개선특별회계","구조개선사업계정","농림수산","식품업","식품외식산업육성","식품산업육성","식품산업인프라강화","식품기술거래이전지원","1200000","1200000","1181482","100.0","98.5"
"2024","민간이전","민간경상보조","농림축산식품부","농어촌구조개선특별회계","구조개선사업계정","농림수산","식품업","식품외식산업육성","식품산업육성","식품산업인프라강화","식품품질위생역량제고","1840000","1840000","1790195","100.0","97.3"
"2024","민간이전","민간경상보조","농림축산식품부","농어촌구조개선특별회계","구조개선사업계정","농림수산","식품업","식품외식산업육성","식품산업육성","식품산업인프라강화","식품판로지원","2193000","2193000","2183246","100.0","99.6"
"2024","민간이전","민간경상보조","농림축산식품부","농어촌구조개선특별회계","구조개선사업계정","농림수산","식품업","식품외식산업육성","농식품 글로벌 진출 확대","농식품 해외시장 진출","해외정보조사·전파","3695000","3695000","3669636","100.0","99.3"
"2024","민간이전","민간경상보조","농림축산식품부","농어촌구조개선특별회계","구조개선사업계정","농림수산","식품업","식품외식산업육성","농식품 글로벌 진출 확대","농식품 해외시장 진출","우수농식품 콜드체인 구축","4660000","4660000","4619269","100.0","99.1"
"2024","민간이전","민간경상보조","농림축산식품부","농어촌구조개선특별회계","구조개선사업계정","농림수산","식품업","식품외식산업육성","농식품 글로벌 진출 확대","농식품 해외시장 진출","우수농식품 판로개척","36958000","36958000","36401462","100.0","98.5"
"2024","민간이전","민간경상보조","농림축산식품부","농어촌구조개선특별회계","구조개선사업계정","농림수산","식품업","식품외식산업육성","농식품 글로벌 진출 확대","농식품 해외시장 진출","민관합동협의회운영","458000","458000","451723","100.0","98.6"
"2024","민간이전","민간경상보조","농림축산식품부","농어촌구조개선특별회계","구조개선사업계정","농림수산","식품업","식품외식산업육성","농식품 글로벌 진출 확대","농식품 해외시장 진출","외식산업 수출 지원","779000","779000","778977","100.0","100.0"
"2024","민간이전","민간경상보조","농림축산식품부","농어촌구조개선특별회계","구조개선사업계정","농림수산","식품업","식품외식산업육성","농식품 글로벌 진출 확대","농식품 해외시장 진출","검역해소품목 및 전략품목육성 지원","3384000","3384000","3239972","100.0","95.7"
"2024","민간이전","민간경상보조","농림축산식품부","농어촌구조개선특별회계","구조개선사업계정","농림수산","식품업","식품외식산업육성","농식품 글로벌 진출 확대","농식품 해외시장 진출","해외 新유통채널 연계 현지시장 진출","330000","330000","324487","100.0","98.3"
"2024","민간이전","민간경상보조","농림축산식품부","농어촌구조개선특별회계","구조개선사업계정","농림수산","식품업","식품외식산업육성","농식품 글로벌 진출 확대","농식품 해외시장 진출","유기가공식품 수출지원","0","0","0","0","0"
"2024","민간이전","민간경상보조","농림축산식품부","농어촌구조개선특별회계","구조개선사업계정","농림수산","식품업","식품외식산업육성","농식품 글로벌 진출 확대","농식품 시장 개척","시장개척플랫폼 구축·운영","4035000","4035000","4013895","100.0","99.5"
"2024","민간이전","민간경상보조","농림축산식품부","농어촌구조개선특별회계","구조개선사업계정","농림수산","식품업","식품외식산업육성","농식품 글로벌 진출 확대","농식품 시장 개척","수출전략형 제품 인큐베이팅","1114000","1114000","1106521","100.0","99.3"
"2024","민간이전","민간경상보조","농림축산식품부","농어촌구조개선특별회계","구조개선사업계정","농림수산","식품업","식품외식산업육성","농식품 글로벌 진출 확대","농식품 시장 개척","해외식품인증지원센터","1080000","1080000","1080000","100.0","100.0"
"2024","민간이전","민간경상보조","농림축산식품부","농어촌구조개선특별회계","구조개선사업계정","농림수산","식품업","식품외식산업육성","농식품 글로벌 진출 확대","농식품 글로벌비대면마케팅지원","온라인모바일마케팅","2353000","2353000","2343761","100.0","99.6"
"2024","민간이전","민간경상보조","농림축산식품부","농어촌구조개선특별회계","구조개선사업계정","농림수산","식품업","식품외식산업육성","농식품 글로벌 진출 확대","농식품 글로벌비대면마케팅지원","뉴미디어마케팅","5260000","5260000","5212445","100.0","99.1"
"2024","민간이전","민간경상보조","농림축산식품부","농어촌구조개선특별회계","구조개선사업계정","농림수산","식품업","식품외식산업육성","농식품 글로벌 진출 확대","농식품 글로벌비대면마케팅지원","온라인플랫폼 운영","1497000","1497000","1491380","100.0","99.6"
"2024","민간이전","민간경상보조","농림축산식품부","농어촌구조개선특별회계","구조개선사업계정","농림수산","식품업","식품외식산업육성","농식품 글로벌 진출 확대","농식품글로벌경쟁력강화","생산기반조성","9487000","9487000","9130639","100.0","96.2"
"2024","민간이전","민간경상보조","농림축산식품부","농어촌구조개선특별회계","구조개선사업계정","농림수산","식품업","식품외식산업육성","농식품 글로벌 진출 확대","농식품글로벌경쟁력강화","판매조직육성","26780000","26780000","26367848","100.0","98.5"
"2024","민간이전","민간경상보조","농림축산식품부","농어촌구조개선특별회계","구조개선사업계정","농림수산","식품업","식품외식산업육성","농식품 글로벌 진출 확대","농식품글로벌경쟁력강화","농식품우수기업육성","53886000","53886000","49202440","100.0","91.3"
"2024","민간이전","민간경상보조","농림축산식품부","농어촌구조개선특별회계","구조개선사업계정","농림수산","식품업","식품외식산업육성","농식품 글로벌 진출 확대","농식품글로벌경쟁력강화","신선농산물저온유통체계구축","1900000","1900000","1213044","100.0","63.8"
"2024","민간이전","민간경상보조","농림축산식품부","농어촌구조개선특별회계","구조개선사업계정","농림수산","식품업","식품외식산업육성","식품산업기반조성","국가식품산업클러스터","국가식품산업클러스터(경상)","26650000","26650000","25863846","100.0","97.1"
"2024","민간이전","민간경상보조","농림축산식품부","농어촌구조개선특별회계","구조개선사업계정","농림수산","식품업","식품외식산업육성","한식및외식산업육성","한식진흥 및 음식관광활성화","한식진흥 및 음식관광활성화","9943000","9943000","9935172","100.0","99.9"
"2024","민간이전","민간경상보조","농림축산식품부","농어촌구조개선특별회계","구조개선사업계정","농림수산","식품업","식품외식산업육성","한식및외식산업육성","푸드서비스 선진화","외식창업 인큐베이팅","763000","763000","762665","100.0","100.0"
"2024","민간이전","민간경상보조","농림축산식품부","농어촌구조개선특별회계","구조개선사업계정","농림수산","식품업","식품외식산업육성","한식및외식산업육성","푸드서비스 선진화","외식소비 문화개선","0","0","0","0","0"
"2024","민간이전","민간경상보조","농림축산식품부","농어촌구조개선특별회계","농어촌특별세사업계정","농림수산","농업·농촌","농가경영안정","농업정책보험(농촌계정)","농업인안전재해보험","농업인안전재해보험 보험료 지원","94798000","94798000","90435648","100.0","95.4"
"2024","민간이전","민간경상보조","농림축산식품부","농어촌구조개선특별회계","농어촌특별세사업계정","농림수산","농업·농촌","농가경영안정","농가소득보전(직불)","경영이양직불","경영이양직불금","13800000","12770000","12261057","92.5","96.0"
"2024","민간이전","민간경상보조","농림축산식품부","농어촌구조개선특별회계","농어촌특별세사업계정","농림수산","농업·농촌","농가경영안정","농가소득보전(직불)","경영이양직불","경영이양직불 사업운영비","4100000","4100000","4100000","100.0","100.0"
"2024","민간이전","민간경상보조","농림축산식품부","농어촌구조개선특별회계","농어촌특별세사업계정","농림수산","농업·농촌","농가경영안정","농가소득보전(직불)","경영이양직불","농지이양 은퇴직불","12600000","11130000","2093573","88.3","18.8"
"2024","민간이전","민간경상보조","농림축산식품부","농어촌구조개선특별회계","농어촌특별세사업계정","농림수산","농업·농촌","농업인력육성및창업지원","농촌정착지원","청년농업인영농정착지원","사후관리홍보","1370000","1370000","1370000","100.0","100.0"
"2024","민간이전","민간경상보조","농림축산식품부","농어촌구조개선특별회계","농어촌특별세사업계정","농림수산","농업·농촌","농업인력육성및창업지원","농촌정착지원","청년농업인영농정착지원","청년창업농장학금","9917000","9917000","9867495","100.0","99.5"
"2024","민간이전","민간경상보조","농림축산식품부","농어촌구조개선특별회계","농어촌특별세사업계정","농림수산","농업·농촌","농업인력육성및창업지원","농업인교육지원","농업·농촌교육훈련지원","예비농업인교육지원","4950000","4950000","4949281","100.0","100.0"
"2024","민간이전","민간경상보조","농림축산식품부","농어촌구조개선특별회계","농어촌특별세사업계정","농림수산","농업·농촌","농업인력육성및창업지원","농업인교육지원","농업·농촌교육훈련지원","전문농업경영체육성지원","7659000","7659000","7564808","100.0","98.8"
"2024","민간이전","민간경상보조","농림축산식품부","농어촌구조개선특별회계","농어촌특별세사업계정","농림수산","농업·농촌","농업인력육성및창업지원","농업인교육지원","농업·농촌교육훈련지원","스마트팜 확산 교육 지원(현장실습형교육)","930000","930000","907560","100.0","97.6"
"2024","민간이전","민간경상보조","농림축산식품부","농어촌구조개선특별회계","농어촌특별세사업계정","농림수산","농업·농촌","농업인력육성및창업지원","농업인교육지원","농업·농촌교육훈련지원","후계농업경영인성과확산지원","195000","195000","195000","100.0","100.0"
"2024","민간이전","민간경상보조","농림축산식품부","농어촌구조개선특별회계","농어촌특별세사업계정","농림수산","농업·농촌","농업인력육성및창업지원","농업인교육지원","농업·농촌교육훈련지원","농업농촌교육지원","820000","820000","797950","100.0","97.3"
"2024","민간이전","민간경상보조","농림축산식품부","농어촌구조개선특별회계","농어촌특별세사업계정","농림수산","농업·농촌","농업인력육성및창업지원","농업인교육지원","농업·농촌교육훈련지원","농업경영컨설팅(사업평가운영)","90000","90000","89959","100.0","100.0"
"2024","민간이전","민간경상보조","농림축산식품부","농어촌구조개선특별회계","농어촌특별세사업계정","농림수산","농업·농촌","농업인력육성및창업지원","농업인교육지원","농업·농촌교육훈련지원","축산관련종사자 교육비 및 교육운영비 지원","3190000","3190000","3141929","100.0","98.5"
"2024","민간이전","민간경상보조","농림축산식품부","농어촌구조개선특별회계","농어촌특별세사업계정","농림수산","농업·농촌","농업인력육성및창업지원","농업인교육지원","농업·농촌교육훈련지원","농업인교류센터","500000","500000","500000","100.0","100.0"
"2024","민간이전","민간경상보조","농림축산식품부","농어촌구조개선특별회계","농어촌특별세사업계정","농림수산","농업·농촌","농업인력육성및창업지원","농업인교육지원","농업·농촌교육훈련지원","후계농육성 및 청년농 교육(농정원)","4160000","4160000","4160000","100.0","100.0"
"2024","민간이전","민간경상보조","농림축산식품부","농어촌구조개선특별회계","농어촌특별세사업계정","농림수산","농업·농촌","농업인력육성및창업지원","농업인교육지원","농업·농촌교육훈련지원","훈련비자, 어학연수 및 장학금 지원","1297000","1297000","1296817","100.0","100.0"
"2024","민간이전","민간경상보조","농림축산식품부","농어촌구조개선특별회계","농어촌특별세사업계정","농림수산","농업·농촌","농업인력육성및창업지원","농업인교육지원","농업·농촌교육훈련지원","자유학기제","90000","90000","90000","100.0","100.0"
"2024","민간이전","민간경상보조","농림축산식품부","농어촌구조개선특별회계","농어촌특별세사업계정","농림수산","농업·농촌","농업인력육성및창업지원","농업인교육지원","농업·농촌교육훈련지원","청년농 창업투자 심층컨설팅","360000","360000","356480","100.0","99.0"
"2024","민간이전","민간경상보조","농림축산식품부","농어촌구조개선특별회계","농어촌특별세사업계정","농림수산","농업·농촌","농업인력육성및창업지원","농업인교육지원","농업·농촌교육훈련지원","여성농업인 영농여건개선교육","200000","200000","199219","100.0","99.6"
"2024","민간이전","민간경상보조","농림축산식품부","농어촌구조개선특별회계","농어촌특별세사업계정","농림수산","농업·농촌","농업인력육성및창업지원","농업인교육지원","농업·농촌교육훈련지원","청년여성 농업농촌분야 탐색교육 지원","175000","175000","175000","100.0","100.0"
"2024","민간이전","민간경상보조","농림축산식품부","농어촌구조개선특별회계","농어촌특별세사업계정","농림수산","농업·농촌","농업인력육성및창업지원","농업인교육지원","농업·농촌교육훈련지원","농식품분야 해외인턴십","377000","377000","375225","100.0","99.5"
"2024","민간이전","민간경상보조","농림축산식품부","농어촌구조개선특별회계","농어촌특별세사업계정","농림수산","농업·농촌","농업인력육성및창업지원","농업인교육지원","농업·농촌교육훈련지원","여성농업인 역량강화교육(농촌형 성평등 전문강사 양성교육)","100000","100000","100000","100.0","100.0"
"2024","민간이전","민간경상보조","농림축산식품부","농어촌구조개선특별회계","농어촌특별세사업계정","농림수산","농업·농촌","농업인력육성및창업지원","농업인교육지원","농업·농촌교육훈련지원","여성농업인 역량강화교육(결혼이민여성 농업교육)","717000","717000","680239","100.0","94.9"
"2024","민간이전","민간경상보조","농림축산식품부","농어촌구조개선특별회계","농어촌특별세사업계정","농림수산","농업·농촌","농업인력육성및창업지원","농업인교육지원","농업·농촌교육훈련지원","농식품유통교육훈련","1571000","1571000","1307900","100.0","83.3"
"2024","민간이전","민간경상보조","농림축산식품부","농어촌구조개선특별회계","농어촌특별세사업계정","농림수산","농업·농촌","농업인력육성및창업지원","농촌고용인력지원","농촌고용인력지원","도농인력중개플랫폼","785000","785000","782919","100.0","99.7"
"2024","민간이전","민간경상보조","농림축산식품부","농어촌구조개선특별회계","농어촌특별세사업계정","농림수산","농업·농촌","농업인력육성및창업지원","농촌고용인력지원","농촌고용인력지원","농업 근로자 기숙사 건립지원","35000","35000","33954","100.0","97.0"
"2024","민간이전","민간경상보조","농림축산식품부","농어촌구조개선특별회계","농어촌특별세사업계정","농림수산","농업·농촌","농업인력육성및창업지원","농촌고용인력지원","농촌고용인력지원","농촌인력중개센터","91000","91000","90944","100.0","99.9"
"2024","민간이전","민간경상보조","농림축산식품부","농어촌구조개선특별회계","농어촌특별세사업계정","농림수산","농업·농촌","농업인력육성및창업지원","농촌고용인력지원","농촌고용인력지원","영농도우미 지원","7000000","7000000","6873253","100.0","98.2"
"2024","민간이전","민간경상보조","농림축산식품부","농어촌구조개선특별회계","농어촌특별세사업계정","농림수산","농업·농촌","농업인력육성및창업지원","귀농귀촌활성화지원","귀농귀촌 활성화지원","귀농귀촌 교육","6584000","6584000","6162993","100.0","93.6"
"2024","민간이전","민간경상보조","농림축산식품부","농어촌구조개선특별회계","농어촌특별세사업계정","농림수산","농업·농촌","농업인력육성및창업지원","귀농귀촌활성화지원","귀농귀촌 활성화지원","귀농귀촌종합센터 운영","700000","700000","698415","100.0","99.8"
"2024","민간이전","민간경상보조","농림축산식품부","농어촌구조개선특별회계","농어촌특별세사업계정","농림수산","농업·농촌","농업인력육성및창업지원","귀농귀촌활성화지원","귀농귀촌 활성화지원","귀농귀촌실태조사","450000","450000","405200","100.0","90.0"
"2024","민간이전","민간경상보조","농림축산식품부","농어촌구조개선특별회계","농어촌특별세사업계정","농림수산","농업·농촌","농산물수급안정및유통효율화","농산물가격안정및수급조절(농특)","시설농가 면세유 유가연동보조금 한시 지원('24년)","시설농가 면세유 유가연동보조금 한시 지원","6972000","0","0","0.0","0"
"2024","민간이전","민간경상보조","농림축산식품부","농어촌구조개선특별회계","농어촌특별세사업계정","농림수산","농업·농촌","농산물수급안정및유통효율화","농산물소비활성화및식생활개선(농특)","농식품바우처 실증연구","농식품바우처 시범사업 전담","870000","870000","870000","100.0","100.0"
"2024","민간이전","민간경상보조","농림축산식품부","농어촌구조개선특별회계","농어촌특별세사업계정","농림수산","농업·농촌","농촌복지및지역활성화","농촌일자리및경제활성화","농촌경제활성화지원","인증제도 지원 및 홍보","175000","175000","174988","100.0","100.0"
"2024","민간이전","민간경상보조","농림축산식품부","농어촌구조개선특별회계","농어촌특별세사업계정","농림수산","농업·농촌","농촌복지및지역활성화","농촌일자리및경제활성화","농촌경제활성화지원","농촌휴양·서비스산업육성(민간경상보조)","7237000","7237000","7237000","100.0","100.0"
"2024","민간이전","민간경상보조","농림축산식품부","농어촌구조개선특별회계","농어촌특별세사업계정","농림수산","농업·농촌","농촌복지및지역활성화","농촌일자리및경제활성화","농촌경제활성화지원","농촌경제활성화 지원기관","3101000","3101000","3101000","100.0","100.0"
"2024","민간이전","민간경상보조","농림축산식품부","농어촌구조개선특별회계","농어촌특별세사업계정","농림수산","농업·농촌","농촌복지및지역활성화","농촌일자리및경제활성화","농촌경제활성화지원","농촌휴양서비스산업육성(관계인구형성지원)","200000","200000","200000","100.0","100.0"
"2024","민간이전","민간경상보조","농림축산식품부","농어촌구조개선특별회계","농어촌특별세사업계정","농림수산","농업·농촌","농촌복지및지역활성화","농촌복지증진","농촌취약계층복지지원","농촌돌봄서비스활성화지원(농촌맞춤형봉사활동지원-민간)","1873000","1873000","1873000","100.0","100.0"
"2024","민간이전","민간경상보조","농림축산식품부","농어촌구조개선특별회계","농어촌특별세사업계정","농림수산","농업·농촌","농촌복지및지역활성화","농촌복지증진","농촌취약계층복지지원","농촌돌봄서비스활성화지원(농촌취약계층주거개선 운영비-민간)","445000","445000","445000","100.0","100.0"
"2024","민간이전","민간경상보조","농림축산식품부","농어촌구조개선특별회계","농어촌특별세사업계정","농림수산","농업·농촌","농촌복지및지역활성화","농촌복지증진","농촌취약계층복지지원","농촌형보건의료지원(농촌왕진버스 운영비-민간)","300000","300000","299830","100.0","99.9"
"2024","민간이전","민간경상보조","농림축산식품부","농어촌구조개선특별회계","농어촌특별세사업계정","농림수산","농업·농촌","농촌복지및지역활성화","농촌복지증진","농촌취약계층복지지원","농촌형보건의료지원(응급처치인력육성-민간)","145800","145800","145800","100.0","100.0"
"2024","민간이전","민간경상보조","농림축산식품부","농어촌구조개선특별회계","농어촌특별세사업계정","농림수산","농업·농촌","농촌복지및지역활성화","농촌복지증진","농촌취약계층복지지원","농촌형보육서비스지원(농번기돌봄지원 관리비-민간)","120000","120000","120000","100.0","100.0"
"2024","민간이전","민간경상보조","농림축산식품부","농어촌구조개선특별회계","농어촌특별세사업계정","농림수산","농업·농촌","농촌복지및지역활성화","농촌복지증진","농촌취약계층복지지원","농촌돌봄서비스활성화지원(농촌서비스활성화지원센터-민간)","880000","880000","880000","100.0","100.0"
"2024","민간이전","민간경상보조","농림축산식품부","농어촌구조개선특별회계","농어촌특별세사업계정","농림수산","농업·농촌","농촌복지및지역활성화","농촌복지증진","취약농가인력지원","영농도우미 지원","0","0","0","0","0"
"2024","민간이전","민간경상보조","농림축산식품부","농어촌구조개선특별회계","농어촌특별세사업계정","농림수산","농업·농촌","농촌복지및지역활성화","농촌복지증진","취약농가인력지원","행복나눔이 지원","0","0","0","0","0"
"2024","민간이전","민간경상보조","농림축산식품부","농어촌구조개선특별회계","농어촌특별세사업계정","농림수산","농업·농촌","농촌복지및지역활성화","농촌복지증진","농업인자녀 및 농업후계인력 장학금지원","농업인자녀 및 농업후계인력 장학금 지원","0","0","0","0","0"
"2024","민간이전","민간경상보조","농림축산식품부","농어촌구조개선특별회계","농어촌특별세사업계정","농림수산","농업·농촌","농촌복지및지역활성화","농촌복지증진","농업농촌사회적가치확산지원","사회적 농업 활성화 지원(민간경상보조)","0","0","0","0","0"
"2024","민간이전","민간경상보조","농림축산식품부","농어촌구조개선특별회계","농어촌특별세사업계정","농림수산","농업·농촌","농촌복지및지역활성화","농촌복지증진","농업농촌사회적가치확산지원","공공급식 통합 플랫폼 구축 운영","0","0","0","0","0"
"2024","민간이전","민간경상보조","농림축산식품부","농어촌구조개선특별회계","농어촌특별세사업계정","농림수산","농업·농촌","농촌복지및지역활성화","농촌복지증진","농업농촌사회적가치확산지원","푸드플랜 확산 기반 조성","0","0","0","0","0"
"2024","민간이전","민간경상보조","농림축산식품부","농어촌구조개선특별회계","농어촌특별세사업계정","농림수산","농업·농촌","농촌복지및지역활성화","농촌복지증진","농업농촌사회적가치확산지원","직매장 교육·홍보 지원","0","0","0","0","0"
"2024","민간이전","민간경상보조","농림축산식품부","농어촌구조개선특별회계","농어촌특별세사업계정","농림수산","농업·농촌","농촌복지및지역활성화","농촌복지증진","농업농촌사회적가치확산지원","로컬푸드 확산 지원","0","0","0","0","0"
"2024","민간이전","민간경상보조","농림축산식품부","농어촌구조개선특별회계","농어촌특별세사업계정","농림수산","농업·농촌","농촌복지및지역활성화","농촌복지증진","여성농업인 특수 건강검진","여성농업인 특수건강검진(관리비-민간경상보조)","4300000","1000000","983059","23.3","98.3"
"2024","민간이전","민간경상보조","농림축산식품부","농어촌구조개선특별회계","농어촌특별세사업계정","농림수산","농업·농촌","농촌복지및지역활성화","농촌복지증진","농촌공동체활성화지원","농촌형 교통모델 발굴(민간)","0","0","0","0","0"
"2024","민간이전","민간경상보조","농림축산식품부","농어촌구조개선특별회계","농어촌특별세사업계정","농림수산","농업·농촌","농촌복지및지역활성화","농촌복지증진","농촌공동체활성화지원","농촌마을 배움나눔지원사업","0","0","0","0","0"
"2024","민간이전","민간경상보조","농림축산식품부","농어촌구조개선특별회계","농어촌특별세사업계정","농림수산","농업·농촌","농촌복지및지역활성화","농촌복지증진","농촌공동체활성화지원","농업인 행복버스 운영(행복버스)","0","0","0","0","0"
"2024","민간이전","민간경상보조","농림축산식품부","농어촌구조개선특별회계","농어촌특별세사업계정","농림수산","농업·농촌","농촌복지및지역활성화","농촌복지증진","농촌공동체활성화지원","농촌재능나눔 활성화지원(민간)","0","0","0","0","0"
"2024","민간이전","민간경상보조","농림축산식품부","농어촌구조개선특별회계","농어촌특별세사업계정","농림수산","농업·농촌","농촌복지및지역활성화","농촌복지증진","농촌공동체활성화지원","주민주도농촌활성화지원(민간)","0","0","0","0","0"
"2024","민간이전","민간경상보조","농림축산식품부","농어촌구조개선특별회계","농어촌특별세사업계정","농림수산","농업·농촌","농촌복지및지역활성화","농촌복지증진","농촌공동체활성화지원","농촌집고쳐주기","0","0","0","0","0"
"2024","민간이전","민간경상보조","농림축산식품부","농어촌구조개선특별회계","농어촌특별세사업계정","농림수산","농업·농촌","농촌복지및지역활성화","농촌복지증진","농촌공동체활성화지원","농촌축제 지원사업 운영관리","0","0","0","0","0"
"2024","민간이전","민간경상보조","농림축산식품부","농어촌구조개선특별회계","농어촌특별세사업계정","농림수산","농업·농촌","농촌복지및지역활성화","농촌복지증진","농촌공동체활성화지원","농촌 방문형 의료서비스 지원 운영관리","0","0","0","0","0"
"2024","민간이전","민간경상보조","농림축산식품부","농어촌구조개선특별회계","농어촌특별세사업계정","농림수산","농업·농촌","농촌복지및지역활성화","농촌복지증진","농촌공동체활성화지원","농촌 왕진버스","0","0","0","0","0"
"2024","민간이전","민간경상보조","농림축산식품부","농어촌구조개선특별회계","농어촌특별세사업계정","농림수산","농업·농촌","농촌복지및지역활성화","농촌공간및정주여건개선","농촌공간계획및재생지원","농촌지역종합개발지원","2669000","2669000","2669000","100.0","100.0"
"2024","민간이전","민간경상보조","농림축산식품부","농어촌구조개선특별회계","농어촌특별세사업계정","농림수산","농업·농촌","농촌복지및지역활성화","농촌공간및정주여건개선","농촌공간계획및재생지원","농업환경보전프로그램","520000","520000","520000","100.0","100.0"
"2024","민간이전","민간경상보조","농림축산식품부","농어촌구조개선특별회계","농어촌특별세사업계정","농림수산","농업·농촌","농촌복지및지역활성화","농촌공간및정주여건개선","농촌공간계획및재생지원","농촌공간계획 수립체계 지원","2800000","2800000","2800000","100.0","100.0"
"2024","민간이전","민간경상보조","농림축산식품부","농업·농촌공익기능증진직접지불기금"," ","농림수산","농업·농촌","농가경영안정","농가소득보전(직불기금)","직불제이행점검","직불제이행점검(민간)","1771000","1771000","1770354","100.0","100.0"
"2024","민간이전","민간경상보조","농림축산식품부","농업·농촌공익기능증진직접지불기금"," ","농림수산","농업·농촌","농가경영안정","농가소득보전(직불기금)","공익기능증진직불","친환경축산직불","1585000","928000","928000","58.5","100.0"
"2024","민간이전","민간경상보조","농림축산식품부","농업·농촌공익기능증진직접지불기금"," ","농림수산","농업·농촌","농가경영안정","농가소득보전(직불기금)","공익기능증진직불","탄소중립 프로그램 시범사업(경종 분야)","507627","507627","507627","100.0","100.0"
"2024","민간이전","민간경상보조","농림축산식품부","농업·농촌공익기능증진직접지불기금"," ","농림수산","농업·농촌","농가경영안정","농가소득보전(직불기금)","공익기능증진직불","탄소중립 프로그램 시범사업(축산 분야)","318373","318373","318373","100.0","100.0"
"2024","민간이전","민간경상보조","농림축산식품부","농업·농촌공익기능증진직접지불기금"," ","농림수산","농업·농촌","농가경영안정","농가소득보전(직불기금)","사업관리비","사업관리비 민간경상보조","0","0","0","0","0"
"2024","민간이전","민간경상보조","농림축산식품부","농지관리기금"," ","농림수산","농업·농촌","농업인력육성및창업지원","맞춤형농지지원(농지기금)","맞춤형농지지원(융자)","맞춤형농지지원 활성화","420000","420000","419978","100.0","100.0"
"2024","민간이전","민간경상보조","농림축산식품부","농지관리기금"," ","농림수산","농업·농촌","농업인력육성및창업지원","맞춤형농지지원(농지기금)","농지관리기능강화구축","농지관리기능강화구축","67840000","67840000","65812741","100.0","97.0"
"2024","민간이전","민간경상보조","농림축산식품부","농지관리기금"," ","농림수산","농업·농촌","농업생산기반정비","대단위농업개발(농지)","대단위농업개발(농지)","간척농지영농편의","5627000","5627000","5627000","100.0","100.0"
"2024","민간이전","민간경상보조","농림축산식품부","농지관리기금"," ","농림수산","농업·농촌","농업생산기반정비","대단위농업개발(농지)","대단위농업개발(농지)","간척농지활용지원","2532000","2532000","2529789","100.0","99.9"
"2024","민간이전","민간경상보조","농림축산식품부","농지관리기금"," ","농림수산","농업·농촌","국제협력협상","농식품산업 해외진출지원","농식품산업 해외진출지원","농식품산업 해외진출지원","3000000","3000000","2999000","100.0","100.0"
"2024","민간이전","민간경상보조","농림축산식품부","농지관리기금"," ","농림수산","농업·농촌","농림축산식품행정지원","기금운영비(농지기금)","농지은행교육지원","농지은행교육지원","326000","326000","326000","100.0","100.0"
"2024","민간이전","민간경상보조","농림축산식품부","농지관리기금"," ","농림수산","농업·농촌","농림축산식품행정지원","기금운영비(농지기금)","농지은행사업관리비","농지은행사업관리비","57387000","57387000","57387000","100.0","100.0"
"2024","민간이전","민간경상보조","농림축산식품부","농지관리기금"," ","농림수산","농업·농촌","농림축산식품행정지원","기금운영비(농지기금)","조성토지관리 처분비","조성토지관리처분비(민간)","1970000","1970000","1930888","100.0","98.0"
"2024","민간이전","민간경상보조","농림축산식품부","양곡관리특별회계","손익계정","농림수산","농업·농촌","양곡관리","양곡매입 및 관리","정부양곡관리비","품종검정비","1589766","1589766","1589766","100.0","100.0"
"2024","민간이전","민간경상보조","농림축산식품부","양곡관리특별회계","손익계정","농림수산","농업·농촌","양곡관리","양곡매입 및 관리","정부양곡관리비","공공비축 및 정부관리양곡 교육비","150000","150000","150000","100.0","100.0"
"2024","민간이전","민간경상보조","농림축산식품부","양곡관리특별회계","손익계정","농림수산","농업·농촌","양곡관리","양곡매입 및 관리","쌀소비기반구축","쌀 소비기반구축","5412000","5412000","5363937","100.0","99.1"
"2024","민간이전","민간경상보조","농림축산식품부","양곡관리특별회계","손익계정","농림수산","농업·농촌","양곡관리","양곡매입 및 관리","쌀소비기반구축","천원의 아침밥","9348000","9348000","8115742","100.0","86.8"
"2024","민간이전","민간경상보조","농림축산식품부","일반회계"," ","농림수산","농업·농촌","농업생산기반정비","농어촌공사시설관리","수리시설유지관리","수리시설유지관리","165300000","165300000","165300000","100.0","100.0"
"2024","민간이전","민간경상보조","농림축산식품부","일반회계"," ","농림수산","농업·농촌","국제협력협상","국제협력협상","국제농업협력(ODA)","개도국 농업발전 기획협력사업","34502000","32302000","32281647","93.6","99.9"
"2024","민간이전","민간경상보조","농림축산식품부","일반회계"," ","농림수산","농업·농촌","국제협력협상","국제협력협상","농업협상대응","FTA해외정보조사사업 ","0","0","0","0","0"
"2024","민간이전","민간경상보조","농림축산식품부","일반회계"," ","농림수산","농업·농촌","국제협력협상","국제협력협상","농업협상대응","FTA정보조사 시스템구축","500000","500000","494739","100.0","98.9"
"2024","민간이전","민간경상보조","농림축산식품부","일반회계"," ","농림수산","농업·농촌","국제협력협상","국제협력협상","농업협상대응","국제통상지원","450000","450000","449781","100.0","100.0"
"2024","민간이전","민간경상보조","농림축산식품부","일반회계"," ","농림수산","농업·농촌","국제협력협상","국제협력협상","국제기구분담금","FAO한국협회 지원사업","662000","662000","662000","100.0","100.0"
"2024","민간이전","민간경상보조","농림축산식품부","자유무역협정이행지원기금"," ","농림수산","농업·농촌","농가경영안정","직접피해지원(FTA기금)","자유무역협정이행지원센터운영","FTA분야 교육·홍보 사업","2167000","2137223","2088738","98.6","97.7"
"2024","민간이전","민간경상보조","농림축산식품부","자유무역협정이행지원기금"," ","농림수산","농업·농촌","농업신산업육성","농기자재산업육성(FTA기금)","종자산업기반구축","종자가치 홍보","471000","471000","471000","100.0","100.0"
"2024","민간이전","민간경상보조","농림축산식품부","자유무역협정이행지원기금"," ","농림수산","농업·농촌","농업신산업육성","농기자재산업육성(FTA기금)","종자산업기반구축","종자산업진흥센터 운영","1325000","1325000","1324537","100.0","100.0"
"2024","민간이전","민간경상보조","농림축산식품부","자유무역협정이행지원기금"," ","농림수산","농업·농촌","농업신산업육성","농기자재산업육성(FTA기금)","종자산업기반구축","디지털육종전환지원","2000000","2000000","1979458","100.0","99.0"
"2024","민간이전","민간경상보조","농림축산식품부","자유무역협정이행지원기금"," ","농림수산","농업·농촌","농업신산업육성","농기자재산업육성(FTA기금)","종자산업기반구축","클러스터 조성","0","0","0","0","0"
"2024","민간이전","민간경상보조","농림축산식품부","자유무역협정이행지원기금"," ","농림수산","농업·농촌","농산물수급안정및유통효율화","원예산업경쟁력강화(FTA기금)","과수 생산유통지원","과실전문생산단지 조사 및 설계 지원","274000","270000","269233","98.5","99.7"
"2024","민간이전","민간경상보조","농림축산식품부","자유무역협정이행지원기금"," ","농림수산","농업·농촌","농산물수급안정및유통효율화","원예산업경쟁력강화(FTA기금)","과수 생산유통지원","과수분야 전국공동브랜드육성 지원","440000","440000","440000","100.0","100.0"
"2024","민간이전","민간경상보조","농림축산식품부","자유무역협정이행지원기금"," ","농림수산","농업·농촌","농산물수급안정및유통효율화","원예산업경쟁력강화(FTA기금)","과수 생산유통지원","한국농어촌공사 과원규모화사업 운영","1827000","1827000","1827000","100.0","100.0"
"2024","민간이전","민간경상보조","농림축산식품부","자유무역협정이행지원기금"," ","농림수산","농업·농촌","농산물수급안정및유통효율화","원예산업경쟁력강화(FTA기금)","과수 생산유통지원","한국농어촌공사 과원규모화사업 제세공과금","875000","740285","740285","84.6","100.0"
"2024","민간이전","민간경상보조","농림축산식품부","자유무역협정이행지원기금"," ","농림수산","농업·농촌","농산물수급안정및유통효율화","원예산업경쟁력강화(FTA기금)","스마트팜 ICT융복합확산","스마트팜 ICT융복합확산(사업운영비 및 컨설팅)","427000","427000","353471","100.0","82.8"
"2024","민간이전","민간경상보조","농림축산식품부","자유무역협정이행지원기금"," ","농림수산","농업·농촌","축산업진흥","축사시설현대화(FTA)","축사시설현대화","축사시설현대화(민간)","475000","475000","472558","100.0","99.5"
"2024","민간이전","민간경상보조","농림축산식품부","자유무역협정이행지원기금"," ","농림수산","농업·농촌","축산업진흥","축사시설현대화(FTA)","축사시설현대화","축산분야 ICT 융복합 지원(민간)","6241000","6241000","5913857","100.0","94.8"
"2024","민간이전","민간경상보조","농림축산식품부","자유무역협정이행지원기금"," ","농림수산","농업·농촌","농림축산식품행정지원","기금운영비(FTA기금)","관세할당물량수입관리비","수입권공매 입찰시행위탁","185000","185000","185000","100.0","100.0"
"2024","민간이전","민간경상보조","농림축산식품부","자유무역협정이행지원기금"," ","농림수산","농업·농촌","농림축산식품행정지원","기금운영비(FTA기금)","FTA사업계획수립및관리비","FTA 사업성과평가","78000","78000","77897","100.0","99.9"
"2024","민간이전","민간경상보조","농림축산식품부","지역균형발전특별회계","지역지원계정","농림수산","농업·농촌","농업인력육성및창업지원","귀농귀촌활성화지원","귀농귀촌활성화지원(정보화)","귀농귀촌 통합플랫폼 구축","1883000","1883000","1779400","100.0","94.5"
"2024","민간이전","민간경상보조","농림축산식품부","지역균형발전특별회계","지역지원계정","농림수산","농업·농촌","농업신산업육성","친환경농자재","친환경농자재지원","친환경비료 교육·홍보 지원","175000","175000","175000","100.0","100.0"
"2024","민간이전","민간경상보조","농림축산식품부","지역균형발전특별회계","지역지원계정","농림수산","농업·농촌","농업신산업육성","친환경농자재","친환경농자재지원","비료품질관리시스템","110000","110000","110000","100.0","100.0"
"2024","민간이전","민간경상보조","농림축산식품부","축산발전기금"," ","농림수산","농업·농촌","축산업진흥","축산물수급관리","축산자조금","축산자조금 운영","22230000","22230000","22180158","100.0","99.8"
"2024","민간이전","민간경상보조","농림축산식품부","축산발전기금"," ","농림수산","농업·농촌","축산업진흥","축산물수급관리","축산물수급관리","낙농통계관리시스템운영","1000000","950000","933710","95.0","98.3"
"2024","민간이전","민간경상보조","농림축산식품부","축산발전기금"," ","농림수산","농업·농촌","축산업진흥","축산물수급관리","축산물수급관리","축산물수급안정","42852000","42752000","42750079","99.8","100.0"
"2024","민간이전","민간경상보조","농림축산식품부","축산발전기금"," ","농림수산","농업·농촌","축산업진흥","축산물수급관리","축산물수급관리","우유바우처 시범사업운영","0","0","0","0","0"
"2024","민간이전","민간경상보조","농림축산식품부","축산발전기금"," ","농림수산","농업·농촌","축산업진흥","축산물수급관리","축산물유통정보실용화","축산물유통정보조사","5494000","5494000","5380917","100.0","97.9"
"2024","민간이전","민간경상보조","농림축산식품부","축산발전기금"," ","농림수산","농업·농촌","축산업진흥","축산물수급관리","축산물유통정보실용화","축산물 거래증명 통합시스템","560000","560000","527623","100.0","94.2"
"2024","민간이전","민간경상보조","농림축산식품부","축산발전기금"," ","농림수산","농업·농촌","축산업진흥","축산물수급관리","축산물도매시장온라인경매플랫폼구축","축산물도매시장온라인경매플랫폼구축","682000","682000","678951","100.0","99.6"
"2024","민간이전","민간경상보조","농림축산식품부","축산발전기금"," ","농림수산","농업·농촌","축산업진흥","축산기술보급","가축개량지원","한우젖소개량지원(민간)","44474000","44474000","44463862","100.0","100.0"
"2024","민간이전","민간경상보조","농림축산식품부","축산발전기금"," ","농림수산","농업·농촌","축산업진흥","축산기술보급","가축개량지원","돼지경제능력검정 지원(민간)","1388000","1388000","1388000","100.0","100.0"
"2024","민간이전","민간경상보조","농림축산식품부","축산발전기금"," ","농림수산","농업·농촌","축산업진흥","축산기술보급","가축개량지원","종축등록사업지원","290000","290000","290000","100.0","100.0"
"2024","민간이전","민간경상보조","농림축산식품부","축산발전기금"," ","농림수산","농업·농촌","축산업진흥","축산기술보급","가축개량지원","소사육방식개선","2950000","2400000","2325650","81.4","96.9"
"2024","민간이전","민간경상보조","농림축산식품부","축산발전기금"," ","농림수산","농업·농촌","축산업진흥","축산기술보급","가축개량지원","가공용원유생산 젖소품종보급","0","0","0","0","0"
"2024","민간이전","민간경상보조","농림축산식품부","축산발전기금"," ","농림수산","농업·농촌","축산업진흥","축산업경쟁력제고(축발)","말산업육성지원","말산업 저변확대(민간)","350000","350000","340625","100.0","97.3"
"2024","민간이전","민간경상보조","농림축산식품부","축산발전기금"," ","농림수산","농업·농촌","축산업진흥","축산업경쟁력제고(축발)","말산업육성지원","말산업 저변확대(승마대회)","1200000","1200000","1058106","100.0","88.2"
"2024","민간이전","민간경상보조","농림축산식품부","축산발전기금"," ","농림수산","농업·농촌","축산업진흥","축산업경쟁력제고(축발)","말산업육성지원","말산업 기반조성(말산업 유통기반 구축지원)","461000","461000","445453","100.0","96.6"
"2024","민간이전","민간경상보조","농림축산식품부","축산발전기금"," ","농림수산","농업·농촌","축산업진흥","축산업경쟁력제고(축발)","말산업육성지원","말산업 경쟁력 강화(우수 승용마 개량지원 및 승용마 생산자 교육)","186000","186000","182784","100.0","98.3"
"2024","민간이전","민간경상보조","농림축산식품부","축산발전기금"," ","농림수산","농업·농촌","축산업진흥","축산업경쟁력제고(축발)","말산업육성지원","말산업 경쟁력 강화(경주퇴역마 활용 지원)","550000","479000","392408","87.1","81.9"
"2024","민간이전","민간경상보조","농림축산식품부","축산발전기금"," ","농림수산","농업·농촌","축산업진흥","축산업경쟁력제고(축발)","말산업육성지원","말산업 역량강화 지원(말산업 전문인력 양성지원)","1572000","1409000","1098271","89.6","77.9"
"2024","민간이전","민간경상보조","농림축산식품부","축산발전기금"," ","농림수산","농업·농촌","축산업진흥","축산업경쟁력제고(축발)","말산업육성지원","말산업 역량강화 지원(민간)","1427000","1243000","999836","87.1","80.4"
"2024","민간이전","민간경상보조","농림축산식품부","축산발전기금"," ","농림수산","농업·농촌","축산업진흥","친환경축산(축발)","조사료생산기반확충","방목태축산농장 교육 등 지원","100000","100000","100000","100.0","100.0"
"2024","민간이전","민간경상보조","농림축산식품부","축산발전기금"," ","농림수산","농업·농촌","축산업진흥","친환경축산(축발)","조사료생산기반확충","조사료 유통 지원","1021000","1021000","1014383","100.0","99.4"
"2024","민간이전","민간경상보조","농림축산식품부","축산발전기금"," ","농림수산","농업·농촌","축산업진흥","친환경축산(축발)","조사료생산기반확충","방목생태축산농장 교육홍보 지원","0","0","0","0","0"
"2024","민간이전","민간경상보조","농림축산식품부","축산발전기금"," ","농림수산","농업·농촌","축산업진흥","친환경축산(축발)","가축분뇨처리지원","축산환경관리원 운영지원","7401000","7401000","7401000","100.0","100.0"
"2024","민간이전","민간경상보조","농림축산식품부","축산발전기금"," ","농림수산","농업·농촌","축산업진흥","축산물품질관리(축발)","축산물품질관리","축산물등급판정 운영","19432000","19432000","18949544","100.0","97.5"
"2024","민간이전","민간경상보조","농림축산식품부","축산발전기금"," ","농림수산","농업·농촌","축산업진흥","축산물품질관리(축발)","축산물품질관리","축산물이력관리 지원(민간)","27793000","26903000","26488308","96.8","98.5"
"2024","민간이전","민간경상보조","농림축산식품부","축산발전기금"," ","농림수산","농업·농촌","축산업진흥","축산물품질관리(축발)","축산물품질관리","축산업정보통합관리시스템","1148000","1148000","1120449","100.0","97.6"
"2024","민간이전","민간경상보조","농림축산식품부","축산발전기금"," ","농림수산","농업·농촌","가축방역및축산물안전관리","축산물위생안전성(축발)","축산물위생안전검사운영","도축검사원운영비 지원(민간)","2338000","2338000","2290698","100.0","98.0"
"2024","민간이전","민간경상보조","농림축산식품부","축산발전기금"," ","농림수산","농업·농촌","가축방역및축산물안전관리","축산물위생안전성(축발)","축산물위생안전검사운영","축산물위생관리인력 교육 지원","450000","450000","449978","100.0","100.0"
"2024","민간이전","민간경상보조","농림축산식품부","축산발전기금"," ","농림수산","농업·농촌","가축방역및축산물안전관리","축산물위생안전성(축발)","축산물HACCP지원","축산물HACCP운영지원","701000","701000","700912","100.0","100.0"
"2024","민간이전","민간경상보조","농림축산식품부","축산발전기금"," ","농림수산","농업·농촌","가축방역및축산물안전관리","축산물위생안전성(축발)","축산물HACCP지원","스마트HACCP지원","1560000","1560000","1538026","100.0","98.6"
"2024","민간이전","민간경상보조","농림축산식품부","축산발전기금"," ","농림수산","농업·농촌","가축방역및축산물안전관리","가축방역(축발)","가축위생방역지원","가축위생방역지원본부 운영비 지원","34774000","34774000","34408202","100.0","98.9"
"2024","민간이전","민간경상보조","농촌진흥청","일반회계"," ","농림수산","농업·농촌","농업신기술 보급","신기술보급사업(일반)","신기술보급사업(보조)","기술보급체계 다변화모델 구축(민간우수기술 발굴사업화)","200000","200000","193200","100.0","96.6"
"2024","민간이전","민간경상보조","농촌진흥청","일반회계"," ","농림수산","농업·농촌","농업신기술 보급","신기술보급사업(일반)","신기술보급사업(보조)","과학영농기술 R&D 스타트업 육성","0","0","0","0","0"
"2024","민간이전","민간경상보조","농촌진흥청","일반회계"," ","농림수산","농업·농촌","농업신기술 보급","신기술보급사업(일반)","스마트영농지원체계구축(보조)","농업용 로봇 실증지원","3000000","3000000","2973698","100.0","99.1"
"2024","민간이전","민간경상보조","농촌진흥청","일반회계"," ","농림수산","농업·농촌","농업신기술 보급","신기술보급사업(일반)","농촌가치확산기술지원(보조)","우수 치유농업시설 인증제 운영","0","0","0","0","0"
"2024","민간이전","민간경상보조","농촌진흥청","일반회계"," ","농림수산","농업·농촌","전문인력양성","농업인력양성및지원(일반)","농업전문인력양성(보조)","농업 (또는 농촌) 후계인력 육성 교육 지원","0","0","0","0","0"
"2024","민간이전","민간경상보조","농촌진흥청","일반회계"," ","농림수산","농업·농촌","전문인력양성","농업인력양성및지원(일반)","농업전문인력양성(보조)","선도농업인 육성 교육 지원","0","0","0","0","0"
"2024","민간이전","민간경상보조","농촌진흥청","일반회계"," ","농림수산","농업·농촌","전문인력양성","농업인력양성및지원(일반)","농업전문인력양성(보조)","여성농업인 능력개발 지원","0","0","0","0","0"
"2024","민간이전","민간경상보조","대법원","사법서비스진흥기금"," ","공공질서및안전","법원및헌재","재판활동지원","사법제도개선 및 사법서비스진흥","법률구조단체 사업지원","대한법률구조공단 법률구조사건 비용지원","3548000","3548000","3548000","100.0","100.0"
"2024","민간이전","민간경상보조","대법원","사법서비스진흥기금"," ","공공질서및안전","법원및헌재","재판활동지원","사법제도개선 및 사법서비스진흥","법률구조단체 사업지원","대한변협 법률구조재단 법률구조사건 비용지원","166000","166000","166000","100.0","100.0"
"2024","민간이전","민간경상보조","대법원","사법서비스진흥기금"," ","공공질서및안전","법원및헌재","재판활동지원","사법제도개선 및 사법서비스진흥","법률구조단체 사업지원","한국가정법률상담소 법률구조사건 비용지원","165000","165000","165000","100.0","100.0"
"2024","민간이전","민간경상보조","대법원","사법서비스진흥기금"," ","공공질서및안전","법원및헌재","재판활동지원","사법제도개선 및 사법서비스진흥","사법서비스 향상","한국법학원 지원","463000","463000","463000","100.0","100.0"
"2024","민간이전","민간경상보조","문화체육관광부","관광진흥개발기금"," ","문화및관광","관광","국내관광활성화","관광인프라 조성","전통문화체험 지원","전통문화체험 시설 지원(서원향교 문화관광 프로그램 운영 및 활성화 지원)","767000","767000","766990","100.0","100.0"
"2024","민간이전","민간경상보조","문화체육관광부","관광진흥개발기금"," ","문화및관광","관광","국내관광활성화","관광인프라 조성","전통문화체험 지원","템플스테이 운영지원","14000000","14000000","13828212","100.0","98.8"
"2024","민간이전","민간경상보조","문화체육관광부","관광진흥개발기금"," ","문화및관광","관광","국내관광활성화","관광인프라 조성","전통문화체험 지원","전통문화 활용 활성화 사업 발굴 및 지원","3092000","3092000","3092000","100.0","100.0"
"2024","민간이전","민간경상보조","문화체육관광부","관광진흥개발기금"," ","문화및관광","관광","국내관광활성화","관광인프라 조성","전통문화체험 지원","서당문화체험","1100000","1100000","1057304","100.0","96.1"
"2024","민간이전","민간경상보조","문화체육관광부","관광진흥개발기금"," ","문화및관광","관광","국내관광활성화","관광인프라 조성","한국형 지역관광 활성화","DMZ 생태·평화관광 활성화","2336000","2336000","2295940","100.0","98.3"
"2024","민간이전","민간경상보조","문화체육관광부","관광진흥개발기금"," ","문화및관광","관광","국내관광활성화","관광인프라 조성","한국형 지역관광 활성화","두루누비 운영 지원","777000","777000","749657","100.0","96.5"
"2024","민간이전","민간경상보조","문화체육관광부","관광진흥개발기금"," ","문화및관광","관광","국내관광활성화","관광인프라 조성","한국형 지역관광 활성화","걷기여행길 활성화","1800000","1800000","1762924","100.0","97.9"
"2024","민간이전","민간경상보조","문화체육관광부","관광진흥개발기금"," ","문화및관광","관광","국내관광활성화","관광인프라 조성","한국형 지역관광 활성화","반려동물 동반여행 활성화","500000","500000","479812","100.0","96.0"
"2024","민간이전","민간경상보조","문화체육관광부","관광진흥개발기금"," ","문화및관광","관광","국내관광활성화","관광인프라 조성","한국형 지역관광 활성화","인천공항 내 K-관광·컬처존 조성","98000","98000","91002","100.0","92.9"
"2024","민간이전","민간경상보조","문화체육관광부","관광진흥개발기금"," ","문화및관광","관광","국내관광활성화","관광인프라 조성","한국형 지역관광 활성화","코리아둘레길 세계적 브랜드 육성","1322000","1322000","1315060","100.0","99.5"
"2024","민간이전","민간경상보조","문화체육관광부","관광진흥개발기금"," ","문화및관광","관광","국내관광활성화","국내관광육성지원","관광안내체계구축지원","관광안내소 운영","1119000","1119000","1090079","100.0","97.4"
"2024","민간이전","민간경상보조","문화체육관광부","관광진흥개발기금"," ","문화및관광","관광","국내관광활성화","국내관광육성지원","관광안내체계구축지원","관광안내서비스 개선","4520000","4520000","4434411","100.0","98.1"
"2024","민간이전","민간경상보조","문화체육관광부","관광진흥개발기금"," ","문화및관광","관광","국내관광활성화","국내관광육성지원","관광안내체계구축지원","관광안내표지 개선","100000","100000","95391","100.0","95.4"
"2024","민간이전","민간경상보조","문화체육관광부","관광진흥개발기금"," ","문화및관광","관광","국내관광활성화","국내관광육성지원","관광안내체계구축지원","관광경찰 협업","50000","0","0","0.0","0"
"2024","민간이전","민간경상보조","문화체육관광부","관광진흥개발기금"," ","문화및관광","관광","국내관광활성화","국내관광육성지원","문화관광축제지원(보조)","지역축제 평가 및 육성(민간경상보조)","1040000","1040000","1028771","100.0","98.9"
"2024","민간이전","민간경상보조","문화체육관광부","관광진흥개발기금"," ","문화및관광","관광","국내관광활성화","국내관광육성지원","문화관광축제지원(보조)","축제 경쟁력 강화 지원","1068000","1068000","1026427","100.0","96.1"
"2024","민간이전","민간경상보조","문화체육관광부","관광진흥개발기금"," ","문화및관광","관광","국내관광활성화","국내관광육성지원","문화관광축제지원(보조)","글로벌 축제 육성 지원","500000","500000","475055","100.0","95.0"
"2024","민간이전","민간경상보조","문화체육관광부","관광진흥개발기금"," ","문화및관광","관광","국내관광활성화","국내관광육성지원","국내관광 역량 강화","국내관광 캠페인","37228000","37228000","36987328","100.0","99.4"
"2024","민간이전","민간경상보조","문화체육관광부","관광진흥개발기금"," ","문화및관광","관광","국내관광활성화","국내관광육성지원","국내관광 역량 강화","내나라 여행박람회","410000","410000","410000","100.0","100.0"
"2024","민간이전","민간경상보조","문화체육관광부","관광진흥개발기금"," ","문화및관광","관광","국내관광활성화","국내관광육성지원","국내관광 역량 강화","추천 가볼만한 곳","130000","130000","120684","100.0","92.8"
"2024","민간이전","민간경상보조","문화체육관광부","관광진흥개발기금"," ","문화및관광","관광","국내관광활성화","국내관광육성지원","국내관광 역량 강화","국내 대표관광지 육성","495000","495000","482935","100.0","97.6"
"2024","민간이전","민간경상보조","문화체육관광부","관광진흥개발기금"," ","문화및관광","관광","국내관광활성화","국내관광육성지원","국내관광 역량 강화","청소년관광","600000","600000","589771","100.0","98.3"
"2024","민간이전","민간경상보조","문화체육관광부","관광진흥개발기금"," ","문화및관광","관광","국내관광활성화","국내관광육성지원","국내관광 역량 강화","시니어관광","900000","900000","889991","100.0","98.9"
"2024","민간이전","민간경상보조","문화체육관광부","관광진흥개발기금"," ","문화및관광","관광","국내관광활성화","국내관광육성지원","국내관광 역량 강화","근로자 휴가지원","15900000","15900000","14144058","100.0","89.0"
"2024","민간이전","민간경상보조","문화체육관광부","관광진흥개발기금"," ","문화및관광","관광","국내관광활성화","국내관광육성지원","국내관광 역량 강화","청년관광","0","0","0","0","0"
"2024","민간이전","민간경상보조","문화체육관광부","관광진흥개발기금"," ","문화및관광","관광","국내관광활성화","국내관광육성지원","국내관광 역량 강화","지역관광 추진조직(DMO) 육성 지원","3499000","3499000","3385908","100.0","96.8"
"2024","민간이전","민간경상보조","문화체육관광부","관광진흥개발기금"," ","문화및관광","관광","국내관광활성화","국내관광육성지원","국내관광 역량 강화","열린관광 환경조성","3181000","3181000","3143824","100.0","98.8"
"2024","민간이전","민간경상보조","문화체육관광부","관광진흥개발기금"," ","문화및관광","관광","국내관광활성화","국내관광육성지원","국내관광 역량 강화","레저스포츠관광 활성화","0","0","0","0","0"
"2024","민간이전","민간경상보조","문화체육관광부","관광진흥개발기금"," ","문화및관광","관광","국내관광활성화","국내관광육성지원","국내관광 역량 강화","관광사업체 경쟁력 강화","135000","135000","131242","100.0","97.2"
"2024","민간이전","민간경상보조","문화체육관광부","관광진흥개발기금"," ","문화및관광","관광","국내관광활성화","국내관광육성지원","국내관광 역량 강화","야간관광 활성화","550000","550000","536203","100.0","97.5"
"2024","민간이전","민간경상보조","문화체육관광부","관광진흥개발기금"," ","문화및관광","관광","국내관광활성화","국내관광육성지원","국내관광 역량 강화","국내관광 방송사 협업 홍보","0","0","0","0","0"
"2024","민간이전","민간경상보조","문화체육관광부","관광진흥개발기금"," ","문화및관광","관광","국내관광활성화","국내관광육성지원","국내관광 역량 강화","지역연계 관광 활성화","0","0","0","0","0"
"2024","민간이전","민간경상보조","문화체육관광부","관광진흥개발기금"," ","문화및관광","관광","국내관광활성화","국내관광육성지원","국내관광 역량 강화","워케이션 활성화 지원","0","0","0","0","0"
"2024","민간이전","민간경상보조","문화체육관광부","관광진흥개발기금"," ","문화및관광","관광","국내관광활성화","국내관광육성지원","국내관광 역량 강화","여행수용태세 개선","150000","150000","139505","100.0","93.0"
"2024","민간이전","민간경상보조","문화체육관광부","관광진흥개발기금"," ","문화및관광","관광","국내관광활성화","국내관광육성지원","국내관광 역량 강화","디지털관광주민증 운영","3000000","3000000","2630280","100.0","87.7"
"2024","민간이전","민간경상보조","문화체육관광부","관광진흥개발기금"," ","문화및관광","관광","국내관광활성화","국내관광육성지원","국내관광 역량 강화","비활성화 관광자원 스토리텔링 관광지화","200000","200000","199929","100.0","100.0"
"2024","민간이전","민간경상보조","문화체육관광부","관광진흥개발기금"," ","문화및관광","관광","국내관광활성화","국내관광육성지원","국내관광 역량 강화"," ‘숨-핫’ 제작 홍보지원","250000","250000","217447","100.0","87.0"
"2024","민간이전","민간경상보조","문화체육관광부","관광진흥개발기금"," ","문화및관광","관광","국내관광활성화","국내관광육성지원","스마트관광 활성화","온라인 관광정보 제공","4331000","4331000","4258184","100.0","98.3"
"2024","민간이전","민간경상보조","문화체육관광부","관광진흥개발기금"," ","문화및관광","관광","국내관광활성화","국내관광육성지원","스마트관광 활성화","관광마케팅 통합시스템 운영","3140000","3140000","3129925","100.0","99.7"
"2024","민간이전","민간경상보조","문화체육관광부","관광진흥개발기금"," ","문화및관광","관광","국내관광활성화","국내관광육성지원","스마트관광 활성화","스마트관광 기반 조성","11521000","11521000","5688357","100.0","49.4"
"2024","민간이전","민간경상보조","문화체육관광부","관광진흥개발기금"," ","문화및관광","관광","국내관광활성화","국내관광육성지원","스마트관광 활성화","관광 빅데이터","10925000","10925000","10680759","100.0","97.8"
"2024","민간이전","민간경상보조","문화체육관광부","관광진흥개발기금"," ","문화및관광","관광","국내관광활성화","국내관광육성지원","스마트관광 활성화","뉴디지털 플랫폼 활용 한국관광 홍보마케팅","0","0","0","0","0"
"2024","민간이전","민간경상보조","문화체육관광부","관광진흥개발기금"," ","문화및관광","관광","국내관광활성화","국내관광육성지원","스마트관광 활성화","AI 기술활용 방한 수요 전환 마케팅","1850000","1850000","1774892","100.0","95.9"
"2024","민간이전","민간경상보조","문화체육관광부","관광진흥개발기금"," ","문화및관광","관광","국내관광활성화","관광사업체 융자지원","관광산업 융자지원(융자)","이차보전지원센터 운영","133000","133000","132823","100.0","99.9"
"2024","민간이전","민간경상보조","문화체육관광부","관광진흥개발기금"," ","문화및관광","관광","외래관광객유치","해외관광객유치활동사업","외래관광객유치 마케팅 활성화 지원","일본시장 유치 확대","5400000","5400000","5330128","100.0","98.7"
"2024","민간이전","민간경상보조","문화체육관광부","관광진흥개발기금"," ","문화및관광","관광","외래관광객유치","해외관광객유치활동사업","외래관광객유치 마케팅 활성화 지원","아중동시장 유치 확대","9000000","9000000","8799026","100.0","97.8"
"2024","민간이전","민간경상보조","문화체육관광부","관광진흥개발기금"," ","문화및관광","관광","외래관광객유치","해외관광객유치활동사업","외래관광객유치 마케팅 활성화 지원","구미주시장 유치 확대","5850000","5850000","5750530","100.0","98.3"
"2024","민간이전","민간경상보조","문화체육관광부","관광진흥개발기금"," ","문화및관광","관광","외래관광객유치","해외관광객유치활동사업","외래관광객유치 마케팅 활성화 지원","미국시장 유치 확대","1800000","1800000","1771554","100.0","98.4"
"2024","민간이전","민간경상보조","문화체육관광부","관광진흥개발기금"," ","문화및관광","관광","외래관광객유치","해외관광객유치활동사업","외래관광객유치 마케팅 활성화 지원","시장 맞춤형 마케팅 전략","981000","981000","901177","100.0","91.9"
"2024","민간이전","민간경상보조","문화체육관광부","관광진흥개발기금"," ","문화및관광","관광","외래관광객유치","해외관광객유치활동사업","외래관광객유치 마케팅 활성화 지원","한국문화관광대전","600000","600000","567065","100.0","94.5"
"2024","민간이전","민간경상보조","문화체육관광부","관광진흥개발기금"," ","문화및관광","관광","외래관광객유치","해외관광객유치활동사업","외래관광객유치 마케팅 활성화 지원","한국관광통계 관리 및 조사","364000","364000","294989","100.0","81.0"
"2024","민간이전","민간경상보조","문화체육관광부","관광진흥개발기금"," ","문화및관광","관광","외래관광객유치","해외관광객유치활동사업","외래관광객유치 마케팅 활성화 지원","국제관광기구 협력(한국관광공사)","1191000","1191000","1146667","100.0","96.3"
"2024","민간이전","민간경상보조","문화체육관광부","관광진흥개발기금"," ","문화및관광","관광","외래관광객유치","해외관광객유치활동사업","외래관광객유치 마케팅 활성화 지원","관광-항공 연계 외래객 유치 활성화","3600000","3600000","3446374","100.0","95.7"
"2024","민간이전","민간경상보조","문화체육관광부","관광진흥개발기금"," ","문화및관광","관광","외래관광객유치","해외관광객유치활동사업","외래관광객유치 마케팅 활성화 지원","환승관광 활성화","650000","650000","619738","100.0","95.3"
"2024","민간이전","민간경상보조","문화체육관광부","관광진흥개발기금"," ","문화및관광","관광","외래관광객유치","해외관광객유치활동사업","외래관광객유치 마케팅 활성화 지원","중화권 시장 유치 확대","8500000","8500000","8467760","100.0","99.6"
"2024","민간이전","민간경상보조","문화체육관광부","관광진흥개발기금"," ","문화및관광","관광","외래관광객유치","해외관광객유치활동사업","외래관광객유치 마케팅 활성화 지원","한중일 관광 협력","300000","300000","290054","100.0","96.7"
"2024","민간이전","민간경상보조","문화체육관광부","관광진흥개발기금"," ","문화및관광","관광","외래관광객유치","해외관광객유치활동사업","외래관광객유치 마케팅 활성화 지원","중국 전담여행사 관리 및 시장 건전화","907000","907000","845366","100.0","93.2"
"2024","민간이전","민간경상보조","문화체육관광부","관광진흥개발기금"," ","문화및관광","관광","외래관광객유치","해외관광객유치활동사업","외래관광객유치 마케팅 활성화 지원","포스트 코로나 메가로드쇼 개최(구미주)","0","0","0","0","0"
"2024","민간이전","민간경상보조","문화체육관광부","관광진흥개발기금"," ","문화및관광","관광","외래관광객유치","해외관광객유치활동사업","외래관광객유치 마케팅 활성화 지원","포스트 코로나 메가로드쇼 개최","7600000","7600000","7464722","100.0","98.2"
"2024","민간이전","민간경상보조","문화체육관광부","관광진흥개발기금"," ","문화및관광","관광","외래관광객유치","해외관광객유치활동사업","외래관광객유치 마케팅 활성화 지원","신흥 잠재시장 현지 방한 유치 전선 확대","4000000","4000000","3836790","100.0","95.9"
"2024","민간이전","민간경상보조","문화체육관광부","관광진흥개발기금"," ","문화및관광","관광","외래관광객유치","해외관광객유치활동사업","외래관광객유치 마케팅 활성화 지원","주요 외교계기 활용 관광객 유치 마케팅(일본)","1000000","1000000","925528","100.0","92.6"
"2024","민간이전","민간경상보조","문화체육관광부","관광진흥개발기금"," ","문화및관광","관광","외래관광객유치","해외관광객유치활동사업","외래관광객유치 마케팅 활성화 지원","외국인 간편결제 활용 관광객 유치 확대(일본)","400000","400000","398329","100.0","99.6"
"2024","민간이전","민간경상보조","문화체육관광부","관광진흥개발기금"," ","문화및관광","관광","외래관광객유치","해외관광객유치활동사업","외래관광객유치 마케팅 활성화 지원","외국인 간편결제 활용 관광객 유치 확대","800000","800000","798455","100.0","99.8"
"2024","민간이전","민간경상보조","문화체육관광부","관광진흥개발기금"," ","문화및관광","관광","외래관광객유치","해외관광객유치활동사업","외래관광객유치 마케팅 활성화 지원","주요 외교계기 활용 관광객 유치 마케팅(구미주)","950000","950000","898688","100.0","94.6"
"2024","민간이전","민간경상보조","문화체육관광부","관광진흥개발기금"," ","문화및관광","관광","외래관광객유치","해외관광객유치활동사업","외래관광객유치 마케팅 활성화 지원","한국문화관광대전(구미주)","0","0","0","0","0"
"2024","민간이전","민간경상보조","문화체육관광부","관광진흥개발기금"," ","문화및관광","관광","외래관광객유치","해외관광객유치활동사업","한국관광 해외광고","한국관광 온라인홍보","3636000","3636000","3583889","100.0","98.6"
"2024","민간이전","민간경상보조","문화체육관광부","관광진흥개발기금"," ","문화및관광","관광","외래관광객유치","해외관광객유치활동사업","한국관광 해외광고","홍보간행물 활용 한국관광홍보","1233000","1233000","1231122","100.0","99.8"
"2024","민간이전","민간경상보조","문화체육관광부","관광진흥개발기금"," ","문화및관광","관광","외래관광객유치","해외관광객유치활동사업","한국관광 해외광고","한국관광 이미지 광고","18626000","18626000","18497415","100.0","99.3"
"2024","민간이전","민간경상보조","문화체육관광부","관광진흥개발기금"," ","문화및관광","관광","외래관광객유치","해외관광객유치활동사업","한국관광 해외광고","글로벌 네트워크 활용 한국관광 홍보","2690000","2690000","2662326","100.0","99.0"
"2024","민간이전","민간경상보조","문화체육관광부","관광진흥개발기금"," ","문화및관광","관광","외래관광객유치","해외관광객유치활동사업","한국관광 해외광고","K-브랜드 활용 한국관광 협업광고","2000000","2000000","1969771","100.0","98.5"
"2024","민간이전","민간경상보조","문화체육관광부","관광진흥개발기금"," ","문화및관광","관광","외래관광객유치","해외관광객유치활동사업","한국관광공사 운영지원","한국관광공사 운영지원","93264000","93264000","92651802","100.0","99.3"
"2024","민간이전","민간경상보조","문화체육관광부","관광진흥개발기금"," ","문화및관광","관광","외래관광객유치","해외관광객유치활동사업","외래관광객유치 관광기반 조성","관광거점 조성 및 운영(하이커(HiKR) 운영)","5448000","5448000","5421565","100.0","99.5"
"2024","민간이전","민간경상보조","문화체육관광부","관광진흥개발기금"," ","문화및관광","관광","외래관광객유치","해외관광객유치활동사업","외래관광객유치 관광기반 조성","고품격관광 활성화(스마트관광안내시스템)","1275000","1275000","1270776","100.0","99.7"
"2024","민간이전","민간경상보조","문화체육관광부","관광진흥개발기금"," ","문화및관광","관광","외래관광객유치","해외관광객유치활동사업","외래관광객유치 관광기반 조성","관광거점 조성 및 운영(테마관광 거점 조성)","2450000","2450000","2328083","100.0","95.0"
"2024","민간이전","민간경상보조","문화체육관광부","관광진흥개발기금"," ","문화및관광","관광","외래관광객유치","해외관광객유치활동사업","외래관광객유치 관광기반 조성","관광거점 조성 및 운영(청와대 권역 관광클러스터)","500000","500000","476844","100.0","95.4"
"2024","민간이전","민간경상보조","문화체육관광부","관광진흥개발기금"," ","문화및관광","관광","외래관광객유치","해외관광객유치활동사업","외래관광객유치 관광기반 조성","한국관광 품질 관리(구 한국관광품질인증제운영)","1800000","1800000","1768190","100.0","98.2"
"2024","민간이전","민간경상보조","문화체육관광부","관광진흥개발기금"," ","문화및관광","관광","외래관광객유치","해외관광객유치활동사업","외래관광객유치 관광기반 조성","여행업 경쟁력 강화 및 건전여행 풍토조성(여행업 경쟁력 강화)","9047000","9047000","8614924","100.0","95.2"
"2024","민간이전","민간경상보조","문화체육관광부","관광진흥개발기금"," ","문화및관광","관광","외래관광객유치","해외관광객유치활동사업","외래관광객유치 관광기반 조성","고품격관광 활성화(코리아그랜드세일)","2670000","2670000","2660510","100.0","99.6"
"2024","민간이전","민간경상보조","문화체육관광부","관광진흥개발기금"," ","문화및관광","관광","외래관광객유치","해외관광객유치활동사업","외래관광객유치 관광기반 조성","고품격관광 활성화(한국방문의 해)","15342000","15342000","14570939","100.0","95.0"
"2024","민간이전","민간경상보조","문화체육관광부","관광진흥개발기금"," ","문화및관광","관광","외래관광객유치","해외관광객유치활동사업","외래관광객유치 관광기반 조성","관광 편의성 제고(관광교통 편의성 제고)","1254000","1254000","1223978","100.0","97.6"
"2024","민간이전","민간경상보조","문화체육관광부","관광진흥개발기금"," ","문화및관광","관광","외래관광객유치","해외관광객유치활동사업","외래관광객유치 관광기반 조성","관광거점 조성 및 운영(테마관광 거점 조성 청와대 권역 관광자원화)","0","0","0","0","0"
"2024","민간이전","민간경상보조","문화체육관광부","관광진흥개발기금"," ","문화및관광","관광","외래관광객유치","해외관광객유치활동사업","외래관광객유치 관광기반 조성","고품격관광 활성화(코리아그랜드세일)","0","0","0","0","0"
"2024","민간이전","민간경상보조","문화체육관광부","관광진흥개발기금"," ","문화및관광","관광","외래관광객유치","해외관광객유치활동사업","외래관광객유치 관광기반 조성","고품격 관광 활성화(스마트관광안내시스템)","0","0","0","0","0"
"2024","민간이전","민간경상보조","문화체육관광부","관광진흥개발기금"," ","문화및관광","관광","외래관광객유치","해외관광객유치활동사업","외래관광객유치 관광기반 조성","관광 편의성 제고(쇼핑관광 활성화)","1600000","1600000","1566811","100.0","97.9"
"2024","민간이전","민간경상보조","문화체육관광부","관광진흥개발기금"," ","문화및관광","관광","외래관광객유치","해외관광객유치활동사업","외래관광객유치 관광기반 조성","관광 편의성 제고(관광교통 편의성 제고)","0","0","0","0","0"
"2024","민간이전","민간경상보조","문화체육관광부","관광진흥개발기금"," ","문화및관광","관광","외래관광객유치","해외관광객유치활동사업","외래관광객유치 관광기반 조성","관광기념품 공모전 개최 및 유통활성화 지원","1560000","1560000","1519111","100.0","97.4"
"2024","민간이전","민간경상보조","문화체육관광부","관광진흥개발기금"," ","문화및관광","관광","외래관광객유치","해외관광객유치활동사업","외래관광객유치 관광기반 조성","고품격관광 활성화(한국방문의 해-관광서비스 품질개선 캠페인)","1559000","1559000","1530843","100.0","98.2"
"2024","민간이전","민간경상보조","문화체육관광부","관광진흥개발기금"," ","문화및관광","관광","외래관광객유치","해외관광객유치활동사업","외래관광객유치 관광기반 조성","여행업 경쟁력 강화 및 건전여행 풍토 조성","0","0","0","0","0"
"2024","민간이전","민간경상보조","문화체육관광부","관광진흥개발기금"," ","문화및관광","관광","외래관광객유치","해외관광객유치활동사업","외래관광객유치 관광기반 조성","고품격관광 활성화(한국방문의 해-K-WAVE)","300000","300000","300000","100.0","100.0"
"2024","민간이전","민간경상보조","문화체육관광부","관광진흥개발기금"," ","문화및관광","관광","외래관광객유치","해외관광객유치활동사업","외래관광객유치 관광기반 조성","관광 편의성 제고(쇼핑관광 활성화)","0","0","0","0","0"
"2024","민간이전","민간경상보조","문화체육관광부","관광진흥개발기금"," ","문화및관광","관광","외래관광객유치","해외관광객유치활동사업","외래관광객유치 관광기반 조성","관광거점 조성 및 운영(HiKR(하이커) 운영, 구 K-Style Hub 운영)","0","0","0","0","0"
"2024","민간이전","민간경상보조","문화체육관광부","관광진흥개발기금"," ","문화및관광","관광","외래관광객유치","해외관광객유치활동사업","외래관광객유치 관광기반 조성","한국방문의 해","0","0","0","0","0"
"2024","민간이전","민간경상보조","문화체육관광부","관광진흥개발기금"," ","문화및관광","관광","외래관광객유치","해외관광객유치활동사업","외래관광객유치 관광기반 조성","한국관광 품질 관리(구 한국관광 품질인증제 운영)","0","0","0","0","0"
"2024","민간이전","민간경상보조","문화체육관광부","관광진흥개발기금"," ","문화및관광","관광","외래관광객유치","해외관광객유치활동사업","외래관광객유치 관광기반 조성","관광기념품 공모전 개최 및 유통활성화 지원","0","0","0","0","0"
"2024","민간이전","민간경상보조","문화체육관광부","관광진흥개발기금"," ","문화및관광","관광","외래관광객유치","해외관광객유치활동사업","외래관광객유치 관광기반 조성","관광거점 조성 및 운영(청와대 권역 관광클러스터 조성)","0","0","0","0","0"
"2024","민간이전","민간경상보조","문화체육관광부","관광진흥개발기금"," ","문화및관광","관광","외래관광객유치","문화협력을 통한 외래 관광객 유치","문화예술 해외교류","한중일 문화교류","0","0","0","0","0"
"2024","민간이전","민간경상보조","문화체육관광부","관광진흥개발기금"," ","문화및관광","관광","외래관광객유치","문화협력을 통한 외래 관광객 유치","문화예술 해외교류","우수프로그램 권역별 순회 지원 ","0","0","0","0","0"
"2024","민간이전","민간경상보조","문화체육관광부","관광진흥개발기금"," ","문화및관광","관광","외래관광객유치","문화협력을 통한 외래 관광객 유치","문화예술 해외교류","국제문화교류 및 민간협업 지원","0","0","0","0","0"
"2024","민간이전","민간경상보조","문화체육관광부","관광진흥개발기금"," ","문화및관광","관광","관광산업 활성화","관광산업 활성화 지원","관광활성화 기반구축","관광호텔 체인화 기반조성","70000","70000","67595","100.0","96.6"
"2024","민간이전","민간경상보조","문화체육관광부","관광진흥개발기금"," ","문화및관광","관광","관광산업 활성화","관광산업 활성화 지원","관광활성화 기반구축","호텔업 통계발간","100000","100000","99920","100.0","99.9"
"2024","민간이전","민간경상보조","문화체육관광부","관광진흥개발기금"," ","문화및관광","관광","관광산업 활성화","관광산업 활성화 지원","관광활성화 기반구축","안전캠핑 기반조성","700000","700000","688555","100.0","98.4"
"2024","민간이전","민간경상보조","문화체육관광부","관광진흥개발기금"," ","문화및관광","관광","관광산업 활성화","관광산업 활성화 지원","관광활성화 기반구축","관광두레 조성","11951000","11951000","10550916","100.0","88.3"
"2024","민간이전","민간경상보조","문화체육관광부","관광진흥개발기금"," ","문화및관광","관광","관광산업 활성화","관광산업 활성화 지원","관광활성화 기반구축","안전민박 활성화","877000","877000","829930","100.0","94.6"
"2024","민간이전","민간경상보조","문화체육관광부","관광진흥개발기금"," ","문화및관광","관광","관광산업 활성화","관광산업 활성화 지원","국민여가캠핑장조성(보조)","친환경 안전캠핑 캠페인, 안전교육, 홈페이지 운영 등","0","0","0","0","0"
"2024","민간이전","민간경상보조","문화체육관광부","관광진흥개발기금"," ","문화및관광","관광","관광산업 활성화","관광산업 활성화 지원","관광산업 인재발굴 및 전문역량강화","관광전문인력 양성","2513000","2513000","2316656","100.0","92.2"
"2024","민간이전","민간경상보조","문화체육관광부","관광진흥개발기금"," ","문화및관광","관광","관광산업 활성화","관광산업 활성화 지원","관광산업 인재발굴 및 전문역량강화","종사원 전문역량 강화","600000","600000","551957","100.0","92.0"
"2024","민간이전","민간경상보조","문화체육관광부","관광진흥개발기금"," ","문화및관광","관광","관광산업 활성화","관광산업 활성화 지원","관광산업 인재발굴 및 전문역량강화","관광단체 및 연구지원 사업","400000","357200","346927","89.3","97.1"
"2024","민간이전","민간경상보조","문화체육관광부","관광진흥개발기금"," ","문화및관광","관광","관광산업 활성화","관광산업 활성화 지원","관광산업 인재발굴 및 전문역량강화","관광산업 일자리 활성화","11000000","11000000","10700791","100.0","97.3"
"2024","민간이전","민간경상보조","문화체육관광부","관광진흥개발기금"," ","문화및관광","관광","관광산업 활성화","관광산업 활성화 지원","관광산업 인재발굴 및 전문역량강화","유원시설 안전관리","1258000","1258000","1195925","100.0","95.1"
"2024","민간이전","민간경상보조","문화체육관광부","관광진흥개발기금"," ","문화및관광","관광","관광산업 활성화","관광산업 활성화 지원","관광사업 창업 지원 및 벤처 육성","관광사업 도약 및 성장 지원","18480000","18480000","17603411","100.0","95.3"
"2024","민간이전","민간경상보조","문화체육관광부","관광진흥개발기금"," ","문화및관광","관광","관광산업 활성화","관광산업 활성화 지원","관광사업 창업 지원 및 벤처 육성","관광사업 발굴 및 지원","11814000","11814000","11659651","100.0","98.7"
"2024","민간이전","민간경상보조","문화체육관광부","관광진흥개발기금"," ","문화및관광","관광","관광산업 활성화","관광산업 활성화 지원","관광사업 창업 지원 및 벤처 육성","관광사업 지원기반 구축","2800000","2800000","2615411","100.0","93.4"
"2024","민간이전","민간경상보조","문화체육관광부","관광진흥개발기금"," ","문화및관광","관광","관광산업 활성화","고부가가치 관광산업육성","MICE산업육성지원","2024 기업회의·인센티브 관광 활성화","5306000","5306000","5225319","100.0","98.5"
"2024","민간이전","민간경상보조","문화체육관광부","관광진흥개발기금"," ","문화및관광","관광","관광산업 활성화","고부가가치 관광산업육성","MICE산업육성지원","2024 마이스산업 인력양성 및 업계지원","518000","518000","456382","100.0","88.1"
"2024","민간이전","민간경상보조","문화체육관광부","관광진흥개발기금"," ","문화및관광","관광","관광산업 활성화","고부가가치 관광산업육성","MICE산업육성지원","2024 PCO업계 경쟁력 강화사업","557000","557000","554134","100.0","99.5"
"2024","민간이전","민간경상보조","문화체육관광부","관광진흥개발기금"," ","문화및관광","관광","관광산업 활성화","고부가가치 관광산업육성","MICE산업육성지원","2024 글로벌 MICE 인사이트 발간","117000","117000","114650","100.0","98.0"
"2024","민간이전","민간경상보조","문화체육관광부","관광진흥개발기금"," ","문화및관광","관광","관광산업 활성화","고부가가치 관광산업육성","MICE산업육성지원","2024 MICE 학술연구 지원","50000","50000","50000","100.0","100.0"
"2024","민간이전","민간경상보조","문화체육관광부","관광진흥개발기금"," ","문화및관광","관광","관광산업 활성화","고부가가치 관광산업육성","MICE산업육성지원","2024 컨벤션 유치·개최 지원 활성화","6920000","6920000","6431579","100.0","92.9"
"2024","민간이전","민간경상보조","문화체육관광부","관광진흥개발기금"," ","문화및관광","관광","관광산업 활성화","고부가가치 관광산업육성","MICE산업육성지원","2024 해외마켓 참가·국제이벤트 활성화","2936000","2936000","2838786","100.0","96.7"
"2024","민간이전","민간경상보조","문화체육관광부","관광진흥개발기금"," ","문화및관광","관광","관광산업 활성화","고부가가치 관광산업육성","MICE산업육성지원","2024 MICE 산업통계조사 및 운영","1210000","1210000","1125829","100.0","93.0"
"2024","민간이전","민간경상보조","문화체육관광부","관광진흥개발기금"," ","문화및관광","관광","관광산업 활성화","고부가가치 관광산업육성","MICE산업육성지원","2024 지역 MICE산업 활성화 지원","6992000","6992000","6441654","100.0","92.1"
"2024","민간이전","민간경상보조","문화체육관광부","관광진흥개발기금"," ","문화및관광","관광","관광산업 활성화","고부가가치 관광산업육성","MICE산업육성지원","2024 마이스기업 디지털 전환 지원","2628000","2628000","2468748","100.0","93.9"
"2024","민간이전","민간경상보조","문화체육관광부","관광진흥개발기금"," ","문화및관광","관광","관광산업 활성화","고부가가치 관광산업육성","MICE산업육성지원","2024 디지털 마이스 전문인력 양성","300000","300000","288284","100.0","96.1"
"2024","민간이전","민간경상보조","문화체육관광부","관광진흥개발기금"," ","문화및관광","관광","관광산업 활성화","고부가가치 관광산업육성","MICE산업육성지원","시도국제관광전","0","0","0","0","0"
"2024","민간이전","민간경상보조","문화체육관광부","관광진흥개발기금"," ","문화및관광","관광","관광산업 활성화","고부가가치 관광산업육성","융합관광콘텐츠 활성화","한류관광 활성화","11000000","11000000","10914983","100.0","99.2"
"2024","민간이전","민간경상보조","문화체육관광부","관광진흥개발기금"," ","문화및관광","관광","관광산업 활성화","고부가가치 관광산업육성","융합관광콘텐츠 활성화","음식관광 활성화","1600000","1600000","1586198","100.0","99.1"
"2024","민간이전","민간경상보조","문화체육관광부","관광진흥개발기금"," ","문화및관광","관광","관광산업 활성화","고부가가치 관광산업육성","융합관광콘텐츠 활성화","전통시장 관광활성화","1360000","1360000","1331727","100.0","97.9"
"2024","민간이전","민간경상보조","문화체육관광부","관광진흥개발기금"," ","문화및관광","관광","관광산업 활성화","고부가가치 관광산업육성","융합관광콘텐츠 활성화","스포츠관광 활성화","3905000","3905000","3803579","100.0","97.4"
"2024","민간이전","민간경상보조","문화체육관광부","관광진흥개발기금"," ","문화및관광","관광","관광산업 활성화","고부가가치 관광산업육성","융합관광콘텐츠 활성화","고급관광 육성","1293000","1293000","1287081","100.0","99.5"
"2024","민간이전","민간경상보조","문화체육관광부","관광진흥개발기금"," ","문화및관광","관광","관광산업 활성화","고부가가치 관광산업육성","융합관광콘텐츠 활성화","공연관광 활성화","4200000","4200000","4066920","100.0","96.8"
"2024","민간이전","민간경상보조","문화체육관광부","관광진흥개발기금"," ","문화및관광","관광","관광산업 활성화","고부가가치 관광산업육성","융합관광콘텐츠 활성화","크루즈관광 활성화","570000","570000","565422","100.0","99.2"
"2024","민간이전","민간경상보조","문화체육관광부","관광진흥개발기금"," ","문화및관광","관광","관광산업 활성화","고부가가치 관광산업육성","융합관광콘텐츠 활성화","방한 치료관광 유치 지원(의료관광 육성)","5360000","5360000","5190753","100.0","96.8"
"2024","민간이전","민간경상보조","문화체육관광부","관광진흥개발기금"," ","문화및관광","관광","관광산업 활성화","고부가가치 관광산업육성","융합관광콘텐츠 활성화","휴양관광산업 육성(웰니스관광 육성)","4160000","4160000","4080188","100.0","98.1"
"2024","민간이전","민간경상보조","문화체육관광부","국민체육진흥기금","국민체육진흥계정","문화및관광","체육","생활체육육성","생활체육 활성화","스포츠강좌이용권 지원","장애인스포츠강좌이용권 지원(민간보조)","511000","511000","469132","100.0","91.8"
"2024","민간이전","민간경상보조","문화체육관광부","국민체육진흥기금","국민체육진흥계정","문화및관광","체육","생활체육육성","생활체육 활성화","생활체육 프로그램 지원","생활체육정보제공","3347000","3347000","3241723","100.0","96.9"
"2024","민간이전","민간경상보조","문화체육관광부","국민체육진흥기금","국민체육진흥계정","문화및관광","체육","생활체육육성","생활체육 활성화","생활체육 프로그램 지원","생활체육국제교류 지원","510000","510000","475220","100.0","93.2"
"2024","민간이전","민간경상보조","문화체육관광부","국민체육진흥기금","국민체육진흥계정","문화및관광","체육","생활체육육성","생활체육 활성화","생활체육 프로그램 지원","기타 생활체육단체 지원","200000","200000","195660","100.0","97.8"
"2024","민간이전","민간경상보조","문화체육관광부","국민체육진흥기금","국민체육진흥계정","문화및관광","체육","생활체육육성","생활체육 활성화","생활체육 프로그램 지원","생활체육대회 지원","3350000","3350000","3202853","100.0","95.6"
"2024","민간이전","민간경상보조","문화체육관광부","국민체육진흥기금","국민체육진흥계정","문화및관광","체육","생활체육육성","생활체육 활성화","생활체육 프로그램 지원","스포츠클럽디비전","23172000","23172000","20748226","100.0","89.5"
"2024","민간이전","민간경상보조","문화체육관광부","국민체육진흥기금","국민체육진흥계정","문화및관광","체육","생활체육육성","생활체육 활성화","생활체육 프로그램 지원","생활체육동호회 리그 지원","3320000","3320000","3215674","100.0","96.9"
"2024","민간이전","민간경상보조","문화체육관광부","국민체육진흥기금","국민체육진흥계정","문화및관광","체육","생활체육육성","생활체육 활성화","생활체육 프로그램 지원","스포츠클럽 육성","30274000","30274000","27322016","100.0","90.2"
"2024","민간이전","민간경상보조","문화체육관광부","국민체육진흥기금","국민체육진흥계정","문화및관광","체육","생활체육육성","생활체육 활성화","생활체육 프로그램 지원","맞춤형생활체육활동 지원","25389000","25389000","23772912","100.0","93.6"
"2024","민간이전","민간경상보조","문화체육관광부","국민체육진흥기금","국민체육진흥계정","문화및관광","체육","생활체육육성","생활체육 활성화","생활체육 프로그램 지원","학교체육시설개방지원","4198000","4198000","3993279","100.0","95.1"
"2024","민간이전","민간경상보조","문화체육관광부","국민체육진흥기금","국민체육진흥계정","문화및관광","체육","생활체육육성","생활체육 활성화","생활체육 프로그램 지원","스포츠클럽 종합정보시스템 구축","4546000","4546000","4467561","100.0","98.3"
"2024","민간이전","민간경상보조","문화체육관광부","국민체육진흥기금","국민체육진흥계정","문화및관광","체육","생활체육육성","생활체육 활성화","생활체육 프로그램 지원","스포츠주간 계기 대국민 스포츠장려","550000","550000","386493","100.0","70.3"
"2024","민간이전","민간경상보조","문화체육관광부","국민체육진흥기금","국민체육진흥계정","문화및관광","체육","생활체육육성","생활체육 활성화","국민체력인증","국민체력인증 기반구축","1044000","1044000","1014663","100.0","97.2"
"2024","민간이전","민간경상보조","문화체육관광부","국민체육진흥기금","국민체육진흥계정","문화및관광","체육","생활체육육성","생활체육 활성화","국민체력인증","국민체력인증제 운영(민간)","4314000","4314000","3867885","100.0","89.7"
"2024","민간이전","민간경상보조","문화체육관광부","국민체육진흥기금","국민체육진흥계정","문화및관광","체육","생활체육육성","생활체육 활성화","국민체력인증","스포츠활동 인센티브","695000","695000","681488","100.0","98.1"
"2024","민간이전","민간경상보조","문화체육관광부","국민체육진흥기금","국민체육진흥계정","문화및관광","체육","생활체육육성","생활체육 활성화","체육·문화예술사업의 지원","학교,직장운동경기부 활성화","11547000","11547000","10900649","100.0","94.4"
"2024","민간이전","민간경상보조","문화체육관광부","국민체육진흥기금","국민체육진흥계정","문화및관광","체육","생활체육육성","생활체육 활성화","체육·문화예술사업의 지원","심판양성 및 지원","7462000","7462000","7012205","100.0","94.0"
"2024","민간이전","민간경상보조","문화체육관광부","국민체육진흥기금","국민체육진흥계정","문화및관광","체육","생활체육육성","생활체육 활성화","체육·문화예술사업의 지원","전문 인력 양성","12018000","12018000","11493829","100.0","95.6"
"2024","민간이전","민간경상보조","문화체육관광부","국민체육진흥기금","국민체육진흥계정","문화및관광","체육","생활체육육성","생활체육 활성화","체육·문화예술사업의 지원","기타 체육문화예술의 진흥","12216000","12086000","11492033","98.9","95.1"
"2024","민간이전","민간경상보조","문화체육관광부","국민체육진흥기금","국민체육진흥계정","문화및관광","체육","생활체육육성","생활체육 활성화","체육·문화예술사업의 지원","학교체육활성화","11291000","11226130","10925497","99.4","97.3"
"2024","민간이전","민간경상보조","문화체육관광부","국민체육진흥기금","국민체육진흥계정","문화및관광","체육","생활체육육성","생활체육 활성화","체육·문화예술사업의 지원","문화예술 취약 분야 육성","9333000","9302830","8871960","99.7","95.4"
"2024","민간이전","민간경상보조","문화체육관광부","국민체육진흥기금","국민체육진흥계정","문화및관광","체육","생활체육육성","생활체육 활성화","안전한 스포츠 활동 지원","체육시설 안전시스템 구축","2553000","2553000","2340309","100.0","91.7"
"2024","민간이전","민간경상보조","문화체육관광부","국민체육진흥기금","국민체육진흥계정","문화및관광","체육","생활체육육성","생활체육 활성화","안전한 스포츠 활동 지원","안전한 스포츠 환경 구축","1850000","1850000","1711173","100.0","92.5"
"2024","민간이전","민간경상보조","문화체육관광부","국민체육진흥기금","국민체육진흥계정","문화및관광","체육","생활체육육성","생활체육 활성화","스포츠 종목 보급","전통스포츠무예진흥(전통무예)","1500000","1500000","1423007","100.0","94.9"
"2024","민간이전","민간경상보조","문화체육관광부","국민체육진흥기금","국민체육진흥계정","문화및관광","체육","생활체육육성","생활체육 활성화","스포츠 종목 보급","민속씨름 진흥","5648000","5648000","5249220","100.0","92.9"
"2024","민간이전","민간경상보조","문화체육관광부","국민체육진흥기금","국민체육진흥계정","문화및관광","체육","생활체육육성","생활체육 활성화","스포츠 종목 보급","레저스포츠 보급","1500000","1500000","1355652","100.0","90.4"
"2024","민간이전","민간경상보조","문화체육관광부","국민체육진흥기금","국민체육진흥계정","문화및관광","체육","생활체육육성","생활체육 활성화","스포츠 종목 보급","유네스코 국제무예센터 운영","846000","846000","675870","100.0","79.9"
"2024","민간이전","민간경상보조","문화체육관광부","국민체육진흥기금","국민체육진흥계정","문화및관광","체육","생활체육육성","생활체육 활성화","스포츠 종목 보급","바둑보급사업","1542000","1542000","1501747","100.0","97.4"
"2024","민간이전","민간경상보조","문화체육관광부","국민체육진흥기금","국민체육진흥계정","문화및관광","체육","생활체육육성","생활체육 활성화","스포츠 종목 보급","전통스포츠및무예진흥(전통스포츠 보급)","150000","150000","139221","100.0","92.8"
"2024","민간이전","민간경상보조","문화체육관광부","국민체육진흥기금","국민체육진흥계정","문화및관광","체육","생활체육육성","생활체육 활성화","스포츠친화기업 선정지원","스포츠친화기업 선정·지원","0","0","0","0","0"
"2024","민간이전","민간경상보조","문화체육관광부","국민체육진흥기금","국민체육진흥계정","문화및관광","체육","생활체육육성","생활체육시설 지원","국민체육센터 건립지원","체육센터 조사 분석 연구","200000","200000","176372","100.0","88.2"
"2024","민간이전","민간경상보조","문화체육관광부","국민체육진흥기금","국민체육진흥계정","문화및관광","체육","생활체육육성","학교체육 육성","신나는 주말체육 프로그램 지원","신나는 주말체육 프로그램 지원","14090000","14090000","13328816","100.0","94.6"
"2024","민간이전","민간경상보조","문화체육관광부","국민체육진흥기금","국민체육진흥계정","문화및관광","체육","전문체육육성","전문체육 육성","대한체육회 운영지원","대한체육회 인건비","15318000","15318000","15208502","100.0","99.3"
"2024","민간이전","민간경상보조","문화체육관광부","국민체육진흥기금","국민체육진흥계정","문화및관광","체육","전문체육육성","전문체육 육성","대한체육회 운영지원","대한체육회 기관운영비","14444000","13444000","13346556","93.1","99.3"
"2024","민간이전","민간경상보조","문화체육관광부","국민체육진흥기금","국민체육진흥계정","문화및관광","체육","전문체육육성","전문체육 육성","종목단체 및 지방체육회 지원","은퇴선수(선수진로) 지원","1548000","1548000","1445018","100.0","93.3"
"2024","민간이전","민간경상보조","문화체육관광부","국민체육진흥기금","국민체육진흥계정","문화및관광","체육","전문체육육성","전문체육 육성","종목단체 및 지방체육회 지원","체육정보망 구축","0","0","0","0","0"
"2024","민간이전","민간경상보조","문화체육관광부","국민체육진흥기금","국민체육진흥계정","문화및관광","체육","전문체육육성","전문체육 육성","종목단체 및 지방체육회 지원","종목단체 및 지방체육회 운영","31316000","31316000","29962700","100.0","95.7"
"2024","민간이전","민간경상보조","문화체육관광부","국민체육진흥기금","국민체육진흥계정","문화및관광","체육","전문체육육성","전문체육 육성","종목단체 및 지방체육회 지원","학생선수 주중대회 주말대회 전환","0","0","0","0","0"
"2024","민간이전","민간경상보조","문화체육관광부","국민체육진흥기금","국민체육진흥계정","문화및관광","체육","전문체육육성","전문체육 육성","종목단체 및 지방체육회 지원","스포츠ICT통합체계 구축","3951000","2801000","2755441","70.9","98.4"
"2024","민간이전","민간경상보조","문화체육관광부","국민체육진흥기금","국민체육진흥계정","문화및관광","체육","전문체육육성","전문체육 육성","우수선수양성지원","국가대표 훈련지원","57004000","57004000","48002410","100.0","84.2"
"2024","민간이전","민간경상보조","문화체육관광부","국민체육진흥기금","국민체육진흥계정","문화및관광","체육","전문체육육성","전문체육 육성","우수선수양성지원","선수촌 운영","52441000","46441000","45371469","88.6","97.7"
"2024","민간이전","민간경상보조","문화체육관광부","국민체육진흥기금","국민체육진흥계정","문화및관광","체육","전문체육육성","전문체육 육성","우수선수양성지원","한국동계스포츠 육성","11007000","11007000","10398912","100.0","94.5"
"2024","민간이전","민간경상보조","문화체육관광부","국민체육진흥기금","국민체육진흥계정","문화및관광","체육","전문체육육성","전문체육 육성","우수선수양성지원","후보선수육성","12426000","12426000","11309832","100.0","91.0"
"2024","민간이전","민간경상보조","문화체육관광부","국민체육진흥기금","국민체육진흥계정","문화및관광","체육","전문체육육성","전문체육 육성","우수선수양성지원","청소년대표육성","5110000","5110000","4552855","100.0","89.1"
"2024","민간이전","민간경상보조","문화체육관광부","국민체육진흥기금","국민체육진흥계정","문화및관광","체육","전문체육육성","전문체육 육성","우수선수양성지원","꿈나무선수육성","6042000","6042000","5061535","100.0","83.8"
"2024","민간이전","민간경상보조","문화체육관광부","국민체육진흥기금","국민체육진흥계정","문화및관광","체육","전문체육육성","전문체육 육성","국립체육박물관 건립","대한민국 스포츠 역사보존 ","1134000","1134000","1060589","100.0","93.5"
"2024","민간이전","민간경상보조","문화체육관광부","국민체육진흥기금","국민체육진흥계정","문화및관광","체육","전문체육육성","전문체육 육성","체육인재 육성","체육인재육성","0","0","0","0","0"
"2024","민간이전","민간경상보조","문화체육관광부","국민체육진흥기금","국민체육진흥계정","문화및관광","체육","전문체육육성","전문체육 육성","주최단체지원","프로스포츠 활성화 지원","37589000","37589000","37320701","100.0","99.3"
"2024","민간이전","민간경상보조","문화체육관광부","국민체육진흥기금","국민체육진흥계정","문화및관광","체육","전문체육육성","전문체육 육성","주최단체지원","유소년·아마추어 스포츠 활성화 지원","37176000","37126000","35539848","99.9","95.7"
"2024","민간이전","민간경상보조","문화체육관광부","국민체육진흥기금","국민체육진흥계정","문화및관광","체육","전문체육육성","전문체육 육성","주최단체지원","체육진흥투표권 비발행대상 종목 지원","32368000","32368000","28989554","100.0","89.6"
"2024","민간이전","민간경상보조","문화체육관광부","국민체육진흥기금","국민체육진흥계정","문화및관광","체육","전문체육육성","전문체육 육성","주최단체지원","프로스포츠 정책 및 공통사업 지원","22580000","22579998","21112659","100.0","93.5"
"2024","민간이전","민간경상보조","문화체육관광부","국민체육진흥기금","국민체육진흥계정","문화및관광","체육","전문체육육성","전문체육 육성","스포츠윤리센터 운영","스포츠윤리센터 운영지원","4374000","4374000","3953157","100.0","90.4"
"2024","민간이전","민간경상보조","문화체육관광부","국민체육진흥기금","국민체육진흥계정","문화및관광","체육","전문체육육성","전문체육 육성","스포츠윤리센터 운영","스포츠윤리센터 사업지원","1434000","1434000","1343068","100.0","93.7"
"2024","민간이전","민간경상보조","문화체육관광부","국민체육진흥기금","국민체육진흥계정","문화및관광","체육","전문체육육성","전문체육 육성","체육인교육센터 건립·운영","체육인교육 지원","1600000","1600000","1324030","100.0","82.8"
"2024","민간이전","민간경상보조","문화체육관광부","국민체육진흥기금","국민체육진흥계정","문화및관광","체육","전문체육육성","전문체육 육성","체육인교육센터 건립·운영","체육인재 양성","996000","996000","946564","100.0","95.0"
"2024","민간이전","민간경상보조","문화체육관광부","국민체육진흥기금","국민체육진흥계정","문화및관광","체육","전문체육육성","전문체육 육성","체육인교육센터 건립·운영","체육인교육센터 운영","4188000","4188000","4159661","100.0","99.3"
"2024","민간이전","민간경상보조","문화체육관광부","국민체육진흥기금","국민체육진흥계정","문화및관광","체육","전문체육육성","전문체육육성 기반구축","전국(소년)체전 지원","전국체전 지원","5081000","5081000","4650893","100.0","91.5"
"2024","민간이전","민간경상보조","문화체육관광부","국민체육진흥기금","국민체육진흥계정","문화및관광","체육","전문체육육성","전문체육육성 기반구축","전국(소년)체전 지원","전국소년체전 지원","4850000","4850000","4446087","100.0","91.7"
"2024","민간이전","민간경상보조","문화체육관광부","국민체육진흥기금","국민체육진흥계정","문화및관광","체육","전문체육육성","체육인복지사업","체육인복지사업","체육인 복지지원","12995000","12995000","12757367","100.0","98.2"
"2024","민간이전","민간경상보조","문화체육관광부","국민체육진흥기금","국민체육진흥계정","문화및관광","체육","전문체육육성","체육인복지사업","체육인복지사업","체육인복지지원시스템 구축","1551000","1551000","1503100","100.0","96.9"
"2024","민간이전","민간경상보조","문화체육관광부","국민체육진흥기금","국민체육진흥계정","문화및관광","체육","전문체육육성","체육인복지사업","체육인복지사업","체육요원복무관리시스템 운영","30000","30000","30000","100.0","100.0"
"2024","민간이전","민간경상보조","문화체육관광부","국민체육진흥기금","국민체육진흥계정","문화및관광","체육","전문체육육성","체육인복지사업","체육인복지사업","저소득층 체육인재 장학지원","5101000","5101000","4977388","100.0","97.6"
"2024","민간이전","민간경상보조","문화체육관광부","국민체육진흥기금","국민체육진흥계정","문화및관광","체육","전문체육육성","체육인복지사업","체육인복지사업","체육인복지전담기관 운영","0","0","0","0","0"
"2024","민간이전","민간경상보조","문화체육관광부","국민체육진흥기금","국민체육진흥계정","문화및관광","체육","전문체육육성","체육인복지사업","장애체육인 복지사업","장애체육인복지사업","6025000","6025000","5130359","100.0","85.2"
"2024","민간이전","민간경상보조","문화체육관광부","국민체육진흥기금","국민체육진흥계정","문화및관광","체육","스포츠산업 육성","스포츠산업 연구 및 기술개발(R&D)","스포츠과학 지원","지역스포츠 과학거점 운영","5506000","5306000","4966939","96.4","93.6"
"2024","민간이전","민간경상보조","문화체육관광부","국민체육진흥기금","국민체육진흥계정","문화및관광","체육","스포츠산업 육성","기금조성 기반시설 지원","국민체육진흥공단 운영지원","국민체육진흥공단 운영지원","49983000","49983000","49981466","100.0","100.0"
"2024","민간이전","민간경상보조","문화체육관광부","국민체육진흥기금","국민체육진흥계정","문화및관광","체육","스포츠산업 육성","기금조성 기반시설 지원","올림픽스포츠콤플렉스 조성","국민체육진흥공단 스포츠가치센터 운영","5023000","5023000","3493405","100.0","69.5"
"2024","민간이전","민간경상보조","문화체육관광부","국민체육진흥기금","국민체육진흥계정","문화및관광","체육","스포츠산업 육성","기금조성 기반시설 지원","올림픽스포츠콤플렉스 조성","원주 스포츠가치센터 건립 ","0","0","0","0","0"
"2024","민간이전","민간경상보조","문화체육관광부","국민체육진흥기금","국민체육진흥계정","문화및관광","체육","스포츠산업 육성","기금조성 기반시설 지원","올림픽스포츠콤플렉스 조성","올림픽공원 노후시설 정비","859000","859000","802753","100.0","93.5"
"2024","민간이전","민간경상보조","문화체육관광부","국민체육진흥기금","국민체육진흥계정","문화및관광","체육","스포츠산업 육성","기금조성 기반시설 지원","올림픽스포츠콤플렉스 조성","서울올림픽 유산복구","0","0","0","0","0"
"2024","민간이전","민간경상보조","문화체육관광부","국민체육진흥기금","국민체육진흥계정","문화및관광","체육","스포츠산업 육성","스포츠산업 활성화","스포츠산업활성화지원","지역스포츠산업지원(민간경상보조)","980000","980000","976264","100.0","99.6"
"2024","민간이전","민간경상보조","문화체육관광부","국민체육진흥기금","국민체육진흥계정","문화및관광","체육","스포츠산업 육성","스포츠산업 활성화","스포츠산업활성화지원","기업경영지원","14590000","14590000","12732528","100.0","87.3"
"2024","민간이전","민간경상보조","문화체육관광부","국민체육진흥기금","국민체육진흥계정","문화및관광","체육","스포츠산업 육성","스포츠산업 활성화","스포츠산업활성화지원","일자리창업지원","14668000","14668000","14520155","100.0","99.0"
"2024","민간이전","민간경상보조","문화체육관광부","국민체육진흥기금","국민체육진흥계정","문화및관광","체육","스포츠산업 육성","스포츠산업 활성화","스포츠산업활성화지원","첨단기술기반산업혁신","9850000","8850000","8448288","89.8","95.5"
"2024","민간이전","민간경상보조","문화체육관광부","국민체육진흥기금","국민체육진흥계정","문화및관광","체육","스포츠산업 육성","스포츠산업 활성화","스포츠산업활성화지원","스마트기술 활용 종목 활성화","400000","400000","370046","100.0","92.5"
"2024","민간이전","민간경상보조","문화체육관광부","국민체육진흥기금","국민체육진흥계정","문화및관광","체육","국제스포츠역량강화","국제스포츠 교류 활성화","국제체육교류 지원","남북체육 교류","0","0","0","0","0"
"2024","민간이전","민간경상보조","문화체육관광부","국민체육진흥기금","국민체육진흥계정","문화및관광","체육","국제스포츠역량강화","국제스포츠 교류 활성화","국제체육교류 지원","청소년 스포츠교류","2483000","2483000","2249428","100.0","90.6"
"2024","민간이전","민간경상보조","문화체육관광부","국민체육진흥기금","국민체육진흥계정","문화및관광","체육","국제스포츠역량강화","국제스포츠 교류 활성화","국제체육교류 지원","국제체육교류","2216000","2216000","1751153","100.0","79.0"
"2024","민간이전","민간경상보조","문화체육관광부","국민체육진흥기금","국민체육진흥계정","문화및관광","체육","국제스포츠역량강화","국제스포츠 교류 활성화","국제체육교류 지원","국제대회 참가 지원","9468000","9468000","7944813","100.0","83.9"
"2024","민간이전","민간경상보조","문화체육관광부","국민체육진흥기금","국민체육진흥계정","문화및관광","체육","국제스포츠역량강화","국제스포츠 교류 활성화","도핑방지활동지원","한국도핑방지위원회 운영 지원","3937000","3937000","3913666","100.0","99.4"
"2024","민간이전","민간경상보조","문화체육관광부","국민체육진흥기금","국민체육진흥계정","문화및관광","체육","국제스포츠역량강화","국제스포츠 교류 활성화","도핑방지활동지원","도핑방지위원회 활동 지원","5527000","5527000","5428207","100.0","98.2"
"2024","민간이전","민간경상보조","문화체육관광부","국민체육진흥기금","국민체육진흥계정","문화및관광","체육","국제스포츠역량강화","국제스포츠 교류 활성화","도핑방지활동지원","도핑컨트롤센터 기능보강(민간보조)","400000","400000","399700","100.0","99.9"
"2024","민간이전","민간경상보조","문화체육관광부","국민체육진흥기금","국민체육진흥계정","문화및관광","체육","국제스포츠역량강화","국제스포츠 교류 활성화","국제대회 국내개최 지원","종목별 국제대회 개최지원","3600000","3600000","3490880","100.0","97.0"
"2024","민간이전","민간경상보조","문화체육관광부","국민체육진흥기금","국민체육진흥계정","문화및관광","체육","국제스포츠역량강화","국제스포츠 교류 활성화","국제대회 국내개최 지원","국제대회 유치, 개최 역량 강화","500000","500000","450342","100.0","90.1"
"2024","민간이전","민간경상보조","문화체육관광부","국민체육진흥기금","국민체육진흥계정","문화및관광","체육","국제스포츠역량강화","국제스포츠 교류 활성화","국제대회 국내개최 지원","올림픽 유치지원","1000000","1000000","379806","100.0","38.0"
"2024","민간이전","민간경상보조","문화체육관광부","국민체육진흥기금","국민체육진흥계정","문화및관광","체육","국제스포츠역량강화","국제스포츠 교류 활성화","국제대회 국내개최 지원","2024부산세계탁구선수권대회 지원","540000","540000","521090","100.0","96.5"
"2024","민간이전","민간경상보조","문화체육관광부","국민체육진흥기금","국민체육진흥계정","문화및관광","체육","국제스포츠역량강화","국제스포츠 교류 활성화","국제대회 국내개최 지원","2024강원동계청소년올림픽 문화프로그램(조직위)","0","0","0","0","0"
"2024","민간이전","민간경상보조","문화체육관광부","국민체육진흥기금","국민체육진흥계정","문화및관광","체육","국제스포츠역량강화","국제스포츠 교류 활성화","국제대회 국내개최 지원","2027 충청권하계세계대학경기대회 지원(조직위)","21748000","18595000","18520829","85.5","99.6"
"2024","민간이전","민간경상보조","문화체육관광부","국민체육진흥기금","국민체육진흥계정","문화및관광","체육","국제스포츠역량강화","국제스포츠 교류 활성화","태권도 진흥","태권도 교육·연구 ","415000","415000","387583","100.0","93.4"
"2024","민간이전","민간경상보조","문화체육관광부","국민체육진흥기금","국민체육진흥계정","문화및관광","체육","국제스포츠역량강화","국제스포츠 교류 활성화","태권도 진흥","태권도 세계화","11933000","11933000","10993269","100.0","92.1"
"2024","민간이전","민간경상보조","문화체육관광부","국민체육진흥기금","국민체육진흥계정","문화및관광","체육","국제스포츠역량강화","국제스포츠 교류 활성화","태권도 진흥","태권도 산업화","1065000","1065000","989782","100.0","92.9"
"2024","민간이전","민간경상보조","문화체육관광부","국민체육진흥기금","국민체육진흥계정","문화및관광","체육","국제스포츠역량강화","국제스포츠 교류 활성화","태권도 진흥","생활태권도 활성화","0","0","0","0","0"
"2024","민간이전","민간경상보조","문화체육관광부","국민체육진흥기금","국민체육진흥계정","문화및관광","체육","국제스포츠역량강화","국제스포츠 교류 활성화","태권도 진흥","태권도 관광 육성 ","560000","560000","519152","100.0","92.7"
"2024","민간이전","민간경상보조","문화체육관광부","국민체육진흥기금","국민체육진흥계정","문화및관광","체육","국제스포츠역량강화","국제스포츠 교류 활성화","태권도진흥재단 운영(보조) 지원","태권도진흥재단 운영","6202000","6202000","5885660","100.0","94.9"
"2024","민간이전","민간경상보조","문화체육관광부","국민체육진흥기금","국민체육진흥계정","문화및관광","체육","국제스포츠역량강화","국제스포츠 교류 활성화","태권도진흥재단 운영(보조) 지원","태권도 진흥기반 조성","12593000","12593000","12447240","100.0","98.8"
"2024","민간이전","민간경상보조","문화체육관광부","국민체육진흥기금","국민체육진흥계정","문화및관광","체육","국제스포츠역량강화","국제스포츠 교류 활성화","개도국 스포츠 발전지원","개도국선수 합동 훈련과정","720000","720000","639149","100.0","88.8"
"2024","민간이전","민간경상보조","문화체육관광부","국민체육진흥기금","국민체육진흥계정","문화및관광","체육","국제스포츠역량강화","국제스포츠 교류 활성화","개도국 스포츠 발전지원","개도국 스포츠 지도자 교육과정","1504000","1504000","1438223","100.0","95.6"
"2024","민간이전","민간경상보조","문화체육관광부","국민체육진흥기금","국민체육진흥계정","문화및관광","체육","국제스포츠역량강화","국제스포츠 교류 활성화","개도국 스포츠 발전지원","개도국 스포츠행정가 교육과정","2248000","2248000","2139799","100.0","95.2"
"2024","민간이전","민간경상보조","문화체육관광부","국민체육진흥기금","국민체육진흥계정","문화및관광","체육","국제스포츠역량강화","국제스포츠 교류 활성화","개도국 스포츠 발전지원","스포츠 동반자프로그램","1541000","1541000","1494616","100.0","97.0"
"2024","민간이전","민간경상보조","문화체육관광부","국민체육진흥기금","국민체육진흥계정","문화및관광","체육","장애인체육육성","장애인체육 육성","장애인체육단체 운영지원","대한장애인체육회 운영지원","9980000","9980000","9152627","100.0","91.7"
"2024","민간이전","민간경상보조","문화체육관광부","국민체육진흥기금","국민체육진흥계정","문화및관광","체육","장애인체육육성","장애인체육 육성","장애인체육단체 운영지원","이천선수촌 지원","6628000","6628000","6518068","100.0","98.3"
"2024","민간이전","민간경상보조","문화체육관광부","국민체육진흥기금","국민체육진흥계정","문화및관광","체육","장애인체육육성","장애인체육 육성","장애인체육단체 운영지원","장애인체육 가맹단체 지원","7490000","7490000","7074750","100.0","94.5"
"2024","민간이전","민간경상보조","문화체육관광부","국민체육진흥기금","국민체육진흥계정","문화및관광","체육","장애인체육육성","장애인체육 육성","장애인체육단체 운영지원","장애인체육 시도지회 지원","1683000","1683000","1662495","100.0","98.8"
"2024","민간이전","민간경상보조","문화체육관광부","국민체육진흥기금","국민체육진흥계정","문화및관광","체육","장애인체육육성","장애인체육 육성","장애인체육단체 운영지원","장애인체육 법인단체 지원","5831000","5831000","5560325","100.0","95.4"
"2024","민간이전","민간경상보조","문화체육관광부","국민체육진흥기금","국민체육진흥계정","문화및관광","체육","장애인체육육성","장애인체육 육성","장애인체육단체 운영지원","차세대 종합정보시스템 구축","5982000","5982000","5910067","100.0","98.8"
"2024","민간이전","민간경상보조","문화체육관광부","국민체육진흥기금","국민체육진흥계정","문화및관광","체육","장애인체육육성","장애인체육 육성","장애인생활체육지원","장애인 생활체육 활동 지원","5085000","5085000","4997702","100.0","98.3"
"2024","민간이전","민간경상보조","문화체육관광부","국민체육진흥기금","국민체육진흥계정","문화및관광","체육","장애인체육육성","장애인체육 육성","장애인생활체육지원","장애인 생활체육 인식 개선 및 홍보","857000","857000","844394","100.0","98.5"
"2024","민간이전","민간경상보조","문화체육관광부","국민체육진흥기금","국민체육진흥계정","문화및관광","체육","장애인체육육성","장애인체육 육성","장애인생활체육지원","장애인생활체육 지도자 배치 및 관리(민간보조)","1259000","1259000","1217702","100.0","96.7"
"2024","민간이전","민간경상보조","문화체육관광부","국민체육진흥기금","국민체육진흥계정","문화및관광","체육","장애인체육육성","장애인체육 육성","장애인생활체육지원","장애인 체력인증센터 운영","3133000","3133000","2896590","100.0","92.5"
"2024","민간이전","민간경상보조","문화체육관광부","국민체육진흥기금","국민체육진흥계정","문화및관광","체육","장애인체육육성","장애인체육 육성","장애인생활체육지원","장애인 국내대회 지원(민간보조)","2190000","2190000","2118529","100.0","96.7"
"2024","민간이전","민간경상보조","문화체육관광부","국민체육진흥기금","국민체육진흥계정","문화및관광","체육","장애인체육육성","장애인체육 육성","장애인생활체육지원","장애인체육 가상현실 스포츠 체험공간 조성","0","0","0","0","0"
"2024","민간이전","민간경상보조","문화체육관광부","국민체육진흥기금","국민체육진흥계정","문화및관광","체육","장애인체육육성","장애인체육 육성","장애인전문체육 및 국제체육지원","장애인선수 육성지원","20743000","20743000","20081149","100.0","96.8"
"2024","민간이전","민간경상보조","문화체육관광부","국민체육진흥기금","국민체육진흥계정","문화및관광","체육","장애인체육육성","장애인체육 육성","장애인전문체육 및 국제체육지원","장애인동계스포츠 육성","2731000","2731000","2675978","100.0","98.0"
"2024","민간이전","민간경상보조","문화체육관광부","국민체육진흥기금","국민체육진흥계정","문화및관광","체육","장애인체육육성","장애인체육 육성","장애인전문체육 및 국제체육지원","장애인전국체전 및 국제대회지원(민간경상보조)","3710000","3710000","3484685","100.0","93.9"
"2024","민간이전","민간경상보조","문화체육관광부","국민체육진흥기금","국민체육진흥계정","문화및관광","체육","장애인체육육성","장애인체육 육성","장애인전문체육 및 국제체육지원","국제대회 참가 등 지원","10718000","10718000","10373269","100.0","96.8"
"2024","민간이전","민간경상보조","문화체육관광부","국민체육진흥기금","국민체육진흥계정","문화및관광","체육","장애인체육육성","장애인체육 육성","장애인전문체육 및 국제체육지원","장애인실업팀 육성","1940000","1940000","1735336","100.0","89.5"
"2024","민간이전","민간경상보조","문화체육관광부","국민체육진흥기금","국민체육진흥계정","문화및관광","체육","장애인체육육성","장애인체육 육성","장애인전문체육 및 국제체육지원","전임지도자 배치","788000","788000","690225","100.0","87.6"
"2024","민간이전","민간경상보조","문화체육관광부","국민체육진흥기금","국민체육진흥계정","문화및관광","체육","장애인체육육성","장애인체육 육성","장애인전문체육 및 국제체육지원","장애인 스포츠과학화 지원","799000","799000","775248","100.0","97.0"
"2024","민간이전","민간경상보조","문화체육관광부","국민체육진흥기금","국민체육진흥계정","문화및관광","체육","장애인체육육성","장애인체육 육성","장애인전문체육 및 국제체육지원","장애인은퇴선수 지원","353000","353000","352366","100.0","99.8"
"2024","민간이전","민간경상보조","문화체육관광부","국민체육진흥기금","국민체육진흥계정","문화및관광","체육","장애인체육육성","장애인체육 육성","장애인전문체육 및 국제체육지원","장애인국제스포츠 교류","514000","514000","501793","100.0","97.6"
"2024","민간이전","민간경상보조","문화체육관광부","국민체육진흥기금","국민체육진흥계정","문화및관광","체육","장애인체육육성","장애인체육 육성","장애인전문체육 및 국제체육지원","스포츠등급분류 지원","600000","600000","534270","100.0","89.0"
"2024","민간이전","민간경상보조","문화체육관광부","국민체육진흥기금","사행산업중독예방치유계정","문화및관광","체육","생활체육육성","도박문제 예방 치유","도박문제 예방치유사업","도박문제 예방홍보","2190000","2190000","2129678","100.0","97.2"
"2024","민간이전","민간경상보조","문화체육관광부","국민체육진흥기금","사행산업중독예방치유계정","문화및관광","체육","생활체육육성","도박문제 예방 치유","도박문제 예방치유사업","도박중독 치유재활","12990000","12990000","12371099","100.0","95.2"
"2024","민간이전","민간경상보조","문화체육관광부","국민체육진흥기금","사행산업중독예방치유계정","문화및관광","체육","생활체육육성","도박문제 예방 치유","도박문제 예방치유사업","한국도박문제관리센터 운영","9246000","9246000","8445039","100.0","91.3"
"2024","민간이전","민간경상보조","문화체육관광부","문화예술진흥기금"," ","문화및관광","문화예술","창의적문화정책구현","전통문화 진흥","한스타일 육성지원","전통문화포털 운영 및 활성화","210000","210000","202062","100.0","96.2"
"2024","민간이전","민간경상보조","문화체육관광부","문화예술진흥기금"," ","문화및관광","문화예술","창의적문화정책구현","전통문화 진흥","한스타일 육성지원","한지분야 육성지원","1450000","1450000","1365362","100.0","94.2"
"2024","민간이전","민간경상보조","문화체육관광부","문화예술진흥기금"," ","문화및관광","문화예술","창의적문화정책구현","전통문화 진흥","한스타일 육성지원","한복 분야 육성 지원","7293000","7293000","7270316","100.0","99.7"
"2024","민간이전","민간경상보조","문화체육관광부","문화예술진흥기금"," ","문화및관광","문화예술","창의적문화정책구현","전통문화 진흥","한스타일 육성지원","한식문화 진흥기반 구축","1107000","1107000","1065225","100.0","96.2"
"2024","민간이전","민간경상보조","문화체육관광부","문화예술진흥기금"," ","문화및관광","문화예술","창의적문화정책구현","국제문화교류","문화예술 해외교류","한중일 문화교류","880000","880000","867956","100.0","98.6"
"2024","민간이전","민간경상보조","문화체육관광부","문화예술진흥기금"," ","문화및관광","문화예술","창의적문화정책구현","국제문화교류","문화예술 해외교류","우수프로그램 권역별 순회 지원 ","843000","843000","803133","100.0","95.3"
"2024","민간이전","민간경상보조","문화체육관광부","문화예술진흥기금"," ","문화및관광","문화예술","창의적문화정책구현","국제문화교류","문화예술 해외교류","국제문화교류 역량강화","30000","30000","25259","100.0","84.2"
"2024","민간이전","민간경상보조","문화체육관광부","문화예술진흥기금"," ","문화및관광","문화예술","예술의 진흥 및 생활화, 산업화","시각예술 진흥기반 구축","공예관광산업 육성","공예관광산업 육성","4827000","4827000","4674398","100.0","96.8"
"2024","민간이전","민간경상보조","문화체육관광부","문화예술진흥기금"," ","문화및관광","문화예술","예술의 창작역량 및 사회적 가치 제고","예술창작역량강화","예술창작 지원","문학창작의과정","30000","30000","29977","100.0","99.9"
"2024","민간이전","민간경상보조","문화체육관광부","문화예술진흥기금"," ","문화및관광","문화예술","예술의 창작역량 및 사회적 가치 제고","예술창작역량강화","예술창작 지원","시각예술창작의과정","90000","90000","89508","100.0","99.5"
"2024","민간이전","민간경상보조","문화체육관광부","문화예술진흥기금"," ","문화및관광","문화예술","예술의 창작역량 및 사회적 가치 제고","예술창작역량강화","예술창작 지원","시각예술창작산실","823000","823000","821779","100.0","99.9"
"2024","민간이전","민간경상보조","문화체육관광부","문화예술진흥기금"," ","문화및관광","문화예술","예술의 창작역량 및 사회적 가치 제고","예술창작역량강화","예술창작 지원","베니스비엔날레한국관운영","600000","600000","599975","100.0","100.0"
"2024","민간이전","민간경상보조","문화체육관광부","문화예술진흥기금"," ","문화및관광","문화예술","예술의 창작역량 및 사회적 가치 제고","예술창작역량강화","예술창작 지원","국제예술공동기금사업","300000","300000","299219","100.0","99.7"
"2024","민간이전","민간경상보조","문화체육관광부","문화예술진흥기금"," ","문화및관광","문화예술","예술의 창작역량 및 사회적 가치 제고","예술창작역량강화","예술창작 지원","ARKO한국창작음악제","396000","396000","395997","100.0","100.0"
"2024","민간이전","민간경상보조","문화체육관광부","문화예술진흥기금"," ","문화및관광","문화예술","예술의 창작역량 및 사회적 가치 제고","예술창작역량강화","예술창작 지원","다원예술활동지원","0","0","0","0","0"
"2024","민간이전","민간경상보조","문화체육관광부","문화예술진흥기금"," ","문화및관광","문화예술","예술의 창작역량 및 사회적 가치 제고","예술창작역량강화","예술창작 지원","어린이청소년을위한예술지원","0","0","0","0","0"
"2024","민간이전","민간경상보조","문화체육관광부","문화예술진흥기금"," ","문화및관광","문화예술","예술의 창작역량 및 사회적 가치 제고","예술창작역량강화","예술창작 지원","창작오페라 코리아 웨딩","300000","300000","300000","100.0","100.0"
"2024","민간이전","민간경상보조","문화체육관광부","문화예술진흥기금"," ","문화및관광","문화예술","예술의 창작역량 및 사회적 가치 제고","예술창작역량강화","예술창작 지원","어반브레이크 2024","200000","200000","199908","100.0","100.0"
"2024","민간이전","민간경상보조","문화체육관광부","문화예술진흥기금"," ","문화및관광","문화예술","예술의 창작역량 및 사회적 가치 제고","예술창작역량강화","예술창작 지원","문학창작주체지원","726000","682800","675160","94.0","98.9"
"2024","민간이전","민간경상보조","문화체육관광부","문화예술진흥기금"," ","문화및관광","문화예술","예술의 창작역량 및 사회적 가치 제고","예술창작역량강화","예술창작 지원","시각예술창작주체지원","210000","210000","209555","100.0","99.8"
"2024","민간이전","민간경상보조","문화체육관광부","문화예술진흥기금"," ","문화및관광","문화예술","예술의 창작역량 및 사회적 가치 제고","예술창작역량강화","예술창작 지원","공연예술창작의과정","1120000","1120000","1113357","100.0","99.4"
"2024","민간이전","민간경상보조","문화체육관광부","문화예술진흥기금"," ","문화및관광","문화예술","예술의 창작역량 및 사회적 가치 제고","예술창작역량강화","예술창작 지원","공연예술창작산실","10187000","10152000","10125818","99.7","99.7"
"2024","민간이전","민간경상보조","문화체육관광부","문화예술진흥기금"," ","문화및관광","문화예술","예술의 창작역량 및 사회적 가치 제고","예술창작역량강화","예술창작 지원","공연예술창작주체지원","14254000","14054000","14024295","98.6","99.8"
"2024","민간이전","민간경상보조","문화체육관광부","문화예술진흥기금"," ","문화및관광","문화예술","예술의 창작역량 및 사회적 가치 제고","예술창작역량강화","예술창작 지원","국제예술교류프로젝트지원","2055000","2055000","2039851","100.0","99.3"
"2024","민간이전","민간경상보조","문화체육관광부","문화예술진흥기금"," ","문화및관광","문화예술","예술의 창작역량 및 사회적 가치 제고","예술창작역량강화","예술창작 지원","기초예술다양성증진지원","1768000","1748000","1745914","98.9","99.9"
"2024","민간이전","민간경상보조","문화체육관광부","문화예술진흥기금"," ","문화및관광","문화예술","예술의 창작역량 및 사회적 가치 제고","예술창작역량강화","예술창작 지원","아르코공공예술","998000","998000","997757","100.0","100.0"
"2024","민간이전","민간경상보조","문화체육관광부","문화예술진흥기금"," ","문화및관광","문화예술","예술의 창작역량 및 사회적 가치 제고","예술창작역량강화","예술창작 지원","창작공간활성화지원(문학)","400000","396000","395573","99.0","99.9"
"2024","민간이전","민간경상보조","문화체육관광부","문화예술진흥기금"," ","문화및관광","문화예술","예술의 창작역량 및 사회적 가치 제고","예술창작역량강화","예술창작 지원","창작공간활성화지원(시각예술)","2800000","2760000","2727238","98.6","98.8"
"2024","민간이전","민간경상보조","문화체육관광부","문화예술진흥기금"," ","문화및관광","문화예술","예술의 창작역량 및 사회적 가치 제고","예술창작역량강화","예술창작 지원","창작공간활성화지원(공연예술)","5500000","5499800","5334443","100.0","97.0"
"2024","민간이전","민간경상보조","문화체육관광부","문화예술진흥기금"," ","문화및관광","문화예술","예술의 창작역량 및 사회적 가치 제고","예술창작역량강화","예술창작 지원","서울국제무용콩쿠르","650000","650000","650000","100.0","100.0"
"2024","민간이전","민간경상보조","문화체육관광부","문화예술진흥기금"," ","문화및관광","문화예술","예술의 창작역량 및 사회적 가치 제고","예술창작역량강화","예술창작 지원","2024 서울발레페스티벌","100000","100000","100000","100.0","100.0"
"2024","민간이전","민간경상보조","문화체육관광부","문화예술진흥기금"," ","문화및관광","문화예술","예술의 창작역량 및 사회적 가치 제고","예술창작역량강화","예술인력 육성","전통예술기획자양성프로젝트(전통공연예술진흥재단)","72000","72000","70869","100.0","98.4"
"2024","민간이전","민간경상보조","문화체육관광부","문화예술진흥기금"," ","문화및관광","문화예술","예술의 창작역량 및 사회적 가치 제고","예술창작역량강화","예술인력 육성","문화예술기관연수단원지원","8447920","8444920","8154855","100.0","96.6"
"2024","민간이전","민간경상보조","문화체육관광부","문화예술진흥기금"," ","문화및관광","문화예술","예술의 창작역량 및 사회적 가치 제고","예술창작역량강화","예술인력 육성","공연예술전문인력지원","2563000","2556000","2552241","99.7","99.9"
"2024","민간이전","민간경상보조","문화체육관광부","문화예술진흥기금"," ","문화및관광","문화예술","예술의 창작역량 및 사회적 가치 제고","예술창작역량강화","예술인력 육성","전문무용수지원센터운영지원","950000","950000","950000","100.0","100.0"
"2024","민간이전","민간경상보조","문화체육관광부","문화예술진흥기금"," ","문화및관광","문화예술","예술의 창작역량 및 사회적 가치 제고","예술창작역량강화","예술인력 육성","무대기술인턴십지원","1247680","1239400","1189222","99.3","96.0"
"2024","민간이전","민간경상보조","문화체육관광부","문화예술진흥기금"," ","문화및관광","문화예술","예술의 창작역량 및 사회적 가치 제고","예술창작역량강화","예술인력 육성","아르코청년예술가지원","2736000","2706000","2691549","98.9","99.5"
"2024","민간이전","민간경상보조","문화체육관광부","문화예술진흥기금"," ","문화및관광","문화예술","예술의 창작역량 및 사회적 가치 제고","예술창작역량강화","예술인력 육성","예비예술인 현장역량 및 예술생태계 강화","4000000","3895000","3861003","97.4","99.1"
"2024","민간이전","민간경상보조","문화체육관광부","문화예술진흥기금"," ","문화및관광","문화예술","예술의 창작역량 및 사회적 가치 제고","예술창작역량강화","예술인력 육성","창작뮤지컬아카데미","742000","742000","710409","100.0","95.7"
"2024","민간이전","민간경상보조","문화체육관광부","문화예술진흥기금"," ","문화및관광","문화예술","예술의 창작역량 및 사회적 가치 제고","예술창작역량강화","예술인력 육성","문화예술기관연수단원추가지원","238080","238050","205633","100.0","86.4"
"2024","민간이전","민간경상보조","문화체육관광부","문화예술진흥기금"," ","문화및관광","문화예술","예술의 창작역량 및 사회적 가치 제고","예술창작역량강화","예술인 생활안정자금","예술인생활안정자금(한국예술인복지재단)","907000","907000","887562","100.0","97.9"
"2024","민간이전","민간경상보조","문화체육관광부","문화예술진흥기금"," ","문화및관광","문화예술","예술의 창작역량 및 사회적 가치 제고","지역문화예술진흥","예술의 관광자원화","전통공연예술활성화","3410000","3410000","3343389","100.0","98.0"
"2024","민간이전","민간경상보조","문화체육관광부","문화예술진흥기금"," ","문화및관광","문화예술","예술의 창작역량 및 사회적 가치 제고","지역문화예술진흥","예술의 관광자원화","공연예술해외진출지원","1198000","1198000","1129133","100.0","94.3"
"2024","민간이전","민간경상보조","문화체육관광부","문화예술진흥기금"," ","문화및관광","문화예술","예술의 창작역량 및 사회적 가치 제고","예술향유기회 확대","예술가치의사회적확산","문화예술후원우수기관및후원매개단체인증","315000","315000","310254","100.0","98.5"
"2024","민간이전","민간경상보조","문화체육관광부","문화예술진흥기금"," ","문화및관광","문화예술","예술의 창작역량 및 사회적 가치 제고","예술향유기회 확대","예술가치의사회적확산","민간후원활성화지원(한국메세나협회)","3050000","3050000","3044222","100.0","99.8"
"2024","민간이전","민간경상보조","문화체육관광부","문화예술진흥기금"," ","문화및관광","문화예술","예술의 창작역량 및 사회적 가치 제고","예술향유기회 확대","예술가치의사회적확산","공연예술조사(예술경영지원센터)","319000","319000","309654","100.0","97.1"
"2024","민간이전","민간경상보조","문화체육관광부","문화예술진흥기금"," ","문화및관광","문화예술","예술의 창작역량 및 사회적 가치 제고","예술향유기회 확대","문화예술향유 지원","신나는예술여행","0","0","0","0","0"
"2024","민간이전","민간경상보조","문화체육관광부","문화예술진흥기금"," ","문화및관광","문화예술","예술의 창작역량 및 사회적 가치 제고","예술향유기회 확대","문화예술향유 지원","통합문화이용권(주관처지원)","1200000","1200000","1122553","100.0","93.5"
"2024","민간이전","민간경상보조","문화체육관광부","문화예술진흥기금"," ","문화및관광","문화예술","예술의 창작역량 및 사회적 가치 제고","예술향유기회 확대","문화예술향유 지원","신나는예술여행(아동)","4142572","4078849","4060938","98.5","99.6"
"2024","민간이전","민간경상보조","문화체육관광부","문화예술진흥기금"," ","문화및관광","문화예술","예술의 창작역량 및 사회적 가치 제고","예술향유기회 확대","문화예술향유 지원","신나는예술여행(청소년)","2908472","2904978","2888244","99.9","99.4"
"2024","민간이전","민간경상보조","문화체육관광부","문화예술진흥기금"," ","문화및관광","문화예술","예술의 창작역량 및 사회적 가치 제고","예술향유기회 확대","문화예술향유 지원","신나는예술여행(노년)","1503214","1494212","1480151","99.4","99.1"
"2024","민간이전","민간경상보조","문화체육관광부","문화예술진흥기금"," ","문화및관광","문화예술","예술의 창작역량 및 사회적 가치 제고","예술향유기회 확대","문화예술향유 지원","신나는예술여행(장애인)","1449214","1448148","1441785","99.9","99.6"
"2024","민간이전","민간경상보조","문화체육관광부","문화예술진흥기금"," ","문화및관광","문화예술","예술의 창작역량 및 사회적 가치 제고","예술향유기회 확대","문화예술향유 지원","신나는예술여행(특수)","1216743","1216717","1200614","100.0","98.7"
"2024","민간이전","민간경상보조","문화체육관광부","문화예술진흥기금"," ","문화및관광","문화예술","예술의 창작역량 및 사회적 가치 제고","예술향유기회 확대","문화예술향유 지원","신나는예술여행(일반)","1628786","1627679","1619221","99.9","99.5"
"2024","민간이전","민간경상보조","문화체육관광부","아시아문화중심도시조성특별회계"," ","문화및관광","문화예술","아시아문화중심도시조성","문화중심도시조성","아시아문화전당 콘텐츠 및 운영","(아시아문화전당 재단 지원) 콘텐츠 활용, 유통","7032000","7032000","7018084","100.0","99.8"
"2024","민간이전","민간경상보조","문화체육관광부","아시아문화중심도시조성특별회계"," ","문화및관광","문화예술","아시아문화중심도시조성","문화중심도시조성","아시아문화전당 콘텐츠 및 운영","(아시아문화전당 재단 지원) 국립아시아문화전당재단 운영","8400000","8400000","7907261","100.0","94.1"
"2024","민간이전","민간경상보조","문화체육관광부","아시아문화중심도시조성특별회계"," ","문화및관광","문화예술","아시아문화중심도시조성","문화중심도시조성","아시아문화전당 콘텐츠 및 운영","(아시아문화전당재단 지원) 문화관광 상품의 개발 및 제작, 보급","1100000","1100000","1094807","100.0","99.5"
"2024","민간이전","민간경상보조","문화체육관광부","아시아문화중심도시조성특별회계"," ","문화및관광","문화예술","아시아문화중심도시조성","문화중심도시조성","아시아문화역량강화지원사업(ODA)","라오스 디지털문화자원관리시스템 구축 및 문화콘텐츠 개발 역량강화사업","680000","680000","575278","100.0","84.6"
"2024","민간이전","민간경상보조","문화체육관광부","아시아문화중심도시조성특별회계"," ","문화및관광","문화예술","아시아문화중심도시조성","문화중심도시조성","아시아문화역량강화지원사업(ODA)","키르기즈공화국 디지털 문화자원관리시스템 구축 및 문화콘텐츠 개발 역량강화","680000","680000","606712","100.0","89.2"
"2024","민간이전","민간경상보조","문화체육관광부","언론진흥기금"," ","문화및관광","문화예술","문화미디어산업육성및지원","언론발전지원","뉴스정보 유통활성화","뉴스유통지원","464000","463976","463644","100.0","99.9"
"2024","민간이전","민간경상보조","문화체육관광부","언론진흥기금"," ","문화및관광","문화예술","문화미디어산업육성및지원","언론발전지원","뉴스정보 유통활성화","국제언론교류지원","150000","150000","150000","100.0","100.0"
"2024","민간이전","민간경상보조","문화체육관광부","언론진흥기금"," ","문화및관광","문화예술","문화미디어산업육성및지원","언론발전지원","뉴스미디어 저널리즘 신뢰성 제고","미디어교육사업","650000","645500","587592","99.3","91.0"
"2024","민간이전","민간경상보조","문화체육관광부","언론진흥기금"," ","문화및관광","문화예술","문화미디어산업육성및지원","언론발전지원","뉴스미디어 저널리즘 신뢰성 제고","신문윤리심의지원","2680000","2680000","2647241","100.0","98.8"
"2024","민간이전","민간경상보조","문화체육관광부","언론진흥기금"," ","문화및관광","문화예술","문화미디어산업육성및지원","언론발전지원","뉴스미디어 디지털 혁신 지원","뉴스콘텐츠생산지원","960000","960000","824934","100.0","85.9"
"2024","민간이전","민간경상보조","문화체육관광부","영화발전기금"," ","문화및관광","문화예술","콘텐츠산업 육성","영화산업 육성 및 지원","영화 창제작 지원","제작지원(장편극영화)","5272000","5122000","4956417","97.2","96.8"
"2024","민간이전","민간경상보조","문화체육관광부","영화발전기금"," ","문화및관광","문화예술","콘텐츠산업 육성","영화산업 육성 및 지원","영화 창제작 지원","기획개발지원 작가부문(경력초기/기성)","570000","570000","570000","100.0","100.0"
"2024","민간이전","민간경상보조","문화체육관광부","영화발전기금"," ","문화및관광","문화예술","콘텐츠산업 육성","영화산업 육성 및 지원","영화 창제작 지원","제작지원(단편)","401000","401000","398313","100.0","99.3"
"2024","민간이전","민간경상보조","문화체육관광부","영화발전기금"," ","문화및관광","문화예술","콘텐츠산업 육성","영화산업 육성 및 지원","영화 창제작 지원","제작지원(다큐)","993000","923000","918707","93.0","99.5"
"2024","민간이전","민간경상보조","문화체육관광부","영화발전기금"," ","문화및관광","문화예술","콘텐츠산업 육성","영화산업 육성 및 지원","영화 창제작 지원","기획개발지원 제작사부문(초기기획/영화화)","1000000","1000000","999010","100.0","99.9"
"2024","민간이전","민간경상보조","문화체육관광부","영화발전기금"," ","문화및관광","문화예술","콘텐츠산업 육성","영화산업 육성 및 지원","영화유통 지원","예술영화전용관지원","1584000","1524000","1524000","96.2","100.0"
"2024","민간이전","민간경상보조","문화체육관광부","영화발전기금"," ","문화및관광","문화예술","콘텐츠산업 육성","영화산업 육성 및 지원","영화유통 지원","시네마테크전용관 운영","420000","420000","420000","100.0","100.0"
"2024","민간이전","민간경상보조","문화체육관광부","영화발전기금"," ","문화및관광","문화예술","콘텐츠산업 육성","영화산업 육성 및 지원","영화유통 지원","독립영화전용관 지원","855000","855000","843921","100.0","98.7"
"2024","민간이전","민간경상보조","문화체육관광부","영화발전기금"," ","문화및관광","문화예술","콘텐츠산업 육성","영화산업 육성 및 지원","영화유통 지원","국제영화제 참가활동지원","132000","116062","116062","87.9","100.0"
"2024","민간이전","민간경상보조","문화체육관광부","영화발전기금"," ","문화및관광","문화예술","콘텐츠산업 육성","영화산업 육성 및 지원","영화유통 지원","독립영화제 개최 지원","296000","296000","295950","100.0","100.0"
"2024","민간이전","민간경상보조","문화체육관광부","영화발전기금"," ","문화및관광","문화예술","콘텐츠산업 육성","영화산업 육성 및 지원","영화유통 지원","국내 및 국제영화제 지원","2400000","2400000","2399606","100.0","100.0"
"2024","민간이전","민간경상보조","문화체육관광부","영화발전기금"," ","문화및관광","문화예술","콘텐츠산업 육성","영화산업 육성 및 지원","영화유통 지원","영화촬영지정보네트워크구축(해외영화 국내촬영 유치지원)","225000","225000","219794","100.0","97.7"
"2024","민간이전","민간경상보조","문화체육관광부","영화발전기금"," ","문화및관광","문화예술","콘텐츠산업 육성","영화산업 육성 및 지원","영화유통 지원","독립예술영화 개봉지원","1452000","1452000","1450037","100.0","99.9"
"2024","민간이전","민간경상보조","문화체육관광부","영화발전기금"," ","문화및관광","문화예술","콘텐츠산업 육성","영화산업 육성 및 지원","영화유통 지원","필름마켓 참가활동지원 (해외세일즈 지원)","400000","400000","396625","100.0","99.2"
"2024","민간이전","민간경상보조","문화체육관광부","영화발전기금"," ","문화및관광","문화예술","콘텐츠산업 육성","영화산업 육성 및 지원","영화유통 지원","JIMFF 뮤직필름마켓 지원","300000","300000","297148","100.0","99.0"
"2024","민간이전","민간경상보조","문화체육관광부","영화발전기금"," ","문화및관광","문화예술","콘텐츠산업 육성","영화산업 육성 및 지원","영화정책지원","한글자막 및 화면해설 컨텐츠 지원","1300000","1300000","1299824","100.0","100.0"
"2024","민간이전","민간경상보조","문화체육관광부","영화발전기금"," ","문화및관광","문화예술","콘텐츠산업 육성","영화산업 육성 및 지원","영화정책지원","찾아가는 영화관 운영지원","1300000","1206475","1195853","92.8","99.1"
"2024","민간이전","민간경상보조","문화체육관광부","영화발전기금"," ","문화및관광","문화예술","콘텐츠산업 육성","영화산업 육성 및 지원","영화정책지원","영화관 동시관람 장비도입 지원 ","3159000","3159000","3071422","100.0","97.2"
"2024","민간이전","민간경상보조","문화체육관광부","영화발전기금"," ","문화및관광","문화예술","콘텐츠산업 육성","영화산업 육성 및 지원","영화정책지원","장애인영화제 지원","80000","80000","79976","100.0","100.0"
"2024","민간이전","민간경상보조","문화체육관광부","영화발전기금"," ","문화및관광","문화예술","콘텐츠산업 육성","영화산업 육성 및 지원","영화영상 로케이션 지원","영화영상 로케이션 인센티브 지원","1024000","864000","864000","84.4","100.0"
"2024","민간이전","민간경상보조","문화체육관광부","일반회계"," ","문화및관광","문화예술","종교문화지원","종교문화활동 및 보존지원","종교문화활동지원","종교문화행사 지원(민족종교)","650000","650000","647462","100.0","99.6"
"2024","민간이전","민간경상보조","문화체육관광부","일반회계"," ","문화및관광","문화예술","종교문화지원","종교문화활동 및 보존지원","종교문화활동지원","생명문화존중사업(기독교)","304000","277000","276432","91.1","99.8"
"2024","민간이전","민간경상보조","문화체육관광부","일반회계"," ","문화및관광","문화예술","종교문화지원","종교문화활동 및 보존지원","종교문화활동지원","청소년 인성교육 활성화(기독교)","423000","391000","354841","92.4","90.8"
"2024","민간이전","민간경상보조","문화체육관광부","일반회계"," ","문화및관광","문화예술","종교문화지원","종교문화활동 및 보존지원","종교문화활동지원","종교문화행사 지원(기독교)","6311000","5988000","5946177","94.9","99.3"
"2024","민간이전","민간경상보조","문화체육관광부","일반회계"," ","문화및관광","문화예술","종교문화지원","종교문화활동 및 보존지원","종교문화활동지원","종교문화행사 지원(원불교)","476000","476000","474359","100.0","99.7"
"2024","민간이전","민간경상보조","문화체육관광부","일반회계"," ","문화및관광","문화예술","종교문화지원","종교문화활동 및 보존지원","종교문화활동지원","종교문화행사 지원(천도교)","1200000","1200000","1190079","100.0","99.2"
"2024","민간이전","민간경상보조","문화체육관광부","일반회계"," ","문화및관광","문화예술","종교문화지원","종교문화활동 및 보존지원","종교문화활동지원","종교문화행사 지원(유교)","978000","827000","797445","84.6","96.4"
"2024","민간이전","민간경상보조","문화체육관광부","일반회계"," ","문화및관광","문화예술","종교문화지원","종교문화활동 및 보존지원","종교문화활동지원","국제종교교류협력(불교)","1125000","1125000","1112895","100.0","98.9"
"2024","민간이전","민간경상보조","문화체육관광부","일반회계"," ","문화및관광","문화예술","종교문화지원","종교문화활동 및 보존지원","종교문화활동지원","청소년 인성교육 활성화(불교)","220000","220000","218845","100.0","99.5"
"2024","민간이전","민간경상보조","문화체육관광부","일반회계"," ","문화및관광","문화예술","종교문화지원","종교문화활동 및 보존지원","종교문화활동지원","종교문화행사 지원(불교)","8105000","8093000","8046134","99.9","99.4"
"2024","민간이전","민간경상보조","문화체육관광부","일반회계"," ","문화및관광","문화예술","종교문화지원","종교문화활동 및 보존지원","종교문화활동지원","국제종교교류협력(종교연합)","321000","308000","304439","96.0","98.8"
"2024","민간이전","민간경상보조","문화체육관광부","일반회계"," ","문화및관광","문화예술","종교문화지원","종교문화활동 및 보존지원","종교문화활동지원","이웃종교이해 및 종교연합활동 지원","790000","790000","768638","100.0","97.3"
"2024","민간이전","민간경상보조","문화체육관광부","일반회계"," ","문화및관광","문화예술","종교문화지원","종교문화활동 및 보존지원","종교문화활동지원","생명문화존중사업(불교)","80000","80000","79360","100.0","99.2"
"2024","민간이전","민간경상보조","문화체육관광부","일반회계"," ","문화및관광","문화예술","종교문화지원","종교문화활동 및 보존지원","종교문화활동지원","종교문화행사 지원(겨레얼)","650000","650000","628958","100.0","96.8"
"2024","민간이전","민간경상보조","문화체육관광부","일반회계"," ","문화및관광","문화예술","종교문화지원","종교문화활동 및 보존지원","종교문화활동지원","청소년 인성교육 활성화(원불교)","205000","205000","191169","100.0","93.3"
"2024","민간이전","민간경상보조","문화체육관광부","일반회계"," ","문화및관광","문화예술","종교문화지원","종교문화활동 및 보존지원","종교문화활동지원","청소년 인성교육 활성화(천도교)","84000","84000","72750","100.0","86.6"
"2024","민간이전","민간경상보조","문화체육관광부","일반회계"," ","문화및관광","문화예술","종교문화지원","종교문화활동 및 보존지원","종교문화활동지원","청소년 인성교육 활성화(유교)","84000","84000","83998","100.0","100.0"
"2024","민간이전","민간경상보조","문화체육관광부","일반회계"," ","문화및관광","문화예술","종교문화지원","종교문화활동 및 보존지원","종교문화활동지원","청소년 인성교육 활성화(민족종교)","84000","84000","84000","100.0","100.0"
"2024","민간이전","민간경상보조","문화체육관광부","일반회계"," ","문화및관광","문화예술","종교문화지원","종교문화활동 및 보존지원","종교문화활동지원","생명문화존중사업(원불교)","100000","100000","100000","100.0","100.0"
"2024","민간이전","민간경상보조","문화체육관광부","일반회계"," ","문화및관광","문화예술","종교문화지원","종교문화활동 및 보존지원","종교문화활동지원","종교계 인구구조변화 대응 캠페인 지원","2270000","1848000","1721491","81.4","93.2"
"2024","민간이전","민간경상보조","문화체육관광부","일반회계"," ","문화및관광","문화예술","종교문화지원","종교문화활동 및 보존지원","전통종교문화유산보존","한국천주교 사료 목록화 ","400000","400000","390850","100.0","97.7"
"2024","민간이전","민간경상보조","문화체육관광부","일반회계"," ","문화및관광","문화예술","종교문화지원","종교문화활동 및 보존지원","전통종교문화유산보존","호국불교연구 ","100000","100000","89564","100.0","89.6"
"2024","민간이전","민간경상보조","문화체육관광부","일반회계"," ","문화및관광","문화예술","종교문화지원","종교문화활동 및 보존지원","전통종교문화유산보존","기독교 사회운동사 정리보존","500000","500000","499704","100.0","99.9"
"2024","민간이전","민간경상보조","문화체육관광부","일반회계"," ","문화및관광","문화예술","종교문화지원","종교문화활동 및 보존지원","전통종교문화유산보존","천주교 조선교구 200주년 기념 신학대전 발간","230000","230000","228590","100.0","99.4"
"2024","민간이전","민간경상보조","문화체육관광부","일반회계"," ","문화및관광","문화예술","종교문화지원","종교문화활동 및 보존지원","전통종교문화유산보존","언해불전 음석 자전연구 및 편찬","150000","105000","104801","70.0","99.8"
"2024","민간이전","민간경상보조","문화체육관광부","일반회계"," ","문화및관광","문화예술","종교문화지원","종교문화활동 및 보존지원","전통종교문화유산보존","한국 기독교 기록문화 유산발굴 ","100000","100000","99975","100.0","100.0"
"2024","민간이전","민간경상보조","문화체육관광부","일반회계"," ","문화및관광","문화예술","종교문화지원","종교문화활동 및 보존지원","전통종교문화유산보존","한국불교문화콘텐츠 플랫폼 구축","1800000","1800000","1796643","100.0","99.8"
"2024","민간이전","민간경상보조","문화체육관광부","일반회계"," ","문화및관광","문화예술","종교문화지원","종교문화활동 및 보존지원","전통종교문화유산보존","불교기록문화유산 디지털화 사업","480000","480000","479999","100.0","100.0"
"2024","민간이전","민간경상보조","문화체육관광부","일반회계"," ","문화및관광","문화예술","종교문화지원","종교문화활동 및 보존지원","전통종교문화유산보존","고대 그리스도 문헌총서 번역","220000","220000","219497","100.0","99.8"
"2024","민간이전","민간경상보조","문화체육관광부","일반회계"," ","문화및관광","문화예술","종교문화지원","종교문화활동 및 보존지원","전통종교문화유산보존","한국전승문화대계결집 편찬지원","594000","594000","594000","100.0","100.0"
"2024","민간이전","민간경상보조","문화체육관광부","일반회계"," ","문화및관광","문화예술","종교문화지원","종교문화활동 및 보존지원","전통종교문화유산보존","원불교 기록유산 DB 및 활용시스템 구축","150000","150000","150000","100.0","100.0"
"2024","민간이전","민간경상보조","문화체육관광부","일반회계"," ","문화및관광","문화예술","종교문화지원","종교문화활동 및 보존지원","전통종교문화유산보존","K-불교 세계화 3D 디지털 아카이브 구축","700000","700000","596303","100.0","85.2"
"2024","민간이전","민간경상보조","문화체육관광부","일반회계"," ","문화및관광","문화예술","종교문화지원","종교문화활동 및 보존지원","전통종교문화유산보존","10.27법난기념관 치유시설 사업계획 보완지원","500000","25500","25500","5.1","100.0"
"2024","민간이전","민간경상보조","문화체육관광부","일반회계"," ","문화및관광","문화예술","종교문화지원","종교문화활동 및 보존지원","전통종교문화유산보존","통도사 소장 용악해견스님 인출 고려대장경 영인","600000","600000","600000","100.0","100.0"
"2024","민간이전","민간경상보조","문화체육관광부","일반회계"," ","문화및관광","문화예술","종교문화지원","종교문화활동 및 보존지원","전통종교문화유산보존","전통사찰 경내 지목 및 건축물 현황 조사","300000","300000","290846","100.0","96.9"
"2024","민간이전","민간경상보조","문화체육관광부","일반회계"," ","문화및관광","문화예술","종교문화지원","종교문화활동 및 보존지원","법난심의위원회 운영","10.27 법난 기념행사 지원","180000","180000","175803","100.0","97.7"
"2024","민간이전","민간경상보조","문화체육관광부","일반회계"," ","문화및관광","문화예술","콘텐츠산업 육성","문화콘텐츠산업 진흥 환경 조성","문화산업정책개발 및 평가","콘텐츠산업정보포털 운영","611000","611000","577546","100.0","94.5"
"2024","민간이전","민간경상보조","문화체육관광부","일반회계"," ","문화및관광","문화예술","콘텐츠산업 육성","문화콘텐츠산업 진흥 환경 조성","문화산업정책개발 및 평가","콘텐츠산업 정책연구 및 일자리 체질 개선","1163000","1163000","1051776","100.0","90.4"
"2024","민간이전","민간경상보조","문화체육관광부","일반회계"," ","문화및관광","문화예술","콘텐츠산업 육성","문화콘텐츠산업 진흥 환경 조성","문화산업정책개발 및 평가","콘텐츠 공정상생환경 조성","324000","324000","265167","100.0","81.8"
"2024","민간이전","민간경상보조","문화체육관광부","일반회계"," ","문화및관광","문화예술","콘텐츠산업 육성","문화콘텐츠산업 진흥 환경 조성","문화산업정책개발 및 평가","건전한 콘텐츠 이용환경 조성","442000","442000","416219","100.0","94.2"
"2024","민간이전","민간경상보조","문화체육관광부","일반회계"," ","문화및관광","문화예술","콘텐츠산업 육성","문화콘텐츠산업 진흥 환경 조성","문화콘텐츠 국제협력 및 수출기반 조성","콘텐츠 수출지원","43869000","43869000","40281468","100.0","91.8"
"2024","민간이전","민간경상보조","문화체육관광부","일반회계"," ","문화및관광","문화예술","콘텐츠산업 육성","문화콘텐츠산업 진흥 환경 조성","문화콘텐츠 국제협력 및 수출기반 조성","한류 교류 및 확산 지원","3483430","3483430","3373413","100.0","96.8"
"2024","민간이전","민간경상보조","문화체육관광부","일반회계"," ","문화및관광","문화예술","콘텐츠산업 육성","문화콘텐츠산업 진흥 환경 조성","문화콘텐츠 국제협력 및 수출기반 조성","한류 연관산업 지원","26386000","26386000","25505783","100.0","96.7"
"2024","민간이전","민간경상보조","문화체육관광부","일반회계"," ","문화및관광","문화예술","콘텐츠산업 육성","문화콘텐츠산업 진흥 환경 조성","문화콘텐츠 국제협력 및 수출기반 조성","해외진출 정책지원","63000","63000","61837","100.0","98.2"
"2024","민간이전","민간경상보조","문화체육관광부","일반회계"," ","문화및관광","문화예술","콘텐츠산업 육성","문화콘텐츠산업 진흥 환경 조성","문화콘텐츠 투자활성화","콘텐츠기업 투융자기반조성","4520000","4520000","4194745","100.0","92.8"
"2024","민간이전","민간경상보조","문화체육관광부","일반회계"," ","문화및관광","문화예술","콘텐츠산업 육성","문화콘텐츠산업 진흥 환경 조성","콘텐츠산업 생태계 조성","콘텐츠분야 인재육성","24440000","24440000","23844923","100.0","97.6"
"2024","민간이전","민간경상보조","문화체육관광부","일반회계"," ","문화및관광","문화예술","콘텐츠산업 육성","문화콘텐츠산업 진흥 환경 조성","콘텐츠산업 생태계 조성","콘텐츠 인재캠퍼스 운영","2819000","2819000","2406223","100.0","85.4"
"2024","민간이전","민간경상보조","문화체육관광부","일반회계"," ","문화및관광","문화예술","콘텐츠산업 육성","문화콘텐츠산업 진흥 환경 조성","콘텐츠산업 생태계 조성","콘텐츠 문화광장 운영","1003000","1003000","951429","100.0","94.9"
"2024","민간이전","민간경상보조","문화체육관광부","일반회계"," ","문화및관광","문화예술","콘텐츠산업 육성","문화콘텐츠산업 진흥 환경 조성","콘텐츠산업 생태계 조성","콘텐츠 기업육성 지원","24679000","24679000","24122619","100.0","97.7"
"2024","민간이전","민간경상보조","문화체육관광부","일반회계"," ","문화및관광","문화예술","콘텐츠산업 육성","문화콘텐츠산업 진흥 환경 조성","콘텐츠산업 생태계 조성","콘텐츠 체험관 조성","3000000","3000000","2512047","100.0","83.7"
"2024","민간이전","민간경상보조","문화체육관광부","일반회계"," ","문화및관광","문화예술","콘텐츠산업 육성","문화콘텐츠산업 진흥 환경 조성","콘텐츠산업 전문인력 양성지원(ODA)","인도네시아 디지털콘텐츠 전문인력 양성지원","750000","750000","739325","100.0","98.6"
"2024","민간이전","민간경상보조","문화체육관광부","일반회계"," ","문화및관광","문화예술","콘텐츠산업 육성","문화콘텐츠산업 육성","영상콘텐츠산업 육성","우수영상물 다국어 자막 제작 및 활용 지원","249000","249000","245795","100.0","98.7"
"2024","민간이전","민간경상보조","문화체육관광부","일반회계"," ","문화및관광","문화예술","콘텐츠산업 육성","문화콘텐츠산업 육성","영상콘텐츠산업 육성","애니메이션 제작지원","20889000","20889000","20605822","100.0","98.6"
"2024","민간이전","민간경상보조","문화체육관광부","일반회계"," ","문화및관광","문화예술","콘텐츠산업 육성","문화콘텐츠산업 육성","영상콘텐츠산업 육성","애니메이션 유통 및 홍보 활성화","500000","500000","482810","100.0","96.6"
"2024","민간이전","민간경상보조","문화체육관광부","일반회계"," ","문화및관광","문화예술","콘텐츠산업 육성","문화콘텐츠산업 육성","영상콘텐츠산업 육성","애니메이션 해외진출 지원","1060000","1060000","1029396","100.0","97.1"
"2024","민간이전","민간경상보조","문화체육관광부","일반회계"," ","문화및관광","문화예술","콘텐츠산업 육성","문화콘텐츠산업 육성","영상콘텐츠산업 육성","IP 융복합 라이선싱 기반 구축","158000","158000","142496","100.0","90.2"
"2024","민간이전","민간경상보조","문화체육관광부","일반회계"," ","문화및관광","문화예술","콘텐츠산업 육성","문화콘텐츠산업 육성","영상콘텐츠산업 육성","캐릭터 유통 활성화 지원","2026000","2026000","1964649","100.0","97.0"
"2024","민간이전","민간경상보조","문화체육관광부","일반회계"," ","문화및관광","문화예술","콘텐츠산업 육성","문화콘텐츠산업 육성","영상콘텐츠산업 육성","IP 융복합 라이선싱 사업화 지원","6849000","6849000","6604113","100.0","96.4"
"2024","민간이전","민간경상보조","문화체육관광부","일반회계"," ","문화및관광","문화예술","콘텐츠산업 육성","문화콘텐츠산업 육성","영상콘텐츠산업 육성","국제 다큐멘터리 마켓 지원","224000","224000","213302","100.0","95.2"
"2024","민간이전","민간경상보조","문화체육관광부","일반회계"," ","문화및관광","문화예술","콘텐츠산업 육성","문화콘텐츠산업 육성","영상콘텐츠산업 육성","애니메이션 기초역량 강화 지원","1773000","1773000","1752385","100.0","98.8"
"2024","민간이전","민간경상보조","문화체육관광부","일반회계"," ","문화및관광","문화예술","콘텐츠산업 육성","문화콘텐츠산업 육성","영상콘텐츠산업 육성","영상콘텐츠 소스데이터 공유 기반 구축","1500000","1500000","1487023","100.0","99.1"
"2024","민간이전","민간경상보조","문화체육관광부","일반회계"," ","문화및관광","문화예술","콘텐츠산업 육성","문화콘텐츠산업 육성","영상콘텐츠산업 육성","애니메이션 기획개발","3000000","3000000","2940403","100.0","98.0"
"2024","민간이전","민간경상보조","문화체육관광부","일반회계"," ","문화및관광","문화예술","콘텐츠산업 육성","문화콘텐츠산업 육성","영상콘텐츠산업 육성","만화산업 육성","22036000","22036000","20995764","100.0","95.3"
"2024","민간이전","민간경상보조","문화체육관광부","일반회계"," ","문화및관광","문화예술","콘텐츠산업 육성","문화콘텐츠산업 육성","음악산업 및 대중문화산업 육성","대중음악 제작 지원","22950000","22950000","22530523","100.0","98.2"
"2024","민간이전","민간경상보조","문화체육관광부","일반회계"," ","문화및관광","문화예술","콘텐츠산업 육성","문화콘텐츠산업 육성","음악산업 및 대중문화산업 육성","대중음악 유통 및 홍보 지원","4360000","4360000","4182814","100.0","95.9"
"2024","민간이전","민간경상보조","문화체육관광부","일반회계"," ","문화및관광","문화예술","콘텐츠산업 육성","문화콘텐츠산업 육성","음악산업 및 대중문화산업 육성","대중음악 해외진출 지원","6200000","6200000","5979496","100.0","96.4"
"2024","민간이전","민간경상보조","문화체육관광부","일반회계"," ","문화및관광","문화예술","콘텐츠산업 육성","문화콘텐츠산업 육성","음악산업 및 대중문화산업 육성","원로 대중문화예술인 활동지원","393000","393000","390861","100.0","99.5"
"2024","민간이전","민간경상보조","문화체육관광부","일반회계"," ","문화및관광","문화예술","콘텐츠산업 육성","문화콘텐츠산업 육성","음악산업 및 대중문화산업 육성","대중문화예술인 지원","1466000","1466000","1452080","100.0","99.1"
"2024","민간이전","민간경상보조","문화체육관광부","일반회계"," ","문화및관광","문화예술","콘텐츠산업 육성","문화콘텐츠산업 육성","음악산업 및 대중문화산업 육성","대중문화예술지원 인프라 운영","1000000","1000000","988471","100.0","98.8"
"2024","민간이전","민간경상보조","문화체육관광부","일반회계"," ","문화및관광","문화예술","콘텐츠산업 육성","문화콘텐츠산업 육성","음악산업 및 대중문화산업 육성","성장기 디자이너 해외 진출 지원","5862000","5862000","5725453","100.0","97.7"
"2024","민간이전","민간경상보조","문화체육관광부","일반회계"," ","문화및관광","문화예술","콘텐츠산업 육성","문화콘텐츠산업 육성","음악산업 및 대중문화산업 육성","형성기 디자이너 사업화 지원","924000","924000","904500","100.0","97.9"
"2024","민간이전","민간경상보조","문화체육관광부","일반회계"," ","문화및관광","문화예술","콘텐츠산업 육성","문화콘텐츠산업 육성","음악산업 및 대중문화산업 육성","성장기 디자이너 창작 지원","1840000","1840000","1815958","100.0","98.7"
"2024","민간이전","민간경상보조","문화체육관광부","일반회계"," ","문화및관광","문화예술","콘텐츠산업 육성","문화콘텐츠산업 육성","게임산업육성","건전 게임문화 확산 지원","6345000","6345000","6058181","100.0","95.5"
"2024","민간이전","민간경상보조","문화체육관광부","일반회계"," ","문화및관광","문화예술","콘텐츠산업 육성","문화콘텐츠산업 육성","게임산업육성","게임상용화 제작지원","24242000","24242000","23180964","100.0","95.6"
"2024","민간이전","민간경상보조","문화체육관광부","일반회계"," ","문화및관광","문화예술","콘텐츠산업 육성","문화콘텐츠산업 육성","게임산업육성","대한민국게임대상 개최지원","120000","120000","120000","100.0","100.0"
"2024","민간이전","민간경상보조","문화체육관광부","일반회계"," ","문화및관광","문화예술","콘텐츠산업 육성","문화콘텐츠산업 육성","게임산업육성","게임활성화 생태계 조성(게임 국가기술자격검정)","300000","300000","261564","100.0","87.2"
"2024","민간이전","민간경상보조","문화체육관광부","일반회계"," ","문화및관광","문화예술","콘텐츠산업 육성","문화콘텐츠산업 육성","게임산업육성","글로벌게임허브센터 운영","4216000","4216000","3922960","100.0","93.0"
"2024","민간이전","민간경상보조","문화체육관광부","일반회계"," ","문화및관광","문화예술","콘텐츠산업 육성","문화콘텐츠산업 육성","게임산업육성","이스포츠 활성화 지원(한국콘텐츠진흥원)","2415000","2415000","2305268","100.0","95.5"
"2024","민간이전","민간경상보조","문화체육관광부","일반회계"," ","문화및관광","문화예술","콘텐츠산업 육성","문화콘텐츠산업 육성","게임산업육성","이스포츠 활성화 지원(한국이스포츠협회)","2974000","2974000","2904661","100.0","97.7"
"2024","민간이전","민간경상보조","문화체육관광부","일반회계"," ","문화및관광","문화예술","콘텐츠산업 육성","문화콘텐츠산업 육성","게임산업육성","이스포츠 활성화 지원(국제이스포츠연맹)","360000","360000","359519","100.0","99.9"
"2024","민간이전","민간경상보조","문화체육관광부","일반회계"," ","문화및관광","문화예술","콘텐츠산업 육성","문화콘텐츠산업 육성","게임산업육성","기타 게임정책 지원(게임정책 연구)","2200000","2200000","2019993","100.0","91.8"
"2024","민간이전","민간경상보조","문화체육관광부","일반회계"," ","문화및관광","문화예술","콘텐츠산업 육성","문화콘텐츠산업 육성","게임산업육성","인재양성(게임인재원 운영)","5060000","5060000","4943806","100.0","97.7"
"2024","민간이전","민간경상보조","문화체육관광부","일반회계"," ","문화및관광","문화예술","콘텐츠산업 육성","문화콘텐츠산업 육성","게임산업육성","인재양성(게임마이스터고 운영지원)","0","0","0","0","0"
"2024","민간이전","민간경상보조","문화체육관광부","일반회계"," ","문화및관광","문화예술","콘텐츠산업 육성","문화콘텐츠산업 육성","게임산업육성","게임유통 지원","13318000","13318000","12454945","100.0","93.5"
"2024","민간이전","민간경상보조","문화체육관광부","일반회계"," ","문화및관광","문화예술","콘텐츠산업 육성","문화콘텐츠산업 육성","게임산업육성","게임기획 지원","5000000","5000000","4827544","100.0","96.6"
"2024","민간이전","민간경상보조","문화체육관광부","일반회계"," ","문화및관광","문화예술","콘텐츠산업 육성","문화콘텐츠산업 육성","신기술융합콘텐츠산업 육성","신기술융합콘텐츠 기업 육성 지원 ","0","0","0","0","0"
"2024","민간이전","민간경상보조","문화체육관광부","일반회계"," ","문화및관광","문화예술","콘텐츠산업 육성","문화콘텐츠산업 육성","신기술융합콘텐츠산업 육성","신기술융합콘텐츠 향유 인프라 조성","14000000","14000000","13509764","100.0","96.5"
"2024","민간이전","민간경상보조","문화체육관광부","일반회계"," ","문화및관광","문화예술","콘텐츠산업 육성","문화콘텐츠산업 육성","신기술융합콘텐츠산업 육성","인공지능 콘텐츠 제작 지원","9200000","9200000","9054055","100.0","98.4"
"2024","민간이전","민간경상보조","문화체육관광부","일반회계"," ","문화및관광","문화예술","콘텐츠산업 육성","문화콘텐츠산업 육성","한국콘텐츠진흥원 지원","한국콘텐츠진흥원 지원","38661000","38661000","38522361","100.0","99.6"
"2024","민간이전","민간경상보조","문화체육관광부","일반회계"," ","문화및관광","문화예술","콘텐츠산업 육성","문화콘텐츠산업 육성","한국영상자료원 지원","한국영상자료원 지원","14857000","14857000","14656396","100.0","98.6"
"2024","민간이전","민간경상보조","문화체육관광부","일반회계"," ","문화및관광","문화예술","콘텐츠산업 육성","문화콘텐츠산업 육성","영상물등급위원회 지원","영상물등급위원회 지원","7289000","7289000","6500374","100.0","89.2"
"2024","민간이전","민간경상보조","문화체육관광부","일반회계"," ","문화및관광","문화예술","콘텐츠산업 육성","문화콘텐츠산업 육성","게임물관리위원회 지원","게임물관리위원회 지원","14400000","14400000","13843101","100.0","96.1"
"2024","민간이전","민간경상보조","문화체육관광부","일반회계"," ","문화및관광","문화예술","콘텐츠산업 육성","문화콘텐츠산업 육성","이야기산업활성화","글로벌 스토리 발굴 육성","900000","900000","886643","100.0","98.5"
"2024","민간이전","민간경상보조","문화체육관광부","일반회계"," ","문화및관광","문화예술","콘텐츠산업 육성","문화콘텐츠산업 육성","이야기산업활성화","스토리텔러 양성","1245000","1245000","1136777","100.0","91.3"
"2024","민간이전","민간경상보조","문화체육관광부","일반회계"," ","문화및관광","문화예술","콘텐츠산업 육성","문화콘텐츠산업 육성","이야기산업활성화","국내외 스토리 유통 지원","2632000","2632000","2521218","100.0","95.8"
"2024","민간이전","민간경상보조","문화체육관광부","일반회계"," ","문화및관광","문화예술","콘텐츠산업 육성","문화콘텐츠산업 육성","한국콘텐츠진흥원 통합정보시스템 구축(정보화)","한국콘텐츠진흥원 통합정보시스템 구축","450000","450000","408887","100.0","90.9"
"2024","민간이전","민간경상보조","문화체육관광부","일반회계"," ","문화및관광","문화예술","건강한 저작권 생태계 조성","저작권 인식제고 및 보호활동 강화","한국저작권위원회 지원","한국저작권위원회 운영 지원(인건비)","10096000","10096000","10095724","100.0","100.0"
"2024","민간이전","민간경상보조","문화체육관광부","일반회계"," ","문화및관광","문화예술","건강한 저작권 생태계 조성","저작권 인식제고 및 보호활동 강화","한국저작권위원회 지원","한국저작권위원회 운영 지원(경상비)","1584000","1584000","1576567","100.0","99.5"
"2024","민간이전","민간경상보조","문화체육관광부","일반회계"," ","문화및관광","문화예술","건강한 저작권 생태계 조성","저작권 인식제고 및 보호활동 강화","한국저작권위원회 지원","한국저작권위원회 고유사업비 지원","2901000","2901000","2741780","100.0","94.5"
"2024","민간이전","민간경상보조","문화체육관광부","일반회계"," ","문화및관광","문화예술","건강한 저작권 생태계 조성","저작권 인식제고 및 보호활동 강화","저작권 문화기반 조성","중소기업 저작권 서비스 지원","0","0","0","0","0"
"2024","민간이전","민간경상보조","문화체육관광부","일반회계"," ","문화및관광","문화예술","건강한 저작권 생태계 조성","저작권 인식제고 및 보호활동 강화","저작권 문화기반 조성","저작권 공정거래 환경조성","540000","540000","508135","100.0","94.1"
"2024","민간이전","민간경상보조","문화체육관광부","일반회계"," ","문화및관광","문화예술","건강한 저작권 생태계 조성","저작권 인식제고 및 보호활동 강화","저작권 문화기반 조성","저작권 교육 ","2710000","2710000","2533840","100.0","93.5"
"2024","민간이전","민간경상보조","문화체육관광부","일반회계"," ","문화및관광","문화예술","건강한 저작권 생태계 조성","저작권 인식제고 및 보호활동 강화","저작권 문화기반 조성","저작권 홍보 ","1174000","1174000","1108139","100.0","94.4"
"2024","민간이전","민간경상보조","문화체육관광부","일반회계"," ","문화및관광","문화예술","건강한 저작권 생태계 조성","저작권 인식제고 및 보호활동 강화","저작권 문화기반 조성","차세대 저작권 원격교육시스템 구축 운영 ","1407000","1407000","1380034","100.0","98.1"
"2024","민간이전","민간경상보조","문화체육관광부","일반회계"," ","문화및관광","문화예술","건강한 저작권 생태계 조성","저작권 인식제고 및 보호활동 강화","저작권 문화기반 조성","저작권 전시체험환경 구축 운영 ","1010000","1010000","989212","100.0","97.9"
"2024","민간이전","민간경상보조","문화체육관광부","일반회계"," ","문화및관광","문화예술","건강한 저작권 생태계 조성","저작권 인식제고 및 보호활동 강화","저작권보호활동 활성화","저작권 해외사무소 구축 운영","1180000","1180000","1046905","100.0","88.7"
"2024","민간이전","민간경상보조","문화체육관광부","일반회계"," ","문화및관광","문화예술","건강한 저작권 생태계 조성","저작권 인식제고 및 보호활동 강화","저작권보호활동 활성화","해외 진출 저작권 인증서비스 운영","120000","120000","105918","100.0","88.3"
"2024","민간이전","민간경상보조","문화체육관광부","일반회계"," ","문화및관광","문화예술","건강한 저작권 생태계 조성","저작권 인식제고 및 보호활동 강화","저작권보호활동 활성화","민간주도 해외 저작권 보호체계 기반 구축","1800000","1800000","1719870","100.0","95.5"
"2024","민간이전","민간경상보조","문화체육관광부","일반회계"," ","문화및관광","문화예술","건강한 저작권 생태계 조성","저작권 인식제고 및 보호활동 강화","저작권보호활동 활성화","한국저작권보호원 지원","9226000","9226000","8861852","100.0","96.1"
"2024","민간이전","민간경상보조","문화체육관광부","일반회계"," ","문화및관광","문화예술","건강한 저작권 생태계 조성","저작권 인식제고 및 보호활동 강화","저작권보호활동 활성화","저작권보호심의위원회 운영","656000","656000","583067","100.0","88.9"
"2024","민간이전","민간경상보조","문화체육관광부","일반회계"," ","문화및관광","문화예술","건강한 저작권 생태계 조성","저작권 인식제고 및 보호활동 강화","저작권보호활동 활성화","온라인 저작권 침해 재택 모니터링","3366000","3366000","3196206","100.0","95.0"
"2024","민간이전","민간경상보조","문화체육관광부","일반회계"," ","문화및관광","문화예술","건강한 저작권 생태계 조성","저작권 인식제고 및 보호활동 강화","저작권보호활동 활성화","저작권 침해 종합대응체계 구축","5187000","5187000","5059324","100.0","97.5"
"2024","민간이전","민간경상보조","문화체육관광부","일반회계"," ","문화및관광","문화예술","건강한 저작권 생태계 조성","저작권 인식제고 및 보호활동 강화","저작권보호활동 활성화","불법복제물 현장단속 및 디지털 과학수사 지원","1653000","1653000","1468441","100.0","88.8"
"2024","민간이전","민간경상보조","문화체육관광부","일반회계"," ","문화및관광","문화예술","건강한 저작권 생태계 조성","저작권 인식제고 및 보호활동 강화","저작권보호활동 활성화","K-콘텐츠 내돈내산 프로젝트","1700000","1700000","1667338","100.0","98.1"
"2024","민간이전","민간경상보조","문화체육관광부","일반회계"," ","문화및관광","문화예술","건강한 저작권 생태계 조성","저작권 인식제고 및 보호활동 강화","저작권보호활동 활성화","맞춤형 해외 저작권 바우처 지원","400000","400000","388350","100.0","97.1"
"2024","민간이전","민간경상보조","문화체육관광부","일반회계"," ","문화및관광","문화예술","건강한 저작권 생태계 조성","저작권 인식제고 및 보호활동 강화","저작권보호활동 활성화","한류콘텐츠 불법복제물 유통실태조사","454000","454000","432177","100.0","95.2"
"2024","민간이전","민간경상보조","문화체육관광부","일반회계"," ","문화및관광","문화예술","건강한 저작권 생태계 조성","저작권 인식제고 및 보호활동 강화","저작권보호활동 활성화","한류콘텐츠 저작권 보호 기술지원","500000","500000","488658","100.0","97.7"
"2024","민간이전","민간경상보조","문화체육관광부","일반회계"," ","문화및관광","문화예술","건강한 저작권 생태계 조성","저작권 인식제고 및 보호활동 강화","저작권보호활동 활성화","디지털 불법복제 국제공조체계 지원","250000","250000","227662","100.0","91.1"
"2024","민간이전","민간경상보조","문화체육관광부","일반회계"," ","문화및관광","문화예술","건강한 저작권 생태계 조성","저작권 인식제고 및 보호활동 강화","저작권보호활동 활성화","저작권 침해대응 피해구제지원단 운영","300000","300000","255754","100.0","85.3"
"2024","민간이전","민간경상보조","문화체육관광부","일반회계"," ","문화및관광","문화예술","건강한 저작권 생태계 조성","저작권 인식제고 및 보호활동 강화","저작권보호활동 활성화","국제 저작권 교류협력 및 합법이용 활성화","493000","493000","446395","100.0","90.5"
"2024","민간이전","민간경상보조","문화체육관광부","일반회계"," ","문화및관광","문화예술","건강한 저작권 생태계 조성","저작권 인식제고 및 보호활동 강화","저작권보호활동 활성화","해외저작권 보호체계 강화","974000","974000","927589","100.0","95.2"
"2024","민간이전","민간경상보조","문화체육관광부","일반회계"," ","문화및관광","문화예술","건강한 저작권 생태계 조성","저작권 인식제고 및 보호활동 강화","저작권보호활동 활성화","언어별 저작권 침해정보 수집시스템 개발보급","700000","700000","681036","100.0","97.3"
"2024","민간이전","민간경상보조","문화체육관광부","일반회계"," ","문화및관광","문화예술","건강한 저작권 생태계 조성","저작권 인식제고 및 보호활동 강화","저작권보호활동 활성화","K-콘텐츠 침해 대응 사각지대 해소를 위한 민관협업 지원","0","0","0","0","0"
"2024","민간이전","민간경상보조","문화체육관광부","일반회계"," ","문화및관광","문화예술","건강한 저작권 생태계 조성","저작권 인식제고 및 보호활동 강화","저작권보호활동 활성화","해외 한류 저작권 지킴이 교육","200000","200000","180968","100.0","90.5"
"2024","민간이전","민간경상보조","문화체육관광부","일반회계"," ","문화및관광","문화예술","건강한 저작권 생태계 조성","저작권 인식제고 및 보호활동 강화","저작권 기술 및 표준화 지원","저작권기술 성능평가 및 표준화 지원 ","1304000","1304000","1234250","100.0","94.7"
"2024","민간이전","민간경상보조","문화체육관광부","일반회계"," ","문화및관광","문화예술","건강한 저작권 생태계 조성","저작물 이용 및 유통환경 조성","저작권 유통 지원 및 이용활성화","저작권 비즈니스 활성화 지원","986000","986000","968163","100.0","98.2"
"2024","민간이전","민간경상보조","문화체육관광부","일반회계"," ","문화및관광","문화예술","건강한 저작권 생태계 조성","저작물 이용 및 유통환경 조성","저작권 유통 지원 및 이용활성화","자유이용저작물 창조자원화","4427000","4427000","4285329","100.0","96.8"
"2024","민간이전","민간경상보조","문화체육관광부","일반회계"," ","문화및관광","문화예술","건강한 저작권 생태계 조성","저작물 이용 및 유통환경 조성","저작권 유통 지원 및 이용활성화","오픈소스SW 활용기반 구축","882000","882000","798970","100.0","90.6"
"2024","민간이전","민간경상보조","문화체육관광부","일반회계"," ","문화및관광","문화예술","건강한 저작권 생태계 조성","저작물 이용 및 유통환경 조성","저작권 유통 지원 및 이용활성화","저작권 이용정보 수집체계 구축 ","2403000","2403000","2373976","100.0","98.8"
"2024","민간이전","민간경상보조","문화체육관광부","일반회계"," ","문화및관광","문화예술","건강한 저작권 생태계 조성","저작물 이용 및 유통환경 조성","저작권 유통 지원 및 이용활성화","2024년 저작권 제도 개선 연구","36000","36000","33745","100.0","93.7"
"2024","민간이전","민간경상보조","문화체육관광부","일반회계"," ","문화및관광","문화예술","건강한 저작권 생태계 조성","저작물 이용 및 유통환경 조성","저작권 유통 지원 및 이용활성화","2024년 저작권 상생협의체 운영 지원","45000","45000","41196","100.0","91.5"
"2024","민간이전","민간경상보조","문화체육관광부","일반회계"," ","문화및관광","문화예술","건강한 저작권 생태계 조성","저작물 이용 및 유통환경 조성","저작권 유통 지원 및 이용활성화","2024년 매장음악 공연권 지원 체계 구축","70000","70000","67874","100.0","97.0"
"2024","민간이전","민간경상보조","문화체육관광부","일반회계"," ","문화및관광","문화예술","건강한 저작권 생태계 조성","저작물 이용 및 유통환경 조성","국가디지털콘텐츠식별체계구축(정보화)","국가디지털콘텐츠식별체계(UCI) 운영 및 활성화 ","1055000","1055000","1038732","100.0","98.5"
"2024","민간이전","민간경상보조","문화체육관광부","일반회계"," ","문화및관광","문화예술","건강한 저작권 생태계 조성","저작물 이용 및 유통환경 조성","국가디지털콘텐츠식별체계구축(정보화)","국가디지털콘텐츠식별체계(UCI)와 국제식별체계 연계","340000","340000","336678","100.0","99.0"
"2024","민간이전","민간경상보조","문화체육관광부","일반회계"," ","문화및관광","문화예술","건강한 저작권 생태계 조성","저작물 이용 및 유통환경 조성","저작권 정보관리 및 서비스(정보화)","등록저작물 영구보존환경 구축","1329000","1329000","1210575","100.0","91.1"
"2024","민간이전","민간경상보조","문화체육관광부","일반회계"," ","문화및관광","문화예술","건강한 저작권 생태계 조성","저작물 이용 및 유통환경 조성","저작권 정보관리 및 서비스(정보화)","저작권 정보관리시스템 통합 및 연계","662000","662000","661723","100.0","100.0"
"2024","민간이전","민간경상보조","문화체육관광부","일반회계"," ","문화및관광","문화예술","문화미디어산업육성및지원","미디어산업육성","미디어산업 기반구축","미디어시장조사","321000","321000","283319","100.0","88.3"
"2024","민간이전","민간경상보조","문화체육관광부","일반회계"," ","문화및관광","문화예술","문화미디어산업육성및지원","미디어산업육성","미디어산업 기반구축","우수콘텐츠 보급","1197000","1197000","1195922","100.0","99.9"
"2024","민간이전","민간경상보조","문화체육관광부","일반회계"," ","문화및관광","문화예술","문화미디어산업육성및지원","방송영상콘텐츠 및 광고산업 활성화","방송영상콘텐츠 산업 육성","서울드라마어워즈 개최지원","500000","500000","499350","100.0","99.9"
"2024","민간이전","민간경상보조","문화체육관광부","일반회계"," ","문화및관광","문화예술","문화미디어산업육성및지원","방송영상콘텐츠 및 광고산업 활성화","방송영상콘텐츠 산업 육성","방송 외주제작 실태조사","745000","745000","674150","100.0","90.5"
"2024","민간이전","민간경상보조","문화체육관광부","일반회계"," ","문화및관광","문화예술","문화미디어산업육성및지원","방송영상콘텐츠 및 광고산업 활성화","방송영상콘텐츠 산업 육성","K-글로벌 방송영상콘텐츠 교육과정 운영","1100000","1100000","1074826","100.0","97.7"
"2024","민간이전","민간경상보조","문화체육관광부","일반회계"," ","문화및관광","문화예술","문화미디어산업육성및지원","방송영상콘텐츠 및 광고산업 활성화","방송영상콘텐츠 산업 육성","방송영상콘텐츠 기획개발지원","6183000","6183000","5966203","100.0","96.5"
"2024","민간이전","민간경상보조","문화체육관광부","일반회계"," ","문화및관광","문화예술","문화미디어산업육성및지원","방송영상콘텐츠 및 광고산업 활성화","방송영상콘텐츠 산업 육성","방송영상콘텐츠 제작지원","76187000","76187000","72992927","100.0","95.8"
"2024","민간이전","민간경상보조","문화체육관광부","일반회계"," ","문화및관광","문화예술","문화미디어산업육성및지원","방송영상콘텐츠 및 광고산업 활성화","방송영상콘텐츠 산업 육성","OTTㆍ콘텐츠 특성화 대학원 지원","1916000","1916000","1874568","100.0","97.8"
"2024","민간이전","민간경상보조","문화체육관광부","일반회계"," ","문화및관광","문화예술","문화미디어산업육성및지원","방송영상콘텐츠 및 광고산업 활성화","방송영상콘텐츠 산업 육성","방송영상콘텐츠 해외진출 활성화 지원","3002000","3002000","2779319","100.0","92.6"
"2024","민간이전","민간경상보조","문화체육관광부","일반회계"," ","문화및관광","문화예술","문화미디어산업육성및지원","방송영상콘텐츠 및 광고산업 활성화","방송영상콘텐츠 산업 육성","국제방송문화 교류 지원(국제공동제작)","1325000","1325000","1291372","100.0","97.5"
"2024","민간이전","민간경상보조","문화체육관광부","일반회계"," ","문화및관광","문화예술","문화미디어산업육성및지원","방송영상콘텐츠 및 광고산업 활성화","방송영상콘텐츠 산업 육성","방송 제작현장 안전교육 및 응급의료 지원","300000","300000","298064","100.0","99.4"
"2024","민간이전","민간경상보조","문화체육관광부","일반회계"," ","문화및관광","문화예술","문화미디어산업육성및지원","방송영상콘텐츠 및 광고산업 활성화","방송영상콘텐츠 산업 육성","OTT·방송영상콘텐츠 전문인력 양성","1000000","1000000","975176","100.0","97.5"
"2024","민간이전","민간경상보조","문화체육관광부","일반회계"," ","문화및관광","문화예술","문화미디어산업육성및지원","방송영상콘텐츠 및 광고산업 활성화","방송영상콘텐츠 산업 육성","국내 OTT 글로벌 유통 활성화","5000000","5000000","4770887","100.0","95.4"
"2024","민간이전","민간경상보조","문화체육관광부","일반회계"," ","문화및관광","문화예술","문화미디어산업육성및지원","방송영상콘텐츠 및 광고산업 활성화","국제방송 지원","국제방송 지원","16704000","16704000","16681797","100.0","99.9"
"2024","민간이전","민간경상보조","문화체육관광부","일반회계"," ","문화및관광","문화예술","문화미디어산업육성및지원","방송영상콘텐츠 및 광고산업 활성화","광고산업 활성화","광고 전문인력 양성(청년 1인 광고콘텐츠 창작자 양성)","750000","750000","698949","100.0","93.2"
"2024","민간이전","민간경상보조","문화체육관광부","일반회계"," ","문화및관광","문화예술","문화미디어산업육성및지원","방송영상콘텐츠 및 광고산업 활성화","광고산업 활성화","광고 거래 활성화 지원 (광고산업 실태조사)","163000","163000","155703","100.0","95.5"
"2024","민간이전","민간경상보조","문화체육관광부","일반회계"," ","문화및관광","문화예술","문화미디어산업육성및지원","방송영상콘텐츠 및 광고산업 활성화","광고산업 활성화","광고 전문인력 양성 (광고 창작경연 지원)","450000","450000","437982","100.0","97.3"
"2024","민간이전","민간경상보조","문화체육관광부","일반회계"," ","문화및관광","문화예술","문화미디어산업육성및지원","출판산업육성","출판산업육성","책읽는 사회 문화기반 조성(이월)","0","0","105111","0","0"
"2024","민간이전","민간경상보조","문화체육관광부","일반회계"," ","문화및관광","문화예술","문화미디어산업육성및지원","출판산업육성","출판산업 활성화","우수 출판콘텐츠 육성","12429000","12429000","12226260","100.0","98.4"
"2024","민간이전","민간경상보조","문화체육관광부","일반회계"," ","문화및관광","문화예술","문화미디어산업육성및지원","출판산업육성","출판산업 활성화","출판산업 유통지원","600000","600000","599608","100.0","99.9"
"2024","민간이전","민간경상보조","문화체육관광부","일반회계"," ","문화및관광","문화예술","문화미디어산업육성및지원","출판산업육성","출판산업 활성화","출판산업 기반조성","1150000","1150000","1086782","100.0","94.5"
"2024","민간이전","민간경상보조","문화체육관광부","일반회계"," ","문화및관광","문화예술","문화미디어산업육성및지원","출판산업육성","출판산업 활성화","심의사업 등 기본사업비","872000","872000","836006","100.0","95.9"
"2024","민간이전","민간경상보조","문화체육관광부","일반회계"," ","문화및관광","문화예술","문화미디어산업육성및지원","출판산업육성","출판산업 활성화","한국출판문화산업진흥원 인건비","5036000","5036000","4584669","100.0","91.0"
"2024","민간이전","민간경상보조","문화체육관광부","일반회계"," ","문화및관광","문화예술","문화미디어산업육성및지원","출판산업육성","출판산업 활성화","한국출판문화산업진흥원 경상비","635000","635000","596056","100.0","93.9"
"2024","민간이전","민간경상보조","문화체육관광부","일반회계"," ","문화및관광","문화예술","문화미디어산업육성및지원","출판산업육성","출판산업 활성화","(출판산업 유통지원) 출판물 공정유통환경 조성","0","0","0","0","0"
"2024","민간이전","민간경상보조","문화체육관광부","일반회계"," ","문화및관광","문화예술","문화미디어산업육성및지원","출판산업육성","출판산업 활성화","디지털 기반 제작지원","5060000","5060000","4590786","100.0","90.7"
"2024","민간이전","민간경상보조","문화체육관광부","일반회계"," ","문화및관광","문화예술","문화미디어산업육성및지원","출판산업육성","출판산업 활성화","출판물 공정유통환경 조성","600000","600000","509721","100.0","85.0"
"2024","민간이전","민간경상보조","문화체육관광부","일반회계"," ","문화및관광","문화예술","문화미디어산업육성및지원","출판산업육성","출판산업 활성화","디지털 도서물류 지원","1250000","1250000","1109757","100.0","88.8"
"2024","민간이전","민간경상보조","문화체육관광부","일반회계"," ","문화및관광","문화예술","문화미디어산업육성및지원","출판산업육성","출판산업 활성화","소외계층 전자책 접근성 제고","1400000","1400000","1370750","100.0","97.9"
"2024","민간이전","민간경상보조","문화체육관광부","일반회계"," ","문화및관광","문화예술","문화미디어산업육성및지원","출판산업육성","출판산업 활성화","지역서점 활성화 지원","560000","560000","523039","100.0","93.4"
"2024","민간이전","민간경상보조","문화체육관광부","일반회계"," ","문화및관광","문화예술","문화미디어산업육성및지원","출판산업육성","출판산업 활성화","출판유통통합전산망 운영","1500000","1500000","1454751","100.0","97.0"
"2024","민간이전","민간경상보조","문화체육관광부","일반회계"," ","문화및관광","문화예술","문화미디어산업육성및지원","출판산업육성","출판산업 활성화","지역문화사회 기반 책읽기 수요창출","916000","916000","867917","100.0","94.8"
"2024","민간이전","민간경상보조","문화체육관광부","일반회계"," ","문화및관광","문화예술","문화미디어산업육성및지원","출판산업육성","출판산업 활성화","출판 수출 및 인력양성 지원","6801000","6801000","5759405","100.0","84.7"
"2024","민간이전","민간경상보조","문화체육관광부","일반회계"," ","문화및관광","문화예술","문화미디어산업육성및지원","출판산업육성","출판산업 활성화","출판산업 기초통계조사 및 정책개발","0","0","0","0","0"
"2024","민간이전","민간경상보조","문화체육관광부","일반회계"," ","문화및관광","문화예술","창의적문화정책구현","문화·인문 진흥","문화정책개발 및 진흥","여가친화인증제 운영","355000","355000","311940","100.0","87.9"
"2024","민간이전","민간경상보조","문화체육관광부","일반회계"," ","문화및관광","문화예술","창의적문화정책구현","문화·인문 진흥","문화정책개발 및 진흥","여가친화인증제","0","0","0","0","0"
"2024","민간이전","민간경상보조","문화체육관광부","일반회계"," ","문화및관광","문화예술","창의적문화정책구현","문화·인문 진흥","인문정신문화 사회적 확산 지원","인문정신문화 진흥 전담기관 운영 지원","500000","500000","444355","100.0","88.9"
"2024","민간이전","민간경상보조","문화체육관광부","일반회계"," ","문화및관광","문화예술","창의적문화정책구현","국어문화진흥","한국어 진흥기반 조성 및 확산","쉬운 우리말 쓰기 지원","1721000","1721000","1501316","100.0","87.2"
"2024","민간이전","민간경상보조","문화체육관광부","일반회계"," ","문화및관광","문화예술","창의적문화정책구현","국어문화진흥","한국어 진흥기반 조성 및 확산","한글 산업화 육성 및 지원","1800000","1800000","1686961","100.0","93.7"
"2024","민간이전","민간경상보조","문화체육관광부","일반회계"," ","문화및관광","문화예술","창의적문화정책구현","국어문화진흥","한국어 진흥기반 조성 및 확산","세종학당 운영지원","48715000","47413000","46121294","97.3","97.3"
"2024","민간이전","민간경상보조","문화체육관광부","일반회계"," ","문화및관광","문화예술","창의적문화정책구현","국어문화진흥","한국어 진흥기반 조성 및 확산","세종학당재단 운영지원","5466000","5466000","5455542","100.0","99.8"
"2024","민간이전","민간경상보조","문화체육관광부","일반회계"," ","문화및관광","문화예술","창의적문화정책구현","국어문화진흥","한국어 진흥기반 조성 및 확산","국외 한국어 확산 기반 현지화","6751000","6751000","6347320","100.0","94.0"
"2024","민간이전","민간경상보조","문화체육관광부","일반회계"," ","문화및관광","문화예술","창의적문화정책구현","국어문화진흥","한국어 진흥기반 조성 및 확산","특수언어 진흥기반 조성","4540000","4357000","4188601","96.0","96.1"
"2024","민간이전","민간경상보조","문화체육관광부","일반회계"," ","문화및관광","문화예술","창의적문화정책구현","국어문화진흥","한국어 진흥기반 조성 및 확산","국어문화원 지원","500000","500000","495581","100.0","99.1"
"2024","민간이전","민간경상보조","문화체육관광부","일반회계"," ","문화및관광","문화예술","창의적문화정책구현","국어문화진흥","한국어 진흥기반 조성 및 확산","범국민 언어문화개선 지원 사업","751000","751000","704175","100.0","93.8"
"2024","민간이전","민간경상보조","문화체육관광부","일반회계"," ","문화및관광","문화예술","창의적문화정책구현","국어문화진흥","한국어 진흥기반 조성 및 확산","학술용어 정비","580000","580000","563354","100.0","97.1"
"2024","민간이전","민간경상보조","문화체육관광부","일반회계"," ","문화및관광","문화예술","창의적문화정책구현","국어문화진흥","한국어 진흥기반 조성 및 확산","한글단체 행사 지원","880000","880000","867255","100.0","98.6"
"2024","민간이전","민간경상보조","문화체육관광부","일반회계"," ","문화및관광","문화예술","창의적문화정책구현","국어문화진흥","한국어 진흥기반 조성 및 확산","국립세계문자박물관 운영","15636000","15636000","14243146","100.0","91.1"
"2024","민간이전","민간경상보조","문화체육관광부","일반회계"," ","문화및관광","문화예술","창의적문화정책구현","전통문화 진흥","국학진흥 정책기반 조성","영남 국학진흥 지원","2694000","2694000","2592339","100.0","96.2"
"2024","민간이전","민간경상보조","문화체육관광부","일반회계"," ","문화및관광","문화예술","창의적문화정책구현","전통문화 진흥","국학진흥 정책기반 조성","호남 국학진흥 지원","2282000","2282000","2265562","100.0","99.3"
"2024","민간이전","민간경상보조","문화체육관광부","일반회계"," ","문화및관광","문화예술","창의적문화정책구현","전통문화 진흥","국학진흥 정책기반 조성","영남권역 국학진흥 청년일자리 창출","1900000","1900000","1869481","100.0","98.4"
"2024","민간이전","민간경상보조","문화체육관광부","일반회계"," ","문화및관광","문화예술","창의적문화정책구현","전통문화 진흥","국학진흥 정책기반 조성","충청 국학진흥 지원","1901000","1901000","1841085","100.0","96.8"
"2024","민간이전","민간경상보조","문화체육관광부","일반회계"," ","문화및관광","문화예술","창의적문화정책구현","전통문화 진흥","국학진흥 정책기반 조성","국학자료 활용 및 확산","2516000","2516000","2478077","100.0","98.5"
"2024","민간이전","민간경상보조","문화체육관광부","일반회계"," ","문화및관광","문화예술","창의적문화정책구현","전통문화 진흥","국학진흥 정책기반 조성","국학진흥 실버일자리 창출","500000","500000","493533","100.0","98.7"
"2024","민간이전","민간경상보조","문화체육관광부","일반회계"," ","문화및관광","문화예술","창의적문화정책구현","전통문화 진흥","국학진흥 정책기반 조성","강원 국학진흥 지원","1120000","1120000","1081548","100.0","96.6"
"2024","민간이전","민간경상보조","문화체육관광부","일반회계"," ","문화및관광","문화예술","창의적문화정책구현","전통문화 진흥","국학진흥 정책기반 조성","충청권역 국학진흥 청년일자리 창출","200000","200000","186677","100.0","93.3"
"2024","민간이전","민간경상보조","문화체육관광부","일반회계"," ","문화및관광","문화예술","창의적문화정책구현","전통문화 진흥","동학농민혁명 정신선양","동학농민혁명기념 정신선양사업 지원","1472000","1472000","1461851","100.0","99.3"
"2024","민간이전","민간경상보조","문화체육관광부","일반회계"," ","문화및관광","문화예술","창의적문화정책구현","전통문화 진흥","전통생활문화 진흥","전통서당문화 활성화 지원","0","0","0","0","0"
"2024","민간이전","민간경상보조","문화체육관광부","일반회계"," ","문화및관광","문화예술","창의적문화정책구현","전통문화 진흥","전통생활문화 진흥","전통 놀이문화 조성 및 확산","0","0","0","0","0"
"2024","민간이전","민간경상보조","문화체육관광부","일반회계"," ","문화및관광","문화예술","창의적문화정책구현","전통문화 진흥","전통생활문화 진흥","풍석 학술진흥 연구","0","0","0","0","0"
"2024","민간이전","민간경상보조","문화체육관광부","일반회계"," ","문화및관광","문화예술","창의적문화정책구현","전통문화 진흥","전통생활문화 진흥","세시풍속 맥잇기","0","0","0","0","0"
"2024","민간이전","민간경상보조","문화체육관광부","일반회계"," ","문화및관광","문화예술","창의적문화정책구현","전통문화 진흥","전통생활문화 진흥","전통문화 해외거점 조성","0","0","0","0","0"
"2024","민간이전","민간경상보조","문화체육관광부","일반회계"," ","문화및관광","문화예술","창의적문화정책구현","전통문화 진흥","전통생활문화 진흥","전통생활문화교육","0","0","0","0","0"
"2024","민간이전","민간경상보조","문화체육관광부","일반회계"," ","문화및관광","문화예술","창의적문화정책구현","전통문화 진흥","전통생활문화 진흥","전통문화 일상누림","0","0","0","0","0"
"2024","민간이전","민간경상보조","문화체육관광부","일반회계"," ","문화및관광","문화예술","창의적문화정책구현","전통문화 진흥","전통스토리 계승 및 활용","전통스토리 계승 및 활용(민간경상)","3112000","3112000","3082853","100.0","99.1"
"2024","민간이전","민간경상보조","문화체육관광부","일반회계"," ","문화및관광","문화예술","창의적문화정책구현","전통문화 진흥","전통스토리 계승 및 활용","이야기콘텐츠 활용 확산","1600000","1600000","1574405","100.0","98.4"
"2024","민간이전","민간경상보조","문화체육관광부","일반회계"," ","문화및관광","문화예술","창의적문화정책구현","전통문화 진흥","전통문화 창업 및 융합 활성화","전통문화 창업 활성화","4530000","4530000","4417934","100.0","97.5"
"2024","민간이전","민간경상보조","문화체육관광부","일반회계"," ","문화및관광","문화예술","창의적문화정책구현","전통문화 진흥","전통문화 창업 및 융합 활성화","전통문화 융합 활성화","1770000","1770000","1709524","100.0","96.6"
"2024","민간이전","민간경상보조","문화체육관광부","일반회계"," ","문화및관광","문화예술","창의적문화정책구현","국제문화교류","개도국 문화자원 역량강화(ODA)","문화동반자 사업","709000","709000","685217","100.0","96.6"
"2024","민간이전","민간경상보조","문화체육관광부","일반회계"," ","문화및관광","문화예술","창의적문화정책구현","국제문화교류","개도국 문화자원 역량강화(ODA)","캄보디아 예술교육 플랫폼 구축","398000","398000","165333","100.0","41.5"
"2024","민간이전","민간경상보조","문화체육관광부","일반회계"," ","문화및관광","문화예술","창의적문화정책구현","국제문화교류","국제문화정책지원","미래혁신 문화교류 지원","1400000","1400000","1375546","100.0","98.3"
"2024","민간이전","민간경상보조","문화체육관광부","일반회계"," ","문화및관광","문화예술","창의적문화정책구현","국제문화교류","국제문화정책지원","수교계기 등 문화행사","1637000","1637000","1512055","100.0","92.4"
"2024","민간이전","민간경상보조","문화체육관광부","일반회계"," ","문화및관광","문화예술","창의적문화정책구현","국제문화교류","국제문화정책지원","상호문화교류의 해 추진","2000000","2000000","1943192","100.0","97.2"
"2024","민간이전","민간경상보조","문화체육관광부","일반회계"," ","문화및관광","문화예술","창의적문화정책구현","국제문화교류","국제문화정책지원","코리아 시즌 추진","3000000","3000000","2982254","100.0","99.4"
"2024","민간이전","민간경상보조","문화체육관광부","일반회계"," ","문화및관광","문화예술","창의적문화정책구현","국제문화교류","국제문화정책지원","쌍방향 국제문화협업 지원","2100000","2100000","2043620","100.0","97.3"
"2024","민간이전","민간경상보조","문화체육관광부","일반회계"," ","문화및관광","문화예술","창의적문화정책구현","국제문화교류","국제문화정책지원","장기 국제문화교류 프로젝트 지원","0","0","0","0","0"
"2024","민간이전","민간경상보조","문화체육관광부","일반회계"," ","문화및관광","문화예술","창의적문화정책구현","국제문화교류","국제문화정책지원","지역문화 국제사회 선도지원","0","0","0","0","0"
"2024","민간이전","민간경상보조","문화체육관광부","일반회계"," ","문화및관광","문화예술","창의적문화정책구현","국제문화교류","국제문화교류 전담기관 운영지원","국제문화교류 전담기관 운영지원","3180000","3180000","3151889","100.0","99.1"
"2024","민간이전","민간경상보조","문화체육관광부","일반회계"," ","문화및관광","문화예술","예술의 진흥 및 생활화, 산업화","문화예술단체지원","문화예술단체 운영지원","국립현대무용단 운영","7015000","7015000","6961238","100.0","99.2"
"2024","민간이전","민간경상보조","문화체육관광부","일반회계"," ","문화및관광","문화예술","예술의 진흥 및 생활화, 산업화","문화예술단체지원","문화예술단체 운영지원","국립오페라단 운영","13324000","13324000","13264774","100.0","99.6"
"2024","민간이전","민간경상보조","문화체육관광부","일반회계"," ","문화및관광","문화예술","예술의 진흥 및 생활화, 산업화","문화예술단체지원","문화예술단체 운영지원","국립발레단 운영","13374000","13374000","13287168","100.0","99.4"
"2024","민간이전","민간경상보조","문화체육관광부","일반회계"," ","문화및관광","문화예술","예술의 진흥 및 생활화, 산업화","문화예술단체지원","문화예술단체 운영지원","국립합창단 운영","7435000","7435000","7119251","100.0","95.8"
"2024","민간이전","민간경상보조","문화체육관광부","일반회계"," ","문화및관광","문화예술","예술의 진흥 및 생활화, 산업화","문화예술단체지원","문화예술단체 운영지원","서울예술단 운영","8439000","8439000","8172298","100.0","96.8"
"2024","민간이전","민간경상보조","문화체육관광부","일반회계"," ","문화및관광","문화예술","예술의 진흥 및 생활화, 산업화","문화예술단체지원","문화예술단체 운영지원","국립심포니오케스트라 운영","10838000","10838000","10618412","100.0","98.0"
"2024","민간이전","민간경상보조","문화체육관광부","일반회계"," ","문화및관광","문화예술","예술의 진흥 및 생활화, 산업화","문화예술단체지원","문화예술단체 운영지원","국립정동극장 운영","9231000","9231000","9231000","100.0","100.0"
"2024","민간이전","민간경상보조","문화체육관광부","일반회계"," ","문화및관광","문화예술","예술의 진흥 및 생활화, 산업화","문화예술단체지원","문화예술단체 운영지원","국립극단 운영","14102000","14102000","13667631","100.0","96.9"
"2024","민간이전","민간경상보조","문화체육관광부","일반회계"," ","문화및관광","문화예술","예술의 진흥 및 생활화, 산업화","문화예술단체지원","문화예술단체 운영지원","국립예술단 공연연습장 관리","2042000","2042000","1724090","100.0","84.4"
"2024","민간이전","민간경상보조","문화체육관광부","일반회계"," ","문화및관광","문화예술","예술의 진흥 및 생활화, 산업화","문화예술단체지원","문화예술단체 운영지원","한국문화예술회관연합회 지원","1010000","1010000","876939","100.0","86.8"
"2024","민간이전","민간경상보조","문화체육관광부","일반회계"," ","문화및관광","문화예술","예술의 진흥 및 생활화, 산업화","문화예술단체지원","문화예술단체 운영지원","국악방송 지원","10521000","10521000","10212806","100.0","97.1"
"2024","민간이전","민간경상보조","문화체육관광부","일반회계"," ","문화및관광","문화예술","예술의 진흥 및 생활화, 산업화","문화예술단체지원","예술의전당 지원","예술의전당 운영 지원","16701000","16701000","15350773","100.0","91.9"
"2024","민간이전","민간경상보조","문화체육관광부","일반회계"," ","문화및관광","문화예술","예술의 진흥 및 생활화, 산업화","공연 및 전통예술 진흥기반 구축","공연예술 진흥기반 조성","아리랑 등 전통문화 확산","2630000","2630000","2476821","100.0","94.2"
"2024","민간이전","민간경상보조","문화체육관광부","일반회계"," ","문화및관광","문화예술","예술의 진흥 및 생활화, 산업화","공연 및 전통예술 진흥기반 구축","공연예술 진흥기반 조성","공연장 안전 선진화 시스템 구축","5367000","5367000","5340629","100.0","99.5"
"2024","민간이전","민간경상보조","문화체육관광부","일반회계"," ","문화및관광","문화예술","예술의 진흥 및 생활화, 산업화","공연 및 전통예술 진흥기반 구축","공연예술 진흥기반 조성","공연연습공간 조성 및 운영","556000","556000","503224","100.0","90.5"
"2024","민간이전","민간경상보조","문화체육관광부","일반회계"," ","문화및관광","문화예술","예술의 진흥 및 생활화, 산업화","공연 및 전통예술 진흥기반 구축","공연예술 진흥기반 조성","공연예술통합전산망 운영","2000000","2000000","1934127","100.0","96.7"
"2024","민간이전","민간경상보조","문화체육관광부","일반회계"," ","문화및관광","문화예술","예술의 진흥 및 생활화, 산업화","공연 및 전통예술 진흥기반 구축","공연예술 진흥기반 조성","공연예술 시장 활성화 기반 구축(K-뮤지컬)","3300000","3300000","3110809","100.0","94.3"
"2024","민간이전","민간경상보조","문화체육관광부","일반회계"," ","문화및관광","문화예술","예술의 진흥 및 생활화, 산업화","공연 및 전통예술 진흥기반 구축","공연예술 진흥기반 조성","전국 공연예술 창제작 유통 협력 생태계 구축","0","0","0","0","0"
"2024","민간이전","민간경상보조","문화체육관광부","일반회계"," ","문화및관광","문화예술","예술의 진흥 및 생활화, 산업화","공연 및 전통예술 진흥기반 구축","공연예술 진흥기반 조성","2024 서울국제하모니카페스티벌 개최 지원","200000","200000","200000","100.0","100.0"
"2024","민간이전","민간경상보조","문화체육관광부","일반회계"," ","문화및관광","문화예술","예술의 진흥 및 생활화, 산업화","공연 및 전통예술 진흥기반 구축","공연예술 진흥기반 조성","해외국악공연 지원","300000","200000","194000","66.7","97.0"
"2024","민간이전","민간경상보조","문화체육관광부","일반회계"," ","문화및관광","문화예술","예술의 진흥 및 생활화, 산업화","공연 및 전통예술 진흥기반 구축","문화예술 창제작 거점 조성","전통공연예술 창작거점 조성","1910000","1910000","1877052","100.0","98.3"
"2024","민간이전","민간경상보조","문화체육관광부","일반회계"," ","문화및관광","문화예술","예술의 진흥 및 생활화, 산업화","공연 및 전통예술 진흥기반 구축","문화예술 창제작 거점 조성","전통공연예술 청년 성장동력 지원","380000","380000","379640","100.0","99.9"
"2024","민간이전","민간경상보조","문화체육관광부","일반회계"," ","문화및관광","문화예술","예술의 진흥 및 생활화, 산업화","공연 및 전통예술 진흥기반 구축","문화예술 창제작 거점 조성","문화예술 전국 창제작 유통 지원","40000000","40000000","33777022","100.0","84.4"
"2024","민간이전","민간경상보조","문화체육관광부","일반회계"," ","문화및관광","문화예술","예술의 진흥 및 생활화, 산업화","기초예술역량강화","예술창작활동 지원","예술정책사업 지원","30000","30000","29998","100.0","100.0"
"2024","민간이전","민간경상보조","문화체육관광부","일반회계"," ","문화및관광","문화예술","예술의 진흥 및 생활화, 산업화","기초예술역량강화","예술창작활동 지원","한민족문화예술지원","670000","670000","641339","100.0","95.7"
"2024","민간이전","민간경상보조","문화체육관광부","일반회계"," ","문화및관광","문화예술","예술의 진흥 및 생활화, 산업화","기초예술역량강화","예술창작활동 지원","국립한국문학관 자료 수집","2437000","2437000","2371246","100.0","97.3"
"2024","민간이전","민간경상보조","문화체육관광부","일반회계"," ","문화및관광","문화예술","예술의 진흥 및 생활화, 산업화","기초예술역량강화","예술창작활동 지원","문학나눔 도서보급","0","0","0","0","0"
"2024","민간이전","민간경상보조","문화체육관광부","일반회계"," ","문화및관광","문화예술","예술의 진흥 및 생활화, 산업화","기초예술역량강화","예술창작활동 지원","국립한국문학관 법인 운영","764000","764000","761189","100.0","99.6"
"2024","민간이전","민간경상보조","문화체육관광부","일반회계"," ","문화및관광","문화예술","예술의 진흥 및 생활화, 산업화","기초예술역량강화","예술인 창작안전망 구축","예술인 창작안전망 구축","82695000","82695000","81912806","100.0","99.1"
"2024","민간이전","민간경상보조","문화체육관광부","일반회계"," ","문화및관광","문화예술","예술의 진흥 및 생활화, 산업화","기초예술역량강화","예술인 창작안전망 구축","예술인복지재단 운영","4491000","4491000","4352902","100.0","96.9"
"2024","민간이전","민간경상보조","문화체육관광부","일반회계"," ","문화및관광","문화예술","예술의 진흥 및 생활화, 산업화","기초예술역량강화","함께누리 지원","장애인 예술 역량강화","14500000","14500000","14002547","100.0","96.6"
"2024","민간이전","민간경상보조","문화체육관광부","일반회계"," ","문화및관광","문화예술","예술의 진흥 및 생활화, 산업화","기초예술역량강화","함께누리 지원","장애인 공연예술단 지원","2050000","2050000","2048440","100.0","99.9"
"2024","민간이전","민간경상보조","문화체육관광부","일반회계"," ","문화및관광","문화예술","예술의 진흥 및 생활화, 산업화","기초예술역량강화","함께누리 지원","한국장애인문화예술원 지원","2527000","2527000","2343071","100.0","92.7"
"2024","민간이전","민간경상보조","문화체육관광부","일반회계"," ","문화및관광","문화예술","예술의 진흥 및 생활화, 산업화","기초예술역량강화","함께누리 지원","장애예술 공연장 임차 및 운영","5300000","5300000","5103907","100.0","96.3"
"2024","민간이전","민간경상보조","문화체육관광부","일반회계"," ","문화및관광","문화예술","예술의 진흥 및 생활화, 산업화","기초예술역량강화","함께누리 지원","장애예술인 활동 전문공간 조성 및 운영","3000000","3000000","2964092","100.0","98.8"
"2024","민간이전","민간경상보조","문화체육관광부","일반회계"," ","문화및관광","문화예술","예술의 진흥 및 생활화, 산업화","기초예술역량강화","함께누리 지원","장애예술인 신기술 기반 활동 지원","750000","750000","717767","100.0","95.7"
"2024","민간이전","민간경상보조","문화체육관광부","일반회계"," ","문화및관광","문화예술","예술의 진흥 및 생활화, 산업화","기초예술역량강화","함께누리 지원","장애예술인 예술시장 지원","430000","430000","389398","100.0","90.6"
"2024","민간이전","민간경상보조","문화체육관광부","일반회계"," ","문화및관광","문화예술","예술의 진흥 및 생활화, 산업화","기초예술역량강화","함께누리 지원","장애예술인 문화예술교육 지원","500000","500000","466249","100.0","93.2"
"2024","민간이전","민간경상보조","문화체육관광부","일반회계"," ","문화및관광","문화예술","예술의 진흥 및 생활화, 산업화","기초예술역량강화","예술의 산업화 추진","예술경영지원센터 운영","5298000","5298000","5044211","100.0","95.2"
"2024","민간이전","민간경상보조","문화체육관광부","일반회계"," ","문화및관광","문화예술","예술의 진흥 및 생활화, 산업화","기초예술역량강화","예술의 산업화 추진","예술산업 기반 조성 지원","12100000","12100000","11477801","100.0","94.9"
"2024","민간이전","민간경상보조","문화체육관광부","일반회계"," ","문화및관광","문화예술","예술의 진흥 및 생활화, 산업화","기초예술역량강화","예술의 산업화 추진","예술 산업 인력 양성","1900000","1900000","1823908","100.0","96.0"
"2024","민간이전","민간경상보조","문화체육관광부","일반회계"," ","문화및관광","문화예술","예술의 진흥 및 생활화, 산업화","기초예술역량강화","예술의 산업화 추진","예술 기업 지원","10386000","10386000","9576821","100.0","92.2"
"2024","민간이전","민간경상보조","문화체육관광부","일반회계"," ","문화및관광","문화예술","예술의 진흥 및 생활화, 산업화","기초예술역량강화","예술의 산업화 추진","예술산업 생태계 지원","350000","350000","328411","100.0","93.8"
"2024","민간이전","민간경상보조","문화체육관광부","일반회계"," ","문화및관광","문화예술","예술의 진흥 및 생활화, 산업화","기초예술역량강화","한국문학번역원 지원","한국문학번역원 지원","13234000","13234000","13134035","100.0","99.2"
"2024","민간이전","민간경상보조","문화체육관광부","일반회계"," ","문화및관광","문화예술","예술의 진흥 및 생활화, 산업화","기초예술역량강화","온라인미디어 예술활동지원","온라인미디어 예술활동지원","0","0","0","0","0"
"2024","민간이전","민간경상보조","문화체육관광부","일반회계"," ","문화및관광","문화예술","예술의 진흥 및 생활화, 산업화","시각예술 진흥기반 구축","공공디자인 및 공예문화 진흥","구서울역사 복합문화공간 운영 지원","3208000","3208000","3179629","100.0","99.1"
"2024","민간이전","민간경상보조","문화체육관광부","일반회계"," ","문화및관광","문화예술","예술의 진흥 및 생활화, 산업화","시각예술 진흥기반 구축","공공디자인 및 공예문화 진흥","공공디자인 진흥","7100000","7100000","5230814","100.0","73.7"
"2024","민간이전","민간경상보조","문화체육관광부","일반회계"," ","문화및관광","문화예술","예술의 진흥 및 생활화, 산업화","시각예술 진흥기반 구축","공공디자인 및 공예문화 진흥","공간 및 건축문화 진흥","100000","100000","99883","100.0","99.9"
"2024","민간이전","민간경상보조","문화체육관광부","일반회계"," ","문화및관광","문화예술","예술의 진흥 및 생활화, 산업화","시각예술 진흥기반 구축","공공디자인 및 공예문화 진흥","공예디자인문화진흥원 지원","6461000","6461000","6420423","100.0","99.4"
"2024","민간이전","민간경상보조","문화체육관광부","일반회계"," ","문화및관광","문화예술","예술의 진흥 및 생활화, 산업화","시각예술 진흥기반 구축","공공디자인 및 공예문화 진흥","우수문화상품 지정제 활성화","637000","637000","612231","100.0","96.1"
"2024","민간이전","민간경상보조","문화체육관광부","일반회계"," ","문화및관광","문화예술","예술의 진흥 및 생활화, 산업화","시각예술 진흥기반 구축","공공디자인 및 공예문화 진흥","국립디자인박물관 콘텐츠 수집 및 아카이브 구축","742000","742000","570543","100.0","76.9"
"2024","민간이전","민간경상보조","문화체육관광부","일반회계"," ","문화및관광","문화예술","예술의 진흥 및 생활화, 산업화","시각예술 진흥기반 구축","미술진흥기반구축","시각예술 인력양성","2833000","2833000","2684025","100.0","94.7"
"2024","민간이전","민간경상보조","문화체육관광부","일반회계"," ","문화및관광","문화예술","예술의 진흥 및 생활화, 산업화","시각예술 진흥기반 구축","미술진흥기반구축","시각예술 시장육성","3264000","3264000","3019383","100.0","92.5"
"2024","민간이전","민간경상보조","문화체육관광부","일반회계"," ","문화및관광","문화예술","예술의 진흥 및 생활화, 산업화","시각예술 진흥기반 구축","미술진흥기반구축","시각예술의 국제화","3009000","3009000","2887755","100.0","96.0"
"2024","민간이전","민간경상보조","문화체육관광부","일반회계"," ","문화및관광","문화예술","예술의 진흥 및 생활화, 산업화","시각예술 진흥기반 구축","미술진흥기반구축","디지털 시각예술 생태계 육성","2939120","2939000","2794281","100.0","95.1"
"2024","민간이전","민간경상보조","문화체육관광부","일반회계"," ","문화및관광","문화예술","예술의 진흥 및 생활화, 산업화","시각예술 진흥기반 구축","미술진흥기반구축","미술 향유 지원","3966000","3966000","3514327","100.0","88.6"
"2024","민간이전","민간경상보조","문화체육관광부","일반회계"," ","문화및관광","문화예술","예술의 진흥 및 생활화, 산업화","시각예술 진흥기반 구축","미술진흥기반구축","한국미술 해외쇼케이스","4570000","4570000","3691437","100.0","80.8"
"2024","민간이전","민간경상보조","문화체육관광부","일반회계"," ","문화및관광","문화예술","예술의 진흥 및 생활화, 산업화","시각예술 진흥기반 구축","미술진흥기반구축","문화창작 공간조성","1200000","1200000","593290","100.0","49.4"
"2024","민간이전","민간경상보조","문화체육관광부","일반회계"," ","문화및관광","문화예술","예술의 진흥 및 생활화, 산업화","시각예술 진흥기반 구축","미술진흥기반구축","IAA 한국위원회 활동지원","150000","150000","150000","100.0","100.0"
"2024","민간이전","민간경상보조","문화체육관광부","일반회계"," ","문화및관광","문화예술","예술의 진흥 및 생활화, 산업화","시각예술 진흥기반 구축","공예관광산업육성","공예관광산업 육성","0","0","0","0","0"
"2024","민간이전","민간경상보조","문화체육관광부","일반회계"," ","문화및관광","문화예술","국정홍보기획","대국민커뮤니케이션 강화","대국민 소통 활성화 지원","정부정책소통 포럼 지원","126000","126000","111030","100.0","88.1"
"2024","민간이전","민간경상보조","문화체육관광부","일반회계"," ","문화및관광","문화예술","국정홍보기획","대국민커뮤니케이션 강화","대국민 소통 활성화 지원","전문가 세미나 개최 지원","103000","95790","88366","93.0","92.2"
"2024","민간이전","민간경상보조","문화체육관광부","일반회계"," ","문화및관광","문화예술","국정홍보기획","대국민커뮤니케이션 강화","대국민 소통 활성화 지원","국민참여 정책소통 프로젝트(공동캠페인) 지원","353000","353000","353000","100.0","100.0"
"2024","민간이전","민간경상보조","문화체육관광부","일반회계"," ","문화및관광","문화예술","지역문화 진흥 및 문화기반 조성","도서관정보·정책 체계 활성화","도서관 정책개발 및 서비스환경개선","큰글자책 보급 및 활성화","300000","300000","293964","100.0","98.0"
"2024","민간이전","민간경상보조","문화체육관광부","일반회계"," ","문화및관광","문화예술","지역문화 진흥 및 문화기반 조성","도서관정보·정책 체계 활성화","도서관 정책개발 및 서비스환경개선","특화도서관 육성 지원","0","0","0","0","0"
"2024","민간이전","민간경상보조","문화체육관광부","일반회계"," ","문화및관광","문화예술","지역문화 진흥 및 문화기반 조성","도서관정보·정책 체계 활성화","도서관 정책개발 및 서비스환경개선","사서자격증 발급 업무","140000","140000","139898","100.0","99.9"
"2024","민간이전","민간경상보조","문화체육관광부","일반회계"," ","문화및관광","문화예술","지역문화 진흥 및 문화기반 조성","도서관정보·정책 체계 활성화","해외 공공도서관 조성(ODA)","해외 공공도서관 조성","2234000","2234000","2231977","100.0","99.9"
"2024","민간이전","민간경상보조","문화체육관광부","일반회계"," ","문화및관광","문화예술","지역문화 진흥 및 문화기반 조성","박물관 정책 활성화","박물관·미술관 진흥지원","박물관 소장 국가문화유산 DB화 사업","693000","693000","663576","100.0","95.8"
"2024","민간이전","민간경상보조","문화체육관광부","일반회계"," ","문화및관광","문화예술","지역문화 진흥 및 문화기반 조성","박물관 정책 활성화","박물관·미술관 진흥지원","대학박물관 진흥지원","550000","550000","546626","100.0","99.4"
"2024","민간이전","민간경상보조","문화체육관광부","일반회계"," ","문화및관광","문화예술","지역문화 진흥 및 문화기반 조성","박물관 정책 활성화","박물관·미술관 진흥지원","사립 박물관 전문인력지원","3982000","3982000","3870500","100.0","97.2"
"2024","민간이전","민간경상보조","문화체육관광부","일반회계"," ","문화및관광","문화예술","지역문화 진흥 및 문화기반 조성","박물관 정책 활성화","박물관·미술관 진흥지원","박물관?미술관 예비 학예인력 단기 체험형 일자리 지원(미술관)","1283000","1283000","1215866","100.0","94.8"
"2024","민간이전","민간경상보조","문화체육관광부","일반회계"," ","문화및관광","문화예술","지역문화 진흥 및 문화기반 조성","박물관 정책 활성화","박물관·미술관 진흥지원","박물관 운영역량 강화","180000","180000","155890","100.0","86.6"
"2024","민간이전","민간경상보조","문화체육관광부","일반회계"," ","문화및관광","문화예술","지역문화 진흥 및 문화기반 조성","박물관 정책 활성화","박물관·미술관 진흥지원","박물관?미술관 예비 학예인력 단기 체험형 일자리 지원(박물관)","1283000","1283000","1219543","100.0","95.1"
"2024","민간이전","민간경상보조","문화체육관광부","일반회계"," ","문화및관광","문화예술","지역문화 진흥 및 문화기반 조성","박물관 정책 활성화","박물관·미술관 진흥지원","사립미술관 전문인력 지원","2218000","2218000","1499976","100.0","67.6"
"2024","민간이전","민간경상보조","문화체육관광부","일반회계"," ","문화및관광","문화예술","지역문화 진흥 및 문화기반 조성","박물관 정책 활성화","박물관·미술관 진흥지원","박물관미술관 주간 운영","1500000","1500000","1468172","100.0","97.9"
"2024","민간이전","민간경상보조","문화체육관광부","일반회계"," ","문화및관광","문화예술","지역문화 진흥 및 문화기반 조성","지역문화 진흥","지역문화 진흥","지역문화재단 역량 강화","0","0","0","0","0"
"2024","민간이전","민간경상보조","문화체육관광부","일반회계"," ","문화및관광","문화예술","지역문화 진흥 및 문화기반 조성","지역문화 진흥","지역문화 진흥","지역문화인력 성장 프로세스 구축 지원","0","0","0","0","0"
"2024","민간이전","민간경상보조","문화체육관광부","일반회계"," ","문화및관광","문화예술","지역문화 진흥 및 문화기반 조성","지역문화 진흥","지역문화 진흥","문화자원봉사 사회확산 지원","0","0","0","0","0"
"2024","민간이전","민간경상보조","문화체육관광부","일반회계"," ","문화및관광","문화예술","지역문화 진흥 및 문화기반 조성","지역문화 진흥","지역문화 진흥","디지털 생활사 아카이빙","0","0","0","0","0"
"2024","민간이전","민간경상보조","문화체육관광부","일반회계"," ","문화및관광","문화예술","지역문화 진흥 및 문화기반 조성","지역문화 진흥","지역문화 진흥","지역문화대상 선정 지원","0","0","0","0","0"
"2024","민간이전","민간경상보조","문화체육관광부","일반회계"," ","문화및관광","문화예술","지역문화 진흥 및 문화기반 조성","지역문화 진흥","지역문화 진흥","한국문화원연합회 지원","0","0","0","0","0"
"2024","민간이전","민간경상보조","문화체육관광부","일반회계"," ","문화및관광","문화예술","지역문화 진흥 및 문화기반 조성","지역문화 진흥","지역문화 진흥","생활문화 활성화","0","0","0","0","0"
"2024","민간이전","민간경상보조","문화체육관광부","일반회계"," ","문화및관광","문화예술","지역문화 진흥 및 문화기반 조성","지역문화 진흥","지역문화 진흥","유휴공간 문화재생사업 활성화","0","0","0","0","0"
"2024","민간이전","민간경상보조","문화체육관광부","일반회계"," ","문화및관광","문화예술","지역문화 진흥 및 문화기반 조성","지역문화 진흥","어르신 문화활동 지원","어르신 문화활동 지원","0","0","0","0","0"
"2024","민간이전","민간경상보조","문화체육관광부","일반회계"," ","문화및관광","문화예술","지역문화 진흥 및 문화기반 조성","지역문화 진흥","국민문화활동지원","문화가 있는 날 기획프로그램 운영지원","0","0","0","0","0"
"2024","민간이전","민간경상보조","문화체육관광부","일반회계"," ","문화및관광","문화예술","지역문화 진흥 및 문화기반 조성","지역문화 진흥","국민문화활동지원","지역문화진흥원 운영 지원","0","0","0","0","0"
"2024","민간이전","민간경상보조","문화체육관광부","일반회계"," ","문화및관광","문화예술","지역문화 진흥 및 문화기반 조성","지역문화 진흥","지역문화통합정보시스템 구축 및 운영(정보화)","지역문화통합정보시스템 구축 및 운영","2290000","2290000","2207676","100.0","96.4"
"2024","민간이전","민간경상보조","문화체육관광부","일반회계"," ","문화및관광","문화예술","지역문화 진흥 및 문화기반 조성","문화예술교육지원","문화예술교육 활성화","취약계층 아동·청소년 예술활동 지원","10730000","10730000","10298374","100.0","96.0"
"2024","민간이전","민간경상보조","문화체육관광부","일반회계"," ","문화및관광","문화예술","지역문화 진흥 및 문화기반 조성","문화예술교육지원","문화예술교육 활성화","예술꽃씨앗학교 운영","0","0","0","0","0"
"2024","민간이전","민간경상보조","문화체육관광부","일반회계"," ","문화및관광","문화예술","지역문화 진흥 및 문화기반 조성","문화예술교육지원","문화예술교육 활성화","학교예술강사지원","25829000","25829000","24523148","100.0","94.9"
"2024","민간이전","민간경상보조","문화체육관광부","일반회계"," ","문화및관광","문화예술","지역문화 진흥 및 문화기반 조성","문화예술교육지원","문화예술교육 활성화","지역 문화예술교육지원센터 지원","0","0","0","0","0"
"2024","민간이전","민간경상보조","문화체육관광부","일반회계"," ","문화및관광","문화예술","지역문화 진흥 및 문화기반 조성","문화예술교육지원","문화예술교육 활성화","문화취약계층 문화예술교육","15789000","15789000","14638854","100.0","92.7"
"2024","민간이전","민간경상보조","문화체육관광부","일반회계"," ","문화및관광","문화예술","지역문화 진흥 및 문화기반 조성","문화예술교육지원","문화예술교육 활성화","문화예술치유 프로그램","3604000","3604000","3454991","100.0","95.9"
"2024","민간이전","민간경상보조","문화체육관광부","일반회계"," ","문화및관광","문화예술","지역문화 진흥 및 문화기반 조성","문화예술교육지원","문화예술교육 활성화","문화예술교육 전문인력 양성","2890000","2890000","2711041","100.0","93.8"
"2024","민간이전","민간경상보조","문화체육관광부","일반회계"," ","문화및관광","문화예술","지역문화 진흥 및 문화기반 조성","문화예술교육지원","문화예술교육 활성화","온라인 문화예술교육 지원","0","0","0","0","0"
"2024","민간이전","민간경상보조","문화체육관광부","일반회계"," ","문화및관광","문화예술","지역문화 진흥 및 문화기반 조성","문화예술교육지원","문화예술교육 활성화","한국문화예술교육진흥원 지원","11144000","11144000","10912170","100.0","97.9"
"2024","민간이전","민간경상보조","문화체육관광부","일반회계"," ","문화및관광","문화예술","지역문화 진흥 및 문화기반 조성","문화예술교육지원","문화예술교육 활성화","생애주기별 문화예술교육","6853000","6853000","6359175","100.0","92.8"
"2024","민간이전","민간경상보조","문화체육관광부","일반회계"," ","문화및관광","문화예술","지역문화 진흥 및 문화기반 조성","문화예술교육지원","문화예술교육 활성화","융·복합 문화예술교육","0","0","0","0","0"
"2024","민간이전","민간경상보조","문화체육관광부","일반회계"," ","문화및관광","문화예술","지역문화 진흥 및 문화기반 조성","문화예술교육지원","문화예술교육 활성화","풀뿌리 문화예술교육 허브 지원","0","0","0","0","0"
"2024","민간이전","민간경상보조","문화체육관광부","일반회계"," ","문화및관광","문화예술","지역문화 진흥 및 문화기반 조성","문화예술교육지원","문화예술교육 활성화","늘봄학교 연계 학교 문화예술교육 지원","0","0","0","0","0"
"2024","민간이전","민간경상보조","문화체육관광부","일반회계"," ","문화및관광","문화예술","지역문화 진흥 및 문화기반 조성","문화예술교육지원","문화예술교육 활성화","문화예술교육 국제교류","500000","500000","492658","100.0","98.5"
"2024","민간이전","민간경상보조","문화체육관광부","일반회계"," ","문화및관광","문화예술","지역문화 진흥 및 문화기반 조성","문화예술교육지원","문화예술교육 활성화","문화취약지역 및 인구소멸지역 대상 문화예술교육","8000000","8000000","7642051","100.0","95.5"
"2024","민간이전","민간경상보조","문화체육관광부","일반회계"," ","문화및관광","문화예술","지역문화 진흥 및 문화기반 조성","문화예술교육지원","문화예술교육(ODA)","문화예술교육 ODA","600000","600000","590136","100.0","98.4"
"2024","민간이전","민간경상보조","문화체육관광부","일반회계"," ","문화및관광","문화예술","국립박물관운영","국립박물관 운영","박물관문화재단지원","박물관문화재단 지원","4154000","4154000","4123602","100.0","99.3"
"2024","민간이전","민간경상보조","문화체육관광부","일반회계"," ","문화및관광","문화예술","해외문화홍보원 운영","해외문화홍보원 운영","국가이미지 홍보","계기별 행사 개최 및 지원","550000","550000","513887","100.0","93.4"
"2024","민간이전","민간경상보조","문화체육관광부","일반회계"," ","문화및관광","문화예술","해외문화홍보원 운영","해외문화홍보원 운영","국가이미지 홍보","주한외국인대상 홍보사업","270000","270000","269200","100.0","99.7"
"2024","민간이전","민간경상보조","문화체육관광부","일반회계"," ","문화및관광","관광","외래관광객유치","국제관광교류","개발도상국 관광지도자 벤치마킹 사업연수(ODA)","개발도상국 관광지도자 벤치마킹 사업연수(ODA)","1110000","1110000","1091463","100.0","98.3"
"2024","민간이전","민간경상보조","문화체육관광부","일반회계"," ","문화및관광","관광","외래관광객유치","국제관광교류","지속가능관광 발전지원 사업(ODA)","필리핀 루손섬 관광두레 시범마을 조성","540000","540000","436884","100.0","80.9"
"2024","민간이전","민간경상보조","문화체육관광부","일반회계"," ","문화및관광","체육","생활체육육성","생활체육활성화","생활체육활성화 지원","체육지도자 양성","4171000","4171000","3866402","100.0","92.7"
"2024","민간이전","민간경상보조","문화체육관광부","일반회계"," ","문화및관광","문화및관광일반","문화·관광행정지원","종합정책연구","정책기반 통계 생산 및 관리","문화체육관광 통계 개발 및 운영","0","0","0","0","0"
"2024","민간이전","민간경상보조","문화체육관광부","일반회계"," ","문화및관광","문화및관광일반","문화·관광행정지원","종합정책연구","메타버스 콘텐츠 산업 육성","메타버스 콘텐츠 제작 지원","2695000","2695000","2593223","100.0","96.2"
"2024","민간이전","민간경상보조","문화체육관광부","일반회계"," ","문화및관광","문화및관광일반","문화·관광행정지원","종합정책연구","메타버스 콘텐츠 산업 육성","메타버스 향유 기반 조성","4191000","4191000","4070710","100.0","97.1"
"2024","민간이전","민간경상보조","문화체육관광부","일반회계"," ","문화및관광","문화및관광일반","문화·관광행정지원","종합정책연구","문화체육관광 분야 양성평등 환경 조성","양성평등 문화상 시상","90000","90000","90000","100.0","100.0"
"2024","민간이전","민간경상보조","문화체육관광부","일반회계"," ","문화및관광","문화및관광일반","문화·관광행정지원","종합정책연구","문화체육관광 분야 양성평등 환경 조성","양성평등 인식 제고 ","120000","120000","119496","100.0","99.6"
"2024","민간이전","민간경상보조","문화체육관광부","일반회계"," ","문화및관광","문화및관광일반","문화·관광행정지원","종합정책연구","문화체육관광 분야 양성평등 환경 조성","성희롱?성폭력 예방 행동강령 개발","80000","80000","73272","100.0","91.6"
"2024","민간이전","민간경상보조","문화체육관광부","일반회계"," ","문화및관광","문화및관광일반","문화·관광행정지원","문화정보화체계구축","한국문화정보원 운영(정보화)","한국문화정보원 운영","2910000","2910000","2743368","100.0","94.3"
"2024","민간이전","민간경상보조","문화체육관광부","일반회계"," ","문화및관광","문화및관광일반","문화·관광행정지원","문화정보화체계구축","한국문화정보원 운영(정보화)","문화데이터 연계 체계 구축 및 개방 활성화","3498000","3498000","3366138","100.0","96.2"
"2024","민간이전","민간경상보조","문화체육관광부","일반회계"," ","문화및관광","문화및관광일반","문화·관광행정지원","문화정보화체계구축","한국문화정보원 운영(정보화)","문화정보서비스 이용활성화","1456000","1456000","1422222","100.0","97.7"
"2024","민간이전","민간경상보조","문화체육관광부","일반회계"," ","문화및관광","문화및관광일반","문화·관광행정지원","문화정보화체계구축","한국문화정보원 운영(정보화)","문화PD 운영","406000","406000","364488","100.0","89.8"
"2024","민간이전","민간경상보조","문화체육관광부","일반회계"," ","문화및관광","문화및관광일반","문화·관광행정지원","문화정보화체계구축","한국문화정보원 운영(정보화)","문화정보서비스 통합 모니터링","82000","82000","80700","100.0","98.4"
"2024","민간이전","민간경상보조","문화체육관광부","일반회계"," ","문화및관광","문화및관광일반","문화·관광행정지원","문화정보화체계구축","한국문화정보원 운영(정보화)","정보자원 통합관리","625000","625000","620536","100.0","99.3"
"2024","민간이전","민간경상보조","문화체육관광부","일반회계"," ","문화및관광","문화및관광일반","문화·관광행정지원","문화정보화체계구축","한국문화정보원 운영(정보화)","문화디지털혁신 기반 구축","444000","444000","419603","100.0","94.5"
"2024","민간이전","민간경상보조","문화체육관광부","일반회계"," ","문화및관광","문화및관광일반","문화·관광행정지원","문화정보화체계구축","문화정보자원 안전관리체계 구축(정보화)","사이버안전센터 전담운영","671000","671000","663986","100.0","99.0"
"2024","민간이전","민간경상보조","문화체육관광부","일반회계"," ","문화및관광","문화및관광일반","문화·관광행정지원","문화정보화체계구축","디지털 신기술 기반 문화향유 서비스 개발 및 확산(정보화)","실감데이터 공동활용 플랫폼 구축 및 운영","1217000","1217000","1139330","100.0","93.6"
"2024","민간이전","민간경상보조","문화체육관광부","일반회계"," ","문화및관광","문화및관광일반","문화·관광행정지원","문화정보화체계구축","디지털 신기술 기반 문화향유 서비스 개발 및 확산(정보화)","지능형 멀티 문화정보 큐레이팅봇 구축","1548000","1548000","1536539","100.0","99.3"
"2024","민간이전","민간경상보조","문화체육관광부","일반회계"," ","문화및관광","문화및관광일반","문화·관광행정지원","문화정보화체계구축","디지털 신기술 기반 문화향유 서비스 개발 및 확산(정보화)","문화기반 가상융합세계 조성","372000","372000","362455","100.0","97.4"
"2024","민간이전","민간경상보조","문화체육관광부","지역균형발전특별회계","지역지원계정","문화및관광","문화예술","콘텐츠산업 육성","문화콘텐츠산업 진흥 환경 조성","지역콘텐츠산업 균형발전 지원","지역기반 게임산업 육성","15776000","15776000","15512043","100.0","98.3"
"2024","민간이전","민간경상보조","문화체육관광부","지역균형발전특별회계","지역지원계정","문화및관광","문화예술","콘텐츠산업 육성","문화콘텐츠산업 진흥 환경 조성","지역콘텐츠산업 균형발전 지원","지역특화콘텐츠 개발 지원","5077000","5077000","4975460","100.0","98.0"
"2024","민간이전","민간경상보조","문화체육관광부","지역균형발전특별회계","지역지원계정","문화및관광","문화예술","콘텐츠산업 육성","문화콘텐츠산업 진흥 환경 조성","지역콘텐츠산업 균형발전 지원","콘텐츠 창작창업 지역 확산","18221000","18221000","17369610","100.0","95.3"
"2024","민간이전","민간경상보조","문화체육관광부","지역균형발전특별회계","지역지원계정","문화및관광","문화예술","지역문화 진흥 및 문화기반 조성","지역문화 진흥","국민문화활동지원","지역문화진흥원 지방이전","203000","0","0","0.0","0"
"2024","민간이전","민간경상보조","문화체육관광부","지역균형발전특별회계","지역지원계정","문화및관광","문화예술","지역문화 진흥 및 문화기반 조성","지역문화 진흥","국민문화활동지원","문화가 있는 날 기획프로그램 운영","9869000","9869000","9325481","100.0","94.5"
"2024","민간이전","민간경상보조","문화체육관광부","지역균형발전특별회계","지역지원계정","문화및관광","문화예술","지역문화 진흥 및 문화기반 조성","지역문화 진흥","국민문화활동지원","지역문화진흥원 지원","2476000","2476000","2373542","100.0","95.9"
"2024","민간이전","민간경상보조","문화체육관광부","지역균형발전특별회계","지역지원계정","문화및관광","문화예술","지역문화 진흥 및 문화기반 조성","지역문화 진흥","국민문화활동지원","문화균형발전 증진 지원","5472000","5472000","5290209","100.0","96.7"
"2024","민간이전","민간경상보조","문화체육관광부","지역균형발전특별회계","지역지원계정","문화및관광","문화예술","지역문화 진흥 및 문화기반 조성","문화도시 조성(지역지원)","문화도시 조성(지역지원)","문화도시 관리 및 홍보","350000","350000","264033","100.0","75.4"
"2024","민간이전","민간경상보조","문화체육관광부","지역균형발전특별회계","지역지원계정","문화및관광","관광","관광진흥기반확충","관광자원활성화","관광자원 기반조성","관광투자유치 지원","300000","300000","290351","100.0","96.8"
"2024","민간이전","민간경상보조","문화체육관광부","지역균형발전특별회계","지역지원계정","문화및관광","관광","관광진흥기반확충","관광자원활성화","관광자원 기반조성","지역관광 개발지원체계 구축","500000","500000","455299","100.0","91.1"
"2024","민간이전","민간경상보조","문화체육관광부","지역균형발전특별회계","지역지원계정","문화및관광","관광","국내관광활성화","관광인프라 조성","도시관광 및 산업관광 활성화","산업관광 활성화(민간경상보조)","0","0","0","0","0"
"2024","민간이전","민간경상보조","문화체육관광부","지역균형발전특별회계","지역지원계정","문화및관광","관광","국내관광활성화","관광인프라 조성","도시관광 및 산업관광 활성화","생활관광 활성화(민간경상보조)","0","0","0","0","0"
"2024","민간이전","민간경상보조","문화체육관광부","지역균형발전특별회계","지역지원계정","문화및관광","관광","국내관광활성화","관광인프라 조성","도시관광 및 산업관광 활성화","관광거점도시 통합 홍보 및 마케팅 지원(경상보조)","1000000","1000000","979003","100.0","97.9"
"2024","민간이전","민간경상보조","문화체육관광부","지역신문발전기금"," ","문화및관광","문화예술","문화미디어산업육성및지원","지역신문발전지원","지역신문발전 지원","지역신문역량지원(지역신문제안사업)","300000","285228","283599","95.1","99.4"
"2024","민간이전","민간경상보조","문화체육관광부","지역신문발전기금"," ","문화및관광","문화예술","문화미디어산업육성및지원","지역신문발전지원","지역신문발전 지원","지역공헌활동지원(소외계층구독료 지원)","2115000","2115000","2086658","100.0","98.7"
"2024","민간이전","민간경상보조","문화체육관광부","지역신문발전기금"," ","문화및관광","문화예술","문화미디어산업육성및지원","지역신문발전지원","지역신문발전 지원","지역공헌활동지원(지역신문활용교육구독료지원)","1005000","989481","968514","98.5","97.9"
"2024","민간이전","민간경상보조","문화체육관광부","지역신문발전기금"," ","문화및관광","문화예술","문화미디어산업육성및지원","지역신문발전지원","지역신문발전 지원","지역신문역량지원(지역민참여보도지원)","128000","127778","122496","99.8","95.9"
"2024","민간이전","민간경상보조","문화체육관광부","지역신문발전기금"," ","문화및관광","문화예술","문화미디어산업육성및지원","지역신문발전지원","지역신문발전 지원","지역신문역량지원(기획취재지원)","600000","538096","445980","89.7","82.9"
"2024","민간이전","민간경상보조","문화체육관광부","지역신문발전기금"," ","문화및관광","문화예술","문화미디어산업육성및지원","지역신문발전지원","지역신문발전 지원","지역신문역량지원(지역인재인턴프로그램지원)","640000","633799","613140","99.0","96.7"
"2024","민간이전","민간경상보조","문화체육관광부","지역신문발전기금"," ","문화및관광","문화예술","문화미디어산업육성및지원","지역신문발전지원","지역신문발전 지원","지역신문역량지원(공동주제심층보도지원)","200000","160920","140698","80.5","87.4"
"2024","민간이전","민간경상보조","문화체육관광부","지역신문발전기금"," ","문화및관광","문화예술","문화미디어산업육성및지원","지역신문발전지원","지역신문발전 지원","지역신문역량지원(지역공동체활성화프로젝트)","250000","230268","218507","92.1","94.9"
"2024","민간이전","민간경상보조","민주평화통일자문회의","일반회계"," ","통일·외교","통일","통일논의플랫폼 기능강화","지역협의회 활동지원","자문위원 역량강화","해외 청년·여성위원 역량지원","216000","215500","215500","99.8","100.0"
"2024","민간이전","민간경상보조","민주평화통일자문회의","일반회계"," ","통일·외교","통일","통일논의플랫폼 기능강화","지역협의회 활동지원","지역협의회 운영","국내 협의회 운영비","1671840","1671840","1671840","100.0","100.0"
"2024","민간이전","민간경상보조","민주평화통일자문회의","일반회계"," ","통일·외교","통일","통일논의플랫폼 기능강화","지역협의회 활동지원","지역협의회 운영","해외 협의회 운영비","1291680","1291648","1291648","100.0","100.0"
"2024","민간이전","민간경상보조","민주평화통일자문회의","일반회계"," ","통일·외교","통일","통일논의플랫폼 기능강화","지역협의회 활동지원","지역협의회 활동추진","정기회의","866580","866270","866270","100.0","100.0"
"2024","민간이전","민간경상보조","민주평화통일자문회의","일반회계"," ","통일·외교","통일","통일논의플랫폼 기능강화","지역협의회 활동지원","지역협의회 활동추진","국내 통일특화사업","909020","908840","908820","100.0","100.0"
"2024","민간이전","민간경상보조","민주평화통일자문회의","일반회계"," ","통일·외교","통일","통일논의플랫폼 기능강화","지역협의회 활동지원","지역협의회 활동추진","해외 통일특화사업","1131247","1171381","1125496","103.5","96.1"
"2024","민간이전","민간경상보조","민주평화통일자문회의","일반회계"," ","통일·외교","통일","통일논의플랫폼 기능강화","지역협의회 활동지원","지역협의회 활동추진","청소년 통일공감사업","983532","983532","983532","100.0","100.0"
"2024","민간이전","민간경상보조","민주평화통일자문회의","일반회계"," ","통일·외교","통일","통일논의플랫폼 기능강화","지역협의회 활동지원","지역협의회 활동추진","통일시대 시민교실","334200","334199","334199","100.0","100.0"
"2024","민간이전","민간경상보조","민주평화통일자문회의","일반회계"," ","통일·외교","통일","통일논의플랫폼 기능강화","지역협의회 활동지원","지역협의회 활동추진","평화통일포럼","166914","166382","166382","99.7","100.0"
"2024","민간이전","민간경상보조","민주평화통일자문회의","일반회계"," ","통일·외교","통일","통일논의플랫폼 기능강화","지역협의회 활동지원","지역협의회 활동추진","해외 대북정책강연회","107087","107000","107000","99.9","100.0"
"2024","민간이전","민간경상보조","민주평화통일자문회의","일반회계"," ","통일·외교","통일","통일논의플랫폼 기능강화","지역협의회 활동지원","지역협의회 활동추진","국내 청년 통일활동사업","109631","109631","109631","100.0","100.0"
"2024","민간이전","민간경상보조","민주평화통일자문회의","일반회계"," ","통일·외교","통일","통일논의플랫폼 기능강화","지역협의회 활동지원","지역협의회 활동추진","국내 여성 통일활동사업","99000","99000","99000","100.0","100.0"
"2024","민간이전","민간경상보조","방송통신위원회","일반회계"," ","통신","방송통신","공정하고 안전한 방송통신 환경조성","공정하고 안전한 방송통신 기반구축","방송통신 이용자 보호 환경조성","방송통신서비스이용자역량강화및보호","1376000","1376000","1344417","100.0","97.7"
"2024","민간이전","민간경상보조","방송통신위원회","일반회계"," ","통신","방송통신","공정하고 안전한 방송통신 환경조성","공정하고 안전한 방송통신 기반구축","방송통신 이용자 보호 환경조성","모바일앱결제피해예방및이용자보호","499000","499000","498905","100.0","100.0"
"2024","민간이전","민간경상보조","방송통신위원회","일반회계"," ","통신","방송통신","공정하고 안전한 방송통신 환경조성","공정하고 안전한 방송통신 기반구축","방송통신 이용자 보호 환경조성","인터넷불편광고금지행위모니터링","62000","62000","59360","100.0","95.7"
"2024","민간이전","민간경상보조","방송통신위원회","일반회계"," ","통신","방송통신","공정하고 안전한 방송통신 환경조성","공정하고 안전한 방송통신 기반구축","방송통신 이용자 보호 환경조성","통신분쟁조정제도 운영을 통한 이용자 피해구제 강화","562000","559650","521601","99.6","93.2"
"2024","민간이전","민간경상보조","방송통신위원회","일반회계"," ","통신","방송통신","공정하고 안전한 방송통신 환경조성","공정하고 안전한 방송통신 기반구축","방송통신시장 조사분석","방송통신시장서비스분야별시장모니터링실시","1489000","1489000","1465262","100.0","98.4"
"2024","민간이전","민간경상보조","방송통신위원회","일반회계"," ","통신","방송통신","공정하고 안전한 방송통신 환경조성","공정하고 안전한 방송통신 기반구축","안전한위치정보이용환경조성(정보화)","위치정보의안전한활용지원","129000","129000","129000","100.0","100.0"
"2024","민간이전","민간경상보조","방송통신위원회","일반회계"," ","통신","방송통신","공정하고 안전한 방송통신 환경조성","방송인프라지원","KBS대외방송송출지원","송출비 지원","5006000","5006000","4994811","100.0","99.8"
"2024","민간이전","민간경상보조","방송통신위원회","일반회계"," ","통신","방송통신","방송통신행정지원","방송통신운영지원","방송분야 재난관리 지원","재난방송 수신환경 개선","1000000","1000000","973781","100.0","97.4"
"2024","민간이전","민간경상보조","방위사업청","일반회계"," ","국방","방위력개선","방위사업정책지원","방위산업육성지원","방위산업 수출지원","방산전시회 및 시장개척활동","1635000","1556396","1556496","95.2","100.0"
"2024","민간이전","민간경상보조","방위사업청","일반회계"," ","국방","방위력개선","방위사업정책지원","방위산업육성지원","방위산업 수출지원","방산물자교역지원센터 운영","369000","0","0","0.0","0"
"2024","민간이전","민간경상보조","방위사업청","일반회계"," ","국방","방위력개선","방위사업정책지원","방위산업육성지원","방위산업 수출지원","방산수출금융","0","0","0","0","0"
"2024","민간이전","민간경상보조","방위사업청","일반회계"," ","국방","방위력개선","방위사업정책지원","방위산업기술지원","방산기술보호","방산중소중견기업 통합보안장비 임차료 지원사업","80000","0","0","0.0","0"
"2024","민간이전","민간경상보조","방위사업청","일반회계"," ","국방","방위력개선","방위사업정책지원","방위산업기술지원","방산기술보호","방산중소중견기업 기술유출방지시스템 구축 지원사업","712000","0","0","0.0","0"
"2024","민간이전","민간경상보조","법무부","범죄피해자보호기금"," ","공공질서및안전","법무및검찰","인권활동","강력범죄등피해자보호및지원","범죄피해자치료및자립지원","취업 및 치료부대비용 지원","707650","707650","555355","100.0","78.5"
"2024","민간이전","민간경상보조","법무부","범죄피해자보호기금"," ","공공질서및안전","법무및검찰","인권활동","강력범죄등피해자보호및지원","범죄피해자치료및자립지원","범죄피해자 법률지원","412000","412000","412000","100.0","100.0"
"2024","민간이전","민간경상보조","법무부","범죄피해자보호기금"," ","공공질서및안전","법무및검찰","인권활동","강력범죄등피해자보호및지원","범죄피해자치료및자립지원","범죄피해자지원센터 운영","4365615","4365615","4334640","100.0","99.3"
"2024","민간이전","민간경상보조","법무부","범죄피해자보호기금"," ","공공질서및안전","법무및검찰","인권활동","강력범죄등피해자보호및지원","범죄피해자치료및자립지원","스마일센터 운영","8200061","8198781","7779595","100.0","94.9"
"2024","민간이전","민간경상보조","법무부","범죄피해자보호기금"," ","공공질서및안전","법무및검찰","인권활동","성폭력피해자 보호 및 지원","진술조력인 양성 및 배치","진술조력인 배치(상근)","772810","772810","614221","100.0","79.5"
"2024","민간이전","민간경상보조","법무부","범죄피해자보호기금"," ","공공질서및안전","법무및검찰","인권활동","성폭력피해자 보호 및 지원","피해자 국선변호사 지원","피해자 국선전담변호사 배치","4916000","4916000","4181604","100.0","85.1"
"2024","민간이전","민간경상보조","법무부","일반회계"," ","공공질서및안전","법무및검찰","법무활동","국가송무수행","정부법무공단운영지원","정부법무공단 운영 지원(인건비)","658000","658000","658000","100.0","100.0"
"2024","민간이전","민간경상보조","법무부","일반회계"," ","공공질서및안전","법무및검찰","법무활동","민상사법령의 선진화","성장동력 확충을 위한 기업법제선진화","대한상사중재원 지원(국제중재사건유치활동)","2577678","2577678","2577503","100.0","100.0"
"2024","민간이전","민간경상보조","법무부","일반회계"," ","공공질서및안전","법무및검찰","법무활동","법률서비스산업의선진화 및 법조인선발","변호사제도의선진화","법조윤리협의회 운영지원","232080","232080","232080","100.0","100.0"
"2024","민간이전","민간경상보조","법무부","일반회계"," ","공공질서및안전","법무및검찰","인권활동","법률구조","법률구조","대한법률구조공단 법률구조사업 지원","62897000","62897000","62897000","100.0","100.0"
"2024","민간이전","민간경상보조","법무부","일반회계"," ","공공질서및안전","법무및검찰","인권활동","법률구조","법률구조","한국가정법률상담소 법률구조사업 지원","1509000","1509000","1509000","100.0","100.0"
"2024","민간이전","민간경상보조","법무부","일반회계"," ","공공질서및안전","법무및검찰","인권활동","법률구조","법률구조","대한가정법률복지상담원 법률구조사업 지원","361000","361000","361000","100.0","100.0"
"2024","민간이전","민간경상보조","법무부","일반회계"," ","공공질서및안전","법무및검찰","출입국관리","국제이민협력","이민정책연구원운영","이민정책연구원 운영","2562000","2562000","2562000","100.0","100.0"
"2024","민간이전","민간경상보조","법무부","일반회계"," ","공공질서및안전","법무및검찰","출입국관리","외국인체류관리","외국인사회통합지원","이민자 조기적응프로그램 운영","963918","963918","963918","100.0","100.0"
"2024","민간이전","민간경상보조","법무부","일반회계"," ","공공질서및안전","법무및검찰","범죄예방활동","소년보호","소년원생수용","청소년자립생활관 운영","1814231","1814231","1814231","100.0","100.0"
"2024","민간이전","민간경상보조","법무부","일반회계"," ","공공질서및안전","법무및검찰","범죄예방활동","소년보호","소년원생수용","화성청소년창업비전센터 운영","804073","804073","804073","100.0","100.0"
"2024","민간이전","민간경상보조","법무부","일반회계"," ","공공질서및안전","법무및검찰","범죄예방활동","소년보호","소년원생수용","안산청소년창업비전센터 운영","193696","193696","193696","100.0","100.0"
"2024","민간이전","민간경상보조","법무부","일반회계"," ","공공질서및안전","법무및검찰","범죄예방활동","갱생보호","갱생보호활동","민간 갱생보호법인 출소자 갱생보호활동 지원","1729000","1729000","1729000","100.0","100.0"
"2024","민간이전","민간경상보조","법무부","일반회계"," ","공공질서및안전","법무및검찰","범죄예방활동","갱생보호","갱생보호활동","한국법무보호복지공단 출소자 갱생보호활동 지원","46395000","46395000","46060215","100.0","99.3"
"2024","민간이전","민간경상보조","법무부","일반회계"," ","공공질서및안전","법무및검찰","법무교육훈련","연수원운영","연수원시설관리및운영","공동직장 어린이집 운영보조금 지원","40000","36142","36142","90.4","100.0"
"2024","민간이전","민간경상보조","보건복지부","국민건강증진기금","국민건강증진계정","사회복지","취약계층지원","장애인생활안정 및 재활 지원","장애인의료재활지원(국민건강증진기금)","공공어린이재활병원 건립","공공어린이 재활의료기관 건립사업 지원","90000","90000","87533","100.0","97.3"
"2024","민간이전","민간경상보조","보건복지부","국민건강증진기금","국민건강증진계정","사회복지","취약계층지원","장애인생활안정 및 재활 지원","장애인의료재활지원(국민건강증진기금)","공공어린이재활병원 건립","어린이 재활의료기관 시범사업 운영","0","0","0","0","0"
"2024","민간이전","민간경상보조","보건복지부","국민건강증진기금","국민건강증진계정","사회복지","아동·보육","저출산대응및인구정책지원","모자보건사업","모자보건사업","임신·출산·육아 종합정보제공","428000","428000","428000","100.0","100.0"
"2024","민간이전","민간경상보조","보건복지부","국민건강증진기금","국민건강증진계정","사회복지","아동·보육","저출산대응및인구정책지원","모자보건사업","모자보건사업","임산부의 날 행사 개최 및 배려 캠페인","78000","78000","78000","100.0","100.0"
"2024","민간이전","민간경상보조","보건복지부","국민건강증진기금","국민건강증진계정","사회복지","아동·보육","저출산대응및인구정책지원","모자보건사업","모자보건사업","성·생식건강증진","736000","736000","735898","100.0","100.0"
"2024","민간이전","민간경상보조","보건복지부","국민건강증진기금","국민건강증진계정","사회복지","아동·보육","저출산대응및인구정책지원","모자보건사업","모자보건사업","산후조리원 평가 및 관리","285000","285000","284684","100.0","99.9"
"2024","민간이전","민간경상보조","보건복지부","국민건강증진기금","국민건강증진계정","사회복지","아동·보육","저출산대응및인구정책지원","모자보건사업","모자보건사업","생애 초기 건강관리 시범사업 운영 지원","346000","346000","346000","100.0","100.0"
"2024","민간이전","민간경상보조","보건복지부","국민건강증진기금","국민건강증진계정","사회복지","아동·보육","저출산대응및인구정책지원","모자보건사업","모자보건사업","임신·출산 모바일앱 운영 및 고도화","82000","82000","82000","100.0","100.0"
"2024","민간이전","민간경상보조","보건복지부","국민건강증진기금","국민건강증진계정","사회복지","아동·보육","저출산대응및인구정책지원","모자보건사업","모자보건사업","임신 사전건강관리 지원(사업지원단 운영)","100000","100000","99983","100.0","100.0"
"2024","민간이전","민간경상보조","보건복지부","국민건강증진기금","국민건강증진계정","사회복지","아동·보육","저출산대응및인구정책지원","모자보건사업","영유아 사전예방적 건강관리","취학전 아동 실명예방사업","0","0","0","0","0"
"2024","민간이전","민간경상보조","보건복지부","국민건강증진기금","국민건강증진계정","사회복지","아동·보육","저출산대응및인구정책지원","모자보건사업","영유아 사전예방적 건강관리","미숙아 및 선천성이상아 의료비 지원(민간경상보조)","460000","460000","460000","100.0","100.0"
"2024","민간이전","민간경상보조","보건복지부","국민건강증진기금","국민건강증진계정","사회복지","노인","노인의료보장","치매관리사업지원","치매관리체계 구축","국민건강보험 공단 위탁수수료","315000","315000","315000","100.0","100.0"
"2024","민간이전","민간경상보조","보건복지부","국민건강증진기금","국민건강증진계정","사회복지","노인","노인의료보장","노인건강관리","노인건강관리","치매치료관리비 지급 국민건강보험공단 위탁수수료","0","0","0","0","0"
"2024","민간이전","민간경상보조","보건복지부","국민건강증진기금","국민건강증진계정","사회복지","노인","노인의료보장","노인건강관리","노인건강관리","노인실명예방사업","2054000","2054000","2054000","100.0","100.0"
"2024","민간이전","민간경상보조","보건복지부","국민건강증진기금","국민건강증진계정","사회복지","노인","노인의료보장","노인건강관리","노인건강관리","노인무릎관절 수술 지원","4082000","4082000","4014991","100.0","98.4"
"2024","민간이전","민간경상보조","보건복지부","국민건강증진기금","국민건강증진계정","사회복지","노인","노인의료보장","노인건강관리","노인건강관리","전립선질환 예방관리","182000","182000","182000","100.0","100.0"
"2024","민간이전","민간경상보조","보건복지부","국민건강증진기금","국민건강증진계정","보건","보건의료","공공보건의료확충","장기기증활성화지원","골수기증희망자검사지원","조혈모세포 기증희망자 검사비 지원","3582000","3582000","3577992","100.0","99.9"
"2024","민간이전","민간경상보조","보건복지부","국민건강증진기금","국민건강증진계정","보건","보건의료","공공보건의료확충","장기기증활성화지원","골수기증희망자검사지원","기증제대혈은행 지정 및 지원","1282000","1281750","1263399","100.0","98.6"
"2024","민간이전","민간경상보조","보건복지부","국민건강증진기금","국민건강증진계정","보건","보건의료","공공보건의료확충","혈액안전관리","혈액안전관리","헌혈자의 날 기념행사","50000","50000","50000","100.0","100.0"
"2024","민간이전","민간경상보조","보건복지부","국민건강증진기금","국민건강증진계정","보건","보건의료","공공보건의료확충","혈액안전관리","혈액안전관리","헌혈자 예우증진 사업","100000","100000","99873","100.0","99.9"
"2024","민간이전","민간경상보조","보건복지부","국민건강증진기금","국민건강증진계정","보건","보건의료","공공보건의료확충","국가암관리사업지원","국가암관리","국가암관리 민간 지원","9837000","9837000","9674215","100.0","98.3"
"2024","민간이전","민간경상보조","보건복지부","국민건강증진기금","국민건강증진계정","보건","보건의료","국민건강생활실천","보건소건강증진","건강증진사업관리","정책기반구축","316000","316000","316000","100.0","100.0"
"2024","민간이전","민간경상보조","보건복지부","국민건강증진기금","국민건강증진계정","보건","보건의료","국민건강생활실천","금연사업","국가금연지원서비스","금연상담전화","2742000","2742000","2738913","100.0","99.9"
"2024","민간이전","민간경상보조","보건복지부","국민건강증진기금","국민건강증진계정","보건","보건의료","국민건강생활실천","금연사업","국가금연지원서비스","온라인금연지원서비스","528000","528000","527789","100.0","100.0"
"2024","민간이전","민간경상보조","보건복지부","국민건강증진기금","국민건강증진계정","보건","보건의료","국민건강생활실천","금연사업","국가금연지원서비스","군인 금연지원사업","3440000","3440000","3261151","100.0","94.8"
"2024","민간이전","민간경상보조","보건복지부","국민건강증진기금","국민건강증진계정","보건","보건의료","국민건강생활실천","금연사업","국가금연지원서비스","금연캠프사업","7718000","7718000","7341460","100.0","95.1"
"2024","민간이전","민간경상보조","보건복지부","국민건강증진기금","국민건강증진계정","보건","보건의료","국민건강생활실천","금연사업","국가금연지원서비스","생활터 금연환경조성","7965000","7965000","7827926","100.0","98.3"
"2024","민간이전","민간경상보조","보건복지부","국민건강증진기금","국민건강증진계정","보건","보건의료","국민건강생활실천","금연사업","국가금연지원서비스","국가금연지원센터 운영 지원","3234000","3234000","3141936","100.0","97.2"
"2024","민간이전","민간경상보조","보건복지부","국민건강증진기금","국민건강증진계정","보건","보건의료","국민건강생활실천","금연사업","국가금연지원서비스","유아흡연위해예방교육","2364000","2364000","2358517","100.0","99.8"
"2024","민간이전","민간경상보조","보건복지부","국민건강증진기금","국민건강증진계정","보건","보건의료","국민건강생활실천","건강증진사업지원기구운영","한국건강증진개발원 운영","한국건강증진개발원 운영","18559000","18559000","18459077","100.0","99.5"
"2024","민간이전","민간경상보조","보건복지부","국민건강증진기금","국민건강증진계정","보건","보건의료","국민건강생활실천","정신건강증진사업","정신건강 증진사업","정신건강사례관리시스템 운영","306000","306000","279889","100.0","91.5"
"2024","민간이전","민간경상보조","보건복지부","국민건강증진기금","국민건강증진계정","보건","보건의료","국민건강생활실천","정신건강증진사업","자살예방 및 생명존중 문화조성","자살 유족 지원사업","147000","147000","142000","100.0","96.6"
"2024","민간이전","민간경상보조","보건복지부","국민건강증진기금","국민건강증진계정","보건","보건의료","국민건강생활실천","정신건강증진사업","자살예방 및 생명존중 문화조성","응급실 기반 자살시도자 사후관리사업","14194000","14194000","12272115","100.0","86.5"
"2024","민간이전","민간경상보조","보건복지부","국민건강증진기금","국민건강증진계정","보건","보건의료","국민건강생활실천","정신건강증진사업","자살예방 및 생명존중 문화조성","심리부검체계구축","267000","267000","267000","100.0","100.0"
"2024","민간이전","민간경상보조","보건복지부","국민건강증진기금","국민건강증진계정","보건","보건의료","국민건강생활실천","정신건강증진사업","자살예방 및 생명존중 문화조성","민관협력자살예방사업","700000","700000","695842","100.0","99.4"
"2024","민간이전","민간경상보조","보건복지부","국민건강증진기금","국민건강증진계정","보건","보건의료","국민건강생활실천","정신건강증진사업","자살예방 및 생명존중 문화조성","자살예방교육 및  홍보 활성화","3133000","3133000","3124644","100.0","99.7"
"2024","민간이전","민간경상보조","보건복지부","국민건강증진기금","국민건강증진계정","보건","보건의료","국민건강생활실천","정신건강증진사업","자살예방 및 생명존중 문화조성","자살 고위험군 치료비 지원사업","660000","660000","660000","100.0","100.0"
"2024","민간이전","민간경상보조","보건복지부","국민건강증진기금","국민건강증진계정","보건","보건의료","국민건강생활실천","정신건강증진사업","자살예방 및 생명존중 문화조성","자살예방상담전화(1393) 자원봉사센터 운영","0","0","0","0","0"
"2024","민간이전","민간경상보조","보건복지부","국민건강증진기금","국민건강증진계정","보건","보건의료","국민건강생활실천","정신건강증진사업","자살예방 및 생명존중 문화조성","자살 고위험군 관리시스템 서버 구축 및 기능개선","0","0","0","0","0"
"2024","민간이전","민간경상보조","보건복지부","국민건강증진기금","국민건강증진계정","보건","보건의료","국민건강생활실천","정신건강증진사업","자살예방 및 생명존중 문화조성","자살예방상담전화 운영 지원 ","830000","830000","829062","100.0","99.9"
"2024","민간이전","민간경상보조","보건복지부","국민건강증진기금","국민건강증진계정","보건","보건의료","감염병정책관리","감염병관리 및 지원","감염병예방관리 및 지원","진드기매개 감염병 예방관리(민간)","80000","80000","80000","100.0","100.0"
"2024","민간이전","민간경상보조","보건복지부","국민건강증진기금","국민건강증진계정","보건","보건의료","감염병정책관리","감염병관리 및 지원","감염병예방관리 및 지원","감염병 예방행태 개선","180000","180000","180000","100.0","100.0"
"2024","민간이전","민간경상보조","보건복지부","국민건강증진기금","국민건강증진계정","보건","보건의료","감염병정책관리","감염병관리 및 지원","감염병예방관리 및 지원","CJD 부검센터 운영","68000","68000","18733","100.0","27.5"
"2024","민간이전","민간경상보조","보건복지부","국민건강증진기금","국민건강증진계정","보건","보건의료","감염병정책관리","감염병관리 및 지원","감염병예방관리 및 지원","동물병원 기반 SFTS 감시사업","100000","100000","90709","100.0","90.7"
"2024","민간이전","민간경상보조","보건복지부","국민건강증진기금","국민건강증진계정","보건","보건의료","감염병정책관리","성매개감염병 및 에이즈관리","에이즈 및 성병예방","에이즈 및 성병예방 민간경상보조사업 지원","3567000","3567000","3391409","100.0","95.1"
"2024","민간이전","민간경상보조","보건복지부","국민건강증진기금","국민건강증진계정","보건","보건의료","감염병정책관리","결핵관리","국가결핵예방","결핵관리사업 운영","1130000","1130000","1117616","100.0","98.9"
"2024","민간이전","민간경상보조","보건복지부","국민건강증진기금","국민건강증진계정","보건","보건의료","감염병위기대응","생물테러대응체계강화","생물테러 대비·대응 역량강화","신종 및 생물테러 대응요원 교육훈련 운영","240000","240000","237696","100.0","99.0"
"2024","민간이전","민간경상보조","보건복지부","국민건강증진기금","국민건강증진계정","보건","보건의료","감염병진단분석","감염병진단인프라구축","매개체 및 기생충 진단·감시·분석","유행지역 기생충질환실태조사 및 위험환경조사","95000","95000","95000","100.0","100.0"
"2024","민간이전","민간경상보조","보건복지부","국민건강증진기금","국민건강증진계정","보건","보건의료","감염병진단분석","감염병진단인프라구축","매개체 및 기생충 진단·감시·분석","기후변화 대응 감염병 매개체 조사감시","260000","260000","258816","100.0","99.5"
"2024","민간이전","민간경상보조","보건복지부","국민건강증진기금","국민건강증진계정","보건","보건의료","만성질환관리","만성질환예방관리","만성질환 예방관리","아토피·천식 예방관리 교육·홍보 지원","0","0","0","0","0"
"2024","민간이전","민간경상보조","보건복지부","국민건강증진기금","국민건강증진계정","보건","보건의료","만성질환관리","만성질환예방관리","만성질환 예방관리","만성질환 진료지침 개발","0","0","0","0","0"
"2024","민간이전","민간경상보조","보건복지부","국민건강증진기금","국민건강증진계정","보건","보건의료","만성질환관리","만성질환예방관리","만성질환 예방관리","검진기준 및 질 관리반 운영(신규 검진 항목 타당성 분석 연구)","100000","100000","93515","100.0","93.5"
"2024","민간이전","민간경상보조","보건복지부","국민건강증진기금","국민건강증진계정","보건","보건의료","만성질환관리","만성질환예방관리","만성질환 예방관리","국가건강정보포털 운영(건강정보 의학전문감수단 운영)","90000","90000","83470","100.0","92.7"
"2024","민간이전","민간경상보조","보건복지부","국민건강증진기금","국민건강증진계정","보건","보건의료","만성질환관리","만성질환예방관리","만성질환 예방관리","아토피천식 예방관리사업 평가(아토피천식 예방관리사업 개선과제 개발)","0","0","0","0","0"
"2024","민간이전","민간경상보조","보건복지부","국민건강증진기금","국민건강증진계정","보건","보건의료","만성질환관리","만성질환예방관리","만성질환 예방관리","아토피천식 예방관리사업 평가(시도 아토피천식 교육정보센터 평가)","0","0","0","0","0"
"2024","민간이전","민간경상보조","보건복지부","국민건강증진기금","국민건강증진계정","보건","보건의료","만성질환관리","만성질환예방관리","만성질환 예방관리","2차표준물질 생산 및 표준화사업 지원","507000","507000","506806","100.0","100.0"
"2024","민간이전","민간경상보조","보건복지부","국민건강증진기금","국민건강증진계정","보건","보건의료","만성질환관리","만성질환예방관리","만성질환 예방관리","국가건강검진항목 근거생산","0","0","0","0","0"
"2024","민간이전","민간경상보조","보건복지부","국민건강증진기금","국민건강증진계정","보건","보건의료","만성질환관리","만성질환예방관리","만성질환 관리체계 구축","'만성질환 사업기획 및 건강조사 전문가 실무교육과정(FMTP)' 교육프로그램 운영 및 결과 평가","0","0","0","0","0"
"2024","민간이전","민간경상보조","보건복지부","국민건강증진기금","국민건강증진계정","보건","보건의료","만성질환관리","희귀질환자지원","희귀질환자지원","희귀질환자 쉼터 운영지원","95000","95000","95000","100.0","100.0"
"2024","민간이전","민간경상보조","보건복지부","국민건강증진기금","국민건강증진계정","보건","보건의료","만성질환관리","희귀질환자지원","희귀질환자지원","희귀질환 전문기관 지정 운영","1950000","1950000","1940776","100.0","99.5"
"2024","민간이전","민간경상보조","보건복지부","국민건강증진기금","국민건강증진계정","보건","보건의료","만성질환관리","희귀질환자지원","희귀질환자지원","희귀질환 통합적진단지원 사업","500000","500000","499825","100.0","100.0"
"2024","민간이전","민간경상보조","보건복지부","국민건강증진기금","국민건강증진계정","보건","보건의료","만성질환관리","희귀질환자지원","희귀질환자지원","국민건강보험공단 위탁 수수료","350000","350000","350000","100.0","100.0"
"2024","민간이전","민간경상보조","보건복지부","국민건강증진기금","국민건강증진계정","보건","보건의료","만성질환관리","희귀질환자지원","희귀질환자지원","희귀질환 등록사업","401000","401000","364669","100.0","90.9"
"2024","민간이전","민간경상보조","보건복지부","응급의료기금"," ","보건","보건의료","응급의료체계운영지원","응급의료 안전망 및 생활화 지원","응급처치 활성화 지원","아동 응급처치교육","324000","324000","323366","100.0","99.8"
"2024","민간이전","민간경상보조","보건복지부","응급의료기금"," ","보건","보건의료","응급의료체계운영지원","응급의료 안전망 및 생활화 지원","국가 재난의료체계 운영","응급실 기반 급성중독환자 치료지원","1591000","1591000","1559400","100.0","98.0"
"2024","민간이전","민간경상보조","보건복지부","응급의료기금"," ","보건","보건의료","응급의료체계운영지원","응급의료기관 지원","중증외상 전문진료체계 구축","권역외상센터 운영지원(외상쳬계관리팀)","470000","470000","436098","100.0","92.8"
"2024","민간이전","민간경상보조","보건복지부","응급의료기금"," ","보건","보건의료","응급의료체계운영지원","응급의료기관 지원","중증외상 전문진료체계 구축","외과계전공의 등 전문외상교육","625000","625000","533097","100.0","85.3"
"2024","민간이전","민간경상보조","보건복지부","응급의료기금"," ","보건","보건의료","응급의료체계운영지원","응급의료기관 지원","중증외상 전문진료체계 구축","외상학 전문인력 양성","888000","816000","685666","91.9","84.0"
"2024","민간이전","민간경상보조","보건복지부","응급의료기금"," ","보건","보건의료","응급의료체계운영지원","응급의료기관 지원","고위험 산모·신생아 지원","신생아집중치료지역센터 운영","3656000","3656000","3605511","100.0","98.6"
"2024","민간이전","민간경상보조","보건복지부","응급의료기금"," ","보건","보건의료","응급의료체계운영지원","응급의료기관 지원","고위험 산모·신생아 지원","고위험산모신생아 통합치료센터 운영","6000000","6000000","5960321","100.0","99.3"
"2024","민간이전","민간경상보조","보건복지부","응급의료기금"," ","보건","보건의료","응급의료체계운영지원","응급의료기관 지원","고위험 산모·신생아 지원","중앙모자보건의료센터 운영","180000","180000","178299","100.0","99.1"
"2024","민간이전","민간경상보조","보건복지부","응급의료기금"," ","보건","보건의료","응급의료체계운영지원","응급의료기관 지원","중증-응급 심뇌혈관질환 대응체계 지원","권역심뇌혈관질환센터 운영 지원","8600000","8600000","8473297","100.0","98.5"
"2024","민간이전","민간경상보조","보건복지부","일반회계"," ","사회복지","기초생활보장","기초생활보장","의료급여","의료급여","사례관리사업지원단 운영","1117000","1117000","738916","100.0","66.2"
"2024","민간이전","민간경상보조","보건복지부","일반회계"," ","사회복지","기초생활보장","기초생활보장","자활지원","자활사업","한국자활복지개발원운영","15114000","15114000","14766454","100.0","97.7"
"2024","민간이전","민간경상보조","보건복지부","일반회계"," ","사회복지","기초생활보장","기초생활보장","자활지원","근로능력 심사 및 평가 운영","근로능력 심사 및 평가 운영","19203000","19203000","19133840","100.0","99.6"
"2024","민간이전","민간경상보조","보건복지부","일반회계"," ","사회복지","취약계층지원","장애인생활안정 및 재활 지원","장애인소득보장","장애정도심사제도 운영","장애등급제 폐지 확대 지원","386000","386000","386000","100.0","100.0"
"2024","민간이전","민간경상보조","보건복지부","일반회계"," ","사회복지","취약계층지원","장애인생활안정 및 재활 지원","장애인소득보장","장애인의료비지원","의료비지급업무 위탁(위탁수수료)","0","0","0","0","0"
"2024","민간이전","민간경상보조","보건복지부","일반회계"," ","사회복지","취약계층지원","장애인생활안정 및 재활 지원","장애인사회참여 기반조성","장애인지원관리","장애인 법률구조","314000","314000","314000","100.0","100.0"
"2024","민간이전","민간경상보조","보건복지부","일반회계"," ","사회복지","취약계층지원","장애인생활안정 및 재활 지원","장애인선택적복지","장애인활동지원","국민연금공단 위탁사업비","23844000","23844000","23796507","100.0","99.8"
"2024","민간이전","민간경상보조","보건복지부","일반회계"," ","사회복지","취약계층지원","장애인생활안정 및 재활 지원","장애인선택적복지","장애아동가족지원","발달재활서비스 제공인력 자격관리사업 운영","153000","153000","153000","100.0","100.0"
"2024","민간이전","민간경상보조","보건복지부","일반회계"," ","사회복지","취약계층지원","장애인생활안정 및 재활 지원","장애인선택적복지","장애아동가족지원","장애아가족양육지원 관리기관 운영","272000","272000","272000","100.0","100.0"
"2024","민간이전","민간경상보조","보건복지부","일반회계"," ","사회복지","취약계층지원","장애인생활안정 및 재활 지원","장애인선택적복지","발달장애인 지원","발달장애인 공공후견법인 운영 지원","592000","592000","591515","100.0","99.9"
"2024","민간이전","민간경상보조","보건복지부","일반회계"," ","사회복지","취약계층지원","장애인생활안정 및 재활 지원","장애인선택적복지","발달장애인 지원","중앙장애아동?발달장애인지원센터 운영 지원","1300000","1300000","1300000","100.0","100.0"
"2024","민간이전","민간경상보조","보건복지부","일반회계"," ","사회복지","취약계층지원","장애인생활안정 및 재활 지원","장애인선택적복지","발달장애인 지원","발달장애인 부모교육지원 교육운영비(영유아기, 성인전환기, 성인권) ","340000","340000","340000","100.0","100.0"
"2024","민간이전","민간경상보조","보건복지부","일반회계"," ","사회복지","취약계층지원","장애인생활안정 및 재활 지원","장애인선택적복지","발달장애인 지원","발달장애인  거점병원·행동발달지원센터 운영지원","5757000","4389000","4362484","76.2","99.4"
"2024","민간이전","민간경상보조","보건복지부","일반회계"," ","사회복지","취약계층지원","장애인생활안정 및 재활 지원","장애인선택적복지","발달장애인 지원","발달장애인 공공신탁 운영지원","460000","460000","451695","100.0","98.2"
"2024","민간이전","민간경상보조","보건복지부","일반회계"," ","사회복지","취약계층지원","장애인생활안정 및 재활 지원","장애인선택적복지","발달장애인 지원","주간활동서비스 운영인력 지원(중앙)","145000","145000","145000","100.0","100.0"
"2024","민간이전","민간경상보조","보건복지부","일반회계"," ","사회복지","취약계층지원","장애인생활안정 및 재활 지원","장애인선택적복지","발달장애인 지원","바우처 시스템 개발 및 운영","446000","446000","414112","100.0","92.9"
"2024","민간이전","민간경상보조","보건복지부","일반회계"," ","사회복지","취약계층지원","장애인생활안정 및 재활 지원","장애인선택적복지","발달장애인 지원","발달장애인 긴급돌봄 운영지원(중앙)","104000","104000","104000","100.0","100.0"
"2024","민간이전","민간경상보조","보건복지부","일반회계"," ","사회복지","취약계층지원","장애인생활안정 및 재활 지원","장애인선택적복지","장애인 개인예산제 운영","시범사업 시스템 운영(한국사회보장정보원)","358000","358000","298973","100.0","83.5"
"2024","민간이전","민간경상보조","보건복지부","일반회계"," ","사회복지","취약계층지원","장애인생활안정 및 재활 지원","장애인선택적복지","장애인 개인예산제 운영","시범사업 시스템 운영(국민연금공단)","0","0","0","0","0"
"2024","민간이전","민간경상보조","보건복지부","일반회계"," ","사회복지","취약계층지원","장애인생활안정 및 재활 지원","장애인선택적복지","장애인 개인예산제 운영","장애인 개인예산제 시스템 구축 BPR/ISP","0","0","0","0","0"
"2024","민간이전","민간경상보조","보건복지부","일반회계"," ","사회복지","취약계층지원","장애인생활안정 및 재활 지원","장애인선택적복지","장애인 개인예산제 운영","장애인 개인예산제 시범사업 사무국 운영","0","0","0","0","0"
"2024","민간이전","민간경상보조","보건복지부","일반회계"," ","사회복지","취약계층지원","장애인생활안정 및 재활 지원","장애인선택적복지","장애인 개인예산제 운영","개별유연화 시범사업 운영(개별유연화 전달체계 운영)","0","0","0","0","0"
"2024","민간이전","민간경상보조","보건복지부","일반회계"," ","사회복지","취약계층지원","장애인생활안정 및 재활 지원","장애인복지시설지원","장애인복지시설 기능보강","장애인직업재활시설 기능보강 선정 및 사후관리 지원","127000","127000","127000","100.0","100.0"
"2024","민간이전","민간경상보조","보건복지부","일반회계"," ","사회복지","취약계층지원","장애인생활안정 및 재활 지원","장애인복지시설지원","장애인거주시설 운영 지원","장애인거주시설 인권실태조사","100000","100000","91790","100.0","91.8"
"2024","민간이전","민간경상보조","보건복지부","일반회계"," ","사회복지","취약계층지원","장애인생활안정 및 재활 지원","장애인복지시설지원","장애인거주시설 운영 지원","장애인거주시설 IoT,AI 활용 돌봄사업 운영비 지원","330000","330000","330000","100.0","100.0"
"2024","민간이전","민간경상보조","보건복지부","일반회계"," ","사회복지","취약계층지원","장애인생활안정 및 재활 지원","장애인복지시설지원","장애인거주시설 운영 지원","인권지킴이 지원센터운영","90000","90000","90000","100.0","100.0"
"2024","민간이전","민간경상보조","보건복지부","일반회계"," ","사회복지","취약계층지원","장애인생활안정 및 재활 지원","장애인단체지원","한국장애인개발원지원","한국장애인개발원 지원 경상보조","10995000","10995000","10995000","100.0","100.0"
"2024","민간이전","민간경상보조","보건복지부","일반회계"," ","사회복지","취약계층지원","장애인생활안정 및 재활 지원","장애인단체지원","장애인단체","국제키비탄","21000","21000","21000","100.0","100.0"
"2024","민간이전","민간경상보조","보건복지부","일반회계"," ","사회복지","취약계층지원","장애인생활안정 및 재활 지원","장애인단체지원","장애인단체","장애우권익문제연구소","302000","302000","283945","100.0","94.0"
"2024","민간이전","민간경상보조","보건복지부","일반회계"," ","사회복지","취약계층지원","장애인생활안정 및 재활 지원","장애인단체지원","장애인단체","장애인먼저실천운동본부","339000","339000","339000","100.0","100.0"
"2024","민간이전","민간경상보조","보건복지부","일반회계"," ","사회복지","취약계층지원","장애인생활안정 및 재활 지원","장애인단체지원","장애인단체","전국장애인부모연대","56000","56000","56000","100.0","100.0"
"2024","민간이전","민간경상보조","보건복지부","일반회계"," ","사회복지","취약계층지원","장애인생활안정 및 재활 지원","장애인단체지원","장애인단체","한국농아인협회","323000","323000","322416","100.0","99.8"
"2024","민간이전","민간경상보조","보건복지부","일반회계"," ","사회복지","취약계층지원","장애인생활안정 및 재활 지원","장애인단체지원","장애인단체","한국뇌병변장애인인권협회","298000","298000","297984","100.0","100.0"
"2024","민간이전","민간경상보조","보건복지부","일반회계"," ","사회복지","취약계층지원","장애인생활안정 및 재활 지원","장애인단체지원","장애인단체","한국시각장애인연합회","397000","397000","397000","100.0","100.0"
"2024","민간이전","민간경상보조","보건복지부","일반회계"," ","사회복지","취약계층지원","장애인생활안정 및 재활 지원","장애인단체지원","장애인단체","한국신장장애인협회","68000","68000","68000","100.0","100.0"
"2024","민간이전","민간경상보조","보건복지부","일반회계"," ","사회복지","취약계층지원","장애인생활안정 및 재활 지원","장애인단체지원","장애인단체","한국신체장애인복지회","0","0","0","0","0"
"2024","민간이전","민간경상보조","보건복지부","일반회계"," ","사회복지","취약계층지원","장애인생활안정 및 재활 지원","장애인단체지원","장애인단체","한국여성장애인연합","313000","313000","313000","100.0","100.0"
"2024","민간이전","민간경상보조","보건복지부","일반회계"," ","사회복지","취약계층지원","장애인생활안정 및 재활 지원","장애인단체지원","장애인단체","한국자폐인사랑협회","87000","87000","87000","100.0","100.0"
"2024","민간이전","민간경상보조","보건복지부","일반회계"," ","사회복지","취약계층지원","장애인생활안정 및 재활 지원","장애인단체지원","장애인단체","한국장루장애인협회","65000","65000","64927","100.0","99.9"
"2024","민간이전","민간경상보조","보건복지부","일반회계"," ","사회복지","취약계층지원","장애인생활안정 및 재활 지원","장애인단체지원","장애인단체","한국장애인단체총연맹","549000","549000","549000","100.0","100.0"
"2024","민간이전","민간경상보조","보건복지부","일반회계"," ","사회복지","취약계층지원","장애인생활안정 및 재활 지원","장애인단체지원","장애인단체","한국장애인단체총연합회","375000","375000","375000","100.0","100.0"
"2024","민간이전","민간경상보조","보건복지부","일반회계"," ","사회복지","취약계층지원","장애인생활안정 및 재활 지원","장애인단체지원","장애인단체","한국장애인복지관협회","258000","258000","231994","100.0","89.9"
"2024","민간이전","민간경상보조","보건복지부","일반회계"," ","사회복지","취약계층지원","장애인생활안정 및 재활 지원","장애인단체지원","장애인단체","한국장애인복지시설협회","311000","311000","311000","100.0","100.0"
"2024","민간이전","민간경상보조","보건복지부","일반회계"," ","사회복지","취약계층지원","장애인생활안정 및 재활 지원","장애인단체지원","장애인단체","한국장애인부모회","282000","282000","282000","100.0","100.0"
"2024","민간이전","민간경상보조","보건복지부","일반회계"," ","사회복지","취약계층지원","장애인생활안정 및 재활 지원","장애인단체지원","장애인단체","한국장애인연맹","272000","272000","272000","100.0","100.0"
"2024","민간이전","민간경상보조","보건복지부","일반회계"," ","사회복지","취약계층지원","장애인생활안정 및 재활 지원","장애인단체지원","장애인단체","한국장애인인권포럼","151000","151000","151000","100.0","100.0"
"2024","민간이전","민간경상보조","보건복지부","일반회계"," ","사회복지","취약계층지원","장애인생활안정 및 재활 지원","장애인단체지원","장애인단체","한국장애인재활협회","433000","433000","433000","100.0","100.0"
"2024","민간이전","민간경상보조","보건복지부","일반회계"," ","사회복지","취약계층지원","장애인생활안정 및 재활 지원","장애인단체지원","장애인단체","한국장애인직업재활시설협회","160000","160000","160000","100.0","100.0"
"2024","민간이전","민간경상보조","보건복지부","일반회계"," ","사회복지","취약계층지원","장애인생활안정 및 재활 지원","장애인단체지원","장애인단체","한국지적발달장애인복지협회","221000","221000","221000","100.0","100.0"
"2024","민간이전","민간경상보조","보건복지부","일반회계"," ","사회복지","취약계층지원","장애인생활안정 및 재활 지원","장애인단체지원","장애인단체","한국지체장애인협회","558000","558000","558000","100.0","100.0"
"2024","민간이전","민간경상보조","보건복지부","일반회계"," ","사회복지","취약계층지원","장애인생활안정 및 재활 지원","장애인단체지원","장애인단체","한국척수장애인협회","526000","526000","526000","100.0","100.0"
"2024","민간이전","민간경상보조","보건복지부","일반회계"," ","사회복지","취약계층지원","장애인생활안정 및 재활 지원","장애인단체지원","장애인단체","해냄복지회","62000","62000","60415","100.0","97.4"
"2024","민간이전","민간경상보조","보건복지부","일반회계"," ","사회복지","취약계층지원","장애인생활안정 및 재활 지원","장애인단체지원","장애인단체","한국장애인주간보호시설협회","76000","76000","76000","100.0","100.0"
"2024","민간이전","민간경상보조","보건복지부","일반회계"," ","사회복지","취약계층지원","장애인생활안정 및 재활 지원","장애인단체지원","장애인단체","한국장애인재활상담사협회","34000","34000","34000","100.0","100.0"
"2024","민간이전","민간경상보조","보건복지부","일반회계"," ","사회복지","취약계층지원","장애인생활안정 및 재활 지원","장애인단체지원","장애인단체","한국뇌성마비복지회","21000","21000","21000","100.0","100.0"
"2024","민간이전","민간경상보조","보건복지부","일반회계"," ","사회복지","취약계층지원","장애인생활안정 및 재활 지원","장애인단체지원","장애인단체","한국장애인보건의료협의회","77000","77000","75481","100.0","98.0"
"2024","민간이전","민간경상보조","보건복지부","일반회계"," ","사회복지","취약계층지원","장애인생활안정 및 재활 지원","장애인단체지원","장애인단체","한국장애인자립생활센터총연합회","128000","128000","128000","100.0","100.0"
"2024","민간이전","민간경상보조","보건복지부","일반회계"," ","사회복지","취약계층지원","장애인생활안정 및 재활 지원","장애인단체지원","장애인단체","정책지원사업","80000","0","0","0.0","0"
"2024","민간이전","민간경상보조","보건복지부","일반회계"," ","사회복지","취약계층지원","장애인생활안정 및 재활 지원","장애인권익증진 및 자립생활 지원","중증장애인자립생활지원","중도시각장애인재활훈련 지원","376000","376000","376000","100.0","100.0"
"2024","민간이전","민간경상보조","보건복지부","일반회계"," ","사회복지","취약계층지원","장애인생활안정 및 재활 지원","장애인권익증진 및 자립생활 지원","중증장애인자립생활지원","척수장애인재활훈련 지원","859000","859000","859000","100.0","100.0"
"2024","민간이전","민간경상보조","보건복지부","일반회계"," ","사회복지","취약계층지원","장애인생활안정 및 재활 지원","장애인권익증진 및 자립생활 지원","중증장애인자립생활지원","장애인보조견전문훈련기관 지원","146000","146000","144372","100.0","98.9"
"2024","민간이전","민간경상보조","보건복지부","일반회계"," ","사회복지","취약계층지원","장애인생활안정 및 재활 지원","장애인권익증진 및 자립생활 지원","중증장애인자립생활지원","시각장애인음악재활센터 지원","201000","201000","201000","100.0","100.0"
"2024","민간이전","민간경상보조","보건복지부","일반회계"," ","사회복지","취약계층지원","장애인생활안정 및 재활 지원","장애인권익증진 및 자립생활 지원","중증장애인자립생활지원","시청각장애인 전담기관지원","65000","65000","63447","100.0","97.6"
"2024","민간이전","민간경상보조","보건복지부","일반회계"," ","사회복지","취약계층지원","장애인생활안정 및 재활 지원","장애인권익증진 및 자립생활 지원","장애인차별금지 모니터링 및 인식개선","중앙 장애인권익옹호기관 운영지원","493834","493834","493834","100.0","100.0"
"2024","민간이전","민간경상보조","보건복지부","일반회계"," ","사회복지","취약계층지원","장애인생활안정 및 재활 지원","장애인권익증진 및 자립생활 지원","장애인차별금지 모니터링 및 인식개선","장애인모니터링센터지원(인권포럼)","350000","350000","349898","100.0","100.0"
"2024","민간이전","민간경상보조","보건복지부","일반회계"," ","사회복지","취약계층지원","장애인생활안정 및 재활 지원","장애인권익증진 및 자립생활 지원","장애인차별금지 모니터링 및 인식개선","장애인식개선 및 장애인차별금지 확산(장애인식개선 교육 지원)","350000","350000","350000","100.0","100.0"
"2024","민간이전","민간경상보조","보건복지부","일반회계"," ","사회복지","취약계층지원","장애인생활안정 및 재활 지원","장애인권익증진 및 자립생활 지원","장애인차별금지 모니터링 및 인식개선","장애인식개선 및 장애인차별금지 확산(장애인식개선 및 차별금지 홍보)","200000","200000","200000","100.0","100.0"
"2024","민간이전","민간경상보조","보건복지부","일반회계"," ","사회복지","취약계층지원","장애인생활안정 및 재활 지원","장애인권익증진 및 자립생활 지원","장애인건강보건관리시스템 구축사업(정보화)","장애인건강보건관리시스템 구축사업(정보화)","0","0","0","0","0"
"2024","민간이전","민간경상보조","보건복지부","일반회계"," ","사회복지","취약계층지원","장애인생활안정 및 재활 지원","장애인권익증진 및 자립생활 지원","장애인 편의증진","장애인편의증진센터운영","500000","500000","500000","100.0","100.0"
"2024","민간이전","민간경상보조","보건복지부","일반회계"," ","사회복지","취약계층지원","장애인생활안정 및 재활 지원","장애인권익증진 및 자립생활 지원","장애인 편의증진","시각장애인편의시설지원센터 운영","220000","220000","220000","100.0","100.0"
"2024","민간이전","민간경상보조","보건복지부","일반회계"," ","사회복지","취약계층지원","장애인생활안정 및 재활 지원","장애인권익증진 및 자립생활 지원","장애인 편의증진","수어통역센터 중앙지원본부 운영","269000","269000","268593","100.0","99.8"
"2024","민간이전","민간경상보조","보건복지부","일반회계"," ","사회복지","취약계층지원","장애인생활안정 및 재활 지원","장애인직업재활지원","중증장애인직업재활 지원","직업재활수행기관 지원","19448000","19448000","19447878","100.0","100.0"
"2024","민간이전","민간경상보조","보건복지부","일반회계"," ","사회복지","취약계층지원","장애인생활안정 및 재활 지원","장애인직업재활지원","중증장애인직업재활 지원","정책지원 및 개발","463000","463000","429846","100.0","92.8"
"2024","민간이전","민간경상보조","보건복지부","일반회계"," ","사회복지","취약계층지원","장애인생활안정 및 재활 지원","장애인직업재활지원","중증장애인생산품우선구매 촉진","중증장애인생산품 우선구매 촉진","2716000","2716000","2716000","100.0","100.0"
"2024","민간이전","민간경상보조","보건복지부","일반회계"," ","사회복지","취약계층지원","노숙인의사상자지원","노숙인등 지원","노숙인등 복지지원","노숙인 시설 종사자 교육","158000","158000","151700","100.0","96.0"
"2024","민간이전","민간경상보조","보건복지부","일반회계"," ","사회복지","사회복지일반","사회복지기반조성","사회복지사업지원","사회복지사관리","사회복지사 자격관리 및 보수교육 운영","60000","60000","60000","100.0","100.0"
"2024","민간이전","민간경상보조","보건복지부","일반회계"," ","사회복지","사회복지일반","사회복지기반조성","사회복지사업지원","사회복지협의회 육성지원","사회복지협의회 고유목적사업(사회복지조사, 연구, 홍보, 교육 등) 수행","2384000","2384000","2384000","100.0","100.0"
"2024","민간이전","민간경상보조","보건복지부","일반회계"," ","사회복지","사회복지일반","사회복지기반조성","사회복지사업지원","복지소외계층 발굴 및 민간자원 연계지원","복지소외계층 발굴 및 민간자원 연계사업 실시 중앙(한국사회복지협의회) 사업비","158000","158000","158000","100.0","100.0"
"2024","민간이전","민간경상보조","보건복지부","일반회계"," ","사회복지","사회복지일반","사회복지기반조성","사회복지사업지원","복지소외계층 발굴 및 민간자원 연계지원","복지소외계층 발굴 및 민간자원 연계사업 실시 사업수행기관(지역별) 사업비","2977000","2977000","2977000","100.0","100.0"
"2024","민간이전","민간경상보조","보건복지부","일반회계"," ","사회복지","사회복지일반","사회복지기반조성","사회복지사업지원","평생사회안전망 구축 및 사회보장위원회 운영지원","사회보장제도 협의지원업무 위탁 운영","675000","675000","675000","100.0","100.0"
"2024","민간이전","민간경상보조","보건복지부","일반회계"," ","사회복지","사회복지일반","사회복지기반조성","사회복지사업지원","민간사회복지자원육성 지원","사회복지 자원봉사 활성화","1421000","1421000","1421000","100.0","100.0"
"2024","민간이전","민간경상보조","보건복지부","일반회계"," ","사회복지","사회복지일반","사회복지기반조성","사회복지사업지원","민간사회복지자원육성 지원","사회공헌활동 기부은행 제도 확산","1243000","1243000","1243000","100.0","100.0"
"2024","민간이전","민간경상보조","보건복지부","일반회계"," ","사회복지","사회복지일반","사회복지기반조성","사회복지사업지원","민간사회복지자원육성 지원","멘토링 사업","536000","536000","536000","100.0","100.0"
"2024","민간이전","민간경상보조","보건복지부","일반회계"," ","사회복지","사회복지일반","사회복지기반조성","사회복지사업지원","민간사회복지자원육성 지원","사랑나눔실천운동(1인1나눔계좌갖기)","25000","25000","25000","100.0","100.0"
"2024","민간이전","민간경상보조","보건복지부","일반회계"," ","사회복지","사회복지일반","사회복지기반조성","사회복지사업지원","민간사회복지자원육성 지원","지역사회복지관 운영지원","0","0","0","0","0"
"2024","민간이전","민간경상보조","보건복지부","일반회계"," ","사회복지","사회복지일반","사회복지기반조성","사회복지사업지원","민간사회복지자원육성 지원","사업단 인건비","1614000","1614000","1614000","100.0","100.0"
"2024","민간이전","민간경상보조","보건복지부","일반회계"," ","사회복지","사회복지일반","사회복지기반조성","사회복지사업지원","민간사회복지자원육성 지원","기업사회공헌활동 지원","765000","765000","765000","100.0","100.0"
"2024","민간이전","민간경상보조","보건복지부","일반회계"," ","사회복지","사회복지일반","사회복지기반조성","사회복지사업지원","민간사회복지자원육성 지원","기부식품등 제공사업 육성지원","1348000","1348000","1348000","100.0","100.0"
"2024","민간이전","민간경상보조","보건복지부","일반회계"," ","사회복지","사회복지일반","사회복지기반조성","사회복지사업지원","나눔문화확산","나눔교육 인프라구축(생애주기별 나눔교육)","0","0","0","0","0"
"2024","민간이전","민간경상보조","보건복지부","일반회계"," ","사회복지","사회복지일반","사회복지기반조성","사회복지사업지원","나눔문화확산","지역축제 연계 나눔문화확산","0","0","0","0","0"
"2024","민간이전","민간경상보조","보건복지부","일반회계"," ","사회복지","사회복지일반","사회복지기반조성","사회복지사업지원","나눔문화확산","나눔교육 인프라구축(나눔단체 종사자 역량강화)","0","0","0","0","0"
"2024","민간이전","민간경상보조","보건복지부","일반회계"," ","사회복지","사회복지일반","사회복지기반조성","사회복지사업지원","사회복지종사자 상해보험 가입지원","사회복지종사자 상해보험 가입지원","2800000","2800000","2800000","100.0","100.0"
"2024","민간이전","민간경상보조","보건복지부","일반회계"," ","사회복지","사회복지일반","사회복지기반조성","사회복지사업지원","사회복지시설 종사자 대체인력 지원","대체인력지원센터 관리운영비","125000","125000","99808","100.0","79.8"
"2024","민간이전","민간경상보조","보건복지부","일반회계"," ","사회복지","사회복지일반","사회복지기반조성","사회복지사업지원","지역사회 보건복지 연계 재가 서비스 체계 구축","전문인력 양성·교육","0","0","0","0","0"
"2024","민간이전","민간경상보조","보건복지부","일반회계"," ","사회복지","사회복지일반","사회복지기반조성","지역자율형 사회서비스 투자사업","지역자율형 사회서비스 투자사업 및 일자리 운영","지역자율형 사회서비스 투자사업 보수교육","471000","471000","465682","100.0","98.9"
"2024","민간이전","민간경상보조","보건복지부","일반회계"," ","사회복지","사회복지일반","사회복지기반조성","사회복무제도 운영","사회복무요원 직무교육","사회복무요원 직무교육","13310000","13310000","12303246","100.0","92.4"
"2024","민간이전","민간경상보조","보건복지부","일반회계"," ","사회복지","사회복지일반","사회복지기반조성","사회복지전달체계","사회서비스원 설립 및 운영","사회서비스원 업무지원시스템 운영","142000","142000","122010","100.0","85.9"
"2024","민간이전","민간경상보조","보건복지부","일반회계"," ","사회복지","사회복지일반","사회복지기반조성","사회복지전달체계","사회서비스원 설립 및 운영","중앙사회서비스원 설립 및 운영","16999000","16999000","16588400","100.0","97.6"
"2024","민간이전","민간경상보조","보건복지부","일반회계"," ","사회복지","사회복지일반","사회복지기반조성","사회보장시스템 및 사회보장 정보원 운영","사회보장정보원 운영","사회보장정보원 운영","64796000","64796000","64250118","100.0","99.2"
"2024","민간이전","민간경상보조","보건복지부","일반회계"," ","사회복지","사회복지일반","사회복지기반조성","사회보장시스템 및 사회보장 정보원 운영","사회보장정보원 운영(정보화)","사회보장정보원 운영(정보화)","31482000","31482000","29962134","100.0","95.2"
"2024","민간이전","민간경상보조","보건복지부","일반회계"," ","사회복지","사회복지일반","일반보건복지행정지원","국제협력관리","국제협력관리","K-Health 보건의료 해외진출 지원사업","0","0","0","0","0"
"2024","민간이전","민간경상보조","보건복지부","일반회계"," ","사회복지","사회복지일반","일반보건복지행정지원","국제협력관리","국제협력관리","FTA 통상 자문단(통상 지원체계 구축)","57000","57000","49616","100.0","87.0"
"2024","민간이전","민간경상보조","보건복지부","일반회계"," ","사회복지","사회복지일반","일반보건복지행정지원","국제협력관리","사회복지 국제교류 협력지원(ODA)","사회복지 국제협력 지원","0","0","0","0","0"
"2024","민간이전","민간경상보조","보건복지부","일반회계"," ","사회복지","아동·보육","아동보호 및 복지 강화","아동자립지원","요보호아동 자립지원","요보호아동 행사지원","200000","200000","199995","100.0","100.0"
"2024","민간이전","민간경상보조","보건복지부","일반회계"," ","사회복지","아동·보육","아동보호 및 복지 강화","아동자립지원","자립준비청년 자립수당 지급","자립수당 시스템 기능개선 및 운영 ","78000","78000","68555","100.0","87.9"
"2024","민간이전","민간경상보조","보건복지부","일반회계"," ","사회복지","아동·보육","아동보호 및 복지 강화","아동자립지원","자립준비청년 자립지원 체계 구축","자립지원 운영비(전담인력 교육)","100000","100000","97433","100.0","97.4"
"2024","민간이전","민간경상보조","보건복지부","일반회계"," ","사회복지","아동·보육","아동보호 및 복지 강화","아동자립지원","자립준비청년 자립지원 체계 구축","자립준비청년 의료비 지원","1300000","1300000","276875","100.0","21.3"
"2024","민간이전","민간경상보조","보건복지부","일반회계"," ","사회복지","아동·보육","아동보호 및 복지 강화","아동자립지원","자립준비청년 자립지원 체계 구축","자립지원 사업비(바람개비, 보호연장)","517000","517000","496018","100.0","95.9"
"2024","민간이전","민간경상보조","보건복지부","일반회계"," ","사회복지","아동·보육","아동보호 및 복지 강화","가정입양 및 위탁 지원","가정위탁 지원·운영","위탁부모 교육 등 가정위탁사업 운영지원","100000","100000","100000","100.0","100.0"
"2024","민간이전","민간경상보조","보건복지부","일반회계"," ","사회복지","아동·보육","아동보호 및 복지 강화","아동ㆍ청소년 참여.인권증진","아동정책조정 및 인권증진","아동학대전담의료기관 활성화 시범사업","200000","200000","197805","100.0","98.9"
"2024","민간이전","민간경상보조","보건복지부","일반회계"," ","사회복지","아동·보육","아동보호 및 복지 강화","아동보호 및 권리보장","아동권리보장원 운영 지원","아동권리보장원 운영지원","26427000","26427000","26351405","100.0","99.7"
"2024","민간이전","민간경상보조","보건복지부","일반회계"," ","사회복지","아동·보육","아동보호 및 복지 강화","아동보호 및 권리보장","아동학대 예방 및 피해아동 보호","방문형 가정회복 프로그램","26000","26000","26000","100.0","100.0"
"2024","민간이전","민간경상보조","보건복지부","일반회계"," ","사회복지","아동·보육","아동보호 및 복지 강화","아동보호 및 권리보장","아동학대 예방 및 피해아동 보호","국가아동학대정보시스템 운영","682000","682000","655785","100.0","96.2"
"2024","민간이전","민간경상보조","보건복지부","일반회계"," ","사회복지","아동·보육","아동보호 및 복지 강화","아동보호 및 권리보장","아동학대 예방 및 피해아동 보호","e아동행복지원시스템 운영","717000","717000","698480","100.0","97.4"
"2024","민간이전","민간경상보조","보건복지부","일반회계"," ","사회복지","아동·보육","저출산대응및인구정책지원","저출산대응인구정책","인구교육추진지원","학교인구교육 지원","0","0","0","0","0"
"2024","민간이전","민간경상보조","보건복지부","일반회계"," ","사회복지","아동·보육","저출산대응및인구정책지원","저출산대응인구정책","인구교육추진지원","사회인구교육 지원","0","0","0","0","0"
"2024","민간이전","민간경상보조","보건복지부","일반회계"," ","사회복지","아동·보육","저출산대응및인구정책지원","저출산대응인구정책","인구교육추진지원","인구교육 인프라 확대","0","0","0","0","0"
"2024","민간이전","민간경상보조","보건복지부","일반회계"," ","사회복지","아동·보육","저출산대응및인구정책지원","저출산대응인구정책","첫만남 이용권 지원","사업운영관리","150000","150000","147743","100.0","98.5"
"2024","민간이전","민간경상보조","보건복지부","일반회계"," ","사회복지","아동·보육","저출산대응및인구정책지원","저출산대응인구정책","위기임신 및 보호출산 지원","보호출산 상담기관운영지원(중앙상담기관 운영지원)","466000","466000","458932","100.0","98.5"
"2024","민간이전","민간경상보조","보건복지부","일반회계"," ","사회복지","아동·보육","저출산대응및인구정책지원","저출산대응인구정책","위기임신 및 보호출산 지원","보호출산 산모 지원","720000","720000","108000","100.0","15.0"
"2024","민간이전","민간경상보조","보건복지부","일반회계"," ","사회복지","아동·보육","저출산대응및인구정책지원","저출산대응인구정책","위기임신 및 보호출산 지원","보호출산 시스템 운영지원(사회보장정보원 운영지원)","208000","208000","154481","100.0","74.3"
"2024","민간이전","민간경상보조","보건복지부","일반회계"," ","사회복지","아동·보육","저출산대응및인구정책지원","저출산대응인구정책","위기임신 및 보호출산 지원","보호출산 시스템 운영지원(건강보험심사평가원 운영지원)","20000","20000","16535","100.0","82.7"
"2024","민간이전","민간경상보조","보건복지부","일반회계"," ","사회복지","아동·보육","저출산대응및인구정책지원","저출산대응인구정책","위기임신 및 보호출산 지원","보호출산 시스템 운영지원(국민건강보험공단 운영지원)","20000","20000","20000","100.0","100.0"
"2024","민간이전","민간경상보조","보건복지부","일반회계"," ","사회복지","아동·보육","저출산대응및인구정책지원","저출산대응인구정책","위기임신 및 보호출산 지원","보호출산 시스템 운영지원(아동권리보장원 운영지원)","20000","20000","20000","100.0","100.0"
"2024","민간이전","민간경상보조","보건복지부","일반회계"," ","사회복지","아동·보육","저출산대응및인구정책지원","저출산고령사회정책개발관리","저출산고령사회 대비 국민인식개선","민간 선도 저출산 대응 인식 개선 사업","1000000","1000000","941543","100.0","94.2"
"2024","민간이전","민간경상보조","보건복지부","일반회계"," ","사회복지","아동·보육","저출산대응및인구정책지원","저출산고령사회정책개발관리","저출산고령사회 대비 국민인식개선","인구위기 대응 인구교육 추진 지원","900000","900000","899986","100.0","100.0"
"2024","민간이전","민간경상보조","보건복지부","일반회계"," ","사회복지","아동·보육","보육지원강화","어린이집 관리","보육사업관리","어린이통학버스 정보시스템 관리","0","0","0","0","0"
"2024","민간이전","민간경상보조","보건복지부","일반회계"," ","사회복지","아동·보육","보육지원강화","어린이집 관리","어린이집 교원 양성 지원","누리과정 연수 지원","0","0","0","0","0"
"2024","민간이전","민간경상보조","보건복지부","일반회계"," ","사회복지","아동·보육","보육지원강화","어린이집 관리","부모 모니터링단 운영 지원","부모모니터링단 운영","0","0","0","0","0"
"2024","민간이전","민간경상보조","보건복지부","일반회계"," ","사회복지","노인","노인생활안정","기초연금 지원","기초연금지급","국민연금공단 기초연금 위탁사업비 지급","20960000","20960000","20865630","100.0","99.5"
"2024","민간이전","민간경상보조","보건복지부","일반회계"," ","사회복지","노인","노인생활안정","노인관련기관지원","노인보호전문기관","중앙노인보호전문기관 운영지원","0","0","0","0","0"
"2024","민간이전","민간경상보조","보건복지부","일반회계"," ","사회복지","노인","노인생활안정","노인관련기관지원","노인단체 지원","노인복지 민간단체 지원","900000","900000","865111","100.0","96.1"
"2024","민간이전","민간경상보조","보건복지부","일반회계"," ","사회복지","노인","노인생활안정","노인관련기관지원","노인단체 지원","대한노인회 운영지원","4408000","4408000","3740991","100.0","84.9"
"2024","민간이전","민간경상보조","보건복지부","일반회계"," ","사회복지","노인","노인생활안정","노인일자리지원","노인일자리 및 사회활동지원","대한노인회 취업지원센터 운영","8742000","8742000","8741911","100.0","100.0"
"2024","민간이전","민간경상보조","보건복지부","일반회계"," ","사회복지","노인","노인생활안정","노인일자리지원","노인일자리 및 사회활동지원","한국노인인력개발원 운영","21746000","21746000","21721713","100.0","99.9"
"2024","민간이전","민간경상보조","보건복지부","일반회계"," ","사회복지","노인","노인생활안정","노인일자리지원","노인일자리 및 사회활동지원","노인일자리 및 사회활동지원 확대(민간보조)","186690000","181490000","168098018","97.2","92.6"
"2024","민간이전","민간경상보조","보건복지부","일반회계"," ","사회복지","노인","노인생활안정","노인일자리지원","노인일자리 및 사회활동지원","노인자원봉사","9600000","9600000","9509903","100.0","99.1"
"2024","민간이전","민간경상보조","보건복지부","일반회계"," ","사회복지","노인","노인의료보장","노인장기요양보험지원","노인장기요양보험 사업운영","재무회계 프로그램 운영","972000","972000","915299","100.0","94.2"
"2024","민간이전","민간경상보조","보건복지부","일반회계"," ","보건","보건의료","공공보건의료확충","장기 및 인체조직 기증 활성화 지원","장기·조직기증원 운영","장기조직기증원 운영지원","8684000","8684000","8684000","100.0","100.0"
"2024","민간이전","민간경상보조","보건복지부","일반회계"," ","보건","보건의료","공공보건의료확충","장기 및 인체조직 기증 활성화 지원","공공조직은행 운영","공공조직은행 운영","5682000","5682000","5630532","100.0","99.1"
"2024","민간이전","민간경상보조","보건복지부","일반회계"," ","보건","보건의료","공공보건의료확충","장기 및 인체조직 기증 활성화 지원","장기 및 인체조직기증 관리","장기·인체조직기증 활성화 홍보 지원(공모)","411000","411000","410871","100.0","100.0"
"2024","민간이전","민간경상보조","보건복지부","일반회계"," ","보건","보건의료","공공보건의료확충","장기 및 인체조직 기증 활성화 지원","장기 및 인체조직기증 관리","장기·인체조직 기증활성화 홍보·교육(지정)","280000","280000","278693","100.0","99.5"
"2024","민간이전","민간경상보조","보건복지부","일반회계"," ","보건","보건의료","공공보건의료확충","공공보건의료정보화","국립병원 정보화(정보화)","EMR시스템 유지관리 및 운영","3429000","3429000","3381818","100.0","98.6"
"2024","민간이전","민간경상보조","보건복지부","일반회계"," ","보건","보건의료","공공보건의료확충","공공보건의료정보화","국립병원 정보화(정보화)","차세대 정보시스템 구축","1629000","1629000","1591840","100.0","97.7"
"2024","민간이전","민간경상보조","보건복지부","일반회계"," ","보건","보건의료","공공보건의료확충","공공보건의료지원","뇌전증 지원체계 구축","뇌전증 지원체계 구축","640000","640000","638686","100.0","99.8"
"2024","민간이전","민간경상보조","보건복지부","일반회계"," ","보건","보건의료","공공보건의료확충","공공보건의료지원","공공전문진료센터 지원","공공전문진료센터 지역사회 보건의료 네트워크 강화","0","0","0","0","0"
"2024","민간이전","민간경상보조","보건복지부","일반회계"," ","보건","보건의료","공공보건의료확충","공공보건의료지원","비상진료체계 구축 및 운영","비상진료체계 구축 및 운영(고위험 산모 신생아 지원)","2822000","2659240","2480367","94.2","93.3"
"2024","민간이전","민간경상보조","보건복지부","일반회계"," ","보건","보건의료","공공보건의료확충","공공보건의료지원","비상진료체계 구축 및 운영","응급실 과밀화 해소를 위한 전원협력체계 구축","4900000","4845600","4845370","98.9","100.0"
"2024","민간이전","민간경상보조","보건복지부","일반회계"," ","보건","보건의료","공공보건의료확충","공공보건의료지원","비상진료체계 구축 및 운영","비상 진료 의료인력 지원(당직 수당)","38106000","38105514","37828261","100.0","99.3"
"2024","민간이전","민간경상보조","보건복지부","일반회계"," ","보건","보건의료","공공보건의료확충","공공보건의료지원","비상진료체계 구축 및 운영","상급종합병원과 종합병원간의 진료협력 강화","5862000","5513975","5435735","94.1","98.6"
"2024","민간이전","민간경상보조","보건복지부","일반회계"," ","보건","보건의료","공공보건의료확충","공공보건의료지원","비상진료체계 구축 및 운영","의료기관 비상진료 의료인력 인건비","19800000","19798884","19675921","100.0","99.4"
"2024","민간이전","민간경상보조","보건복지부","일반회계"," ","보건","보건의료","공공보건의료확충","공공보건의료지원","비상진료체계 구축 및 운영","공공의료기관 등 휴일·야간 보상","14941000","14528428","14475936","97.2","99.6"
"2024","민간이전","민간경상보조","보건복지부","일반회계"," ","보건","보건의료","공공보건의료확충","공공보건의료지원","비상진료체계 구축 및 운영","시니어의사 활용지원","1390000","1390000","1365629","100.0","98.2"
"2024","민간이전","민간경상보조","보건복지부","일반회계"," ","보건","보건의료","공공보건의료확충","공공보건의료지원","비상진료체계 구축 및 운영","진료지원간호사 지원","5500000","5500000","5482290","100.0","99.7"
"2024","민간이전","민간경상보조","보건복지부","일반회계"," ","보건","보건의료","공공보건의료확충","생명윤리및안전정책","생명윤리및안전관리","국가 시체자원 연구관리 지원체계 운영","264000","264000","264000","100.0","100.0"
"2024","민간이전","민간경상보조","보건복지부","일반회계"," ","보건","보건의료","공공보건의료확충","생명윤리및안전정책","생명윤리및안전관리","생명윤리연구체계 지원","5353000","5353000","5317560","100.0","99.3"
"2024","민간이전","민간경상보조","보건복지부","일반회계"," ","보건","보건의료","공공보건의료확충","생명윤리및안전정책","생명윤리및안전관리","공용기관생명윤리위원회 운영","404000","404000","403860","100.0","100.0"
"2024","민간이전","민간경상보조","보건복지부","일반회계"," ","보건","보건의료","공공보건의료확충","생명윤리및안전정책","생명윤리및안전관리","연명의료결정제도 운영","3269000","3269000","3265663","100.0","99.9"
"2024","민간이전","민간경상보조","보건복지부","일반회계"," ","보건","보건의료","공공보건의료확충","국립암센터운영","국가암빅데이터구축(정보화)","국가암빅데이터구축","1372000","1372000","1372000","100.0","100.0"
"2024","민간이전","민간경상보조","보건복지부","일반회계"," ","보건","보건의료","공공보건의료확충","원폭및한센인피해자지원","원폭피해자진료비장제비등 지원","원폭피해자 위탁진료 및 원폭복지회관 지원(대한적십자사)","4844000","4844000","4738442","100.0","97.8"
"2024","민간이전","민간경상보조","보건복지부","일반회계"," ","보건","보건의료","보건산업육성","보건산업정책","융합형 의사과학자 양성","의사과학자 연구비 지원","8374000","8374000","6393521","100.0","76.3"
"2024","민간이전","민간경상보조","보건복지부","일반회계"," ","보건","보건의료","보건산업육성","보건산업정책","보건의료 빅데이터 플랫폼 구축사업(정보화)","보건의료 빅데이터 플랫폼 구축사업","2465000","2465000","2402983","100.0","97.5"
"2024","민간이전","민간경상보조","보건복지부","일반회계"," ","보건","보건의료","보건산업육성","보건산업정책","재생의료 안전관리체계 구축","첨단재생의료기술 진흥 지원사업","2541000","2541000","2507402","100.0","98.7"
"2024","민간이전","민간경상보조","보건복지부","일반회계"," ","보건","보건의료","보건산업육성","보건산업정책","바이오헬스 전문인력양성 기반구축","보건산업 전문인력 양성기반 구축","115000","115000","112525","100.0","97.8"
"2024","민간이전","민간경상보조","보건복지부","일반회계"," ","보건","보건의료","보건산업육성","보건산업정책","바이오헬스 전문인력양성 기반구축","보건산업 잡포털 및 전문인력관리사업","442000","442000","440013","100.0","99.6"
"2024","민간이전","민간경상보조","보건복지부","일반회계"," ","보건","보건의료","보건산업육성","보건산업정책","바이오헬스 전문인력양성 기반구축","바이오헬스 인재양성 정책연구","0","0","0","0","0"
"2024","민간이전","민간경상보조","보건복지부","일반회계"," ","보건","보건의료","보건산업육성","보건산업정책","보건의료 데이터·인공지능 분야 교육 매칭 사업","보건의료 데이터·인공지능 분야 교육 매칭 사업","0","0","0","0","0"
"2024","민간이전","민간경상보조","보건복지부","일반회계"," ","보건","보건의료","보건산업육성","의료정보 활용 정책 지원","의료정보기반구축 및 융합지원","의료정보 정책지원 및 국제협력","0","0","0","0","0"
"2024","민간이전","민간경상보조","보건복지부","일반회계"," ","보건","보건의료","보건산업육성","의료정보 활용 정책 지원","의료정보기반구축 및 융합지원","원격협진 시범사업 운영","260000","260000","243908","100.0","93.8"
"2024","민간이전","민간경상보조","보건복지부","일반회계"," ","보건","보건의료","보건산업육성","의료정보 활용 정책 지원","스마트병원 구축 지원사업","스마트병원 선도모델 개발지원","0","0","0","0","0"
"2024","민간이전","민간경상보조","보건복지부","일반회계"," ","보건","보건의료","보건산업육성","의료정보 활용 정책 지원","스마트병원 구축 지원사업","스마트병원 확산지원센터 운영","0","0","0","0","0"
"2024","민간이전","민간경상보조","보건복지부","일반회계"," ","보건","보건의료","보건산업육성","의료정보 활용 정책 지원","한국보건의료정보원 운영","인건비","5330000","5330000","5192893","100.0","97.4"
"2024","민간이전","민간경상보조","보건복지부","일반회계"," ","보건","보건의료","보건산업육성","의료정보 활용 정책 지원","한국보건의료정보원 운영","운영비","1117000","1117000","1087805","100.0","97.4"
"2024","민간이전","민간경상보조","보건복지부","일반회계"," ","보건","보건의료","보건산업육성","의료정보 활용 정책 지원","한국보건의료정보원 운영","예비비 ","0","0","0","0","0"
"2024","민간이전","민간경상보조","보건복지부","일반회계"," ","보건","보건의료","보건산업육성","오송생명과학단지지원센터 운영","오송보건의료행정타운관리운영","오송보건의료행정타운 청사어린이집 운영","1968000","1968000","1968000","100.0","100.0"
"2024","민간이전","민간경상보조","보건복지부","일반회계"," ","보건","보건의료","보건산업육성","오송생명과학단지지원센터 운영","오송보건의료행정타운관리운영","오송보건의료행정타운 청아어린이집 운영","1200000","1200000","1200000","100.0","100.0"
"2024","민간이전","민간경상보조","보건복지부","일반회계"," ","보건","보건의료","보건산업육성","글로벌헬스케어 육성","의료시스템 수출 지원","의료시스템 수출 지원(보건산업진흥원)","1284000","1284000","1244453","100.0","96.9"
"2024","민간이전","민간경상보조","보건복지부","일반회계"," ","보건","보건의료","보건산업육성","글로벌헬스케어 육성","의료시스템 수출 지원","의료 해외진출 컨설팅 지원","369000","369000","330644","100.0","89.6"
"2024","민간이전","민간경상보조","보건복지부","일반회계"," ","보건","보건의료","보건산업육성","글로벌헬스케어 육성","의료시스템 수출 지원","의료 해외진출 프로젝트 지원","1922000","1922000","1790017","100.0","93.1"
"2024","민간이전","민간경상보조","보건복지부","일반회계"," ","보건","보건의료","보건산업육성","글로벌헬스케어 육성","의료시스템 수출 지원","ICT 기반 의료시스템 진출 시범사업(보건산업진흥원)","2525000","2525000","2297707","100.0","91.0"
"2024","민간이전","민간경상보조","보건복지부","일반회계"," ","보건","보건의료","보건산업육성","보건산업진흥","제약산업 육성 지원","임상시험 선진화 기반 구축","3000000","3000000","2893285","100.0","96.4"
"2024","민간이전","민간경상보조","보건복지부","일반회계"," ","보건","보건의료","보건산업육성","보건산업진흥","제약산업 육성 지원","글로벌 임상시험 지원센터","1540000","1540000","1522852","100.0","98.9"
"2024","민간이전","민간경상보조","보건복지부","일반회계"," ","보건","보건의료","보건산업육성","보건산업진흥","제약산업 육성 지원","제약산업특성화대학원 지원","1500000","1500000","1458382","100.0","97.2"
"2024","민간이전","민간경상보조","보건복지부","일반회계"," ","보건","보건의료","보건산업육성","보건산업진흥","제약산업 육성 지원","AI 활용 신약개발 교육 및 홍보 지원","1034000","1034000","1017532","100.0","98.4"
"2024","민간이전","민간경상보조","보건복지부","일반회계"," ","보건","보건의료","보건산업육성","보건산업진흥","제약산업 육성 지원","한국형 NIBRT 프로그램 운영","3700000","3700000","3494623","100.0","94.4"
"2024","민간이전","민간경상보조","보건복지부","일반회계"," ","보건","보건의료","보건산업육성","보건산업진흥","제약산업 육성 지원","제약바이오 시장진출 및 국제협력","590000","590000","577211","100.0","97.8"
"2024","민간이전","민간경상보조","보건복지부","일반회계"," ","보건","보건의료","보건산업육성","보건산업진흥","제약산업 육성 지원","K-블록버스터 글로벌 진출 지원","1093000","1093000","1066815","100.0","97.6"
"2024","민간이전","민간경상보조","보건복지부","일반회계"," ","보건","보건의료","보건산업육성","보건산업진흥","제약산업 육성 지원","제약산업정보포털 운영","152000","152000","151859","100.0","99.9"
"2024","민간이전","민간경상보조","보건복지부","일반회계"," ","보건","보건의료","보건산업육성","보건산업진흥","제약산업 육성 지원","글로벌 액셀러레이터 플랫폼 구축 사업","7669000","7669000","6873768","100.0","89.6"
"2024","민간이전","민간경상보조","보건복지부","일반회계"," ","보건","보건의료","보건산업육성","보건산업진흥","제약산업 육성 지원","혁신형 제약기업 육성지원","280000","280000","278051","100.0","99.3"
"2024","민간이전","민간경상보조","보건복지부","일반회계"," ","보건","보건의료","보건산업육성","보건산업진흥","의료기기산업 경쟁력 강화","의료기기산업 전문인력양성","1500000","1500000","1488557","100.0","99.2"
"2024","민간이전","민간경상보조","보건복지부","일반회계"," ","보건","보건의료","보건산업육성","보건산업진흥","의료기기산업 경쟁력 강화","의료기기 기업 전주기 상담 및 규제 극복 지원(의료기기산업 종합지원센터)","738000","738000","718144","100.0","97.3"
"2024","민간이전","민간경상보조","보건복지부","일반회계"," ","보건","보건의료","보건산업육성","보건산업진흥","의료기기산업 경쟁력 강화","국산의료기기 사용활성화 지원","9316000","9316000","9027966","100.0","96.9"
"2024","민간이전","민간경상보조","보건복지부","일반회계"," ","보건","보건의료","보건산업육성","보건산업진흥","의료기기산업 경쟁력 강화","의료기기 글로벌 시장진출 지원","2320000","2320000","2244274","100.0","96.7"
"2024","민간이전","민간경상보조","보건복지부","일반회계"," ","보건","보건의료","보건산업육성","보건산업진흥","의료기기산업 경쟁력 강화","혁신의료기기 산업 생태계 조성","250000","250000","249031","100.0","99.6"
"2024","민간이전","민간경상보조","보건복지부","일반회계"," ","보건","보건의료","보건산업육성","보건산업진흥","바이오헬스 기술비즈니스 생태계 조성","바이오헬스 기술비즈니스 육성지원","0","0","0","0","0"
"2024","민간이전","민간경상보조","보건복지부","일반회계"," ","보건","보건의료","보건산업육성","보건산업진흥","바이오헬스 기술비즈니스 생태계 조성","바이오헬스 특화 기술평가 및 거래지원","0","0","0","0","0"
"2024","민간이전","민간경상보조","보건복지부","일반회계"," ","보건","보건의료","보건산업육성","보건산업진흥","글로벌 화장품 육성 인프라 구축","화장품종합지원센터 지원","2880000","2880000","2784314","100.0","96.7"
"2024","민간이전","민간경상보조","보건복지부","일반회계"," ","보건","보건의료","보건산업육성","보건산업진흥","글로벌 화장품 육성 인프라 구축","중소화장품 해외진출 지원","1300000","1300000","1281500","100.0","98.6"
"2024","민간이전","민간경상보조","보건복지부","일반회계"," ","보건","보건의료","보건산업육성","보건산업진흥","글로벌 화장품 육성 인프라 구축","현장 전문인력 양성","309000","309000","305551","100.0","98.9"
"2024","민간이전","민간경상보조","보건복지부","일반회계"," ","보건","보건의료","보건산업육성","보건산업진흥","글로벌 화장품 육성 인프라 구축","국내 K뷰티 체험홍보관 상설운영","2134000","2134000","2090027","100.0","97.9"
"2024","민간이전","민간경상보조","보건복지부","일반회계"," ","보건","보건의료","보건산업육성","보건산업진흥","글로벌 화장품 육성 인프라 구축","피부 유전체 분석센터 구축","412000","412000","374040","100.0","90.8"
"2024","민간이전","민간경상보조","보건복지부","일반회계"," ","보건","보건의료","보건산업육성","보건산업진흥","보건의료 인프라 연계 창업지원","개방형실험실 구축","3600000","3600000","3594735","100.0","99.9"
"2024","민간이전","민간경상보조","보건복지부","일반회계"," ","보건","보건의료","보건산업육성","보건산업진흥","보건의료 인프라 연계 창업지원","K-바이오헬스 전략센터, 지역센터 운영","5326000","5326000","5216969","100.0","98.0"
"2024","민간이전","민간경상보조","보건복지부","일반회계"," ","보건","보건의료","보건산업육성","보건산업진흥","보건의료 인프라 연계 창업지원","바이오헬스 기술 육성 지원","6489000","6489000","6426246","100.0","99.0"
"2024","민간이전","민간경상보조","보건복지부","일반회계"," ","보건","보건의료","보건산업육성","보건산업진흥","의료데이터 중심병원 지원사업","의료데이터 중심병원 기반구축 지원","5320000","5320000","5155797","100.0","96.9"
"2024","민간이전","민간경상보조","보건복지부","일반회계"," ","보건","보건의료","보건산업육성","보건산업진흥","의료데이터 중심병원 지원사업","데이터인공지능활용센터 운영","505000","505000","504081","100.0","99.8"
"2024","민간이전","민간경상보조","보건복지부","일반회계"," ","보건","보건의료","보건산업육성","보건산업진흥","의료데이터 중심병원 지원사업","K-CURE 임상데이터 네트워크 구축","3538525","3538525","3443823","100.0","97.3"
"2024","민간이전","민간경상보조","보건복지부","일반회계"," ","보건","보건의료","보건산업육성","보건산업진흥","백신 원부자재 시장 경쟁력 강화","국산 백신 원부자재 성능시험 지원","2100000","2100000","2086652","100.0","99.4"
"2024","민간이전","민간경상보조","보건복지부","일반회계"," ","보건","보건의료","보건산업육성","보건산업진흥","백신 원부자재 시장 경쟁력 강화","국내외 백신 원부자재 실태조사 및 정보제공","400000","400000","398593","100.0","99.6"
"2024","민간이전","민간경상보조","보건복지부","일반회계"," ","보건","보건의료","보건산업육성","보건산업진흥","백신 원부자재 시장 경쟁력 강화","WHO 글로벌 백신 인력양성 허브 지정","5842000","5842000","5508252","100.0","94.3"
"2024","민간이전","민간경상보조","보건복지부","일반회계"," ","보건","보건의료","한의학연구및정책개발","한의약 세계화 및 홍보","한의약의 해외진출 지원","한의약 해외환자유치 지원","544000","544000","511326","100.0","94.0"
"2024","민간이전","민간경상보조","보건복지부","일반회계"," ","보건","보건의료","한의학연구및정책개발","한의약 세계화 및 홍보","한의약의 해외진출 지원","한의약 해외수출 지원","576000","576000","531289","100.0","92.2"
"2024","민간이전","민간경상보조","보건복지부","일반회계"," ","보건","보건의료","한의학연구및정책개발","한의약 세계화 및 홍보","한의약의 해외진출 지원","한의약 세계화 추진 정책 지원","789000","789000","752488","100.0","95.4"
"2024","민간이전","민간경상보조","보건복지부","일반회계"," ","보건","보건의료","한의학연구및정책개발","한의약산업지원","한의약산업육성","한약 인공지능 플랫폼 구축","320000","320000","313974","100.0","98.1"
"2024","민간이전","민간경상보조","보건복지부","일반회계"," ","보건","보건의료","한의학연구및정책개발","한의약산업지원","한의약산업육성","한·양방 협진 모니터링 센터운영지원","405000","405000","404558","100.0","99.9"
"2024","민간이전","민간경상보조","보건복지부","일반회계"," ","보건","보건의료","한의학연구및정책개발","한의약산업지원","한의약산업육성","한약(탕약) 현대화","760000","760000","754827","100.0","99.3"
"2024","민간이전","민간경상보조","보건복지부","일반회계"," ","보건","보건의료","한의학연구및정책개발","한의약산업지원","한의약산업육성","한의약산업 전주기 지원체계 구축(한의약창업실증지원)","630000","630000","552622","100.0","87.7"
"2024","민간이전","민간경상보조","보건복지부","일반회계"," ","보건","보건의료","한의학연구및정책개발","한의약산업지원","한의약산업육성","한의약산업 전주기 지원체계 구축(한의약산업 생태계 조성지원)","185000","185000","181625","100.0","98.2"
"2024","민간이전","민간경상보조","보건복지부","일반회계"," ","보건","보건의료","한의학연구및정책개발","한의약산업지원","한의약산업육성","한의약 임상정보 빅데이터 지원센터 구축","570000","570000","530062","100.0","93.0"
"2024","민간이전","민간경상보조","보건복지부","일반회계"," ","보건","보건의료","한의학연구및정책개발","한의약산업지원","한국한의약진흥원 운영지원","한국한의약진흥원 운영지원","12270000","12270000","11709783","100.0","95.4"
"2024","민간이전","민간경상보조","보건복지부","일반회계"," ","보건","보건의료","국민건강생활실천","정신보건시설기능보강","정신건강증진시설 확충","정신의료기관 환경개선(자문컨설팅 운영)","0","0","0","0","0"
"2024","민간이전","민간경상보조","보건복지부","일반회계"," ","보건","보건의료","국민건강생활실천","정신보건시설기능보강","정신의료서비스 및 당사자 지원","대국민 심층상담 지원 사업","0","0","0","0","0"
"2024","민간이전","민간경상보조","보건복지부","일반회계"," ","보건","보건의료","국민건강생활실천","정신보건시설기능보강","정신의료서비스 및 당사자 지원","당사자 · 가족 지원(공공후견활동지원, 당사자단체지원)","1166000","1166000","1111648","100.0","95.3"
"2024","민간이전","민간경상보조","보건복지부","일반회계"," ","보건","보건의료","국민건강생활실천","정신보건시설기능보강","정신의료서비스 및 당사자 지원","당사자가족지원(당사자가족지원사업)","0","0","0","0","0"
"2024","민간이전","민간경상보조","보건복지부","일반회계"," ","보건","보건의료","국민건강생활실천","정신보건시설기능보강","정신의료서비스 및 당사자 지원","중독자 치료지원(전문인력 양성과정 개발 및 운영)","0","0","0","0","0"
"2024","민간이전","민간경상보조","보건복지부","일반회계"," ","보건","보건의료","국민건강생활실천","정신보건시설기능보강","정신의료서비스 및 당사자 지원","당사자가족지원(위기쉼터운영)","0","0","0","0","0"
"2024","민간이전","민간경상보조","보건복지부","일반회계"," ","보건","보건의료","국민건강생활실천","정신보건시설기능보강","정신의료서비스 및 당사자 지원","정신의료기관 통합정보시스템 구축","716000","716000","708540","100.0","99.0"
"2024","민간이전","민간경상보조","보건복지부","일반회계"," ","보건","보건의료","국민건강생활실천","정신보건시설기능보강","정신의료서비스 및 당사자 지원","정신질환자 복지서비스 지원(절차보조)","400000","400000","376972","100.0","94.2"
"2024","민간이전","민간경상보조","보건복지부","일반회계"," ","보건","보건의료","국민건강생활실천","정신보건시설기능보강","정신의료서비스 및 당사자 지원","정신질환자 복지서비스 지원(지역재활서비스 확충)","650000","650000","630852","100.0","97.1"
"2024","민간이전","민간경상보조","보건복지부","일반회계"," ","보건","보건의료","국민건강생활실천","정신보건시설기능보강","전국민 마음투자 지원사업","바우처시스템 보강 및 신규 전달체계 구축 및 운영","18050000","18049680","14054199","100.0","77.9"
"2024","민간이전","민간경상보조","보건복지부","일반회계"," ","보건","보건의료","보건의료서비스지원","의료인력 양성","의료인력 양성 및 적정 수급관리","전공의 등 육성지원","1730000","1730000","1321401","100.0","76.4"
"2024","민간이전","민간경상보조","보건복지부","일반회계"," ","보건","보건의료","보건의료서비스지원","의료인력 양성","의료인력 양성 및 적정 수급관리","보건의료인력지원전문기관 운영","551000","551000","483368","100.0","87.7"
"2024","민간이전","민간경상보조","보건복지부","일반회계"," ","보건","보건의료","보건의료서비스지원","의료인력 양성","의료인력 양성 및 적정 수급관리","간호인력 취업지원사업","3327000","3327000","3323271","100.0","99.9"
"2024","민간이전","민간경상보조","보건복지부","일반회계"," ","보건","보건의료","보건의료서비스지원","의료인력 양성","의료인력 양성 및 적정 수급관리","간호조무사 교육훈련기관 지정평가","496000","496000","495357","100.0","99.9"
"2024","민간이전","민간경상보조","보건복지부","일반회계"," ","보건","보건의료","보건의료서비스지원","의료인력 양성","의료인력 양성 및 적정 수급관리","간호대학 실습교육 지원","5800000","5800000","5747690","100.0","99.1"
"2024","민간이전","민간경상보조","보건복지부","일반회계"," ","보건","보건의료","보건의료서비스지원","의료인력 양성","의료인력 양성 및 적정 수급관리","간호조무사 직무교육 개발 및 지원","600000","600000","600000","100.0","100.0"
"2024","민간이전","민간경상보조","보건복지부","일반회계"," ","보건","보건의료","보건의료서비스지원","의료인력 양성","의료인력 양성 및 적정 수급관리","전공의 공동수련 시범사업","0","0","0","0","0"
"2024","민간이전","민간경상보조","보건복지부","일반회계"," ","보건","보건의료","보건의료서비스지원","의료인력 양성","의료인력 양성 및 적정 수급관리","공공·지역의료인력 양성관리 및 지원","1760000","1760000","1485457","100.0","84.4"
"2024","민간이전","민간경상보조","보건복지부","일반회계"," ","보건","보건의료","보건의료서비스지원","의료인력 양성","의료인력 양성 및 적정 수급관리","수련보조수당 지원사업","4370000","2185000","1783348","50.0","81.6"
"2024","민간이전","민간경상보조","보건복지부","일반회계"," ","보건","보건의료","보건의료서비스지원","의료인력 양성","의료인력 양성 및 적정 수급관리","필수의료 간호사 양성지원","9833000","9833000","7363827","100.0","74.9"
"2024","민간이전","민간경상보조","보건복지부","일반회계"," ","보건","보건의료","보건의료서비스지원","의료인력 양성","의료기술시험연수원 구축","의료기술시험연수원 구축","97000","97000","97000","100.0","100.0"
"2024","민간이전","민간경상보조","보건복지부","일반회계"," ","보건","보건의료","보건의료서비스지원","의료기관 질관리 및 정책지원","의료기관안전 및 질관리","의료기관평가인증원 지원","10672000","10672000","10665441","100.0","99.9"
"2024","민간이전","민간경상보조","보건복지부","일반회계"," ","보건","보건의료","보건의료서비스지원","의료기관 질관리 및 정책지원","보건의료정책개발지원 등","아시아약학연맹총회","300000","300000","300000","100.0","100.0"
"2024","민간이전","민간경상보조","보건복지부","일반회계"," ","보건","보건의료","보건의료서비스지원","의료기관 질관리 및 정책지원","공공야간.심야약국 운영 지원","공공야간·심야약국 운영 지원","3001000","3001000","2957923","100.0","98.6"
"2024","민간이전","민간경상보조","보건복지부","일반회계"," ","보건","보건의료","보건의료서비스지원","의료기관 질관리 및 정책지원","요양병원 간병지원 시범사업(한시)","요양병원 간병지원 시범사업","8000000","8000000","5605495","100.0","70.1"
"2024","민간이전","민간경상보조","보건복지부","일반회계"," ","보건","보건의료","보건의료서비스지원","1차의료 활성화","일차의료 만성질환 관리사업 운영","일차의료 만성질환관리 정책지원 운영","0","0","0","0","0"
"2024","민간이전","민간경상보조","보건복지부","일반회계"," ","보건","보건의료","보건의료서비스지원","1차의료 활성화","일차의료 만성질환 관리사업 운영","온라인 당뇨병교육","0","0","0","0","0"
"2024","민간이전","민간경상보조","보건복지부","일반회계"," ","보건","건강보험","건강보험제도 운영","건강보험 지원","재난적의료비 지원사업","재난적의료비 지원사업","16984000","16984000","16983994","100.0","100.0"
"2024","민간이전","민간경상보조","보건복지부","일반회계"," ","보건","건강보험","건강보험제도 운영","건강보험 지원","한국형 상병수당 시범사업","한국형 상병수당 시범사업","13921000","13921000","8233100","100.0","59.1"
"2024","민간이전","민간경상보조","보건복지부","지역균형발전특별회계","지역지원계정","사회복지","사회복지일반","사회복지기반조성","사회복지전달체계","공공사회복지전달체계 개선","사례관리 정책지원센터 운영","0","0","0","0","0"
"2024","민간이전","민간경상보조","보건복지부","지역균형발전특별회계","지역지원계정","사회복지","사회복지일반","사회복지기반조성","사회복지전달체계","사례관리 전달체계 개선","아동보호전담요원 교육 등","0","0","0","0","0"
"2024","민간이전","민간경상보조","보건복지부","지역균형발전특별회계","지역지원계정","사회복지","사회복지일반","사회복지기반조성","사회복지전달체계","사례관리 전달체계 개선","방문건강관리(민간경상보조)","0","0","0","0","0"
"2024","민간이전","민간경상보조","보건복지부","지역균형발전특별회계","지역지원계정","사회복지","사회복지일반","사회복지기반조성","사회복지전달체계","사례관리 전달체계 개선","사례관리 정책지원센터 운영","992000","992000","944954","100.0","95.3"
"2024","민간이전","민간경상보조","보건복지부","지역균형발전특별회계","지역지원계정","사회복지","노인","노인의료보장","노인요양시설확충","노인요양시설 확충","재가장기요양기관 인권교육","0","0","0","0","0"
"2024","민간이전","민간경상보조","보건복지부","지역균형발전특별회계","지역지원계정","보건","보건의료","공공보건의료확충","지방의료원 등 육성","지역거점병원공공성강화","공공보건의료 협력체계 구축","0","0","0","0","0"
"2024","민간이전","민간경상보조","보건복지부","지역균형발전특별회계","지역지원계정","보건","보건의료","공공보건의료확충","지방의료원 등 육성","지역거점병원공공성강화","적십자병원 파견 의료인력 인건비 지원사업","500000","500000","500000","100.0","100.0"
"2024","민간이전","민간경상보조","보건복지부","지역균형발전특별회계","지역지원계정","보건","보건의료","공공보건의료확충","지방의료원 등 육성","지역거점병원공공성강화","공공병원 경영혁신 인센티브 지원(적십자병원)","7200000","7200000","7200000","100.0","100.0"
"2024","민간이전","민간경상보조","보건복지부","지역균형발전특별회계","지역지원계정","보건","보건의료","공공보건의료확충","의료취약지 지원","의료 및 분만취약지 지원","의료취약지 의료지원(민간경상보조)","0","0","0","0","0"
"2024","민간이전","민간경상보조","보건복지부","지역균형발전특별회계","지역지원계정","보건","보건의료","공공보건의료확충","의료취약지 지원","의료 및 분만취약지 지원","의료취약지 모니터링 연구","0","0","0","0","0"
"2024","민간이전","민간경상보조","보건복지부","지역균형발전특별회계","지역지원계정","보건","보건의료","보건산업육성","첨단의료복합단지조성","첨단의료복합단지조성(지역지원)","첨단의료산업진흥재단 인건비","22851000","22851000","22851000","100.0","100.0"
"2024","민간이전","민간경상보조","보건복지부","지역균형발전특별회계","지역지원계정","보건","보건의료","보건산업육성","첨단의료복합단지조성","첨단의료복합단지조성(지역지원)","첨단의료산업진흥재단 운영비","16157000","16157000","16157000","100.0","100.0"
"2024","민간이전","민간경상보조","보건복지부","지역균형발전특별회계","지역지원계정","보건","보건의료","보건산업육성","첨단의료복합단지조성","첨단의료복합단지조성(지역지원)","데이터 완전성 구축","4095000","4095000","4087550","100.0","99.8"
"2024","민간이전","민간경상보조","보건복지부","지역균형발전특별회계","지역지원계정","보건","보건의료","보건산업육성","첨단의료복합단지조성","첨단의료복합단지조성(지역지원)","첨단의료복합단지 활성화 지원","0","0","0","0","0"
"2024","민간이전","민간경상보조","산림청","농어촌구조개선특별회계","임업진흥사업계정","농림수산","임업·산촌","국제산림협력","임산물수출촉진","임산물수출촉진","임산물글로벌경쟁력강화(민간경상)","665000","350000","336281","52.6","96.1"
"2024","민간이전","민간경상보조","산림청","농어촌구조개선특별회계","임업진흥사업계정","농림수산","임업·산촌","국제산림협력","임산물수출촉진","임산물수출촉진","임산물글로벌판로개척","2585000","1965000","1871509","76.0","95.2"
"2024","민간이전","민간경상보조","산림청","농어촌구조개선특별회계","임업진흥사업계정","농림수산","임업·산촌","국제산림협력","임산물수출촉진","임산물수출촉진","임산물글로벌기반구축","1168122","1168122","1091884","100.0","93.5"
"2024","민간이전","민간경상보조","산림청","농어촌구조개선특별회계","임업진흥사업계정","농림수산","임업·산촌","산림자원 및 산업육성","목재 및 임산물활용(농특)","청정임산물이용증진","청정임산물 소비촉진 및 홍보","721000","721000","721000","100.0","100.0"
"2024","민간이전","민간경상보조","산림청","농어촌구조개선특별회계","임업진흥사업계정","농림수산","임업·산촌","산림자원 및 산업육성","목재 및 임산물활용(농특)","청정임산물이용증진","임산물 유통정보시스템운영","401000","401000","401000","100.0","100.0"
"2024","민간이전","민간경상보조","산림청","농어촌구조개선특별회계","임업진흥사업계정","농림수산","임업·산촌","산림자원 및 산업육성","목재 및 임산물활용(농특)","임산물생산기반조성","산림경영지도운영","16855000","16855000","16855000","100.0","100.0"
"2024","민간이전","민간경상보조","산림청","농어촌구조개선특별회계","임업진흥사업계정","농림수산","임업·산촌","산림자원 및 산업육성","목재 및 임산물활용(농특)","목재이용증진","전문인력 양성기관 운영 지원","48000","48000","48000","100.0","100.0"
"2024","민간이전","민간경상보조","산림청","농어촌구조개선특별회계","임업진흥사업계정","농림수산","임업·산촌","산림자원 및 산업육성","목재 및 임산물활용(농특)","목재이용증진","목재산업박람회","146000","146000","145946","100.0","100.0"
"2024","민간이전","민간경상보조","산림청","농어촌구조개선특별회계","임업진흥사업계정","농림수산","임업·산촌","산림자원 및 산업육성","임업정책자금 지원(농특)","임업·산림 공익직접지불금","이행점검 및 사업관리","30000","30000","30000","100.0","100.0"
"2024","민간이전","민간경상보조","산림청","농어촌구조개선특별회계","임업진흥사업계정","농림수산","임업·산촌","산림자원 및 산업육성","산림경영 경쟁력 강화(농특)","산림경영지도","우수경영인 산림경영 지원","0","0","0","0","0"
"2024","민간이전","민간경상보조","산림청","농어촌구조개선특별회계","임업진흥사업계정","농림수산","임업·산촌","산림자원 및 산업육성","산림경영 경쟁력 강화(농특)","산림경영지도","산림경영지도운영","0","0","0","0","0"
"2024","민간이전","민간경상보조","산림청","농어촌구조개선특별회계","임업진흥사업계정","농림수산","임업·산촌","산림자원 및 산업육성","산림경영 경쟁력 강화(농특)","임업기능인양성","임업기능인 교육훈련 지원","912000","912000","912000","100.0","100.0"
"2024","민간이전","민간경상보조","산림청","농어촌구조개선특별회계","임업진흥사업계정","농림수산","임업·산촌","산림자원 및 산업육성","산림경영 경쟁력 강화(농특)","임업기능인양성","임업훈련원 운영","1750000","1750000","1750000","100.0","100.0"
"2024","민간이전","민간경상보조","산림청","농어촌구조개선특별회계","임업진흥사업계정","농림수산","임업·산촌","산림자원 및 산업육성","산림경영 경쟁력 강화(농특)","임업기능인양성","임업기능인 경진대회","0","0","0","0","0"
"2024","민간이전","민간경상보조","산림청","농어촌구조개선특별회계","임업진흥사업계정","농림수산","임업·산촌","산림자원 및 산업육성","산림경영 경쟁력 강화(농특)","임업기능인양성","산림기술개발, 전문인력 양성","50000","50000","50000","100.0","100.0"
"2024","민간이전","민간경상보조","산림청","농어촌구조개선특별회계","임업진흥사업계정","농림수산","임업·산촌","산림재난관리","산림병해충 예방 및 대응(농특)","산림병해충방제","산림병해충방제(민간보조)","1032000","1032000","1031925","100.0","100.0"
"2024","민간이전","민간경상보조","산림청","일반회계"," ","농림수산","임업·산촌","국제산림협력","국제산림협력(일반)","국제산림협력 공적개발원조(ODA)","몽골 민간사막화방지 조림사업","300000","300000","300000","100.0","100.0"
"2024","민간이전","민간경상보조","산림청","일반회계"," ","농림수산","임업·산촌","국제산림협력","국제산림협력(일반)","국제산림협력 공적개발원조(ODA)","엘살바도르 수원함양지의 황폐림 복원사업","400000","400000","399935","100.0","100.0"
"2024","민간이전","민간경상보조","산림청","일반회계"," ","농림수산","임업·산촌","국제산림협력","국제산림협력(일반)","국제산림협력 공적개발원조(ODA)","온두라스 기후변화에 대한 적응과 탄력성 대책으로서 산림의 생산적 복원과 보전 촉진사업","522000","522000","521988","100.0","100.0"
"2024","민간이전","민간경상보조","산림청","일반회계"," ","농림수산","임업·산촌","국제산림협력","국제산림협력(일반)","국제산림협력 공적개발원조(ODA)","과테말라 기후변화 영향 완화 및 적응을 위한 산림복원 및 역량강화 사업","600000","600000","599989","100.0","100.0"
"2024","민간이전","민간경상보조","산림청","일반회계"," ","농림수산","임업·산촌","국제산림협력","국제산림협력(일반)","REDD+ 탄소배출권 확보 기반구축","REDD+ 타당성 조사","0","0","0","0","0"
"2024","민간이전","민간경상보조","산림청","일반회계"," ","농림수산","임업·산촌","산림자원 및 산업육성","산림정책 지원(일반)","산림탄소관리 및 활용 기반구축","산림탄소센터 지원","533000","533000","532330","100.0","99.9"
"2024","민간이전","민간경상보조","산림청","일반회계"," ","농림수산","임업·산촌","산림자원 및 산업육성","한국임업진흥원 지원","한국임업진흥원 지원","한국임업진흥원 지원","26457000","26457000","26376832","100.0","99.7"
"2024","민간이전","민간경상보조","산림청","일반회계"," ","농림수산","임업·산촌","산림이용 및 복지증진","한국산림복지진흥원 지원(일반)","한국산림복지진흥원 지원","한국산림복지진흥원 지원(경상)","42906000","42906000","42891463","100.0","100.0"
"2024","민간이전","민간경상보조","산림청","일반회계"," ","농림수산","임업·산촌","산림이용 및 복지증진","산촌활성화 지원","산촌활성화 지원","산촌공동체 활성화 사업","0","0","0","0","0"
"2024","민간이전","민간경상보조","산림청","일반회계"," ","농림수산","임업·산촌","산림이용 및 복지증진","산촌활성화 지원","산촌활성화 지원","귀산촌 교육","0","0","0","0","0"
"2024","민간이전","민간경상보조","산림청","일반회계"," ","농림수산","임업·산촌","산림이용 및 복지증진","산촌활성화 지원","산촌활성화 지원","산림일자리 창업지원(산림분야 특성화고 지원_교육운영)","0","0","0","0","0"
"2024","민간이전","민간경상보조","산림청","일반회계"," ","농림수산","임업·산촌","산림이용 및 복지증진","산림복지서비스 제공·운영","한국등산·트레킹지원센터 지원","한국등산트레킹지원센터 인건비","2811000","2811000","2692427","100.0","95.8"
"2024","민간이전","민간경상보조","산림청","일반회계"," ","농림수산","임업·산촌","산림이용 및 복지증진","산림복지서비스 제공·운영","한국등산·트레킹지원센터 지원","한국등산트레킹지원센터 경상경비","433000","433000","430360","100.0","99.4"
"2024","민간이전","민간경상보조","산림청","일반회계"," ","농림수산","임업·산촌","산림이용 및 복지증진","산림복지서비스 제공·운영","한국등산·트레킹지원센터 지원","한국등산트레킹지원센터 사업비","2658000","2658000","2647000","100.0","99.6"
"2024","민간이전","민간경상보조","산림청","일반회계"," ","농림수산","임업·산촌","산림환경 보전 및 증진","산림생태보전(일반)","산림복원","자생식물 공급체계 구축 운영","902000","902000","901363","100.0","99.9"
"2024","민간이전","민간경상보조","산림청","일반회계"," ","농림수산","임업·산촌","산림환경 보전 및 증진","한국수목원관리원 지원(일반)","한국수목원정원관리원 지원","한국수목원관리원 지원(민간경상보조)","52075000","52075000","51102027","100.0","98.1"
"2024","민간이전","민간경상보조","산림청","일반회계"," ","농림수산","임업·산촌","산림재난관리","산불 예방 및 대응","산불방지대책","산불방지대책(민간경상)","200000","200000","191400","100.0","95.7"
"2024","민간이전","민간경상보조","산림청","일반회계"," ","농림수산","임업·산촌","산림행정지원","산림자원정보화(일반)","산림자원정보화(정보화)","산림빅데이터(민간) 플랫폼 활성화","1340000","1340000","1331882","100.0","99.4"
"2024","민간이전","민간경상보조","산업통상자원부","고등·평생교육지원특별회계"," ","산업·중소기업및에너지","무역및투자유치","무역진흥","수출역량강화","지역전문가양성및공급","지역특화청년무역전문가양성사업","2682000","2682000","2682000","100.0","100.0"
"2024","민간이전","민간경상보조","산업통상자원부","산업기술진흥및사업화촉진기금","산업기술혁신계정","산업·중소기업및에너지","산업혁신지원","산업기술진흥및사업화촉진","산업기술진흥및사업화촉진","산업기술혁신문화환경조성","기술혁신문화환경조성","1472000","1472000","1472000","100.0","100.0"
"2024","민간이전","민간경상보조","산업통상자원부","산업기술진흥및사업화촉진기금","산업기술혁신계정","산업·중소기업및에너지","산업혁신지원","산업기술진흥및사업화촉진","산업기술진흥및사업화촉진","산업기술혁신문화환경조성","기술혁신문화확산","2904000","2904000","2902618","100.0","100.0"
"2024","민간이전","민간경상보조","산업통상자원부","산업기술진흥및사업화촉진기금","특정물질사용합리화계정","산업·중소기업및에너지","산업혁신지원","주력산업진흥","대체물질활용지원","몬트리올의정서대응","몬트리올의정서대응지원","242000","242000","241789","100.0","99.9"
"2024","민간이전","민간경상보조","산업통상자원부","산업기술진흥및사업화촉진기금","특정물질사용합리화계정","산업·중소기업및에너지","산업혁신지원","주력산업진흥","대체물질활용지원","몬트리올의정서대응","특정물질 기술지원 및 관리체계 구축","608000","608000","607964","100.0","100.0"
"2024","민간이전","민간경상보조","산업통상자원부","에너지및자원사업특별회계","투자계정","산업·중소기업및에너지","에너지및자원개발","에너지자원정책","에너지이용합리화","에너지진단보조","건물에너지진단정보DB구축","0","0","0","0","0"
"2024","민간이전","민간경상보조","산업통상자원부","에너지및자원사업특별회계","투자계정","산업·중소기업및에너지","에너지및자원개발","에너지자원정책","에너지이용합리화","에너지진단보조","산업진단보조","0","0","0","0","0"
"2024","민간이전","민간경상보조","산업통상자원부","에너지및자원사업특별회계","투자계정","산업·중소기업및에너지","에너지및자원개발","에너지자원정책","에너지이용합리화","미래 지역에너지산업 생태계 활성화","신산업육성사업","0","0","0","0","0"
"2024","민간이전","민간경상보조","산업통상자원부","에너지및자원사업특별회계","투자계정","산업·중소기업및에너지","에너지및자원개발","에너지자원정책","에너지이용합리화","미래 지역에너지산업 생태계 활성화","지역에너지생태계활성화사업","10000000","10000000","9386929","100.0","93.9"
"2024","민간이전","민간경상보조","산업통상자원부","에너지및자원사업특별회계","투자계정","산업·중소기업및에너지","에너지및자원개발","에너지자원정책","에너지이용합리화","보일러 안전관리","보일러 안전관리","0","0","0","0","0"
"2024","민간이전","민간경상보조","산업통상자원부","에너지및자원사업특별회계","투자계정","산업·중소기업및에너지","에너지및자원개발","에너지자원정책","가스안전관리","LPG용기사용가구 시설개선","LPG용기 사용가구 시설개선","180000","180000","178459","100.0","99.1"
"2024","민간이전","민간경상보조","산업통상자원부","에너지및자원사업특별회계","투자계정","산업·중소기업및에너지","에너지및자원개발","에너지자원정책","에너지복지지원","에너지바우처","에너지바우처 지원금","681142600","581463600","564862563","85.4","97.1"
"2024","민간이전","민간경상보조","산업통상자원부","에너지및자원사업특별회계","투자계정","산업·중소기업및에너지","에너지및자원개발","에너지자원정책","에너지복지지원","에너지바우처","사업운영비","4463400","4463400","4336777","100.0","97.2"
"2024","민간이전","민간경상보조","산업통상자원부","에너지및자원사업특별회계","투자계정","산업·중소기업및에너지","에너지및자원개발","재생에너지및에너지신산업활성화","에너지신산업","수소산업진흥 기반구축사업","수소전문기업 지원사업","3823000","3823000","3776717","100.0","98.8"
"2024","민간이전","민간경상보조","산업통상자원부","에너지및자원사업특별회계","투자계정","산업·중소기업및에너지","에너지및자원개발","재생에너지및에너지신산업활성화","에너지신산업","수소산업진흥 기반구축사업","수소산업통계조사및종합정보포털유지보수","388000","388000","376086","100.0","96.9"
"2024","민간이전","민간경상보조","산업통상자원부","에너지및자원사업특별회계","투자계정","산업·중소기업및에너지","에너지및자원개발","재생에너지및에너지신산업활성화","에너지신산업","수소산업진흥 기반구축사업","수소경제사회적공감대형성사업","270000","270000","248259","100.0","91.9"
"2024","민간이전","민간경상보조","산업통상자원부","에너지및자원사업특별회계","투자계정","산업·중소기업및에너지","에너지및자원개발","재생에너지및에너지신산업활성화","에너지신산업","수소산업진흥 기반구축사업","수소국제협력사업","270000","270000","269485","100.0","99.8"
"2024","민간이전","민간경상보조","산업통상자원부","에너지및자원사업특별회계","투자계정","산업·중소기업및에너지","에너지및자원개발","재생에너지및에너지신산업활성화","에너지신산업","수소산업진흥 기반구축사업","청정수소시험평가및실증화지원기반구축사업","400000","400000","381482","100.0","95.4"
"2024","민간이전","민간경상보조","산업통상자원부","에너지및자원사업특별회계","투자계정","산업·중소기업및에너지","에너지및자원개발","재생에너지및에너지신산업활성화","에너지신산업","수소유통 기반구축사업","수소 거래시스템 및 유통정보시스템 운영","1657000","1657000","1073205","100.0","64.8"
"2024","민간이전","민간경상보조","산업통상자원부","에너지및자원사업특별회계","투자계정","산업·중소기업및에너지","에너지및자원개발","재생에너지및에너지신산업활성화","에너지신산업","수소유통 기반구축사업","수소튜브트레일러 지원","7165000","7165000","7160948","100.0","99.9"
"2024","민간이전","민간경상보조","산업통상자원부","에너지및자원사업특별회계","투자계정","산업·중소기업및에너지","에너지및자원개발","재생에너지및에너지신산업활성화","에너지신산업","수소유통 기반구축사업","수소 유통질서 및 신고센터 운영","652000","652000","633330","100.0","97.1"
"2024","민간이전","민간경상보조","산업통상자원부","에너지및자원사업특별회계","투자계정","산업·중소기업및에너지","에너지및자원개발","재생에너지및에너지신산업활성화","에너지신산업","수소유통 기반구축사업","수소 수급통계 및 수급계획 수립","360000","360000","310229","100.0","86.2"
"2024","민간이전","민간경상보조","산업통상자원부","에너지및자원사업특별회계","투자계정","산업·중소기업및에너지","에너지및자원개발","재생에너지및에너지신산업활성화","에너지신산업","수소저장·운송클러스터구축사업","수소저장·운송클러스터구축사업","42000","42000","41973","100.0","99.9"
"2024","민간이전","민간경상보조","산업통상자원부","에너지및자원사업특별회계","투자계정","산업·중소기업및에너지","에너지및자원개발","에너지공급체계구축","석유안정공급","석유품질관리사업지원","석유품질관리사업지원(경상보조)","14242000","14242000","14201000","100.0","99.7"
"2024","민간이전","민간경상보조","산업통상자원부","에너지및자원사업특별회계","투자계정","산업·중소기업및에너지","에너지및자원개발","에너지공급체계구축","석유안정공급","석유유통구조개선","품질인증프로그램","0","0","0","0","0"
"2024","민간이전","민간경상보조","산업통상자원부","에너지및자원사업특별회계","투자계정","산업·중소기업및에너지","에너지및자원개발","에너지공급체계구축","석유안정공급","석유유통구조개선","알뜰주유소 시설개선지원","278000","278000","278000","100.0","100.0"
"2024","민간이전","민간경상보조","산업통상자원부","에너지및자원사업특별회계","투자계정","산업·중소기업및에너지","에너지및자원개발","에너지공급체계구축","석유안정공급","석유유통구조개선","석유유통시장 투명성제고사업 지원","0","0","0","0","0"
"2024","민간이전","민간경상보조","산업통상자원부","에너지및자원사업특별회계","투자계정","산업·중소기업및에너지","에너지및자원개발","에너지공급체계구축","석유안정공급","석유유통구조개선","석유유통구조 고도화 사업","160000","160000","160000","100.0","100.0"
"2024","민간이전","민간경상보조","산업통상자원부","에너지및자원사업특별회계","투자계정","산업·중소기업및에너지","에너지및자원개발","에너지공급체계구축","석유안정공급","석유유통구조개선","오피넷 운영 및 개선","576000","576000","576000","100.0","100.0"
"2024","민간이전","민간경상보조","산업통상자원부","에너지및자원사업특별회계","투자계정","산업·중소기업및에너지","에너지및자원개발","에너지공급체계구축","광산지역진흥","폐광대책비","근로자 대책비","197571000","197571000","170516348","100.0","86.3"
"2024","민간이전","민간경상보조","산업통상자원부","에너지및자원사업특별회계","투자계정","산업·중소기업및에너지","에너지및자원개발","에너지공급체계구축","광산지역진흥","폐광대책비","출수피해방지비","4895000","4895000","4895000","100.0","100.0"
"2024","민간이전","민간경상보조","산업통상자원부","에너지및자원사업특별회계","투자계정","산업·중소기업및에너지","에너지및자원개발","에너지공급체계구축","광산지역진흥","폐광대책비","폐광갱도 활용 전략 수립 용역","500000","500000","482350","100.0","96.5"
"2024","민간이전","민간경상보조","산업통상자원부","에너지및자원사업특별회계","투자계정","산업·중소기업및에너지","에너지및자원개발","에너지공급체계구축","광산지역진흥","폐광대책비","광업자대책비","773000","773000","702319","100.0","90.9"
"2024","민간이전","민간경상보조","산업통상자원부","에너지및자원사업특별회계","투자계정","산업·중소기업및에너지","에너지및자원개발","에너지공급체계구축","광산지역진흥","폐광대책비","광해복구비","19850000","15370000","15359665","77.4","99.9"
"2024","민간이전","민간경상보조","산업통상자원부","에너지및자원사업특별회계","투자계정","산업·중소기업및에너지","에너지및자원개발","에너지공급체계구축","광해광업공단","탄가안정대책보조","탄가안정대책보조","64291000","64291000","64291000","100.0","100.0"
"2024","민간이전","민간경상보조","산업통상자원부","에너지및자원사업특별회계","투자계정","산업·중소기업및에너지","에너지및자원개발","에너지공급체계구축","가스수급안정","LPG 소형 저장탱크 보급","사회복지시설 지원(민간경상보조)","150000","150000","150000","100.0","100.0"
"2024","민간이전","민간경상보조","산업통상자원부","에너지및자원사업특별회계","투자계정","산업·중소기업및에너지","에너지및자원개발","에너지공급체계구축","광물안정공급","일반광업육성지원","광량확보","4398000","4398000","4398000","100.0","100.0"
"2024","민간이전","민간경상보조","산업통상자원부","에너지및자원사업특별회계","투자계정","산업·중소기업및에너지","에너지및자원개발","에너지공급체계구축","광물안정공급","일반광업육성지원","광업선진화(경상)","520000","520000","520000","100.0","100.0"
"2024","민간이전","민간경상보조","산업통상자원부","에너지및자원사업특별회계","투자계정","산업·중소기업및에너지","에너지및자원개발","에너지공급체계구축","광물안정공급","일반광업육성지원","광산안전시설(경상)","1866000","1866000","1866000","100.0","100.0"
"2024","민간이전","민간경상보조","산업통상자원부","에너지및자원사업특별회계","투자계정","산업·중소기업및에너지","에너지및자원개발","에너지공급체계구축","광물안정공급","일반광업육성지원","국가광물정보센터(경상)","635000","635000","635000","100.0","100.0"
"2024","민간이전","민간경상보조","산업통상자원부","에너지및자원사업특별회계","투자계정","산업·중소기업및에너지","에너지및자원개발","에너지공급체계구축","광물안정공급","일반광업육성지원","광업분쟁해소","54000","54000","54000","100.0","100.0"
"2024","민간이전","민간경상보조","산업통상자원부","에너지및자원사업특별회계","투자계정","산업·중소기업및에너지","에너지및자원개발","에너지공급체계구축","광물안정공급","해외자원개발조사","조사사업","2220000","2220000","2220000","100.0","100.0"
"2024","민간이전","민간경상보조","산업통상자원부","에너지및자원사업특별회계","투자계정","산업·중소기업및에너지","에너지및자원개발","에너지공급체계구축","광물안정공급","해외자원개발조사","기반구축사업","1071000","1071000","1071000","100.0","100.0"
"2024","민간이전","민간경상보조","산업통상자원부","에너지및자원사업특별회계","투자계정","산업·중소기업및에너지","에너지및자원개발","에너지공급체계구축","광물안정공급","광산물비축자산관리보조","광산물비축자산관리보조","1052000","1052000","1052000","100.0","100.0"
"2024","민간이전","민간경상보조","산업통상자원부","에너지및자원사업특별회계","투자계정","산업·중소기업및에너지","에너지및자원개발","에너지기술기반확충","기반구축","수소생산기지 구축","중대규모 수소생산기지 구축","0","0","0","0","0"
"2024","민간이전","민간경상보조","산업통상자원부","에너지및자원사업특별회계","투자계정","산업·중소기업및에너지","에너지및자원개발","에너지기술기반확충","기반구축","수소생산기지 구축","수전해 공급인프라 구축","6720000","6720000","6591191","100.0","98.1"
"2024","민간이전","민간경상보조","산업통상자원부","에너지및자원사업특별회계","투자계정","산업·중소기업및에너지","에너지및자원개발","에너지기술기반확충","기반구축","수소생산기지 구축","탄소포집용 수소생산기지구축","1400000","1400000","1399863","100.0","100.0"
"2024","민간이전","민간경상보조","산업통상자원부","일반회계"," ","산업·중소기업및에너지","무역및투자유치","무역진흥","전략물자수출입통제기반구축","전략물자수출입통제기반구축","전략물자관리원 기관운영","5038000","5038000","5038000","100.0","100.0"
"2024","민간이전","민간경상보조","산업통상자원부","일반회계"," ","산업·중소기업및에너지","무역및투자유치","무역진흥","전략물자수출입통제기반구축","전략물자수출입통제기반구축","전략물자 안전수출 지원","1451000","1451000","1451000","100.0","100.0"
"2024","민간이전","민간경상보조","산업통상자원부","일반회계"," ","산업·중소기업및에너지","무역및투자유치","무역진흥","전략물자수출입통제기반구축","전략물자수출입통제기반구축","전략기술 수출관리 선진화","461000","461000","461000","100.0","100.0"
"2024","민간이전","민간경상보조","산업통상자원부","일반회계"," ","산업·중소기업및에너지","무역및투자유치","무역진흥","전략물자수출입통제기반구축","전략물자수출입통제기반구축","전략물자 수출관리 제도 확산","796000","796000","796000","100.0","100.0"
"2024","민간이전","민간경상보조","산업통상자원부","일반회계"," ","산업·중소기업및에너지","무역및투자유치","무역진흥","전략물자수출입통제기반구축","전략물자수출입통제기반구축","온라인 시스템의 안정적 운영","1307000","1307000","1307000","100.0","100.0"
"2024","민간이전","민간경상보조","산업통상자원부","일반회계"," ","산업·중소기업및에너지","무역및투자유치","무역진흥","대한상사중재원지원","대한상사중재원지원","알선상담사업지원비","140000","140000","140000","100.0","100.0"
"2024","민간이전","민간경상보조","산업통상자원부","일반회계"," ","산업·중소기업및에너지","무역및투자유치","무역진흥","대한상사중재원지원","대한상사중재원지원","중재사업지원비","686000","686000","685999","100.0","100.0"
"2024","민간이전","민간경상보조","산업통상자원부","일반회계"," ","산업·중소기업및에너지","무역및투자유치","무역진흥","수출역량강화","전시산업경쟁력강화지원사업","국내전시회 개최지원","5165000","5165000","5165000","100.0","100.0"
"2024","민간이전","민간경상보조","산업통상자원부","일반회계"," ","산업·중소기업및에너지","무역및투자유치","무역진흥","수출역량강화","전시산업경쟁력강화지원사업","전시산업 기반구축","1815000","1815000","1815000","100.0","100.0"
"2024","민간이전","민간경상보조","산업통상자원부","일반회계"," ","산업·중소기업및에너지","무역및투자유치","무역진흥","수출역량강화","수출경쟁력 강화지원","해외전시회 지원(단체)","31733000","31733000","31733000","100.0","100.0"
"2024","민간이전","민간경상보조","산업통상자원부","일반회계"," ","산업·중소기업및에너지","무역및투자유치","무역진흥","수출역량강화","수출경쟁력 강화지원","경제사절단 파견 및 상시비즈니스 지원","3325000","3325000","3325000","100.0","100.0"
"2024","민간이전","민간경상보조","산업통상자원부","일반회계"," ","산업·중소기업및에너지","무역및투자유치","무역진흥","수출역량강화","수출경쟁력 강화지원","해외전시회(개별)","7554000","7554000","7554000","100.0","100.0"
"2024","민간이전","민간경상보조","산업통상자원부","일반회계"," ","산업·중소기업및에너지","무역및투자유치","무역진흥","수출역량강화","수출지원기반활용","개별지원사업","29736000","29736000","29522008","100.0","99.3"
"2024","민간이전","민간경상보조","산업통상자원부","일반회계"," ","산업·중소기업및에너지","무역및투자유치","무역진흥","수출역량강화","수출지원기반활용","통합지원사업","56658000","56658000","55606997","100.0","98.1"
"2024","민간이전","민간경상보조","산업통상자원부","일반회계"," ","산업·중소기업및에너지","무역및투자유치","무역진흥","수출역량강화","세계엑스포참가지원","세계엑스포참가지원","16783000","16782800","16704960","100.0","99.5"
"2024","민간이전","민간경상보조","산업통상자원부","일반회계"," ","산업·중소기업및에너지","무역및투자유치","무역진흥","수출역량강화","세계엑스포참가지원","2030 부산엑스포유치 후속준비","500000","0","0","0.0","0"
"2024","민간이전","민간경상보조","산업통상자원부","일반회계"," ","산업·중소기업및에너지","무역및투자유치","무역진흥","수출역량강화","해외진출기반구축","해외진출기업지원","700000","700000","685195","100.0","97.9"
"2024","민간이전","민간경상보조","산업통상자원부","일반회계"," ","산업·중소기업및에너지","무역및투자유치","무역진흥","수출역량강화","해외진출기반구축","중소중견기업 해외M&A 지원","275000","275000","271225","100.0","98.6"
"2024","민간이전","민간경상보조","산업통상자원부","일반회계"," ","산업·중소기업및에너지","무역및투자유치","무역진흥","수출역량강화","대한무역투자진흥공사","대한무역투자진흥공사 조직망운영비","70572000","70572000","70572000","100.0","100.0"
"2024","민간이전","민간경상보조","산업통상자원부","일반회계"," ","산업·중소기업및에너지","무역및투자유치","무역진흥","수출역량강화","대한무역투자진흥공사","대한무역투자진흥공사 인건비","153721000","153721000","153721000","100.0","100.0"
"2024","민간이전","민간경상보조","산업통상자원부","일반회계"," ","산업·중소기업및에너지","무역및투자유치","무역진흥","수출역량강화","대한무역투자진흥공사","대한무역투자진흥공사 경상운영비","2657000","2657000","2657000","100.0","100.0"
"2024","민간이전","민간경상보조","산업통상자원부","일반회계"," ","산업·중소기업및에너지","무역및투자유치","무역진흥","수출역량강화","대한무역투자진흥공사","중소중견기업 수출지원 사업비","80010000","79805312","79805208","99.7","100.0"
"2024","민간이전","민간경상보조","산업통상자원부","일반회계"," ","산업·중소기업및에너지","무역및투자유치","무역진흥","수출역량강화","대한무역투자진흥공사","대한무역투자진흥공사 예비비","5499000","5499000","5499000","100.0","100.0"
"2024","민간이전","민간경상보조","산업통상자원부","일반회계"," ","산업·중소기업및에너지","무역및투자유치","무역진흥","수출역량강화","대한무역투자진흥공사","정보화경비","8816000","8637206","8627206","98.0","99.9"
"2024","민간이전","민간경상보조","산업통상자원부","일반회계"," ","산업·중소기업및에너지","무역및투자유치","무역진흥","수출역량강화","해외플랜트진출확대","해외플랜트 시장개척 지원","3170000","3170000","3082263","100.0","97.2"
"2024","민간이전","민간경상보조","산업통상자원부","일반회계"," ","산업·중소기업및에너지","무역및투자유치","무역진흥","수출역량강화","해외플랜트진출확대","플랜트 해외진출 플랫폼 운영","650000","650000","649050","100.0","99.9"
"2024","민간이전","민간경상보조","산업통상자원부","일반회계"," ","산업·중소기업및에너지","무역및투자유치","무역진흥","수출역량강화","해외플랜트진출확대","플랜트수주지원센터 운영","488000","488000","460976","100.0","94.5"
"2024","민간이전","민간경상보조","산업통상자원부","일반회계"," ","산업·중소기업및에너지","무역및투자유치","무역진흥","수출역량강화","해외플랜트진출확대","플랜트기자재 수출지원","250000","250000","239934","100.0","96.0"
"2024","민간이전","민간경상보조","산업통상자원부","일반회계"," ","산업·중소기업및에너지","무역및투자유치","무역진흥","수출역량강화","해외플랜트진출확대","조선기자재및중소형선박해외시장개척지원","4416000","4416000","4283588","100.0","97.0"
"2024","민간이전","민간경상보조","산업통상자원부","일반회계"," ","산업·중소기업및에너지","무역및투자유치","통상협력지원","양자간통상협력지원","양자산업협력","산업통상협력네트워크구축","6275000","6125000","5750603","97.6","93.9"
"2024","민간이전","민간경상보조","산업통상자원부","일반회계"," ","산업·중소기업및에너지","무역및투자유치","통상협력지원","양자간통상협력지원","양자산업협력","산업통상협력기반구축","413000","413000","412894","100.0","100.0"
"2024","민간이전","민간경상보조","산업통상자원부","일반회계"," ","산업·중소기업및에너지","무역및투자유치","통상협력지원","양자간통상협력지원","양자산업협력","산업통상협력 성과이행","0","0","0","0","0"
"2024","민간이전","민간경상보조","산업통상자원부","일반회계"," ","산업·중소기업및에너지","무역및투자유치","통상협력지원","양자간통상협력지원","산업통상협력개발지원(ODA)","베트남 생산현장 애로기술지도(TASK)센터 조성","0","0","0","0","0"
"2024","민간이전","민간경상보조","산업통상자원부","일반회계"," ","산업·중소기업및에너지","무역및투자유치","통상협력지원","양자간통상협력지원","산업통상협력개발지원(ODA)","인도네시아 광산지역 수은오염복구","337000","337000","310481","100.0","92.1"
"2024","민간이전","민간경상보조","산업통상자원부","일반회계"," ","산업·중소기업및에너지","무역및투자유치","통상협력지원","양자간통상협력지원","산업통상협력개발지원(ODA)","에티오피아 농기계 R&D 센터 조성","7370000","7370000","7110656","100.0","96.5"
"2024","민간이전","민간경상보조","산업통상자원부","일반회계"," ","산업·중소기업및에너지","무역및투자유치","통상협력지원","양자간통상협력지원","산업통상협력개발지원(ODA)","파라과이 자동차부품 TASK센터 조성 및 e-vehicle 시범보급","7878000","7878000","6945156","100.0","88.2"
"2024","민간이전","민간경상보조","산업통상자원부","일반회계"," ","산업·중소기업및에너지","무역및투자유치","통상협력지원","양자간통상협력지원","산업통상협력개발지원(ODA)","우즈베키스탄 스마트팜 산업기술혁신센터 조성 지원","8125000","8125000","7899523","100.0","97.2"
"2024","민간이전","민간경상보조","산업통상자원부","일반회계"," ","산업·중소기업및에너지","무역및투자유치","통상협력지원","양자간통상협력지원","산업통상협력개발지원(ODA)","베트남 철도(궤도분야) 안전관리 역량강화","5821000","5821000","5588353","100.0","96.0"
"2024","민간이전","민간경상보조","산업통상자원부","일반회계"," ","산업·중소기업및에너지","무역및투자유치","통상협력지원","양자간통상협력지원","산업통상협력개발지원(ODA)","우즈베키스탄 친환경(CNG) 농기계 보급지원","5514000","5514000","5380758","100.0","97.6"
"2024","민간이전","민간경상보조","산업통상자원부","일반회계"," ","산업·중소기업및에너지","무역및투자유치","통상협력지원","양자간통상협력지원","산업통상협력개발지원(ODA)","인도네시아 온실가스 감축용 태양광 충전 e-vehicle 시스템 구축","6932000","6932000","6226408","100.0","89.8"
"2024","민간이전","민간경상보조","산업통상자원부","일반회계"," ","산업·중소기업및에너지","무역및투자유치","통상협력지원","양자간통상협력지원","산업통상협력개발지원(ODA)","몽골 희소금속센터 조성","4414000","4414000","4163257","100.0","94.3"
"2024","민간이전","민간경상보조","산업통상자원부","일반회계"," ","산업·중소기업및에너지","무역및투자유치","통상협력지원","양자간통상협력지원","산업통상협력개발지원(ODA)","우즈베키스탄 희소금속센터 상용화 생산 지원","6078000","6078000","4532356","100.0","74.6"
"2024","민간이전","민간경상보조","산업통상자원부","일반회계"," ","산업·중소기업및에너지","무역및투자유치","통상협력지원","양자간통상협력지원","산업통상협력개발지원(ODA)","캄보디아 식품가공 TASK센터 조성","4938000","4938000","4841326","100.0","98.0"
"2024","민간이전","민간경상보조","산업통상자원부","일반회계"," ","산업·중소기업및에너지","무역및투자유치","통상협력지원","양자간통상협력지원","산업통상협력개발지원(ODA)","필리핀 FTA통합 플랫폼 구축","4302000","4302000","4213533","100.0","97.9"
"2024","민간이전","민간경상보조","산업통상자원부","일반회계"," ","산업·중소기업및에너지","무역및투자유치","통상협력지원","양자간통상협력지원","산업통상협력개발지원(ODA)","개도국 생산현장 애로기술지도(TASK)","3992000","3992000","3923385","100.0","98.3"
"2024","민간이전","민간경상보조","산업통상자원부","일반회계"," ","산업·중소기업및에너지","무역및투자유치","통상협력지원","양자간통상협력지원","산업통상협력개발지원(ODA)","산업개발협력기획","1000000","0","0","0.0","0"
"2024","민간이전","민간경상보조","산업통상자원부","일반회계"," ","산업·중소기업및에너지","무역및투자유치","통상협력지원","양자간통상협력지원","산업통상협력개발지원(ODA)","이집트철도 안전관리 역량강화","0","0","0","0","0"
"2024","민간이전","민간경상보조","산업통상자원부","일반회계"," ","산업·중소기업및에너지","무역및투자유치","통상협력지원","양자간통상협력지원","산업통상협력개발지원(ODA)","인도네시아 북수마트라 지역 그린수소 생산 시설 구축","0","0","0","0","0"
"2024","민간이전","민간경상보조","산업통상자원부","일반회계"," ","산업·중소기업및에너지","무역및투자유치","통상협력지원","양자간통상협력지원","산업통상협력개발지원(ODA)","키르기스스탄의 친환경 섬유산업 전환을 위한 디지털 텍스타일 센터 설립","0","0","0","0","0"
"2024","민간이전","민간경상보조","산업통상자원부","일반회계"," ","산업·중소기업및에너지","무역및투자유치","통상협력지원","양자간통상협력지원","산업통상협력개발지원(ODA)","인도네시아 K-스마트물류 기술센터 조성 및 인력양성","0","0","0","0","0"
"2024","민간이전","민간경상보조","산업통상자원부","일반회계"," ","산업·중소기업및에너지","무역및투자유치","통상협력지원","양자간통상협력지원","산업통상협력개발지원(ODA)","이집트 수에즈 운하 그린 에너지 인프라 구축","330000","330000","327101","100.0","99.1"
"2024","민간이전","민간경상보조","산업통상자원부","일반회계"," ","산업·중소기업및에너지","무역및투자유치","통상협력지원","양자간통상협력지원","산업통상협력개발지원(ODA)","파라과이 그란 아순시온 정수처리시설 현대화 지원","0","0","0","0","0"
"2024","민간이전","민간경상보조","산업통상자원부","일반회계"," ","산업·중소기업및에너지","무역및투자유치","통상협력지원","양자간통상협력지원","산업통상협력개발지원(ODA)","카자흐스탄 엘리베이터 R&D 파크 조성 ","652000","652000","620526","100.0","95.2"
"2024","민간이전","민간경상보조","산업통상자원부","일반회계"," ","산업·중소기업및에너지","무역및투자유치","통상협력지원","양자간통상협력지원","산업통상협력개발지원(ODA)","한-인니 클린에너지 산업기술 협력기반 육성 지원","0","0","0","0","0"
"2024","민간이전","민간경상보조","산업통상자원부","일반회계"," ","산업·중소기업및에너지","무역및투자유치","통상협력지원","양자간통상협력지원","산업통상협력개발지원(ODA)","에콰도르 식품가공산업혁신원 조성 지원","0","0","0","0","0"
"2024","민간이전","민간경상보조","산업통상자원부","일반회계"," ","산업·중소기업및에너지","무역및투자유치","통상협력지원","양자간통상협력지원","산업통상협력개발지원(ODA)","인도네시아 자카르타 디지털제조혁신센터 조성","0","0","0","0","0"
"2024","민간이전","민간경상보조","산업통상자원부","일반회계"," ","산업·중소기업및에너지","무역및투자유치","통상협력지원","양자간통상협력지원","산업통상협력개발지원(ODA)","콜롬비아 안티오키아주 오수 방류시설 구축","0","0","0","0","0"
"2024","민간이전","민간경상보조","산업통상자원부","일반회계"," ","산업·중소기업및에너지","무역및투자유치","통상협력지원","양자간통상협력지원","산업통상협력개발지원(ODA)","인도네시아 농기계 기술지원센터 ","0","0","0","0","0"
"2024","민간이전","민간경상보조","산업통상자원부","일반회계"," ","산업·중소기업및에너지","무역및투자유치","통상협력지원","양자간통상협력지원","산업통상협력개발지원(ODA)","필리핀 스마트농업 제조기술개발센터 조성지원 사업","0","0","0","0","0"
"2024","민간이전","민간경상보조","산업통상자원부","일반회계"," ","산업·중소기업및에너지","무역및투자유치","통상협력지원","양자간통상협력지원","산업통상협력개발지원(ODA)","필리핀 중앙 비사야스 지역 기후변화 대응을 위한 재난정보센터 구축","0","0","0","0","0"
"2024","민간이전","민간경상보조","산업통상자원부","일반회계"," ","산업·중소기업및에너지","무역및투자유치","통상협력지원","양자간통상협력지원","산업통상협력개발지원(ODA)","우즈베키스탄 소형 전기차 생산보급 지원","0","0","0","0","0"
"2024","민간이전","민간경상보조","산업통상자원부","일반회계"," ","산업·중소기업및에너지","무역및투자유치","통상협력지원","양자간통상협력지원","산업통상협력개발지원(ODA)","과테말라 섬유 TASK 센터 조성","1901000","1901000","1323801","100.0","69.6"
"2024","민간이전","민간경상보조","산업통상자원부","일반회계"," ","산업·중소기업및에너지","무역및투자유치","통상협력지원","양자간통상협력지원","산업통상협력개발지원(ODA)","베트남 스마트 관망관리 인프라 구축사업","0","0","0","0","0"
"2024","민간이전","민간경상보조","산업통상자원부","일반회계"," ","산업·중소기업및에너지","무역및투자유치","통상협력지원","다자간통상협력지원","통상기반조성및역량강화","디지털통상기반조성","848000","848000","841206","100.0","99.2"
"2024","민간이전","민간경상보조","산업통상자원부","일반회계"," ","산업·중소기업및에너지","무역및투자유치","통상협력지원","통상협정국내대책추진","통상협정국내대책추진지원","대학 FTA 강좌 지원","352000","352000","345238","100.0","98.1"
"2024","민간이전","민간경상보조","산업통상자원부","일반회계"," ","산업·중소기업및에너지","무역및투자유치","통상협력지원","통상협정국내대책추진","통상협정국내대책추진지원","FTA 활용 컨설팅 교육","120000","120000","119151","100.0","99.3"
"2024","민간이전","민간경상보조","산업통상자원부","일반회계"," ","산업·중소기업및에너지","무역및투자유치","통상협력지원","통상협정국내대책추진","통상협정국내대책추진지원","취업연계형 FTA 실무과정","489000","489000","476439","100.0","97.4"
"2024","민간이전","민간경상보조","산업통상자원부","일반회계"," ","산업·중소기업및에너지","무역및투자유치","통상협력지원","통상협정국내대책추진","통상협정국내대책추진지원","지역FTA활용지원센터 지원","2260000","2260000","2208444","100.0","97.7"
"2024","민간이전","민간경상보조","산업통상자원부","일반회계"," ","산업·중소기업및에너지","무역및투자유치","통상협력지원","통상협정국내대책추진","통상협정국내대책추진지원","FTA해외활용지원센터 지원","1688000","1688000","1647497","100.0","97.6"
"2024","민간이전","민간경상보조","산업통상자원부","일반회계"," ","산업·중소기업및에너지","무역및투자유치","통상협력지원","통상협정국내대책추진","통상협정국내대책추진지원","원산지관리시스템 종합컨설팅 지원","810000","810000","810000","100.0","100.0"
"2024","민간이전","민간경상보조","산업통상자원부","일반회계"," ","산업·중소기업및에너지","무역및투자유치","통상협력지원","통상협정국내대책추진","통상협정국내대책추진지원","전주기 FTA 통합 관리시스템","100000","100000","99800","100.0","99.8"
"2024","민간이전","민간경상보조","산업통상자원부","일반회계"," ","산업·중소기업및에너지","무역및투자유치","통상협력지원","통상협정국내대책추진","통상협정국내대책추진지원","비관세장벽 컨설팅 운영","500000","500000","470835","100.0","94.2"
"2024","민간이전","민간경상보조","산업통상자원부","일반회계"," ","산업·중소기업및에너지","무역및투자유치","통상협력지원","통상협정국내대책추진","통상협정국내대책추진지원","차이나데스크 지원","600000","600000","599795","100.0","100.0"
"2024","민간이전","민간경상보조","산업통상자원부","일반회계"," ","산업·중소기업및에너지","무역및투자유치","통상협력지원","통상협정국내대책추진","통상협정국내대책추진지원","OK FTA 컨설팅 지원","1707000","1707000","1700334","100.0","99.6"
"2024","민간이전","민간경상보조","산업통상자원부","일반회계"," ","산업·중소기업및에너지","무역및투자유치","통상협력지원","통상협정국내대책추진","통상협정국내대책추진지원","찾아가는 FTA 컨설팅 지원","2722000","2722000","2686314","100.0","98.7"
"2024","민간이전","민간경상보조","산업통상자원부","일반회계"," ","산업·중소기업및에너지","무역및투자유치","통상협력지원","통상분쟁대응","통상분쟁대응","중소기업 수입규제 대응지원 사업","1200000","1200000","1184791","100.0","98.7"
"2024","민간이전","민간경상보조","산업통상자원부","일반회계"," ","산업·중소기업및에너지","무역및투자유치","통상협력지원","자유무역협정체결","자유무역협정 체결 및 후속조치","경제협력 및 해외진출 지원","0","0","0","0","0"
"2024","민간이전","민간경상보조","산업통상자원부","일반회계"," ","산업·중소기업및에너지","산업·중소기업일반","산업통상자원부행정지원","국가기술표준원정책수립운영","국가기술표준원기관운영","공동 보육시설(어린이집) 운영비","81000","47887","47887","59.1","100.0"
"2024","민간이전","민간경상보조","산업통상자원부","일반회계"," ","산업·중소기업및에너지","산업·중소기업일반","산업통상자원부행정지원","소속기관기타행정지원","자유무역지역관리","자유무역지역 기업지원 사업","3000000","3000000","2718064","100.0","90.6"
"2024","민간이전","민간경상보조","산업통상자원부","일반회계"," ","산업·중소기업및에너지","산업혁신지원","산업경쟁력기반구축","산업경쟁력분석","산업통계및동향분석기반사업","산업통계분석시스템(ISTANS)운영","604000","604000","597997","100.0","99.0"
"2024","민간이전","민간경상보조","산업통상자원부","일반회계"," ","산업·중소기업및에너지","산업혁신지원","산업경쟁력기반구축","생산성향상지원","국가생산성혁신기반구축","2.3차협력사생산성혁신지원동반성장기반구축","0","0","0","0","0"
"2024","민간이전","민간경상보조","산업통상자원부","일반회계"," ","산업·중소기업및에너지","산업혁신지원","산업경쟁력기반구축","생산성향상지원","국가생산성혁신기반구축","2.3차협력사생산성혁신지원동반성장기반구축","0","0","0","0","0"
"2024","민간이전","민간경상보조","산업통상자원부","일반회계"," ","산업·중소기업및에너지","산업혁신지원","산업경쟁력기반구축","생산성향상지원","국가생산성혁신기반구축","생산성경영체제(PMS)보급.확산","0","0","0","0","0"
"2024","민간이전","민간경상보조","산업통상자원부","일반회계"," ","산업·중소기업및에너지","산업혁신지원","산업경쟁력기반구축","생산성향상지원","국가생산성혁신기반구축","국가생산성통계","878000","878000","878000","100.0","100.0"
"2024","민간이전","민간경상보조","산업통상자원부","일반회계"," ","산업·중소기업및에너지","산업혁신지원","산업경쟁력기반구축","생산성향상지원","국가생산성혁신기반구축","APO국제협력","70000","70000","70000","100.0","100.0"
"2024","민간이전","민간경상보조","산업통상자원부","일반회계"," ","산업·중소기업및에너지","산업혁신지원","산업경쟁력기반구축","생산성향상지원","국가생산성혁신기반구축","광융합산업혁신생태계기반구축","1968000","1968000","1962757","100.0","99.7"
"2024","민간이전","민간경상보조","산업통상자원부","일반회계"," ","산업·중소기업및에너지","산업혁신지원","산업경쟁력기반구축","생산성향상지원","제조기반설계기술고도화","제조기반설계기술고도화(보급확산)","0","0","0","0","0"
"2024","민간이전","민간경상보조","산업통상자원부","일반회계"," ","산업·중소기업및에너지","산업혁신지원","산업경쟁력기반구축","생산성향상지원","제조기반설계기술고도화","광융합제품 글로벌 보급 지원사업","0","0","0","0","0"
"2024","민간이전","민간경상보조","산업통상자원부","일반회계"," ","산업·중소기업및에너지","산업혁신지원","산업경쟁력기반구축","생산성향상지원","제조기반설계기술고도화","광융합산업 생태계기반 고도화 지원","0","0","0","0","0"
"2024","민간이전","민간경상보조","산업통상자원부","일반회계"," ","산업·중소기업및에너지","산업혁신지원","산업경쟁력기반구축","생산성향상지원","IoT가전 빅데이터 활용지원 사업(정보화)","IoT가전 빅데이터 활용지원 사업","1754000","1754000","1754000","100.0","100.0"
"2024","민간이전","민간경상보조","산업통상자원부","일반회계"," ","산업·중소기업및에너지","산업혁신지원","산업경쟁력기반구축","대중소생산성혁신파트너십지원","지속가능경영확산사업","K-ESG 기반조성","554000","554000","554000","100.0","100.0"
"2024","민간이전","민간경상보조","산업통상자원부","일반회계"," ","산업·중소기업및에너지","산업혁신지원","산업경쟁력기반구축","대중소생산성혁신파트너십지원","지속가능경영확산사업","K-ESG 역량강화","413000","413000","413000","100.0","100.0"
"2024","민간이전","민간경상보조","산업통상자원부","일반회계"," ","산업·중소기업및에너지","산업혁신지원","산업경쟁력기반구축","대중소생산성혁신파트너십지원","지속가능경영확산사업","K-ESG 인센티브","85000","85000","85000","100.0","100.0"
"2024","민간이전","민간경상보조","산업통상자원부","일반회계"," ","산업·중소기업및에너지","산업혁신지원","산업경쟁력기반구축","대중소생산성혁신파트너십지원","지속가능경영확산사업","ESG 공급망 실사 대응력 향상","1325000","1325000","1325000","100.0","100.0"
"2024","민간이전","민간경상보조","산업통상자원부","일반회계"," ","산업·중소기업및에너지","산업혁신지원","산업경쟁력기반구축","산업기술기반구축","산업기술보안기반구축","산업기술보안기반구축","1672000","1672000","1672000","100.0","100.0"
"2024","민간이전","민간경상보조","산업통상자원부","일반회계"," ","산업·중소기업및에너지","산업혁신지원","지역경제활성화","기업입지환경개선","국가산업단지관리위탁보조","산업단지 발전기반 강화","1669000","1669000","1538011","100.0","92.2"
"2024","민간이전","민간경상보조","산업통상자원부","일반회계"," ","산업·중소기업및에너지","산업혁신지원","지역경제활성화","기업입지환경개선","국가산업단지관리위탁보조","산업단지 입주 및 지원 서비스 제고","0","0","0","0","0"
"2024","민간이전","민간경상보조","산업통상자원부","일반회계"," ","산업·중소기업및에너지","산업혁신지원","주력산업진흥","섬유패션생활용품산업육성","섬유패션산업활성화기반마련","섬유생산기업정보 조사 및 시스템 유지·관리","67000","67000","67000","100.0","100.0"
"2024","민간이전","민간경상보조","산업통상자원부","일반회계"," ","산업·중소기업및에너지","산업혁신지원","주력산업진흥","섬유패션생활용품산업육성","섬유패션산업활성화기반마련","평가관리비","143000","143000","137841","100.0","96.4"
"2024","민간이전","민간경상보조","산업통상자원부","일반회계"," ","산업·중소기업및에너지","산업혁신지원","주력산업진흥","섬유패션생활용품산업육성","섬유패션산업활성화기반마련","섬유패션빅데이타 구축","0","0","0","0","0"
"2024","민간이전","민간경상보조","산업통상자원부","일반회계"," ","산업·중소기업및에너지","산업혁신지원","주력산업진흥","섬유패션생활용품산업육성","섬유패션산업활성화기반마련","글로벌 브랜드 육성 및 기반조성","0","0","0","0","0"
"2024","민간이전","민간경상보조","산업통상자원부","일반회계"," ","산업·중소기업및에너지","산업혁신지원","주력산업진흥","섬유패션생활용품산업육성","섬유패션산업활성화기반마련","프리미엄 소재개발 및 마케팅 지원","0","0","0","0","0"
"2024","민간이전","민간경상보조","산업통상자원부","일반회계"," ","산업·중소기업및에너지","산업혁신지원","주력산업진흥","섬유패션생활용품산업육성","섬유패션산업활성화기반마련","생활용 섬유제품 역량강화","0","0","0","0","0"
"2024","민간이전","민간경상보조","산업통상자원부","일반회계"," ","산업·중소기업및에너지","산업혁신지원","주력산업진흥","섬유패션생활용품산업육성","섬유패션산업활성화기반마련","일자리창출, 창업지원 및 현장애로해소지원","0","0","0","0","0"
"2024","민간이전","민간경상보조","산업통상자원부","일반회계"," ","산업·중소기업및에너지","산업혁신지원","주력산업진흥","섬유패션생활용품산업육성","섬유패션산업활성화기반마련","방적산업 제조공정 기반강화 지원사업","0","0","0","0","0"
"2024","민간이전","민간경상보조","산업통상자원부","일반회계"," ","산업·중소기업및에너지","산업혁신지원","주력산업진흥","섬유패션생활용품산업육성","섬유패션산업활성화기반마련","지속가능한 발전 추진","467000","467000","467000","100.0","100.0"
"2024","민간이전","민간경상보조","산업통상자원부","일반회계"," ","산업·중소기업및에너지","산업혁신지원","주력산업진흥","섬유패션생활용품산업육성","섬유패션산업활성화기반마련","디지털 전환 촉진","6181000","6181000","6114617","100.0","98.9"
"2024","민간이전","민간경상보조","산업통상자원부","일반회계"," ","산업·중소기업및에너지","산업혁신지원","주력산업진흥","섬유패션생활용품산업육성","섬유패션산업활성화기반마련","글로벌 선도 지원","9440000","9440000","9436562","100.0","100.0"
"2024","민간이전","민간경상보조","산업통상자원부","일반회계"," ","산업·중소기업및에너지","산업혁신지원","주력산업진흥","섬유패션생활용품산업육성","섬유패션산업활성화기반마련","균형잡힌 스트림 경쟁력 확보","3600000","3600000","3590367","100.0","99.7"
"2024","민간이전","민간경상보조","산업통상자원부","일반회계"," ","산업·중소기업및에너지","산업혁신지원","주력산업진흥","섬유패션생활용품산업육성","섬유패션산업활성화기반마련","지속가능한 발전 추진","0","0","0","0","0"
"2024","민간이전","민간경상보조","산업통상자원부","일반회계"," ","산업·중소기업및에너지","산업혁신지원","주력산업진흥","섬유패션생활용품산업육성","섬유패션산업활성화기반마련","디지털 전환 촉진","0","0","0","0","0"
"2024","민간이전","민간경상보조","산업통상자원부","일반회계"," ","산업·중소기업및에너지","산업혁신지원","주력산업진흥","섬유패션생활용품산업육성","섬유패션산업활성화기반마련","글로벌 선도 지원","0","0","0","0","0"
"2024","민간이전","민간경상보조","산업통상자원부","일반회계"," ","산업·중소기업및에너지","산업혁신지원","주력산업진흥","섬유패션생활용품산업육성","섬유패션산업활성화기반마련","균형잡힌 스트림 경쟁력 확보","0","0","0","0","0"
"2024","민간이전","민간경상보조","산업통상자원부","일반회계"," ","산업·중소기업및에너지","산업혁신지원","주력산업진흥","방산물자교역지원센터운영","방산물자교역지원센터운영","방산물자교역지원센터운영","1399000","1399000","1354839","100.0","96.8"
"2024","민간이전","민간경상보조","산업통상자원부","일반회계"," ","산업·중소기업및에너지","산업혁신지원","주력산업진흥","뿌리산업육성지원","소부장공급망안정종합지원","수입선다변화 지원","780000","780000","769828","100.0","98.7"
"2024","민간이전","민간경상보조","산업통상자원부","일반회계"," ","산업·중소기업및에너지","산업혁신지원","주력산업진흥","뿌리산업육성지원","소부장공급망안정종합지원","글로벌 공급망 정보분석","621000","621000","619475","100.0","99.8"
"2024","민간이전","민간경상보조","산업통상자원부","일반회계"," ","산업·중소기업및에너지","산업혁신지원","주력산업진흥","뿌리산업육성지원","소부장공급망안정종합지원","공급망컨설팅 지원","500000","500000","499777","100.0","100.0"
"2024","민간이전","민간경상보조","산업통상자원부","일반회계"," ","산업·중소기업및에너지","산업혁신지원","신산업진흥","바이오산업육성","바이오나노산업개방형생태계조성촉진사업","바이오사업화지원","16217000","16217000","15417558","100.0","95.1"
"2024","민간이전","민간경상보조","산업통상자원부","일반회계"," ","산업·중소기업및에너지","산업혁신지원","신산업진흥","바이오산업육성","바이오나노산업개방형생태계조성촉진사업","바이오인력양성지원","3060000","3060000","2953905","100.0","96.5"
"2024","민간이전","민간경상보조","산업통상자원부","일반회계"," ","산업·중소기업및에너지","산업혁신지원","신산업진흥","바이오산업육성","바이오나노산업개방형생태계조성촉진사업","나노산업활성화지원","918000","918000","885169","100.0","96.4"
"2024","민간이전","민간경상보조","산업통상자원부","일반회계"," ","산업·중소기업및에너지","산업혁신지원","신산업진흥","바이오산업육성","백신실증지원센터활용 백신산업화기업지원사업","백신실증지원센터활용 백신산업화기업지원사업","3949000","3949000","3619512","100.0","91.7"
"2024","민간이전","민간경상보조","산업통상자원부","일반회계"," ","산업·중소기업및에너지","산업혁신지원","신산업진흥","산업융합및창의산업진흥","엔지니어링산업진흥","표준품셈 제개정","2200000","2200000","2182407","100.0","99.2"
"2024","민간이전","민간경상보조","산업통상자원부","일반회계"," ","산업·중소기업및에너지","산업혁신지원","신산업진흥","산업융합및창의산업진흥","엔지니어링산업진흥","수출경쟁력 강화","0","0","0","0","0"
"2024","민간이전","민간경상보조","산업통상자원부","일반회계"," ","산업·중소기업및에너지","산업혁신지원","산업기술표준및제품안전관리","국가표준혁신및국제협력","신기술제품인증","우수재활용제품(GR) 인증지원 ","0","0","0","0","0"
"2024","민간이전","민간경상보조","산업통상자원부","일반회계"," ","산업·중소기업및에너지","산업혁신지원","산업기술표준및제품안전관리","국가표준혁신및국제협력","신기술제품인증","융합신제품 적합성 인증지원","0","0","0","0","0"
"2024","민간이전","민간경상보조","산업통상자원부","일반회계"," ","산업·중소기업및에너지","산업혁신지원","산업기술표준및제품안전관리","국가표준혁신및국제협력","신기술제품인증","신기술신제품 인증지원","0","0","0","0","0"
"2024","민간이전","민간경상보조","산업통상자원부","일반회계"," ","산업·중소기업및에너지","산업혁신지원","산업기술표준및제품안전관리","국가표준혁신및국제협력","국제표준활동지원","국제의장간사활동지원","0","0","0","0","0"
"2024","민간이전","민간경상보조","산업통상자원부","일반회계"," ","산업·중소기업및에너지","산업혁신지원","산업기술표준및제품안전관리","국가표준혁신및국제협력","개도국표준체계보급지원(ODA)","표준체계 전수협력","800000","800000","799951","100.0","100.0"
"2024","민간이전","민간경상보조","산업통상자원부","일반회계"," ","산업·중소기업및에너지","산업혁신지원","산업기술표준및제품안전관리","국가표준혁신및국제협력","개도국표준체계보급지원(ODA)","우즈베키스탄 에어컨 에너지효율인증 국제공인시험소 설립 지원","760000","760000","760000","100.0","100.0"
"2024","민간이전","민간경상보조","산업통상자원부","일반회계"," ","산업·중소기업및에너지","산업혁신지원","산업기술표준및제품안전관리","국가표준혁신및국제협력","개도국표준체계보급지원(ODA)","라오스 국가표준역량 강화를 위한 시험검사 인프라 구축 지원","700000","700000","700000","100.0","100.0"
"2024","민간이전","민간경상보조","산업통상자원부","일반회계"," ","산업·중소기업및에너지","산업혁신지원","산업기술표준및제품안전관리","국가표준혁신및국제협력","개도국표준체계보급지원(ODA)","인도네시아 미세먼지 대응제품 시험인증 기반구축 사업","630000","630000","630000","100.0","100.0"
"2024","민간이전","민간경상보조","산업통상자원부","일반회계"," ","산업·중소기업및에너지","산업혁신지원","산업기술표준및제품안전관리","국가표준혁신및국제협력","국제적합성평가기반구축","국제공인기관 인정업무 지원","300000","300000","300000","100.0","100.0"
"2024","민간이전","민간경상보조","산업통상자원부","일반회계"," ","산업·중소기업및에너지","산업혁신지원","산업기술표준및제품안전관리","국가표준혁신및국제협력","국가인증제도혁신기반구축","1381 인증표준정보센터 운영지원","851000","851000","851000","100.0","100.0"
"2024","민간이전","민간경상보조","산업통상자원부","일반회계"," ","산업·중소기업및에너지","산업혁신지원","산업기술표준및제품안전관리","국가표준혁신및국제협력","법정계량선진화기반구축","계량검사정보 사전알림 서비스","45000","45000","45000","100.0","100.0"
"2024","민간이전","민간경상보조","산업통상자원부","일반회계"," ","산업·중소기업및에너지","산업혁신지원","산업기술표준및제품안전관리","국가표준혁신및국제협력","법정계량선진화기반구축","계량검사공무원 및 사업자 교육","104000","104000","104000","100.0","100.0"
"2024","민간이전","민간경상보조","산업통상자원부","일반회계"," ","산업·중소기업및에너지","산업혁신지원","산업기술표준및제품안전관리","국가표준혁신및국제협력","법정계량선진화기반구축","불법·불량 계량기 신고제도 운영","90000","90000","90000","100.0","100.0"
"2024","민간이전","민간경상보조","산업통상자원부","일반회계"," ","산업·중소기업및에너지","산업혁신지원","산업기술표준및제품안전관리","국가표준혁신및국제협력","법정계량선진화기반구축","소비자감시원 운영","267995","267995","267995","100.0","100.0"
"2024","민간이전","민간경상보조","산업통상자원부","일반회계"," ","산업·중소기업및에너지","산업혁신지원","산업기술표준및제품안전관리","국가표준혁신및국제협력","법정계량선진화기반구축","대중매체 법정단위 사용 모니터링 및 사용 촉진","0","0","0","0","0"
"2024","민간이전","민간경상보조","산업통상자원부","일반회계"," ","산업·중소기업및에너지","산업혁신지원","산업기술표준및제품안전관리","국가표준혁신및국제협력","시험인증산업 경쟁력 및 신뢰성 제고","한제품 다수인증 원스톱처리 플랫폼 구축·운영","550000","550000","550000","100.0","100.0"
"2024","민간이전","민간경상보조","산업통상자원부","일반회계"," ","산업·중소기업및에너지","산업혁신지원","산업기술표준및제품안전관리","국가표준혁신및국제협력","해외인증지원체계기반구축","해외인증 종합지원체계 구축?운영","320000","320000","320000","100.0","100.0"
"2024","민간이전","민간경상보조","산업통상자원부","일반회계"," ","산업·중소기업및에너지","산업혁신지원","산업기술표준및제품안전관리","제품안전관리기반조성","제품시장감시역량강화","불법불량제품 단속","1595000","1595000","1595000","100.0","100.0"
"2024","민간이전","민간경상보조","산업통상자원부","일반회계"," ","산업·중소기업및에너지","산업혁신지원","산업기술표준및제품안전관리","제품안전관리기반조성","제품시장감시역량강화","위해상품판매차단시스템 구축 및 확산","340000","340000","340000","100.0","100.0"
"2024","민간이전","민간경상보조","산업통상자원부","일반회계"," ","산업·중소기업및에너지","산업혁신지원","산업기술표준및제품안전관리","제품안전관리기반조성","제품시장감시역량강화","안전기준 준수 대상 감시체계 구축 ","779000","779000","779000","100.0","100.0"
"2024","민간이전","민간경상보조","산업통상자원부","일반회계"," ","산업·중소기업및에너지","산업혁신지원","산업기술표준및제품안전관리","제품안전관리기반조성","제품시장감시역량강화","시중유통제품 안전성조사","312000","312000","312000","100.0","100.0"
"2024","민간이전","민간경상보조","산업통상자원부","일반회계"," ","산업·중소기업및에너지","산업혁신지원","산업기술표준및제품안전관리","제품안전관리기반조성","제품시장감시역량강화","안전모니터링단 구성·운영 등","500000","500000","500000","100.0","100.0"
"2024","민간이전","민간경상보조","산업통상자원부","일반회계"," ","산업·중소기업및에너지","산업혁신지원","산업기술표준및제품안전관리","제품안전관리기반조성","제품시장감시역량강화","리콜이행점검","531000","531000","531000","100.0","100.0"
"2024","민간이전","민간경상보조","산업통상자원부","일반회계"," ","산업·중소기업및에너지","산업혁신지원","산업기술표준및제품안전관리","제품안전관리기반조성","안전제도기반조성","제품안전관리원 기관운영비","2255000","2255000","2252200","100.0","99.9"
"2024","민간이전","민간경상보조","산업통상자원부","일반회계"," ","산업·중소기업및에너지","산업혁신지원","산업기술표준및제품안전관리","제품안전관리기반조성","어린이제품안전관리생태계조성","어린이제품 안전확보 역량 강화","468000","468000","468000","100.0","100.0"
"2024","민간이전","민간경상보조","산업통상자원부","일반회계"," ","산업·중소기업및에너지","산업혁신지원","산업기술표준및제품안전관리","제품안전관리기반조성","어린이제품안전관리생태계조성","어린이제품 안전교육 프로그램","278000","278000","277997","100.0","100.0"
"2024","민간이전","민간경상보조","산업통상자원부","일반회계"," ","산업·중소기업및에너지","산업혁신지원","중견기업육성","중견기업역량강화","글로벌중견기업육성인프라구축","혁신형 중견기업 육성관리","1784000","1784000","1744446","100.0","97.8"
"2024","민간이전","민간경상보조","산업통상자원부","일반회계"," ","산업·중소기업및에너지","산업혁신지원","중견기업육성","중견기업역량강화","글로벌중견기업육성인프라구축","중견기업 정책기반구축 및 인식개선","3671000","3671000","3665283","100.0","99.8"
"2024","민간이전","민간경상보조","산업통상자원부","일반회계"," ","산업·중소기업및에너지","산업혁신지원","중견기업육성","유통물류기반조성(일반)","유통물류기반조성","Korea Sale FESTA","1862000","1862000","1858539","100.0","99.8"
"2024","민간이전","민간경상보조","산업통상자원부","일반회계"," ","산업·중소기업및에너지","산업혁신지원","중견기업육성","유통물류기반조성(일반)","유통물류기반조성","유통산업 상생협력 및 발전기반조성","228000","228000","220557","100.0","96.7"
"2024","민간이전","민간경상보조","산업통상자원부","일반회계"," ","산업·중소기업및에너지","산업혁신지원","중견기업육성","유통물류기반조성(일반)","유통물류기반조성","유통산업 실태조사","350000","350000","336101","100.0","96.0"
"2024","민간이전","민간경상보조","산업통상자원부","일반회계"," ","산업·중소기업및에너지","산업혁신지원","중견기업육성","유통물류기반조성(일반)","유통물류기반조성","가맹사업 선진화 기반 구축","93000","93000","93000","100.0","100.0"
"2024","민간이전","민간경상보조","산업통상자원부","전력산업기반기금"," ","산업·중소기업및에너지","에너지및자원개발","에너지자원정책","전기안전관리(기금)","ESS통합관리시스템구축","ESS통합관리시스템구축","881000","881000","853467","100.0","96.9"
"2024","민간이전","민간경상보조","산업통상자원부","전력산업기반기금"," ","산업·중소기업및에너지","에너지및자원개발","에너지자원정책","전력수요관리(기금)","전력효율향상","취약계층고효율가전구매지원","17168000","17168000","11287032","100.0","65.7"
"2024","민간이전","민간경상보조","산업통상자원부","전력산업기반기금"," ","산업·중소기업및에너지","에너지및자원개발","에너지자원정책","전력수요관리(기금)","전력효율향상","에너지캐시백","0","0","0","0","0"
"2024","민간이전","민간경상보조","산업통상자원부","전력산업기반기금"," ","산업·중소기업및에너지","에너지및자원개발","에너지자원정책","전력수요관리(기금)","전력효율향상","기반구축사업","0","0","0","0","0"
"2024","민간이전","민간경상보조","산업통상자원부","전력산업기반기금"," ","산업·중소기업및에너지","에너지및자원개발","에너지자원정책","전력수요관리(기금)","전력효율향상","축냉설비","2600000","2600000","2388187","100.0","91.9"
"2024","민간이전","민간경상보조","산업통상자원부","전력산업기반기금"," ","산업·중소기업및에너지","에너지및자원개발","에너지자원정책","전력수요관리(기금)","전력효율향상","건물냉난방기기원격관리시스템","868000","868000","852017","100.0","98.2"
"2024","민간이전","민간경상보조","산업통상자원부","전력산업기반기금"," ","산업·중소기업및에너지","에너지및자원개발","에너지자원정책","전력수요관리(기금)","전력효율향상","최대전력관리장치","160000","160000","153869","100.0","96.2"
"2024","민간이전","민간경상보조","산업통상자원부","전력산업기반기금"," ","산업·중소기업및에너지","에너지및자원개발","에너지자원정책","전력수요관리(기금)","전력효율향상","지역냉방","1930000","1930000","1930000","100.0","100.0"
"2024","민간이전","민간경상보조","산업통상자원부","전력산업기반기금"," ","산업·중소기업및에너지","에너지및자원개발","에너지자원정책","전력수요관리(기금)","전력효율향상","가스냉방","8000000","8000000","8000000","100.0","100.0"
"2024","민간이전","민간경상보조","산업통상자원부","전력산업기반기금"," ","산업·중소기업및에너지","에너지및자원개발","에너지자원정책","전력수요관리(기금)","전력효율향상","에너지효율시장조성사업","118995000","118995000","95390199","100.0","80.2"
"2024","민간이전","민간경상보조","산업통상자원부","전력산업기반기금"," ","산업·중소기업및에너지","에너지및자원개발","에너지자원정책","전력수요관리(기금)","노후 변압기 교체지원","노후 변압기 교체지원","2669000","2669000","2384558","100.0","89.3"
"2024","민간이전","민간경상보조","산업통상자원부","전력산업기반기금"," ","산업·중소기업및에너지","에너지및자원개발","재생에너지및에너지신산업활성화","재생에너지지원","신재생에너지발전차액지원","신재생에너지발전차액지원","80017000","78808435","78808435","98.5","100.0"
"2024","민간이전","민간경상보조","산업통상자원부","전력산업기반기금"," ","산업·중소기업및에너지","에너지및자원개발","재생에너지및에너지신산업활성화","재생에너지지원","신재생에너지보급지원","주택지원","27937000","27937000","27632340","100.0","98.9"
"2024","민간이전","민간경상보조","산업통상자원부","전력산업기반기금"," ","산업·중소기업및에너지","에너지및자원개발","재생에너지및에너지신산업활성화","재생에너지지원","신재생에너지보급지원","건물지원","36646000","36646000","33453349","100.0","91.3"
"2024","민간이전","민간경상보조","산업통상자원부","전력산업기반기금"," ","산업·중소기업및에너지","에너지및자원개발","재생에너지및에너지신산업활성화","재생에너지지원","신재생에너지보급지원","융복합지원","99264000","99264000","102788623","100.0","103.6"
"2024","민간이전","민간경상보조","산업통상자원부","전력산업기반기금"," ","산업·중소기업및에너지","에너지및자원개발","재생에너지및에너지신산업활성화","에너지신산업","에너지산업융복합단지활성화지원사업","에너지특화기업사업화지원","900000","900000","899975","100.0","100.0"
"2024","민간이전","민간경상보조","산업통상자원부","전력산업기반기금"," ","산업·중소기업및에너지","에너지및자원개발","재생에너지및에너지신산업활성화","에너지신산업","에너지산업융복합단지활성화지원사업","전문연구기관지원","800000","800000","659423","100.0","82.4"
"2024","민간이전","민간경상보조","산업통상자원부","전력산업기반기금"," ","산업·중소기업및에너지","에너지및자원개발","재생에너지및에너지신산업활성화","에너지신산업","수소연료전지발전클러스터구축사업","수소연료전지발전클러스터구축사업","146000","146000","135973","100.0","93.1"
"2024","민간이전","민간경상보조","산업통상자원부","전력산업기반기금"," ","산업·중소기업및에너지","에너지및자원개발","에너지공급체계구축","석탄수급안정및지역지원","국산무연탄사용 발전소 한시적 지원","무연탄발전지원","15911000","15911000","15911000","100.0","100.0"
"2024","민간이전","민간경상보조","산업통상자원부","전력산업기반기금"," ","산업·중소기업및에너지","에너지및자원개발","에너지공급체계구축","발전소주변지역지원(기금)","발전소주변지역기본지원사업","발전소주변지역 전기요금보조","23816821","23816821","23435360","100.0","98.4"
"2024","민간이전","민간경상보조","산업통상자원부","전력산업기반기금"," ","산업·중소기업및에너지","에너지및자원개발","에너지공급체계구축","발전소주변지역지원(기금)","발전소주변지역기본지원사업","발전소주변지역 육영사업 등(발전사업자)","18507179","18407534","18256417","99.5","99.2"
"2024","민간이전","민간경상보조","산업통상자원부","전력산업기반기금"," ","산업·중소기업및에너지","에너지및자원개발","에너지공급체계구축","농어촌전기공급지원(기금)","농어촌전기공급사업","신규전기공급 공사비","0","0","0","0","0"
"2024","민간이전","민간경상보조","산업통상자원부","전력산업기반기금"," ","산업·중소기업및에너지","에너지및자원개발","에너지공급체계구축","농어촌전기공급지원(기금)","농어촌전기공급사업","재정융자금 보전","0","0","0","0","0"
"2024","민간이전","민간경상보조","산업통상자원부","전력산업기반기금"," ","산업·중소기업및에너지","에너지및자원개발","에너지공급체계구축","농어촌전기공급지원(기금)","농어촌전기공급사업","지자체 운영도서 결손지원","0","0","0","0","0"
"2024","민간이전","민간경상보조","산업통상자원부","전력산업기반기금"," ","산업·중소기업및에너지","에너지및자원개발","에너지공급체계구축","농어촌전기공급지원(기금)","농어촌전기공급사업","지자체 및 주민도서 기술지원","0","0","0","0","0"
"2024","민간이전","민간경상보조","산업통상자원부","전력산업기반기금"," ","산업·중소기업및에너지","에너지및자원개발","에너지공급체계구축","농어촌전기공급지원(기금)","농어촌전기공급사업","전기사업자 운영도서 결손지원","0","0","0","0","0"
"2024","민간이전","민간경상보조","산업통상자원부","전력산업기반기금"," ","산업·중소기업및에너지","에너지및자원개발","에너지공급체계구축","농어촌전기공급지원(기금)","농어촌전기공급사업","도서지역 친환경 마이크로그리드 구축","0","0","0","0","0"
"2024","민간이전","민간경상보조","산업통상자원부","전력산업기반기금"," ","산업·중소기업및에너지","에너지및자원개발","에너지공급체계구축","농어촌전기공급지원(기금)","농어촌전기공급사업","도서자가발전시설 운영지원","161429000","152593405","149306040","94.5","97.8"
"2024","민간이전","민간경상보조","산업통상자원부","전력산업기반기금"," ","산업·중소기업및에너지","에너지및자원개발","에너지공급체계구축","농어촌전기공급지원(기금)","농어촌전기공급사업","농어촌전기공급지원","1453000","164000","161299","11.3","98.4"
"2024","민간이전","민간경상보조","산업통상자원부","전력산업기반기금"," ","산업·중소기업및에너지","에너지및자원개발","에너지기술기반확충","국제협력(기금)","에너지산업협력개발지원사업(ODA)","온두라스 과나하섬 그린에너지섬 구축지원","2551000","2551000","2483819","100.0","97.4"
"2024","민간이전","민간경상보조","산업통상자원부","전력산업기반기금"," ","산업·중소기업및에너지","에너지및자원개발","에너지기술기반확충","국제협력(기금)","에너지산업협력개발지원사업(ODA)","나이지리아 아부자지역 독립형 미니그리드 구축","3500000","3500000","3383380","100.0","96.7"
"2024","민간이전","민간경상보조","산업통상자원부","전력산업기반기금"," ","산업·중소기업및에너지","에너지및자원개발","에너지기술기반확충","국제협력(기금)","에너지산업협력개발지원사업(ODA)","스리랑카 함반토타 피크저감형 ESS보급","2091000","2091000","2090272","100.0","100.0"
"2024","민간이전","민간경상보조","산업통상자원부","전력산업기반기금"," ","산업·중소기업및에너지","에너지및자원개발","에너지기술기반확충","국제협력(기금)","에너지산업협력개발지원사업(ODA)","스리랑카 남부지역 수상태양광 발전 구축지원","4083000","4083000","3694577","100.0","90.5"
"2024","민간이전","민간경상보조","산업통상자원부","전력산업기반기금"," ","산업·중소기업및에너지","에너지및자원개발","에너지기술기반확충","국제협력(기금)","에너지산업협력개발지원사업(ODA)","타지키스탄 수그, 고르노바닥산 태양광 발전 및 ESS 보급","1000000","1000000","970181","100.0","97.0"
"2024","민간이전","민간경상보조","산업통상자원부","전력산업기반기금"," ","산업·중소기업및에너지","에너지및자원개발","에너지기술기반확충","국제협력(기금)","에너지산업협력개발지원사업(ODA)","콜롬비아 폰도레스지역 친환경에너지 전력화 지원","849000","849000","800198","100.0","94.3"
"2024","민간이전","민간경상보조","산업통상자원부","전력산업기반기금"," ","산업·중소기업및에너지","에너지및자원개발","에너지기술기반확충","국제협력(기금)","에너지산업협력개발지원사업(ODA)","콜롬비아 수크레 농촌 주택 자가발전 시스템 구축","2942000","2942000","2922098","100.0","99.3"
"2024","민간이전","민간경상보조","산업통상자원부","전력산업기반기금"," ","산업·중소기업및에너지","에너지및자원개발","에너지기술기반확충","국제협력(기금)","에너지산업협력개발지원사업(ODA)","가나 농촌지역 개발 에너지 인프라 구축","612000","612000","599988","100.0","98.0"
"2024","민간이전","민간경상보조","산업통상자원부","전력산업기반기금"," ","산업·중소기업및에너지","에너지및자원개발","에너지기술기반확충","국제협력(기금)","에너지산업협력개발지원사업(ODA)","온두라스 중남부지역 배전자동화시스템 기반 계통운영 선진화 지원","900000","900000","859094","100.0","95.5"
"2024","민간이전","민간경상보조","산업통상자원부","전력산업기반기금"," ","산업·중소기업및에너지","에너지및자원개발","에너지기술기반확충","국제협력(기금)","에너지산업협력개발지원사업(ODA)","인도네시아 서자와주 AMI 보급","409000","409000","358394","100.0","87.6"
"2024","민간이전","민간경상보조","산업통상자원부","전력산업기반기금"," ","산업·중소기업및에너지","에너지및자원개발","에너지기술기반확충","국제협력(기금)","에너지산업협력개발지원사업(ODA)","도미니카 배전자동화시스템 (DAS)활용 효율향상","1069000","1069000","953460","100.0","89.2"
"2024","민간이전","민간경상보조","산업통상자원부","전력산업기반기금"," ","산업·중소기업및에너지","에너지및자원개발","에너지기술기반확충","국제협력(기금)","에너지산업협력개발지원사업(ODA)","모잠비크 테트주 독립형 태양광 마이크로그리드 시스템 구축","1143000","1143000","957861","100.0","83.8"
"2024","민간이전","민간경상보조","산업통상자원부","전력산업기반기금"," ","산업·중소기업및에너지","에너지및자원개발","에너지기술기반확충","국제협력(기금)","에너지산업협력개발지원사업(ODA)","에너지개발협력기획","0","0","0","0","0"
"2024","민간이전","민간경상보조","산업통상자원부","전력산업기반기금"," ","산업·중소기업및에너지","에너지및자원개발","전력경쟁력강화·수급안정(운영)","전력산업기반조성사업운영","사업운영비","사업운영비","1199000","1193700","1127862","99.6","94.5"
"2024","민간이전","민간경상보조","산업통상자원부","전력산업기반기금"," ","산업·중소기업및에너지","에너지및자원개발","전력산업경쟁력강화","전력산업정책개발및홍보","전력산업홍보","전기절약홍보","2218000","2218000","2216100","100.0","99.9"
"2024","민간이전","민간경상보조","산업통상자원부","전력산업기반기금"," ","산업·중소기업및에너지","에너지및자원개발","전력산업경쟁력강화","전력산업정책개발및홍보","전력산업홍보","전기안전홍보","289000","289000","276400","100.0","95.6"
"2024","민간이전","민간경상보조","산업통상자원부","전력산업기반기금"," ","산업·중소기업및에너지","에너지및자원개발","전력산업경쟁력강화","전력해외진출지원","전력해외진출지원사업","원전산업수출기반구축","8463000","8463000","7701629","100.0","91.0"
"2024","민간이전","민간경상보조","산업통상자원부","전력산업기반기금"," ","산업·중소기업및에너지","에너지및자원개발","전력산업경쟁력강화","전력해외진출지원","전력해외진출지원사업","광융합산업 글로벌 경쟁력 강화지원사업","0","0","0","0","0"
"2024","민간이전","민간경상보조","산업통상자원부","전력산업기반기금"," ","산업·중소기업및에너지","에너지및자원개발","전력산업경쟁력강화","전력해외진출지원","전력해외진출지원사업","전력기자재 수출 지원","0","0","0","0","0"
"2024","민간이전","민간경상보조","산업통상자원부","전력산업기반기금"," ","산업·중소기업및에너지","에너지및자원개발","전력산업경쟁력강화","전력산업기반조성","원자력 생태계 지원사업","원자력 생태계 지원사업","11208000","11208000","10335193","100.0","92.2"
"2024","민간이전","민간경상보조","산업통상자원부","전력산업기반기금"," ","산업·중소기업및에너지","에너지및자원개발","전력산업경쟁력강화","전력산업기반조성","원전 생태계 금융지원 사업","운영비","300000","300000","283090","100.0","94.4"
"2024","민간이전","민간경상보조","산업통상자원부","전력산업기반기금"," ","산업·중소기업및에너지","에너지및자원개발","전력산업경쟁력강화","전력산업기반조성","원전 기자재 선금 보증보험 지원","원전 기자재 선금 보증보험 지원사업","5785000","2893000","1490217","50.0","51.5"
"2024","민간이전","민간경상보조","산업통상자원부","지역균형발전특별회계","지역지원계정","산업·중소기업및에너지","산업혁신지원","지역경제활성화","지역투자유치활성화","지역투자촉진","지역투자촉진사업 지원","964000","964000","960860","100.0","99.7"
"2024","민간이전","민간경상보조","산업통상자원부","지역균형발전특별회계","지역지원계정","산업·중소기업및에너지","산업혁신지원","외국인투자유치활성화","외국인투자유치활성화","투자유치기반조성","국내복귀기업지원","1780000","1780000","1777537","100.0","99.9"
"2024","민간이전","민간경상보조","소방청","일반회계"," ","공공질서및안전","재난관리","소방정책지원","자율소방안전관리강화","의용소방대및소방의날행사지원","의용소방대 활성화","81000","81000","81000","100.0","100.0"
"2024","민간이전","민간경상보조","소방청","일반회계"," ","공공질서및안전","재난관리","소방정책지원","자율소방안전관리강화","의용소방대및소방의날행사지원","의용소방대 및 소방의 날 기념행사 지원 ","0","0","0","0","0"
"2024","민간이전","민간경상보조","식품의약품안전처","일반회계"," ","보건","식품의약안전","식품안전성제고","식품 안전기반 구축","식품 사전관리 제도 운영","식품이력관리제도 운영 지원","326000","326000","326000","100.0","100.0"
"2024","민간이전","민간경상보조","식품의약품안전처","일반회계"," ","보건","식품의약안전","식생활영양 안전성 제고","건강한 식생활 환경조성","국민영양 안전관리","건강 위해가능 영양성분 관리 주관기관 운영","0","0","0","0","0"
"2024","민간이전","민간경상보조","식품의약품안전처","일반회계"," ","보건","식품의약안전","식생활영양 안전성 제고","집단급식소 위생강화","급식안전 지원 및 관리 강화","중앙급식관리지원센터 운영","2445000","2445000","2376501","100.0","97.2"
"2024","민간이전","민간경상보조","식품의약품안전처","일반회계"," ","보건","식품의약안전","의약품안전성제고","의약품 안전기반 구축","희귀ㆍ필수의약품센터 지원","희귀의약품센터 운영 지원","3330000","3330000","3294507","100.0","98.9"
"2024","민간이전","민간경상보조","식품의약품안전처","일반회계"," ","보건","식품의약안전","바이오생약 안전성 제고","바이오생약 안전기반 구축","바이오의약품 국제 경쟁력 강화","백신안전기술지원센터 구축 지원","3772071","3772071","3652856","100.0","96.8"
"2024","민간이전","민간경상보조","식품의약품안전처","일반회계"," ","보건","식품의약안전","바이오생약 안전성 제고","바이오생약 안전기반 구축","바이오의약품 국제 경쟁력 강화","국가 셀뱅크 구축","709786","709786","688500","100.0","97.0"
"2024","민간이전","민간경상보조","식품의약품안전처","일반회계"," ","보건","식품의약안전","바이오생약 안전성 제고","바이오생약 안전기반 구축","바이오의약품 국제 경쟁력 강화","백신 해외인증 인허가 지원 교육시설 구축 운영","3384143","2750604","2725247","81.3","99.1"
"2024","민간이전","민간경상보조","식품의약품안전처","일반회계"," ","보건","식품의약안전","마약류 안전성 제고","마약류 안전기반 구축","마약퇴치운동본부 지원","대국민오남용예방교육 및 사회복귀지원","15552000","15552000","14999512","100.0","96.4"
"2024","민간이전","민간경상보조","식품의약품안전처","일반회계"," ","보건","식품의약안전","식의약품행정지원","식의약품 안전지원","식품관리운영","식품안전의 날 행사","100000","100000","100000","100.0","100.0"
"2024","민간이전","민간경상보조","여성가족부","양성평등기금"," ","사회복지","여성·가족·청소년","여성·아동인권보호","가정폭력·성폭력피해회복및재발방지사업","가정폭력·스토킹 방지 및 피해자 지원","가정폭력·성폭력 무료법률지원","1505000","1505000","1424637","100.0","94.7"
"2024","민간이전","민간경상보조","여성가족부","양성평등기금"," ","사회복지","여성·가족·청소년","여성·아동인권보호","가정폭력·성폭력피해회복및재발방지사업","폭력피해이주여성지원사업","북한이탈여성 폭력피해 예방 및 지원","0","0","0","0","0"
"2024","민간이전","민간경상보조","여성가족부","양성평등기금"," ","사회복지","여성·가족·청소년","가족정책 및 돌봄 지원","가족서비스지원","건강가정 및 다문화가족 지원","가족전용상담전화","5644000","5644000","5157251","100.0","91.4"
"2024","민간이전","민간경상보조","여성가족부","양성평등기금"," ","사회복지","여성·가족·청소년","가족정책 및 돌봄 지원","가족서비스지원","건강가정 및 다문화가족 지원","돌봄공동체 지원 사업(운영기관 관리)","0","0","0","0","0"
"2024","민간이전","민간경상보조","여성가족부","일반회계"," ","사회복지","여성·가족·청소년","성평등정책기반강화및여성경제활동지원","양성평등문화확산 및 국내협력네트워크 강화","양성평등문화확산","양성평등주간 기념행사","80000","80000","80000","100.0","100.0"
"2024","민간이전","민간경상보조","여성가족부","일반회계"," ","사회복지","여성·가족·청소년","성평등정책기반강화및여성경제활동지원","양성평등문화확산 및 국내협력네트워크 강화","여성사전시관","여성사전시관 운영","569000","569000","565188","100.0","99.3"
"2024","민간이전","민간경상보조","여성가족부","일반회계"," ","사회복지","여성·가족·청소년","청소년정책및역량강화","청소년정책 기반강화","청소년정책 추진기반 구축","청소년의 달 행사","300000","300000","297789","100.0","99.3"
"2024","민간이전","민간경상보조","여성가족부","일반회계"," ","사회복지","여성·가족·청소년","청소년정책및역량강화","청소년정책 기반강화","여성청소년 생리용품 지원","여성청소년 생리용품 지원(시스템)","325000","325000","315796","100.0","97.2"
"2024","민간이전","민간경상보조","여성가족부","일반회계"," ","사회복지","여성·가족·청소년","청소년정책및역량강화","청소년관련 산하기관 등 지원","한국청소년활동진흥원 운영지원","한국청소년활동진흥원 운영지원","34814000","34814000","34790747","100.0","99.9"
"2024","민간이전","민간경상보조","여성가족부","일반회계"," ","사회복지","여성·가족·청소년","가족정책 및 돌봄 지원","가족정책 기반구축","가족역량강화 지원","한부모가족 무료법률구조사업","0","0","0","0","0"
"2024","민간이전","민간경상보조","여성가족부","일반회계"," ","사회복지","여성·가족·청소년","가족정책 및 돌봄 지원","가족정책 기반구축","가족정책 추진기반 구축","가정의 달 기념행사 및 홍보","0","0","0","0","0"
"2024","민간이전","민간경상보조","여성가족부","일반회계"," ","사회복지","여성·가족·청소년","가족정책 및 돌봄 지원","가족정책 기반구축","가족정책 추진기반 구축","일가정양립 사회환경 조성","0","0","0","0","0"
"2024","민간이전","민간경상보조","여성가족부","청소년육성기금"," ","사회복지","여성·가족·청소년","청소년정책및역량강화","청소년참여 및 활동 지원","청소년정책 참여지원","대한민국청소년박람회 개최","0","0","0","0","0"
"2024","민간이전","민간경상보조","여성가족부","청소년육성기금"," ","사회복지","여성·가족·청소년","청소년정책및역량강화","청소년참여 및 활동 지원","청소년정책 참여지원","청소년의 달 기념식 운영","0","0","0","0","0"
"2024","민간이전","민간경상보조","여성가족부","청소년육성기금"," ","사회복지","여성·가족·청소년","청소년정책및역량강화","청소년참여 및 활동 지원","청소년정책 참여지원","한국청소년단체협의회 운영지원","0","0","0","0","0"
"2024","민간이전","민간경상보조","여성가족부","청소년육성기금"," ","사회복지","여성·가족·청소년","청소년정책및역량강화","청소년참여 및 활동 지원","청소년정책 참여지원","청소년특별회의 및 중앙청소년참여위원회 운영 등","0","0","0","0","0"
"2024","민간이전","민간경상보조","여성가족부","청소년육성기금"," ","사회복지","여성·가족·청소년","청소년정책및역량강화","청소년참여 및 활동 지원","청소년방과후활동 지원","방과후아카데미 지원단 운영 ","373000","373000","372601","100.0","99.9"
"2024","민간이전","민간경상보조","여성가족부","청소년육성기금"," ","사회복지","여성·가족·청소년","청소년정책및역량강화","청소년 사회안전망구축","청소년 사회안전망구축","청소년모바일?사이버상담 운영","2569000","2569000","2569000","100.0","100.0"
"2024","민간이전","민간경상보조","여성가족부","청소년육성기금"," ","사회복지","여성·가족·청소년","청소년정책및역량강화","청소년 사회안전망구축","청소년 사회안전망구축","학교 밖 청소년 지원 중앙운영기관 운영","1158000","1158000","1158000","100.0","100.0"
"2024","민간이전","민간경상보조","여성가족부","청소년육성기금"," ","사회복지","여성·가족·청소년","청소년정책및역량강화","청소년 사회안전망구축","청소년 사회안전망구축","학교 밖 청소년 건강검진","762000","762000","756263","100.0","99.2"
"2024","민간이전","민간경상보조","여성가족부","청소년육성기금"," ","사회복지","여성·가족·청소년","청소년정책및역량강화","청소년 사회안전망구축","청소년 사회안전망구축","청소년상담복지센터 평가 및 컨설팅","150000","150000","149700","100.0","99.8"
"2024","민간이전","민간경상보조","여성가족부","청소년육성기금"," ","사회복지","여성·가족·청소년","청소년정책및역량강화","청소년 사회안전망구축","청소년 사회안전망구축","은둔.고립청소년원스톱패키지지원","0","0","0","0","0"
"2024","민간이전","민간경상보조","여성가족부","청소년육성기금"," ","사회복지","여성·가족·청소년","청소년정책및역량강화","청소년 사회안전망구축","청소년복지시설 운영지원","청소년복지시설 내실화","475000","475000","475000","100.0","100.0"
"2024","민간이전","민간경상보조","외교부","일반회계"," ","통일·외교","외교·통상","한반도 평화 조성","평화체제 구축지원","국제평화재단 및 제주포럼 지원","제주평화연구원 연구사업비 지원","100800","100800","100800","100.0","100.0"
"2024","민간이전","민간경상보조","외교부","일반회계"," ","통일·외교","외교·통상","역내국가와의 협력 강화 및 지역별 협력 네트워크 구축","유럽지역국가와의 교류협력강화","유럽지역국가와의 교류협력 강화","한러간 교류협력 사업","269000","239409","237984","89.0","99.4"
"2024","민간이전","민간경상보조","외교부","일반회계"," ","통일·외교","외교·통상","글로벌 네트워크 구축","아중동지역국가와의 교류협력강화","아중동지역국가와의 교류협력 강화","중동지역 국가와의 교류협력 강화","675000","675000","675000","100.0","100.0"
"2024","민간이전","민간경상보조","외교부","일반회계"," ","통일·외교","외교·통상","글로벌 네트워크 구축","아중동지역국가와의 교류협력강화","아중동지역국가와의 교류협력 강화","중동지역 국가와의 교류협력 강화","0","0","0","0","0"
"2024","민간이전","민간경상보조","외교부","일반회계"," ","통일·외교","외교·통상","다자관계 협력","국제기구 협력강화","글로벌 다자외교강화 및 유엔과의 파트너십 증진","아시아정당국제회의 사무국 지원","560000","560000","522768","100.0","93.4"
"2024","민간이전","민간경상보조","외교부","일반회계"," ","통일·외교","외교·통상","국제개발협력","개발협력 및 인도적 지원","인도적지원(ODA)","해외긴급구호","703400000","703400000","702866561","100.0","99.9"
"2024","민간이전","민간경상보조","우주항공청","일반회계"," ","과학기술","과학기술연구개발","우주항공진흥","우주항공문화확산","한국과학우주청소년단지원","한국과학우주청소년단지원","196500","655000","648182","333.3","99.0"
"2024","민간이전","민간경상보조","재외동포청","일반회계"," ","통일·외교","외교·통상","재외동포 지원","지역별 재외동포 정책 강화","아주러시아동포 정책 강화","다문화 취약동포 지원","100000","100000","99236","100.0","99.2"
"2024","민간이전","민간경상보조","재외동포청","일반회계"," ","통일·외교","외교·통상","재외동포 지원","세대별 분야별 재외동포 협력지원","재외동포 교류협력 강화","조사연구활동 지원","69000","40113","40113","58.1","100.0"
"2024","민간이전","민간경상보조","재외동포청","일반회계"," ","통일·외교","외교·통상","재외동포 지원","세대별 분야별 재외동포 협력지원","재외동포 교류협력 강화","동포단체 활성화 지원","551000","149580","148796","27.1","99.5"
"2024","민간이전","민간경상보조","재외동포청","일반회계"," ","통일·외교","외교·통상","재외동포 지원","세대별 분야별 재외동포 협력지원","재외동포 경제인 네트워크 활성화","세계한인비즈니스대회 개최","100000","0","0","0.0","0"
"2024","민간이전","민간경상보조","조달청","조달특별회계","손익계정","일반·지방행정","일반행정","조달사업 운영","정부조달 국제협력체제 구축","정부조달 국제협력체제 구축","우리기업의 해외시장 진출 지원","880000","880000","880000","100.0","100.0"
"2024","민간이전","민간경상보조","중소벤처기업부","소상공인시장진흥기금"," ","산업·중소기업및에너지","산업·중소기업일반","중소기업행정지원","기금운영비(소진기금)","소진기금 기본경비","소진기금 기본경비(경상)","8808000","8808000","8738115","100.0","99.2"
"2024","민간이전","민간경상보조","중소벤처기업부","소상공인시장진흥기금"," ","산업·중소기업및에너지","산업·중소기업일반","중소기업행정지원","기금운영비(소진기금)","소진기금 정보화 경비(정보화)","소진기금 정보화 경비(정보화)","7052000","7052000","6903411","100.0","97.9"
"2024","민간이전","민간경상보조","중소벤처기업부","소상공인시장진흥기금"," ","산업·중소기업및에너지","중소기업및소상공인육성","소상공인·전통시장지원","소상공인지원(기금)","지역기반 로컬크리에이터 활성화","로컬창업 기반조성","0","0","0","0","0"
"2024","민간이전","민간경상보조","중소벤처기업부","소상공인시장진흥기금"," ","산업·중소기업및에너지","중소기업및소상공인육성","소상공인·전통시장지원","소상공인지원(기금)","지역기반 로컬크리에이터 활성화","로컬크리에이터 육성","0","0","0","0","0"
"2024","민간이전","민간경상보조","중소벤처기업부","소상공인시장진흥기금"," ","산업·중소기업및에너지","중소기업및소상공인육성","소상공인·전통시장지원","소상공인지원(기금)","지역기반 로컬크리에이터 활성화","로컬브랜드 창출","0","0","0","0","0"
"2024","민간이전","민간경상보조","중소벤처기업부","소상공인시장진흥기금"," ","산업·중소기업및에너지","중소기업및소상공인육성","소상공인·전통시장지원","소상공인지원(기금)","기업가형 소상공인 육성","신사업창업사관학교(민간경상보조)","18141000","18141000","17905422","100.0","98.7"
"2024","민간이전","민간경상보조","중소벤처기업부","소상공인시장진흥기금"," ","산업·중소기업및에너지","중소기업및소상공인육성","소상공인·전통시장지원","소상공인지원(기금)","기업가형 소상공인 육성","강한소상공인성장지원","23936000","23936000","23242841","100.0","97.1"
"2024","민간이전","민간경상보조","중소벤처기업부","소상공인시장진흥기금"," ","산업·중소기업및에너지","중소기업및소상공인육성","소상공인·전통시장지원","소상공인지원(기금)","기업가형 소상공인 육성","로컬크리에이터 육성","6848000","6848000","6635219","100.0","96.9"
"2024","민간이전","민간경상보조","중소벤처기업부","소상공인시장진흥기금"," ","산업·중소기업및에너지","중소기업및소상공인육성","소상공인·전통시장지원","소상공인지원(기금)","기업가형 소상공인 육성","로컬브랜드 창출","1928000","1928000","1909486","100.0","99.0"
"2024","민간이전","민간경상보조","중소벤처기업부","소상공인시장진흥기금"," ","산업·중소기업및에너지","중소기업및소상공인육성","소상공인·전통시장지원","소상공인지원(기금)","소상공인성장지원","소상공인 유통물류지원","7416000","7416000","7135535","100.0","96.2"
"2024","민간이전","민간경상보조","중소벤처기업부","소상공인시장진흥기금"," ","산업·중소기업및에너지","중소기업및소상공인육성","소상공인·전통시장지원","소상공인지원(기금)","소상공인성장지원","소상공인역량강화","20820000","20820000","20633472","100.0","99.1"
"2024","민간이전","민간경상보조","중소벤처기업부","소상공인시장진흥기금"," ","산업·중소기업및에너지","중소기업및소상공인육성","소상공인·전통시장지원","소상공인지원(기금)","소상공인성장지원","백년가게 및 백년소공인육성","427000","427000","403624","100.0","94.5"
"2024","민간이전","민간경상보조","중소벤처기업부","소상공인시장진흥기금"," ","산업·중소기업및에너지","중소기업및소상공인육성","소상공인·전통시장지원","소상공인지원(기금)","소상공인성장지원","소상공인협업활성화","8840000","8840000","8749252","100.0","99.0"
"2024","민간이전","민간경상보조","중소벤처기업부","소상공인시장진흥기금"," ","산업·중소기업및에너지","중소기업및소상공인육성","소상공인·전통시장지원","소상공인지원(기금)","소상공인성장지원","소상공인협업활성화(경상)","0","0","0","0","0"
"2024","민간이전","민간경상보조","중소벤처기업부","소상공인시장진흥기금"," ","산업·중소기업및에너지","중소기업및소상공인육성","소상공인·전통시장지원","소상공인지원(기금)","소상공인성장지원","소상공인유통물류지원(舊중소슈퍼지원)","0","0","0","0","0"
"2024","민간이전","민간경상보조","중소벤처기업부","소상공인시장진흥기금"," ","산업·중소기업및에너지","중소기업및소상공인육성","소상공인·전통시장지원","소상공인지원(기금)","소상공인성장지원","업종별경쟁력강화","0","0","0","0","0"
"2024","민간이전","민간경상보조","중소벤처기업부","소상공인시장진흥기금"," ","산업·중소기업및에너지","중소기업및소상공인육성","소상공인·전통시장지원","소상공인지원(기금)","소상공인성장지원","지역상권역량강화","1700000","1700000","1633826","100.0","96.1"
"2024","민간이전","민간경상보조","중소벤처기업부","소상공인시장진흥기금"," ","산업·중소기업및에너지","중소기업및소상공인육성","소상공인·전통시장지원","소상공인지원(기금)","소상공인성장지원","소상공인역량강화(재난지원금 사후관리)","222000","222000","222000","100.0","100.0"
"2024","민간이전","민간경상보조","중소벤처기업부","소상공인시장진흥기금"," ","산업·중소기업및에너지","중소기업및소상공인육성","소상공인·전통시장지원","소상공인지원(기금)","소상공인성장지원","소상공인 전기요금 특별지원(한시)","238714000","238714000","226673855","100.0","95.0"
"2024","민간이전","민간경상보조","중소벤처기업부","소상공인시장진흥기금"," ","산업·중소기업및에너지","중소기업및소상공인육성","소상공인·전통시장지원","소상공인지원(기금)","소상공인성장지원","상생협력프랜차이즈육성","0","0","0","0","0"
"2024","민간이전","민간경상보조","중소벤처기업부","소상공인시장진흥기금"," ","산업·중소기업및에너지","중소기업및소상공인육성","소상공인·전통시장지원","소상공인지원(기금)","소상공인성장지원","소상공인역량강화","0","0","0","0","0"
"2024","민간이전","민간경상보조","중소벤처기업부","소상공인시장진흥기금"," ","산업·중소기업및에너지","중소기업및소상공인육성","소상공인·전통시장지원","소상공인지원(기금)","소상공인성장지원","백년가게 및 백년소공인육성","0","0","0","0","0"
"2024","민간이전","민간경상보조","중소벤처기업부","소상공인시장진흥기금"," ","산업·중소기업및에너지","중소기업및소상공인육성","소상공인·전통시장지원","소상공인지원(기금)","소상공인성장지원","소상공인역량강화(재난지원금 사후관리)","0","0","0","0","0"
"2024","민간이전","민간경상보조","중소벤처기업부","소상공인시장진흥기금"," ","산업·중소기업및에너지","중소기업및소상공인육성","소상공인·전통시장지원","소상공인지원(기금)","소상공인성장지원","소상공인 전기요금 특별지원(한시)","0","0","0","0","0"
"2024","민간이전","민간경상보조","중소벤처기업부","소상공인시장진흥기금"," ","산업·중소기업및에너지","중소기업및소상공인육성","소상공인·전통시장지원","소상공인지원(기금)","소공인특화지원","소공인지원센터설치·운영","13620000","13620000","13222855","100.0","97.1"
"2024","민간이전","민간경상보조","중소벤처기업부","소상공인시장진흥기금"," ","산업·중소기업및에너지","중소기업및소상공인육성","소상공인·전통시장지원","소상공인지원(기금)","소공인특화지원","판로개척지원","7650000","7650000","7641839","100.0","99.9"
"2024","민간이전","민간경상보조","중소벤처기업부","소상공인시장진흥기금"," ","산업·중소기업및에너지","중소기업및소상공인육성","소상공인·전통시장지원","소상공인지원(기금)","소공인특화지원","클린제조환경조성","8400000","8400000","8389160","100.0","99.9"
"2024","민간이전","민간경상보조","중소벤처기업부","소상공인시장진흥기금"," ","산업·중소기업및에너지","중소기업및소상공인육성","소상공인·전통시장지원","소상공인지원(기금)","소상공인재기지원","희망리턴패키지 ","168386000","168386000","167032875","100.0","99.2"
"2024","민간이전","민간경상보조","중소벤처기업부","소상공인시장진흥기금"," ","산업·중소기업및에너지","중소기업및소상공인육성","소상공인·전통시장지원","소상공인지원(기금)","소상공인재기지원","자영업자 고용보험료 지원","11208000","11208000","11205089","100.0","100.0"
"2024","민간이전","민간경상보조","중소벤처기업부","소상공인시장진흥기금"," ","산업·중소기업및에너지","중소기업및소상공인육성","소상공인·전통시장지원","소상공인지원(기금)","소상공인지원인프라","소상공인주간 활성화","723000","723000","712304","100.0","98.5"
"2024","민간이전","민간경상보조","중소벤처기업부","소상공인시장진흥기금"," ","산업·중소기업및에너지","중소기업및소상공인육성","소상공인·전통시장지원","소상공인지원(기금)","소상공인지원인프라","정책조사연구","4681000","4681000","4621614","100.0","98.7"
"2024","민간이전","민간경상보조","중소벤처기업부","소상공인시장진흥기금"," ","산업·중소기업및에너지","중소기업및소상공인육성","소상공인·전통시장지원","소상공인지원(기금)","소상공인지원인프라","소상공인연합회지원","2660000","2660000","2624171","100.0","98.7"
"2024","민간이전","민간경상보조","중소벤처기업부","소상공인시장진흥기금"," ","산업·중소기업및에너지","중소기업및소상공인육성","소상공인·전통시장지원","소상공인지원(기금)","소상공인지원인프라","정책자금운영지원(경상)","6384000","6384000","6325744","100.0","99.1"
"2024","민간이전","민간경상보조","중소벤처기업부","소상공인시장진흥기금"," ","산업·중소기업및에너지","중소기업및소상공인육성","소상공인·전통시장지원","소상공인지원(기금)","소상공인지원인프라","소상공인정책자금 원스톱 콜센터","0","0","0","0","0"
"2024","민간이전","민간경상보조","중소벤처기업부","소상공인시장진흥기금"," ","산업·중소기업및에너지","중소기업및소상공인육성","소상공인·전통시장지원","소상공인지원(기금)","소상공인지원인프라","소상공인연수원건립·운영","0","0","0","0","0"
"2024","민간이전","민간경상보조","중소벤처기업부","소상공인시장진흥기금"," ","산업·중소기업및에너지","중소기업및소상공인육성","소상공인·전통시장지원","소상공인지원(기금)","소상공인스마트화지원","소상공인 스마트상점 기술보급","34400000","34400000","32600806","100.0","94.8"
"2024","민간이전","민간경상보조","중소벤처기업부","소상공인시장진흥기금"," ","산업·중소기업및에너지","중소기업및소상공인육성","소상공인·전통시장지원","소상공인지원(기금)","소상공인스마트화지원","소상공인 온라인 판로지원","101030000","101030000","100149059","100.0","99.1"
"2024","민간이전","민간경상보조","중소벤처기업부","소상공인시장진흥기금"," ","산업·중소기업및에너지","중소기업및소상공인육성","소상공인·전통시장지원","소상공인지원(기금)","소상공인스마트화지원","스마트공방기술보급","0","0","0","0","0"
"2024","민간이전","민간경상보조","중소벤처기업부","소상공인시장진흥기금"," ","산업·중소기업및에너지","중소기업및소상공인육성","소상공인·전통시장지원","소상공인지원(기금)","소상공인스마트화지원","소상공인 온라인 판로지원","0","0","0","0","0"
"2024","민간이전","민간경상보조","중소벤처기업부","소상공인시장진흥기금"," ","산업·중소기업및에너지","중소기업및소상공인육성","소상공인·전통시장지원","소상공인지원(기금)","소상공인스마트화지원","스마트공방기술보급","88200000","88200000","88100755","100.0","99.9"
"2024","민간이전","민간경상보조","중소벤처기업부","소상공인시장진흥기금"," ","산업·중소기업및에너지","중소기업및소상공인육성","소상공인·전통시장지원","소상공인지원(기금)","소상공인 빅데이터 플랫폼 구축(정보화)","소상공인빅데이터 플랫폼구축(정보화)(민간경상)","1037000","1037000","1004538","100.0","96.9"
"2024","민간이전","민간경상보조","중소벤처기업부","소상공인시장진흥기금"," ","산업·중소기업및에너지","중소기업및소상공인육성","소상공인·전통시장지원","전통시장활성화지원(기금)","시장경영혁신지원","시장경영패키지 ","16092000","16092000","15516541","100.0","96.4"
"2024","민간이전","민간경상보조","중소벤처기업부","소상공인시장진흥기금"," ","산업·중소기업및에너지","중소기업및소상공인육성","소상공인·전통시장지원","전통시장활성화지원(기금)","시장경영혁신지원","특성화시장 육성","30100000","30100000","29536592","100.0","98.1"
"2024","민간이전","민간경상보조","중소벤처기업부","소상공인시장진흥기금"," ","산업·중소기업및에너지","중소기업및소상공인육성","소상공인·전통시장지원","전통시장활성화지원(기금)","시장경영혁신지원","복합청년몰조성및활성화지원","5620000","5620000","5562587","100.0","99.0"
"2024","민간이전","민간경상보조","중소벤처기업부","소상공인시장진흥기금"," ","산업·중소기업및에너지","중소기업및소상공인육성","소상공인·전통시장지원","전통시장활성화지원(기금)","시장경영혁신지원","온누리상품권 발행","351348000","351348000","351299950","100.0","100.0"
"2024","민간이전","민간경상보조","중소벤처기업부","소상공인시장진흥기금"," ","산업·중소기업및에너지","중소기업및소상공인육성","소상공인·전통시장지원","전통시장활성화지원(기금)","시장경영혁신지원","전통시장시설및안전관리","10610000","10610000","5614997","100.0","52.9"
"2024","민간이전","민간경상보조","중소벤처기업부","소상공인시장진흥기금"," ","산업·중소기업및에너지","중소기업및소상공인육성","소상공인·전통시장지원","전통시장활성화지원(기금)","시장경영혁신지원","전통시장홍보","2906000","2906000","2876714","100.0","99.0"
"2024","민간이전","민간경상보조","중소벤처기업부","일반회계"," ","산업·중소기업및에너지","무역및투자유치","중소기업수출촉진지원","중소기업수출역량강화","수출지원기반활용","수출바우처","111692000","111692000","111285839","100.0","99.6"
"2024","민간이전","민간경상보조","중소벤처기업부","일반회계"," ","산업·중소기업및에너지","무역및투자유치","중소기업수출촉진지원","중소기업해외시장개척지원","중소기업해외시장진출","전자상거래활용수출","24011000","24011000","23360888","100.0","97.3"
"2024","민간이전","민간경상보조","중소벤처기업부","일반회계"," ","산업·중소기업및에너지","무역및투자유치","중소기업수출촉진지원","중소기업해외시장개척지원","국제 중소기업 협력ODA(ODA)","우간다 청년창업 사관학교 설립운영","2000000","2000000","1984508","100.0","99.2"
"2024","민간이전","민간경상보조","중소벤처기업부","일반회계"," ","산업·중소기업및에너지","무역및투자유치","중소기업수출촉진지원","중소기업해외시장개척지원","국제 중소기업 협력ODA(ODA)","라오스 비엔티안 테크노파크 조성 및 IT전문인력 양성 사업","1800000","1800000","1771770","100.0","98.4"
"2024","민간이전","민간경상보조","중소벤처기업부","일반회계"," ","산업·중소기업및에너지","무역및투자유치","중소기업수출촉진지원","중소기업해외시장개척지원","국제 중소기업 협력ODA(ODA)","인도네시아 산업전환을 위한 스마트팩토리화 도입 및 전문인력 양성사업","967000","967000","964114","100.0","99.7"
"2024","민간이전","민간경상보조","중소벤처기업부","일반회계"," ","산업·중소기업및에너지","무역및투자유치","중소기업수출촉진지원","중소기업해외시장개척지원","국제 중소기업 협력ODA(ODA)","베트남 온라인 수출 플랫폼 모델 전수 사업","2079000","2079000","2024632","100.0","97.4"
"2024","민간이전","민간경상보조","중소벤처기업부","일반회계"," ","산업·중소기업및에너지","무역및투자유치","중소기업수출촉진지원","중소기업해외시장개척지원","국제 중소기업 협력ODA(ODA)","콜롬비아 청년창업사관학교 설립·운영","1000000","1000000","998342","100.0","99.8"
"2024","민간이전","민간경상보조","중소벤처기업부","일반회계"," ","산업·중소기업및에너지","무역및투자유치","중소기업수출촉진지원","중소기업해외시장개척지원","국제 중소기업 협력ODA(ODA)","콜롬비아 디지털 역량강화를 위한 테크노파크 조성 및 전문인력 양성 지원","1441000","1441000","1440594","100.0","100.0"
"2024","민간이전","민간경상보조","중소벤처기업부","일반회계"," ","산업·중소기업및에너지","무역및투자유치","중소기업수출촉진지원","중소기업해외시장개척지원","국제 중소기업 협력ODA(ODA)","인도네시아 스마트시티용 친환경 전기버스 충전인프라 플랫폼 구축사업","860000","860000","830184","100.0","96.5"
"2024","민간이전","민간경상보조","중소벤처기업부","일반회계"," ","산업·중소기업및에너지","무역및투자유치","중소기업수출촉진지원","중소기업해외시장개척지원","국제 중소기업 협력ODA(ODA)","ODA 기획예산","80000","80000","79215","100.0","99.0"
"2024","민간이전","민간경상보조","중소벤처기업부","일반회계"," ","산업·중소기업및에너지","창업및벤처","창업환경조성","창업활성화지원","창업저변확대","혁신창업가 양성","6645000","6645000","6491591","100.0","97.7"
"2024","민간이전","민간경상보조","중소벤처기업부","일반회계"," ","산업·중소기업및에너지","창업및벤처","창업환경조성","창업활성화지원","창업저변확대","도전K스타트업","2115000","2115000","2072182","100.0","98.0"
"2024","민간이전","민간경상보조","중소벤처기업부","일반회계"," ","산업·중소기업및에너지","창업및벤처","창업환경조성","창업활성화지원","창업저변확대","글로벌스타트업페스티벌","4500000","4500000","4413823","100.0","98.1"
"2024","민간이전","민간경상보조","중소벤처기업부","일반회계"," ","산업·중소기업및에너지","창업및벤처","창업환경조성","창업활성화지원","창업저변확대","창업관리시스템 등","5240000","5240000","5058503","100.0","96.5"
"2024","민간이전","민간경상보조","중소벤처기업부","일반회계"," ","산업·중소기업및에너지","창업및벤처","창업환경조성","창업활성화지원","창업저변확대","북한이탈주민 창업지원","0","0","0","0","0"
"2024","민간이전","민간경상보조","중소벤처기업부","일반회계"," ","산업·중소기업및에너지","창업및벤처","창업환경조성","창업활성화지원","창업사업화지원","초격차 스타트업 1000+ 프로젝트","103096000","103096000","101653666","100.0","98.6"
"2024","민간이전","민간경상보조","중소벤처기업부","일반회계"," ","산업·중소기업및에너지","창업및벤처","창업환경조성","창업활성화지원","창업사업화지원","예비창업패키지","69945000","69945000","67314234","100.0","96.2"
"2024","민간이전","민간경상보조","중소벤처기업부","일반회계"," ","산업·중소기업및에너지","창업및벤처","창업환경조성","창업활성화지원","민관협력창업자육성","아기유니콘 육성","22000000","22000000","21872833","100.0","99.4"
"2024","민간이전","민간경상보조","중소벤처기업부","일반회계"," ","산업·중소기업및에너지","창업및벤처","창업환경조성","창업활성화지원","민관협력창업자육성","글로벌 기업 협업 프로그램","43000000","43000000","42662154","100.0","99.2"
"2024","민간이전","민간경상보조","중소벤처기업부","일반회계"," ","산업·중소기업및에너지","창업및벤처","창업환경조성","중소기업재기지원","중소기업 재기지원","재도전성공패키지","16629000","16629000","15872196","100.0","95.4"
"2024","민간이전","민간경상보조","중소벤처기업부","일반회계"," ","산업·중소기업및에너지","창업및벤처","창업환경조성","창업생태계기반조성","창업생태계기반구축","메이커활성화지원(경상)","21128300","21128300","20263028","100.0","95.9"
"2024","민간이전","민간경상보조","중소벤처기업부","일반회계"," ","산업·중소기업및에너지","창업및벤처","창업환경조성","창업생태계기반조성","창업생태계기반구축","창조경제혁신센터","25547000","25547000","25330393","100.0","99.2"
"2024","민간이전","민간경상보조","중소벤처기업부","일반회계"," ","산업·중소기업및에너지","창업및벤처","창업환경조성","창업생태계기반조성","창업생태계기반구축","1인창조기업활성화","4598000","4598000","4492916","100.0","97.7"
"2024","민간이전","민간경상보조","중소벤처기업부","일반회계"," ","산업·중소기업및에너지","창업및벤처","창업환경조성","창업생태계기반조성","창업생태계기반구축","창업존운영","4482000","4482000","4466278","100.0","99.6"
"2024","민간이전","민간경상보조","중소벤처기업부","일반회계"," ","산업·중소기업및에너지","창업및벤처","창업환경조성","창업생태계기반조성","창업생태계기반구축","중장년 기술창업센터","3318000","3318000","3146367","100.0","94.8"
"2024","민간이전","민간경상보조","중소벤처기업부","일반회계"," ","산업·중소기업및에너지","창업및벤처","창업환경조성","창업생태계기반조성","스타트업클러스터","스타트업클러스터(민간경상보조)","0","0","0","0","0"
"2024","민간이전","민간경상보조","중소벤처기업부","일반회계"," ","산업·중소기업및에너지","창업및벤처","창업환경조성","창업생태계기반조성","글로벌 창업허브 구축","글로벌 창업허브 구축(민간경상보조)","0","0","0","0","0"
"2024","민간이전","민간경상보조","중소벤처기업부","일반회계"," ","산업·중소기업및에너지","창업및벤처","창업환경조성","창업생태계기반조성","글로벌창업허브구축","글로벌창업허브구축(민간경상보조)","500000","500000","486670","100.0","97.3"
"2024","민간이전","민간경상보조","중소벤처기업부","일반회계"," ","산업·중소기업및에너지","창업및벤처","벤처기업활성화지원","벤처성장인프라지원","벤처기업경쟁력강화","벤처기업인프라지원","2585000","2585000","2274418","100.0","88.0"
"2024","민간이전","민간경상보조","중소벤처기업부","일반회계"," ","산업·중소기업및에너지","창업및벤처","벤처기업활성화지원","벤처성장인프라지원","벤처기업경쟁력강화","벤처기업 일자리지원","1970000","1970000","1970000","100.0","100.0"
"2024","민간이전","민간경상보조","중소벤처기업부","일반회계"," ","산업·중소기업및에너지","창업및벤처","벤처기업활성화지원","벤처성장인프라지원","벤처기업경쟁력강화","여성벤처 활성화지원","1200000","1200000","1200000","100.0","100.0"
"2024","민간이전","민간경상보조","중소벤처기업부","일반회계"," ","산업·중소기업및에너지","창업및벤처","벤처기업활성화지원","벤처성장인프라지원","벤처투자종합관리시스템 구축(정보화)","벤처투자종합포털","373000","373000","373000","100.0","100.0"
"2024","민간이전","민간경상보조","중소벤처기업부","일반회계"," ","산업·중소기업및에너지","창업및벤처","벤처기업활성화지원","벤처성장인프라지원","벤처투자종합관리시스템 구축(정보화)","벤처투자펀드 운용 정보시스템","508000","508000","508000","100.0","100.0"
"2024","민간이전","민간경상보조","중소벤처기업부","일반회계"," ","산업·중소기업및에너지","중소기업및소상공인육성","중소기업기술개발지원","중소기업경쟁력강화","ICT융합스마트공장보급확산","제조혁신 인프라조성","11080000","11080000","10366957","100.0","93.6"
"2024","민간이전","민간경상보조","중소벤처기업부","일반회계"," ","산업·중소기업및에너지","중소기업및소상공인육성","중소기업기술개발지원","중소기업경쟁력강화","ICT융합스마트공장보급확산","제조혁신 구축","8540000","8540000","8471739","100.0","99.2"
"2024","민간이전","민간경상보조","중소벤처기업부","일반회계"," ","산업·중소기업및에너지","중소기업및소상공인육성","중소기업기술개발지원","기술개발인프라구축","기술혁신기반조성","혁신형기업경쟁력강화","1407000","1407000","1406255","100.0","99.9"
"2024","민간이전","민간경상보조","중소벤처기업부","일반회계"," ","산업·중소기업및에너지","중소기업및소상공인육성","중소기업기술개발지원","기술개발인프라구축","기술혁신기반조성","중소기업 기술탈취 근절","3941000","3941000","3930000","100.0","99.7"
"2024","민간이전","민간경상보조","중소벤처기업부","일반회계"," ","산업·중소기업및에너지","중소기업및소상공인육성","중소기업기술개발지원","기술개발인프라구축","기술혁신기반조성","지역중소기업 벨류체인 컨버전스지원","2936000","2936000","2813782","100.0","95.8"
"2024","민간이전","민간경상보조","중소벤처기업부","일반회계"," ","산업·중소기업및에너지","중소기업및소상공인육성","중소기업기술개발지원","기술개발인프라구축","기술혁신기반조성","기능성소재부품기업경쟁력강화","600000","600000","591117","100.0","98.5"
"2024","민간이전","민간경상보조","중소벤처기업부","일반회계"," ","산업·중소기업및에너지","중소기업및소상공인육성","지역중소기업육성","지역특화발전특구제도","규제자유특구제도 운영","글로벌혁신특구육성","7096000","7096000","6740435","100.0","95.0"
"2024","민간이전","민간경상보조","중소벤처기업부","일반회계"," ","산업·중소기업및에너지","중소기업및소상공인육성","지역중소기업육성","지역기업경쟁력강화","중소기업 밀집지역 위기대응 기반구축","중소기업특별지원지역 제도 운영","460000","460000","459994","100.0","100.0"
"2024","민간이전","민간경상보조","중소벤처기업부","일반회계"," ","산업·중소기업및에너지","중소기업및소상공인육성","지역중소기업육성","지역기업경쟁력강화","중소기업 밀집지역 위기대응 기반구축","중소기업 밀집지역 위기대응 체계구축","2835000","2835000","2781347","100.0","98.1"
"2024","민간이전","민간경상보조","중소벤처기업부","일반회계"," ","산업·중소기업및에너지","중소기업및소상공인육성","지역중소기업육성","지역기업경쟁력강화","지역혁신기반조성","기능성소재부품기업경쟁력강화","0","0","0","0","0"
"2024","민간이전","민간경상보조","중소벤처기업부","일반회계"," ","산업·중소기업및에너지","중소기업및소상공인육성","지역중소기업육성","지역기업경쟁력강화","지역혁신기반조성","지역중소기업 교류협업 지원","0","0","0","0","0"
"2024","민간이전","민간경상보조","중소벤처기업부","일반회계"," ","산업·중소기업및에너지","중소기업및소상공인육성","지역중소기업육성","지역기업경쟁력강화","지역혁신기반조성","지역중소기업 밸류체인 컨버전스지원","0","0","0","0","0"
"2024","민간이전","민간경상보조","중소벤처기업부","일반회계"," ","산업·중소기업및에너지","중소기업및소상공인육성","지역중소기업육성","지역기업경쟁력강화","지역혁신기반조성","온라인 공동활용 화상회의실 예약포털 유지관리","0","0","0","0","0"
"2024","민간이전","민간경상보조","중소벤처기업부","일반회계"," ","산업·중소기업및에너지","중소기업및소상공인육성","동반성장지원","대중소기업간협력","대중소기업동반성장생태계구축","상생거래 환경조성","5703000","5703000","5478820","100.0","96.1"
"2024","민간이전","민간경상보조","중소벤처기업부","일반회계"," ","산업·중소기업및에너지","중소기업및소상공인육성","동반성장지원","대중소기업간협력","대중소기업동반성장생태계구축","중소기업사업영역 보호","3235850","3235850","3086636","100.0","95.4"
"2024","민간이전","민간경상보조","중소벤처기업부","일반회계"," ","산업·중소기업및에너지","중소기업및소상공인육성","동반성장지원","대중소기업간협력","대중소기업동반성장생태계구축","동반성장 문화조성","5573000","5573000","5442998","100.0","97.7"
"2024","민간이전","민간경상보조","중소벤처기업부","일반회계"," ","산업·중소기업및에너지","중소기업및소상공인육성","동반성장지원","취약계층중소기업지원","여성기업육성","여성 창업지원(경상)","3956000","3956000","3955994","100.0","100.0"
"2024","민간이전","민간경상보조","중소벤처기업부","일반회계"," ","산업·중소기업및에너지","중소기업및소상공인육성","동반성장지원","취약계층중소기업지원","여성기업육성","여성기업 판로지원","2572000","2572000","2571918","100.0","100.0"
"2024","민간이전","민간경상보조","중소벤처기업부","일반회계"," ","산업·중소기업및에너지","중소기업및소상공인육성","동반성장지원","취약계층중소기업지원","여성기업육성","여성기업 인력지원","3213000","3213000","3212417","100.0","100.0"
"2024","민간이전","민간경상보조","중소벤처기업부","일반회계"," ","산업·중소기업및에너지","중소기업및소상공인육성","동반성장지원","취약계층중소기업지원","여성기업육성","조사연구 등","744000","744000","744000","100.0","100.0"
"2024","민간이전","민간경상보조","중소벤처기업부","일반회계"," ","산업·중소기업및에너지","중소기업및소상공인육성","동반성장지원","취약계층중소기업지원","장애인기업육성","장애인기업종합지원센터운영","4158000","4158000","4129120","100.0","99.3"
"2024","민간이전","민간경상보조","중소벤처기업부","일반회계"," ","산업·중소기업및에너지","중소기업및소상공인육성","동반성장지원","취약계층중소기업지원","장애인기업육성","장애인기업 성장기반구축","3095000","3095000","3094973","100.0","100.0"
"2024","민간이전","민간경상보조","중소벤처기업부","일반회계"," ","산업·중소기업및에너지","중소기업및소상공인육성","동반성장지원","취약계층중소기업지원","장애인기업육성","장애인 창업육성","3169000","3169000","3169000","100.0","100.0"
"2024","민간이전","민간경상보조","중소벤처기업부","일반회계"," ","산업·중소기업및에너지","중소기업및소상공인육성","중소기업육성지원","중소기업판로및컨설팅지원","중소기업 혁신바우처 지원사업","중소기업 혁신바우처 지원사업","55605000","55605000","53451645","100.0","96.1"
"2024","민간이전","민간경상보조","중소벤처기업부","일반회계"," ","산업·중소기업및에너지","중소기업및소상공인육성","중소기업육성지원","중소기업판로및컨설팅지원","마케팅지원사업","판로진출지원","16430665","16430665","15988980","100.0","97.3"
"2024","민간이전","민간경상보조","중소벤처기업부","일반회계"," ","산업·중소기업및에너지","중소기업및소상공인육성","중소기업육성지원","중소기업판로및컨설팅지원","마케팅지원사업","공동A/S지원","5607000","5607000","5398860","100.0","96.3"
"2024","민간이전","민간경상보조","중소벤처기업부","일반회계"," ","산업·중소기업및에너지","중소기업및소상공인육성","중소기업육성지원","중소기업판로및컨설팅지원","마케팅지원사업","대한민국 동행축제","4500000","4500000","4498678","100.0","100.0"
"2024","민간이전","민간경상보조","중소벤처기업부","일반회계"," ","산업·중소기업및에너지","중소기업및소상공인육성","중소기업육성지원","중소기업판로및컨설팅지원","공공구매제도운영","동반성장 상생판로지원","0","0","0","0","0"
"2024","민간이전","민간경상보조","중소벤처기업부","일반회계"," ","산업·중소기업및에너지","중소기업및소상공인육성","중소기업육성지원","중소기업판로및컨설팅지원","공공구매제도운영","공공기관문제해결 매칭지원","1000000","1000000","998273","100.0","99.8"
"2024","민간이전","민간경상보조","중소벤처기업부","일반회계"," ","산업·중소기업및에너지","중소기업및소상공인육성","중소기업육성지원","중소기업간협력","중소기업협동조합육성","중소기업중앙회 보조","11876000","11876000","11875983","100.0","100.0"
"2024","민간이전","민간경상보조","중소벤처기업부","일반회계"," ","산업·중소기업및에너지","중소기업및소상공인육성","중소기업육성지원","중소기업간협력","중소기업협동조합육성","중소기업협동조합 활성화 지원 ","3900000","3900000","3900000","100.0","100.0"
"2024","민간이전","민간경상보조","중소벤처기업부","일반회계"," ","산업·중소기업및에너지","중소기업및소상공인육성","중소기업육성지원","중소기업간협력","중소기업협동조합육성","가업승계","704000","704000","704000","100.0","100.0"
"2024","민간이전","민간경상보조","중소벤처기업부","일반회계"," ","산업·중소기업및에너지","중소기업및소상공인육성","중소기업육성지원","중소기업조사평가","중소기업조사연구평가","중소벤처기업연구원 운영","6595000","6595000","6548256","100.0","99.3"
"2024","민간이전","민간경상보조","중소벤처기업부","일반회계"," ","산업·중소기업및에너지","중소기업및소상공인육성","중소기업육성지원","중소기업조사평가","중소기업조사연구평가","중소기업지원사업분석","4045000","4045000","4015825","100.0","99.3"
"2024","민간이전","민간경상보조","중소벤처기업부","일반회계"," ","산업·중소기업및에너지","중소기업및소상공인육성","중소기업인력지원","중소기업인력양성및취업촉진","산학협력인력양성","중소기업 인력양성 대학","20105000","20105000","19639842","100.0","97.7"
"2024","민간이전","민간경상보조","중소벤처기업부","일반회계"," ","산업·중소기업및에너지","중소기업및소상공인육성","중소기업인력지원","중소기업인력양성및취업촉진","산학협력인력양성","중소기업특성화고인력양성","27310000","27310000","26789162","100.0","98.1"
"2024","민간이전","민간경상보조","중소벤처기업부","일반회계"," ","산업·중소기업및에너지","중소기업및소상공인육성","중소기업인력지원","중소기업인력양성및취업촉진","인력유입인프라조성","중소기업 핵심인력 성과보상기금","121685000","121685000","108920426","100.0","89.5"
"2024","민간이전","민간경상보조","중소벤처기업부","일반회계"," ","산업·중소기업및에너지","중소기업및소상공인육성","중소기업인력지원","중소기업인력양성및취업촉진","인력유입인프라조성","중소기업 인식개선 및 성과공유확산","1654000","1654000","1623619","100.0","98.2"
"2024","민간이전","민간경상보조","중소벤처기업부","중소벤처기업창업및진흥기금"," ","산업·중소기업및에너지","창업및벤처","벤처기업활성화지원","레저장비산업발전(기금)","레저장비산업개발지원","레저장비기술개발","600000","600000","598334","100.0","99.7"
"2024","민간이전","민간경상보조","중소벤처기업부","중소벤처기업창업및진흥기금"," ","산업·중소기업및에너지","중소기업및소상공인육성","중소기업성장안정지원","성장안정자금(기금)","비은행권 소상공인 자영업자 금융비용 지원","비은행권 소상공인 자영업자 금융비용 지원","0","0","0","0","0"
"2024","민간이전","민간경상보조","중소벤처기업부","중소벤처기업창업및진흥기금"," ","산업·중소기업및에너지","중소기업및소상공인육성","중소기업성장안정지원","성장안정자금(기금)","비은행권 소상공인자영업자 금융비용 지원","비은행권 소상공인자영업자 금융비용 지원","297000000","217262838","211320704","73.2","97.3"
"2024","민간이전","민간경상보조","중소벤처기업부","중소벤처기업창업및진흥기금"," ","산업·중소기업및에너지","중소기업및소상공인육성","중소기업인력지원","연수사업(기금)","연수사업","연수사업","534000","534000","529795","100.0","99.2"
"2024","민간이전","민간경상보조","중소벤처기업부","중소벤처기업창업및진흥기금"," ","산업·중소기업및에너지","중소기업및소상공인육성","중소기업인력지원","기업인력애로센터 운영(기금)","기업인력애로센터 활용 취업 지원","기업인력애로센터 활용 취업 지원","2500000","2500000","2496855","100.0","99.9"
"2024","민간이전","민간경상보조","중소벤처기업부","지역균형발전특별회계","세종특별자치시계정","산업·중소기업및에너지","창업및벤처","창업환경조성","창업인프라지원(지특)","창업인프라지원(세종)","세종지역 창업보육센터 운영비 지원(세종)","62000","62000","60665","100.0","97.8"
"2024","민간이전","민간경상보조","중소벤처기업부","지역균형발전특별회계","제주특별자치도계정","산업·중소기업및에너지","창업및벤처","창업환경조성","창업인프라지원(지특)","창업인프라지원(제주)","제주지역 창업보육센터 운영비 지원(제주)","137000","137000","135459","100.0","98.9"
"2024","민간이전","민간경상보조","중소벤처기업부","지역균형발전특별회계","지역지원계정","산업·중소기업및에너지","창업및벤처","창업환경조성","창업인프라지원(지특)","창업인프라지원","창업보육센터 운영지원(민간경상)","8437000","8437000","8393832","100.0","99.5"
"2024","민간이전","민간경상보조","중소벤처기업부","지역균형발전특별회계","지역지원계정","산업·중소기업및에너지","창업및벤처","창업환경조성","창업인프라지원(지특)","창업인프라지원","헬스케어 빅데이터 플랫폼 기반 AI 스타트업 육성","0","0","0","0","0"
"2024","민간이전","민간경상보조","중소벤처기업부","지역균형발전특별회계","지역지원계정","산업·중소기업및에너지","중소기업및소상공인육성","지역중소기업육성","지역산업경쟁력강화","농공단지 신활력 지원","지역특화단지 집중육성","0","0","0","0","0"
"2024","민간이전","민간경상보조","중소벤처기업부","지역균형발전특별회계","지역지원계정","산업·중소기업및에너지","중소기업및소상공인육성","지역중소기업육성","지역산업경쟁력강화","농공단지 신활력 지원","중장기 마라톤 경영지원","0","0","0","0","0"
"2024","민간이전","민간경상보조","중소벤처기업부","지역균형발전특별회계","지역지원계정","산업·중소기업및에너지","중소기업및소상공인육성","지역중소기업육성","규제자유특구제도","규제자유특구혁신사업육성","규제자유특구혁신사업육성","3100000","3100000","2533927","100.0","81.7"
"2024","민간이전","민간경상보조","중소벤처기업부","지역균형발전특별회계","지역지원계정","산업·중소기업및에너지","중소기업및소상공인육성","지역중소기업육성","규제자유특구제도","규제자유특구혁신사업육성","규제자유특구혁신사업육성(과제발굴 등)","2800000","2800000","2482556","100.0","88.7"
"2024","민간이전","민간경상보조","중소벤처기업부","지역균형발전특별회계","지역지원계정","산업·중소기업및에너지","중소기업및소상공인육성","지역중소기업육성","규제자유특구제도","규제자유특구혁신사업육성","특구안착화","4018000","4018000","3488793","100.0","86.8"
"2024","민간이전","민간경상보조","중앙선거관리위원회","일반회계"," ","일반·지방행정","입법및선거관리","선거의공정한관리","정당발전지원","정당보조금","정당보조금","101256000","101002840","101002840","99.7","100.0"
"2024","민간이전","민간경상보조","중앙선거관리위원회","일반회계"," ","일반·지방행정","입법및선거관리","선거관리행정지원","기관운영지원","국제교류협력","A-WEB 운영지원","912000","912000","900880","100.0","98.8"
"2024","민간이전","민간경상보조","질병관리청","일반회계"," ","보건","보건의료","감염병정책관리","질병관리청정보화","감염병예방 및 관리 종합정보지원시스템 구축운영(정보화)","방역통합정보시스템 구축 보조사업","763000","763000","746781","100.0","97.9"
"2024","민간이전","민간경상보조","질병관리청","일반회계"," ","보건","보건의료","감염병정책관리","한센병관리","한센병환자관리지원","한센병환자관리지원 민간단체 지원","3828000","3828000","3827510","100.0","100.0"
"2024","민간이전","민간경상보조","질병관리청","일반회계"," ","보건","보건의료","감염병정책관리","감염병관리 및 지원","감염병예방관리 및 지원","CJD 부검센터 운영","0","0","0","0","0"
"2024","민간이전","민간경상보조","질병관리청","일반회계"," ","보건","보건의료","감염병위기대응","위기대응분석","역학조사 역량 강화 및 연구기반 조성","위기분석평가(감염병 뉴스레터)","0","0","0","0","0"
"2024","민간이전","민간경상보조","질병관리청","일반회계"," ","보건","보건의료","감염병위기대응","위기대응분석","역학조사 역량 강화 및 연구기반 조성","위기분석평가(여행자 경보체계)","100000","100000","99269","100.0","99.3"
"2024","민간이전","민간경상보조","질병관리청","일반회계"," ","보건","보건의료","감염병위기대응","위기대응분석","감염병 대응 인력 역량 강화","방역관 및 감염병관리자 교육","198000","198000","198000","100.0","100.0"
"2024","민간이전","민간경상보조","질병관리청","일반회계"," ","보건","보건의료","감염병위기대응","위기대응분석","감염병 대응 인력 역량 강화","역학조사관 교육","545000","545000","545000","100.0","100.0"
"2024","민간이전","민간경상보조","질병관리청","일반회계"," ","보건","보건의료","감염병위기대응","위기대응분석","감염병 대응 인력 역량 강화","지자체 감염병 대응 실무자교육(FETP-F)","1167000","1167000","1167000","100.0","100.0"
"2024","민간이전","민간경상보조","질병관리청","일반회계"," ","보건","보건의료","감염병위기대응","위기대응분석","감염병 대응 인력 역량 강화","예비 방역인력 양성교육","0","0","0","0","0"
"2024","민간이전","민간경상보조","질병관리청","일반회계"," ","보건","보건의료","감염병위기대응","위기대응관리","신종감염병 위기상황 종합관리","신종감염병 대비 의료대응체계 구축","530000","530000","526495","100.0","99.3"
"2024","민간이전","민간경상보조","질병관리청","일반회계"," ","보건","보건의료","만성질환관리","건강위해대응관리","건강위해 관리체계 및 기반구축","건강위해요인 조사·분석 및 관리 등(성과분석체계 운영 등)","0","0","0","0","0"
"2024","민간이전","민간경상보조","질병관리청","일반회계"," ","보건","보건의료","만성질환관리","건강위해대응관리","손상예방관리","응급실손상환자심층조사","0","0","0","0","0"
"2024","민간이전","민간경상보조","질병관리청","일반회계"," ","보건","보건의료","만성질환관리","건강위해대응관리","손상예방관리","국가손상조사감시사업 중앙지원단","0","0","0","0","0"
"2024","민간이전","민간경상보조","질병관리청","일반회계"," ","보건","보건의료","만성질환관리","건강위해대응관리","손상예방관리","급성심장정지 구급기반 기초 데이터베이스 구축","393000","393000","335375","100.0","85.3"
"2024","민간이전","민간경상보조","질병관리청","일반회계"," ","보건","보건의료","만성질환관리","건강위해대응관리","손상예방관리","퇴원손상심층조사 표본병원 담당자 교육과정 운영 및 평가","240000","240000","233643","100.0","97.4"
"2024","민간이전","민간경상보조","질병관리청","일반회계"," ","보건","보건의료","만성질환관리","건강위해대응관리","손상예방관리","지역사회기반 중증외상조사","0","0","0","0","0"
"2024","민간이전","민간경상보조","질병관리청","일반회계"," ","보건","보건의료","만성질환관리","건강위해대응관리","손상예방관리","응급실손상환자심층조사","886000","886000","878204","100.0","99.1"
"2024","민간이전","민간경상보조","질병관리청","일반회계"," ","보건","보건의료","만성질환관리","건강위해대응관리","손상예방관리","국가손상조사감시사업 중앙지원단","180000","180000","176408","100.0","98.0"
"2024","민간이전","민간경상보조","질병관리청","일반회계"," ","보건","보건의료","만성질환관리","건강위해대응관리","손상예방관리","지역사회기반 중증외상조사","630000","630000","610427","100.0","96.9"
"2024","민간이전","민간경상보조","질병관리청","일반회계"," ","보건","보건의료","보건의료연구관리","감염병연구관리","국가 면역도 조사체계 구축 및 운영","백신 첨단 공정기반 구축 및 운영","1200000","1200000","1184942","100.0","98.7"
"2024","민간이전","민간경상보조","질병관리청","일반회계"," ","보건","보건의료","보건의료연구관리","감염병연구관리","병원체 자원은행 운영관리","분야별병원체자원전문은행보조사업(운영비)","600000","600000","599994","100.0","100.0"
"2024","민간이전","민간경상보조","질병관리청","일반회계"," ","보건","보건의료","보건의료연구관리","국가 보건의료연구 인프라 구축","보건의료생물자원종합관리(R&D)","인체자원은행 특성화 지원(민간경상보조)","0","0","0","0","0"
"2024","민간이전","민간경상보조","질병관리청","일반회계"," ","보건","보건의료","보건의료연구관리","국가 보건의료연구 인프라 구축","보건의료생물자원종합관리(R&D)","혁신형 바이오뱅킹 컨소시엄 지원(민간경상보조)","0","0","0","0","0"
"2024","민간이전","민간경상보조","질병관리청","일반회계"," ","보건","보건의료","보건의료연구관리","국가 보건의료연구 인프라 구축","보건의료생물자원종합관리(R&D)","바이오뱅킹 서비스 플랫폼 구축운영(민간경상보조)","0","0","0","0","0"
"2024","민간이전","민간경상보조","질병관리청","일반회계"," ","보건","보건의료","보건의료연구관리","국가 보건의료연구 인프라 구축","국가위기초래 바이러스 감염병 극복 기술개발사업(R&D)","항바이러스 약물평가 거점실험실 운영","0","0","0","0","0"
"2024","민간이전","민간경상보조","질병관리청","일반회계"," ","보건","보건의료","질병관리행정지원","보건관련 전산운영경비","질병관리청 정보화 기반운영(정보화)","국립결핵병원(마산·목포) EMR시스템 운영","957000","957000","957000","100.0","100.0"
"2024","민간이전","민간경상보조","통일부","남북협력기금"," ","통일·외교","통일","남북사회문화교류","남북사회문화교류","사회문화교류 지원","교육·학술 협력사업 지원","2604313","2398304","2396365","92.1","99.9"
"2024","민간이전","민간경상보조","통일부","남북협력기금"," ","통일·외교","통일","남북사회문화교류","남북사회문화교류","사회문화교류 지원","인적왕래·기타 협력 사업 지원(민간)","10646687","1087986","1084668","10.2","99.7"
"2024","민간이전","민간경상보조","통일부","남북협력기금"," ","통일·외교","통일","인도적 문제해결","이산가족교류지원","이산가족교류지원","이산가족교류지원","12311000","0","0","0.0","0"
"2024","민간이전","민간경상보조","통일부","남북협력기금"," ","통일·외교","통일","인도적 문제해결","대북인도적지원","구호지원","구호지원","96307000","0","0","0.0","0"
"2024","민간이전","민간경상보조","통일부","남북협력기금"," ","통일·외교","통일","인도적 문제해결","대북인도적지원","민생협력지원","보건의료협력","31610000","0","0","0.0","0"
"2024","민간이전","민간경상보조","통일부","남북협력기금"," ","통일·외교","통일","인도적 문제해결","대북인도적지원","민생협력지원","농축산 산림 환경 협력","247451000","0","0","0.0","0"
"2024","민간이전","민간경상보조","통일부","남북협력기금"," ","통일·외교","통일","인도적 문제해결","대북인도적지원","민생협력지원","북한영유아 등 지원","10000000","0","0","0.0","0"
"2024","민간이전","민간경상보조","통일부","남북협력기금"," ","통일·외교","통일","인도적 문제해결","대북인도적지원","민생협력지원","인도지원 협력체계 구축 지원","300000","0","0","0.0","0"
"2024","민간이전","민간경상보조","통일부","남북협력기금"," ","통일·외교","통일","개성공단 등 남북경제협력","남북경제협력기반조성","경협기반(무상)","경협기반(무상)","120670000","231000","231000","0.2","100.0"
"2024","민간이전","민간경상보조","통일부","남북협력기금"," ","통일·외교","통일","개성공단 등 남북경제협력","개성공단 조성","개성공단 기반조성","개성공단 기반조성","7147000","5168000","4873703","72.3","94.3"
"2024","민간이전","민간경상보조","통일부","일반회계"," ","통일·외교","통일","통일정책","평화통일기반조성","국내통일기반조성","민족화해협력범국민협의회 지원","0","0","0","0","0"
"2024","민간이전","민간경상보조","통일부","일반회계"," ","통일·외교","통일","통일정책","평화통일기반조성","국내통일기반조성","민족통일협의회 지원","0","0","0","0","0"
"2024","민간이전","민간경상보조","통일부","일반회계"," ","통일·외교","통일","인도적 문제해결","이산가족 및 납북피해자 지원","이산가족문제 해결지원","이산가족 교류단체 지원","82000","82000","77659","100.0","94.7"
"2024","민간이전","민간경상보조","통일부","일반회계"," ","통일·외교","통일","인도적 문제해결","이산가족 및 납북피해자 지원","납북피해자문제 해결 및 인도적 송환업무 지원","전후납북자피해가족연합회 지원","185000","185000","184963","100.0","100.0"
"2024","민간이전","민간경상보조","통일부","일반회계"," ","통일·외교","통일","인도적 문제해결","북한인권개선 기반구축","북한인권개선 정책수립 및 추진","북한인권 증진활동 지원","0","0","0","0","0"
"2024","민간이전","민간경상보조","통일부","일반회계"," ","통일·외교","통일","인도적 문제해결","북한인권개선 기반구축","북한인권 및 자유민주평화통일 공론화","북한인권 증진활동 지원","1800000","1800000","1765026","100.0","98.1"
"2024","민간이전","민간경상보조","통일부","일반회계"," ","통일·외교","통일","인도적 문제해결","북한인권개선 기반구축","북한인권 및 자유민주평화통일 공론화","민간단체 자유민주평화통일 활동 지원","500000","500000","483750","100.0","96.7"
"2024","민간이전","민간경상보조","통일부","일반회계"," ","통일·외교","통일","인도적 문제해결","북한인권개선 기반구축","북한인권 및 자유민주평화통일 공론화","자유인권통일 교육 민간단체 활동 지원","386000","386000","385085","100.0","99.8"
"2024","민간이전","민간경상보조","통일부","일반회계"," ","통일·외교","통일","인도적 문제해결","전시납북 진상규명 및 명예회복","6.25전쟁납북자기념관 운영","6.25납북자가족단체 지원","100000","100000","94058","100.0","94.1"
"2024","민간이전","민간경상보조","통일부","일반회계"," ","통일·외교","통일","북한이탈주민 정착지원","북한이탈주민 정착 행정지원","북한이탈주민 정책 및 지원체계 운영","한겨레중학교 운영 지원","850000","850000","821721","100.0","96.7"
"2024","민간이전","민간경상보조","통일부","일반회계"," ","통일·외교","통일","북한이탈주민 정착지원","북한이탈주민 정착 행정지원","북한이탈주민 정책 및 지원체계 운영","여명학교 운영 지원","1075000","812000","812000","75.5","100.0"
"2024","민간이전","민간경상보조","통일부","일반회계"," ","통일·외교","통일","북한이탈주민 정착지원","북한이탈주민 정착 행정지원","북한이탈주민 정책 및 지원체계 운영","하늘꿈학교 운영 지원","813000","813000","813000","100.0","100.0"
"2024","민간이전","민간경상보조","통일부","일반회계"," ","통일·외교","통일","북한이탈주민 정착지원","북한이탈주민 정착 행정지원","북한이탈주민 정책 및 지원체계 운영","한겨레고등학교 운영 지원","1218000","1218000","1161652","100.0","95.4"
"2024","민간이전","민간경상보조","통일부","일반회계"," ","통일·외교","통일","북한이탈주민 정착지원","북한이탈주민 정착 행정지원","북한이탈주민 정책 및 지원체계 운영","드림학교 운영지원","571000","571000","495671","100.0","86.8"
"2024","민간이전","민간경상보조","통일부","일반회계"," ","통일·외교","통일","북한이탈주민 정착지원","북한이탈주민 정착 행정지원","북한이탈주민 정책 및 지원체계 운영","장대현중고등학교 운영 지원","300000","243700","142093","81.2","58.3"
"2024","민간이전","민간경상보조","통일부","일반회계"," ","통일·외교","통일","통일교육","통일교육추진","학교 통일교육 강화","통일교육 선도대학 지정 육성","1440000","1440000","1344624","100.0","93.4"
"2024","민간이전","민간경상보조","통일부","일반회계"," ","통일·외교","통일","통일교육","통일교육추진","학교 통일교육 강화","통일교육 연구학교","324000","324000","280644","100.0","86.6"
"2024","민간이전","민간경상보조","통일부","일반회계"," ","통일·외교","통일","통일교육","통일교육추진","사회 통일교육 내실화","통일교육 민간단체 지원","0","0","0","0","0"
"2024","민간이전","민간경상보조","통일부","일반회계"," ","통일·외교","통일","통일교육","통일교육추진","사회 통일교육 내실화","지역통일교육센터 운영지원","1320000","1320000","1247664","100.0","94.5"
"2024","민간이전","민간경상보조","특허청","특허청","손익계정","산업·중소기업및에너지","지식재산일반","지식재산 창출기반 강화","지식재산창출 기반조성","지식재산 창출지원","중소기업 IP 바로지원","5202000","5202000","5173450","100.0","99.5"
"2024","민간이전","민간경상보조","특허청","특허청","손익계정","산업·중소기업및에너지","지식재산일반","지식재산 창출기반 강화","지식재산창출 기반조성","지식재산 창출지원","IP 기반 해외진출 지원","14079000","14079000","13886211","100.0","98.6"
"2024","민간이전","민간경상보조","특허청","특허청","손익계정","산업·중소기업및에너지","지식재산일반","지식재산 창출기반 강화","지식재산창출 기반조성","지식재산 창출지원","소상공인 IP 역량 강화","4292000","4292000","4274621","100.0","99.6"
"2024","민간이전","민간경상보조","특허청","특허청","손익계정","산업·중소기업및에너지","지식재산일반","지식재산 창출기반 강화","지식재산창출 기반조성","지식재산연구 활성화","한국지식재산연구원 운영지원","4288000","4288000","4285091","100.0","99.9"
"2024","민간이전","민간경상보조","특허청","특허청","손익계정","산업·중소기업및에너지","지식재산일반","지식재산 창출기반 강화","지식재산창출 기반조성","IP활용 창업·성장 지원","IP 디딤돌 프로그램","2078000","2078000","2054606","100.0","98.9"
"2024","민간이전","민간경상보조","특허청","특허청","손익계정","산업·중소기업및에너지","지식재산일반","지식재산 창출기반 강화","지식재산창출 기반조성","IP활용 창업·성장 지원","IP 나래 프로그램","7156000","7156000","7109481","100.0","99.3"
"2024","민간이전","민간경상보조","특허청","특허청","손익계정","산업·중소기업및에너지","지식재산일반","지식재산 창출기반 강화","지식재산창출 기반조성","특허전략개발원 이전","특허전략개발원 이전","470000","470000","461772","100.0","98.2"
"2024","민간이전","민간경상보조","특허청","특허청","손익계정","산업·중소기업및에너지","지식재산일반","지식재산 창출기반 강화","지식재산 인력양성","대학(원) 및 실무형 IP인재 양성","대학(원) 및 실무형 IP인재 양성(지식재산 전문인력 양성 중점대학, 지식재산 선도대학 지원)","6620000","6620000","6611868","100.0","99.9"
"2024","민간이전","민간경상보조","특허청","특허청","손익계정","산업·중소기업및에너지","지식재산일반","지식재산 창출기반 강화","지식재산 인력양성","발명교육 활성화(초중고)","발명교육활성화(발명교육 인프라 구축, 발명영재교육 강화, 발명창의력대회)","10303000","10303000","8814080","100.0","85.5"
"2024","민간이전","민간경상보조","특허청","특허청","손익계정","산업·중소기업및에너지","지식재산일반","지식재산 금융 및 거래시장 활성화","지식재산 활용촉진","지식재산 활용(사업화, 거래, 평가) 지원","지식재산 평가 지원사업","9585000","9585000","9585000","100.0","100.0"
"2024","민간이전","민간경상보조","특허청","특허청","손익계정","산업·중소기업및에너지","지식재산일반","지식재산 금융 및 거래시장 활성화","지식재산 활용촉진","지식재산 활용(사업화, 거래, 평가) 지원","지식재산 거래 지원사업","2605000","2605000","2604975","100.0","100.0"
"2024","민간이전","민간경상보조","특허청","특허청","손익계정","산업·중소기업및에너지","지식재산일반","지식재산 금융 및 거래시장 활성화","지식재산 활용촉진","지식재산 활용(사업화, 거래, 평가) 지원","지식재산사업화 지원","5454000","5454000","5445932","100.0","99.9"
"2024","민간이전","민간경상보조","특허청","특허청","손익계정","산업·중소기업및에너지","지식재산일반","지식재산 보호 기반 강화","지식재산권 보호 기반조성","해외 지식재산권 보호활동 강화","해외지식재산센터(IP-DESK)를 통한 지재권 보호 지원","5460000","5460000","5390306","100.0","98.7"
"2024","민간이전","민간경상보조","해양경찰청","일반회계"," ","공공질서및안전","해경","구조안전활동","구조안전활동","연안안전사고예방활동","연안안전지킴이 운영","710000","710000","704700","100.0","99.3"
"2024","민간이전","민간경상보조","해양경찰청","일반회계"," ","공공질서및안전","해경","구조안전활동","구조안전활동","수색구조역량강화","민간해양구조대원 지원","972040","972040","972040","100.0","100.0"
"2024","민간이전","민간경상보조","해양수산부","교통시설특별회계","항만계정","교통및물류","해운·항만","항만개발 및 관리","민자유치 및 글로벌기업유치","항만 민자유치 및 해외개발 협력","해외항만개발 시장 진출 지원","600000","590300","590263","98.4","100.0"
"2024","민간이전","민간경상보조","해양수산부","교통시설특별회계","항만계정","교통및물류","해운·항만","항만개발 및 관리","민자유치 및 글로벌기업유치","물류기업유치지원","항만배후단지 스마트공동물류센터 건립지원","11735000","0","0","0.0","0"
"2024","민간이전","민간경상보조","해양수산부","교통시설특별회계","항만계정","교통및물류","해운·항만","항만개발 및 관리","민자유치 및 글로벌기업유치","해운물류기업해외시장개척지원","해외 물류시장 개척지원","542000","542000","513317","100.0","94.7"
"2024","민간이전","민간경상보조","해양수산부","교통시설특별회계","항만계정","교통및물류","해운·항만","항만개발 및 관리","민자유치 및 글로벌기업유치","해운물류기업해외시장개척지원","북방물류 교육협력 및 인력양성","300000","300000","252032","100.0","84.0"
"2024","민간이전","민간경상보조","해양수산부","교통시설특별회계","항만계정","교통및물류","해운·항만","해양 및 해상교통관리","항로표지시설 확충 및 안전관리","표지시설","항로표지 장비용품등 연구개발 사업","443000","443000","443000","100.0","100.0"
"2024","민간이전","민간경상보조","해양수산부","교통시설특별회계","항만계정","교통및물류","해운·항만","해양 및 해상교통관리","항로표지시설 확충 및 안전관리","표지시설","항로표지 전문교육센터 운영","199000","199000","199000","100.0","100.0"
"2024","민간이전","민간경상보조","해양수산부","농어촌구조개선특별회계","구조개선사업계정","농림수산","수산·어촌","수산식품고부가가치화","식품산업육성","수산식품산업육성","수산식품인력양성","440000","340280","340280","77.3","100.0"
"2024","민간이전","민간경상보조","해양수산부","농어촌구조개선특별회계","구조개선사업계정","농림수산","수산·어촌","수산식품고부가가치화","식품산업육성","수산식품산업육성","우수수산식품 등 인증활성화","30000","30000","30000","100.0","100.0"
"2024","민간이전","민간경상보조","해양수산부","농어촌구조개선특별회계","구조개선사업계정","농림수산","수산·어촌","수산식품고부가가치화","식품산업육성","수산식품산업육성","가공설비 사후관리","17000","17000","14891","100.0","87.6"
"2024","민간이전","민간경상보조","해양수산부","농어촌구조개선특별회계","구조개선사업계정","농림수산","수산·어촌","수산식품고부가가치화","식품산업육성","수산식품산업육성","수산식품명인 발굴육성","70000","70000","70000","100.0","100.0"
"2024","민간이전","민간경상보조","해양수산부","농어촌구조개선특별회계","구조개선사업계정","농림수산","수산·어촌","수산식품고부가가치화","식품산업육성","수산식품산업육성","수산식품산업  통계조사","200000","200000","200000","100.0","100.0"
"2024","민간이전","민간경상보조","해양수산부","농어촌구조개선특별회계","구조개선사업계정","농림수산","수산·어촌","수산식품고부가가치화","수산물 수출지원","수산물해외시장개척","공동물류센터","2803000","2803000","2740039","100.0","97.8"
"2024","민간이전","민간경상보조","해양수산부","농어촌구조개선특별회계","구조개선사업계정","농림수산","수산·어촌","수산식품고부가가치화","수산물 수출지원","수산물해외시장개척","리스크안전망구축","825000","825000","825000","100.0","100.0"
"2024","민간이전","민간경상보조","해양수산부","농어촌구조개선특별회계","구조개선사업계정","농림수산","수산·어촌","수산식품고부가가치화","수산물 수출지원","수산물해외시장개척","해외시장분석센터","2400000","2400000","2400000","100.0","100.0"
"2024","민간이전","민간경상보조","해양수산부","농어촌구조개선특별회계","구조개선사업계정","농림수산","수산·어촌","수산식품고부가가치화","수산물 수출지원","수산물해외시장개척","무역애로해소","12674000","12674000","12673728","100.0","100.0"
"2024","민간이전","민간경상보조","해양수산부","농어촌구조개선특별회계","구조개선사업계정","농림수산","수산·어촌","수산식품고부가가치화","수산물 수출지원","수산물해외시장개척","수산물 국가통합브랜드","1771000","1771000","1771000","100.0","100.0"
"2024","민간이전","민간경상보조","해양수산부","농어촌구조개선특별회계","구조개선사업계정","농림수산","수산·어촌","수산식품고부가가치화","수산물 수출지원","수산물해외시장개척","무역지원센터","5962000","5962000","5962000","100.0","100.0"
"2024","민간이전","민간경상보조","해양수산부","농어촌구조개선특별회계","구조개선사업계정","농림수산","수산·어촌","수산식품고부가가치화","수산물 수출지원","수산물해외시장개척","수산식품앵커숍","1023000","1023000","1023000","100.0","100.0"
"2024","민간이전","민간경상보조","해양수산부","농어촌구조개선특별회계","구조개선사업계정","농림수산","수산·어촌","수산식품고부가가치화","수산물 수출지원","수산물해외시장개척","국제박람회","3932000","3932000","3932000","100.0","100.0"
"2024","민간이전","민간경상보조","해양수산부","농어촌구조개선특별회계","구조개선사업계정","농림수산","수산·어촌","수산식품고부가가치화","수산물 수출지원","수산물해외시장개척","무역상담회","1600000","1600000","1600000","100.0","100.0"
"2024","민간이전","민간경상보조","해양수산부","농어촌구조개선특별회계","구조개선사업계정","농림수산","수산·어촌","수산식품고부가가치화","수산물 수출지원","수산물해외시장개척","수산물통합마케팅","9390000","9390000","9390000","100.0","100.0"
"2024","민간이전","민간경상보조","해양수산부","농어촌구조개선특별회계","구조개선사업계정","농림수산","수산·어촌","수산식품고부가가치화","수산물 수출지원","수산물해외시장개척","한류 연계 K브랜드 확산","2400000","2400000","2248116","100.0","93.7"
"2024","민간이전","민간경상보조","해양수산부","농어촌구조개선특별회계","구조개선사업계정","농림수산","수산·어촌","수산식품고부가가치화","수산물 수출지원","수산물해외시장개척","해외 외식업계 진출 지원","800000","800000","797015","100.0","99.6"
"2024","민간이전","민간경상보조","해양수산부","농어촌구조개선특별회계","구조개선사업계정","농림수산","수산·어촌","수산식품고부가가치화","수산물 수출지원","수산물해외시장개척","기업 맞춤형 해외시장조사","200000","200000","200000","100.0","100.0"
"2024","민간이전","민간경상보조","해양수산부","농어촌구조개선특별회계","구조개선사업계정","농림수산","수산·어촌","수산식품고부가가치화","수산물 수출지원","수산물해외시장개척","일본 김IQ 협상 전략 마련","306000","306000","275827","100.0","90.1"
"2024","민간이전","민간경상보조","해양수산부","농어촌구조개선특별회계","구조개선사업계정","농림수산","수산·어촌","수산식품고부가가치화","수산물 수출지원","수산물해외시장개척","수산식품산업 해외진출지원","300000","240000","205703","80.0","85.7"
"2024","민간이전","민간경상보조","해양수산부","농어촌구조개선특별회계","구조개선사업계정","농림수산","수산·어촌","수산물 유통 및 안전관리","수산물유통개선(농특)","수산물 물류환경 개선","수산물 물류환경 개선","1073000","1073000","1008049","100.0","93.9"
"2024","민간이전","민간경상보조","해양수산부","농어촌구조개선특별회계","구조개선사업계정","농림수산","수산·어촌","수산물 유통 및 안전관리","수산물유통개선(농특)","수급 위기관리체계 구축","온라인 구매 시스템 확충","900000","900000","900000","100.0","100.0"
"2024","민간이전","민간경상보조","해양수산부","농어촌구조개선특별회계","구조개선사업계정","농림수산","수산·어촌","수산물 유통 및 안전관리","수산어촌알리기","수산업가치및소비촉진제고","어식백세 캠페인 및 판로확대","1417000","1417000","1416365","100.0","100.0"
"2024","민간이전","민간경상보조","해양수산부","농어촌구조개선특별회계","구조개선사업계정","농림수산","수산·어촌","수산물 유통 및 안전관리","수산어촌알리기","수산업가치및소비촉진제고","수산인의 날","100000","100000","100000","100.0","100.0"
"2024","민간이전","민간경상보조","해양수산부","농어촌구조개선특별회계","구조개선사업계정","농림수산","수산·어촌","수산물 유통 및 안전관리","수산어촌알리기","수산업가치및소비촉진제고","수산물상생할인지원(민간경상)","131753000","131753000","131099945","100.0","99.5"
"2024","민간이전","민간경상보조","해양수산부","농어촌구조개선특별회계","구조개선사업계정","농림수산","수산·어촌","수산물 유통 및 안전관리","수산어촌알리기","수산업가치및소비촉진제고","후쿠시마 대응 홍보","800000","800000","800000","100.0","100.0"
"2024","민간이전","민간경상보조","해양수산부","농어촌구조개선특별회계","구조개선사업계정","농림수산","수산·어촌","수산자원 관리 및 조성","친환경양식육성(농특)","수산종자산업육성","수산종자산업진흥센터 운영지원","405000","405000","405000","100.0","100.0"
"2024","민간이전","민간경상보조","해양수산부","농어촌구조개선특별회계","구조개선사업계정","농림수산","수산·어촌","수산자원 관리 및 조성","내수면어업","내수면자원조성","국가어도정보시스템운영","200000","200000","200000","100.0","100.0"
"2024","민간이전","민간경상보조","해양수산부","농어촌구조개선특별회계","구조개선사업계정","농림수산","수산·어촌","수산자원 관리 및 조성","자율관리어업육성","자율관리어업육성","자율관리어업 활성화 지원","819000","819000","819000","100.0","100.0"
"2024","민간이전","민간경상보조","해양수산부","농어촌구조개선특별회계","구조개선사업계정","농림수산","수산·어촌","수산자원 관리 및 조성","수산자원조성","수산자원조성사업지원","경상운영비","2277202","2277202","2217999","100.0","97.4"
"2024","민간이전","민간경상보조","해양수산부","농어촌구조개선특별회계","구조개선사업계정","농림수산","수산·어촌","수산자원 관리 및 조성","수산자원조성","수산자원조성사업지원","인건비","16473798","16473798","16473568","100.0","100.0"
"2024","민간이전","민간경상보조","해양수산부","농어촌구조개선특별회계","구조개선사업계정","농림수산","수산·어촌","수산자원 관리 및 조성","수산자원조성","낚시산업 선진화","국제낚시박람회 참가 및 마케팅 지원","0","0","0","0","0"
"2024","민간이전","민간경상보조","해양수산부","농어촌구조개선특별회계","구조개선사업계정","농림수산","수산·어촌","수산자원 관리 및 조성","수산자원조성","지속가능한어업생산체계구축","어선어업 생산자단체 육성","800000","800000","794452","100.0","99.3"
"2024","민간이전","민간경상보조","해양수산부","농어촌구조개선특별회계","구조개선사업계정","농림수산","수산·어촌","어촌어항활성화","어촌어항관광기반조성(농특)","어촌발전기반조성지원","어촌발전기반조성지원","380000","380000","380000","100.0","100.0"
"2024","민간이전","민간경상보조","해양수산부","농어촌구조개선특별회계","구조개선사업계정","농림수산","수산·어촌","어업인소득안정지원","수산경영안정","어업인교육훈련 및 기술지원","수산계고교특성화(민간)","1626000","1626000","1516277","100.0","93.3"
"2024","민간이전","민간경상보조","해양수산부","농어촌구조개선특별회계","구조개선사업계정","농림수산","수산·어촌","어업인소득안정지원","수산경영안정","어업인교육훈련 및 기술지원","수산후계인력 장학금","0","0","0","0","0"
"2024","민간이전","민간경상보조","해양수산부","농어촌구조개선특별회계","구조개선사업계정","농림수산","수산·어촌","어업인소득안정지원","수산경영안정","어업인교육훈련 및 기술지원","어업인일자리지원센터","378000","378000","378000","100.0","100.0"
"2024","민간이전","민간경상보조","해양수산부","농어촌구조개선특별회계","구조개선사업계정","농림수산","수산·어촌","어업인소득안정지원","수산경영안정","어업인교육훈련 및 기술지원","어업인단체 역량강화 교육","324000","324000","316631","100.0","97.7"
"2024","민간이전","민간경상보조","해양수산부","농어촌구조개선특별회계","구조개선사업계정","농림수산","수산·어촌","어업인소득안정지원","수산경영안정","어업인교육훈련 및 기술지원","여성어업인 포럼","21000","21000","21000","100.0","100.0"
"2024","민간이전","민간경상보조","해양수산부","농어촌구조개선특별회계","구조개선사업계정","농림수산","수산·어촌","어업인소득안정지원","수산경영안정","어업인교육훈련 및 기술지원","청년창업어업인장학금","132000","132000","129007","100.0","97.7"
"2024","민간이전","민간경상보조","해양수산부","농어촌구조개선특별회계","구조개선사업계정","농림수산","수산·어촌","어업인소득안정지원","수산경영안정","어업인삶의질향상","전문지원기관 지정운영(한국해양수산개발원)","300000","300000","296050","100.0","98.7"
"2024","민간이전","민간경상보조","해양수산부","농어촌구조개선특별회계","구조개선사업계정","농림수산","수산·어촌","어업인소득안정지원","수산경영안정","어업인삶의질향상","어촌생활돌봄지원","0","0","0","0","0"
"2024","민간이전","민간경상보조","해양수산부","농어촌구조개선특별회계","구조개선사업계정","농림수산","수산·어촌","어업인소득안정지원","수산경영안정","어업인삶의질향상","여성어업인 특화건강검진","524000","524000","522415","100.0","99.7"
"2024","민간이전","민간경상보조","해양수산부","농어촌구조개선특별회계","구조개선사업계정","농림수산","수산·어촌","어업인소득안정지원","수산경영안정","양식어업인 전기료 한시지원('24년)","양식어업인 전기료 한시지원('24년)","5601000","2800000","904577","50.0","32.3"
"2024","민간이전","민간경상보조","해양수산부","농어촌구조개선특별회계","구조개선사업계정","농림수산","수산·어촌","원양협력","원양어업기반구축(농특)","원양어업활성화","해외어장자원조사","1750000","1350000","1350000","77.1","100.0"
"2024","민간이전","민간경상보조","해양수산부","농어촌구조개선특별회계","구조개선사업계정","농림수산","수산·어촌","원양협력","원양어업기반구축(농특)","원양어업활성화","원양어업 국제규제 대응","1370000","1370000","1369627","100.0","100.0"
"2024","민간이전","민간경상보조","해양수산부","농어촌구조개선특별회계","구조개선사업계정","농림수산","수산·어촌","원양협력","원양어업기반구축(농특)","원양어업활성화","한·러 어업협정 이행","631000","631000","559159","100.0","88.6"
"2024","민간이전","민간경상보조","해양수산부","농어촌구조개선특별회계","구조개선사업계정","농림수산","수산·어촌","원양협력","원양어업기반구축(농특)","원양어업활성화","해외선원묘지 관리","74000","74000","73996","100.0","100.0"
"2024","민간이전","민간경상보조","해양수산부","농어촌구조개선특별회계","구조개선사업계정","농림수산","수산·어촌","원양협력","원양어업기반구축(농특)","원양어업활성화","원양산업 통계조사","90000","90000","87381","100.0","97.1"
"2024","민간이전","민간경상보조","해양수산부","농어촌구조개선특별회계","구조개선사업계정","농림수산","수산·어촌","원양협력","원양어업기반구축(농특)","국제수산기구 협상 및 대응","한-뉴질랜드 수산협력사업","382000","382000","382000","100.0","100.0"
"2024","민간이전","민간경상보조","해양수산부","농어촌구조개선특별회계","구조개선사업계정","농림수산","수산·어촌","원양협력","원양어업기반구축(농특)","국제수산기구 협상 및 대응","해외진출 지원 및 협상전문관 지원","659000","659000","658714","100.0","100.0"
"2024","민간이전","민간경상보조","해양수산부","농어촌구조개선특별회계","구조개선사업계정","농림수산","수산·어촌","원양협력","원양어업기반구축(농특)","연안국과의 협력(ODA)","국제승선실습 프로그램 ","1496000","1496000","1468150","100.0","98.1"
"2024","민간이전","민간경상보조","해양수산부","농어촌구조개선특별회계","구조개선사업계정","농림수산","수산·어촌","원양협력","원양어업기반구축(농특)","연안국과의 협력(ODA)","키르기즈스탄 국립수산양식개발센터 설립 및 역량강화","1000000","1000000","1000000","100.0","100.0"
"2024","민간이전","민간경상보조","해양수산부","농어촌구조개선특별회계","구조개선사업계정","농림수산","수산·어촌","원양협력","원양어업기반구축(농특)","연안국과의 협력(ODA)","가나여성어업인 가공 및 유통 역량강화사업 ","1000000","1000000","1000000","100.0","100.0"
"2024","민간이전","민간경상보조","해양수산부","농어촌구조개선특별회계","구조개선사업계정","농림수산","수산·어촌","원양협력","원양어업기반구축(농특)","연안국과의 협력(ODA)","콜롬보항·골항 항로표지 개발사업","1232000","1232000","1232000","100.0","100.0"
"2024","민간이전","민간경상보조","해양수산부","농어촌구조개선특별회계","농어촌특별세사업계정","농림수산","수산·어촌","수산자원 관리 및 조성","연근해어업구조조정","어선청년임대","어선임대비지원","750000","750000","697176","100.0","93.0"
"2024","민간이전","민간경상보조","해양수산부","농어촌구조개선특별회계","농어촌특별세사업계정","농림수산","수산·어촌","수산자원 관리 및 조성","연근해어업구조조정","어선청년임대","사업관리비","375000","375000","375000","100.0","100.0"
"2024","민간이전","민간경상보조","해양수산부","농어촌구조개선특별회계","농어촌특별세사업계정","농림수산","수산·어촌","어촌어항활성화","귀어귀촌지원","양식장임대","양식장임대","397000","397000","397000","100.0","100.0"
"2024","민간이전","민간경상보조","해양수산부","농어촌구조개선특별회계","농어촌특별세사업계정","농림수산","수산·어촌","어업인소득안정지원","수산경영안정","어업인 면세경유 유가연동보조금 한시 지원('24년)","어업인 면세경유 유가연동보조금 한시지원('24년)","4507000","0","0","0.0","0"
"2024","민간이전","민간경상보조","해양수산부","수산발전기금"," ","농림수산","수산·어촌","수산물 유통 및 안전관리","수산물가격안정(기금)","수산물자조금지원","수산물자조금지원","3565000","3565000","3564270","100.0","100.0"
"2024","민간이전","민간경상보조","해양수산부","에너지및자원사업특별회계","투자계정","농림수산","수산·어촌","수산자원 관리 및 조성","친환경양식육성(에특)","친환경에너지보급 및 용수관리","수산가공분야에너지절감시설보급","100000","100000","100000","100.0","100.0"
"2024","민간이전","민간경상보조","해양수산부","에너지및자원사업특별회계","투자계정","교통및물류","해운·항만","해운산업 선진화","해운물류지원(에특)","글로벌 저탄소선박 정책 대응 지원","글로벌 저탄소선박 정책 대응 지원","22624000","22624000","22624000","100.0","100.0"
"2024","민간이전","민간경상보조","해양수산부","에너지및자원사업특별회계","투자계정","교통및물류","해운·항만","해운산업 선진화","연안선사 유류비 지원","연안화물선유류비보조(에특)","연안화물선 유류비 보조","18748000","13366481","13351400","71.3","99.9"
"2024","민간이전","민간경상보조","해양수산부","일반회계"," ","환경","해양환경","해양환경보전","해양오염 피해복구","다목적 대형 방제선 건조","다목적 대형 방제선 운영","5218000","5218000","5217853","100.0","100.0"
"2024","민간이전","민간경상보조","해양수산부","일반회계"," ","농림수산","수산·어촌","수산자원 관리 및 조성","어업안전지도강화","어업협정이행","민간어업협력사업(회의, 어장청소 및 불법어구 철거)","3227000","3227000","3227000","100.0","100.0"
"2024","민간이전","민간경상보조","해양수산부","일반회계"," ","농림수산","수산·어촌","수산자원 관리 및 조성","어업안전지도강화","어업협정이행","민간어업협력사업(수산자원조사 및 수산종자방류)","1460000","1460000","1450000","100.0","99.3"
"2024","민간이전","민간경상보조","해양수산부","일반회계"," ","농림수산","수산·어촌","수산자원 관리 및 조성","어업안전지도강화","연근해 위치확인 시스템 구축","해상통신망(D-MF/HF) 운영관리","410000","410000","44310","100.0","10.8"
"2024","민간이전","민간경상보조","해양수산부","일반회계"," ","농림수산","수산·어촌","어업인소득안정지원","수협경제사업활성화","수협지도경제사업활성화","어업경영통계조사","330000","330000","330000","100.0","100.0"
"2024","민간이전","민간경상보조","해양수산부","일반회계"," ","농림수산","수산·어촌","어업인소득안정지원","수협경제사업활성화","수협지도경제사업활성화","단위수협감사지원","1100000","1100000","1100000","100.0","100.0"
"2024","민간이전","민간경상보조","해양수산부","일반회계"," ","농림수산","수산·어촌","어업인소득안정지원","수협경제사업활성화","수협지도경제사업활성화","유통정보시스템 운영지원","414000","414000","414000","100.0","100.0"
"2024","민간이전","민간경상보조","해양수산부","일반회계"," ","농림수산","수산·어촌","어업인소득안정지원","수협경제사업활성화","수협지도경제사업활성화","어촌계통계조사","250000","250000","250000","100.0","100.0"
"2024","민간이전","민간경상보조","해양수산부","일반회계"," ","농림수산","수산·어촌","어업인소득안정지원","수협경제사업활성화","수협지도경제사업활성화","어촌지역활성화 조사연구","200000","200000","190885","100.0","95.4"
"2024","민간이전","민간경상보조","해양수산부","일반회계"," ","교통및물류","해운·항만","해운산업 선진화","선원근로 복지 향상","선원복지고용센터운영","선원복지고용센터 경상운영비","2339000","2339000","2339000","100.0","100.0"
"2024","민간이전","민간경상보조","해양수산부","일반회계"," ","교통및물류","해운·항만","해운산업 선진화","선원근로 복지 향상","선원복지고용센터운영","선원직업안정사업","1569000","1569000","1569000","100.0","100.0"
"2024","민간이전","민간경상보조","해양수산부","일반회계"," ","교통및물류","해운·항만","해운산업 선진화","선원근로 복지 향상","선원복지고용센터운영","선원복지증진사업","2227000","2227000","2227000","100.0","100.0"
"2024","민간이전","민간경상보조","해양수산부","일반회계"," ","교통및물류","해운·항만","해운산업 선진화","선원근로 복지 향상","선원복지고용센터운영","해양원격의료지원사업","866000","866000","866000","100.0","100.0"
"2024","민간이전","민간경상보조","해양수산부","일반회계"," ","교통및물류","해운·항만","해운산업 선진화","선원근로 복지 향상","선원정책 및 선원인력 역량강화","청년해기인력 공급기반 강화","360000","360000","358996","100.0","99.7"
"2024","민간이전","민간경상보조","해양수산부","일반회계"," ","교통및물류","해운·항만","해운산업 선진화","선원근로 복지 향상","선원정책 및 선원인력 역량강화","선박관리전문가 양성","190000","190000","178390","100.0","93.9"
"2024","민간이전","민간경상보조","해양수산부","일반회계"," ","교통및물류","해운·항만","해운산업 선진화","선원근로 복지 향상","선원정책 및 선원인력 역량강화","선원인권보호교육 사업","300000","300000","298862","100.0","99.6"
"2024","민간이전","민간경상보조","해양수산부","일반회계"," ","교통및물류","해운·항만","해운산업 선진화","해운인력양성 지원","해양수산연수원 지원","해양수산연수원 지원(경상보조)","37083000","37083000","37083000","100.0","100.0"
"2024","민간이전","민간경상보조","해양수산부","일반회계"," ","교통및물류","해운·항만","해운산업 선진화","해운인력양성 지원","국적 해기사 일자리 지원","국적해기사 일자리 지원","450000","450000","450000","100.0","100.0"
"2024","민간이전","민간경상보조","해양수산부","일반회계"," ","교통및물류","해운·항만","해운산업 선진화","해운물류지원","전환교통지원","전환교통지원","2700000","2700000","2695102","100.0","99.8"
"2024","민간이전","민간경상보조","해양수산부","일반회계"," ","교통및물류","해운·항만","해운산업 선진화","해운물류지원","국가필수선대제도 운영","국가필수선대제도 운영","6545000","6545000","6545000","100.0","100.0"
"2024","민간이전","민간경상보조","해양수산부","일반회계"," ","교통및물류","해운·항만","해운산업 선진화","해운물류지원","해운물류전문인력양성지원","해운항만물류전문인력양성사업","1452000","1374000","1317987","94.6","95.9"
"2024","민간이전","민간경상보조","해양수산부","일반회계"," ","교통및물류","해운·항만","해운산업 선진화","해운물류지원","해운물류전문인력양성지원","실무형 해상물류 일자리 지원사업","900000","900000","860661","100.0","95.6"
"2024","민간이전","민간경상보조","해양수산부","일반회계"," ","교통및물류","해운·항만","해운산업 선진화","해운물류지원","해운물류전문인력양성지원","해운항만산업 재취업 지원","2050000","2050000","2021841","100.0","98.6"
"2024","민간이전","민간경상보조","해양수산부","일반회계"," ","교통및물류","해운·항만","해운산업 선진화","해운물류지원","해운물류전문인력양성지원","해운물류안전교육인력양성지원","100000","100000","98649","100.0","98.6"
"2024","민간이전","민간경상보조","해양수산부","일반회계"," ","교통및물류","해운·항만","해운산업 선진화","해운물류지원","해운물류전문인력양성지원","해운물류산업 활성화 기반 마련","0","0","0","0","0"
"2024","민간이전","민간경상보조","해양수산부","일반회계"," ","교통및물류","해운·항만","해운산업 선진화","해운물류지원","해운물류전문인력양성지원","도선사 교육역량 강화지원","0","0","0","0","0"
"2024","민간이전","민간경상보조","해양수산부","일반회계"," ","교통및물류","해운·항만","해운산업 선진화","해운물류지원","친환경 항만하역장비 구축 지원","하역장비 배출저감장치(DPF) 부착사업","880000","879300","879300","99.9","100.0"
"2024","민간이전","민간경상보조","해양수산부","일반회계"," ","교통및물류","해운·항만","해운산업 선진화","해운물류지원","스마트항만 전문인력양성 지원","스마트항만 전문인력 양성 지원","0","0","0","0","0"
"2024","민간이전","민간경상보조","해양수산부","일반회계"," ","교통및물류","해운·항만","해운산업 선진화","해운물류지원","항만하역장 근로자 재해예방시설 지원","항만하역장 근로자 재해예방시설 지원","1900000","1900000","1772075","100.0","93.3"
"2024","민간이전","민간경상보조","해양수산부","일반회계"," ","교통및물류","해운·항만","해운산업 선진화","도서지역 해상교통 지원(일반)","국가보조항로결손보상금","국가보조항로결손보상금","0","0","0","0","0"
"2024","민간이전","민간경상보조","해양수산부","일반회계"," ","교통및물류","해운·항만","해운산업 선진화","도서지역 해상교통 지원(일반)","국가보조항로결손보상금","연안여객항로 안정화 지원","0","0","0","0","0"
"2024","민간이전","민간경상보조","해양수산부","일반회계"," ","교통및물류","해운·항만","해양 및 해상교통관리","해양안전관리시스템 구축.운영(일반)","한국해양교통안전공단 지원","한국해양교통안전공단 지원","39657000","39657000","39657000","100.0","100.0"
"2024","민간이전","민간경상보조","해양수산부","일반회계"," ","교통및물류","해운·항만","해양 및 해상교통관리","해양안전관리시스템 구축.운영(일반)","스마트 해양안전 교통망 구축운영","e-Nav 선박단말기 보급·관리체계 구축 및 운영","200000","200000","199941","100.0","100.0"
"2024","민간이전","민간경상보조","해양수산부","일반회계"," ","교통및물류","해운·항만","해양 및 해상교통관리","해양안전관리시스템 구축.운영(일반)","스마트 해양안전 교통망 구축운영","2024년 내항선 해상원격 의료지원 시범사업","484000","484000","473035","100.0","97.7"
"2024","민간이전","민간경상보조","해양수산부","일반회계"," ","교통및물류","해운·항만","해양 및 해상교통관리","해양안전관리시스템 구축.운영(일반)","세월호 인양 및 추모사업 지원","4.16재단 운영 지원","1477000","1477000","1431933","100.0","96.9"
"2024","민간이전","민간경상보조","해양수산부","일반회계"," ","교통및물류","해운·항만","해양 및 해상교통관리","해양안전관리시스템 구축.운영(일반)","친환경선박 보급 촉진","친환경선박 보급 및 운영지원","14250000","14250000","8748388","100.0","61.4"
"2024","민간이전","민간경상보조","해양수산부","일반회계"," ","교통및물류","물류등기타","해양산업육성및영토관리","해양문화활성화","해양정책및문화육성","해양과학학술대회 지원","0","0","0","0","0"
"2024","민간이전","민간경상보조","해양수산부","일반회계"," ","교통및물류","물류등기타","해양산업육성및영토관리","해양문화활성화","해양정책및문화육성","해양법 해양영토 토론대회","100000","100000","99620","100.0","99.6"
"2024","민간이전","민간경상보조","해양수산부","일반회계"," ","교통및물류","물류등기타","해양산업육성및영토관리","해양문화활성화","해양정책및문화육성","세계해양포럼","211000","211000","211000","100.0","100.0"
"2024","민간이전","민간경상보조","해양수산부","일반회계"," ","교통및물류","물류등기타","해양산업육성및영토관리","해양문화활성화","해양정책및문화육성","인천동북아해양포럼","400000","400000","400000","100.0","100.0"
"2024","민간이전","민간경상보조","해양수산부","일반회계"," ","교통및물류","물류등기타","해양산업육성및영토관리","해양문화활성화","해양정책및문화육성","전국해양학포럼","9000","9000","9000","100.0","100.0"
"2024","민간이전","민간경상보조","해양수산부","일반회계"," ","교통및물류","물류등기타","해양산업육성및영토관리","해양영토관리기반구축","독도 지속가능이용 및 관리","독도탐방","464000","462900","454072","99.8","98.1"
"2024","민간이전","민간경상보조","해양수산부","일반회계"," ","교통및물류","물류등기타","해양산업육성및영토관리","해양영토관리기반구축","독도 지속가능이용 및 관리","독도 민간단체 지원","194000","194000","192697","100.0","99.3"
"2024","민간이전","민간경상보조","해양수산부","일반회계"," ","교통및물류","물류등기타","해양산업육성및영토관리","해양영토관리기반구축","극지정책및극지활동역량강화","극지과학문화행사 ","0","0","0","0","0"
"2024","민간이전","민간경상보조","해양수산부","일반회계"," ","교통및물류","물류등기타","해양산업육성및영토관리","해양지형조사 및 정보제공","해양지명조사 및 알리기","이어도 홍보를 위한 이어도 연구회 지원","450000","450000","446120","100.0","99.1"
"2024","민간이전","민간경상보조","해양수산부","일반회계"," ","교통및물류","물류등기타","해양산업육성및영토관리","해양관광육성","해양관광육성","해양레저스포츠지원","200000","200000","198556","100.0","99.3"
"2024","민간이전","민간경상보조","해양수산부","일반회계"," ","교통및물류","물류등기타","해양산업육성및영토관리","해양관광육성","해양관광육성","국제보트쇼 육성지원","430000","430000","429623","100.0","99.9"
"2024","민간이전","민간경상보조","해양수산부","일반회계"," ","교통및물류","물류등기타","해양산업육성및영토관리","해양관광육성","해양관광육성","해양소년단연맹 지원","300000","300000","292139","100.0","97.4"
"2024","민간이전","민간경상보조","해양수산부","일반회계"," ","교통및물류","물류등기타","해양산업육성및영토관리","해양관광육성","해양관광육성","해양관광 콘텐츠 개발 지원","300000","300000","294996","100.0","98.3"
"2024","민간이전","민간경상보조","해양수산부","일반회계"," ","교통및물류","물류등기타","해양산업육성및영토관리","해양관광육성","해양관광육성","마리나업 전문인력 양성교육","700000","700000","688500","100.0","98.4"
"2024","민간이전","민간경상보조","해양수산부","일반회계"," ","교통및물류","물류등기타","해양산업육성및영토관리","해양관광육성","해양관광육성","해양레저관광 활성화(무인도서 100선 국민탐사단)","300000","300000","299964","100.0","100.0"
"2024","민간이전","민간경상보조","해양수산부","일반회계"," ","교통및물류","물류등기타","해양수산정보화","항만물류정보화(정보화)","수출입 물류데이터 공유플랫폼 운영(정보화)","항만물류디지털트윈플랫폼구축지원","183000","183000","173850","100.0","95.0"
"2024","민간이전","민간경상보조","해양수산부","지역균형발전특별회계","지역지원계정","교통및물류","해운·항만","해운산업 선진화","도서지역 해상교통 지원(지특)","국가보조항로결손보상금","국가보조항로결손보상금","19873000","19868842","19868842","100.0","100.0"
"2024","민간이전","민간경상보조","해양수산부","지역균형발전특별회계","지역지원계정","교통및물류","해운·항만","해운산업 선진화","도서지역 해상교통 지원(지특)","국가보조항로결손보상금","연안여객항로 안정화 지원","2500000","2499493","2494692","100.0","99.8"
"2024","민간이전","민간경상보조","행정안전부","일반회계"," ","일반·지방행정","지방행정·재정지원","지방자치분권","비영리민간단체지원","비영리민간단체지원","비영리민간단체 공익사업","3250000","3136600","3032210","96.5","96.7"
"2024","민간이전","민간경상보조","행정안전부","일반회계"," ","일반·지방행정","지방행정·재정지원","지방자치분권","새마을운동지원","새마을운동지원","새마을지도자 교육 및 홍보 ","520000","520000","499868","100.0","96.1"
"2024","민간이전","민간경상보조","행정안전부","일반회계"," ","일반·지방행정","지방행정·재정지원","지방자치분권","새마을운동지원","새마을운동지원","새마을 지역공동체 실현 운동","122000","122000","121997","100.0","100.0"
"2024","민간이전","민간경상보조","행정안전부","일반회계"," ","일반·지방행정","지방행정·재정지원","지방자치분권","새마을운동지원","새마을운동지원","MZ세대와 함께하는 새마을운동","173000","173000","172220","100.0","99.5"
"2024","민간이전","민간경상보조","행정안전부","일반회계"," ","일반·지방행정","지방행정·재정지원","지방자치분권","새마을운동지원","맞춤형 새마을운동 지원사업(ODA)","개도국 새마을 초청연수","2547000","2547000","2382990","100.0","93.6"
"2024","민간이전","민간경상보조","행정안전부","일반회계"," ","일반·지방행정","지방행정·재정지원","지방자치분권","새마을운동지원","맞춤형 새마을운동 지원사업(ODA)","새마을 시범마을 조성","1446000","1446000","1415436","100.0","97.9"
"2024","민간이전","민간경상보조","행정안전부","일반회계"," ","일반·지방행정","지방행정·재정지원","지방자치분권","새마을운동지원","맞춤형 새마을운동 지원사업(ODA)","새마을 시범마을 관리","369000","369000","341537","100.0","92.6"
"2024","민간이전","민간경상보조","행정안전부","일반회계"," ","일반·지방행정","지방행정·재정지원","지방자치분권","새마을운동지원","맞춤형 새마을운동 지원사업(ODA)","새마을리더십 교류협력 함양","202000","202000","201139","100.0","99.6"
"2024","민간이전","민간경상보조","행정안전부","일반회계"," ","일반·지방행정","지방행정·재정지원","지방자치분권","새마을운동지원","맞춤형 새마을운동 지원사업(ODA)","새마을금고 연수 프로그램 운영","462000","462000","434961","100.0","94.1"
"2024","민간이전","민간경상보조","행정안전부","일반회계"," ","일반·지방행정","지방행정·재정지원","지방자치분권","성숙하고따뜻한사회구현","행복한선진시민사회구현","한국자유총연맹 지원","200000","200000","197993","100.0","99.0"
"2024","민간이전","민간경상보조","행정안전부","일반회계"," ","일반·지방행정","지방행정·재정지원","지방자치분권","성숙하고따뜻한사회구현","지속가능한 지역사회 구축","바르게살기운동중앙협의회 지원","210000","210000","209540","100.0","99.8"
"2024","민간이전","민간경상보조","행정안전부","일반회계"," ","일반·지방행정","지방행정·재정지원","지방자치분권","성숙하고따뜻한사회구현","직능인 경제활동 지원","직능인종합지원센터 사업지원","200000","0","0","0.0","0"
"2024","민간이전","민간경상보조","행정안전부","일반회계"," ","일반·지방행정","지방행정·재정지원","이북5도","이북도민관련지원","이북도민관련단체및행사지원","이북7도민회 지원","265000","264999","264571","100.0","99.8"
"2024","민간이전","민간경상보조","행정안전부","일반회계"," ","일반·지방행정","지방행정·재정지원","이북5도","이북도민관련지원","이북도민관련단체및행사지원","이북7도 도민의 날 행사 지원","107000","106999","106999","100.0","100.0"
"2024","민간이전","민간경상보조","행정안전부","일반회계"," ","일반·지방행정","지방행정·재정지원","이북5도","이북도민관련지원","이북도민관련단체및행사지원","이북5도 무형문화재 보존사업","56000","56000","56000","100.0","100.0"
"2024","민간이전","민간경상보조","행정안전부","일반회계"," ","일반·지방행정","정부자원관리","전자정부","행정정보화지원및관리조정(정보화)","행정정보화지원및관리조정(정보화)","국가지원 정보화사업관리 전문기관지원","3881000","3881000","3881000","100.0","100.0"
"2024","민간이전","민간경상보조","행정안전부","일반회계"," ","일반·지방행정","일반행정","정부의전","국가의정관리","전직대통령및유족예우","전직대통령 묘지관리 지원","245592","239139","239139","97.4","100.0"
"2024","민간이전","민간경상보조","행정안전부","일반회계"," ","일반·지방행정","일반행정","기록물관리","기록관리정책및교육","기록관리정책및교육","유네스코 국제기록유산센터 설립 준비 및 운영","1891000","1891000","1698580","100.0","89.8"
"2024","민간이전","민간경상보조","행정안전부","일반회계"," ","일반·지방행정","일반행정","민주화지원및과거사정리","강제동원진상규명","대일항쟁기강제동원조사지원 및 운영","일제강제동원피해자지원재단 지원","3808000","3808000","3585086","100.0","94.1"
"2024","민간이전","민간경상보조","행정안전부","일반회계"," ","일반·지방행정","일반행정","민주화지원및과거사정리","민주화관련자명예회복","부마민주항쟁명예회복지원","부마민주항쟁재단지원","1404000","1404000","1397345","100.0","99.5"
"2024","민간이전","민간경상보조","행정안전부","일반회계"," ","일반·지방행정","일반행정","민주화지원및과거사정리","민주화운동기념사업회지원","민주화운동기념사업회지원","민주화운동기념사업회지원","7685000","7685000","7421962","100.0","96.6"
"2024","민간이전","민간경상보조","행정안전부","일반회계"," ","일반·지방행정","일반행정","민주화지원및과거사정리","민주화운동기념사업지원","민주화운동기념사업지원","MZ세대 공감 자유민주주의 소양교육","1300000","1290000","1250125","99.2","96.9"
"2024","민간이전","민간경상보조","행정안전부","일반회계"," ","일반·지방행정","일반행정","행정안전행정지원","부내행정지원","고객만족관리및이미지제고","바른안전문화 국민운동","0","0","0","0","0"
"2024","민간이전","민간경상보조","행정안전부","일반회계"," ","공공질서및안전","재난관리","안전관리","생활안전개선 추진","4.16재단지원","4.16재단 지원","330000","330000","322426","100.0","97.7"
"2024","민간이전","민간경상보조","행정안전부","일반회계"," ","공공질서및안전","재난관리","안전관리","생활안전개선 추진","승강기안전관리개선","승강기 안전주간 행사","27000","27000","27000","100.0","100.0"
"2024","민간이전","민간경상보조","행정안전부","일반회계"," ","공공질서및안전","재난관리","안전관리","생활안전개선 추진","승강기안전관리개선","승강기 안전산업 진흥","36000","36000","36000","100.0","100.0"
"2024","민간이전","민간경상보조","행정안전부","일반회계"," ","공공질서및안전","재난관리","재난관리","재난관리인프라구축","중앙재난안전대책본부운영","전국자율방재단연합회 지원","45000","45000","45000","100.0","100.0"
"2024","민간이전","민간경상보조","행정안전부","일반회계"," ","공공질서및안전","재난관리","재난관리","재난관리인프라구축","재난관리전문인력양성","'24 지진방재 전문인력 양성","800000","800000","796648","100.0","99.6"
"2024","민간이전","민간경상보조","행정안전부","일반회계"," ","공공질서및안전","재난관리","재난관리","재난관리인프라구축","재난관리전문인력양성","'23 지진방재 전문인력 양성","800000","800000","797229","100.0","99.7"
"2024","민간이전","민간경상보조","행정안전부","일반회계"," ","공공질서및안전","재난관리","재난관리","재난관리인프라구축","재난관리전문인력양성","재난관리 분야 전문인력 양성(2차년도)","250000","250000","249532","100.0","99.8"
"2024","민간이전","민간경상보조","행정안전부","일반회계"," ","공공질서및안전","재난관리","재난관리","재난관리인프라구축","재난관리전문인력양성","재난관리 분야 전문인력 양성(신규, '24 . 9. 1~'25. 8. 31)","250000","250000","249530","100.0","99.8"
"2024","민간이전","민간경상보조","행정안전부","일반회계"," ","공공질서및안전","재난관리","재난관리","재난복구지원","풍수해보험","풍수해보험 보험료 지원","37631000","37631000","37631000","100.0","100.0"
"2024","민간이전","민간경상보조","행정안전부","지역균형발전특별회계","지역지원계정","일반·지방행정","지방행정·재정지원","지방자치분권","자원봉사활성화지원","자원봉사활성화지원","자원봉사활동 참여·촉진 확산","196000","196000","193854","100.0","98.9"
"2024","민간이전","민간경상보조","행정안전부","지역균형발전특별회계","지역지원계정","일반·지방행정","지방행정·재정지원","지방자치분권","자원봉사활성화지원","자원봉사활성화지원","한국중앙자원봉사센터 운영","2379000","2379000","2333845","100.0","98.1"
"2024","민간이전","민간경상보조","환경부","금강수계관리기금"," ","환경","물환경","4대강유역관리","기타수질개선지원(금강)","수질보전활동지원","수질보전활동지원(민간단체 지원사업)","0","0","0","0","0"
"2024","민간이전","민간경상보조","환경부","낙동강수계관리기금"," ","환경","물환경","4대강유역관리","기타수질개선지원(낙동강)","수질보전활동지원","민간단체지원","0","0","0","0","0"
"2024","민간이전","민간경상보조","환경부","석면피해구제기금"," ","환경","기후대기및환경안전","환경보건관리","환경위해 관리","석면건강영향조사","석면건강영향조사","400000","400000","399957","100.0","100.0"
"2024","민간이전","민간경상보조","환경부","에너지및자원사업특별회계","투자계정","환경","기후대기및환경안전","대기환경 보전","대기오염 발생원 관리","무공해차 보급사업","전기자동차 보급(민간)","161400000","161400000","159638197","100.0","98.9"
"2024","민간이전","민간경상보조","환경부","에너지및자원사업특별회계","투자계정","환경","기후대기및환경안전","대기환경 보전","대기오염 발생원 관리","무공해차 충전 인프라 구축 사업","수소충전소 연료비 지원(민간경상보조)","15637000","15637000","15637000","100.0","100.0"
"2024","민간이전","민간경상보조","환경부","영산강·섬진강수계관리기금"," ","환경","물환경","4대강유역관리","기타수질개선지원(영산강)","수질보전활동 지원","민간단체 수질보전활동 지원","0","0","0","0","0"
"2024","민간이전","민간경상보조","환경부","일반회계"," ","국토및지역개발","수자원","수자원정책 및 홍수관리","수자원정책 및 조사","물산업정책 및 국제협력","유네스코 물안보 국제연구교육센터 운영","1050000","1050000","1047304","100.0","99.7"
"2024","민간이전","민간경상보조","환경부","일반회계"," ","국토및지역개발","수자원","수자원정책 및 홍수관리","수자원정책 및 조사","물산업정책 및 국제협력","아시아물위원회 지원","700000","700000","699054","100.0","99.9"
"2024","민간이전","민간경상보조","환경부","지역균형발전특별회계","지역지원계정","환경","자원순환및환경경제","친환경경제사회 활성화","환경기술 개발·보급","녹색환경지원센터 활성화 지원","녹색환경지원센터 활성화 지원(서울)","315700","315700","315685","100.0","100.0"
"2024","민간이전","민간경상보조","환경부","지역균형발전특별회계","지역지원계정","환경","자원순환및환경경제","친환경경제사회 활성화","환경기술 개발·보급","녹색환경지원센터 활성화 지원","녹색환경지원센터 활성화 지원(경기)","309300","309300","307868","100.0","99.5"
"2024","민간이전","민간경상보조","환경부","지역균형발전특별회계","지역지원계정","환경","자원순환및환경경제","친환경경제사회 활성화","환경기술 개발·보급","녹색환경지원센터 활성화 지원","녹색환경지원센터 활성화 지원(부산)","314100","314100","314100","100.0","100.0"
"2024","민간이전","민간경상보조","환경부","지역균형발전특별회계","지역지원계정","환경","자원순환및환경경제","친환경경제사회 활성화","환경기술 개발·보급","녹색환경지원센터 활성화 지원","녹색환경지원센터 활성화 지원(광주)","325700","325700","325700","100.0","100.0"
"2024","민간이전","민간경상보조","환경부","지역균형발전특별회계","지역지원계정","환경","자원순환및환경경제","친환경경제사회 활성화","환경기술 개발·보급","녹색환경지원센터 활성화 지원","녹색환경지원센터 활성화 지원(전남)","315700","315700","315700","100.0","100.0"
"2024","민간이전","민간경상보조","환경부","지역균형발전특별회계","지역지원계정","환경","자원순환및환경경제","친환경경제사회 활성화","환경기술 개발·보급","녹색환경지원센터 활성화 지원","녹색환경지원센터 활성화 지원(제주)","278400","278400","278400","100.0","100.0"
"2024","민간이전","민간경상보조","환경부","지역균형발전특별회계","지역지원계정","환경","자원순환및환경경제","친환경경제사회 활성화","환경기술 개발·보급","녹색환경지원센터 활성화 지원","녹색환경지원센터 활성화 지원(대구)","328300","328300","328300","100.0","100.0"
"2024","민간이전","민간경상보조","환경부","지역균형발전특별회계","지역지원계정","환경","자원순환및환경경제","친환경경제사회 활성화","환경기술 개발·보급","녹색환경지원센터 활성화 지원","녹색환경지원센터 활성화 지원(경북)","314100","314100","314100","100.0","100.0"
"2024","민간이전","민간경상보조","환경부","지역균형발전특별회계","지역지원계정","환경","자원순환및환경경제","친환경경제사회 활성화","환경기술 개발·보급","녹색환경지원센터 활성화 지원","녹색환경지원센터 활성화 지원(전북)","314100","314100","314100","100.0","100.0"
"2024","민간이전","민간경상보조","환경부","지역균형발전특별회계","지역지원계정","환경","자원순환및환경경제","친환경경제사회 활성화","환경기술 개발·보급","녹색환경지원센터 활성화 지원","녹색환경지원센터 활성화 지원(울산)","318800","318800","318800","100.0","100.0"
"2024","민간이전","민간경상보조","환경부","지역균형발전특별회계","지역지원계정","환경","자원순환및환경경제","친환경경제사회 활성화","환경기술 개발·보급","녹색환경지원센터 활성화 지원","녹색환경지원센터 활성화 지원(경남)","318300","318300","318300","100.0","100.0"
"2024","민간이전","민간경상보조","환경부","지역균형발전특별회계","지역지원계정","환경","자원순환및환경경제","친환경경제사회 활성화","환경기술 개발·보급","녹색환경지원센터 활성화 지원","녹색환경지원센터 활성화 지원(대전)","292600","292600","292600","100.0","100.0"
"2024","민간이전","민간경상보조","환경부","지역균형발전특별회계","지역지원계정","환경","자원순환및환경경제","친환경경제사회 활성화","환경기술 개발·보급","녹색환경지원센터 활성화 지원","녹색환경지원센터 활성화 지원(충남)","327300","327300","327119","100.0","99.9"
"2024","민간이전","민간경상보조","환경부","지역균형발전특별회계","지역지원계정","환경","자원순환및환경경제","친환경경제사회 활성화","환경기술 개발·보급","녹색환경지원센터 활성화 지원","녹색환경지원센터 활성화 지원(충북)","315200","315200","315200","100.0","100.0"
"2024","민간이전","민간경상보조","환경부","지역균형발전특별회계","지역지원계정","환경","자원순환및환경경제","친환경경제사회 활성화","환경기술 개발·보급","녹색환경지원센터 활성화 지원","중앙녹색환경지원센터 활성화 지원","380000","380000","380000","100.0","100.0"
"2024","민간이전","민간경상보조","환경부","지역균형발전특별회계","지역지원계정","환경","자원순환및환경경제","친환경경제사회 활성화","환경기술 개발·보급","녹색환경지원센터 활성화 지원","녹색환경지원센터 활성화 지원(강원)","314600","314600","314590","100.0","100.0"
"2024","민간이전","민간경상보조","환경부","지역균형발전특별회계","지역지원계정","환경","자원순환및환경경제","친환경경제사회 활성화","환경기술 개발·보급","녹색환경지원센터 활성화 지원","녹색환경지원센터 활성화 지원 (인천)","347600","347600","347600","100.0","100.0"
"2024","민간이전","민간경상보조","환경부","지역균형발전특별회계","지역지원계정","환경","자원순환및환경경제","친환경경제사회 활성화","환경기술 개발·보급","녹색환경지원센터 활성화 지원","녹색환경지원센터 활성화 지원 (안산)","313600","313600","313592","100.0","100.0"
"2024","민간이전","민간경상보조","환경부","지역균형발전특별회계","지역지원계정","환경","자원순환및환경경제","친환경경제사회 활성화","환경기술 개발·보급","녹색환경지원센터 활성화 지원","녹색환경지원센터 활성화 지원 (시흥)","313600","313600","313600","100.0","100.0"
"2024","민간이전","민간경상보조","환경부","한강수계관리기금"," ","환경","물환경","4대강유역관리","기타 수질개선지원(한강)","상수원관리지역관리","특별대책지역수질보전정책협의회","190000","0","0","0.0","0"
"2024","민간이전","민간경상보조","환경부","한강수계관리기금"," ","환경","물환경","4대강유역관리","기타 수질개선지원(한강)","수질보전활동지원","민간단체 수질보전활동 지원","0","0","0","0","0"
"2024","민간이전","민간경상보조","환경부","환경개선특별회계"," ","환경","물환경","수질 및 수생태계 관리","산업폐수 및 기타오염원 관리","하천하구 쓰레기 정화사업","민간수면관리자 지원","0","0","0","0","0"
"2024","민간이전","민간경상보조","환경부","환경개선특별회계"," ","환경","물환경","수질 및 수생태계 관리","수질개선기반구축","물환경정책연구 및 홍보","지역단위 양분관리 지원","1433000","1433000","1433000","100.0","100.0"
"2024","민간이전","민간경상보조","환경부","환경개선특별회계"," ","환경","물환경","맑은물 공급·이용","물산업 및 물기술 진흥","물산업클러스터 운영","Water-Partner 지원사업","1225000","1225000","1084130","100.0","88.5"
"2024","민간이전","민간경상보조","환경부","환경개선특별회계"," ","환경","물환경","맑은물 공급·이용","물산업 및 물기술 진흥","물산업클러스터 운영","물산업 해외진출 지원사업","475000","475000","425410","100.0","89.6"
"2024","민간이전","민간경상보조","환경부","환경개선특별회계"," ","환경","물환경","맑은물 공급·이용","물산업 및 물기술 진흥","물산업클러스터 운영","물기업 능동형 디지털화 지원사업","3250000","3250000","2854962","100.0","87.8"
"2024","민간이전","민간경상보조","환경부","환경개선특별회계"," ","환경","물환경","맑은물 공급·이용","물산업 및 물기술 진흥","물산업클러스터 운영","해외 현지 성능평가 지원사업","600000","600000","543537","100.0","90.6"
"2024","민간이전","민간경상보조","환경부","환경개선특별회계"," ","환경","물환경","맑은물 공급·이용","물산업 및 물기술 진흥","물산업클러스터 운영","물기업 성장지원 프로젝트랩 지원사업","1400000","1400000","1340448","100.0","95.7"
"2024","민간이전","민간경상보조","환경부","환경개선특별회계"," ","환경","물환경","맑은물 공급·이용","물산업 및 물기술 진흥","물산업클러스터 운영","창업기업 사업화 지원사업","150000","150000","137950","100.0","92.0"
"2024","민간이전","민간경상보조","환경부","환경개선특별회계"," ","환경","물환경","맑은물 공급·이용","물산업 및 물기술 진흥","물산업클러스터 운영","수요기반 탄소중립 물기술 실증화 지원사업","3300000","3300000","3203097","100.0","97.1"
"2024","민간이전","민간경상보조","환경부","환경개선특별회계"," ","환경","물환경","맑은물 공급·이용","물산업 및 물기술 진흥","물산업클러스터 운영","워터스타기업 육성사업","1000000","1000000","869385","100.0","86.9"
"2024","민간이전","민간경상보조","환경부","환경개선특별회계"," ","환경","물환경","맑은물 공급·이용","물산업 및 물기술 진흥","물산업클러스터 운영","물기업 제품 기술향상 지원사업","200000","200000","193931","100.0","97.0"
"2024","민간이전","민간경상보조","환경부","환경개선특별회계"," ","환경","물환경","맑은물 공급·이용","물산업 및 물기술 진흥","물산업 진흥 및 물기업 육성","혁신형 물기업 지정 지원","5000000","5000000","4823369","100.0","96.5"
"2024","민간이전","민간경상보조","환경부","환경개선특별회계"," ","환경","물환경","맑은물 공급·이용","물산업 및 물기술 진흥","물산업 진흥 및 물기업 육성","해외 물시장 개척 지원(민관협력 물기업 해외진출 시범사업)","230000","230000","211150","100.0","91.8"
"2024","민간이전","민간경상보조","환경부","환경개선특별회계"," ","환경","물환경","맑은물 공급·이용","물산업 및 물기술 진흥","물산업 진흥 및 물기업 육성","물기업 첫수출 마중물 지원사업","0","0","0","0","0"
"2024","민간이전","민간경상보조","환경부","환경개선특별회계"," ","환경","물환경","맑은물 공급·이용","물산업 및 물기술 진흥","물산업 진흥 및 물기업 육성","물기술 선진시장 현지 적용 지원","0","0","0","0","0"
"2024","민간이전","민간경상보조","환경부","환경개선특별회계"," ","환경","자원순환및환경경제","자원순환사회 형성 촉진","폐기물 발생원 관리","자원순환 기반구축","폐기물감량정책추진","0","0","0","0","0"
"2024","민간이전","민간경상보조","환경부","환경개선특별회계"," ","환경","자원순환및환경경제","자원순환사회 형성 촉진","폐기물 발생원 관리","자원순환 기반구축","민간자원순환활동촉진","0","0","0","0","0"
"2024","민간이전","민간경상보조","환경부","환경개선특별회계"," ","환경","자원순환및환경경제","자원순환사회 형성 촉진","폐기물 발생원 관리","자원순환 기반구축","자원순환정책지원","261000","261000","224300","100.0","85.9"
"2024","민간이전","민간경상보조","환경부","환경개선특별회계"," ","환경","자원순환및환경경제","친환경경제사회 활성화","친환경산업 육성·지원","환경산업수출기반 육성지원","해외환경프로젝트 타당성조사","10000000","10000000","9526867","100.0","95.3"
"2024","민간이전","민간경상보조","환경부","환경개선특별회계"," ","환경","자원순환및환경경제","친환경경제사회 활성화","친환경산업 육성·지원","환경산업수출기반 육성지원","우수 중소환경기업 해외수출 기업화","6000000","6000000","5157862","100.0","86.0"
"2024","민간이전","민간경상보조","환경부","환경개선특별회계"," ","환경","자원순환및환경경제","친환경경제사회 활성화","친환경산업 육성·지원","환경산업수출기반 육성지원","환경기술 해외 현지실증 지원사업","7800000","7800000","7349356","100.0","94.2"
"2024","민간이전","민간경상보조","환경부","환경개선특별회계"," ","환경","자원순환및환경경제","친환경경제사회 활성화","친환경산업 육성·지원","환경산업수출기반 육성지원","개도국 환경개선 마스터플랜 수립지원","2393000","900000","843239","37.6","93.7"
"2024","민간이전","민간경상보조","환경부","환경개선특별회계"," ","환경","자원순환및환경경제","친환경경제사회 활성화","친환경산업 육성·지원","중소환경기업 사업화 지원사업","사업화 지원(중소환경기업 사업화 지원사업)","30450000","30450000","27998084","100.0","91.9"
"2024","민간이전","민간경상보조","환경부","환경개선특별회계"," ","환경","자원순환및환경경제","친환경경제사회 활성화","친환경산업 육성·지원","중소환경기업 사업화 지원사업","사업화지원(새활용산업육성지원사업)","6000000","6000000","5960954","100.0","99.3"
"2024","민간이전","민간경상보조","환경부","환경개선특별회계"," ","환경","자원순환및환경경제","친환경경제사회 활성화","친환경산업 육성·지원","중소환경기업 사업화 지원사업","에코스타트업 지원","19399000","19399000","18066027","100.0","93.1"
"2024","민간이전","민간경상보조","환경부","환경개선특별회계"," ","환경","자원순환및환경경제","친환경경제사회 활성화","친환경산업 육성·지원","중소환경기업 사업화 지원사업","사회적경제기업 사업화 지원","680000","680000","638168","100.0","93.8"
"2024","민간이전","민간경상보조","환경부","환경개선특별회계"," ","환경","자원순환및환경경제","친환경경제사회 활성화","친환경산업 육성·지원","중소환경기업 사업화 지원사업","녹색융합클러스터  육성 지원","600000","600000","593389","100.0","98.9"
"2024","민간이전","민간경상보조","환경부","환경개선특별회계"," ","환경","자원순환및환경경제","친환경경제사회 활성화","친환경산업 육성·지원","중소환경기업 사업화 지원사업","청년그린창업스프링캠프","3600000","3600000","3463959","100.0","96.2"
"2024","민간이전","민간경상보조","환경부","환경개선특별회계"," ","환경","자원순환및환경경제","친환경경제사회 활성화","지속가능발전위원회","환경교육강화","사회환경교육프로그램 지원사업","0","0","0","0","0"
"2024","민간이전","민간경상보조","환경부","환경개선특별회계"," ","환경","자원순환및환경경제","친환경경제사회 활성화","지속가능발전위원회","환경교육강화","꿈꾸는 환경학교(직접지원)","0","0","0","0","0"
"2024","민간이전","민간경상보조","환경부","환경개선특별회계"," ","환경","자원순환및환경경제","친환경경제사회 활성화","지속가능발전위원회","환경교육강화","그린리더십 인증과정 운영","0","0","0","0","0"
"2024","민간이전","민간경상보조","환경부","환경개선특별회계"," ","환경","기후대기및환경안전","대기환경 보전","대기오염 발생원 관리","생활주변 미세먼지 관리사업","미세먼지 대응 민간단체 지원 공모사업","0","0","0","0","0"
"2024","민간이전","민간경상보조","환경부","환경개선특별회계"," ","환경","기후대기및환경안전","대기환경 보전","대기환경 개선 정책기반강화 및 국제협력","국가미세먼지 정보관리체계 구축ㆍ운영","미세먼지 연구관리센터 지정운영","2790000","2790000","2671566","100.0","95.8"
"2024","민간이전","민간경상보조","환경부","환경개선특별회계"," ","환경","기후대기및환경안전","기후변화대응","국제환경협력","기후변화대응 환경협력","녹색기후기금(GCF) 사업개발 및 국제협력","805000","805000","784058","100.0","97.4"
"2024","민간이전","민간경상보조","환경부","환경개선특별회계"," ","환경","기후대기및환경안전","환경보건관리","사전예방 보건정책","환경보건기반 강화 협력","환경보건센터 운영","1053000","1053000","1048167","100.0","99.5"
"2024","민간이전","민간경상보조","환경부","환경개선특별회계"," ","환경","자연환경","자연생태 보전","자연의 보전·관리","생물자원보전 종합대책","서식지외보전기관 운영지원","1138000","1138000","1138000","100.0","100.0"
"2024","민간이전","민간경상보조","환경부","환경개선특별회계"," ","환경","자연환경","자연생태 보전","자연의 보전·관리","자연보전단체","자연보전단체 지원","0","0","0","0","0"
"2024","민간이전","민간경상보조","환경부","환경개선특별회계"," ","환경","자연환경","자연생태 보전","자연의 보전·관리","야생동식물보호 및 관리","야생동물 구조관리센터 운영 지원","200000","200000","198656","100.0","99.3"
"2024","민간이전","민간경상보조","환경부","환경개선특별회계"," ","환경","자연환경","자연생태 보전","자연의 보전·관리","야생동식물보호 및 관리","야생동식물 밀렵밀거래 방지 사업","392000","392000","392000","100.0","100.0"
"2024","민간이전","민간경상보조","환경부","환경개선특별회계"," ","환경","자연환경","자연생태 보전","자연의 보전·관리","생태계보전 국제협력 강화","글로벌 국제보호지역 연구훈련센터 운영","1125000","1125000","823829","100.0","73.2"
"2024","민간이전","민간경상보조","환경부","환경개선특별회계"," ","환경","자연환경","자연생태 보전","자연자원의 이용","생태관광자원 이용기반","자연보전단체 지원","49000","49000","49000","100.0","100.0"
"2024","민간이전","민간경상보조","환경부","환경개선특별회계"," ","환경","자연환경","자연생태 보전","자연자원의 이용(국립생물자원관)","생물다양성 보전 및 관리","야생생물 이용기반 구축","278728","278728","278647","100.0","100.0"
"2024","민간이전","민간자본보조","과학기술정보통신부","방송통신발전기금"," ","문화및관광","문화예술","행복한방송통신환경조성(KCC)","시청자 권익보호 및 참여 활성화","시청자미디어재단지원","시청자권익증진 인프라 마련","260000","260000","257256","100.0","98.9"
"2024","민간이전","민간자본보조","과학기술정보통신부","지역균형발전특별회계","지역지원계정","과학기술","과학기술연구개발","원자력 진흥","혁신원자력연구개발기반조성","혁신원자력연구개발기반조성","혁신원자력연구개발기반조성","32581000","32581000","32554042","100.0","99.9"
"2024","민간이전","민간자본보조","국가보훈부","일반회계"," ","사회복지","보훈","보훈단체지원","보훈단체지원","보훈단체운영및선양활동등","대구 상이군경복지회관 재건축","167000","167000","166942","100.0","100.0"
"2024","민간이전","민간자본보조","국가보훈부","일반회계"," ","사회복지","보훈","보훈의료복지","의료지원","보훈병원진료","차세대 보훈병원 정보시스템 구축","4883000","4883000","4883000","100.0","100.0"
"2024","민간이전","민간자본보조","국가보훈부","일반회계"," ","사회복지","보훈","보훈의료복지","의료환경개선","보훈병원재활센터 확충","대구보훈병원 재활센터 확충","3211000","3061000","2610202","95.3","85.3"
"2024","민간이전","민간자본보조","국가보훈부","일반회계"," ","사회복지","보훈","보훈의료복지","의료환경개선","대구보훈병원 외래시설 개선","대구보훈병원 서관동 증축","1130000","1127000","1127000","99.7","100.0"
"2024","민간이전","민간자본보조","국가보훈부","일반회계"," ","사회복지","보훈","보훈의료복지","의료환경개선","보훈병원의료환경개선","중앙보훈병원 시설 재배치","273000","273000","273000","100.0","100.0"
"2024","민간이전","민간자본보조","국가보훈부","일반회계"," ","사회복지","보훈","보훈의료복지","의료환경개선","보훈병원의료환경개선","광주보훈병원 시설 확충","205000","205000","205000","100.0","100.0"
"2024","민간이전","민간자본보조","국가보훈부","일반회계"," ","사회복지","보훈","보훈문화","독립기념관","독립기념관운영및활성화","독립기념관환경개선사업등","6821000","6821000","6820996","100.0","100.0"
"2024","민간이전","민간자본보조","국가보훈부","일반회계"," ","사회복지","보훈","보훈문화","현충시설","현충시설건립","용성전승관 건립","1500000","1291909","1291909","86.1","100.0"
"2024","민간이전","민간자본보조","국가보훈부","일반회계"," ","사회복지","보훈","보훈문화","현충시설","현충시설건립","춘천시 6·25 참전유공자 기념탑 건립","198000","168580","168580","85.1","100.0"
"2024","민간이전","민간자본보조","국가유산청","국가유산보호기금"," ","문화및관광","국가유산","문화재정책기반구축","민간보존역량강화","불교문화재 연구시설 건립","불교문화재 연구시설 건립","5621000","5621000","5619382","100.0","100.0"
"2024","민간이전","민간자본보조","국방부","일반회계"," ","국방","전력유지","군인사및교육훈련","정훈문화활동","전쟁기념사업회","전쟁기념사업회","1449894","1449894","1434189","100.0","98.9"
"2024","민간이전","민간자본보조","국토교통부","교통시설특별회계","교통체계관리계정","교통및물류","물류등기타","대중교통육성","대중교통체계구축","수소 대중교통체계 구축 지원","수소 대중교통체계 구축 지원","0","0","0","0","0"
"2024","민간이전","민간자본보조","국토교통부","교통시설특별회계","도로계정","교통및물류","도로","민자도로건설및관리","민자유치사업지원","민자도로건설지원","포천-화도 고속도로","8453000","6461000","6461000","76.4","100.0"
"2024","민간이전","민간자본보조","국토교통부","교통시설특별회계","도로계정","교통및물류","도로","민자도로건설및관리","민자유치사업지원","민자도로건설지원","평택-부여-익산 고속도로(1단계)","245333000","245333000","245333000","100.0","100.0"
"2024","민간이전","민간자본보조","국토교통부","교통시설특별회계","도로계정","교통및물류","도로","민자도로건설및관리","민자유치사업지원","민자도로건설지원","안전시설 개량","61633000","61633000","61633000","100.0","100.0"
"2024","민간이전","민간자본보조","국토교통부","교통시설특별회계","철도계정","교통및물류","철도","광역철도건설","광역철도건설지원","수도권광역급행철도","수도권광역급행철도 건설보조금","93517000","93517000","93517000","100.0","100.0"
"2024","민간이전","민간자본보조","국토교통부","교통시설특별회계","철도계정","교통및물류","철도","광역철도건설","광역철도건설지원","신안산선복선전철","신안산선 복선전철  건설지원","250334343","249831282","249831282","99.8","100.0"
"2024","민간이전","민간자본보조","국토교통부","일반회계"," ","교통및물류","철도","철도안전및운영","철도안전(일반)","일반철도안전및시설개량","노후출자역사개량","13990000","13990000","13979412","100.0","99.9"
"2024","민간이전","민간자본보조","국토교통부","일반회계"," ","교통및물류","물류등기타","물류정책","물류산업지원","수소물류시스템구축","수소물류시스템(민간보조)","0","0","0","0","0"
"2024","민간이전","민간자본보조","국토교통부","일반회계"," ","교통및물류","물류등기타","자동차및교통정책","첨단미래형자동차활성화","자율자동차 상용화","자율차 시범운행지구 서비스 지원사업(민간보조)","0","0","0","0","0"
"2024","민간이전","민간자본보조","국토교통부","일반회계"," ","국토및지역개발","산업단지","산업단지개발및지원","산업단지지원(일반)","기후변화대응산단조성지원","기후변화대응산단조성지원","2900000","2900000","2900000","100.0","100.0"
"2024","민간이전","민간자본보조","국토교통부","지역균형발전특별회계","지역지원계정","교통및물류","물류등기타","광역교통정책","환승체계구축(지특)","환승센터구축지원","운정역 환승센터","12164000","12164000","12164000","100.0","100.0"
"2024","민간이전","민간자본보조","국토교통부","지역균형발전특별회계","지역지원계정","국토및지역개발","산업단지","산업단지개발및지원","산업단지지원(지원)","캠퍼스 혁신파크조성","캠퍼스혁신파크 조성","4000000","4000000","4000000","100.0","100.0"
"2024","민간이전","민간자본보조","금융위원회","일반회계"," ","일반·지방행정","재정·금융","금융정책","핀테크 지원 사업","핀테크 지원 사업","핀테크 지원 사업(업무공간 제공)","110000","110000","109996","100.0","100.0"
"2024","민간이전","민간자본보조","기획재정부","기후대응기금"," ","환경","자원순환및환경경제","온실가스감축","산업저탄소화","스마트생태공장구축","스마트생태공장구축","88920000","79319000","78091294","89.2","98.5"
"2024","민간이전","민간자본보조","기획재정부","기후대응기금"," ","환경","기후대기및환경안전","온실가스감축","산업저탄소화","온실가스관리인프라구축","목표관리업체 온실가스 감축 지원","1500000","1500000","1500000","100.0","100.0"
"2024","민간이전","민간자본보조","기획재정부","기후대응기금"," ","환경","기후대기및환경안전","온실가스감축","산업저탄소화","온실가스관리인프라구축","할당대상업체 탄소중립설비 지원사업(2023 민간보조금 이월사업)","17385000","17385000","15938052","100.0","91.7"
"2024","민간이전","민간자본보조","기획재정부","기후대응기금"," ","환경","기후대기및환경안전","온실가스감축","산업저탄소화","온실가스관리인프라구축","할당대상업체 탄소중립설비 지원사업(민간보조)","120219000","71083390","66033970","59.1","92.9"
"2024","민간이전","민간자본보조","기획재정부","기후대응기금"," ","환경","기후대기및환경안전","온실가스감축","산업저탄소화","재활용 가능 자원 수거 선별 인프라 확충","영농폐기물 재활용 촉진(재활용시설 설치 개선)","7002000","5600000","5582005","80.0","99.7"
"2024","민간이전","민간자본보조","기획재정부","기후대응기금"," ","환경","기후대기및환경안전","저탄소생태계조성","순환경제","청정수소 활용 수소모빌리티 보급기반 구축사업","바이오가스 기반 청정수소 생산","5000000","5000000","4430131","100.0","88.6"
"2024","민간이전","민간자본보조","기획재정부","기후대응기금"," ","농림수산","농업·농촌","탄소중립기반구축","제도운영","온실가스관리인프라구축","배출권거래제 할당대상업체 지원사업","1659000","1409000","1386200","84.9","98.4"
"2024","민간이전","민간자본보조","기획재정부","기후대응기금"," ","산업·중소기업및에너지","에너지및자원개발","온실가스감축","산업저탄소화","생태산업개발을통한미세먼지및온실가스감축","생태산업개발을통한미세먼지및온실가스감축(산단친환경설비인프라지원)","2800000","2800000","2797875","100.0","99.9"
"2024","민간이전","민간자본보조","기획재정부","기후대응기금"," ","산업·중소기업및에너지","에너지및자원개발","탄소중립기반구축","제도운영","온실가스감축제도운영","배출권거래제 감축설비 도입지원","12768000","12768000","11920500","100.0","93.4"
"2024","민간이전","민간자본보조","기획재정부","기후대응기금"," ","산업·중소기업및에너지","산업혁신지원","온실가스감축","산업저탄소화","탄소중립선도플랜트구축지원","탄소중립 선도플랜트 구축 지원(플랜트구축)","7950000","7950000","7950000","100.0","100.0"
"2024","민간이전","민간자본보조","기획재정부","기후대응기금"," ","산업·중소기업및에너지","산업혁신지원","저탄소생태계조성","순환경제","산업계순환경제기반구축","순환경제혁신 인프라 구축","3400000","3400000","3395314","100.0","99.9"
"2024","민간이전","민간자본보조","기획재정부","기후대응기금"," ","산업·중소기업및에너지","창업및벤처","저탄소생태계조성","유망기업인력육성","그린창업생태계기반구축","그린스타트업 타운 조성(민간자본)","17000000","17000000","17000000","100.0","100.0"
"2024","민간이전","민간자본보조","기획재정부","복권기금"," ","사회복지","보훈","복권기금운영(보훈복지법정지원)","한국보훈복지의료공단지원","한국보훈복지의료공단지원","한국보훈복지의료공단지원(자본)","44890000","44890000","44890000","100.0","100.0"
"2024","민간이전","민간자본보조","기획재정부","복권기금"," ","농림수산","임업·산촌","복권기금운영(산림환경법정지원)","산림환경기능증진자금지원","산림환경기능증진자금지원","산림환경기능증진자금지원(자본)","39654000","39654000","35745889","100.0","90.1"
"2024","민간이전","민간자본보조","농림축산식품부","농산물가격안정기금"," ","농림수산","농업·농촌","농산물수급안정및유통효율화","농산물유통개선(농안기금)","농산물산지유통활성화","인삼특용작물유통시설지원(인삼검사소현대화-자본)","77000","77000","76101","100.0","98.8"
"2024","민간이전","민간자본보조","농림축산식품부","농어촌구조개선특별회계","구조개선사업계정","농림수산","농업·농촌","농업인력육성및창업지원","농식품창업지원","농식품벤처창업활성화지원","그린바이오 벤처 캠퍼스(민간)","2397000","2397000","2397000","100.0","100.0"
"2024","민간이전","민간자본보조","농림축산식품부","농어촌구조개선특별회계","구조개선사업계정","농림수산","농업·농촌","양곡관리","식량생산유통지원","전략작물산업화","논범용화용수공급체계구축","600000","600000","600000","100.0","100.0"
"2024","민간이전","민간자본보조","농림축산식품부","농어촌구조개선특별회계","구조개선사업계정","농림수산","농업·농촌","농업신산업육성","스마트농업육성","임대형 스마트팜","비축농지 임대형 스마트팜 ","6000000","6000000","6000000","100.0","100.0"
"2024","민간이전","민간자본보조","농림축산식품부","농어촌구조개선특별회계","구조개선사업계정","농림수산","농업·농촌","가축방역및축산물안전관리","가축방역(농특)","가축방역대응지원","지역축협소독차량 교체 지원(민간자본보조)","160000","160000","90000","100.0","56.3"
"2024","민간이전","민간자본보조","농림축산식품부","농어촌구조개선특별회계","구조개선사업계정","농림수산","농업·농촌","농업생산기반정비","재해예방(농특)","배수개선","배수개선(민간)","12172000","12172000","12172000","100.0","100.0"
"2024","민간이전","민간자본보조","농림축산식품부","농어촌구조개선특별회계","구조개선사업계정","농림수산","농업·농촌","농업생산기반정비","대단위농업개발 및 시설정비","농업기반시설 치수능력확대","농업기반시설치수능력확대","14606000","12315000","12315000","84.3","100.0"
"2024","민간이전","민간자본보조","농림축산식품부","농어촌구조개선특별회계","구조개선사업계정","농림수산","농업·농촌","농업생산기반정비","농업시설개선(농특)","농촌용수관리","농업용수 관리 자동화","21152000","21152000","21152000","100.0","100.0"
"2024","민간이전","민간자본보조","농림축산식품부","농어촌구조개선특별회계","구조개선사업계정","농림수산","농업·농촌","농업생산기반정비","농업시설개선(농특)","농촌용수관리","지하수 자원관리","5700000","5700000","5700000","100.0","100.0"
"2024","민간이전","민간자본보조","농림축산식품부","농어촌구조개선특별회계","구조개선사업계정","농림수산","농업·농촌","농업생산기반정비","농업시설개선(농특)","농촌용수관리","농업용수 수질개선","28896000","24464000","24464000","84.7","100.0"
"2024","민간이전","민간자본보조","농림축산식품부","농어촌구조개선특별회계","구조개선사업계정","농림수산","농업·농촌","농업생산기반정비","농업시설개선(농특)","수리시설개보수","수리시설개보수","873578000","694085000","694085000","79.5","100.0"
"2024","민간이전","민간자본보조","농림축산식품부","농어촌구조개선특별회계","구조개선사업계정","농림수산","농업·농촌","농업생산기반정비","다목적 용수개발","농촌용수개발","다목적농촌용수개발","226687000","180059000","180059000","79.4","100.0"
"2024","민간이전","민간자본보조","농림축산식품부","농어촌구조개선특별회계","구조개선사업계정","농림수산","농업·농촌","농업생산기반정비","다목적 용수개발","농촌용수개발","농촌용수이용체계재편","69968000","53296000","53296000","76.2","100.0"
"2024","민간이전","민간자본보조","농림축산식품부","농어촌구조개선특별회계","구조개선사업계정","농림수산","농업·농촌","농업생산기반정비","다목적 용수개발","농촌용수개발","임진강수계농촌용수공급","2510000","2510000","2510000","100.0","100.0"
"2024","민간이전","민간자본보조","농림축산식품부","농어촌구조개선특별회계","구조개선사업계정","농림수산","농업·농촌","종자관리","종자산업육성(농특)","과수무병묘목생산공급지원","과수우량묘목(원종)생산 지원","300000","300000","300000","100.0","100.0"
"2024","민간이전","민간자본보조","농림축산식품부","농어촌구조개선특별회계","구조개선사업계정","농림수산","농업·농촌","종자관리","종자산업육성(농특)","과수무병묘목생산공급지원","과수무병묘목(보급종)생산공급지원(민간자본)","200000","200000","239953","100.0","120.0"
"2024","민간이전","민간자본보조","농림축산식품부","농어촌구조개선특별회계","구조개선사업계정","농림수산","식품업","식품외식산업육성","농식품 글로벌 진출 확대","농식품글로벌경쟁력강화","우수농식품신선도제고","1652000","1652000","1578424","100.0","95.5"
"2024","민간이전","민간자본보조","농림축산식품부","농어촌구조개선특별회계","구조개선사업계정","농림수산","식품업","식품외식산업육성","식품산업기반조성","국가식품산업클러스터","국가식품산업클러스터(자본)","780000","780000","780000","100.0","100.0"
"2024","민간이전","민간자본보조","농림축산식품부","농어촌구조개선특별회계","구조개선사업계정","농림수산","식품업","식품외식산업육성","한식및외식산업육성","한식진흥 및 음식관광활성화","향토음식 진흥센터 조성","550000","550000","550000","100.0","100.0"
"2024","민간이전","민간자본보조","농림축산식품부","농지관리기금"," ","농림수산","농업·농촌","농업인력육성및창업지원","맞춤형농지지원(농지기금)","맞춤형농지지원(융자)","스타트업단지조성","2000000","2000000","860026","100.0","43.0"
"2024","민간이전","민간자본보조","농림축산식품부","농지관리기금"," ","농림수산","농업·농촌","농업인력육성및창업지원","맞춤형농지지원(농지기금)","맞춤형농지지원(융자)","공공임대용 농지매입(훼손농지 복구비)","2140000","2140000","2109496","100.0","98.6"
"2024","민간이전","민간자본보조","농림축산식품부","일반회계"," ","농림수산","농업·농촌","농업인력육성및창업지원","한국농수산대학교교육운영(책임운영)","한국농수산대학교교육운영(책임운영)","졸업생 영농영어정착 우수과제사업 공모 지원","131250","131250","131250","100.0","100.0"
"2024","민간이전","민간자본보조","농림축산식품부","축산발전기금"," ","농림수산","농업·농촌","축산업진흥","축산물수급관리","축산물도매시장온라인경매플랫폼구축","축산물도매시장온라인경매플랫폼구축(자본보조)","628000","628000","627269","100.0","99.9"
"2024","민간이전","민간자본보조","농림축산식품부","축산발전기금"," ","농림수산","농업·농촌","축산업진흥","축산기술보급","가축개량지원","한우젖소개량지원(민간자본)","300000","300000","299970","100.0","100.0"
"2024","민간이전","민간자본보조","농림축산식품부","축산발전기금"," ","농림수산","농업·농촌","축산업진흥","축산기술보급","가축개량지원","돼지능력검정지원(민간자본)","174000","174000","173884","100.0","99.9"
"2024","민간이전","민간자본보조","농림축산식품부","축산발전기금"," ","농림수산","농업·농촌","축산업진흥","축산물품질관리(축발)","축산물품질관리","축산물등급판정 장비지원","5914000","5914000","5874876","100.0","99.3"
"2024","민간이전","민간자본보조","농림축산식품부","축산발전기금"," ","농림수산","농업·농촌","축산업진흥","축산물품질관리(축발)","축산물품질관리","축산물이력관리 장비지원(민간)","1908000","1908000","1902115","100.0","99.7"
"2024","민간이전","민간자본보조","농림축산식품부","축산발전기금"," ","농림수산","농업·농촌","가축방역및축산물안전관리","가축방역(축발)","가축위생방역지원","가축위생방역지원본부 방역장비 구입지원","1554000","1554000","1553897","100.0","100.0"
"2024","민간이전","민간자본보조","농촌진흥청","일반회계"," ","농림수산","농업·농촌","농업신기술 보급","신기술보급사업(일반)","신기술보급사업(보조)","기술보급체계 다변화모델구축(기술융복합 현장적용) 보조사업","450000","450000","450000","100.0","100.0"
"2024","민간이전","민간자본보조","문화체육관광부","관광진흥개발기금"," ","문화및관광","관광","국내관광활성화","관광인프라 조성","전통문화체험 지원","전통문화체험 시설 지원(서원향교 시설 개보수 지원)","0","0","0","0","0"
"2024","민간이전","민간자본보조","문화체육관광부","관광진흥개발기금"," ","문화및관광","관광","국내관광활성화","관광인프라 조성","전통문화체험 지원","템플스테이 시설지원","11000000","11000000","10999920","100.0","100.0"
"2024","민간이전","민간자본보조","문화체육관광부","관광진흥개발기금"," ","문화및관광","관광","국내관광활성화","관광인프라 조성","한국형 지역관광 활성화","인천공항 내 K-관광·컬처존 조성","2913000","2913000","2834448","100.0","97.3"
"2024","민간이전","민간자본보조","문화체육관광부","관광진흥개발기금"," ","문화및관광","관광","관광산업 활성화","관광산업 활성화 지원","국민여가캠핑장조성(보조)","야영장 캠핑카 관련 인프라 구축","0","0","0","0","0"
"2024","민간이전","민간자본보조","문화체육관광부","국민체육진흥기금","국민체육진흥계정","문화및관광","체육","전문체육육성","전문체육 육성","우수선수양성지원","선수촌 운영","2000000","2000000","2000000","100.0","100.0"
"2024","민간이전","민간자본보조","문화체육관광부","국민체육진흥기금","국민체육진흥계정","문화및관광","체육","전문체육육성","전문체육 육성","국립체육박물관 건립","국립체육박물관 건립","8290000","8290000","8280624","100.0","99.9"
"2024","민간이전","민간자본보조","문화체육관광부","국민체육진흥기금","국민체육진흥계정","문화및관광","체육","전문체육육성","전문체육 육성","체육인교육센터 건립·운영","체육인교육센터 건립","13504000","13504000","11717761","100.0","86.8"
"2024","민간이전","민간자본보조","문화체육관광부","국민체육진흥기금","국민체육진흥계정","문화및관광","체육","스포츠산업 육성","기금조성 기반시설 지원","올림픽스포츠콤플렉스 조성","올림픽공원 벨로드롬 리모델링","1139000","406000","259780","35.6","64.0"
"2024","민간이전","민간자본보조","문화체육관광부","국민체육진흥기금","국민체육진흥계정","문화및관광","체육","스포츠산업 육성","기금조성 기반시설 지원","올림픽스포츠콤플렉스 조성","서울올림픽기념관 전시공간 복구","2353000","2353000","2247203","100.0","95.5"
"2024","민간이전","민간자본보조","문화체육관광부","국민체육진흥기금","국민체육진흥계정","문화및관광","체육","스포츠산업 육성","기금조성 기반시설 지원","올림픽스포츠콤플렉스 조성","올림픽공원 노후시설 정비","14493000","14493000","10955815","100.0","75.6"
"2024","민간이전","민간자본보조","문화체육관광부","국민체육진흥기금","국민체육진흥계정","문화및관광","체육","스포츠산업 육성","기금조성 기반시설 지원","올림픽스포츠콤플렉스 조성","원주 스포츠가치센터 건립","0","0","0","0","0"
"2024","민간이전","민간자본보조","문화체육관광부","국민체육진흥기금","국민체육진흥계정","문화및관광","체육","스포츠산업 육성","스포츠산업 활성화","스포츠산업활성화지원","첨단기술 기반산업 혁신(클러스터-민간자본보조)","723000","723000","0","100.0","0.0"
"2024","민간이전","민간자본보조","문화체육관광부","국민체육진흥기금","국민체육진흥계정","문화및관광","체육","국제스포츠역량강화","국제스포츠 교류 활성화","도핑방지활동지원","도핑콘트롤센터 기능 보강","600000","600000","591400","100.0","98.6"
"2024","민간이전","민간자본보조","문화체육관광부","일반회계"," ","문화및관광","문화예술","종교문화지원","종교문화활동 및 보존지원","종교문화시설건립","10.27법난기념관 건립 ","4711000","4711000","4711000","100.0","100.0"
"2024","민간이전","민간자본보조","문화체육관광부","일반회계"," ","문화및관광","문화예술","콘텐츠산업 육성","문화콘텐츠산업 육성","게임산업육성","인재양성(게임인재원 운영)","300000","300000","291354","100.0","97.1"
"2024","민간이전","민간자본보조","문화체육관광부","일반회계"," ","문화및관광","문화예술","콘텐츠산업 육성","문화콘텐츠산업 육성","게임산업육성","이스포츠 활성화 지원(한국콘텐츠진흥원)","1000000","1000000","999500","100.0","100.0"
"2024","민간이전","민간자본보조","문화체육관광부","일반회계"," ","문화및관광","문화예술","문화미디어산업육성및지원","방송영상콘텐츠 및 광고산업 활성화","방송영상콘텐츠 산업 육성","방송영상콘텐츠 제작인프라 지원","12840000","12840000","12813313","100.0","99.8"
"2024","민간이전","민간자본보조","문화체육관광부","일반회계"," ","문화및관광","문화예술","문화미디어산업육성및지원","방송영상콘텐츠 및 광고산업 활성화","국제방송 지원","국제방송 지원","3250000","3250000","3193780","100.0","98.3"
"2024","민간이전","민간자본보조","문화체육관광부","일반회계"," ","문화및관광","문화예술","예술의 진흥 및 생활화, 산업화","공연 및 전통예술 진흥기반 구축","예술의전당 리모델링","예술의전당 리모델링(노후시설 개보수)","4121000","4121000","4054940","100.0","98.4"
"2024","민간이전","민간자본보조","문화체육관광부","지역균형발전특별회계","지역지원계정","문화및관광","문화예술","콘텐츠산업 육성","문화콘텐츠산업 진흥 환경 조성","지역콘텐츠산업 균형발전 지원","콘텐츠 창작창업 지역 확산","0","0","0","0","0"
"2024","민간이전","민간자본보조","문화체육관광부","지역균형발전특별회계","지역지원계정","문화및관광","관광","관광진흥기반확충","관광자원활성화","관광자원 기반조성","오시아노 관광단지 공공시설 조성","3300000","3300000","3300000","100.0","100.0"
"2024","민간이전","민간자본보조","문화체육관광부","지역균형발전특별회계","지역지원계정","문화및관광","관광","관광진흥기반확충","관광자원활성화","관광자원 기반조성","오시아노 국민휴양마을 조성","0","0","0","0","0"
"2024","민간이전","민간자본보조","방송통신위원회","일반회계"," ","통신","방송통신","공정하고 안전한 방송통신 환경조성","방송인프라지원","KBS대외방송송출지원","송신시설 교체비 ","760000","636360","615934","83.7","96.8"
"2024","민간이전","민간자본보조","방송통신위원회","일반회계"," ","통신","방송통신","공정하고 안전한 방송통신 환경조성","방송인프라지원","EBS방송인프라개선","방송제작시스템","730000","510791","510791","70.0","100.0"
"2024","민간이전","민간자본보조","방송통신위원회","일반회계"," ","통신","방송통신","공정하고 안전한 방송통신 환경조성","방송인프라지원","EBS방송인프라개선","네트워크시스템","592000","472000","472000","79.7","100.0"
"2024","민간이전","민간자본보조","법무부","범죄피해자보호기금"," ","공공질서및안전","법무및검찰","인권활동","강력범죄등피해자보호및지원","범죄피해자치료및자립지원","스마일센터 설치 및 기능보강","135000","135000","133316","100.0","98.8"
"2024","민간이전","민간자본보조","보건복지부","국민건강증진기금","공공보건의료계정","보건","보건의료","공공보건의료확충","국립중앙의료원 지원","국립중앙의료원 현대화사업 지원","국립중앙의료원 현대화사업 지원","2364000","2364000","2321836","100.0","98.2"
"2024","민간이전","민간자본보조","보건복지부","국민건강증진기금","공공보건의료계정","보건","보건의료","공공보건의료확충","국립중앙의료원 지원","국립중앙의료원 현대화사업 지원","근대건축물 종합정비계획 수립","100000","100000","97500","100.0","97.5"
"2024","민간이전","민간자본보조","보건복지부","국민건강증진기금","국민건강증진계정","보건","보건의료","공공보건의료확충","혈액안전관리","혈액안전관리","혈액원 노후장비 교체등 구입지원","3959000","3959000","3919860","100.0","99.0"
"2024","민간이전","민간자본보조","보건복지부","국민건강증진기금","국민건강증진계정","보건","보건의료","공공보건의료확충","혈액안전관리","혈액안전관리","헌혈의집 설치 지원","1900000","1900000","1642537","100.0","86.4"
"2024","민간이전","민간자본보조","보건복지부","국민건강증진기금","국민건강증진계정","보건","보건의료","공공보건의료확충","혈액안전관리","혈액안전관리","혈액원 소방공사 설치 지원","1350000","1350000","1325859","100.0","98.2"
"2024","민간이전","민간자본보조","보건복지부","국민건강증진기금","국민건강증진계정","보건","보건의료","공공보건의료확충","혈액안전관리","혈액안전관리","혈액원 현대화 지원","400000","400000","80300","100.0","20.1"
"2024","민간이전","민간자본보조","보건복지부","응급의료기금"," ","보건","보건의료","응급의료체계운영지원","응급의료기관 지원","중증외상 전문진료체계 구축","권역외상센터 설치지원","169000","169000","146448","100.0","86.7"
"2024","민간이전","민간자본보조","보건복지부","응급의료기금"," ","보건","보건의료","응급의료체계운영지원","응급의료기관 지원","고위험 산모·신생아 지원","신생아집중치료지역센터 설치","750000","750000","671850","100.0","89.6"
"2024","민간이전","민간자본보조","보건복지부","일반회계"," ","사회복지","취약계층지원","장애인생활안정 및 재활 지원","장애인권익증진 및 자립생활 지원","장애인차별금지 모니터링 및 인식개선","장애인권익옹호기관 장애인학대정보시스템 구축지원","230000","230000","230000","100.0","100.0"
"2024","민간이전","민간자본보조","보건복지부","일반회계"," ","보건","보건의료","공공보건의료확충","공공보건의료지원","뇌전증 지원체계 구축","뇌전증 지원체계 구축(자본)","1400000","1400000","1120000","100.0","80.0"
"2024","민간이전","민간자본보조","보건복지부","일반회계"," ","보건","보건의료","공공보건의료확충","공공보건의료지원","공공전문진료센터 지원","공공전문진료센터 진료기능 강화","6100000","6037600","5293840","99.0","87.7"
"2024","민간이전","민간자본보조","보건복지부","일반회계"," ","보건","보건의료","공공보건의료확충","공공보건의료지원","중증희귀질환 전문요양병원 건립 사업","중증희귀질환 전문요양병원 건립 사업","8000000","8000000","8000000","100.0","100.0"
"2024","민간이전","민간자본보조","보건복지부","일반회계"," ","보건","보건의료","공공보건의료확충","생명윤리및안전정책","생명윤리및안전관리","생명윤리연구체계 지원 망 분리","300000","300000","299960","100.0","100.0"
"2024","민간이전","민간자본보조","보건복지부","일반회계"," ","보건","보건의료","공공보건의료확충","생명윤리및안전정책","생명윤리및안전관리","연명의료정보시스템 유지관리 및 고도화","560000","560000","559888","100.0","100.0"
"2024","민간이전","민간자본보조","보건복지부","일반회계"," ","보건","보건의료","보건산업육성","의료정보 활용 정책 지원","스마트병원 구축 지원사업","스마트병원 선도모델 개발지원","0","0","0","0","0"
"2024","민간이전","민간자본보조","보건복지부","일반회계"," ","보건","보건의료","보건산업육성","오송생명과학단지지원센터 운영","오송보건의료행정타운관리운영","오송보건의료행정타운 청아어린이집 환경개선","20000","20000","20000","100.0","100.0"
"2024","민간이전","민간자본보조","보건복지부","일반회계"," ","보건","보건의료","보건산업육성","오송생명과학단지지원센터 운영","오송보건의료행정타운관리운영","오송보건의료행정타운 청사어린이집 환경개선","56000","56000","56000","100.0","100.0"
"2024","민간이전","민간자본보조","보건복지부","일반회계"," ","보건","보건의료","보건산업육성","보건산업진흥","제약산업 육성 지원","(한국형 NIBRT) 시범교육 인프라 구축","3500000","3500000","3500000","100.0","100.0"
"2024","민간이전","민간자본보조","보건복지부","일반회계"," ","보건","보건의료","보건산업육성","보건산업진흥","백신 원부자재 시장 경쟁력 강화","WHO 글로벌 바이오 인력양성 허브 지정","4568000","4568000","4542675","100.0","99.4"
"2024","민간이전","민간자본보조","보건복지부","일반회계"," ","보건","보건의료","한의학연구및정책개발","한의약산업지원","한국한의약진흥원 운영지원","한국한의약진흥원 한약공공인프라구축","690000","690000","685206","100.0","99.3"
"2024","민간이전","민간자본보조","보건복지부","일반회계"," ","보건","보건의료","국민건강생활실천","정신보건시설기능보강","정신건강증진시설 확충","정신의료기관 환경개선(입원실 환경개선 지원)","1500000","1500000","1500000","100.0","100.0"
"2024","민간이전","민간자본보조","보건복지부","일반회계"," ","보건","보건의료","보건의료서비스지원","의료인력 양성","의료인력 양성 및 적정 수급관리","보건의료인력통합정보시스템 구축","0","0","0","0","0"
"2024","민간이전","민간자본보조","보건복지부","일반회계"," ","보건","보건의료","보건의료서비스지원","의료인력 양성","의료기술시험연수원 구축","의료기술시험연수원 구축","13095000","13095000","12905000","100.0","98.5"
"2024","민간이전","민간자본보조","보건복지부","지역균형발전특별회계","지역지원계정","보건","보건의료","공공보건의료확충","지방의료원 등 육성","지역거점병원공공성강화","공공보건의료 협력체계 구축","0","0","0","0","0"
"2024","민간이전","민간자본보조","보건복지부","지역균형발전특별회계","지역지원계정","보건","보건의료","공공보건의료확충","지방의료원 등 육성","지역거점병원공공성강화","적십자병원 기능보강사업","13995000","13995000","13872820","100.0","99.1"
"2024","민간이전","민간자본보조","보건복지부","지역균형발전특별회계","지역지원계정","보건","보건의료","보건산업육성","첨단의료복합단지조성","첨단의료복합단지조성(지역지원)","미래의료기술 연구동 구축","7288000","7288000","6289626","100.0","86.3"
"2024","민간이전","민간자본보조","보건복지부","지역균형발전특별회계","지역지원계정","보건","보건의료","보건산업육성","첨단의료복합단지조성","첨단의료복합단지조성(지역지원)","백신개발 세포주 특성분석 지원기반 구축","8111000","8111000","7908558","100.0","97.5"
"2024","민간이전","민간자본보조","보건복지부","지역균형발전특별회계","지역지원계정","보건","보건의료","보건산업육성","첨단의료복합단지조성","첨단의료복합단지조성(지역지원)","핵심연구시설 노후장비 교체","1210000","1210000","1160730","100.0","95.9"
"2024","민간이전","민간자본보조","산림청","농어촌구조개선특별회계","임업진흥사업계정","농림수산","임업·산촌","국제산림협력","임산물수출촉진","임산물수출촉진","임산물글로벌경쟁력강화(민간자본)","72000","72000","46995","100.0","65.3"
"2024","민간이전","민간자본보조","산림청","농어촌구조개선특별회계","임업진흥사업계정","농림수산","임업·산촌","산림자원 및 산업육성","산림자원 육성·관리(농특)","조림","중앙식목일행사 기념조림지 조성관리","100000","100000","100000","100.0","100.0"
"2024","민간이전","민간자본보조","산림청","농어촌구조개선특별회계","임업진흥사업계정","농림수산","임업·산촌","산림자원 및 산업육성","목재 및 임산물활용(농특)","임산물생산기반조성","표고종균생산연구지원","1500000","1500000","1500000","100.0","100.0"
"2024","민간이전","민간자본보조","산림청","농어촌구조개선특별회계","임업진흥사업계정","농림수산","임업·산촌","산림자원 및 산업육성","산림경영 경쟁력 강화(농특)","임업기능인양성","임업기계지원센터 임업기계장비보급","181000","181000","181000","100.0","100.0"
"2024","민간이전","민간자본보조","산림청","농어촌구조개선특별회계","임업진흥사업계정","농림수산","임업·산촌","산림자원 및 산업육성","산림경영 경쟁력 강화(농특)","임업기능인양성","임업훈련원 차량(기자재)지원","108000","108000","108000","100.0","100.0"
"2024","민간이전","민간자본보조","산림청","농어촌구조개선특별회계","임업진흥사업계정","농림수산","임업·산촌","산림자원 및 산업육성","산림경영 경쟁력 강화(농특)","임업기능인양성","임업훈련원 시설보수","210000","210000","210000","100.0","100.0"
"2024","민간이전","민간자본보조","산림청","일반회계"," ","농림수산","임업·산촌","산림자원 및 산업육성","한국임업진흥원 지원","한국임업진흥원 지원","한국임업진흥원 지원","2109000","2109000","1254569","100.0","59.5"
"2024","민간이전","민간자본보조","산림청","일반회계"," ","농림수산","임업·산촌","산림이용 및 복지증진","한국산림복지진흥원 지원(일반)","한국산림복지진흥원 지원","한국산림복지진흥원 지원(자본)","7293000","7293000","7273832","100.0","99.7"
"2024","민간이전","민간자본보조","산림청","일반회계"," ","농림수산","임업·산촌","산림이용 및 복지증진","산촌활성화 지원","산촌활성화 지원","산림일자리 창업지원(산림분야 특성화고 지원_기자재 구입)","0","0","0","0","0"
"2024","민간이전","민간자본보조","산림청","일반회계"," ","농림수산","임업·산촌","산림이용 및 복지증진","산림복지서비스 제공·운영","한국등산·트레킹지원센터 지원","한국등산트레킹지원센터 사업비","600000","600000","599972","100.0","100.0"
"2024","민간이전","민간자본보조","산림청","일반회계"," ","농림수산","임업·산촌","산림환경 보전 및 증진","산림생태보전(일반)","산림복원","자생식물 공급체계 구축 운영","2250000","2250000","2250000","100.0","100.0"
"2024","민간이전","민간자본보조","산림청","일반회계"," ","농림수산","임업·산촌","산림환경 보전 및 증진","산림생물다양성보전(일반)","산림생물다양성증진","국립산지생태원 조성","1700000","121039","121039","7.1","100.0"
"2024","민간이전","민간자본보조","산림청","일반회계"," ","농림수산","임업·산촌","산림환경 보전 및 증진","한국수목원관리원 지원(일반)","한국수목원정원관리원 지원","한국수목원관리원 지원(민간자본보조)","5188000","5188000","5187977","100.0","100.0"
"2024","민간이전","민간자본보조","산림청","일반회계"," ","농림수산","임업·산촌","산림환경 보전 및 증진","정원 조성 및 관리","정원 조성관리","정원소재 실용화센터 건립","6040000","6040000","6040000","100.0","100.0"
"2024","민간이전","민간자본보조","산업통상자원부","에너지및자원사업특별회계","투자계정","산업·중소기업및에너지","에너지및자원개발","재생에너지및에너지신산업활성화","에너지신산업","수소산업진흥 기반구축사업","청정수소시험평가및실증화지원기반구축사업","1670000","1670000","1196615","100.0","71.7"
"2024","민간이전","민간자본보조","산업통상자원부","에너지및자원사업특별회계","투자계정","산업·중소기업및에너지","에너지및자원개발","재생에너지및에너지신산업활성화","에너지신산업","수소저장·운송클러스터구축사업","수소저장·운송클러스터구축사업","1167000","1167000","911960","100.0","78.1"
"2024","민간이전","민간자본보조","산업통상자원부","에너지및자원사업특별회계","투자계정","산업·중소기업및에너지","에너지및자원개발","재생에너지및에너지신산업활성화","에너지신산업","수소터빈시험연구센터구축","수소터빈시험연구센터구축","7000000","7000000","7000000","100.0","100.0"
"2024","민간이전","민간자본보조","산업통상자원부","에너지및자원사업특별회계","투자계정","산업·중소기업및에너지","에너지및자원개발","에너지공급체계구축","석유안정공급","석유품질관리사업지원","석유품질관리사업지원(자본보조)","1600000","1600000","1600000","100.0","100.0"
"2024","민간이전","민간자본보조","산업통상자원부","에너지및자원사업특별회계","투자계정","산업·중소기업및에너지","에너지및자원개발","에너지공급체계구축","광해광업공단","한국광해광업공단출자","비축출자","0","0","0","0","0"
"2024","민간이전","민간자본보조","산업통상자원부","에너지및자원사업특별회계","투자계정","산업·중소기업및에너지","에너지및자원개발","에너지공급체계구축","가스수급안정","LPG 소형 저장탱크 보급","사회복지시설 지원(민간자본보조)","2085000","2085000","2073117","100.0","99.4"
"2024","민간이전","민간자본보조","산업통상자원부","에너지및자원사업특별회계","투자계정","산업·중소기업및에너지","에너지및자원개발","에너지공급체계구축","광물안정공급","일반광업육성지원","광업선진화(자본)","6274000","6274000","6274000","100.0","100.0"
"2024","민간이전","민간자본보조","산업통상자원부","에너지및자원사업특별회계","투자계정","산업·중소기업및에너지","에너지및자원개발","에너지공급체계구축","광물안정공급","일반광업육성지원","광산안전시설(자본)","11962000","11962000","11962000","100.0","100.0"
"2024","민간이전","민간자본보조","산업통상자원부","일반회계"," ","산업·중소기업및에너지","무역및투자유치","무역진흥","수출역량강화","킨텍스 3단계 건립","킨텍스 3단계 건립","29000000","29000000","29000000","100.0","100.0"
"2024","민간이전","민간자본보조","산업통상자원부","일반회계"," ","산업·중소기업및에너지","에너지및자원개발","재생에너지및에너지신산업활성화","에너지신산업","탄소중립형선박용석유대체연료보급기반구축","탄소중립형선박용석유대체연료보급기반구축","2125000","2125000","2125000","100.0","100.0"
"2024","민간이전","민간자본보조","산업통상자원부","일반회계"," ","산업·중소기업및에너지","산업혁신지원","산업경쟁력기반구축","글로벌환경규제대응및자원생산성기반구축","산업환경개선지원센터구축","산업환경개선지원센터 구축","4632000","4632000","4632000","100.0","100.0"
"2024","민간이전","민간자본보조","산업통상자원부","일반회계"," ","산업·중소기업및에너지","산업혁신지원","산업경쟁력기반구축","산업기술기반구축","국가첨단전략산업특화단지지원사업","용수공급시설 지원","0","0","0","0","0"
"2024","민간이전","민간자본보조","산업통상자원부","일반회계"," ","산업·중소기업및에너지","산업혁신지원","산업경쟁력기반구축","산업기술기반구축","국가첨단전략산업특화단지지원사업","공공폐수처리시설 지원","0","0","0","0","0"
"2024","민간이전","민간자본보조","산업통상자원부","일반회계"," ","산업·중소기업및에너지","산업혁신지원","산업경쟁력기반구축","산업기술기반구축","국가첨단전략산업특화단지지원사업","전력공급시설 지원","0","0","0","0","0"
"2024","민간이전","민간자본보조","산업통상자원부","일반회계"," ","산업·중소기업및에너지","산업혁신지원","산업경쟁력기반구축","산업기술기반구축","국가첨단전략산업특화단지지원사업","산업단지진입도로 지원","0","0","0","0","0"
"2024","민간이전","민간자본보조","산업통상자원부","일반회계"," ","산업·중소기업및에너지","산업혁신지원","지역경제활성화","기업입지환경개선","국가산업단지관리위탁보조","산업단지 발전기반 강화","1257000","1257000","1245557","100.0","99.1"
"2024","민간이전","민간자본보조","산업통상자원부","일반회계"," ","산업·중소기업및에너지","산업혁신지원","주력산업진흥","섬유패션생활용품산업육성","섬유패션산업활성화기반마련","디지털 기반 신속 신발제조 지원 시스템 구축 지원","934000","934000","921465","100.0","98.7"
"2024","민간이전","민간자본보조","산업통상자원부","전력산업기반기금"," ","산업·중소기업및에너지","에너지및자원개발","재생에너지및에너지신산업활성화","에너지신산업","수소연료전지발전클러스터구축사업","수소연료전지발전클러스터구축사업","0","0","0","0","0"
"2024","민간이전","민간자본보조","산업통상자원부","지역균형발전특별회계","지역지원계정","산업·중소기업및에너지","산업혁신지원","외국인투자유치활성화","외국인투자유치활성화","투자유치기반조성","외국인투자 현금지원","200000000","200000000","200000000","100.0","100.0"
"2024","민간이전","민간자본보조","새만금개발청","일반회계"," ","국토및지역개발","지역및도시","새만금 개발","새만금개발사업지원","새만금산단 전력인프라 건설 지원","새만금산단 전력인프라 건설 지원","0","0","0","0","0"
"2024","민간이전","민간자본보조","식품의약품안전처","일반회계"," ","보건","식품의약안전","식품안전성제고","식품 안전기반 구축","HACCP제도 활성화","HACCP 인증지원(HACCP 의무적용 대상업체 위생안전시설 지원)","4000000","4000000","4000000","100.0","100.0"
"2024","민간이전","민간자본보조","식품의약품안전처","일반회계"," ","보건","식품의약안전","식품안전성제고","식품 안전기반 구축","한국식품안전관리인증원 지원","한국식품안전관리인증원 신청사 이전 기본 설계비","434000","434000","434000","100.0","100.0"
"2024","민간이전","민간자본보조","식품의약품안전처","일반회계"," ","보건","식품의약안전","바이오생약 안전성 제고","바이오생약 안전기반 구축","바이오의약품 국제 경쟁력 강화","백신 해외인증 인허가 지원 교육시설 구축","2700000","2700000","2554192","100.0","94.6"
"2024","민간이전","민간자본보조","식품의약품안전처","일반회계"," ","보건","식품의약안전","바이오생약 안전성 제고","바이오생약 안전기반 구축","바이오의약품 국제 경쟁력 강화","백신안전기술지원센터 구축 지원","402000","402000","401868","100.0","100.0"
"2024","민간이전","민간자본보조","여성가족부","일반회계"," ","사회복지","여성·가족·청소년","청소년정책및역량강화","청소년관련 산하기관 등 지원","한국청소년활동진흥원 운영지원","국립수련원 시설안전강화","3792000","3792000","3791858","100.0","100.0"
"2024","민간이전","민간자본보조","중소벤처기업부","소상공인시장진흥기금"," ","산업·중소기업및에너지","산업·중소기업일반","중소기업행정지원","기금운영비(소진기금)","소진기금 기본경비","소진기금 기본경비(자본)","376000","376000","374462","100.0","99.6"
"2024","민간이전","민간자본보조","중소벤처기업부","소상공인시장진흥기금"," ","산업·중소기업및에너지","산업·중소기업일반","중소기업행정지원","기금운영비(소진기금)","소진기금 정보화 경비(정보화)","소진기금 정보화 경비(자본보조)","425000","425000","421570","100.0","99.2"
"2024","민간이전","민간자본보조","중소벤처기업부","소상공인시장진흥기금"," ","산업·중소기업및에너지","중소기업및소상공인육성","소상공인·전통시장지원","소상공인지원(기금)","기업가형 소상공인 육성","신사업창업사관학교(민간자본보조)","1500000","1500000","1495251","100.0","99.7"
"2024","민간이전","민간자본보조","중소벤처기업부","소상공인시장진흥기금"," ","산업·중소기업및에너지","중소기업및소상공인육성","소상공인·전통시장지원","소상공인지원(기금)","소상공인성장지원","소상공인협업활성화","2700000","2700000","2698600","100.0","99.9"
"2024","민간이전","민간자본보조","중소벤처기업부","소상공인시장진흥기금"," ","산업·중소기업및에너지","중소기업및소상공인육성","소상공인·전통시장지원","소상공인지원(기금)","소상공인지원인프라","소상공인연수원건립·운영","0","0","0","0","0"
"2024","민간이전","민간자본보조","중소벤처기업부","소상공인시장진흥기금"," ","산업·중소기업및에너지","중소기업및소상공인육성","소상공인·전통시장지원","소상공인지원(기금)","소상공인스마트화지원","소상공인 온라인 판로지원","900000","900000","899995","100.0","100.0"
"2024","민간이전","민간자본보조","중소벤처기업부","소상공인시장진흥기금"," ","산업·중소기업및에너지","중소기업및소상공인육성","소상공인·전통시장지원","소상공인지원(기금)","소상공인 빅데이터 플랫폼 구축(정보화)","소상공인빅데이터 플랫폼구축(정보화)(민간자본)","1308000","1308000","1306164","100.0","99.9"
"2024","민간이전","민간자본보조","중소벤처기업부","일반회계"," ","산업·중소기업및에너지","창업및벤처","창업환경조성","창업생태계기반조성","창업생태계기반구축","스타트업파크(민간자본)","3500000","3500000","3500000","100.0","100.0"
"2024","민간이전","민간자본보조","중소벤처기업부","일반회계"," ","산업·중소기업및에너지","창업및벤처","창업환경조성","창업생태계기반조성","창업생태계기반구축","창조경제혁신센터(자본)","1085000","1085000","1084741","100.0","100.0"
"2024","민간이전","민간자본보조","중소벤처기업부","일반회계"," ","산업·중소기업및에너지","창업및벤처","창업환경조성","창업생태계기반조성","창업생태계기반구축","제조 인큐베이팅센터 구축","4000000","4000000","4000000","100.0","100.0"
"2024","민간이전","민간자본보조","중소벤처기업부","일반회계"," ","산업·중소기업및에너지","창업및벤처","창업환경조성","창업생태계기반조성","창업생태계기반구축","메이커활성화지원(민간자본)","0","0","0","0","0"
"2024","민간이전","민간자본보조","중소벤처기업부","일반회계"," ","산업·중소기업및에너지","창업및벤처","창업환경조성","창업생태계기반조성","혁신기술 제조창업 공유공장 구축","혁신기술 제조창업 공유공장 구축(충북)","1000000","1000000","1000000","100.0","100.0"
"2024","민간이전","민간자본보조","중소벤처기업부","일반회계"," ","산업·중소기업및에너지","창업및벤처","창업환경조성","창업생태계기반조성","스타트업클러스터","스타트업클러스터(민간자본보조)","0","0","0","0","0"
"2024","민간이전","민간자본보조","중소벤처기업부","일반회계"," ","산업·중소기업및에너지","창업및벤처","창업환경조성","창업생태계기반조성","글로벌 창업허브 구축","글로벌 창업허브 구축(민간자본보조)","0","0","0","0","0"
"2024","민간이전","민간자본보조","중소벤처기업부","일반회계"," ","산업·중소기업및에너지","창업및벤처","창업환경조성","창업생태계기반조성","글로벌창업허브구축","글로벌창업허브구축(민간자본보조)","1000000","1000000","1000000","100.0","100.0"
"2024","민간이전","민간자본보조","중소벤처기업부","일반회계"," ","산업·중소기업및에너지","중소기업및소상공인육성","동반성장지원","취약계층중소기업지원","장애인기업육성","장애인기업종합지원센터운영","95000","95000","95000","100.0","100.0"
"2024","민간이전","민간자본보조","중소벤처기업부","일반회계"," ","산업·중소기업및에너지","중소기업및소상공인육성","동반성장지원","취약계층중소기업지원","장애인기업육성","장애인 창업육성","0","0","0","0","0"
"2024","민간이전","민간자본보조","중소벤처기업부","지역균형발전특별회계","지역지원계정","산업·중소기업및에너지","창업및벤처","창업환경조성","창업인프라지원(지특)","창업인프라지원","창업보육센터 리모델링비 지원(민간자본)","0","0","0","0","0"
"2024","민간이전","민간자본보조","질병관리청","일반회계"," ","보건","보건의료","보건의료연구관리","감염병연구관리","백신 첨단 공정기반 구축 및 운영","첨단 백신 공정기술 기반조성","0","0","0","0","0"
"2024","민간이전","민간자본보조","질병관리청","일반회계"," ","보건","보건의료","보건의료연구관리","감염병연구관리","백신 첨단 공정기반 구축 및 운영","백신 라이브러리 운영 및 관리","0","0","0","0","0"
"2024","민간이전","민간자본보조","질병관리청","일반회계"," ","보건","보건의료","보건의료연구관리","감염병연구관리","국가 면역도 조사체계 구축 및 운영","백신 첨단 공정기반 구축 및 운영","1000000","1000000","994793","100.0","99.5"
"2024","민간이전","민간자본보조","질병관리청","일반회계"," ","보건","보건의료","보건의료연구관리","국가 보건의료연구 인프라 구축","보건의료생물자원종합관리(R&D)","인체자원은행 특성화 지원(민간자본보조)","0","0","0","0","0"
"2024","민간이전","민간자본보조","질병관리청","일반회계"," ","보건","보건의료","보건의료연구관리","국가 보건의료연구 인프라 구축","보건의료생물자원종합관리(R&D)","혁신형 바이오뱅킹 컨소시엄 지원(민간자본보조)","0","0","0","0","0"
"2024","민간이전","민간자본보조","질병관리청","일반회계"," ","보건","보건의료","보건의료연구관리","국가 보건의료연구 인프라 구축","보건의료생물자원종합관리(R&D)","바이오뱅킹 서비스 플랫폼 구축운영(민간자본보조)","0","0","0","0","0"
"2024","민간이전","민간자본보조","해양수산부","교통시설특별회계","항만계정","교통및물류","해운·항만","항만개발 및 관리","신항만 개발","광양항(3단계)","광양항 북측배후단지 조성공사","851000","851000","815021","100.0","95.8"
"2024","민간이전","민간자본보조","해양수산부","교통시설특별회계","항만계정","교통및물류","해운·항만","항만개발 및 관리","신항만 개발","광양항(3단계)","광양항 항만자동화 테스트베드","81584000","81584000","39442952","100.0","48.3"
"2024","민간이전","민간자본보조","해양수산부","교통시설특별회계","항만계정","교통및물류","해운·항만","항만개발 및 관리","신항만 개발","평택,당진항","평택,당진항 민자부두 운영수입보장금","200000","200000","200000","100.0","100.0"
"2024","민간이전","민간자본보조","해양수산부","교통시설특별회계","항만계정","교통및물류","해운·항만","항만개발 및 관리","신항만 개발","인천북항","인천북항 민자부두 운영수입보장금","12023000","11965283","11965283","99.5","100.0"
"2024","민간이전","민간자본보조","해양수산부","교통시설특별회계","항만계정","교통및물류","해운·항만","항만개발 및 관리","신항만 개발","목포신항","목포신항 민자부두 운영수입보장금","9538000","9538000","9538000","100.0","100.0"
"2024","민간이전","민간자본보조","해양수산부","교통시설특별회계","항만계정","교통및물류","해운·항만","항만개발 및 관리","신항만 개발","포항영일만신항","포항 영일만항 민자사업 정부지급금","7821000","5903854","5903854","75.5","100.0"
"2024","민간이전","민간자본보조","해양수산부","교통시설특별회계","항만계정","교통및물류","해운·항만","항만개발 및 관리","신항만 개발","울산신항","울산신항 민자부두 운영수입보장금","14760000","14759972","14759972","100.0","100.0"
"2024","민간이전","민간자본보조","해양수산부","교통시설특별회계","항만계정","교통및물류","해운·항만","항만개발 및 관리","일반항 건설","일반항","마산항 민자부두 사업비용보전금","9704000","9703073","9703073","100.0","100.0"
"2024","민간이전","민간자본보조","해양수산부","교통시설특별회계","항만계정","교통및물류","해운·항만","항만개발 및 관리","항만 재개발","부산북항 재개발","부산북항 2단계 재개발","2619000","0","0","0.0","0"
"2024","민간이전","민간자본보조","해양수산부","교통시설특별회계","항만계정","교통및물류","해운·항만","항만개발 및 관리","항만 재개발","기타항만 재개발","광양항 묘도 항만재개발 폐수종말처리시설 설치","500000","500000","500000","100.0","100.0"
"2024","민간이전","민간자본보조","해양수산부","교통시설특별회계","항만계정","교통및물류","해운·항만","항만개발 및 관리","민자유치 및 글로벌기업유치","물류기업유치지원","항만배후단지 스마트공동물류센터 건립지원","11735000","9500000","8416568","81.0","88.6"
"2024","민간이전","민간자본보조","해양수산부","농어촌구조개선특별회계","구조개선사업계정","농림수산","수산·어촌","수산자원 관리 및 조성","수산자원조성","수산자원조성사업지원","바다숲 조성관리","27186000","27186000","27185833","100.0","100.0"
"2024","민간이전","민간자본보조","해양수산부","농어촌구조개선특별회계","구조개선사업계정","농림수산","수산·어촌","수산자원 관리 및 조성","수산자원조성","수산자원조성사업지원","수산종자 자원관리","4167000","4167000","4167000","100.0","100.0"
"2024","민간이전","민간자본보조","해양수산부","농어촌구조개선특별회계","구조개선사업계정","농림수산","수산·어촌","수산자원 관리 및 조성","수산자원조성","수산자원조성사업지원","총허용어획량제도 운영","612000","612000","612000","100.0","100.0"
"2024","민간이전","민간자본보조","해양수산부","농어촌구조개선특별회계","구조개선사업계정","농림수산","수산·어촌","수산자원 관리 및 조성","수산자원조성","수산자원조성사업지원","수산자원 증대사업","10681000","10681000","10681000","100.0","100.0"
"2024","민간이전","민간자본보조","해양수산부","농어촌구조개선특별회계","구조개선사업계정","농림수산","수산·어촌","수산자원 관리 및 조성","수산자원조성","수산자원조성사업지원","건설비","150000","150000","150000","100.0","100.0"
"2024","민간이전","민간자본보조","해양수산부","농어촌구조개선특별회계","구조개선사업계정","농림수산","수산·어촌","어업인소득안정지원","수산경영안정","어업인교육훈련 및 기술지원","수산계고교 공동실습선 건조","5700000","5700000","5700000","100.0","100.0"
"2024","민간이전","민간자본보조","해양수산부","에너지및자원사업특별회계","투자계정","농림수산","수산·어촌","수산자원 관리 및 조성","친환경양식육성(에특)","친환경에너지보급 및 용수관리","양식장 용수관리(지하해수조사사업)","1500000","1500000","1370485","100.0","91.4"
"2024","민간이전","민간자본보조","해양수산부","일반회계"," ","농림수산","수산·어촌","어업인소득안정지원","수협경제사업활성화","수협지도경제사업활성화","어업용면세유공급시설 개선","515000","515000","515000","100.0","100.0"
"2024","민간이전","민간자본보조","해양수산부","일반회계"," ","교통및물류","해운·항만","해운산업 선진화","해운인력양성 지원","해양수산연수원 지원","해양수산연수원 지원(자본보조)","6180000","6044000","5468150","97.8","90.5"
"2024","민간이전","민간자본보조","해양수산부","일반회계"," ","교통및물류","해운·항만","해운산업 선진화","해운물류지원","해운물류전문인력양성지원","도선사 교육역량 강화지원","1350000","1350000","1350000","100.0","100.0"
"2024","민간이전","민간자본보조","해양수산부","일반회계"," ","교통및물류","해운·항만","해운산업 선진화","해운물류지원","항만서비스 산업 선진화 지원","항만서비스 산업 선진화 지원(선박연료 정량공급 운영 지원)","0","0","0","0","0"
"2024","민간이전","민간자본보조","해양수산부","일반회계"," ","교통및물류","해운·항만","해운산업 선진화","해운물류지원","항만서비스 산업 선진화 지원","선박연료 정량공급 운영 지원","0","0","0","0","0"
"2024","민간이전","민간자본보조","해양수산부","일반회계"," ","교통및물류","해운·항만","해양 및 해상교통관리","해양안전관리시스템 구축.운영(일반)","스마트 해양안전 교통망 구축운영","e-Nav 선박단말기 보급","1625000","1625000","1625000","100.0","100.0"
"2024","민간이전","민간자본보조","환경부","에너지및자원사업특별회계","투자계정","환경","기후대기및환경안전","대기환경 보전","대기오염 발생원 관리","무공해차 충전 인프라 구축 사업","수소충전소(민간자본보조)","156100000","156100000","49656538","100.0","31.8"
"2024","민간이전","민간자본보조","환경부","에너지및자원사업특별회계","투자계정","환경","기후대기및환경안전","대기환경 보전","대기오염 발생원 관리","무공해차 충전 인프라 구축 사업","급속(초고속)충전기 설치지원(민간자본보조)","217500000","119500000","71745640","54.9","60.0"
"2024","민간이전","민간자본보조","환경부","에너지및자원사업특별회계","투자계정","환경","기후대기및환경안전","대기환경 보전","대기오염 발생원 관리","무공해차 충전 인프라 구축 사업","전기이륜차 배터리 교환형 충전기 보조사업(민간자본보조)","5000000","5000000","2938400","100.0","58.8"
"2024","민간이전","민간자본보조","환경부","에너지및자원사업특별회계","투자계정","환경","기후대기및환경안전","대기환경 보전","대기오염 발생원 관리","무공해차 충전 인프라 구축 사업","완속충전기 설치 지원사업(민간자본보조)","74000000","44000000","41919206","59.5","95.3"
"2024","민간이전","민간자본보조","환경부","에너지및자원사업특별회계","투자계정","환경","기후대기및환경안전","대기환경 보전","대기오염 발생원 관리","무공해차 충전 인프라 구축 사업","화재예방 완속충전기 설치 지원사업(민간자본보조)","80000000","70650000","53392228","88.3","75.6"
"2024","민간이전","민간자본보조","환경부","일반회계"," ","국토및지역개발","수자원","맑은물 공급·이용(광역)","공업용수도 관리","공업용수도 대체수자원 개발","대산임해산업지역 공업용수도(해수담수화)사업","42017000","42017000","42017000","100.0","100.0"
"2024","민간이전","민간자본보조","환경부","환경개선특별회계"," ","환경","자원순환및환경경제","자원순환사회 형성 촉진","폐기물 발생원 관리","자원순환촉진지원","자원순환 성과관리제도 운영(자원순환 성과관리 이행지원사업)","2500000","2500000","2285258","100.0","91.4"
"2024","민간이전","민간자본보조","환경부","환경개선특별회계"," ","환경","자원순환및환경경제","자원순환사회 형성 촉진","폐기물 수집 및 재활용","재활용 가능 자원 수거선별 인프라 확충","영농폐기물 재활용 촉진(재활용시설 설치 개선)_이월","0","0","0","0","0"
"2024","민간이전","민간자본보조","환경부","환경개선특별회계"," ","환경","자원순환및환경경제","자원순환사회 형성 촉진","폐기물 수집 및 재활용","전기전자제품 및 자동차의 재활용체계 구축운영","전기차 폐배터리 회수체계 구축 시범사업","1500000","959120","887924","63.9","92.6"
"2024","민간이전","민간자본보조","환경부","환경개선특별회계"," ","환경","자원순환및환경경제","친환경경제사회 활성화","친환경산업 육성·지원","중소환경기업 사업화 지원사업","상생협력 실증 프로그램","14960000","14960000","13848547","100.0","92.6"
"2024","민간이전","민간자본보조","환경부","환경개선특별회계"," ","환경","기후대기및환경안전","화학물질 안전관리","화학사고 대응","화학물질 취급 안전관리, 지원","화학안전 사업장 조성 지원사업","7182000","7182000","6828116","100.0","95.1"
"2024","자치단체이전","자치단체경상보조","경찰청","일반회계"," ","공공질서및안전","경찰","교통안전·소통확보","교통사고예방","교통안전활동","고령운전자 운전면허 자진반납 활성화 사업 지원","1800000","1484790","1780193","82.5","119.9"
"2024","자치단체이전","자치단체경상보조","경찰청","지역균형발전특별회계","제주특별자치도계정","공공질서및안전","경찰","경찰행정지원","제주이관인력지원","제주자치경찰인력지원","제주자치경찰 운영지원(인건비,운영비)","4860000","4860000","1132358","100.0","23.3"
"2024","자치단체이전","자치단체경상보조","고용노동부","고용보험기금"," ","사회복지","고용","고용노동행정지원","기금운영비","고용안정사업운영","고용안정사업운영","20955","20955","4955","100.0","23.6"
"2024","자치단체이전","자치단체경상보조","고용노동부","고용보험기금"," ","사회복지","고용","고용노동행정지원","기금운영비","실업급여운영 기타경비","실업급여운영 기타경비","104053","104053","103790","100.0","99.7"
"2024","자치단체이전","자치단체경상보조","고용노동부","고용보험기금"," ","사회복지","고용","고용노동행정지원","기금운영비","직업능력개발사업운영","직업능력개발사업운영","7333","7333","7333","100.0","100.0"
"2024","자치단체이전","자치단체경상보조","고용노동부","일반회계"," ","사회복지","고용","고용창출","고용지원인프라운영","청년고용지원인프라 운영","대학일자리플러스센터(자경보)","420000","420000","419605","100.0","99.9"
"2024","자치단체이전","자치단체경상보조","고용노동부","일반회계"," ","사회복지","고용","고용창출","청년진로및취업지원(일반)","청년취업진로 및 일경험 지원","청년도전지원사업","0","0","0","0","0"
"2024","자치단체이전","자치단체경상보조","고용노동부","일반회계"," ","사회복지","고용","고용창출","청년진로및취업지원(일반)","청년취업진로 및 일경험 지원","청년 일경험 지원 ","30000","30000","30000","100.0","100.0"
"2024","자치단체이전","자치단체경상보조","고용노동부","일반회계"," ","사회복지","고용","고용창출","청년진로및취업지원(일반)","청년취업진로 및 일경험 지원","청년도전지원사업","45190000","44994140","39329626","99.6","87.4"
"2024","자치단체이전","자치단체경상보조","고용노동부","일반회계"," ","사회복지","고용","고용창출","청년진로및취업지원(일반)","청년취업진로 및 일경험 지원","청년성장프로젝트","23800000","18767550","14972702","78.9","79.8"
"2024","자치단체이전","자치단체경상보조","고용노동부","일반회계"," ","사회복지","고용","고용창출","취약계층취업촉진","취약계층취업촉진","구직자취업역량강화프로그램위탁운영(제주)","71000","71000","71000","100.0","100.0"
"2024","자치단체이전","자치단체경상보조","고용노동부","일반회계"," ","사회복지","고용","고용창출","취약계층취업촉진","취약계층취업촉진","채용행사위탁운영(제주)","0","0","0","0","0"
"2024","자치단체이전","자치단체경상보조","고용노동부","일반회계"," ","사회복지","고용","고용창출","취약계층취업촉진","취약계층취업촉진","심리안정지원프로그램위탁운영(제주)","30000","30000","29997","100.0","100.0"
"2024","자치단체이전","자치단체경상보조","고용노동부","일반회계"," ","사회복지","고용","고용창출","취약계층취업촉진","경력단절여성취업지원","집단상담프로그램운영(자치단체새일센터)","3232000","2938478","2731507","90.9","93.0"
"2024","자치단체이전","자치단체경상보조","고용노동부","일반회계"," ","사회복지","고용","고용평등증진","모성보호육아지원","고용보험 미적용자 출산급여","고용보험 미적용자 출산급여(제주도)","375000","375000","343800","100.0","91.7"
"2024","자치단체이전","자치단체경상보조","고용노동부","일반회계"," ","사회복지","노동","노사정책","노사협력","상생협력 확산지원","취약근로자 교육 및 법률구조상담 지원","1460000","1009489","888475","69.1","88.0"
"2024","자치단체이전","자치단체경상보조","고용노동부","일반회계"," ","사회복지","노동","노사정책","노사협력","상생협력 확산지원","지역노사민정상생협력 지원","1160000","1159722","1095736","100.0","94.5"
"2024","자치단체이전","자치단체경상보조","고용노동부","일반회계"," ","사회복지","노동","노사정책","노사문화구축","지역노사민정협력활성화","[20060192032030510001]지역 노사민정 협력활성화 지원 (협의회 사업 지원)","0","0","0","0","0"
"2024","자치단체이전","자치단체경상보조","고용노동부","일반회계"," ","사회복지","노동","근로조건보호및복지증진","근로조건보호","고용상 차별개선지원","다양한 고용형태 종사자 보호 지원(자치단체)","1040000","1039289","974111","99.9","93.7"
"2024","자치단체이전","자치단체경상보조","고용노동부","일반회계"," ","사회복지","노동","근로조건보호및복지증진","외국인력관리지원","외국인근로자고용관리","외국인근로자 지역정착 지원","1800000","1800000","1706841","100.0","94.8"
"2024","자치단체이전","자치단체경상보조","고용노동부","지역균형발전특별회계","제주특별자치도계정","사회복지","고용","고용창출","사회적기업육성","사회적기업육성(제주)","일자리창출사업(제주)","2370000","2370000","1966817","100.0","83.0"
"2024","자치단체이전","자치단체경상보조","고용노동부","지역균형발전특별회계","제주특별자치도계정","사회복지","고용","고용노동행정지원","제주이관업무지원","직업안정기관운영(지특)","직업안정기관운영","981000","981000","977221","100.0","99.6"
"2024","자치단체이전","자치단체경상보조","고용노동부","지역균형발전특별회계","제주특별자치도계정","사회복지","고용","고용노동행정지원","제주이관업무지원","내일배움카드운영지원(지특)","내일배움카드운영지원(지특)","104000","104000","103710","100.0","99.7"
"2024","자치단체이전","자치단체경상보조","고용노동부","지역균형발전특별회계","제주특별자치도계정","사회복지","고용","고용노동행정지원","제주이관업무지원","국민취업지원제도(지특)","국민취업지원제도(균특)","8955000","8955000","8567964","100.0","95.7"
"2024","자치단체이전","자치단체경상보조","고용노동부","지역균형발전특별회계","제주특별자치도계정","사회복지","고용","고용노동행정지원","제주이관업무지원","제주노동위원회지원","제주지방노동위원회전문성강화(회의수당 등)지원","251000","251000","174632","100.0","69.6"
"2024","자치단체이전","자치단체경상보조","고용노동부","지역균형발전특별회계","제주특별자치도계정","사회복지","고용","고용노동행정지원","제주이관업무지원","제주노동위원회지원","제주지방노동위원회 인력지원","940000","940000","0","100.0","0.0"
"2024","자치단체이전","자치단체경상보조","고용노동부","지역균형발전특별회계","제주특별자치도계정","사회복지","고용","고용노동행정지원","제주이관업무지원","제주노동위원회지원","제주지방노동위원회 기본경비지원","99000","99000","92642","100.0","93.6"
"2024","자치단체이전","자치단체경상보조","고용노동부","지역균형발전특별회계","제주특별자치도계정","사회복지","고용","고용노동행정지원","제주이관업무지원","제주노동위원회지원","제주지방노동위원회 청사관리 지원","83000","83000","79024","100.0","95.2"
"2024","자치단체이전","자치단체경상보조","고용노동부","지역균형발전특별회계","제주특별자치도계정","사회복지","고용","고용노동행정지원","제주이관업무지원","제주고용센터업무지원","제주고용센터업무지원","3493000","3493000","73108","100.0","2.1"
"2024","자치단체이전","자치단체경상보조","고용노동부","지역균형발전특별회계","지역지원계정","사회복지","고용","고용창출","사회적기업육성","사회적기업육성(지특)","일자리창출사업","47665000","44385000","33095638","93.1","74.6"
"2024","자치단체이전","자치단체경상보조","고용노동부","지역균형발전특별회계","지역지원계정","사회복지","고용","고용창출","지역고용촉진지원","지역산업맞춤형일자리창출지원","지역산업맞춤형 자치단체 지원 사업(경상보조)","93649000","93202691","85751119","99.5","92.0"
"2024","자치단체이전","자치단체경상보조","고용노동부","지역균형발전특별회계","지역지원계정","사회복지","고용","고용평등증진","장년희망찾기지원","신중년사회공헌활동지원","신중년 경력형 일자리","12637000","11663545","9496685","92.3","81.4"
"2024","자치단체이전","자치단체경상보조","과학기술정보통신부","일반회계"," ","일반·지방행정","정부자원관리","국가사회정보화","생산적정보문화조성(정보화)","디지털 격차해소 기반 조성(정보화)","정보통신보조기기 보급","3975000","3975000","3927477","100.0","98.8"
"2024","자치단체이전","자치단체경상보조","과학기술정보통신부","일반회계"," ","과학기술","과학기술인력및문화","과학문화창달","과학기술문화창달사업","지역과학관활성화지원사업","지역공립과학관 역량 강화","0","0","0","0","0"
"2024","자치단체이전","자치단체경상보조","과학기술정보통신부","지역균형발전특별회계","세종특별자치시계정","산업·중소기업및에너지","산업혁신지원","지역경제활성화","광역경제권산업경쟁력강화(세종)","지역 디지털 기초체력 지원(세종)","지역주도디지털혁신지원(세종)","146000","146000","127956","100.0","87.6"
"2024","자치단체이전","자치단체경상보조","과학기술정보통신부","지역균형발전특별회계","제주특별자치도계정","산업·중소기업및에너지","산업혁신지원","지역경제활성화","광역경제권산업경쟁력강화(제주)","지역 디지털 기초체력 지원(제주)","지역주도디지털혁신지원(제주)","146000","146000","141393","100.0","96.8"
"2024","자치단체이전","자치단체경상보조","과학기술정보통신부","지역균형발전특별회계","지역지원계정","일반·지방행정","정부자원관리","국가사회정보화","생산적정보문화조성(정보화)","디지털역량강화교육","장애인 집합 정보화교육","560000","560000","550354","100.0","98.3"
"2024","자치단체이전","자치단체경상보조","과학기술정보통신부","지역균형발전특별회계","지역지원계정","산업·중소기업및에너지","산업혁신지원","지역경제활성화","광역경제권산업경쟁력강화(지역지원)","지역 디지털 기초체력 지원(지역지원)","지역주도디지털혁신지원(지역지원)","1800000","1800000","1645713","100.0","91.4"
"2024","자치단체이전","자치단체경상보조","과학기술정보통신부","지역균형발전특별회계","지역지원계정","과학기술","과학기술인력및문화","과학문화창달","과학관건립지원","BTL 전문과학관 지원","BTL전문과학관 지원(창원)","1052000","1029715","1029715","97.9","100.0"
"2024","자치단체이전","자치단체경상보조","과학기술정보통신부","지역균형발전특별회계","지역지원계정","과학기술","과학기술인력및문화","과학문화창달","과학관건립지원","BTL 전문과학관 지원","BTL전문과학관 지원(제천)","708000","706774","706774","99.8","100.0"
"2024","자치단체이전","자치단체경상보조","과학기술정보통신부","지역균형발전특별회계","지역지원계정","과학기술","과학기술인력및문화","과학문화창달","과학관건립지원","BTL 전문과학관 지원","BTL전문과학관 지원(아산)","526000","525166","130950","99.8","24.9"
"2024","자치단체이전","자치단체경상보조","과학기술정보통신부","지역균형발전특별회계","지역지원계정","과학기술","과학기술인력및문화","과학문화창달","과학관건립지원","BTL 전문과학관 지원","BTL전문과학관 지원(사천)","676000","670845","670845","99.2","100.0"
"2024","자치단체이전","자치단체경상보조","과학기술정보통신부","지역균형발전특별회계","지역지원계정","과학기술","과학기술인력및문화","과학문화창달","과학관건립지원","BTL 전문과학관 지원","BTL전문과학관 지원(김천)","1407000","1359529","1359529","96.6","100.0"
"2024","자치단체이전","자치단체경상보조","과학기술정보통신부","지역균형발전특별회계","지역지원계정","과학기술","과학기술인력및문화","과학문화창달","과학관건립지원","BTL 전문과학관 지원","BTL전문과학관 지원(천안)","929000","846704","846704","91.1","100.0"
"2024","자치단체이전","자치단체경상보조","과학기술정보통신부","지역균형발전특별회계","지역지원계정","과학기술","과학기술인력및문화","과학문화창달","과학관건립지원","BTL 전문과학관 지원","BTL전문과학관 지원(사천)","0","0","0","0","0"
"2024","자치단체이전","자치단체경상보조","교육부","일반회계"," ","교육","평생·직업교육","평생직업교육 체제 구축","평생교육 기반구축","국가장애인평생교육진흥센터 운영","장애인 평생학습도시 운영","3780000","3780000","3767197","100.0","99.7"
"2024","자치단체이전","자치단체경상보조","교육부","일반회계"," ","교육","평생·직업교육","평생직업교육 체제 구축","평생교육 기반구축","평생교육바우처지원","평생교육바우처 지원금(장애인)","1985000","1406790","1385510","70.9","98.5"
"2024","자치단체이전","자치단체경상보조","교육부","일반회계"," ","교육","평생·직업교육","평생직업교육 체제 구축","평생교육 기반구축","평생교육바우처지원","평생교육바우처 지원금(일반)","3087000","1802465","1768805","58.4","98.1"
"2024","자치단체이전","자치단체경상보조","교육부","일반회계"," ","교육","평생·직업교육","평생직업교육 체제 구축","지역평생교육활성화지원","지역평생교육활성화지원","신규 평생학습도시 지원","240000","240000","219300","100.0","91.4"
"2024","자치단체이전","자치단체경상보조","교육부","일반회계"," ","교육","평생·직업교육","평생직업교육 체제 구축","지역평생교육활성화지원","지역평생교육활성화지원","특성화 사업 운영 지원","400000","400000","362969","100.0","90.7"
"2024","자치단체이전","자치단체경상보조","교육부","일반회계"," ","교육","평생·직업교육","국제교육 협력 증진","글로벌 교육협력 지원사업","글로벌 교육교류 사업(비ODA)","글로컬 인재유치 및 지자체 정주기반 구축 사업","0","0","0","0","0"
"2024","자치단체이전","자치단체경상보조","교육부","일반회계"," ","사회복지","기초생활보장","기초생활보장","교육급여","교육급여","교육급여","158230000","158230000","107745910","100.0","68.1"
"2024","자치단체이전","자치단체경상보조","교육부","일반회계"," ","사회복지","아동·보육","보육지원강화","영유아보육료지원","영유아보육료 지원","영유아보육료 지원","711610000","2850050000","2902209106","400.5","101.8"
"2024","자치단체이전","자치단체경상보조","교육부","일반회계"," ","사회복지","아동·보육","보육지원강화","영유아보육료지원","시간제보육 지원","시간제보육서비스 제공지원","3921000","24505000","22423276","625.0","91.5"
"2024","자치단체이전","자치단체경상보조","교육부","일반회계"," ","사회복지","아동·보육","보육지원강화","어린이집 관리","어린이집 교원 양성 지원 사업","어린이집 보육교직원 보수교육","670000","1628448","1495829","243.1","91.9"
"2024","자치단체이전","자치단체경상보조","교육부","일반회계"," ","사회복지","아동·보육","보육지원강화","어린이집 지원","보육교직원 인건비 및 운영지원","보육교직원 인건비 지원","294906159","1157898159","1135099757","392.6","98.0"
"2024","자치단체이전","자치단체경상보조","교육부","일반회계"," ","사회복지","아동·보육","보육지원강화","어린이집 지원","보육교직원 인건비 및 운영지원","보육교직원 처우개선 지원","84750000","269378000","265537236","317.9","98.6"
"2024","자치단체이전","자치단체경상보조","교육부","일반회계"," ","사회복지","아동·보육","보육지원강화","어린이집 지원","보육교직원 인건비 및 운영지원","어린이집 운영지원","5712000","28223000","25202216","494.1","89.3"
"2024","자치단체이전","자치단체경상보조","교육부","일반회계"," ","사회복지","아동·보육","보육지원강화","어린이집 지원","보육교직원 인건비 및 운영지원","보조교사,대체교사 지원","140838500","485355000","468738148","344.6","96.6"
"2024","자치단체이전","자치단체경상보조","교육부","일반회계"," ","사회복지","아동·보육","보육지원강화","가정양육수당 지원사업","가정양육수당 지원사업","가정양육수당 지원사업","0","86460000","91355303","0","105.7"
"2024","자치단체이전","자치단체경상보조","교육부","지역균형발전특별회계","지역지원계정","교육","영유아및초중등교육","지방교육정책 지원","그린스마트 스쿨 조성","그린스마트 스쿨 조성","그린스마트 스쿨 조성(BTL 임대료)","6575000","3671000","2627935","55.8","71.6"
"2024","자치단체이전","자치단체경상보조","국가보훈부","지역균형발전특별회계","제주특별자치도계정","사회복지","보훈","보훈행정","제주이관업무지원","제주보훈업무지원","제주보훈업무지원","2315000","2315000","337018","100.0","14.6"
"2024","자치단체이전","자치단체경상보조","국가유산청","국가유산보호기금"," ","문화및관광","국가유산","문화재정책기반구축","민간보존역량강화","천연기념물 보호관리단체 지원","자연유산 민속행사 지원","122000","122000","119433","100.0","97.9"
"2024","자치단체이전","자치단체경상보조","국가유산청","국가유산보호기금"," ","문화및관광","국가유산","문화재정책기반구축","문화유산 보존 및 교육","문화유산교육 활성화","지역문화유산교육 활성화","826000","820000","789664","99.3","96.3"
"2024","자치단체이전","자치단체경상보조","국가유산청","국가유산보호기금"," ","문화및관광","국가유산","문화재보존관리","문화재 상시보호 및 조사","문화재 돌봄사업","문화재 돌봄사업(전국)","16886000","16886000","16854091","100.0","99.8"
"2024","자치단체이전","자치단체경상보조","국가유산청","국가유산보호기금"," ","문화및관광","국가유산","문화재보호","예방적 문화재 안전관리","문화재 재난안전 관리","문화재 안전경비원 배치 및 활용","10688000","10688000","9758820","100.0","91.3"
"2024","자치단체이전","자치단체경상보조","국가유산청","국가유산보호기금"," ","문화및관광","국가유산","문화재보호","예방적 문화재 안전관리","문화재 재난안전 관리","문화재 방재시설 유지관리 지원","3274000","3274000","3002724","100.0","91.7"
"2024","자치단체이전","자치단체경상보조","국가유산청","국가유산보호기금"," ","문화및관광","국가유산","문화재보호","매장문화재조사지원","소규모·긴급 매장문화재 조사 지원","매장문화재 긴급발굴조사 지원","1343000","1343000","1517574","100.0","113.0"
"2024","자치단체이전","자치단체경상보조","국가유산청","일반회계"," ","문화및관광","국가유산","문화재정책기반구축","문화재보호행정기반조성","문화재보존관리정책강화","문화재 산업 및 일자리 박람회","299000","299000","294974","100.0","98.7"
"2024","자치단체이전","자치단체경상보조","국가유산청","일반회계"," ","문화및관광","국가유산","문화재정책기반구축","문화재보호행정기반조성","국유문화재관리","국유문화재관리 지원(인건비,경상비)","211000","211000","185889","100.0","88.1"
"2024","자치단체이전","자치단체경상보조","국가유산청","일반회계"," ","문화및관광","국가유산","문화재정책기반구축","무형문화재전승","무형문화재보호","전승공동체 활성화 지원","1000000","996250","1041941","99.6","104.6"
"2024","자치단체이전","자치단체경상보조","국가유산청","일반회계"," ","문화및관광","국가유산","문화재정책기반구축","무형문화재전승","무형문화재보호","미래 무형유산 발굴 육성","1400000","1310000","1211352","93.6","92.5"
"2024","자치단체이전","자치단체경상보조","국가유산청","일반회계"," ","문화및관광","국가유산","문화재정책기반구축","무형문화재전승","무형유산원운영","전수교육관 활성화 지원","567000","567000","568590","100.0","100.3"
"2024","자치단체이전","자치단체경상보조","국가유산청","일반회계"," ","문화및관광","국가유산","문화재정책기반구축","무형문화재전승","무형유산원운영","문화예술교육사 배치","794000","794000","664975","100.0","83.7"
"2024","자치단체이전","자치단체경상보조","국가유산청","일반회계"," ","문화및관광","국가유산","문화재보존관리","기념물문화재 보존강화","사적관리","사적지정 예비문화재 기초조사 ","250000","250000","230456","100.0","92.2"
"2024","자치단체이전","자치단체경상보조","국가유산청","일반회계"," ","문화및관광","국가유산","문화재보존관리","기념물문화재 보존강화","사적관리"," 국가유산 순의제향 지원","500000","500000","480074","100.0","96.0"
"2024","자치단체이전","자치단체경상보조","국가유산청","일반회계"," ","문화및관광","국가유산","문화재보존관리","기념물문화재 보존강화","사적관리","국가유산 경관 개선 사업","500000","500000","244826","100.0","49.0"
"2024","자치단체이전","자치단체경상보조","국가유산청","일반회계"," ","문화및관광","국가유산","문화재보존관리","기념물문화재 보존강화","고도 보존 및 육성","고도역사도시조성(고도주민활동지원사업)","159000","159000","158996","100.0","100.0"
"2024","자치단체이전","자치단체경상보조","국가유산청","일반회계"," ","문화및관광","국가유산","문화재보존관리","기념물문화재 보존강화","고도 보존 및 육성","역사문화권 시민 참여협력 및 홍보 프로그램","0","0","0","0","0"
"2024","자치단체이전","자치단체경상보조","국가유산청","일반회계"," ","문화및관광","국가유산","문화재보호","매장문화재보존관리","매장문화재보호및관리지원","매장문화재 유존지역 정보 고도화","3000000","3000000","3346037","100.0","111.5"
"2024","자치단체이전","자치단체경상보조","국가유산청","일반회계"," ","문화및관광","국가유산","문화재보호","문화재안전관리체계강화","문화재예방관리강화","문화재 방재드론 시스템 운영 관리","300000","300000","251478","100.0","83.8"
"2024","자치단체이전","자치단체경상보조","국가유산청","일반회계"," ","문화및관광","국가유산","문화재국제교류","국제교류및세계유산등재","세계유산등재 및 보존관리","세계유산 잠정목록 연구 지원","336000","305000","363405","90.8","119.1"
"2024","자치단체이전","자치단체경상보조","국가유산청","일반회계"," ","문화및관광","국가유산","문화재국제교류","국제교류및세계유산등재","세계유산등재 및 보존관리","세계유산 홍보 지원(세계기록유산)","500000","500000","489255","100.0","97.9"
"2024","자치단체이전","자치단체경상보조","국가유산청","일반회계"," ","문화및관광","국가유산","문화재국제교류","국제교류및세계유산등재","세계유산등재 및 보존관리","세계유산 홍보 지원","1206000","1206000","1157034","100.0","95.9"
"2024","자치단체이전","자치단체경상보조","국가유산청","일반회계"," ","문화및관광","국가유산","문화재국제교류","국제교류및세계유산등재","세계유산등재 및 보존관리","세계유산 홍보 지원(신규등재유산)","423000","423000","423000","100.0","100.0"
"2024","자치단체이전","자치단체경상보조","국가유산청","일반회계"," ","문화및관광","국가유산","문화재활용","문화재활용활성화","문화유산 활용 진흥","생생문화재 사업(전국)","3800000","3800000","3712195","100.0","97.7"
"2024","자치단체이전","자치단체경상보조","국가유산청","일반회계"," ","문화및관광","국가유산","문화재활용","문화재활용활성화","문화유산 활용 진흥","향교서원문화재 활용사업(전국)","4000000","4000000","3936381","100.0","98.4"
"2024","자치단체이전","자치단체경상보조","국가유산청","일반회계"," ","문화및관광","국가유산","문화재활용","문화재활용활성화","문화유산 활용 진흥","고택 종갓집 활용사업(전국)","1800000","1800000","1774987","100.0","98.6"
"2024","자치단체이전","자치단체경상보조","국가유산청","일반회계"," ","문화및관광","국가유산","문화재활용","문화재활용활성화","문화유산 활용 진흥","세계유산 활용 프로그램","1450000","1450000","1395669","100.0","96.3"
"2024","자치단체이전","자치단체경상보조","국가유산청","일반회계"," ","문화및관광","국가유산","문화재활용","문화재활용활성화","문화유산 활용 진흥","문화재야행 사업(전국)","6400000","6400000","6114518","100.0","95.5"
"2024","자치단체이전","자치단체경상보조","국가유산청","일반회계"," ","문화및관광","국가유산","문화재활용","문화재활용활성화","문화유산 활용 진흥","전통산사문화재 활용사업(전국)","1174000","1174000","1157222","100.0","98.6"
"2024","자치단체이전","자치단체경상보조","국가유산청","일반회계"," ","문화및관광","국가유산","문화재활용","문화재활용활성화","문화유산 활용 진흥","ICT활용 실감콘텐츠 개발 지원","0","0","0","0","0"
"2024","자치단체이전","자치단체경상보조","국가유산청","일반회계"," ","문화및관광","국가유산","문화재활용","문화재활용활성화","문화유산 활용 진흥","국가유산 광역활용 기반구축","300000","300000","288100","100.0","96.0"
"2024","자치단체이전","자치단체경상보조","국가유산청","지역균형발전특별회계","제주특별자치도계정","문화및관광","국가유산","문화자원개발","지역문화유산개발(제주)","제주 해녀의 전당 건립","제주 해녀의 전당 건립","0","0","41250","0","0"
"2024","자치단체이전","자치단체경상보조","국토교통부","교통시설특별회계","교통체계관리계정","교통및물류","물류등기타","대중교통육성","대중교통체계구축","택시산업지원","택시감차보상","4208900","3900000","3359299","92.7","86.1"
"2024","자치단체이전","자치단체경상보조","국토교통부","교통시설특별회계","교통체계관리계정","교통및물류","물류등기타","대중교통육성","대중교통체계구축","알뜰교통카드 마일리지 플러스","마일리지 지원","20910000","20910000","18479643","100.0","88.4"
"2024","자치단체이전","자치단체경상보조","국토교통부","교통시설특별회계","교통체계관리계정","교통및물류","물류등기타","대중교통육성","대중교통체계구축","광역버스 공공성 강화 지원","출퇴근시간대 증차 운행 지원","3386000","3385649","3239117","100.0","95.7"
"2024","자치단체이전","자치단체경상보조","국토교통부","교통시설특별회계","교통체계관리계정","교통및물류","물류등기타","대중교통육성","대중교통체계구축","광역버스 공공성 강화 지원","광역버스 준공영제 사업","90133000","90133000","101233000","100.0","112.3"
"2024","자치단체이전","자치단체경상보조","국토교통부","교통시설특별회계","교통체계관리계정","교통및물류","물류등기타","대중교통육성","대중교통체계구축","모빌리티활성화지원","모빌리티특화도시(자치단체 경상보조)","1500000","1500000","684652","100.0","45.6"
"2024","자치단체이전","자치단체경상보조","국토교통부","교통시설특별회계","교통체계관리계정","교통및물류","물류등기타","대중교통육성","대중교통체계구축","MaaS Station구축시범사업","MaaS Station 구축 시범사업","0","0","0","0","0"
"2024","자치단체이전","자치단체경상보조","국토교통부","교통시설특별회계","교통체계관리계정","교통및물류","물류등기타","대중교통육성","대중교통체계구축","대중교통비 환급 지원","마일리지 지원","112822000","112403280","108777303","99.6","96.8"
"2024","자치단체이전","자치단체경상보조","국토교통부","교통시설특별회계","교통체계관리계정","교통및물류","물류등기타","대중교통육성","교통약자이동편의증진","교통약자 이동편의 증진","저상버스 도입보조","148095000","148084500","180695409","100.0","122.0"
"2024","자치단체이전","자치단체경상보조","국토교통부","교통시설특별회계","교통체계관리계정","교통및물류","물류등기타","대중교통육성","교통약자이동편의증진","교통약자 이동편의 증진","특별교통수단 도입보조","60350000","60349950","53745894","100.0","89.1"
"2024","자치단체이전","자치단체경상보조","국토교통부","교통시설특별회계","교통체계관리계정","교통및물류","물류등기타","대중교통육성","교통약자이동편의증진","교통약자 이동편의 증진","BF인증사업","360000","125000","100000","34.7","80.0"
"2024","자치단체이전","자치단체경상보조","국토교통부","교통시설특별회계","교통체계관리계정","교통및물류","물류등기타","대중교통육성","교통약자이동편의증진","교통약자 이동편의 증진","교통약자 장거리 이동지원","350000","77500","17500","22.1","22.6"
"2024","자치단체이전","자치단체경상보조","국토교통부","교통시설특별회계","도로계정","교통및물류","도로","도로관리","첨단도로교통체계","첨단도로교통체계","지자체 ITS 구축 지원","5400000","5400000","22592657","100.0","418.4"
"2024","자치단체이전","자치단체경상보조","국토교통부","일반회계"," ","사회복지","기초생활보장","기초주거생활보장","주택정책지원","주거급여지원","주거급여","2689026000","2689026000","3128186601","100.0","116.3"
"2024","자치단체이전","자치단체경상보조","국토교통부","일반회계"," ","사회복지","기초생활보장","기초주거생활보장","주택정책지원","주거급여지원","주거취약계층 주거상향지원","5000000","4420000","3955103","88.4","89.5"
"2024","자치단체이전","자치단체경상보조","국토교통부","일반회계"," ","사회복지","기초생활보장","기초주거생활보장","주택정책지원","주거급여지원","장애인주택 개조사업","2850000","2850000","2638001","100.0","92.6"
"2024","자치단체이전","자치단체경상보조","국토교통부","일반회계"," ","사회복지","기초생활보장","기초주거생활보장","주택정책지원","주거급여지원","이사비지원사업","3000000","2382600","2016791","79.4","84.6"
"2024","자치단체이전","자치단체경상보조","국토교통부","일반회계"," ","사회복지","주택","주택시장안정및주거복지향상","주택가격조사지원","주택공시가격조사","개별주택가격조사","21009000","20982770","19998079","99.9","95.3"
"2024","자치단체이전","자치단체경상보조","국토교통부","일반회계"," ","사회복지","주택","주택시장안정및주거복지향상","주택정책지원","청년월세 한시 특별지원","청년월세 한시 특별지원","79862600","79862600","101538369","100.0","127.1"
"2024","자치단체이전","자치단체경상보조","국토교통부","일반회계"," ","사회복지","주택","주택시장안정및주거복지향상","주택정책지원","청년전세보증금반환보증보증료지원","청년전세보증금반환보증보증료지원","11780000","6616300","3545521","56.2","53.6"
"2024","자치단체이전","자치단체경상보조","국토교통부","일반회계"," ","교통및물류","물류등기타","국토교통정보화","국토공간정보체계구축및지원(정보화)","지하시설물 전산화(보조, 정보화)","지하시설물(상·하수도) 전산화(보조)","5212000","5212000","3667672","100.0","70.4"
"2024","자치단체이전","자치단체경상보조","국토교통부","일반회계"," ","교통및물류","물류등기타","국토교통정보화","국토공간정보체계구축및지원(정보화)","공간정보기반디지털트윈시범사업(정보화)","지자체 특성 적용 디지털 트윈국토 구축 및 행정활용 서비스모델 구현","0","0","2813962","0","0"
"2024","자치단체이전","자치단체경상보조","국토교통부","일반회계"," ","국토및지역개발","지역및도시","국토정보관리","부동산공시","지가조사","개별공시지가조사","11455090","11445643","10952001","99.9","95.7"
"2024","자치단체이전","자치단체경상보조","국토교통부","일반회계"," ","국토및지역개발","지역및도시","국토정보관리","국토공간정보체계구축 및 지원","국토공간정보정책지원","통합관리사업","174000","174000","170329","100.0","97.9"
"2024","자치단체이전","자치단체경상보조","국토교통부","일반회계"," ","국토및지역개발","지역및도시","국토정보관리","국토정보제도선진화","지적관리","지적관리 국고보조금","939500","939500","902230","100.0","96.0"
"2024","자치단체이전","자치단체경상보조","국토교통부","일반회계"," ","국토및지역개발","지역및도시","국토정보관리","국토정보제도선진화","지적관리","연속지적도 정비사업","2500000","2500000","2392811","100.0","95.7"
"2024","자치단체이전","자치단체경상보조","국토교통부","일반회계"," ","국토및지역개발","지역및도시","국토정보관리","국토정보제도선진화","지적관리","소규모 미등록토지 정비사업","1590000","1590000","1551763","100.0","97.6"
"2024","자치단체이전","자치단체경상보조","국토교통부","일반회계"," ","국토및지역개발","지역및도시","국토정보관리","국토정보제도선진화","지적재조사","지적재조사사업 추진","43311000","43310952","42541716","100.0","98.2"
"2024","자치단체이전","자치단체경상보조","국토교통부","일반회계"," ","국토및지역개발","지역및도시","건축정책","도시경관및건축문화품격향상","건축문화진흥","민간전문가제도 운영지원","600000","600000","643827","100.0","107.3"
"2024","자치단체이전","자치단체경상보조","국토교통부","일반회계"," ","국토및지역개발","지역및도시","건축정책","건축서비스산업지원","건축안전","지역건축안전센터 설치운영","102761","102761","512607","100.0","498.8"
"2024","자치단체이전","자치단체경상보조","국토교통부","주택도시기금","주택계정","사회복지","주택","임대주택지원(출자)","임대주택지원","전세·매입임대 경상보조","전세임대경상보조사업 자금지원","25592180","0","25359404","0.0","0"
"2024","자치단체이전","자치단체경상보조","국토교통부","주택도시기금","주택계정","사회복지","주택","임대주택지원(출자)","임대주택지원","노후공공임대주택 리모델링 및 서비스 개선","주거복지사 배치(지자체)","1757000","0","0","0.0","0"
"2024","자치단체이전","자치단체경상보조","국토교통부","지역균형발전특별회계","세종특별자치시계정","교통및물류","물류등기타","광역교통정책","도시형교통모델","도시형교통모델(세종)","공공형택시지원(세종)","250000","250000","250000","100.0","100.0"
"2024","자치단체이전","자치단체경상보조","국토교통부","지역균형발전특별회계","세종특별자치시계정","교통및물류","물류등기타","광역교통정책","도시형교통모델","도시형교통모델(세종)","공공형버스지원(세종)","2887000","2887000","2887000","100.0","100.0"
"2024","자치단체이전","자치단체경상보조","국토교통부","지역균형발전특별회계","제주특별자치도계정","교통및물류","도로","도로관리","제주 구국도 유지관리","제주구국도유지관리","제주구국도유지운영","2939000","2939000","2775903","100.0","94.5"
"2024","자치단체이전","자치단체경상보조","국토교통부","지역균형발전특별회계","제주특별자치도계정","교통및물류","도로","도로관리","제주 구국도 유지관리","제주구국도공무원부담금","제주구국도공무원부담금","8000","8000","0","100.0","0.0"
"2024","자치단체이전","자치단체경상보조","국토교통부","지역균형발전특별회계","제주특별자치도계정","교통및물류","물류등기타","광역교통정책","도시형교통모델","도시형교통모델(제주)","공공형택시지원(제주)","100000","100000","100000","100.0","100.0"
"2024","자치단체이전","자치단체경상보조","국토교통부","지역균형발전특별회계","제주특별자치도계정","교통및물류","물류등기타","국토교통행정지원","제주 도로관리단 지원","제주 도로관리단 지원","제주 도로관리단 지원","4065000","4065000","199565","100.0","4.9"
"2024","자치단체이전","자치단체경상보조","국토교통부","지역균형발전특별회계","제주특별자치도계정","국토및지역개발","지역및도시","도시정책","도시개발","장기미집행공원지방채이자지원(제주)","장기미집행공원지방채이자지원(제주)","7182000","7182000","999223","100.0","13.9"
"2024","자치단체이전","자치단체경상보조","국토교통부","지역균형발전특별회계","지역자율계정","교통및물류","물류등기타","광역교통정책","대중교통지원(지역자율)","벽지노선지원(자율)","벽지노선 지원","37537000","37537000","34967092","100.0","93.2"
"2024","자치단체이전","자치단체경상보조","국토교통부","지역균형발전특별회계","지역자율계정","교통및물류","물류등기타","광역교통정책","도시형교통모델","도시형교통모델(지역자율)","공공형택시지원(지역자율)","6583000","6583000","6127347","100.0","93.1"
"2024","자치단체이전","자치단체경상보조","국토교통부","지역균형발전특별회계","지역자율계정","교통및물류","물류등기타","광역교통정책","도시형교통모델","도시형교통모델(지역자율)","공공형버스지원(지역자율)","26216000","26216000","24227445","100.0","92.4"
"2024","자치단체이전","자치단체경상보조","국토교통부","지역균형발전특별회계","지역지원계정","교통및물류","물류등기타","대중교통육성","대중교통체계구축","광역BIS 지원(보조)","광역BIS 지원사업","0","0","8333","0","0"
"2024","자치단체이전","자치단체경상보조","국토교통부","지역균형발전특별회계","지역지원계정","국토및지역개발","지역및도시","지역개발","개발제한구역지원","개발제한구역관리","개발제한구역 관리(보조)","1601000","1601000","1550151","100.0","96.8"
"2024","자치단체이전","자치단체경상보조","국토교통부","지역균형발전특별회계","지역지원계정","국토및지역개발","지역및도시","도시정책","도시개발","장기미집행공원지방채이자지원","장기미집행공원지방채이자지원","37784000","36266701","37877613","96.0","104.4"
"2024","자치단체이전","자치단체경상보조","국토교통부","지역균형발전특별회계","지역지원계정","국토및지역개발","산업단지","산업단지개발및지원","산업단지지원(지원)","도심융합특구지원","도심융합특구지원_이월","0","0","0","0","0"
"2024","자치단체이전","자치단체경상보조","국토교통부","지역균형발전특별회계","지역지원계정","국토및지역개발","산업단지","산업단지개발및지원","산업단지지원(지원)","도심융합특구지원","도심융합특구지원","500000","500000","683809","100.0","136.8"
"2024","자치단체이전","자치단체경상보조","국토교통부","혁신도시건설특별회계"," ","국토및지역개발","지역및도시","지역개발","혁신도시","혁신도시 건설지원","공공기관 연관산업 기업유치 및 지원","2525000","2525000","2416146","100.0","95.7"
"2024","자치단체이전","자치단체경상보조","국토교통부","혁신도시건설특별회계"," ","국토및지역개발","지역및도시","지역개발","혁신도시","혁신도시 건설지원","혁신기업 공유오피스 조성지원","1184000","1184000","890562","100.0","75.2"
"2024","자치단체이전","자치단체경상보조","국토교통부","혁신도시건설특별회계"," ","국토및지역개발","지역및도시","지역개발","혁신도시","혁신도시정주여건개선및활성화지원","혁신융합캠퍼스 조성 지원","1265000","1012000","1830194","80.0","180.8"
"2024","자치단체이전","자치단체경상보조","국토교통부","혁신도시건설특별회계"," ","국토및지역개발","지역및도시","지역개발","혁신도시","혁신도시 성과평가 및 정책지원","혁신도시 정책지원","0","0","19452","0","0"
"2024","자치단체이전","자치단체경상보조","기획재정부","기후대응기금"," ","환경","자원순환및환경경제","탄소중립기반구축","제도운영","친환경경제사회기반구축","녹색구매지원센터 구축운영","400000","400000","392352","100.0","98.1"
"2024","자치단체이전","자치단체경상보조","기획재정부","기후대응기금"," ","환경","기후대기및환경안전","온실가스감축","산업저탄소화","재활용 가능 자원 수거 선별 인프라 확충","관광분야 자원순환 프로그램 시범운영","50000","50000","47872","100.0","95.7"
"2024","자치단체이전","자치단체경상보조","기획재정부","기후대응기금"," ","환경","기후대기및환경안전","온실가스감축","산업저탄소화","재활용 가능 자원 수거 선별 인프라 확충","영농폐기물 재활용 촉진(농촌폐비닐 수거보상금)","4438000","4437316","3808144","100.0","85.8"
"2024","자치단체이전","자치단체경상보조","기획재정부","기후대응기금"," ","환경","기후대기및환경안전","공정한전환","지역공정전환","기후변화적응 및 국민실천","기후변화교육센터 지원","0","0","0","0","0"
"2024","자치단체이전","자치단체경상보조","기획재정부","기후대응기금"," ","환경","기후대기및환경안전","공정한전환","지역공정전환","기후변화적응 및 국민실천","비산업부문 온실가스 진단컨설팅","0","0","0","0","0"
"2024","자치단체이전","자치단체경상보조","기획재정부","기후대응기금"," ","환경","기후대기및환경안전","공정한전환","지역공정전환","기후변화적응 및 국민실천","지자체 탄소중립 지원사업(기초지자체 탄소중립 계획 수립 지원)-이월","0","0","2413061","0","0"
"2024","자치단체이전","자치단체경상보조","기획재정부","기후대응기금"," ","환경","기후대기및환경안전","공정한전환","지역공정전환","기후변화적응 및 국민실천","탄소중립 지원센터 운영지원","6400000","6400000","6021142","100.0","94.1"
"2024","자치단체이전","자치단체경상보조","기획재정부","기후대응기금"," ","환경","기후대기및환경안전","공정한전환","지역공정전환","기후변화적응 및 국민실천","지역공동체 탄소중립 생활실천 지원","0","0","0","0","0"
"2024","자치단체이전","자치단체경상보조","기획재정부","기후대응기금"," ","환경","기후대기및환경안전","공정한전환","적응및인식제고","친환경소비생활및저탄소생산기반구축지원","탄소중립포인트 에너지 분야 운영","10548000","10548000","9176875","100.0","87.0"
"2024","자치단체이전","자치단체경상보조","기획재정부","기후대응기금"," ","환경","기후대기및환경안전","공정한전환","적응및인식제고","친환경소비생활및저탄소생산기반구축지원","탄소중립포인트 자동차 분야 운영","1824000","1786000","1400993","97.9","78.4"
"2024","자치단체이전","자치단체경상보조","기획재정부","기후대응기금"," ","환경","자연환경","온실가스감축","탄소흡수원조성","습지보전관리","람사르습지도시 인증프로그램운영","410000","370000","407701","90.2","110.2"
"2024","자치단체이전","자치단체경상보조","기획재정부","기후대응기금"," ","농림수산","임업·산촌","온실가스감축","탄소흡수원조성","산림탄소흡수원복원","섬숲 경관복원 타당성평가","241000","241000","205803","100.0","85.4"
"2024","자치단체이전","자치단체경상보조","기획재정부","기후대응기금"," ","농림수산","임업·산촌","온실가스감축","탄소흡수원조성","탄소중립도시숲조성","생활밀착형 숲 조성","0","0","1805227","0","0"
"2024","자치단체이전","자치단체경상보조","기획재정부","기후대응기금"," ","농림수산","임업·산촌","온실가스감축","탄소흡수원조성","탄소중립도시숲조성","도시숲 등 관리지표 측정평가_이월","0","0","0","0","0"
"2024","자치단체이전","자치단체경상보조","기획재정부","기후대응기금"," ","농림수산","임업·산촌","온실가스감축","탄소흡수원조성","탄소중립도시숲조성","도시숲 등 관리지표 측정평가","1760000","1760000","1539480","100.0","87.5"
"2024","자치단체이전","자치단체경상보조","기획재정부","기후대응기금"," ","산업·중소기업및에너지","에너지및자원개발","공정한전환","지역공정전환","지역에너지센터 지원","지역에너지센터 지원","0","0","0","0","0"
"2024","자치단체이전","자치단체경상보조","기획재정부","복권기금"," ","일반·지방행정","지방행정·재정지원","복권기금운영(지자체법정지원)","지방자치단체지원","지방자치단체지원","지방자치단체 지원(경상)","155404000","155404000","150476008","100.0","96.8"
"2024","자치단체이전","자치단체경상보조","기획재정부","복권기금"," ","일반·지방행정","지방행정·재정지원","복권기금운영(지자체법정지원)","제주도개발사업특별회계지원","제주도개발사업특별회계지원","제주도개발사업특별회계지원(경상)","169960000","169960000","169292582","100.0","99.6"
"2024","자치단체이전","자치단체경상보조","기획재정부","복권기금"," ","사회복지","취약계층지원","복권기금운영(취약계층지원)","입양아동 가족지원","입양아동 가족지원","입양아동 가족지원","20843000","20843000","24145089","100.0","115.8"
"2024","자치단체이전","자치단체경상보조","농림축산식품부","고등·평생교육지원특별회계"," ","농림수산","농업·농촌","농업인력육성및창업지원","농업인교육지원","영농아카데미","농업마이스터대학 운영 지원","5125000","5125000","4980220","100.0","97.2"
"2024","자치단체이전","자치단체경상보조","농림축산식품부","농산물가격안정기금"," ","농림수산","농업·농촌","농산물수급안정및유통효율화","농산물유통개선(농안기금)","농산물산지유통활성화","친환경생산자유통조직육성","0","0","495797","0","0"
"2024","자치단체이전","자치단체경상보조","농림축산식품부","농산물가격안정기금"," ","농림수산","농업·농촌","농산물수급안정및유통효율화","농산물유통개선(농안기금)","농산물산지유통활성화","인삼특용작물유통시설지원(컨설팅)","6000","0","0","0.0","0"
"2024","자치단체이전","자치단체경상보조","농림축산식품부","농어촌구조개선특별회계","구조개선사업계정","농림수산","농업·농촌","농가경영안정","농업기계장비","노후농업기계미세먼지저감대책지원","노후농업기계미세먼지저감대책지원","0","0","0","0","0"
"2024","자치단체이전","자치단체경상보조","농림축산식품부","농어촌구조개선특별회계","구조개선사업계정","농림수산","농업·농촌","농가경영안정","농업기계장비","노후농업기계미세먼지저감대책지원","노후농기계조기폐차지원","0","0","0","0","0"
"2024","자치단체이전","자치단체경상보조","농림축산식품부","농어촌구조개선특별회계","구조개선사업계정","농림수산","농업·농촌","농가경영안정","농업기계장비","전기농기계보급사업","전기농기계보급사업","0","0","0","0","0"
"2024","자치단체이전","자치단체경상보조","농림축산식품부","농어촌구조개선특별회계","구조개선사업계정","농림수산","농업·농촌","농가경영안정","농업기계장비","전기농기계보급사업","전기농기계충전소설치지원","0","0","0","0","0"
"2024","자치단체이전","자치단체경상보조","농림축산식품부","농어촌구조개선특별회계","구조개선사업계정","농림수산","농업·농촌","농가경영안정","농업기계장비","전기농기계보급사업","전기농기계충전소설치지원","0","0","0","0","0"
"2024","자치단체이전","자치단체경상보조","농림축산식품부","농어촌구조개선특별회계","구조개선사업계정","농림수산","농업·농촌","양곡관리","식량생산유통지원","전략작물산업화","교육컨설팅(두류)","2640000","2640000","2578410","100.0","97.7"
"2024","자치단체이전","자치단체경상보조","농림축산식품부","농어촌구조개선특별회계","구조개선사업계정","농림수산","농업·농촌","양곡관리","식량생산유통지원","전략작물산업화","교육컨설팅지원(밀)","1491000","1491000","1565921","100.0","105.0"
"2024","자치단체이전","자치단체경상보조","농림축산식품부","농어촌구조개선특별회계","구조개선사업계정","농림수산","농업·농촌","양곡관리","식량생산유통지원","전략작물산업화","교육컨설팅(가루쌀)","1944000","1934000","1741118","99.5","90.0"
"2024","자치단체이전","자치단체경상보조","농림축산식품부","농어촌구조개선특별회계","구조개선사업계정","농림수산","농업·농촌","농업신산업육성","스마트농업육성","노지스마트농업 시범사업","사업단 운영","1500000","1500000","1507797","100.0","100.5"
"2024","자치단체이전","자치단체경상보조","농림축산식품부","농어촌구조개선특별회계","구조개선사업계정","농림수산","농업·농촌","농업신산업육성","스마트농업육성","스마트팜 실증단지","청년보육 및 기술혁신 지원서비스 제고","460000","460000","411029","100.0","89.4"
"2024","자치단체이전","자치단체경상보조","농림축산식품부","농어촌구조개선특별회계","구조개선사업계정","농림수산","농업·농촌","농업신산업육성","스마트농업육성","스마트팜 실증단지","혁신밸리 창농·실증 지원서비스","2490000","2490000","2453758","100.0","98.5"
"2024","자치단체이전","자치단체경상보조","농림축산식품부","농어촌구조개선특별회계","구조개선사업계정","농림수산","농업·농촌","농업신산업육성","스마트농업육성","스마트팜 실증단지","혁신밸리 창농·실증 지원서비스(데이터서비스)","1124000","1124000","1199532","100.0","106.7"
"2024","자치단체이전","자치단체경상보조","농림축산식품부","농어촌구조개선특별회계","구조개선사업계정","농림수산","농업·농촌","농업신산업육성","농업온실가스감축및기후변화대응","저탄소농림축산식품기반구축","저탄소 벼 논물관리기술보급 시범사업","2240000","2240000","2125181","100.0","94.9"
"2024","자치단체이전","자치단체경상보조","농림축산식품부","농어촌구조개선특별회계","구조개선사업계정","농림수산","농업·농촌","농업신산업육성","농생명자원사업육성","도시농업활성화","도시농업공간조성","0","0","252424","0","0"
"2024","자치단체이전","자치단체경상보조","농림축산식품부","농어촌구조개선특별회계","구조개선사업계정","농림수산","농업·농촌","농업신산업육성","농기자재산업육성","무기질비료가격보조및수급안정지원","무기질비료가격보조 및 수급안정사업","28815000","28815000","22883033","100.0","79.4"
"2024","자치단체이전","자치단체경상보조","농림축산식품부","농어촌구조개선특별회계","구조개선사업계정","농림수산","농업·농촌","농업신산업육성","친환경농자재","친환경농자재지원","토양개량제 지원","0","0","0","0","0"
"2024","자치단체이전","자치단체경상보조","농림축산식품부","농어촌구조개선특별회계","구조개선사업계정","농림수산","농업·농촌","농업신산업육성","친환경농자재","곤충미생물산업육성지원","농축산용미생물효능평가지원","435000","435000","435000","100.0","100.0"
"2024","자치단체이전","자치단체경상보조","농림축산식품부","농어촌구조개선특별회계","구조개선사업계정","농림수산","농업·농촌","농업신산업육성","친환경농자재","곤충미생물산업육성지원","곤충유통활성화(곤충유통사업지원)","360000","360000","356160","100.0","98.9"
"2024","자치단체이전","자치단체경상보조","농림축산식품부","농어촌구조개선특별회계","구조개선사업계정","농림수산","농업·농촌","농업신산업육성","친환경농자재","곤충미생물산업육성지원","에코프로바이오틱스 이용 활성화","992000","992000","991998","100.0","100.0"
"2024","자치단체이전","자치단체경상보조","농림축산식품부","농어촌구조개선특별회계","구조개선사업계정","농림수산","농업·농촌","농업신산업육성","친환경농자재","곤충미생물산업육성지원","식물백신 품질 고도화 지원","525000","525000","508663","100.0","96.9"
"2024","자치단체이전","자치단체경상보조","농림축산식품부","농어촌구조개선특별회계","구조개선사업계정","농림수산","농업·농촌","농산물수급안정및유통효율화","농산물유통개선(농특)","밭작물산업육성","밭작물 주산지 수급 거버넌스 운영","800000","800000","604831","100.0","75.6"
"2024","자치단체이전","자치단체경상보조","농림축산식품부","농어촌구조개선특별회계","구조개선사업계정","농림수산","농업·농촌","농산물수급안정및유통효율화","농산물유통개선(농특)","농산물 공동출하확대 지원","공동선별비지원(자치단체)","3512000","3512000","3470291","100.0","98.8"
"2024","자치단체이전","자치단체경상보조","농림축산식품부","농어촌구조개선특별회계","구조개선사업계정","농림수산","농업·농촌","농산물수급안정및유통효율화","농산물유통개선(농특)","농산물 공동출하확대 지원","도서지역 내륙거점 통합물류운영지원","1850000","1850000","1849987","100.0","100.0"
"2024","자치단체이전","자치단체경상보조","농림축산식품부","농어촌구조개선특별회계","구조개선사업계정","농림수산","농업·농촌","농산물수급안정및유통효율화","농산물소비활성화및식생활개선(농특)","농식품소비기반조성","농축산물 소비촉진(지자체 보조)","1700000","1700000","1691859","100.0","99.5"
"2024","자치단체이전","자치단체경상보조","농림축산식품부","농어촌구조개선특별회계","구조개선사업계정","농림수산","농업·농촌","농산물수급안정및유통효율화","농식품품질관리(농특)","국가인증 농식품지원","GAP 안전성 분석 지원","2543000","2543000","2277294","100.0","89.6"
"2024","자치단체이전","자치단체경상보조","농림축산식품부","농어촌구조개선특별회계","구조개선사업계정","농림수산","농업·농촌","축산업진흥","동물보호및복지","동물복지안전관리강화","길고양이 중성화수술비 지원","4742000","4742000","4474488","100.0","94.4"
"2024","자치단체이전","자치단체경상보조","농림축산식품부","농어촌구조개선특별회계","구조개선사업계정","농림수산","농업·농촌","축산업진흥","동물보호및복지","동물복지안전관리강화","실외사육견 중성화수술 지원","1404000","1404000","1216379","100.0","86.6"
"2024","자치단체이전","자치단체경상보조","농림축산식품부","농어촌구조개선특별회계","구조개선사업계정","농림수산","농업·농촌","축산업진흥","동물보호및복지","동물복지안전관리강화","유실유기동물 관리강화","0","0","0","0","0"
"2024","자치단체이전","자치단체경상보조","농림축산식품부","농어촌구조개선특별회계","구조개선사업계정","농림수산","농업·농촌","축산업진흥","동물보호및복지","동물복지안전관리강화","입양비 지원","810000","810000","554765","100.0","68.5"
"2024","자치단체이전","자치단체경상보조","농림축산식품부","농어촌구조개선특별회계","구조개선사업계정","농림수산","농업·농촌","축산업진흥","동물보호및복지","동물복지안전관리강화","구조보호비 지원","840000","840000","756752","100.0","90.1"
"2024","자치단체이전","자치단체경상보조","농림축산식품부","농어촌구조개선특별회계","구조개선사업계정","농림수산","농업·농촌","가축방역및축산물안전관리","가축방역(농특)","가축방역대응지원","예방약품 등 지원(경상)","78663600","78663600","73494447","100.0","93.4"
"2024","자치단체이전","자치단체경상보조","농림축산식품부","농어촌구조개선특별회계","구조개선사업계정","농림수산","농업·농촌","가축방역및축산물안전관리","가축방역(농특)","살처분보상금","살처분보상금","78524148","66633338","87116818","84.9","130.7"
"2024","자치단체이전","자치단체경상보조","농림축산식품부","농어촌구조개선특별회계","구조개선사업계정","농림수산","농업·농촌","가축방역및축산물안전관리","가축방역(농특)","살처분보상금","생계 및 소득안정","2045852","2045852","1381582","100.0","67.5"
"2024","자치단체이전","자치단체경상보조","농림축산식품부","농어촌구조개선특별회계","구조개선사업계정","농림수산","농업·농촌","가축방역및축산물안전관리","가축방역(농특)","가축사체처리지원","가축매몰지 관리·소멸","1480000","1480000","1680219","100.0","113.5"
"2024","자치단체이전","자치단체경상보조","농림축산식품부","농어촌구조개선특별회계","구조개선사업계정","농림수산","농업·농촌","가축방역및축산물안전관리","가축방역(농특)","가축사체처리지원","살처분가축처리 시설·장비 지원(경상보조)","2000","2000","1640","100.0","82.0"
"2024","자치단체이전","자치단체경상보조","농림축산식품부","농어촌구조개선특별회계","구조개선사업계정","농림수산","농업·농촌","가축방역및축산물안전관리","가축방역(농특)","가축백신지원","구제역 예방약 등 지원","49290282","49290282","44019284","100.0","89.3"
"2024","자치단체이전","자치단체경상보조","농림축산식품부","농어촌구조개선특별회계","구조개선사업계정","농림수산","농업·농촌","가축방역및축산물안전관리","가축방역(농특)","가축백신지원","예비비(구제역 예방약 등 지원, 럼피스킨병 예방약 등 지원)","0","0","802008","0","0"
"2024","자치단체이전","자치단체경상보조","농림축산식품부","농어촌구조개선특별회계","구조개선사업계정","농림수산","농업·농촌","가축방역및축산물안전관리","가축방역(농특)","가축백신지원","럼피스킨병 예방약 등 지원","2943000","2943000","2283093","100.0","77.6"
"2024","자치단체이전","자치단체경상보조","농림축산식품부","농어촌구조개선특별회계","구조개선사업계정","농림수산","농업·농촌","가축방역및축산물안전관리","가축방역(농특)","동물용의약품산업종합지원","GMP 컨설팅 지원","100000","100000","120000","100.0","120.0"
"2024","자치단체이전","자치단체경상보조","농림축산식품부","농어촌구조개선특별회계","구조개선사업계정","농림수산","농업·농촌","가축방역및축산물안전관리","가축방역(농특)","동물용의약품산업종합지원","수출혁신품목육성","800000","800000","718000","100.0","89.8"
"2024","자치단체이전","자치단체경상보조","농림축산식품부","농어촌구조개선특별회계","구조개선사업계정","농림수산","농업·농촌","농림축산검역검사","가축검역(농특)","동물복지축산인증제활성화","동물복지축산인증제활성화(동물복지축산 컨설팅)","124000","124000","28000","100.0","22.6"
"2024","자치단체이전","자치단체경상보조","농림축산식품부","농어촌구조개선특별회계","구조개선사업계정","농림수산","농업·농촌","종자관리","종자산업육성(농특)","원원종및원종생산","원원종및원종생산","6328000","6328000","6323400","100.0","99.9"
"2024","자치단체이전","자치단체경상보조","농림축산식품부","농어촌구조개선특별회계","구조개선사업계정","농림수산","농업·농촌","종자관리","종자산업육성(농특)","과수무병묘목생산공급지원","과수무병묘목(보급종)생산공급지원(지자체경상)","200000","200000","198136","100.0","99.1"
"2024","자치단체이전","자치단체경상보조","농림축산식품부","농어촌구조개선특별회계","구조개선사업계정","농림수산","식품업","식품외식산업육성","식품산업육성","전통발효식품육성","소스산업화센터운영지원","680000","680000","645842","100.0","95.0"
"2024","자치단체이전","자치단체경상보조","농림축산식품부","농어촌구조개선특별회계","구조개선사업계정","농림수산","식품업","식품외식산업육성","식품산업육성","전통발효식품육성","찾아가는양조장","252000","252000","216000","100.0","85.7"
"2024","자치단체이전","자치단체경상보조","농림축산식품부","농어촌구조개선특별회계","구조개선사업계정","농림수산","식품업","식품외식산업육성","식품산업육성","식품산업인프라강화","농업과 기업 간 연계강화(지자체)","2100000","2100000","2062449","100.0","98.2"
"2024","자치단체이전","자치단체경상보조","농림축산식품부","농어촌구조개선특별회계","구조개선사업계정","농림수산","식품업","식품외식산업육성","한식및외식산업육성","푸드서비스 선진화","청년 외식창업 공동체 공간조성","0","0","0","0","0"
"2024","자치단체이전","자치단체경상보조","농림축산식품부","농어촌구조개선특별회계","구조개선사업계정","농림수산","식품업","식품외식산업육성","한식및외식산업육성","푸드서비스 선진화","식사문화 개선(지자체)","0","0","1536","0","0"
"2024","자치단체이전","자치단체경상보조","농림축산식품부","농어촌구조개선특별회계","구조개선사업계정","농림수산","식품업","식품외식산업육성","한식및외식산업육성","푸드서비스 선진화","외식업 경쟁력 강화 패키지","1850000","1321750","1249330","71.4","94.5"
"2024","자치단체이전","자치단체경상보조","농림축산식품부","농어촌구조개선특별회계","농어촌특별세사업계정","농림수산","농업·농촌","농가경영안정","농업정책보험(농촌계정)","농업인안전재해보험","농기계등화장치 부착지원","800000","800000","662342","100.0","82.8"
"2024","자치단체이전","자치단체경상보조","농림축산식품부","농어촌구조개선특별회계","농어촌특별세사업계정","농림수산","농업·농촌","농업인력육성및창업지원","농촌정착지원","청년농업인영농정착지원","청년농업인영농정착지원금","84370000","84370000","63926133","100.0","75.8"
"2024","자치단체이전","자치단체경상보조","농림축산식품부","농어촌구조개선특별회계","농어촌특별세사업계정","농림수산","농업·농촌","농업인력육성및창업지원","농업인교육지원","농업·농촌교육훈련지원","권역별현장지원센터(농업농촌교육훈련)","300000","300000","296909","100.0","99.0"
"2024","자치단체이전","자치단체경상보조","농림축산식품부","농어촌구조개선특별회계","농어촌특별세사업계정","농림수산","농업·농촌","농업인력육성및창업지원","농업인교육지원","농업·농촌교육훈련지원","체험마을리더 교육 지원","85000","84950","80357","99.9","94.6"
"2024","자치단체이전","자치단체경상보조","농림축산식품부","농어촌구조개선특별회계","농어촌특별세사업계정","농림수산","농업·농촌","농업인력육성및창업지원","농업인교육지원","농업·농촌교육훈련지원","농업회의소(민경)","95000","0","0","0.0","0"
"2024","자치단체이전","자치단체경상보조","농림축산식품부","농어촌구조개선특별회계","농어촌특별세사업계정","농림수산","농업·농촌","농업인력육성및창업지원","농업인교육지원","농업·농촌교육훈련지원","농업경영컨설팅(컨설팅지원)","120000","120000","54231","100.0","45.2"
"2024","자치단체이전","자치단체경상보조","농림축산식품부","농어촌구조개선특별회계","농어촌특별세사업계정","농림수산","농업·농촌","농업인력육성및창업지원","농업인교육지원","농업·농촌교육훈련지원","농업법인 육성지원","100000","100000","79083","100.0","79.1"
"2024","자치단체이전","자치단체경상보조","농림축산식품부","농어촌구조개선특별회계","농어촌특별세사업계정","농림수산","농업·농촌","농업인력육성및창업지원","농촌고용인력지원","농촌고용인력지원","농촌인력중개센터","7560000","7525000","6483148","99.5","86.2"
"2024","자치단체이전","자치단체경상보조","농림축산식품부","농어촌구조개선특별회계","농어촌특별세사업계정","농림수산","농업·농촌","농업인력육성및창업지원","농촌고용인력지원","농촌고용인력지원","농촌인력중개센터(공공형 계절근로)","3430000","3430000","2946085","100.0","85.9"
"2024","자치단체이전","자치단체경상보조","농림축산식품부","농어촌구조개선특별회계","농어촌특별세사업계정","농림수산","농업·농촌","농업인력육성및창업지원","귀농귀촌활성화지원","귀농귀촌 활성화지원","귀농귀촌 유치지원","0","0","83943","0","0"
"2024","자치단체이전","자치단체경상보조","농림축산식품부","농어촌구조개선특별회계","농어촌특별세사업계정","농림수산","농업·농촌","농산물수급안정및유통효율화","농산물소비활성화및식생활개선(농특)","농식품바우처 실증연구","농식품바우처 시범사업","13900000","13900000","13222006","100.0","95.1"
"2024","자치단체이전","자치단체경상보조","농림축산식품부","농어촌구조개선특별회계","농어촌특별세사업계정","농림수산","농업·농촌","농촌복지및지역활성화","농촌일자리및경제활성화","농촌경제활성화지원","농촌융복합산업 지구조성 및 지역단위네트워크 구축 지원사업","3150000","3150000","3165062","100.0","100.5"
"2024","자치단체이전","자치단체경상보조","농림축산식품부","농어촌구조개선특별회계","농어촌특별세사업계정","농림수산","농업·농촌","농촌복지및지역활성화","농촌일자리및경제활성화","농촌경제활성화지원","인증경영체 성장지원","3289000","3289000","3282449","100.0","99.8"
"2024","자치단체이전","자치단체경상보조","농림축산식품부","농어촌구조개선특별회계","농어촌특별세사업계정","농림수산","농업·농촌","농촌복지및지역활성화","농촌일자리및경제활성화","농촌경제활성화지원","농촌휴양·서비스 산업육성(크리에이투어)","2500000","2500000","2393177","100.0","95.7"
"2024","자치단체이전","자치단체경상보조","농림축산식품부","농어촌구조개선특별회계","농어촌특별세사업계정","농림수산","농업·농촌","농촌복지및지역활성화","농촌일자리및경제활성화","농촌경제활성화지원","국가중요농업유산 발굴지원","890000","890000","481977","100.0","54.2"
"2024","자치단체이전","자치단체경상보조","농림축산식품부","농어촌구조개선특별회계","농어촌특별세사업계정","농림수산","농업·농촌","농촌복지및지역활성화","농촌일자리및경제활성화","농촌경제활성화지원","농촌휴양·서비스 산업육성(지역단위농촌관광)","600000","600000","540481","100.0","90.1"
"2024","자치단체이전","자치단체경상보조","농림축산식품부","농어촌구조개선특별회계","농어촌특별세사업계정","농림수산","농업·농촌","농촌복지및지역활성화","농촌일자리및경제활성화","농촌경제활성화지원","농촌휴양서비스산업육성(보험가입지원)","400000","400000","346970","100.0","86.7"
"2024","자치단체이전","자치단체경상보조","농림축산식품부","농어촌구조개선특별회계","농어촌특별세사업계정","농림수산","농업·농촌","농촌복지및지역활성화","농촌일자리및경제활성화","농촌경제활성화지원","농촌휴양서비스산업육성(국제농업박람회)","0","0","0","0","0"
"2024","자치단체이전","자치단체경상보조","농림축산식품부","농어촌구조개선특별회계","농어촌특별세사업계정","농림수산","농업·농촌","농촌복지및지역활성화","농촌일자리및경제활성화","농촌융복합산업활성화지원","농촌융복합산업지구조성 및 지역단위네트워크구축지원사업_이월","0","0","518314","0","0"
"2024","자치단체이전","자치단체경상보조","농림축산식품부","농어촌구조개선특별회계","농어촌특별세사업계정","농림수산","농업·농촌","농촌복지및지역활성화","농촌복지증진","농촌취약계층복지지원","농촌돌봄서비스활성화지원(농촌돌봄활동지원-지자체)","4872000","4859100","4709380","99.7","96.9"
"2024","자치단체이전","자치단체경상보조","농림축산식품부","농어촌구조개선특별회계","농어촌특별세사업계정","농림수산","농업·농촌","농촌복지및지역활성화","농촌복지증진","농촌취약계층복지지원","농촌돌봄서비스활성화지원(거점농장-지자체)","882000","882000","849548","100.0","96.3"
"2024","자치단체이전","자치단체경상보조","농림축산식품부","농어촌구조개선특별회계","농어촌특별세사업계정","농림수산","농업·농촌","농촌복지및지역활성화","농촌복지증진","농촌취약계층복지지원","농촌돌봄서비스활성화지원(농촌돌봄마을 조성-지자체)","6700000","6700000","4767571","100.0","71.2"
"2024","자치단체이전","자치단체경상보조","농림축산식품부","농어촌구조개선특별회계","농어촌특별세사업계정","농림수산","농업·농촌","농촌복지및지역활성화","농촌복지증진","농촌취약계층복지지원","농촌돌봄서비스활성화지원(농촌서비스활성화교육훈련기관조성-지자체)","3300000","3300000","4139362","100.0","125.4"
"2024","자치단체이전","자치단체경상보조","농림축산식품부","농어촌구조개선특별회계","농어촌특별세사업계정","농림수산","농업·농촌","농촌복지및지역활성화","농촌복지증진","농촌취약계층복지지원","농촌돌봄서비스활성화지원(농촌취약계층주거개선 사업비-지자체)","3021200","3021000","2847670","100.0","94.3"
"2024","자치단체이전","자치단체경상보조","농림축산식품부","농어촌구조개선특별회계","농어촌특별세사업계정","농림수산","농업·농촌","농촌복지및지역활성화","농촌복지증진","농촌취약계층복지지원","농촌형보건의료지원(농촌왕진버스 사업비-지자체)","2880000","1685600","1394069","58.5","82.7"
"2024","자치단체이전","자치단체경상보조","농림축산식품부","농어촌구조개선특별회계","농어촌특별세사업계정","농림수산","농업·농촌","농촌복지및지역활성화","농촌복지증진","농촌취약계층복지지원","농촌형보육서비스지원(농촌아이돌봄지원-지자체)","1996000","1955070","1860281","97.9","95.2"
"2024","자치단체이전","자치단체경상보조","농림축산식품부","농어촌구조개선특별회계","농어촌특별세사업계정","농림수산","농업·농촌","농촌복지및지역활성화","농촌복지증진","농촌취약계층복지지원","농촌형보육서비스지원(농번기돌봄지원-지자체)","1380000","1378200","1308311","99.9","94.9"
"2024","자치단체이전","자치단체경상보조","농림축산식품부","농어촌구조개선특별회계","농어촌특별세사업계정","농림수산","농업·농촌","농촌복지및지역활성화","농촌복지증진","농업농촌사회적가치확산지원","사회적 농업 활성화 지원(지자체경상보조)","0","0","0","0","0"
"2024","자치단체이전","자치단체경상보조","농림축산식품부","농어촌구조개선특별회계","농어촌특별세사업계정","농림수산","농업·농촌","농촌복지및지역활성화","농촌복지증진","농업농촌사회적가치확산지원","푸드플랜 지자체 계획 수립","0","0","448375","0","0"
"2024","자치단체이전","자치단체경상보조","농림축산식품부","농어촌구조개선특별회계","농어촌특별세사업계정","농림수산","농업·농촌","농촌복지및지역활성화","농촌복지증진","농업농촌사회적가치확산지원","기획생산체계(농가조직화 교육 및 컨설팅)","0","0","13595","0","0"
"2024","자치단체이전","자치단체경상보조","농림축산식품부","농어촌구조개선특별회계","농어촌특별세사업계정","농림수산","농업·농촌","농촌복지및지역활성화","농촌복지증진","농업농촌사회적가치확산지원","외식업체 지역 식재료 수급 활성화(지자체)","0","0","0","0","0"
"2024","자치단체이전","자치단체경상보조","농림축산식품부","농어촌구조개선특별회계","농어촌특별세사업계정","농림수산","농업·농촌","농촌복지및지역활성화","농촌복지증진","여성농업인 특수 건강검진","여성농업인 특수건강검진(검진비-지자체경상보조)","3300000","3300000","1963881","100.0","59.5"
"2024","자치단체이전","자치단체경상보조","농림축산식품부","농어촌구조개선특별회계","농어촌특별세사업계정","농림수산","농업·농촌","농촌복지및지역활성화","농촌복지증진","농촌공동체활성화지원","주민주도농촌활성화지원(자치단체)","0","0","0","0","0"
"2024","자치단체이전","자치단체경상보조","농림축산식품부","농어촌구조개선특별회계","농어촌특별세사업계정","농림수산","농업·농촌","농촌복지및지역활성화","농촌복지증진","농촌공동체활성화지원","농촌축제 지원","0","0","0","0","0"
"2024","자치단체이전","자치단체경상보조","농림축산식품부","농어촌구조개선특별회계","농어촌특별세사업계정","농림수산","농업·농촌","농촌복지및지역활성화","농촌복지증진","농촌공동체활성화지원","농촌마을유휴자원조사","0","0","0","0","0"
"2024","자치단체이전","자치단체경상보조","농림축산식품부","농어촌구조개선특별회계","농어촌특별세사업계정","농림수산","농업·농촌","농촌복지및지역활성화","농촌복지증진","농촌공동체활성화지원","농촌 방문형 의료서비스 지원","0","0","0","0","0"
"2024","자치단체이전","자치단체경상보조","농림축산식품부","농어촌구조개선특별회계","농어촌특별세사업계정","농림수산","농업·농촌","농촌복지및지역활성화","농촌공간및정주여건개선","농업유산발굴및보전관리지원","국가중요농업유산의 발굴·보전지원사업(지자체)","0","0","128550","0","0"
"2024","자치단체이전","자치단체경상보조","농림축산식품부","농어촌구조개선특별회계","농어촌특별세사업계정","농림수산","농업·농촌","농촌복지및지역활성화","농촌공간및정주여건개선","농업유산발굴및보전관리지원","농업유산보전관리(지자체)","0","0","73969","0","0"
"2024","자치단체이전","자치단체경상보조","농림축산식품부","농어촌구조개선특별회계","농어촌특별세사업계정","농림수산","농업·농촌","농촌복지및지역활성화","농촌공간및정주여건개선","농촌공간계획및재생지원","농업환경보전프로그램","4500000","4465000","4032443","99.2","90.3"
"2024","자치단체이전","자치단체경상보조","농림축산식품부","농어촌구조개선특별회계","농어촌특별세사업계정","농림수산","농업·농촌","농촌복지및지역활성화","농촌공간및정주여건개선","농촌공간계획및재생지원","농촌공간계획 수립체계 지원","1400000","1400000","1081856","100.0","77.3"
"2024","자치단체이전","자치단체경상보조","농림축산식품부","농어촌구조개선특별회계","농어촌특별세사업계정","농림수산","농업·농촌","농촌복지및지역활성화","농촌공간및정주여건개선","농촌공간계획및재생지원","농촌마을유휴자원조사","2500000","2144110","1334804","85.8","62.3"
"2024","자치단체이전","자치단체경상보조","농림축산식품부","농업·농촌공익기능증진직접지불기금"," ","농림수산","농업·농촌","농가경영안정","농가소득보전(직불기금)","직불제이행점검","직불제이행점검(지자체)","872000","872000","861809","100.0","98.8"
"2024","자치단체이전","자치단체경상보조","농림축산식품부","농업·농촌공익기능증진직접지불기금"," ","농림수산","농업·농촌","농가경영안정","농가소득보전(직불기금)","공익기능증진직불","기본형공익직불","2633487000","2373487000","2552223362","90.1","107.5"
"2024","자치단체이전","자치단체경상보조","농림축산식품부","농업·농촌공익기능증진직접지불기금"," ","농림수산","농업·농촌","농가경영안정","농가소득보전(직불기금)","공익기능증진직불","경관보전직불","16830000","12122715","11167275","72.0","92.1"
"2024","자치단체이전","자치단체경상보조","농림축산식품부","농업·농촌공익기능증진직접지불기금"," ","농림수산","농업·농촌","농가경영안정","농가소득보전(직불기금)","공익기능증진직불","친환경농업직불","22832000","21094424","20814316","92.4","98.7"
"2024","자치단체이전","자치단체경상보조","농림축산식품부","농업·농촌공익기능증진직접지불기금"," ","농림수산","농업·농촌","농가경영안정","농가소득보전(직불기금)","공익기능증진직불","전략작물직불","186450000","165876000","151765528","89.0","91.5"
"2024","자치단체이전","자치단체경상보조","농림축산식품부","농업·농촌공익기능증진직접지불기금"," ","농림수산","농업·농촌","농가경영안정","농가소득보전(직불기금)","공익기능증진직불","탄소중립 프로그램 시범사업(경종 분야)","3548610","3508000","3007435","98.9","85.7"
"2024","자치단체이전","자치단체경상보조","농림축산식품부","농업·농촌공익기능증진직접지불기금"," ","농림수산","농업·농촌","농가경영안정","농가소득보전(직불기금)","공익기능증진직불","탄소중립 프로그램 시범사업(축산 분야)","4625390","496874","24971","10.7","5.0"
"2024","자치단체이전","자치단체경상보조","농림축산식품부","농업·농촌공익기능증진직접지불기금"," ","농림수산","농업·농촌","농가경영안정","농가소득보전(직불기금)","사업관리비","사업관리비 지자체경상보조","9556000","9556000","8936667","100.0","93.5"
"2024","자치단체이전","자치단체경상보조","농림축산식품부","농지관리기금"," ","농림수산","농업·농촌","농촌복지및지역활성화","농가소득안정(복지)(농지기금)","농지이용관리지원","농지이용관리지원","15091000","15091000","12886307","100.0","85.4"
"2024","자치단체이전","자치단체경상보조","농림축산식품부","농지관리기금"," ","농림수산","농업·농촌","농림축산식품행정지원","기금운영비(농지기금)","조성토지관리 처분비","조성토지관리처분비(지자체)","73000","73000","17000","100.0","23.3"
"2024","자치단체이전","자치단체경상보조","농림축산식품부","양곡관리특별회계","손익계정","농림수산","농업·농촌","양곡관리","양곡매입 및 관리","정부양곡관리비","정부양곡관리비(지자체)","55857020","55857020","53672343","100.0","96.1"
"2024","자치단체이전","자치단체경상보조","농림축산식품부","자유무역협정이행지원기금"," ","농림수산","농업·농촌","농가경영안정","직접피해지원(FTA기금)","피해보전직불","피해보전직불","62675000","62570569","990550","99.8","1.6"
"2024","자치단체이전","자치단체경상보조","농림축산식품부","자유무역협정이행지원기금"," ","농림수산","농업·농촌","농가경영안정","직접피해지원(FTA기금)","피해보전직불","폐업지원","0","0","179012","0","0"
"2024","자치단체이전","자치단체경상보조","농림축산식품부","자유무역협정이행지원기금"," ","농림수산","농업·농촌","농산물수급안정및유통효율화","원예산업경쟁력강화(FTA기금)","과수 생산유통지원","과실지역공동브랜드육성 지원","100000","100000","100000","100.0","100.0"
"2024","자치단체이전","자치단체경상보조","농림축산식품부","자유무역협정이행지원기금"," ","농림수산","농업·농촌","농산물수급안정및유통효율화","원예산업경쟁력강화(FTA기금)","과수 생산유통지원","제주국제감귤박람회","1000000","1000000","936401","100.0","93.6"
"2024","자치단체이전","자치단체경상보조","농림축산식품부","자유무역협정이행지원기금"," ","농림수산","농업·농촌","농림축산식품행정지원","기금운영비(FTA기금)","FTA사업계획수립및관리비","FTA사업 시도사업관리 지원","810000","810000","804939","100.0","99.4"
"2024","자치단체이전","자치단체경상보조","농림축산식품부","지역균형발전특별회계","지역자율계정","농림수산","농업·농촌","농촌복지및지역활성화","농촌형교통모델","농촌형교통모델(자율)","농촌형교통모델","24924000","24924000","22355886","100.0","89.7"
"2024","자치단체이전","자치단체경상보조","농림축산식품부","지역균형발전특별회계","지역지원계정","농림수산","농업·농촌","농업신산업육성","친환경농자재","친환경농자재지원","토양개량제 지원","63381000","63381000","50762135","100.0","80.1"
"2024","자치단체이전","자치단체경상보조","농림축산식품부","지역균형발전특별회계","지역지원계정","농림수산","농업·농촌","농업신산업육성","친환경농자재","친환경농자재지원","유기농업자재지원","6206000","6206000","5680377","100.0","91.5"
"2024","자치단체이전","자치단체경상보조","농림축산식품부","축산발전기금"," ","농림수산","농업·농촌","축산업진흥","축산물수급관리","축산물수급관리","가축전염병 발생농가 생계및소득안정","0","0","0","0","0"
"2024","자치단체이전","자치단체경상보조","농림축산식품부","축산발전기금"," ","농림수산","농업·농촌","축산업진흥","축산물수급관리","축산물수급관리","학교우유급식 지원","46508000","41327000","35284095","88.9","85.4"
"2024","자치단체이전","자치단체경상보조","농림축산식품부","축산발전기금"," ","농림수산","농업·농촌","축산업진흥","축산물수급관리","축산물수급관리","계란유통센터시설현대화(계란공판장활성화지원)","4456000","4456000","4918388","100.0","110.4"
"2024","자치단체이전","자치단체경상보조","농림축산식품부","축산발전기금"," ","농림수산","농업·농촌","축산업진흥","축산물수급관리","축산물수급관리","가축사육제한보상금","4628000","4627998","3621574","100.0","78.3"
"2024","자치단체이전","자치단체경상보조","농림축산식품부","축산발전기금"," ","농림수산","농업·농촌","축산업진흥","축산물수급관리","축산물수급관리","비육용 암소시장 육성","1200000","1041000","519827","86.8","49.9"
"2024","자치단체이전","자치단체경상보조","농림축산식품부","축산발전기금"," ","농림수산","농업·농촌","축산업진흥","축산기술보급","가축개량지원","한우젖소개량 경상지원(자치단체)","818000","818000","788725","100.0","96.4"
"2024","자치단체이전","자치단체경상보조","농림축산식품부","축산발전기금"," ","농림수산","농업·농촌","축산업진흥","축산기술보급","가축개량지원","돼지경제능력검정 경상지원(자치단체)","144000","144000","130950","100.0","90.9"
"2024","자치단체이전","자치단체경상보조","농림축산식품부","축산발전기금"," ","농림수산","농업·농촌","축산업진흥","축산기술보급","가축개량지원","우수 여왕벌 보급 경상지원(자치단체)","600000","600000","333090","100.0","55.5"
"2024","자치단체이전","자치단체경상보조","농림축산식품부","축산발전기금"," ","농림수산","농업·농촌","축산업진흥","축산업경쟁력제고(축발)","말산업육성지원","말산업 저변확대(학생승마체험지원)","5775000","5755752","4767810","99.7","82.8"
"2024","자치단체이전","자치단체경상보조","농림축산식품부","축산발전기금"," ","농림수산","농업·농촌","축산업진흥","축산업경쟁력제고(축발)","말산업육성지원","말산업 저변확대(유소년승마단창단운영)","900000","820200","781586","91.1","95.3"
"2024","자치단체이전","자치단체경상보조","농림축산식품부","축산발전기금"," ","농림수산","농업·농촌","축산업진흥","축산업경쟁력제고(축발)","말산업육성지원","말산업 경쟁력 강화(승용마 조련강화)","292000","226000","208408","77.4","92.2"
"2024","자치단체이전","자치단체경상보조","농림축산식품부","축산발전기금"," ","농림수산","농업·농촌","축산업진흥","축산업경쟁력제고(축발)","말산업육성지원","말산업 역량강화 지원(전문인력 양성기관 경쟁력 강화_지자체 경상)","600000","600000","652308","100.0","108.7"
"2024","자치단체이전","자치단체경상보조","농림축산식품부","축산발전기금"," ","농림수산","농업·농촌","축산업진흥","축산업경쟁력제고(축발)","말산업육성지원","말산업 저변확대(농촌관광승마활성화)","500000","438630","359844","87.7","82.0"
"2024","자치단체이전","자치단체경상보조","농림축산식품부","축산발전기금"," ","농림수산","농업·농촌","축산업진흥","친환경축산(축발)","조사료생산기반확충","방목생태축산농장 초지조성 지원","0","0","25244","0","0"
"2024","자치단체이전","자치단체경상보조","농림축산식품부","축산발전기금"," ","농림수산","농업·농촌","축산업진흥","친환경축산(축발)","조사료생산기반확충","조사료 생산 지원-이월","0","0","389986","0","0"
"2024","자치단체이전","자치단체경상보조","농림축산식품부","축산발전기금"," ","농림수산","농업·농촌","축산업진흥","친환경축산(축발)","조사료생산기반확충","조사료 생산 지원","77213000","76338478","66376942","98.9","87.0"
"2024","자치단체이전","자치단체경상보조","농림축산식품부","축산발전기금"," ","농림수산","농업·농촌","축산업진흥","친환경축산(축발)","조사료생산기반확충","방목생태축산농장 초지조성 지원","474000","393135","270970","82.9","68.9"
"2024","자치단체이전","자치단체경상보조","농림축산식품부","축산발전기금"," ","농림수산","농업·농촌","축산업진흥","친환경축산(축발)","가축분뇨처리지원","가축분뇨이용촉진","3200000","3200000","3275655","100.0","102.4"
"2024","자치단체이전","자치단체경상보조","농림축산식품부","축산발전기금"," ","농림수산","농업·농촌","축산업진흥","축산물품질관리(축발)","축산물품질관리","축산물이력관리 지원(자치단체)","5116000","5116000","4213056","100.0","82.4"
"2024","자치단체이전","자치단체경상보조","농림축산식품부","축산발전기금"," ","농림수산","농업·농촌","가축방역및축산물안전관리","축산물위생안전성(축발)","축산물위생안전검사운영","도축검사원 인건비 지원","11634000","11634000","11582679","100.0","99.6"
"2024","자치단체이전","자치단체경상보조","농림축산식품부","축산발전기금"," ","농림수산","농업·농촌","가축방역및축산물안전관리","축산물위생안전성(축발)","축산물위생안전검사운영","축산물위생검사기관 운영비 지원","3816000","3816000","3811382","100.0","99.9"
"2024","자치단체이전","자치단체경상보조","농림축산식품부","축산발전기금"," ","농림수산","농업·농촌","가축방역및축산물안전관리","축산물위생안전성(축발)","축산물HACCP지원","축산물HACCP인증관리","406000","406000","319919","100.0","78.8"
"2024","자치단체이전","자치단체경상보조","농림축산식품부","축산발전기금"," ","농림수산","농업·농촌","가축방역및축산물안전관리","축산물위생안전성(축발)","축산물HACCP지원","스마트HACCP지원(현장구축)","0","0","0","0","0"
"2024","자치단체이전","자치단체경상보조","농림축산식품부","축산발전기금"," ","농림수산","농업·농촌","가축방역및축산물안전관리","가축방역(축발)","가축위생방역지원","가축위생방역지원본부 방역직 인건비 지원","13481000","13481000","13454290","100.0","99.8"
"2024","자치단체이전","자치단체경상보조","농림축산식품부","축산발전기금"," ","농림수산","농업·농촌","가축방역및축산물안전관리","가축방역(축발)","가축위생방역지원","공동방제단 운영","15028000","15028000","14484363","100.0","96.4"
"2024","자치단체이전","자치단체경상보조","농촌진흥청","농어촌구조개선특별회계","구조개선사업계정","농림수산","농업·농촌","지역농업특성화","농촌생활활력증진(농특,구조)","농작업재해예방(보조)","농업인 안전실천 역량강화 지원","417000","417000","398030","100.0","95.5"
"2024","자치단체이전","자치단체경상보조","농촌진흥청","농어촌구조개선특별회계","구조개선사업계정","농림수산","농업·농촌","전문인력양성","영농기계화촉진(농특,구조)","농업기계안전교육사업(보조)","농업기계교육(지방)","907000","907000","854409","100.0","94.2"
"2024","자치단체이전","자치단체경상보조","농촌진흥청","일반회계"," ","농림수산","농업·농촌","농업신기술 보급","신기술보급사업(일반)","신기술보급사업(보조)","기술보급체계다변화모델구축(기술보급확산지원단)","0","0","0","0","0"
"2024","자치단체이전","자치단체경상보조","농촌진흥청","일반회계"," ","농림수산","농업·농촌","농업신기술 보급","신기술보급사업(일반)","농촌가치확산기술지원(보조)","고령·여성농업인 농촌생활향상 지원(여성농업인 직업역량 향상 지원)","0","0","0","0","0"
"2024","자치단체이전","자치단체경상보조","농촌진흥청","일반회계"," ","농림수산","농업·농촌","농업신기술 보급","신기술보급사업(일반)","농촌가치확산기술지원(보조)","고령·여성농업인 농촌생활향상 지원(고령농업인 디지털 농촌생활 향상지원)","0","0","0","0","0"
"2024","자치단체이전","자치단체경상보조","농촌진흥청","일반회계"," ","농림수산","농업·농촌","농업신기술 보급","신기술보급사업(일반)","농업인안전재해예방지원체계구축(보조)","농작업 현장 안전점검 서비스 지원","0","0","0","0","0"
"2024","자치단체이전","자치단체경상보조","농촌진흥청","일반회계"," ","농림수산","농업·농촌","농업신기술 보급","신기술보급사업(일반)","농업인안전재해예방지원체계구축(보조)","농업인 안전실천 역량강화 지원","0","0","0","0","0"
"2024","자치단체이전","자치단체경상보조","농촌진흥청","일반회계"," ","농림수산","농업·농촌","지역농업특성화","기술농업지원(일반)","과학영농현장기술지원(보조)","과학영농 신기술연구활동 지원(경상)","0","0","0","0","0"
"2024","자치단체이전","자치단체경상보조","농촌진흥청","일반회계"," ","농림수산","농업·농촌","지역농업특성화","기술농업지원(일반)","과학영농현장기술지원(보조)","종합분석관리실운영(경상, 토양,과수,축산,조직배양)_이월","0","0","0","0","0"
"2024","자치단체이전","자치단체경상보조","농촌진흥청","일반회계"," ","농림수산","농업·농촌","지역농업특성화","기술농업지원(일반)","과학영농현장기술지원(보조)","가축분뇨부숙도 측정(경상)","870000","870000","947237","100.0","108.9"
"2024","자치단체이전","자치단체경상보조","농촌진흥청","일반회계"," ","농림수산","농업·농촌","지역농업특성화","기술농업지원(일반)","과학영농현장기술지원(보조)","농산물안전분석실 운영비(경상)","0","0","0","0","0"
"2024","자치단체이전","자치단체경상보조","농촌진흥청","일반회계"," ","농림수산","농업·농촌","지역농업특성화","기술농업지원(일반)","과학영농현장기술지원(보조)","꿀벌자원육성품종증식장운영(경상)","225000","168000","164654","74.7","98.0"
"2024","자치단체이전","자치단체경상보조","농촌진흥청","일반회계"," ","농림수산","농업·농촌","지역농업특성화","기술농업지원(일반)","과학영농현장기술지원(보조)","종합분석관리실운영(경상, 토양,과수,축산,조직배양)","1370000","1370000","1325339","100.0","96.7"
"2024","자치단체이전","자치단체경상보조","농촌진흥청","일반회계"," ","농림수산","농업·농촌","지역농업특성화","기술농업지원(일반)","농작물병해충 예찰방제사업(보조)","농작물 병해충 관찰포 운영","191000","190890","186892","99.9","97.9"
"2024","자치단체이전","자치단체경상보조","농촌진흥청","일반회계"," ","농림수산","농업·농촌","지역농업특성화","기술농업지원(일반)","농작물병해충 예찰방제사업(보조)","농작물 병해충 진단실 운영","818000","817980","767414","100.0","93.8"
"2024","자치단체이전","자치단체경상보조","농촌진흥청","일반회계"," ","농림수산","농업·농촌","지역농업특성화","기술농업지원(일반)","농작물병해충 예찰방제사업(보조)","농작물 병해충 예찰방제단 운영(지방)","4136000","4136000","3910079","100.0","94.5"
"2024","자치단체이전","자치단체경상보조","농촌진흥청","일반회계"," ","농림수산","농업·농촌","지역농업특성화","기술농업지원(일반)","농작물병해충 예찰방제사업(보조)","농작물 병해충 방제비","14094000","14093999","13644351","100.0","96.8"
"2024","자치단체이전","자치단체경상보조","농촌진흥청","일반회계"," ","농림수산","농업·농촌","지역농업특성화","기술농업지원(일반)","농작물병해충 예찰방제사업(보조)","공적방제 손실보상금","14225000","14225000","13428123","100.0","94.4"
"2024","자치단체이전","자치단체경상보조","농촌진흥청","일반회계"," ","농림수산","농업·농촌","지역농업특성화","기술농업지원(일반)","농작물병해충 예찰방제사업(보조)","과수화상병 전염원 사전제거","8804000","8804000","8491087","100.0","96.4"
"2024","자치단체이전","자치단체경상보조","농촌진흥청","일반회계"," ","농림수산","농업·농촌","지역농업특성화","기술농업지원(일반)","농작물병해충 예찰방제사업(보조)","과수화상병 예측시스템 구축(경상)","0","0","0","0","0"
"2024","자치단체이전","자치단체경상보조","농촌진흥청","일반회계"," ","농림수산","농업·농촌","지역농업특성화","기술농업지원(일반)","농작물병해충 예찰방제사업(보조)","영농부산물 안전처리 지원","5844000","5844000","4634965","100.0","79.3"
"2024","자치단체이전","자치단체경상보조","농촌진흥청","일반회계"," ","농림수산","농업·농촌","농가경영능력 향상","농촌진흥사업정보화(정보화,일반)","지역농업기술정보화지원(정보화, 보조)","지역특화농업기술정보화인력지원","608000","608000","585944","100.0","96.4"
"2024","자치단체이전","자치단체경상보조","농촌진흥청","일반회계"," ","농림수산","농업·농촌","농가경영능력 향상","농촌진흥사업정보화(정보화,일반)","지역농업기술정보화지원(정보화, 보조)","농업인 정보화경진대회 개최지원","44000","44000","43697","100.0","99.3"
"2024","자치단체이전","자치단체경상보조","농촌진흥청","일반회계"," ","농림수산","농업·농촌","농가경영능력 향상","농가경영지원(일반)","농촌통계조사분석(보조)","농산물소득조사분석(보조)","3251000","3251000","3142260","100.0","96.7"
"2024","자치단체이전","자치단체경상보조","농촌진흥청","일반회계"," ","농림수산","농업·농촌","농가경영능력 향상","농가경영지원(일반)","농가경영개선지원(보조)","강소농 육성 지원","0","0","0","0","0"
"2024","자치단체이전","자치단체경상보조","농촌진흥청","일반회계"," ","농림수산","농업·농촌","농가경영능력 향상","농가경영지원(일반)","농가경영개선지원(보조)","강소농 사업관리 및 성과평가 지원","0","0","0","0","0"
"2024","자치단체이전","자치단체경상보조","농촌진흥청","일반회계"," ","농림수산","농업·농촌","농가경영능력 향상","농가경영지원(일반)","농가경영개선지원(보조)","사이버농업인 e-비즈니스 소득창출 지원","0","0","0","0","0"
"2024","자치단체이전","자치단체경상보조","농촌진흥청","일반회계"," ","농림수산","농업·농촌","농가경영능력 향상","농가경영지원(일반)","농가경영개선지원(보조)","청년농업인 경영진단·분석 컨설팅 사업","0","0","0","0","0"
"2024","자치단체이전","자치단체경상보조","농촌진흥청","일반회계"," ","농림수산","농업·농촌","농가경영능력 향상","농가경영지원(일반)","데이터기반농업활성화","농업재배전주기DB구축","2673000","2673000","2650145","100.0","99.1"
"2024","자치단체이전","자치단체경상보조","농촌진흥청","일반회계"," ","농림수산","농업·농촌","농가경영능력 향상","농가경영지원(일반)","데이터기반농업활성화","농업재배전주기DB구축(국고보조사업)","0","0","0","0","0"
"2024","자치단체이전","자치단체경상보조","농촌진흥청","일반회계"," ","농림수산","농업·농촌","전문인력양성","농업인력양성및지원(일반)","농업전문인력양성(보조)","농업인 학습단체 교육운영 지원","0","0","0","0","0"
"2024","자치단체이전","자치단체경상보조","농촌진흥청","일반회계"," ","농림수산","농업·농촌","전문인력양성","농업인력양성및지원(일반)","농업전문인력양성(보조)","청년농업인 경쟁력 제고사업","0","0","0","0","0"
"2024","자치단체이전","자치단체경상보조","농촌진흥청","일반회계"," ","농림수산","농업·농촌","전문인력양성","농업인력양성및지원(일반)","농업전문인력양성(보조)","품목농업인 연구모임체 육성","0","0","0","0","0"
"2024","자치단체이전","자치단체경상보조","농촌진흥청","일반회계"," ","농림수산","농업·농촌","전문인력양성","농업인력양성및지원(일반)","농업전문인력양성(보조)","농업기술전문교육","1233000","1233000","1167979","100.0","94.7"
"2024","자치단체이전","자치단체경상보조","농촌진흥청","일반회계"," ","농림수산","농업·농촌","전문인력양성","농업인력양성및지원(일반)","농업전문인력양성(보조)","신규농업인 기초영농기술교육","877000","877000","830717","100.0","94.7"
"2024","자치단체이전","자치단체경상보조","농촌진흥청","일반회계"," ","농림수산","농업·농촌","전문인력양성","농업인력양성및지원(일반)","농업전문인력양성(보조)","신규농업인 현장실습교육 ","1980000","1980000","1865288","100.0","94.2"
"2024","자치단체이전","자치단체경상보조","농촌진흥청","일반회계"," ","농림수산","농업·농촌","전문인력양성","농업인력양성및지원(일반)","농업전문인력양성(보조)","지도공무원 전문능력향상지원","0","0","0","0","0"
"2024","자치단체이전","자치단체경상보조","농촌진흥청","일반회계"," ","농림수산","농업·농촌","전문인력양성","농업인력양성및지원(일반)","농업전문인력양성(보조)","우리쌀밀이용소비촉진기술교육","285000","285000","269064","100.0","94.4"
"2024","자치단체이전","자치단체경상보조","농촌진흥청","일반회계"," ","농림수산","농업·농촌","전문인력양성","농업인력양성및지원(일반)","농업전문인력양성(보조)","농업인대학 운영","1378000","1378000","1325332","100.0","96.2"
"2024","자치단체이전","자치단체경상보조","농촌진흥청","일반회계"," ","농림수산","농업·농촌","전문인력양성","농업인력양성및지원(일반)","농업전문인력양성(보조)","현장기술지도활동지원","0","0","0","0","0"
"2024","자치단체이전","자치단체경상보조","농촌진흥청","지역균형발전특별회계","제주특별자치도계정","농림수산","농업·농촌","농업기초기반 및 실용화 기술개발","지역농업연구기반및전략작목육성(지특, 제주)","지역농업연구기반및전략작목육성(R&D, 보조, 제주)","지역전략작목 산학연사업 광역화","0","0","0","0","0"
"2024","자치단체이전","자치단체경상보조","농촌진흥청","지역균형발전특별회계","제주특별자치도계정","농림수산","농업·농촌","농업기초기반 및 실용화 기술개발","지역농업연구기반및전략작목육성(지특, 제주)","지역농업연구기반및전략작목육성(R&D, 보조, 제주)","지역특화작목기술개발","204000","204000","201534","100.0","98.8"
"2024","자치단체이전","자치단체경상보조","농촌진흥청","지역균형발전특별회계","지역지원계정","농림수산","농업·농촌","농업기초기반 및 실용화 기술개발","지역농업연구기반및전략작목육성(지특, 지역지원)","지역농업연구기반및전략작목육성(R&D, 보조, 지역지원)","지역전략작목 산학연사업 광역화","0","0","0","0","0"
"2024","자치단체이전","자치단체경상보조","농촌진흥청","지역균형발전특별회계","지역지원계정","농림수산","농업·농촌","농업기초기반 및 실용화 기술개발","지역농업연구기반및전략작목육성(지특, 지역지원)","지역농업연구기반및전략작목육성(R&D, 보조, 지역지원)","지역특화작목기술개발","6316000","6316000","6192023","100.0","98.0"
"2024","자치단체이전","자치단체경상보조","농촌진흥청","지역균형발전특별회계","지역지원계정","농림수산","농업·농촌","지역농업특성화","6차산업활성화 지원(지특,지역지원)","농식품가공체험기술보급(보조,지역지원)","농산물가공기술보급(농산물가공기술표준화)","900000","900000","862873","100.0","95.9"
"2024","자치단체이전","자치단체경상보조","농촌진흥청","지역균형발전특별회계","지역지원계정","농림수산","농업·농촌","지역농업특성화","6차산업활성화 지원(지특,지역지원)","농식품가공체험기술보급(보조,지역지원)","전통식문화계승활동지원","0","0","0","0","0"
"2024","자치단체이전","자치단체경상보조","농촌진흥청","지역균형발전특별회계","지역지원계정","농림수산","농업·농촌","지역농업특성화","6차산업활성화 지원(지특,지역지원)","농식품가공체험기술보급(보조,지역지원)","농촌융복합상품 마케팅기술지원","0","0","10000","0","0"
"2024","자치단체이전","자치단체경상보조","대법원","일반회계"," ","공공질서및안전","법원및헌재","재판활동지원","가족관계등록사무지원","가족관계등록사무","가족관계등록사무처리 경비 지원","14193000","14193000","13749839","100.0","96.9"
"2024","자치단체이전","자치단체경상보조","문화체육관광부","관광진흥개발기금"," ","문화및관광","관광","국내관광활성화","관광인프라 조성","전통문화체험 지원","전통문화체험 시설 지원(도산서원 선비문화체험 연수)","3187000","3187000","3108770","100.0","97.5"
"2024","자치단체이전","자치단체경상보조","문화체육관광부","관광진흥개발기금"," ","문화및관광","관광","국내관광활성화","관광인프라 조성","전통문화체험 지원","전통문화체험(한국선비문화연구원)","635000","635000","593385","100.0","93.4"
"2024","자치단체이전","자치단체경상보조","문화체육관광부","관광진흥개발기금"," ","문화및관광","관광","국내관광활성화","관광인프라 조성","한국형 지역관광 활성화","문화콘텐츠 접목 노후관광시설 재생(지자체 경상/기금)","0","0","4066","0","0"
"2024","자치단체이전","자치단체경상보조","문화체육관광부","관광진흥개발기금"," ","문화및관광","관광","국내관광활성화","관광인프라 조성","한국형 지역관광 활성화","생태테마 관광자원화(지자체 경상/기금)","0","0","11470","0","0"
"2024","자치단체이전","자치단체경상보조","문화체육관광부","관광진흥개발기금"," ","문화및관광","관광","국내관광활성화","관광인프라 조성","한국형 지역관광 활성화","DMZ 생태·평화관광 활성화(평화의 길)","1800000","1800000","1290243","100.0","71.7"
"2024","자치단체이전","자치단체경상보조","문화체육관광부","관광진흥개발기금"," ","문화및관광","관광","국내관광활성화","관광인프라 조성","한국형 지역관광 활성화","걷기여행길 활성화 프로그램 운영","1220000","1159000","1057098","95.0","91.2"
"2024","자치단체이전","자치단체경상보조","문화체육관광부","관광진흥개발기금"," ","문화및관광","관광","국내관광활성화","관광인프라 조성","한국형 지역관광 활성화","반려동물 동반여행 활성화","1000000","1000000","1085004","100.0","108.5"
"2024","자치단체이전","자치단체경상보조","문화체육관광부","관광진흥개발기금"," ","문화및관광","관광","국내관광활성화","국내관광육성지원","관광안내체계구축지원","관광안내표지 개선(지자체보조)","0","0","0","0","0"
"2024","자치단체이전","자치단체경상보조","문화체육관광부","관광진흥개발기금"," ","문화및관광","관광","국내관광활성화","국내관광육성지원","문화관광축제지원(보조)","문화관광축제 지원(지자체보조)","900000","900000","808390","100.0","89.8"
"2024","자치단체이전","자치단체경상보조","문화체육관광부","관광진흥개발기금"," ","문화및관광","관광","국내관광활성화","국내관광육성지원","문화관광축제지원(보조)","글로벌 축제 육성 지원","2000000","1999980","1707168","100.0","85.4"
"2024","자치단체이전","자치단체경상보조","문화체육관광부","관광진흥개발기금"," ","문화및관광","관광","국내관광활성화","국내관광육성지원","국내관광 역량 강화","DMZ 기억의 전당 기본계획 수립","0","0","0","0","0"
"2024","자치단체이전","자치단체경상보조","문화체육관광부","관광진흥개발기금"," ","문화및관광","관광","국내관광활성화","국내관광육성지원","국내관광 역량 강화","야간관광 활성화","4200000","4200000","4074020","100.0","97.0"
"2024","자치단체이전","자치단체경상보조","문화체육관광부","관광진흥개발기금"," ","문화및관광","관광","국내관광활성화","국내관광육성지원","국내관광 역량 강화","워케이션 특화 지자체 지원(경상)","1190000","1190000","1156894","100.0","97.2"
"2024","자치단체이전","자치단체경상보조","문화체육관광부","관광진흥개발기금"," ","문화및관광","관광","외래관광객유치","해외관광객유치활동사업","외래관광객유치 관광기반 조성","관광특구 활성화 지원(경상보조)","274000","274000","153899","100.0","56.2"
"2024","자치단체이전","자치단체경상보조","문화체육관광부","관광진흥개발기금"," ","문화및관광","관광","외래관광객유치","해외관광객유치활동사업","외래관광객유치 관광기반 조성","관광특구 활성화 지원(경상)","0","0","138866","0","0"
"2024","자치단체이전","자치단체경상보조","문화체육관광부","관광진흥개발기금"," ","문화및관광","관광","외래관광객유치","해외관광객유치활동사업","외래관광객유치 관광기반 조성","고품격 관광 활성화(한국방문의해-문화다양성 축제)","500000","500000","500000","100.0","100.0"
"2024","자치단체이전","자치단체경상보조","문화체육관광부","관광진흥개발기금"," ","문화및관광","관광","외래관광객유치","해외관광객유치활동사업","외래관광객유치 관광기반 조성","관광 편의성 제고(지역 관광교통 개선)","390000","351200","614937","90.1","175.1"
"2024","자치단체이전","자치단체경상보조","문화체육관광부","관광진흥개발기금"," ","문화및관광","관광","외래관광객유치","해외관광객유치활동사업","외래관광객유치 관광기반 조성","관광 편의성 제고(지역관광 교통개선)","0","0","0","0","0"
"2024","자치단체이전","자치단체경상보조","문화체육관광부","관광진흥개발기금"," ","문화및관광","관광","관광산업 활성화","관광산업 활성화 지원","국민여가캠핑장조성(보조)","야영장 활성화 프로그램 지원","0","0","47363","0","0"
"2024","자치단체이전","자치단체경상보조","문화체육관광부","관광진흥개발기금"," ","문화및관광","관광","관광산업 활성화","고부가가치 관광산업육성","MICE산업육성지원","2024 국제회의복합지구 활성화 지원","2800000","2200000","2058951","78.6","93.6"
"2024","자치단체이전","자치단체경상보조","문화체육관광부","국민체육진흥기금","국민체육진흥계정","문화및관광","체육","생활체육육성","생활체육 활성화","스포츠강좌이용권 지원","장애인스포츠강좌이용권 지원(지자체 보조)","18480000","18480000","18184243","100.0","98.4"
"2024","자치단체이전","자치단체경상보조","문화체육관광부","국민체육진흥기금","국민체육진흥계정","문화및관광","체육","생활체육육성","생활체육 활성화","스포츠강좌이용권 지원","스포츠강좌이용권 지원","100799000","100799000","81669175","100.0","81.0"
"2024","자치단체이전","자치단체경상보조","문화체육관광부","국민체육진흥기금","국민체육진흥계정","문화및관광","체육","생활체육육성","생활체육 활성화","생활체육 프로그램 지원","생활체육지도자 활동 지원","44523000","1369138","39629553","3.1","2894.5"
"2024","자치단체이전","자치단체경상보조","문화체육관광부","국민체육진흥기금","국민체육진흥계정","문화및관광","체육","생활체육육성","생활체육 활성화","생활체육 프로그램 지원","동계스포츠 발전지원","2325000","2102079","2088724","90.4","99.4"
"2024","자치단체이전","자치단체경상보조","문화체육관광부","국민체육진흥기금","국민체육진흥계정","문화및관광","체육","생활체육육성","생활체육 활성화","국민체력인증","국민체력인증제 운영(자치단체)","10121000","0","9532995","0.0","0"
"2024","자치단체이전","자치단체경상보조","문화체육관광부","국민체육진흥기금","국민체육진흥계정","문화및관광","체육","생활체육육성","생활체육 활성화","스포츠 종목 보급","민속씨름 진흥","1018000","1018000","1016500","100.0","99.9"
"2024","자치단체이전","자치단체경상보조","문화체육관광부","국민체육진흥기금","국민체육진흥계정","문화및관광","체육","생활체육육성","학교체육 육성","초등학교 스포츠강사 배치 지원","초등학교스포츠강사배치지원","5131000","-100520","18179857","-2.0","-18085.7"
"2024","자치단체이전","자치단체경상보조","문화체육관광부","국민체육진흥기금","국민체육진흥계정","문화및관광","체육","생활체육육성","학교체육 육성","초등학교 스포츠강사 배치 지원","초등학교스포츠강사 배치지원(연수비)","220000","-130","100148","-0.1","-77036.8"
"2024","자치단체이전","자치단체경상보조","문화체육관광부","국민체육진흥기금","국민체육진흥계정","문화및관광","체육","전문체육육성","전문체육 육성","우수선수양성지원","한국동계스포츠 육성","0","0","44663","0","0"
"2024","자치단체이전","자치단체경상보조","문화체육관광부","국민체육진흥기금","국민체육진흥계정","문화및관광","체육","전문체육육성","전문체육육성 기반구축","전국(소년)체전 지원","전국소년체전 지원","5019000","-18744","6167951","-0.4","-32905.8"
"2024","자치단체이전","자치단체경상보조","문화체육관광부","국민체육진흥기금","국민체육진흥계정","문화및관광","체육","전문체육육성","전문체육육성 기반구축","전국(소년)체전 지원","전국체전 지원","4200000","4200000","3471232","100.0","82.6"
"2024","자치단체이전","자치단체경상보조","문화체육관광부","국민체육진흥기금","국민체육진흥계정","문화및관광","체육","스포츠산업 육성","기금조성 기반시설 지원","올림픽스포츠콤플렉스 조성","남양주 스포츠가치센터 건립","200000","220000","0","110.0","0.0"
"2024","자치단체이전","자치단체경상보조","문화체육관광부","국민체육진흥기금","국민체육진흥계정","문화및관광","체육","스포츠산업 육성","기금조성 기반시설 지원","올림픽스포츠콤플렉스 조성","파주 스포츠가치센터 건립","200000","180000","2400","90.0","1.3"
"2024","자치단체이전","자치단체경상보조","문화체육관광부","국민체육진흥기금","국민체육진흥계정","문화및관광","체육","스포츠산업 육성","스포츠산업 활성화","스포츠산업활성화지원","지역스포츠산업지원(자치단체경상보조)","4000000","0","3839330","0.0","0"
"2024","자치단체이전","자치단체경상보조","문화체육관광부","국민체육진흥기금","국민체육진흥계정","문화및관광","체육","스포츠산업 육성","스포츠산업 활성화","스포츠산업활성화지원","첨단기술 기반 산업혁신","0","0","0","0","0"
"2024","자치단체이전","자치단체경상보조","문화체육관광부","국민체육진흥기금","국민체육진흥계정","문화및관광","체육","국제스포츠역량강화","국제스포츠 교류 활성화","국제대회 국내개최 지원","지자체 개최 각종 국제대회","6000000","5600000","5930415","93.3","105.9"
"2024","자치단체이전","자치단체경상보조","문화체육관광부","국민체육진흥기금","국민체육진흥계정","문화및관광","체육","국제스포츠역량강화","국제스포츠 교류 활성화","국제대회 국내개최 지원","2024강원동계청소년올림픽 문화프로그램(지자체)","0","0","614500","0","0"
"2024","자치단체이전","자치단체경상보조","문화체육관광부","국민체육진흥기금","국민체육진흥계정","문화및관광","체육","국제스포츠역량강화","국제스포츠 교류 활성화","태권도 진흥","태권도 문화콘텐츠 육성","0","0","0","0","0"
"2024","자치단체이전","자치단체경상보조","문화체육관광부","국민체육진흥기금","국민체육진흥계정","문화및관광","체육","국제스포츠역량강화","국제스포츠 교류 활성화","개도국 스포츠 발전지원","스포츠 동반자프로그램(드림프로그램)","700000","627926","621595","89.7","99.0"
"2024","자치단체이전","자치단체경상보조","문화체육관광부","국민체육진흥기금","국민체육진흥계정","문화및관광","체육","장애인체육육성","장애인체육 육성","장애인생활체육지원","장애인생활체육 지도자 배치 및 관리(지자체 보조)","15651000","0","12582228","0.0","0"
"2024","자치단체이전","자치단체경상보조","문화체육관광부","국민체육진흥기금","국민체육진흥계정","문화및관광","체육","장애인체육육성","장애인체육 육성","장애인생활체육지원","장애인 국내대회 지원(지자체 보조)","400000","400000","396209","100.0","99.1"
"2024","자치단체이전","자치단체경상보조","문화체육관광부","국민체육진흥기금","국민체육진흥계정","문화및관광","체육","장애인체육육성","장애인체육 육성","장애인전문체육 및 국제체육지원","장애인전국체전 및 국제대회지원(자치단체경상보조)","1591000","1591000","1591000","100.0","100.0"
"2024","자치단체이전","자치단체경상보조","문화체육관광부","문화예술진흥기금"," ","문화및관광","문화예술","창의적문화정책구현","전통문화 진흥","한스타일 육성지원","한지분야 육성지원","400000","389000","337640","97.3","86.8"
"2024","자치단체이전","자치단체경상보조","문화체육관광부","문화예술진흥기금"," ","문화및관광","문화예술","예술의 창작역량 및 사회적 가치 제고","예술창작역량강화","예술창작 지원","진주대첩 재현공연 창작 오페라 제작사업","300000","0","200000","0.0","0"
"2024","자치단체이전","자치단체경상보조","문화체육관광부","문화예술진흥기금"," ","문화및관광","문화예술","예술의 창작역량 및 사회적 가치 제고","지역문화예술진흥","예술의 관광자원화","정선아리랑 K-컬처 글로벌 프로젝트","300000","0","297355","0.0","0"
"2024","자치단체이전","자치단체경상보조","문화체육관광부","문화예술진흥기금"," ","문화및관광","문화예술","예술의 창작역량 및 사회적 가치 제고","예술향유기회 확대","문화예술향유 지원","통합문화이용권","234780000","234780000","220732932","100.0","94.0"
"2024","자치단체이전","자치단체경상보조","문화체육관광부","아시아문화중심도시조성특별회계"," ","문화및관광","문화예술","아시아문화중심도시조성","문화중심도시조성","문화중심도시조성 및 운영","이스포츠 전문인력 양성 지원","400000","400000","382020","100.0","95.5"
"2024","자치단체이전","자치단체경상보조","문화체육관광부","아시아문화중심도시조성특별회계"," ","문화및관광","문화예술","아시아문화중심도시조성","문화중심도시조성","문화중심도시조성 및 운영","투자진흥지구 지원시설 운영","0","0","0","0","0"
"2024","자치단체이전","자치단체경상보조","문화체육관광부","아시아문화중심도시조성특별회계"," ","문화및관광","문화예술","아시아문화중심도시조성","문화중심도시조성","문화중심도시육성(지자체)","문화콘텐츠 전문인력 양성 및 취업지원","1400000","1400000","1352860","100.0","96.6"
"2024","자치단체이전","자치단체경상보조","문화체육관광부","아시아문화중심도시조성특별회계"," ","문화및관광","문화예술","아시아문화중심도시조성","문화중심도시조성","문화중심도시육성(지자체)","문화콘텐츠 제작 및 마케팅 지원","3950000","3750000","3694375","94.9","98.5"
"2024","자치단체이전","자치단체경상보조","문화체육관광부","아시아문화중심도시조성특별회계"," ","문화및관광","문화예술","아시아문화중심도시조성","문화중심도시조성","문화중심도시육성(지자체)","국제문화창의산업전 개최","880000","880000","874869","100.0","99.4"
"2024","자치단체이전","자치단체경상보조","문화체육관광부","아시아문화중심도시조성특별회계"," ","문화및관광","문화예술","아시아문화중심도시조성","문화중심도시조성","문화중심도시육성(지자체)","아시아문화예술활성화거점 프로그램운영","800000","800000","788345","100.0","98.5"
"2024","자치단체이전","자치단체경상보조","문화체육관광부","아시아문화중심도시조성특별회계"," ","문화및관광","문화예술","아시아문화중심도시조성","문화중심도시조성","문화중심도시육성(지자체)","사직국제문화교류타운 프로그램 운영","100000","100000","100000","100.0","100.0"
"2024","자치단체이전","자치단체경상보조","문화체육관광부","아시아문화중심도시조성특별회계"," ","문화및관광","문화예술","아시아문화중심도시조성","문화중심도시조성","문화중심도시육성(지자체)","투자진흥지구 지원시설 운영","788000","788000","756177","100.0","96.0"
"2024","자치단체이전","자치단체경상보조","문화체육관광부","아시아문화중심도시조성특별회계"," ","문화및관광","문화예술","아시아문화중심도시조성","문화중심도시조성","문화중심도시육성(지자체)","민주주의 상징 문화콘텐츠 제작 지원","0","0","0","0","0"
"2024","자치단체이전","자치단체경상보조","문화체육관광부","아시아문화중심도시조성특별회계"," ","문화및관광","문화예술","아시아문화중심도시조성","문화중심도시조성","문화중심도시육성(지자체)","아시아음식문화지구 조성","150000","0","158955","0.0","0"
"2024","자치단체이전","자치단체경상보조","문화체육관광부","아시아문화중심도시조성특별회계"," ","문화및관광","문화예술","아시아문화중심도시조성","문화중심도시조성","문화중심도시육성(지자체)","아시아 예술관광 중심도시 사업","0","0","287325","0","0"
"2024","자치단체이전","자치단체경상보조","문화체육관광부","아시아문화중심도시조성특별회계"," ","문화및관광","문화예술","아시아문화중심도시조성","문화중심도시조성","문화중심도시육성(지자체)","아시아 이스포츠산업 교육 플랫폼 조성","0","0","0","0","0"
"2024","자치단체이전","자치단체경상보조","문화체육관광부","아시아문화중심도시조성특별회계"," ","문화및관광","문화예술","아시아문화중심도시조성","문화중심도시조성","문화중심도시육성(지자체)","인공지능 활용 콘텐츠 창작랩 운영","0","0","0","0","0"
"2024","자치단체이전","자치단체경상보조","문화체육관광부","아시아문화중심도시조성특별회계"," ","문화및관광","문화예술","아시아문화중심도시조성","문화중심도시조성","문화중심도시육성(지자체)","문화전당 마실길 한바퀴 사업","0","0","0","0","0"
"2024","자치단체이전","자치단체경상보조","문화체육관광부","아시아문화중심도시조성특별회계"," ","문화및관광","문화예술","아시아문화중심도시조성","문화중심도시조성","문화중심도시육성(지자체)","아시아 도시 간 문화교류 협력사업","400000","400000","396185","100.0","99.0"
"2024","자치단체이전","자치단체경상보조","문화체육관광부","아시아문화중심도시조성특별회계"," ","문화및관광","문화예술","아시아문화중심도시조성","문화중심도시조성","문화중심도시육성(지자체)","아시아 이스포츠산업지원센터 구축 운영","480000","480000","479800","100.0","100.0"
"2024","자치단체이전","자치단체경상보조","문화체육관광부","아시아문화중심도시조성특별회계"," ","문화및관광","문화예술","아시아문화중심도시조성","문화중심도시조성","문화중심도시육성(지자체)","광주 첨단실감콘텐츠 인력양성 통합 플랫폼","0","0","0","0","0"
"2024","자치단체이전","자치단체경상보조","문화체육관광부","아시아문화중심도시조성특별회계"," ","문화및관광","문화예술","아시아문화중심도시조성","문화중심도시조성","문화중심도시육성(지자체)","문화예술 인문스토리 무등산 플랫폼 개발","500000","500000","499430","100.0","99.9"
"2024","자치단체이전","자치단체경상보조","문화체육관광부","아시아문화중심도시조성특별회계"," ","문화및관광","문화예술","아시아문화중심도시조성","문화중심도시조성","문화중심도시육성(지자체)","유네스코 미디어아트 창의벨트 조성","0","0","262250","0","0"
"2024","자치단체이전","자치단체경상보조","문화체육관광부","아시아문화중심도시조성특별회계"," ","문화및관광","문화예술","아시아문화중심도시조성","문화중심도시조성","문화중심도시육성(지자체)","아시아 콘텐츠 인터랙티브 월 운영","0","0","0","0","0"
"2024","자치단체이전","자치단체경상보조","문화체육관광부","아시아문화중심도시조성특별회계"," ","문화및관광","문화예술","아시아문화중심도시조성","문화중심도시조성","문화중심도시육성(지자체)","아시아 음식관광명품화 거점공간 조성","150000","0","0","0.0","0"
"2024","자치단체이전","자치단체경상보조","문화체육관광부","아시아문화중심도시조성특별회계"," ","문화및관광","문화예술","아시아문화중심도시조성","문화중심도시조성","문화중심도시육성(지자체)","ACC주변 문화예술집적화 사업","0","0","0","0","0"
"2024","자치단체이전","자치단체경상보조","문화체육관광부","아시아문화중심도시조성특별회계"," ","문화및관광","문화예술","아시아문화중심도시조성","문화중심도시조성","문화중심도시육성(지자체)","광주폴리 V 사업","0","0","0","0","0"
"2024","자치단체이전","자치단체경상보조","문화체육관광부","아시아문화중심도시조성특별회계"," ","문화및관광","문화예술","아시아문화중심도시조성","문화중심도시조성","문화중심도시육성(지자체)","아시아 디지털 문화공간 조성","250000","250000","257958","100.0","103.2"
"2024","자치단체이전","자치단체경상보조","문화체육관광부","아시아문화중심도시조성특별회계"," ","문화및관광","문화예술","아시아문화중심도시조성","문화중심도시조성","문화중심도시육성(지자체)","광주비엔날레 AI라키비움 구축","3500000","3500000","1240820","100.0","35.5"
"2024","자치단체이전","자치단체경상보조","문화체육관광부","아시아문화중심도시조성특별회계"," ","문화및관광","문화예술","아시아문화중심도시조성","문화중심도시조성","문화중심도시육성(지자체)","아시아 설화신화 킬러콘텐츠 개발","0","0","0","0","0"
"2024","자치단체이전","자치단체경상보조","문화체육관광부","아시아문화중심도시조성특별회계"," ","문화및관광","문화예술","아시아문화중심도시조성","문화중심도시조성","문화중심도시육성(지자체)","디지털 아트 컬처랩 구축 운영","1000000","1000000","0","100.0","0.0"
"2024","자치단체이전","자치단체경상보조","문화체육관광부","아시아문화중심도시조성특별회계"," ","문화및관광","문화예술","아시아문화중심도시조성","문화중심도시조성","문화중심도시육성(지자체)","아시아 문화기술 실증센터 운영기반 구축","500000","500000","480392","100.0","96.1"
"2024","자치단체이전","자치단체경상보조","문화체육관광부","아시아문화중심도시조성특별회계"," ","문화및관광","문화예술","아시아문화중심도시조성","문화중심도시조성","문화중심도시육성(지자체)","비엔날레 시각 진흥 육성","0","0","0","0","0"
"2024","자치단체이전","자치단체경상보조","문화체육관광부","아시아문화중심도시조성특별회계"," ","문화및관광","문화예술","아시아문화중심도시조성","문화중심도시조성","문화중심도시육성(지자체)","양림권역 근대역사문화 관광로드 구축","0","0","0","0","0"
"2024","자치단체이전","자치단체경상보조","문화체육관광부","아시아문화중심도시조성특별회계"," ","문화및관광","문화예술","아시아문화중심도시조성","문화중심도시조성","문화중심도시육성(지자체)","디자인, ICT융합 문화콘텐츠 비즈니스 모델 개발 및 육성","0","0","0","0","0"
"2024","자치단체이전","자치단체경상보조","문화체육관광부","아시아문화중심도시조성특별회계"," ","문화및관광","문화예술","아시아문화중심도시조성","문화중심도시조성","문화중심도시육성(지자체)","버추얼 콘텐츠 제작지원","0","0","0","0","0"
"2024","자치단체이전","자치단체경상보조","문화체육관광부","아시아문화중심도시조성특별회계"," ","문화및관광","문화예술","아시아문화중심도시조성","문화중심도시조성","문화중심도시육성(지자체)","광주 국제 미디어아트 페스티벌 개최","0","0","0","0","0"
"2024","자치단체이전","자치단체경상보조","문화체육관광부","아시아문화중심도시조성특별회계"," ","문화및관광","문화예술","아시아문화중심도시조성","문화중심도시조성","문화중심도시육성(지자체)","국제 시각미술 문화도시 교류플랫폼 구축","0","0","0","0","0"
"2024","자치단체이전","자치단체경상보조","문화체육관광부","아시아문화중심도시조성특별회계"," ","문화및관광","문화예술","아시아문화중심도시조성","문화중심도시조성","문화중심도시육성(지자체)","신기술 융복합 콘텐츠 창작센터 운영","0","0","0","0","0"
"2024","자치단체이전","자치단체경상보조","문화체육관광부","아시아문화중심도시조성특별회계"," ","문화및관광","문화예술","아시아문화중심도시조성","문화중심도시조성","문화중심도시육성(지자체)","ACC연계 양림권역 근대역사문화 거점벨트 조성","100000","100000","0","100.0","0.0"
"2024","자치단체이전","자치단체경상보조","문화체육관광부","아시아문화중심도시조성특별회계"," ","문화및관광","문화예술","아시아문화중심도시조성","문화중심도시조성","문화중심도시육성(지자체)","버추얼 콘텐츠 제작지원","200000","200000","198305","100.0","99.2"
"2024","자치단체이전","자치단체경상보조","문화체육관광부","아시아문화중심도시조성특별회계"," ","문화및관광","문화예술","아시아문화중심도시조성","문화중심도시조성","문화중심도시육성(지자체)","디자인, ICT융합 문화콘텐츠 비즈니스 모델 개발 및 육성","400000","400000","400000","100.0","100.0"
"2024","자치단체이전","자치단체경상보조","문화체육관광부","아시아문화중심도시조성특별회계"," ","문화및관광","문화예술","아시아문화중심도시조성","문화중심도시조성","문화중심도시육성(지자체)","첨단실감 인력양성 통합 플랫폼(이월)","0","0","0","0","0"
"2024","자치단체이전","자치단체경상보조","문화체육관광부","영화발전기금"," ","문화및관광","문화예술","콘텐츠산업 육성","영화산업 육성 및 지원","영화유통 지원","아시아영화시장 지원","900000","450000","899498","50.0","199.9"
"2024","자치단체이전","자치단체경상보조","문화체육관광부","일반회계"," ","문화및관광","문화예술","종교문화지원","종교문화활동 및 보존지원","종교문화활동지원","이웃종교이해 및 종교연합활동 지원(세계종교문화축제)","120000","0","0","0.0","0"
"2024","자치단체이전","자치단체경상보조","문화체육관광부","일반회계"," ","문화및관광","문화예술","종교문화지원","종교문화활동 및 보존지원","종교문화활동지원","종교문화행사 지원(유교-한국선비문화체험연수)","487000","487000","331160","100.0","68.0"
"2024","자치단체이전","자치단체경상보조","문화체육관광부","일반회계"," ","문화및관광","문화예술","종교문화지원","종교문화활동 및 보존지원","종교문화활동지원","종교문화행사 지원(유교-포은선생 충효정신 선양 및 인재양성)","165000","165000","155164","100.0","94.0"
"2024","자치단체이전","자치단체경상보조","문화체육관광부","일반회계"," ","문화및관광","문화예술","종교문화지원","종교문화활동 및 보존지원","종교문화활동지원","종교문화여행 치유순례프로그램 지원","700000","700000","615075","100.0","87.9"
"2024","자치단체이전","자치단체경상보조","문화체육관광부","일반회계"," ","문화및관광","문화예술","종교문화지원","종교문화활동 및 보존지원","종교문화활동지원","이웃종교이해 및 종교연합활동 지원(종교평화 문화프로그램 지원)","500000","300000","267725","60.0","89.2"
"2024","자치단체이전","자치단체경상보조","문화체육관광부","일반회계"," ","문화및관광","문화예술","종교문화지원","종교문화활동 및 보존지원","전통종교문화유산보존","전통사찰 방재시스템 유지보수","3773000","3770300","3156017","99.9","83.7"
"2024","자치단체이전","자치단체경상보조","문화체육관광부","일반회계"," ","문화및관광","문화예술","종교문화지원","종교문화활동 및 보존지원","전통종교문화유산보존","한국예학 DB 및 활용시스템 구축","150000","150000","146462","100.0","97.6"
"2024","자치단체이전","자치단체경상보조","문화체육관광부","일반회계"," ","문화및관광","문화예술","콘텐츠산업 육성","문화콘텐츠산업 진흥 환경 조성","문화콘텐츠 국제협력 및 수출기반 조성","한류 교류 및 확산 지원","300000","300000","300089","100.0","100.0"
"2024","자치단체이전","자치단체경상보조","문화체육관광부","일반회계"," ","문화및관광","문화예술","콘텐츠산업 육성","문화콘텐츠산업 진흥 환경 조성","지역콘텐츠산업 균형발전 지원","지역특화콘텐츠 개발지원","0","0","0","0","0"
"2024","자치단체이전","자치단체경상보조","문화체육관광부","일반회계"," ","문화및관광","문화예술","콘텐츠산업 육성","문화콘텐츠산업 육성","영상콘텐츠산업 육성","한국형 영화 효과음원 사운드 댐 구축","300000","300000","299000","100.0","99.7"
"2024","자치단체이전","자치단체경상보조","문화체육관광부","일반회계"," ","문화및관광","문화예술","콘텐츠산업 육성","문화콘텐츠산업 육성","음악산업 및 대중문화산업 육성","대중음악전용공연장 조성","0","0","721925","0","0"
"2024","자치단체이전","자치단체경상보조","문화체육관광부","일반회계"," ","문화및관광","문화예술","콘텐츠산업 육성","문화콘텐츠산업 육성","신기술융합콘텐츠산업 육성","한류 메타버스 전당 조성 사업","0","0","0","0","0"
"2024","자치단체이전","자치단체경상보조","문화체육관광부","일반회계"," ","문화및관광","문화예술","문화미디어산업육성및지원","방송영상콘텐츠 및 광고산업 활성화","방송영상콘텐츠 산업 육성","방송영상콘텐츠 해외진출 활성화 지원(BCM)","600000","600000","590600","100.0","98.4"
"2024","자치단체이전","자치단체경상보조","문화체육관광부","일반회계"," ","문화및관광","문화예술","문화미디어산업육성및지원","방송영상콘텐츠 및 광고산업 활성화","방송영상콘텐츠 산업 육성","코리아드라마페스티벌 개최지원","600000","600000","600436","100.0","100.1"
"2024","자치단체이전","자치단체경상보조","문화체육관광부","일반회계"," ","문화및관광","문화예술","문화미디어산업육성및지원","방송영상콘텐츠 및 광고산업 활성화","광고산업 활성화","부산국제마케팅광고제 지원","500000","500000","499523","100.0","99.9"
"2024","자치단체이전","자치단체경상보조","문화체육관광부","일반회계"," ","문화및관광","문화예술","문화미디어산업육성및지원","출판산업육성","출판산업 활성화","출판산업 유통지원(자치단체경상보조)","600000","600000","600000","100.0","100.0"
"2024","자치단체이전","자치단체경상보조","문화체육관광부","일반회계"," ","문화및관광","문화예술","문화미디어산업육성및지원","출판산업육성","출판산업 활성화","대구특화 출판산업육성 지원","300000","300000","294266","100.0","98.1"
"2024","자치단체이전","자치단체경상보조","문화체육관광부","일반회계"," ","문화및관광","문화예술","창의적문화정책구현","문화·인문 진흥","인문정신문화 사회적 확산 지원","인문전통 및 정신문화 가치 확산(21세기 인문가치 포럼)","300000","300000","293093","100.0","97.7"
"2024","자치단체이전","자치단체경상보조","문화체육관광부","일반회계"," ","문화및관광","문화예술","창의적문화정책구현","전통문화 진흥","전통스토리 계승 및 활용","전통스토리 계승 및 활용(지자체경상)","8286000","8286000","7854082","100.0","94.8"
"2024","자치단체이전","자치단체경상보조","문화체육관광부","일반회계"," ","문화및관광","문화예술","창의적문화정책구현","국제문화교류","국제문화정책지원","동아시아문화도시 선정지원","600000","600000","600000","100.0","100.0"
"2024","자치단체이전","자치단체경상보조","문화체육관광부","일반회계"," ","문화및관광","문화예술","예술의 진흥 및 생활화, 산업화","공연 및 전통예술 진흥기반 구축","공연예술 진흥기반 조성","대구국제뮤지컬페스티벌 지원","0","0","0","0","0"
"2024","자치단체이전","자치단체경상보조","문화체육관광부","일반회계"," ","문화및관광","문화예술","예술의 진흥 및 생활화, 산업화","공연 및 전통예술 진흥기반 구축","공연예술 진흥기반 조성","2024 전주 세계평화 춤 축제 개최 지원","0","0","0","0","0"
"2024","자치단체이전","자치단체경상보조","문화체육관광부","일반회계"," ","문화및관광","문화예술","예술의 진흥 및 생활화, 산업화","공연 및 전통예술 진흥기반 구축","공연예술 진흥기반 조성","2025 영동세계국악엑스포 개최 지원","0","0","0","0","0"
"2024","자치단체이전","자치단체경상보조","문화체육관광부","일반회계"," ","문화및관광","문화예술","예술의 진흥 및 생활화, 산업화","공연 및 전통예술 진흥기반 구축","공연예술 진흥기반 조성","2024 전주 세계평화 춤 축제 개최 지원","300000","300000","299644","100.0","99.9"
"2024","자치단체이전","자치단체경상보조","문화체육관광부","일반회계"," ","문화및관광","문화예술","예술의 진흥 및 생활화, 산업화","공연 및 전통예술 진흥기반 구축","공연예술 진흥기반 조성","대구국제뮤지컬페스티벌 개최 지원","400000","400000","399991","100.0","100.0"
"2024","자치단체이전","자치단체경상보조","문화체육관광부","일반회계"," ","문화및관광","문화예술","예술의 진흥 및 생활화, 산업화","공연 및 전통예술 진흥기반 구축","공연예술 진흥기반 조성","세계음악극페스티벌 개최 지원","200000","200000","200000","100.0","100.0"
"2024","자치단체이전","자치단체경상보조","문화체육관광부","일반회계"," ","문화및관광","문화예술","예술의 진흥 및 생활화, 산업화","공연 및 전통예술 진흥기반 구축","공연예술 진흥기반 조성","2025 영동국악엑스포 개최 지원","1000000","1000000","1000000","100.0","100.0"
"2024","자치단체이전","자치단체경상보조","문화체육관광부","일반회계"," ","문화및관광","문화예술","예술의 진흥 및 생활화, 산업화","공연 및 전통예술 진흥기반 구축","공연예술 진흥기반 조성","부산국제공연예술마켓 개최 지원","300000","300000","300000","100.0","100.0"
"2024","자치단체이전","자치단체경상보조","문화체육관광부","일반회계"," ","문화및관광","문화예술","예술의 진흥 및 생활화, 산업화","공연 및 전통예술 진흥기반 구축","문화예술 창제작 거점 조성","문화예술 전국 창제작 유통 지원","9000000","7414926","7319861","82.4","98.7"
"2024","자치단체이전","자치단체경상보조","문화체육관광부","일반회계"," ","문화및관광","문화예술","예술의 진흥 및 생활화, 산업화","기초예술역량강화","예술인 창작안전망 구축","지역예술인지원센터 운영 지원","0","0","0","0","0"
"2024","자치단체이전","자치단체경상보조","문화체육관광부","일반회계"," ","문화및관광","문화예술","예술의 진흥 및 생활화, 산업화","시각예술 진흥기반 구축","미술진흥기반구축","문화창작 공간조성","0","0","0","0","0"
"2024","자치단체이전","자치단체경상보조","문화체육관광부","일반회계"," ","문화및관광","문화예술","지역문화 진흥 및 문화기반 조성","도서관정보·정책 체계 활성화","도서관 정책개발 및 서비스환경개선","도서관 다문화 서비스 지원(다문화 프로그램 운영)","420000","420000","376542","100.0","89.7"
"2024","자치단체이전","자치단체경상보조","문화체육관광부","일반회계"," ","문화및관광","문화예술","지역문화 진흥 및 문화기반 조성","지역문화 진흥","지역문화 진흥","문화의 달 행사 지원","0","0","0","0","0"
"2024","자치단체이전","자치단체경상보조","문화체육관광부","일반회계"," ","문화및관광","문화예술","지역문화 진흥 및 문화기반 조성","지역문화 진흥","지역문화 진흥","지역문화 활력촉진 지원","0","0","58000","0","0"
"2024","자치단체이전","자치단체경상보조","문화체육관광부","일반회계"," ","문화및관광","문화예술","지역문화 진흥 및 문화기반 조성","지역문화 진흥","지역문화 진흥","한국전쟁 전선문화콘텐츠 발굴 지원","0","0","469370","0","0"
"2024","자치단체이전","자치단체경상보조","문화체육관광부","일반회계"," ","문화및관광","문화예술","지역문화 진흥 및 문화기반 조성","지역문화 진흥","지역문화 진흥","문화지구 활성화 지원","0","0","0","0","0"
"2024","자치단체이전","자치단체경상보조","문화체육관광부","일반회계"," ","문화및관광","문화예술","지역문화 진흥 및 문화기반 조성","지역문화 진흥","국민문화활동지원","문화가 있는 날 기획프로그램 운영지원(지자체)","0","0","0","0","0"
"2024","자치단체이전","자치단체경상보조","문화체육관광부","일반회계"," ","문화및관광","문화예술","지역문화 진흥 및 문화기반 조성","문화예술교육지원","문화예술교육 활성화","학교예술강사지원","2907000","2907000","2906942","100.0","100.0"
"2024","자치단체이전","자치단체경상보조","문화체육관광부","일반회계"," ","문화및관광","문화예술","지역문화 진흥 및 문화기반 조성","문화예술교육지원","문화예술교육 활성화","창의예술교육랩 운영(지자체)","0","0","0","0","0"
"2024","자치단체이전","자치단체경상보조","문화체육관광부","일반회계"," ","문화및관광","문화예술","지역문화 진흥 및 문화기반 조성","문화예술교육지원","문화예술교육 활성화","문화예술교육전용시설 지원(경상보조)","0","0","0","0","0"
"2024","자치단체이전","자치단체경상보조","문화체육관광부","일반회계"," ","문화및관광","문화예술","해외문화홍보원 운영","해외문화홍보원 운영","국가이미지 홍보","주한 외국인·외래방한객 대상 문화홍보","200000","200000","200000","100.0","100.0"
"2024","자치단체이전","자치단체경상보조","문화체육관광부","지역균형발전특별회계","세종특별자치시계정","문화및관광","문화예술","지역문화 진흥 및 문화기반 조성","박물관 정책 활성화","공공도서관 개관시간 연장(세종)","공공도서관 개관시간 연장(세종)","591000","591000","574285","100.0","97.2"
"2024","자치단체이전","자치단체경상보조","문화체육관광부","지역균형발전특별회계","제주특별자치도계정","문화및관광","문화예술","지역문화 진흥 및 문화기반 조성","박물관 정책 활성화","공공도서관 개관시간 연장(제주)","공공도서관 개관시간 연장(제주)","885000","885000","831704","100.0","94.0"
"2024","자치단체이전","자치단체경상보조","문화체육관광부","지역균형발전특별회계","제주특별자치도계정","문화및관광","문화예술","지역문화 진흥 및 문화기반 조성","문화도시 조성(제주)","문화도시 조성(제주)","문화도시 조성지원(제주)","1500000","1500000","1492425","100.0","99.5"
"2024","자치단체이전","자치단체경상보조","문화체육관광부","지역균형발전특별회계","제주특별자치도계정","문화및관광","문화예술","지역문화 진흥 및 문화기반 조성","시각예술 진흥기반 구축(제주)","폐산업시설 등 유휴공간 문화재생사업(제주)","폐산업시설 등 유휴공간 문화재생(제주_경상)_이월","0","0","48243","0","0"
"2024","자치단체이전","자치단체경상보조","문화체육관광부","지역균형발전특별회계","지역자율계정","문화및관광","문화예술","지역문화 진흥 및 문화기반 조성","박물관 정책 활성화","공공도서관 개관시간 연장(자율)","공공도서관 개관시간 연장(지역자율)","21961000","21961000","19714382","100.0","89.8"
"2024","자치단체이전","자치단체경상보조","문화체육관광부","지역균형발전특별회계","지역자율계정","문화및관광","문화예술","지역문화 진흥 및 문화기반 조성","문화도시 조성(지역자율)","문화도시 조성(자율)","문화도시 조성 지원(자율)","34500000","34500000","32079879","100.0","93.0"
"2024","자치단체이전","자치단체경상보조","문화체육관광부","지역균형발전특별회계","지역자율계정","문화및관광","문화예술","지역문화 진흥 및 문화기반 조성","시각예술 진흥기반 구축(지역자율)","폐산업시설 등 유휴공간 문화재생사업(지역자율)","폐산업시설 등 유휴공간 문화재생(지역자율_경상)","0","0","231288","0","0"
"2024","자치단체이전","자치단체경상보조","문화체육관광부","지역균형발전특별회계","지역자율계정","문화및관광","관광","국내관광활성화","관광인프라 조성","생태녹색관광활성화(자율)","생태테마 관광자원화(지자체 경상)","988000","988000","1071895","100.0","108.5"
"2024","자치단체이전","자치단체경상보조","문화체육관광부","지역균형발전특별회계","지역자율계정","문화및관광","관광","국내관광활성화","관광인프라 조성","생태녹색관광활성화(자율)","문화콘텐츠 접목 노후관광시설 재생(지자체 경상)","302000","302000","297512","100.0","98.5"
"2024","자치단체이전","자치단체경상보조","문화체육관광부","지역균형발전특별회계","지역자율계정","문화및관광","관광","국내관광활성화","국내관광육성지원","레저스포츠관광활성화(자율)","레저스포츠관광 활성화(경상)","450000","450000","457268","100.0","101.6"
"2024","자치단체이전","자치단체경상보조","문화체육관광부","지역균형발전특별회계","지역자율계정","문화및관광","관광","관광산업 활성화","관광산업 활성화 지원","야영장 안전 및 활성화지원(자율)","야영장 활성화 프로그램","732000","660000","545746","90.2","82.7"
"2024","자치단체이전","자치단체경상보조","문화체육관광부","지역균형발전특별회계","지역지원계정","문화및관광","문화예술","콘텐츠산업 육성","문화콘텐츠산업 진흥 환경 조성","지역콘텐츠산업 균형발전 지원","지역특화콘텐츠 개발 지원","200000","200000","190000","100.0","95.0"
"2024","자치단체이전","자치단체경상보조","문화체육관광부","지역균형발전특별회계","지역지원계정","문화및관광","문화예술","지역문화 진흥 및 문화기반 조성","지역문화 진흥","국민문화활동지원","20204 동서화합 영호남 문화예술관광박람회","400000","400000","399775","100.0","99.9"
"2024","자치단체이전","자치단체경상보조","문화체육관광부","지역균형발전특별회계","지역지원계정","문화및관광","문화예술","지역문화 진흥 및 문화기반 조성","문화도시 조성(지역지원)","문화도시 조성(지역지원)","문화도시 조성 지원(지역지원)","0","0","0","0","0"
"2024","자치단체이전","자치단체경상보조","문화체육관광부","지역균형발전특별회계","지역지원계정","문화및관광","문화예술","지역문화 진흥 및 문화기반 조성","문화도시 조성(지역지원)","문화도시 조성(지역지원)","대한민국 문화도시 앵커사업 시범지원","2600000","2600000","2364447","100.0","90.9"
"2024","자치단체이전","자치단체경상보조","문화체육관광부","지역균형발전특별회계","지역지원계정","문화및관광","관광","관광진흥기반확충","광역관광자원개발","서부내륙권 광역관광개발(지역지원)","관광코스 및 관광상품 개발 - 근대문화유산배움코스","450000","450000","442946","100.0","98.4"
"2024","자치단체이전","자치단체경상보조","문화체육관광부","지역균형발전특별회계","지역지원계정","문화및관광","관광","관광진흥기반확충","광역관광자원개발","서부내륙권 광역관광개발(지역지원)","관광코스 및 관광상품 개발 - 비단가람온길수상레저코스","750000","750000","741875","100.0","98.9"
"2024","자치단체이전","자치단체경상보조","문화체육관광부","지역균형발전특별회계","지역지원계정","문화및관광","관광","관광진흥기반확충","광역관광자원개발","서부내륙권 광역관광개발(지역지원)","관광코스 및 관광상품 개발 - 성지혜움길","450000","450000","436946","100.0","97.1"
"2024","자치단체이전","자치단체경상보조","문화체육관광부","지역균형발전특별회계","지역지원계정","문화및관광","관광","관광진흥기반확충","광역관광자원개발","서부내륙권 광역관광개발(지역지원)","관광코스 및 관광상품 개발 - 시나브로치유길","850000","850000","746529","100.0","87.8"
"2024","자치단체이전","자치단체경상보조","문화체육관광부","지역균형발전특별회계","지역지원계정","문화및관광","관광","관광진흥기반확충","광역관광자원개발","남부권 광역관광개발","무등산권역 지오스테이 상품화(광주)","100000","100000","84968","100.0","85.0"
"2024","자치단체이전","자치단체경상보조","문화체육관광부","지역균형발전특별회계","지역지원계정","문화및관광","관광","관광진흥기반확충","광역관광자원개발","남부권 광역관광개발","남도고택 달밤 스테이 상품화(전남)","100000","100000","100000","100.0","100.0"
"2024","자치단체이전","자치단체경상보조","문화체육관광부","지역균형발전특별회계","지역지원계정","문화및관광","관광","관광진흥기반확충","광역관광자원개발","남부권 광역관광개발","남도미식 프리미엄 투어 상품화(광주)","100000","0","0","0.0","0"
"2024","자치단체이전","자치단체경상보조","문화체육관광부","지역균형발전특별회계","지역지원계정","문화및관광","관광","관광진흥기반확충","광역관광자원개발","남부권 광역관광개발","명가명인 연계 '남도한상'상품화(전남)","100000","100000","100000","100.0","100.0"
"2024","자치단체이전","자치단체경상보조","문화체육관광부","지역균형발전특별회계","지역지원계정","문화및관광","관광","관광진흥기반확충","광역관광자원개발","남부권 광역관광개발","섬진강 스테이 특화상품 육성(전남, 경남)","100000","100000","100000","100.0","100.0"
"2024","자치단체이전","자치단체경상보조","문화체육관광부","지역균형발전특별회계","지역지원계정","문화및관광","관광","관광진흥기반확충","광역관광자원개발","남부권 광역관광개발","지리산권 웰니스 및 워케이션 상품 고도화 지원(전남, 경남)","200000","200000","100000","100.0","50.0"
"2024","자치단체이전","자치단체경상보조","문화체육관광부","지역균형발전특별회계","지역지원계정","문화및관광","관광","관광진흥기반확충","광역관광자원개발","남부권 광역관광개발","지리산권 ESG 가치여행 특화상품 육성(전남, 경남)","100000","100000","50000","100.0","50.0"
"2024","자치단체이전","자치단체경상보조","문화체육관광부","지역균형발전특별회계","지역지원계정","문화및관광","관광","관광진흥기반확충","광역관광자원개발","남부권 광역관광개발"," K-콘텐츠 기반 관광생태계 고도화 지원(부산)","100000","100000","99669","100.0","99.7"
"2024","자치단체이전","자치단체경상보조","문화체육관광부","지역균형발전특별회계","지역지원계정","문화및관광","관광","관광진흥기반확충","광역관광자원개발","남부권 광역관광개발","K-관광명소 상품화(경남)","150000","150000","27728","100.0","18.5"
"2024","자치단체이전","자치단체경상보조","문화체육관광부","지역균형발전특별회계","지역지원계정","문화및관광","관광","관광진흥기반확충","광역관광자원개발","남부권 광역관광개발","고부가 K-관광상품 및 이벤트 육성(울산)","150000","150000","89289","100.0","59.5"
"2024","자치단체이전","자치단체경상보조","문화체육관광부","지역균형발전특별회계","지역지원계정","문화및관광","관광","관광진흥기반확충","광역관광자원개발","남부권 광역관광개발"," K-거상 관광루트 및 상품화(경남)","250000","250000","67283","100.0","26.9"
"2024","자치단체이전","자치단체경상보조","문화체육관광부","지역균형발전특별회계","지역지원계정","문화및관광","관광","관광진흥기반확충","광역관광자원개발","남부권 광역관광개발","광역관광루트 상품화 기반 구축","200000","200000","199570","100.0","99.8"
"2024","자치단체이전","자치단체경상보조","문화체육관광부","지역균형발전특별회계","지역지원계정","문화및관광","관광","관광진흥기반확충","광역관광자원개발","남부권 광역관광개발","남부권 통합협의체 및 통합 관리체계 구축","200000","200000","189687","100.0","94.8"
"2024","자치단체이전","자치단체경상보조","문화체육관광부","지역균형발전특별회계","지역지원계정","문화및관광","관광","관광진흥기반확충","광역관광자원개발","남부권 광역관광개발","남부권 로컬 투어랩 운영","200000","200000","190190","100.0","95.1"
"2024","자치단체이전","자치단체경상보조","문화체육관광부","지역균형발전특별회계","지역지원계정","문화및관광","관광","관광진흥기반확충","광역관광자원개발","지역관광 다양성 사업","섬 관광 활성화(경상)","2000000","2000000","1483331","100.0","74.2"
"2024","자치단체이전","자치단체경상보조","문화체육관광부","지역균형발전특별회계","지역지원계정","문화및관광","관광","관광진흥기반확충","관광자원활성화","관광자원 기반조성","관광레저도시 지원 및 콘텐츠 지원","150000","150000","148625","100.0","99.1"
"2024","자치단체이전","자치단체경상보조","문화체육관광부","지역균형발전특별회계","지역지원계정","문화및관광","관광","관광진흥기반확충","관광자원활성화","관광자원 기반조성","계획공모형 지역관광개발(경상보조)","18211000","17808000","14089618","97.8","79.1"
"2024","자치단체이전","자치단체경상보조","문화체육관광부","지역균형발전특별회계","지역지원계정","문화및관광","관광","관광진흥기반확충","관광자원활성화","관광자원 기반조성","문화의 바다공간 조성(경상)","0","0","0","0","0"
"2024","자치단체이전","자치단체경상보조","문화체육관광부","지역균형발전특별회계","지역지원계정","문화및관광","관광","관광진흥기반확충","관광자원활성화","관광자원 기반조성","국제온천지구 관광거점 조성(대전 유성)","500000","500000","255435","100.0","51.1"
"2024","자치단체이전","자치단체경상보조","문화체육관광부","지역균형발전특별회계","지역지원계정","문화및관광","관광","관광진흥기반확충","관광자원활성화","관광자원 기반조성","이순신장군 승전지 순례길 프로젝트(경상)","200000","200000","0","100.0","0.0"
"2024","자치단체이전","자치단체경상보조","문화체육관광부","지역균형발전특별회계","지역지원계정","문화및관광","관광","관광진흥기반확충","관광자원활성화","폐광지역 관광산업 활성화","폐광지역 관광산업 활성화 사업 지원(강원도, 경상보조)","1450000","1450000","1450000","100.0","100.0"
"2024","자치단체이전","자치단체경상보조","문화체육관광부","지역균형발전특별회계","지역지원계정","문화및관광","관광","관광진흥기반확충","관광자원활성화","폐광지역 관광산업 활성화","폐광지역 관광산업 활성화 사업지원(타당성 연구, 충남,경북,전남)","0","0","30750","0","0"
"2024","자치단체이전","자치단체경상보조","문화체육관광부","지역균형발전특별회계","지역지원계정","문화및관광","관광","국내관광활성화","관광인프라 조성","도시관광 및 산업관광 활성화","산업관광 활성화(자치단체경상보조)","0","0","0","0","0"
"2024","자치단체이전","자치단체경상보조","문화체육관광부","지역균형발전특별회계","지역지원계정","문화및관광","관광","국내관광활성화","관광인프라 조성","도시관광 및 산업관광 활성화","생활관광 활성화(자치단체경상보조)","0","0","0","0","0"
"2024","자치단체이전","자치단체경상보조","문화체육관광부","지역균형발전특별회계","지역지원계정","문화및관광","관광","국내관광활성화","관광인프라 조성","도시관광 및 산업관광 활성화","관광거점도시 육성(경상보조)","30284000","28670500","23926171","94.7","83.5"
"2024","자치단체이전","자치단체경상보조","문화체육관광부","지역균형발전특별회계","지역지원계정","문화및관광","관광","관광산업 활성화","관광산업 활성화 지원","지역 의료관광활성화지원","웰니스·의료관광 융복합 클러스터 운영(지역 의료관광 활성화 지원)","3000000","3000000","2867585","100.0","95.6"
"2024","자치단체이전","자치단체경상보조","방위사업청","일반회계"," ","국방","방위력개선","방위사업정책지원","방위산업육성지원","지역연계/생태계기반구축","방산 중소기업 생산성 향상 지원(자치단체경상보조)","0","0","0","0","0"
"2024","자치단체이전","자치단체경상보조","법무부","범죄피해자보호기금"," ","공공질서및안전","법무및검찰","인권활동","성폭력피해자 보호 및 지원","성폭력 피해자 지원","성폭력 피해자 지원(경상보조)","36710000","36706145","34621127","100.0","94.3"
"2024","자치단체이전","자치단체경상보조","보건복지부","국민건강증진기금","국민건강증진계정","사회복지","취약계층지원","장애인생활안정 및 재활 지원","장애인의료재활지원(국민건강증진기금)","권역재활병원 지원","권역재활병원 공공재활프로그램 운영지원","684000","684000","678565","100.0","99.2"
"2024","자치단체이전","자치단체경상보조","보건복지부","국민건강증진기금","국민건강증진계정","사회복지","취약계층지원","장애인생활안정 및 재활 지원","장애인의료재활지원(국민건강증진기금)","공공어린이재활병원 건립","공공어린이재활병원센터 운영지원","1740000","1740000","1739986","100.0","100.0"
"2024","자치단체이전","자치단체경상보조","보건복지부","국민건강증진기금","국민건강증진계정","사회복지","취약계층지원","장애인생활안정 및 재활 지원","장애인의료재활지원(국민건강증진기금)","공공어린이재활병원 건립","공공어린이재활병원센터 공공재활프로그램 운영지원","630000","630000","586729","100.0","93.1"
"2024","자치단체이전","자치단체경상보조","보건복지부","국민건강증진기금","국민건강증진계정","사회복지","아동·보육","저출산대응및인구정책지원","모자보건사업","모자보건사업","청소년산모 임신출산 의료비 지원","228000","228000","276028","100.0","121.1"
"2024","자치단체이전","자치단체경상보조","보건복지부","국민건강증진기금","국민건강증진계정","사회복지","아동·보육","저출산대응및인구정책지원","모자보건사업","모자보건사업","고위험 임산부 의료비 지원","6753000","6753000","5379283","100.0","79.7"
"2024","자치단체이전","자치단체경상보조","보건복지부","국민건강증진기금","국민건강증진계정","사회복지","아동·보육","저출산대응및인구정책지원","모자보건사업","모자보건사업","모자보건사업  보조인력비","1036000","1036000","985991","100.0","95.2"
"2024","자치단체이전","자치단체경상보조","보건복지부","국민건강증진기금","국민건강증진계정","사회복지","아동·보육","저출산대응및인구정책지원","모자보건사업","모자보건사업","권역 난임·우울증상담센터 설치·운영","1071000","1071000","995723","100.0","93.0"
"2024","자치단체이전","자치단체경상보조","보건복지부","국민건강증진기금","국민건강증진계정","사회복지","아동·보육","저출산대응및인구정책지원","모자보건사업","모자보건사업","생애 초기 건강관리 시범사업","5072000","3723118","3395872","73.4","91.2"
"2024","자치단체이전","자치단체경상보조","보건복지부","국민건강증진기금","국민건강증진계정","사회복지","아동·보육","저출산대응및인구정책지원","모자보건사업","모자보건사업","냉동난자 사용 보조생식술 지원","550000","550000","59714","100.0","10.9"
"2024","자치단체이전","자치단체경상보조","보건복지부","국민건강증진기금","국민건강증진계정","사회복지","아동·보육","저출산대응및인구정책지원","모자보건사업","모자보건사업","임신 사전건강관리 지원(지방자치단체 보조)","6150000","6150000","4546089","100.0","73.9"
"2024","자치단체이전","자치단체경상보조","보건복지부","국민건강증진기금","국민건강증진계정","사회복지","아동·보육","저출산대응및인구정책지원","모자보건사업","영유아 사전예방적 건강관리","미숙아 및 선천성이상아 의료비 지원","3581928","3581928","4106432","100.0","114.6"
"2024","자치단체이전","자치단체경상보조","보건복지부","국민건강증진기금","국민건강증진계정","사회복지","아동·보육","저출산대응및인구정책지원","모자보건사업","영유아 사전예방적 건강관리","선천성대사이상 검사 및 환아관리","3212438","3212438","3892231","100.0","121.2"
"2024","자치단체이전","자치단체경상보조","보건복지부","국민건강증진기금","국민건강증진계정","사회복지","아동·보육","저출산대응및인구정책지원","모자보건사업","영유아 사전예방적 건강관리","선천성 난청검사 및 보청기 지원","501634","501634","370088","100.0","73.8"
"2024","자치단체이전","자치단체경상보조","보건복지부","국민건강증진기금","국민건강증진계정","사회복지","노인","노인의료보장","치매관리사업지원","치매관리체계 구축","공립요양병원 확충 BTL 정부지급금","3726000","3683000","3675422","98.8","99.8"
"2024","자치단체이전","자치단체경상보조","보건복지부","국민건강증진기금","국민건강증진계정","사회복지","노인","노인의료보장","치매관리사업지원","치매관리체계 구축","치매안심센터 운영지원","167047000","167047000","162118358","100.0","97.0"
"2024","자치단체이전","자치단체경상보조","보건복지부","국민건강증진기금","국민건강증진계정","사회복지","노인","노인의료보장","치매관리사업지원","치매관리체계 구축","공립요양병원 공공보건사업(치매환자지원프로그램)운영지원","3876000","3876000","3851586","100.0","99.4"
"2024","자치단체이전","자치단체경상보조","보건복지부","국민건강증진기금","국민건강증진계정","사회복지","노인","노인의료보장","치매관리사업지원","치매관리체계 구축","광역치매센터 운영","7776000","7776000","7773538","100.0","100.0"
"2024","자치단체이전","자치단체경상보조","보건복지부","국민건강증진기금","국민건강증진계정","사회복지","노인","노인의료보장","치매관리사업지원","치매관리체계 구축","치매공공후견 지원","593000","593000","558764","100.0","94.2"
"2024","자치단체이전","자치단체경상보조","보건복지부","국민건강증진기금","국민건강증진계정","사회복지","노인","노인의료보장","노인건강관리","노인건강관리","요실금 치료 지원 사업","975000","237750","35803","24.4","15.1"
"2024","자치단체이전","자치단체경상보조","보건복지부","국민건강증진기금","국민건강증진계정","보건","보건의료","공공보건의료확충","국가암관리사업지원","국가암관리","국가암관리 지자체 지원","41950000","41900000","45035357","99.9","107.5"
"2024","자치단체이전","자치단체경상보조","보건복지부","국민건강증진기금","국민건강증진계정","보건","보건의료","국민건강생활실천","보건소건강증진","건강증진사업관리","통합건강증진사업","52359000","52334901","50768554","100.0","97.0"
"2024","자치단체이전","자치단체경상보조","보건복지부","국민건강증진기금","국민건강증진계정","보건","보건의료","국민건강생활실천","보건소건강증진","건강증진사업관리","모바일 헬스케어","0","0","0","0","0"
"2024","자치단체이전","자치단체경상보조","보건복지부","국민건강증진기금","국민건강증진계정","보건","보건의료","국민건강생활실천","만성질환예방관리","국가건강검진사업 운영","의료급여수급권자 일반건강검진 지원","6621000","6621000","7773945","100.0","117.4"
"2024","자치단체이전","자치단체경상보조","보건복지부","국민건강증진기금","국민건강증진계정","보건","보건의료","국민건강생활실천","만성질환예방관리","국가건강검진사업 운영","영유아 발달 정밀검사비 지원","785000","785000","692799","100.0","88.3"
"2024","자치단체이전","자치단체경상보조","보건복지부","국민건강증진기금","국민건강증진계정","보건","보건의료","국민건강생활실천","만성질환예방관리","국가건강검진사업 운영","의료급여수급권자 영유아건강검진 지원","648000","648000","701993","100.0","108.3"
"2024","자치단체이전","자치단체경상보조","보건복지부","국민건강증진기금","국민건강증진계정","보건","보건의료","국민건강생활실천","만성질환예방관리","국가건강검진사업 운영","의료급여수급자건강검진 사업운영비","254000","254000","265847","100.0","104.7"
"2024","자치단체이전","자치단체경상보조","보건복지부","국민건강증진기금","국민건강증진계정","보건","보건의료","국민건강생활실천","금연사업","국가금연지원서비스","학교흡연예방사업","18345000","18188146","16709156","99.1","91.9"
"2024","자치단체이전","자치단체경상보조","보건복지부","국민건강증진기금","국민건강증진계정","보건","보건의료","국민건강생활실천","금연사업","국가금연지원서비스","지역사회중심금연지원서비스","31313000","31313000","30383477","100.0","97.0"
"2024","자치단체이전","자치단체경상보조","보건복지부","국민건강증진기금","국민건강증진계정","보건","보건의료","국민건강생활실천","금연사업","국가금연지원서비스","저소득층 금연치료지원사업","3619000","3619000","3619000","100.0","100.0"
"2024","자치단체이전","자치단체경상보조","보건복지부","국민건강증진기금","국민건강증진계정","보건","보건의료","국민건강생활실천","정신건강증진사업","정신건강 증진사업","광역정신건강복지센터 운영","2287000","2286976","2280211","100.0","99.7"
"2024","자치단체이전","자치단체경상보조","보건복지부","국민건강증진기금","국민건강증진계정","보건","보건의료","국민건강생활실천","정신건강증진사업","정신건강 증진사업","기초정신건강복지센터 운영","5877000","5748750","5559674","97.8","96.7"
"2024","자치단체이전","자치단체경상보조","보건복지부","국민건강증진기금","국민건강증진계정","보건","보건의료","국민건강생활실천","정신건강증진사업","정신건강 증진사업","정신건강복지센터 인력지원","83077000","83077000","79009257","100.0","95.1"
"2024","자치단체이전","자치단체경상보조","보건복지부","국민건강증진기금","국민건강증진계정","보건","보건의료","국민건강생활실천","정신건강증진사업","정신건강 증진사업","통합정신건강증진사업","32724000","31910527","31003835","97.5","97.2"
"2024","자치단체이전","자치단체경상보조","보건복지부","국민건강증진기금","국민건강증진계정","보건","보건의료","국민건강생활실천","정신건강증진사업","정신건강 증진사업","노숙자 등 중독자사례관리","300000","300000","300000","100.0","100.0"
"2024","자치단체이전","자치단체경상보조","보건복지부","국민건강증진기금","국민건강증진계정","보건","보건의료","국민건강생활실천","정신건강증진사업","정신건강 증진사업","세월호 피해자 트라우마센터","2000000","2000000","2000000","100.0","100.0"
"2024","자치단체이전","자치단체경상보조","보건복지부","국민건강증진기금","국민건강증진계정","보건","보건의료","국민건강생활실천","정신건강증진사업","자살예방 및 생명존중 문화조성","자살 유족 지원사업","4296000","4296000","3835426","100.0","89.3"
"2024","자치단체이전","자치단체경상보조","보건복지부","국민건강증진기금","국민건강증진계정","보건","보건의료","국민건강생활실천","정신건강증진사업","자살예방 및 생명존중 문화조성","자살예방센터 자살예방사업 인력 지원","9259000","9259000","8815312","100.0","95.2"
"2024","자치단체이전","자치단체경상보조","보건복지부","국민건강증진기금","국민건강증진계정","보건","보건의료","국민건강생활실천","정신건강증진사업","자살예방 및 생명존중 문화조성","자살예방사업(지정)","290000","270000","269999","93.1","100.0"
"2024","자치단체이전","자치단체경상보조","보건복지부","국민건강증진기금","국민건강증진계정","보건","보건의료","국민건강생활실천","정신건강증진사업","자살예방 및 생명존중 문화조성","자살예방사업","4524000","4524000","4401429","100.0","97.3"
"2024","자치단체이전","자치단체경상보조","보건복지부","국민건강증진기금","국민건강증진계정","보건","보건의료","국민건강생활실천","정신건강증진사업","자살예방 및 생명존중 문화조성","자살예방 실무자 등 정신건강증진","544000","544000","542333","100.0","99.7"
"2024","자치단체이전","자치단체경상보조","보건복지부","국민건강증진기금","국민건강증진계정","보건","보건의료","감염병정책관리","감염병관리 및 지원","감염병예방관리 및 지원","진드기매개 감염병 예방관리(자치단체)","296000","296000","296906","100.0","100.3"
"2024","자치단체이전","자치단체경상보조","보건복지부","국민건강증진기금","국민건강증진계정","보건","보건의료","감염병정책관리","감염병관리 및 지원","감염병예방관리 및 지원","말라리아 퇴치사업","1484000","1484000","1325660","100.0","89.3"
"2024","자치단체이전","자치단체경상보조","보건복지부","국민건강증진기금","국민건강증진계정","보건","보건의료","감염병정책관리","감염병관리 및 지원","감염병예방관리 및 지원","격리대상 감염병환자 격리치료비 지원","320000","317000","136857","99.1","43.2"
"2024","자치단체이전","자치단체경상보조","보건복지부","국민건강증진기금","국민건강증진계정","보건","보건의료","감염병정책관리","감염병관리 및 지원","감염병예방관리 및 지원","해외유입 모기매개감염병관리","80000","80000","79780","100.0","99.7"
"2024","자치단체이전","자치단체경상보조","보건복지부","국민건강증진기금","국민건강증진계정","보건","보건의료","감염병정책관리","감염병관리 및 지원","감염병예방관리 및 지원","시도감염병관리지원단 운영지원","5191000","5185000","4895511","99.9","94.4"
"2024","자치단체이전","자치단체경상보조","보건복지부","국민건강증진기금","국민건강증진계정","보건","보건의료","감염병정책관리","감염병관리 및 지원","감염병예방관리 및 지원","주요감염병 표본감시사업 ","835000","829448","797298","99.3","96.1"
"2024","자치단체이전","자치단체경상보조","보건복지부","국민건강증진기금","국민건강증진계정","보건","보건의료","감염병정책관리","감염병관리 및 지원","감염병예방관리 및 지원","의료관련 감염관리 및 감시체계 운영","800000","798200","791811","99.8","99.2"
"2024","자치단체이전","자치단체경상보조","보건복지부","국민건강증진기금","국민건강증진계정","보건","보건의료","감염병정책관리","성매개감염병 및 에이즈관리","에이즈 및 성병예방","에이즈 및 성병예방 지자체보조","10666000","10666000","11140211","100.0","104.4"
"2024","자치단체이전","자치단체경상보조","보건복지부","국민건강증진기금","국민건강증진계정","보건","보건의료","감염병정책관리","결핵관리","국가결핵예방","IGRA검사지원","920000","882750","864953","96.0","98.0"
"2024","자치단체이전","자치단체경상보조","보건복지부","국민건강증진기금","국민건강증진계정","보건","보건의료","감염병정책관리","결핵관리","국가결핵예방","의료기관 결핵환자 관리지원","11079000","11059961","10734970","99.8","97.1"
"2024","자치단체이전","자치단체경상보조","보건복지부","국민건강증진기금","국민건강증진계정","보건","보건의료","감염병정책관리","결핵관리","국가결핵예방","결핵요양시설 운영지원","352000","352000","298788","100.0","84.9"
"2024","자치단체이전","자치단체경상보조","보건복지부","국민건강증진기금","국민건강증진계정","보건","보건의료","감염병정책관리","결핵관리","국가결핵예방","보건소결핵관리사업","17513000","17334700","15231325","99.0","87.9"
"2024","자치단체이전","자치단체경상보조","보건복지부","국민건강증진기금","국민건강증진계정","보건","보건의료","감염병위기대응","생물테러대응체계강화","생물테러 대비·대응 역량강화","생물테러 대비 비축의약품 지역거점 운영","0","0","0","0","0"
"2024","자치단체이전","자치단체경상보조","보건복지부","국민건강증진기금","국민건강증진계정","보건","보건의료","감염병위기대응","생물테러대응체계강화","생물테러 대비·대응 역량강화","생물테러초동대응요원 교육 및 훈련지원(경상보조)","250000","250000","237940","100.0","95.2"
"2024","자치단체이전","자치단체경상보조","보건복지부","국민건강증진기금","국민건강증진계정","보건","보건의료","감염병위기대응","생물테러대응체계강화","생물테러 대비·대응 역량강화","생물테러초동대응요원교육및훈련지원(개인보호구 구매지원 Level C)","0","0","0","0","0"
"2024","자치단체이전","자치단체경상보조","보건복지부","국민건강증진기금","국민건강증진계정","보건","보건의료","감염병진단분석","감염병진단인프라구축","지역거점진단 인프라 구축","지역거점진단센터 운영비 지원","4125000","4125000","4012366","100.0","97.3"
"2024","자치단체이전","자치단체경상보조","보건복지부","국민건강증진기금","국민건강증진계정","보건","보건의료","감염병진단분석","감염병진단인프라구축","지역거점진단 인프라 구축","세계보건기구 표준실험실운영(폴리오 환경감시체계운영)","20000","20000","19504","100.0","97.5"
"2024","자치단체이전","자치단체경상보조","보건복지부","국민건강증진기금","국민건강증진계정","보건","보건의료","감염병진단분석","감염병진단인프라구축","질병조사관리 및 실험실감시망운영","수인성식품매개 감염병 감시망 운영","330000","330000","325342","100.0","98.6"
"2024","자치단체이전","자치단체경상보조","보건복지부","국민건강증진기금","국민건강증진계정","보건","보건의료","감염병진단분석","감염병진단인프라구축","질병조사관리 및 실험실감시망운영","노로바이러스대응 국가 실험실 감시망 운영","162000","162000","161348","100.0","99.6"
"2024","자치단체이전","자치단체경상보조","보건복지부","국민건강증진기금","국민건강증진계정","보건","보건의료","감염병진단분석","감염병진단인프라구축","질병조사관리 및 실험실감시망운영","급성호흡기바이러스 실험실 감시망 운영","432000","432000","431020","100.0","99.8"
"2024","자치단체이전","자치단체경상보조","보건복지부","국민건강증진기금","국민건강증진계정","보건","보건의료","감염병진단분석","감염병진단인프라구축","질병조사관리 및 실험실감시망운영","해양환경 내 병원성 비브리오균 실험실 감시사업","25000","25000","25000","100.0","100.0"
"2024","자치단체이전","자치단체경상보조","보건복지부","국민건강증진기금","국민건강증진계정","보건","보건의료","감염병진단분석","감염병진단인프라구축","질병조사관리 및 실험실감시망운영","뇌염증후군 병원체 통합감시","11000","11000","10911","100.0","99.2"
"2024","자치단체이전","자치단체경상보조","보건복지부","국민건강증진기금","국민건강증진계정","보건","보건의료","감염병진단분석","감염병진단인프라구축","매개체 및 기생충 진단·감시·분석","위험지역주민 기생충질환조사","124000","124000","123191","100.0","99.3"
"2024","자치단체이전","자치단체경상보조","보건복지부","국민건강증진기금","국민건강증진계정","보건","보건의료","의료안전예방관리","예방접종관리","국가예방접종실시","국가예방접종 실시","350008000","350008000","353340488","100.0","101.0"
"2024","자치단체이전","자치단체경상보조","보건복지부","국민건강증진기금","국민건강증진계정","보건","보건의료","의료안전예방관리","예방접종관리","국가예방접종실시","예방접종등록센터 운영","3656000","3655891","3417484","100.0","93.5"
"2024","자치단체이전","자치단체경상보조","보건복지부","국민건강증진기금","국민건강증진계정","보건","보건의료","의료안전예방관리","예방접종관리","국가예방접종실시","예방접종 후 이상반응 역학조사활동 지원","108000","103756","91581","96.1","88.3"
"2024","자치단체이전","자치단체경상보조","보건복지부","국민건강증진기금","국민건강증진계정","보건","보건의료","의료안전예방관리","예방접종관리","국가예방접종실시","위탁의료기관 예방접종 시행비","57671000","57671000","46599775","100.0","80.8"
"2024","자치단체이전","자치단체경상보조","보건복지부","국민건강증진기금","국민건강증진계정","보건","보건의료","만성질환관리","만성질환예방관리","만성질환 예방관리","심뇌혈관질환예방관리사업 지자체보조","9005000","9005000","8773820","100.0","97.4"
"2024","자치단체이전","자치단체경상보조","보건복지부","국민건강증진기금","국민건강증진계정","보건","보건의료","만성질환관리","만성질환예방관리","만성질환 예방관리","시도 아토피·천식 교육정보센터 운영","2070000","2070000","2067477","100.0","99.9"
"2024","자치단체이전","자치단체경상보조","보건복지부","국민건강증진기금","국민건강증진계정","보건","보건의료","만성질환관리","만성질환예방관리","만성질환 예방관리","암 역학조사","250000","0","0","0.0","0"
"2024","자치단체이전","자치단체경상보조","보건복지부","국민건강증진기금","국민건강증진계정","보건","보건의료","만성질환관리","만성질환예방관리","만성질환 관리체계 구축","보건소 만성질환 전문가 육성(만성질환 사업기획 및  건강조사 FMTP)(본청)","6","0","0","0.0","0"
"2024","자치단체이전","자치단체경상보조","보건복지부","국민건강증진기금","국민건강증진계정","보건","보건의료","만성질환관리","만성질환예방관리","만성질환 관리체계 구축","지역 보건사업 우수사례 발굴 역량강화 교육과정 운영(본청)","72","0","0","0.0","0"
"2024","자치단체이전","자치단체경상보조","보건복지부","국민건강증진기금","국민건강증진계정","보건","보건의료","만성질환관리","만성질환예방관리","만성질환 관리체계 구축","보건소 만성질환 전문가 육성(만성질환 사업기획 및 건강조사 FMTP)(경북권)","44154","44154","42816","100.0","97.0"
"2024","자치단체이전","자치단체경상보조","보건복지부","국민건강증진기금","국민건강증진계정","보건","보건의료","만성질환관리","만성질환예방관리","만성질환 관리체계 구축","지역 보건사업 우수사례 발굴 역량강화 교육과정 운영(경북권)","28458","28458","27540","100.0","96.8"
"2024","자치단체이전","자치단체경상보조","보건복지부","국민건강증진기금","국민건강증진계정","보건","보건의료","만성질환관리","만성질환예방관리","만성질환 관리체계 구축","지역내 소지역 건강격차 해소사업(경북권)","200000","200000","191690","100.0","95.8"
"2024","자치단체이전","자치단체경상보조","보건복지부","국민건강증진기금","국민건강증진계정","보건","보건의료","만성질환관리","만성질환예방관리","만성질환 관리체계 구축","보건소 만성질환 전문가 육성(만성질환 사업기획 및 건강조사 FMTP)(호남권)","60210","60210","58869","100.0","97.8"
"2024","자치단체이전","자치단체경상보조","보건복지부","국민건강증진기금","국민건강증진계정","보건","보건의료","만성질환관리","만성질환예방관리","만성질환 관리체계 구축","지역 보건사업 우수사례 발굴 역량강화 교육과정 운영(호남권)","44064","44064","43144","100.0","97.9"
"2024","자치단체이전","자치단체경상보조","보건복지부","국민건강증진기금","국민건강증진계정","보건","보건의료","만성질환관리","만성질환예방관리","만성질환 관리체계 구축","지역내 소지역 건강격차 해소사업(호남권)","200000","200000","199429","100.0","99.7"
"2024","자치단체이전","자치단체경상보조","보건복지부","국민건강증진기금","국민건강증진계정","보건","보건의료","만성질환관리","만성질환예방관리","만성질환 관리체계 구축","보건소 만성질환 전문가 육성(만성질환 사업기획 및  건강조사 FMTP)(수도권)","94998","94998","93660","100.0","98.6"
"2024","자치단체이전","자치단체경상보조","보건복지부","국민건강증진기금","국민건강증진계정","보건","보건의료","만성질환관리","만성질환예방관리","만성질환 관리체계 구축","지역 내 소지역 건강격차 해소사업(경남권)","400000","400000","399987","100.0","100.0"
"2024","자치단체이전","자치단체경상보조","보건복지부","국민건강증진기금","국민건강증진계정","보건","보건의료","만성질환관리","만성질환예방관리","만성질환 관리체계 구축","지역 보건사업 우수사례 발굴 역량강화 교육과정 운영(수도권)","51408","51408","49572","100.0","96.4"
"2024","자치단체이전","자치단체경상보조","보건복지부","국민건강증진기금","국민건강증진계정","보건","보건의료","만성질환관리","만성질환예방관리","만성질환 관리체계 구축","지역내 소지역 건강격차 해소사업(수도권) ","400000","400000","373949","100.0","93.5"
"2024","자치단체이전","자치단체경상보조","보건복지부","국민건강증진기금","국민건강증진계정","보건","보건의료","만성질환관리","만성질환예방관리","만성질환 관리체계 구축","보건소 만성질환 전문가 육성(만성질환 사업기획 및  건강조사 FMTP)(경남권)","46830","46830","45492","100.0","97.1"
"2024","자치단체이전","자치단체경상보조","보건복지부","국민건강증진기금","국민건강증진계정","보건","보건의료","만성질환관리","만성질환예방관리","만성질환 관리체계 구축","지역 보건사업 우수사례 발굴 역량강화 교육과정 운영(경남권)","32130","32130","32130","100.0","100.0"
"2024","자치단체이전","자치단체경상보조","보건복지부","국민건강증진기금","국민건강증진계정","보건","보건의료","만성질환관리","만성질환예방관리","만성질환 관리체계 구축","보건소 만성질환 전문가 육성(만성질환 사업기획 및 건강조사 FMTP)(충청권)","38802","38802","37464","100.0","96.6"
"2024","자치단체이전","자치단체경상보조","보건복지부","국민건강증진기금","국민건강증진계정","보건","보건의료","만성질환관리","만성질환예방관리","만성질환 관리체계 구축","지역 보건사업 우수사례 발굴 역량강화 교육과정 운영(충청권)","23868","23868","23002","100.0","96.4"
"2024","자치단체이전","자치단체경상보조","보건복지부","국민건강증진기금","국민건강증진계정","보건","보건의료","만성질환관리","만성질환예방관리","만성질환 관리체계 구축","지역 내 소지역 건강격차 해소사업(충청권)","200000","200000","185079","100.0","92.5"
"2024","자치단체이전","자치단체경상보조","보건복지부","국민건강증진기금","국민건강증진계정","보건","보건의료","만성질환관리","만성질환예방관리","만성질환 관리체계 구축","지역사회건강조사 조사분석 위탁운영(수도권)","3485725","3485725","3484323","100.0","100.0"
"2024","자치단체이전","자치단체경상보조","보건복지부","국민건강증진기금","국민건강증진계정","보건","보건의료","만성질환관리","만성질환예방관리","만성질환 관리체계 구축","지역사회건강조사 조사분석 위탁운영(충청권)","1232021","1232021","1231526","100.0","100.0"
"2024","자치단체이전","자치단체경상보조","보건복지부","국민건강증진기금","국민건강증진계정","보건","보건의료","만성질환관리","만성질환예방관리","만성질환 관리체계 구축","지역사회건강조사 조사분석 위탁운영(호남권)","1584964","1584964","1584621","100.0","100.0"
"2024","자치단체이전","자치단체경상보조","보건복지부","국민건강증진기금","국민건강증진계정","보건","보건의료","만성질환관리","만성질환예방관리","만성질환 관리체계 구축","지역사회건강조사 조사분석 위탁운영(경북권)","1124331","1124331","1116906","100.0","99.3"
"2024","자치단체이전","자치단체경상보조","보건복지부","국민건강증진기금","국민건강증진계정","보건","보건의료","만성질환관리","만성질환예방관리","만성질환 관리체계 구축","지역사회건강조사 조사분석 위탁운영(경남권)","1412959","1412959","1412896","100.0","100.0"
"2024","자치단체이전","자치단체경상보조","보건복지부","국민건강증진기금","국민건강증진계정","보건","보건의료","만성질환관리","희귀질환자지원","희귀질환자지원","희귀질환자 의료비 지원사업","32750000","32750000","37534592","100.0","114.6"
"2024","자치단체이전","자치단체경상보조","보건복지부","응급의료기금"," ","보건","보건의료","응급의료체계운영지원","응급의료 안전망 및 생활화 지원","응급처치 활성화 지원","심폐소생술 등 응급처치 교육비지원","2500000","2500000","2424705","100.0","97.0"
"2024","자치단체이전","자치단체경상보조","보건복지부","응급의료기금"," ","보건","보건의료","응급의료체계운영지원","응급의료 안전망 및 생활화 지원","국가 재난의료체계 운영","재난응급의료 무선통신망 운영","481000","481000","428812","100.0","89.2"
"2024","자치단체이전","자치단체경상보조","보건복지부","응급의료기금"," ","보건","보건의료","응급의료체계운영지원","응급의료 안전망 및 생활화 지원","국가 재난의료체계 운영","재난거점병원 운영지원","1539000","1539000","1454801","100.0","94.5"
"2024","자치단체이전","자치단체경상보조","보건복지부","응급의료기금"," ","보건","보건의료","응급의료체계운영지원","응급의료 안전망 및 생활화 지원","국가 재난의료체계 운영","신속대응반 운영지원","363000","362180","351490","99.8","97.0"
"2024","자치단체이전","자치단체경상보조","보건복지부","응급의료기금"," ","보건","보건의료","응급의료체계운영지원","현장 및 이송체계 지원","응급의료이송체계 지원","응급의료 전용헬기 운영비","23354000","22554000","21692317","96.6","96.2"
"2024","자치단체이전","자치단체경상보조","보건복지부","응급의료기금"," ","보건","보건의료","응급의료체계운영지원","현장 및 이송체계 지원","응급의료이송체계 지원","중증응급환자 이송체계 운영지원","221000","221000","92502","100.0","41.9"
"2024","자치단체이전","자치단체경상보조","보건복지부","응급의료기금"," ","보건","보건의료","응급의료체계운영지원","응급의료기관 지원","응급의료기관지원발전프로그램","응급의료기관 지원","42892000","37064850","36464128","86.4","98.4"
"2024","자치단체이전","자치단체경상보조","보건복지부","응급의료기금"," ","보건","보건의료","응급의료체계운영지원","응급의료기관 지원","응급의료기관지원발전프로그램","응급의료체계 효율화","6780000","6780000","5996821","100.0","88.4"
"2024","자치단체이전","자치단체경상보조","보건복지부","응급의료기금"," ","보건","보건의료","응급의료체계운영지원","응급의료기관 지원","취약지역 응급의료기관 육성","취약지 응급실 운영기관 지원","20631000","20626000","20260312","100.0","98.2"
"2024","자치단체이전","자치단체경상보조","보건복지부","응급의료기금"," ","보건","보건의료","응급의료체계운영지원","응급의료기관 지원","취약지역 응급의료기관 육성","취약지 응급실 의료인력 파견","1500000","1459031","1323004","97.3","90.7"
"2024","자치단체이전","자치단체경상보조","보건복지부","응급의료기금"," ","보건","보건의료","응급의료체계운영지원","응급의료기관 지원","취약지역 응급의료기관 육성","취약지 응급원격협진 네트워크 운영","220000","220000","88600","100.0","40.3"
"2024","자치단체이전","자치단체경상보조","보건복지부","응급의료기금"," ","보건","보건의료","응급의료체계운영지원","응급의료기관 지원","중증외상 전문진료체계 구축","권역외상센터 운영지원(자치단체경상보조)","55162000","54605474","49516318","99.0","90.7"
"2024","자치단체이전","자치단체경상보조","보건복지부","응급의료기금"," ","보건","보건의료","응급의료체계운영지원","응급의료기관 지원","고위험 산모·신생아 지원","고위험 산모 맞춤형 지원","150000","150000","149855","100.0","99.9"
"2024","자치단체이전","자치단체경상보조","보건복지부","응급의료기금"," ","보건","보건의료","응급의료체계운영지원","응급의료서비스 향상 지원","중앙응급의료센터 운영지원","응급의료지원센터 운영지원","1590000","1590000","1527921","100.0","96.1"
"2024","자치단체이전","자치단체경상보조","보건복지부","응급의료기금"," ","보건","보건의료","응급의료체계운영지원","119구급 운영지원","119구급대 지원","119구급상황관리센터 운영지원","5123000","5123000","5026314","100.0","98.1"
"2024","자치단체이전","자치단체경상보조","보건복지부","응급의료기금"," ","보건","보건의료","응급의료체계운영지원","신종감염병 대응체계 구축","국가지정 입원치료병상 운영관리","국가지정입원치료병상 운영비 지원","3712000","3712000","3589841","100.0","96.7"
"2024","자치단체이전","자치단체경상보조","보건복지부","일반회계"," ","사회복지","기초생활보장","기초생활보장","기초생활급여","생계급여","생계급여","7535928000","7358909999","14101217033","97.7","191.6"
"2024","자치단체이전","자치단체경상보조","보건복지부","일반회계"," ","사회복지","기초생활보장","기초생활보장","기초생활급여","해산장제급여","해산장제급여","42613000","42613000","81217490","100.0","190.6"
"2024","자치단체이전","자치단체경상보조","보건복지부","일반회계"," ","사회복지","기초생활보장","기초생활보장","의료급여","의료급여","의료급여 자치단체경상보조","8935505000","8435505000","8466241833","94.4","100.4"
"2024","자치단체이전","자치단체경상보조","보건복지부","일반회계"," ","사회복지","기초생활보장","기초생활보장","긴급복지","긴급복지","긴급복지","358212000","358212000","511231480","100.0","142.7"
"2024","자치단체이전","자치단체경상보조","보건복지부","일반회계"," ","사회복지","기초생활보장","기초생활보장","자활지원","자활사업","자활근로","659462000","659462000","713177429","100.0","108.1"
"2024","자치단체이전","자치단체경상보조","보건복지부","일반회계"," ","사회복지","기초생활보장","기초생활보장","자활지원","자활사업","지역자활센터 운영지원","68235000","68235000","67464284","100.0","98.9"
"2024","자치단체이전","자치단체경상보조","보건복지부","일반회계"," ","사회복지","기초생활보장","기초생활보장","자활지원","자활사업","광역자활센터 운영지원","6788000","6788000","6718131","100.0","99.0"
"2024","자치단체이전","자치단체경상보조","보건복지부","일반회계"," ","사회복지","기초생활보장","기초생활보장","자활지원","근로능력있는수급자의탈수급지원","자산형성지원사업","269966000","269966000","365501969","100.0","135.4"
"2024","자치단체이전","자치단체경상보조","보건복지부","일반회계"," ","사회복지","취약계층지원","장애인생활안정 및 재활 지원","장애인소득보장","장애수당(기초)","장애수당(기초) 지급","150633000","148234920","233438834","98.4","157.5"
"2024","자치단체이전","자치단체경상보조","보건복지부","일반회계"," ","사회복지","취약계층지원","장애인생활안정 및 재활 지원","장애인소득보장","장애수당(차상위 등)","장애수당(차상위 등) 지급","74662080","74662080","114403445","100.0","153.2"
"2024","자치단체이전","자치단체경상보조","보건복지부","일반회계"," ","사회복지","취약계층지원","장애인생활안정 및 재활 지원","장애인소득보장","장애정도심사제도 운영","저소득장애인 진단서 발급비 및 검사비 지원","588000","588000","777620","100.0","132.2"
"2024","자치단체이전","자치단체경상보조","보건복지부","일반회계"," ","사회복지","취약계층지원","장애인생활안정 및 재활 지원","장애인소득보장","장애인연금","장애인연금 급여","892627000","892627000","1373310497","100.0","153.9"
"2024","자치단체이전","자치단체경상보조","보건복지부","일반회계"," ","사회복지","취약계층지원","장애인생활안정 및 재활 지원","장애인소득보장","장애인의료비지원","장애인의료비 지원","35568000","35568000","39809796","100.0","111.9"
"2024","자치단체이전","자치단체경상보조","보건복지부","일반회계"," ","사회복지","취약계층지원","장애인생활안정 및 재활 지원","장애인사회참여 기반조성","장애인보조기기지원","보조기기교부","1847000","1847000","2052122","100.0","111.1"
"2024","자치단체이전","자치단체경상보조","보건복지부","일반회계"," ","사회복지","취약계층지원","장애인생활안정 및 재활 지원","장애인사회참여 기반조성","장애인보조기기지원","사례관리","1925000","1925000","1918707","100.0","99.7"
"2024","자치단체이전","자치단체경상보조","보건복지부","일반회계"," ","사회복지","취약계층지원","장애인생활안정 및 재활 지원","장애인선택적복지","장애인활동지원","장애인 활동지원급여 지원","2195257099","2191257099","2376654863","99.8","108.5"
"2024","자치단체이전","자치단체경상보조","보건복지부","일반회계"," ","사회복지","취약계층지원","장애인생활안정 및 재활 지원","장애인선택적복지","장애인활동지원","활동보조 가산급여","65000901","65000901","71409689","100.0","109.9"
"2024","자치단체이전","자치단체경상보조","보건복지부","일반회계"," ","사회복지","취약계층지원","장애인생활안정 및 재활 지원","장애인선택적복지","장애아동가족지원","발달재활서비스 바우처 지원","138288000","138288000","155068445","100.0","112.1"
"2024","자치단체이전","자치단체경상보조","보건복지부","일반회계"," ","사회복지","취약계층지원","장애인생활안정 및 재활 지원","장애인선택적복지","장애아동가족지원","언어발달지원 바우처 지원","651000","651000","690691","100.0","106.1"
"2024","자치단체이전","자치단체경상보조","보건복지부","일반회계"," ","사회복지","취약계층지원","장애인생활안정 및 재활 지원","장애인선택적복지","장애아동가족지원","장애아 가족 양육지원","54615000","54615000","49195425","100.0","90.1"
"2024","자치단체이전","자치단체경상보조","보건복지부","일반회계"," ","사회복지","취약계층지원","장애인생활안정 및 재활 지원","장애인선택적복지","여성장애인지원사업","여성장애인 출산비용지원","761000","760920","1027140","100.0","135.0"
"2024","자치단체이전","자치단체경상보조","보건복지부","일반회계"," ","사회복지","취약계층지원","장애인생활안정 및 재활 지원","장애인선택적복지","여성장애인지원사업","여성장애인 교육지원","1771000","1771000","1742239","100.0","98.4"
"2024","자치단체이전","자치단체경상보조","보건복지부","일반회계"," ","사회복지","취약계층지원","장애인생활안정 및 재활 지원","장애인선택적복지","발달장애인 지원","발달장애인 부모상담 지원","1286000","1286000","1378438","100.0","107.2"
"2024","자치단체이전","자치단체경상보조","보건복지부","일반회계"," ","사회복지","취약계층지원","장애인생활안정 및 재활 지원","장애인선택적복지","발달장애인 지원","지역발달장애인지원센터 운영 지원","5047180","5047180","4904142","100.0","97.2"
"2024","자치단체이전","자치단체경상보조","보건복지부","일반회계"," ","사회복지","취약계층지원","장애인생활안정 및 재활 지원","장애인선택적복지","발달장애인 지원","발달장애인 공공후견비용 지원","2732950","2732950","2308670","100.0","84.5"
"2024","자치단체이전","자치단체경상보조","보건복지부","일반회계"," ","사회복지","취약계층지원","장애인생활안정 및 재활 지원","장애인선택적복지","발달장애인 지원","발달장애인 가족휴식 지원","1876000","1876000","1839624","100.0","98.1"
"2024","자치단체이전","자치단체경상보조","보건복지부","일반회계"," ","사회복지","취약계층지원","장애인생활안정 및 재활 지원","장애인선택적복지","발달장애인 지원","발달장애인 부모교육지원 교육사업비(영유아기, 성인전환기, 성인권)","562000","562000","539599","100.0","96.0"
"2024","자치단체이전","자치단체경상보조","보건복지부","일반회계"," ","사회복지","취약계층지원","장애인생활안정 및 재활 지원","장애인선택적복지","발달장애인 지원","주간활동서비스 바우처지원","202108000","202108000","229704822","100.0","113.7"
"2024","자치단체이전","자치단체경상보조","보건복지부","일반회계"," ","사회복지","취약계층지원","장애인생활안정 및 재활 지원","장애인선택적복지","발달장애인 지원","방과후활동서비스 바우처지원","56490900","56490900","62500247","100.0","110.6"
"2024","자치단체이전","자치단체경상보조","보건복지부","일반회계"," ","사회복지","취약계층지원","장애인생활안정 및 재활 지원","장애인선택적복지","발달장애인 지원","주간활동서비스 운영인력 지원(지역)","1822870","1822870","1765625","100.0","96.9"
"2024","자치단체이전","자치단체경상보조","보건복지부","일반회계"," ","사회복지","취약계층지원","장애인생활안정 및 재활 지원","장애인선택적복지","발달장애인 지원","최중증 발달장애인 24시간 개별 1:1 지원","17563000","17563000","8238345","100.0","46.9"
"2024","자치단체이전","자치단체경상보조","보건복지부","일반회계"," ","사회복지","취약계층지원","장애인생활안정 및 재활 지원","장애인선택적복지","발달장애인 지원","발달장애인 긴급돌봄 운영지원(지역)","885000","885000","787105","100.0","88.9"
"2024","자치단체이전","자치단체경상보조","보건복지부","일반회계"," ","사회복지","취약계층지원","장애인생활안정 및 재활 지원","장애인선택적복지","발달장애인 지원","발달장애인 긴급돌봄 운영","6219000","6219000","5696876","100.0","91.6"
"2024","자치단체이전","자치단체경상보조","보건복지부","일반회계"," ","사회복지","취약계층지원","장애인생활안정 및 재활 지원","장애인선택적복지","발달장애인 지원","최중증 발달장애인 주간 개별 1:1 지원","14192000","14192000","6385990","100.0","45.0"
"2024","자치단체이전","자치단체경상보조","보건복지부","일반회계"," ","사회복지","취약계층지원","장애인생활안정 및 재활 지원","장애인선택적복지","발달장애인 지원","최중증 발달장애인 주간 그룹 1:1 지원","35552100","35552100","4716139","100.0","13.3"
"2024","자치단체이전","자치단체경상보조","보건복지부","일반회계"," ","사회복지","취약계층지원","장애인생활안정 및 재활 지원","장애인선택적복지","발달장애인 지원","발달장애인지원센터운영(최중증지원팀 운영지원)","782000","782000","658172","100.0","84.2"
"2024","자치단체이전","자치단체경상보조","보건복지부","일반회계"," ","사회복지","취약계층지원","장애인생활안정 및 재활 지원","장애인선택적복지","장애인 개인예산제 운영","개별유연화 시범사업 개인예산제 서비스","357000","357000","353150","100.0","98.9"
"2024","자치단체이전","자치단체경상보조","보건복지부","일반회계"," ","사회복지","취약계층지원","장애인생활안정 및 재활 지원","장애인복지시설지원","장애인복지시설 기능보강","장애인생산품판매시설 지원 ","1297119","1295759","1282245","99.9","99.0"
"2024","자치단체이전","자치단체경상보조","보건복지부","일반회계"," ","사회복지","취약계층지원","장애인생활안정 및 재활 지원","장애인복지시설지원","장애인거주시설 운영 지원","장애인거주시설 운영지원","663280000","663280000","610378428","100.0","92.0"
"2024","자치단체이전","자치단체경상보조","보건복지부","일반회계"," ","사회복지","취약계층지원","장애인생활안정 및 재활 지원","장애인복지시설지원","장애인거주시설 운영 지원","장애인거주시설 공기청정기 렌탈지원","192000","192000","192969","100.0","100.5"
"2024","자치단체이전","자치단체경상보조","보건복지부","일반회계"," ","사회복지","취약계층지원","장애인생활안정 및 재활 지원","장애인복지시설지원","장애인거주시설 운영 지원","피해 장애인쉼터 운영지원","1675000","1675000","1672625","100.0","99.9"
"2024","자치단체이전","자치단체경상보조","보건복지부","일반회계"," ","사회복지","취약계층지원","장애인생활안정 및 재활 지원","장애인복지시설지원","장애인거주시설 운영 지원","장애인실비입소이용료지원","1278000","1278000","1371102","100.0","107.3"
"2024","자치단체이전","자치단체경상보조","보건복지부","일반회계"," ","사회복지","취약계층지원","장애인생활안정 및 재활 지원","장애인복지시설지원","장애인거주시설 운영 지원","학대피해장애아동쉼터 운영비","1227000","1227000","1193975","100.0","97.3"
"2024","자치단체이전","자치단체경상보조","보건복지부","일반회계"," ","사회복지","취약계층지원","장애인생활안정 및 재활 지원","장애인복지시설지원","장애인거주시설 운영 지원","장애인거주시설 IoT,AI활용 돌봄사업 운영비","112000","112000","69568","100.0","62.1"
"2024","자치단체이전","자치단체경상보조","보건복지부","일반회계"," ","사회복지","취약계층지원","장애인생활안정 및 재활 지원","장애인일자리지원","장애인일자리지원","복지일자리","56763000","56763000","56852618","100.0","100.2"
"2024","자치단체이전","자치단체경상보조","보건복지부","일반회계"," ","사회복지","취약계층지원","장애인생활안정 및 재활 지원","장애인일자리지원","장애인일자리지원","일반형(전일제) 일자리","105865000","105865000","110444072","100.0","104.3"
"2024","자치단체이전","자치단체경상보조","보건복지부","일반회계"," ","사회복지","취약계층지원","장애인생활안정 및 재활 지원","장애인일자리지원","장애인일자리지원","일반형(시간제) 일자리","27420000","27420000","28247616","100.0","103.0"
"2024","자치단체이전","자치단체경상보조","보건복지부","일반회계"," ","사회복지","취약계층지원","장애인생활안정 및 재활 지원","장애인일자리지원","장애인일자리지원","시각장애인안마사파견사업","20271000","20271000","18942790","100.0","93.4"
"2024","자치단체이전","자치단체경상보조","보건복지부","일반회계"," ","사회복지","취약계층지원","장애인생활안정 및 재활 지원","장애인일자리지원","장애인일자리지원","발달장애인요양보호사보조","11205000","11205000","11388680","100.0","101.6"
"2024","자치단체이전","자치단체경상보조","보건복지부","일반회계"," ","사회복지","취약계층지원","장애인생활안정 및 재활 지원","장애인권익증진 및 자립생활 지원","중증장애인자립생활지원","장애인자립생활지원센터 지원","4928000","4927980","4834948","100.0","98.1"
"2024","자치단체이전","자치단체경상보조","보건복지부","일반회계"," ","사회복지","취약계층지원","장애인생활안정 및 재활 지원","장애인권익증진 및 자립생활 지원","중증장애인자립생활지원","중증장애인 동료상담","2331000","1820608","974554","78.1","53.5"
"2024","자치단체이전","자치단체경상보조","보건복지부","일반회계"," ","사회복지","취약계층지원","장애인생활안정 및 재활 지원","장애인권익증진 및 자립생활 지원","장애인차별금지 모니터링 및 인식개선","지역 장애인권익옹호기관 운영지원","2447850","2447850","2426767","100.0","99.1"
"2024","자치단체이전","자치단체경상보조","보건복지부","일반회계"," ","사회복지","취약계층지원","장애인생활안정 및 재활 지원","장애인권익증진 및 자립생활 지원","장애인건강보건관리사업","장애인건강보건 전달체계","8442000","8202663","7513974","97.2","91.6"
"2024","자치단체이전","자치단체경상보조","보건복지부","일반회계"," ","사회복지","취약계층지원","장애인생활안정 및 재활 지원","장애인권익증진 및 자립생활 지원","장애인건강보건관리사업","장애친화 산부인과 지원 사업 ","750000","750000","590419","100.0","78.7"
"2024","자치단체이전","자치단체경상보조","보건복지부","일반회계"," ","사회복지","사회복지일반","사회복지기반조성","사회복지사업지원","복지소외계층 발굴 및 민간자원 연계지원","사회보장 특별지원구역 운영","1200000","1200000","1178217","100.0","98.2"
"2024","자치단체이전","자치단체경상보조","보건복지부","일반회계"," ","사회복지","사회복지일반","사회복지기반조성","사회복지사업지원","사회복지시설 종사자 대체인력 지원","시도 대체인력 인건비 및 운영비","6365000","6364976","6080668","100.0","95.5"
"2024","자치단체이전","자치단체경상보조","보건복지부","일반회계"," ","사회복지","사회복지일반","사회복지기반조성","사회복지사업지원","지역사회 보건복지 연계 재가 서비스 체계 구축","지역 의료·돌봄 연계 체계 구축","6420000","6420000","6083425","100.0","94.8"
"2024","자치단체이전","자치단체경상보조","보건복지부","일반회계"," ","사회복지","사회복지일반","사회복지기반조성","복지사업평가","지역복지사업 평가 및 지원","사회보장 특별지원구역 운영","0","0","0","0","0"
"2024","자치단체이전","자치단체경상보조","보건복지부","일반회계"," ","사회복지","사회복지일반","사회복지기반조성","복지사업평가","지역복지사업 평가 및 지원","지역사회보장협의체 역량강화 컨퍼런스","0","0","0","0","0"
"2024","자치단체이전","자치단체경상보조","보건복지부","일반회계"," ","사회복지","사회복지일반","사회복지기반조성","지역자율형 사회서비스 투자사업","지역자율형 사회서비스 투자사업 및 일자리 운영","지역사회서비스 청년사업단","1423480","1421910","1368413","99.9","96.2"
"2024","자치단체이전","자치단체경상보조","보건복지부","일반회계"," ","사회복지","사회복지일반","사회복지기반조성","사회복지전달체계","고독사예방관리체계구축","지자체 고독사 예방관리사업지원","2331000","2330000","2104806","100.0","90.3"
"2024","자치단체이전","자치단체경상보조","보건복지부","일반회계"," ","사회복지","사회복지일반","사회복지기반조성","사회복지전달체계","사회서비스원 설립 및 운영","시도사회서비스원 설립·운영","8000000","7500000","7293717","93.8","97.2"
"2024","자치단체이전","자치단체경상보조","보건복지부","일반회계"," ","사회복지","아동·보육","아동보호 및 복지 강화","아동자립지원","요보호아동 자립지원","경계선아동 맞춤형 사례관리","838000","838000","720226","100.0","85.9"
"2024","자치단체이전","자치단체경상보조","보건복지부","일반회계"," ","사회복지","아동·보육","아동보호 및 복지 강화","아동자립지원","자립준비청년 자립수당 지급","자립준비청년 자립수당 자치단체경상보조","45174000","45160400","61412024","100.0","136.0"
"2024","자치단체이전","자치단체경상보조","보건복지부","일반회계"," ","사회복지","아동·보육","아동보호 및 복지 강화","아동자립지원","자립준비청년 자립지원 체계 구축","자립지원 전담인력 배치","6577000","6577000","5976822","100.0","90.9"
"2024","자치단체이전","자치단체경상보조","보건복지부","일반회계"," ","사회복지","아동·보육","아동보호 및 복지 강화","아동자립지원","자립준비청년 자립지원 체계 구축","자립지원 사업비","9105840","9105840","7234619","100.0","79.5"
"2024","자치단체이전","자치단체경상보조","보건복지부","일반회계"," ","사회복지","아동·보육","아동보호 및 복지 강화","가정입양 및 위탁 지원","가정위탁 지원·운영","가정위탁아동 상해보험료 지원","455000","453703","434231","99.7","95.7"
"2024","자치단체이전","자치단체경상보조","보건복지부","일반회계"," ","사회복지","아동·보육","아동보호 및 복지 강화","가정입양 및 위탁 지원","가정위탁 지원·운영","입양가정위탁아동 심리치료 지원","479000","478940","522567","100.0","109.1"
"2024","자치단체이전","자치단체경상보조","보건복지부","일반회계"," ","사회복지","아동·보육","아동보호 및 복지 강화","가정입양 및 위탁 지원","가정위탁 지원·운영","전문아동보호비 지원","2927000","2926800","3520961","100.0","120.3"
"2024","자치단체이전","자치단체경상보조","보건복지부","일반회계"," ","사회복지","아동·보육","아동보호 및 복지 강화","가정입양 및 위탁 지원","가정위탁 지원·운영","아동용품구입비 지원","95000","94750","73405","99.7","77.5"
"2024","자치단체이전","자치단체경상보조","보건복지부","일반회계"," ","사회복지","아동·보육","아동보호 및 복지 강화","가정입양 및 위탁 지원","가정위탁 지원·운영","입양대상아동 보호비 지원","2184000","2184000","1830360","100.0","83.8"
"2024","자치단체이전","자치단체경상보조","보건복지부","일반회계"," ","사회복지","아동·보육","아동보호 및 복지 강화","요보호아동 그룹홈 운영 지원","요보호아동 그룹홈 운영 지원","요보호아동 그룹홈 운영","28202000","27435738","25883535","97.3","94.3"
"2024","자치단체이전","자치단체경상보조","보건복지부","일반회계"," ","사회복지","아동·보육","아동보호 및 복지 강화","요보호아동 그룹홈 운영 지원","요보호아동 그룹홈 운영 지원","학대피해아동쉼터 운영","17749000","15216468","14029810","85.7","92.2"
"2024","자치단체이전","자치단체경상보조","보건복지부","일반회계"," ","사회복지","아동·보육","아동보호 및 복지 강화","아동발달지원계좌 지원","아동발달지원계좌(보조)","아동발달지원계좌 자치단체경상보조","126733000","126111800","123956088","99.5","98.3"
"2024","자치단체이전","자치단체경상보조","보건복지부","일반회계"," ","사회복지","아동·보육","아동보호 및 복지 강화","아동ㆍ청소년 참여.인권증진","아동정책조정 및 인권증진","아동학대전담의료기관 활성화 시범사업","850000","800000","736844","94.1","92.1"
"2024","자치단체이전","자치단체경상보조","보건복지부","일반회계"," ","사회복지","아동·보육","아동보호 및 복지 강화","아동ㆍ청소년 참여.인권증진","아동정책조정 및 인권증진","아동학대 대응체계 활성화 지원(조기개입)","100000","100000","83538","100.0","83.5"
"2024","자치단체이전","자치단체경상보조","보건복지부","일반회계"," ","사회복지","아동·보육","아동보호 및 복지 강화","아동보호 및 권리보장","아동학대 예방 및 피해아동 보호","아동보호전문기관 운영","43305000","40500448","38701012","93.5","95.6"
"2024","자치단체이전","자치단체경상보조","보건복지부","일반회계"," ","사회복지","아동·보육","아동보호 및 복지 강화","아동보호 및 권리보장","아동학대 예방 및 피해아동 보호","거점 심리치료센터 운영","1248000","1247992","978554","100.0","78.4"
"2024","자치단체이전","자치단체경상보조","보건복지부","일반회계"," ","사회복지","아동·보육","저출산대응및인구정책지원","저출산대응인구정책","저소득층 기저귀·조제분유 지원","기저귀 및 조제분유 지원","44222000","44222000","55535316","100.0","125.6"
"2024","자치단체이전","자치단체경상보조","보건복지부","일반회계"," ","사회복지","아동·보육","저출산대응및인구정책지원","저출산대응인구정책","첫만남 이용권 지원","첫만남 이용권 지원","380183000","380183000","444363964","100.0","116.9"
"2024","자치단체이전","자치단체경상보조","보건복지부","일반회계"," ","사회복지","아동·보육","저출산대응및인구정책지원","저출산대응인구정책","위기임신 및 보호출산 지원","보호출산 상담기관운영지원(지역상담기관 운영 지원)","1562000","1562000","1414255","100.0","90.5"
"2024","자치단체이전","자치단체경상보조","보건복지부","일반회계"," ","사회복지","아동·보육","저출산대응및인구정책지원","저출산고령사회정책개발관리","저출산고령사회 대비 국민인식개선","지자체 선도 출산 인식 전환 사업","336000","336000","336000","100.0","100.0"
"2024","자치단체이전","자치단체경상보조","보건복지부","일반회계"," ","사회복지","아동·보육","저출산대응및인구정책지원","저출산고령사회정책개발관리","청년정책 개발 및 지원체계 기반 구축","가족돌봄청년 지원 시범사업","2094000","2094000","1414292","100.0","67.5"
"2024","자치단체이전","자치단체경상보조","보건복지부","일반회계"," ","사회복지","아동·보육","저출산대응및인구정책지원","저출산고령사회정책개발관리","청년정책 개발 및 지원체계 기반 구축","고립·은둔청년 지원 시범사업","1309000","1309000","822870","100.0","62.9"
"2024","자치단체이전","자치단체경상보조","보건복지부","일반회계"," ","사회복지","아동·보육","저출산대응및인구정책지원","아동수당 지원","아동수당 지급","아동수당급여지급","2110163000","2110163000","2876395365","100.0","136.3"
"2024","자치단체이전","자치단체경상보조","보건복지부","일반회계"," ","사회복지","아동·보육","저출산대응및인구정책지원","아동수당 지원","아동수당 지급","지자체 사업비 지원","0","0","0","0","0"
"2024","자치단체이전","자치단체경상보조","보건복지부","일반회계"," ","사회복지","아동·보육","보육지원강화","어린이집 관리","부모 모니터링단 운영 지원","부모모니터링단 운영","0","0","0","0","0"
"2024","자치단체이전","자치단체경상보조","보건복지부","일반회계"," ","사회복지","아동·보육","보육지원강화","부모급여(영아수당) 지원","부모급여(영아수당) 지원","부모급여 지원","2888544000","2888544000","3384310317","100.0","117.2"
"2024","자치단체이전","자치단체경상보조","보건복지부","일반회계"," ","사회복지","노인","노인생활안정","기초연금 지원","기초연금지급","기초연금 지급(지자체보조)","19976669407","19586669407","31185323716","98.0","159.2"
"2024","자치단체이전","자치단체경상보조","보건복지부","일반회계"," ","사회복지","노인","노인생활안정","노인보호시설 지원","영주귀국 사할린한인 정착비 및 시설운영 지원","영주귀국 사할린한인 시설운영 지원","1436000","1436000","1436000","100.0","100.0"
"2024","자치단체이전","자치단체경상보조","보건복지부","일반회계"," ","사회복지","노인","노인생활안정","노인관련기관지원","노인보호전문기관","지역노인보호전문기관 운영지원","8730600","8730500","8696468","100.0","99.6"
"2024","자치단체이전","자치단체경상보조","보건복지부","일반회계"," ","사회복지","노인","노인생활안정","노인관련기관지원","노인보호전문기관","학대피해노인전용쉼터 운영지원","2346840","2341792","2336428","99.8","99.8"
"2024","자치단체이전","자치단체경상보조","보건복지부","일반회계"," ","사회복지","노인","노인생활안정","노인관련기관지원","노인단체 지원","경로당광역지원센터 운영지원","2385000","2385000","2380750","100.0","99.8"
"2024","자치단체이전","자치단체경상보조","보건복지부","일반회계"," ","사회복지","노인","노인생활안정","노인관련기관지원","노인단체 지원","경로당 냉난방비 및 양곡비 지원","86363093","86363093","80543008","100.0","93.3"
"2024","자치단체이전","자치단체경상보조","보건복지부","일반회계"," ","사회복지","노인","노인생활안정","노인일자리지원","노인일자리 및 사회활동지원","노인일자리 및 사회활동지원 확대(지자체보조)","1799455000","1799454708","1872265134","100.0","104.0"
"2024","자치단체이전","자치단체경상보조","보건복지부","일반회계"," ","사회복지","노인","노인생활안정","고령친화산업육성","고령친화산업육성","고령자 스마트케어 서비스 구축","0","0","0","0","0"
"2024","자치단체이전","자치단체경상보조","보건복지부","일반회계"," ","사회복지","노인","노인의료보장","노인요양시설확충","강진문화복지종합타운(BTL)","강진문화복지종합타운(BTL) 임대료 지원","484000","484000","484000","100.0","100.0"
"2024","자치단체이전","자치단체경상보조","보건복지부","일반회계"," ","사회복지","노인","노인의료보장","치매관리사업지원","치매관리체계 구축","치매공공후견 지원","0","0","0","0","0"
"2024","자치단체이전","자치단체경상보조","보건복지부","일반회계"," ","보건","보건의료","공공보건의료확충","공공보건의료정보화","지방의료원 등 정보화 지원(정보화)","지방의료원 병원정보시스템 지원","0","0","0","0","0"
"2024","자치단체이전","자치단체경상보조","보건복지부","일반회계"," ","보건","보건의료","공공보건의료확충","공공보건의료지원","감염병 대응 지원체계 구축 및 운영","긴급치료병상 운영 보조","0","0","0","0","0"
"2024","자치단체이전","자치단체경상보조","보건복지부","일반회계"," ","보건","보건의료","공공보건의료확충","공공보건의료지원","비상진료체계 구축 및 운영","대체인력 민간병원 파견근무 수당지급","0","0","0","0","0"
"2024","자치단체이전","자치단체경상보조","보건복지부","일반회계"," ","보건","보건의료","공공보건의료확충","의료취약지 지원","외국인근로자 등 의료지원","외국인근로자 등 의료지원사업","2480000","2480000","2308188","100.0","93.1"
"2024","자치단체이전","자치단체경상보조","보건복지부","일반회계"," ","보건","보건의료","공공보건의료확충","의료취약지 지원","취약지 등 전문의료인력 양성","공중보건장학제도 운영","1038000","1022700","1017600","98.5","99.5"
"2024","자치단체이전","자치단체경상보조","보건복지부","일반회계"," ","보건","보건의료","공공보건의료확충","원폭및한센인피해자지원","한센인피해사건진상조사및위로지원","한센인피해자 위로지원금 및 의료지원금 지급","7194000","6980790","7206030","97.0","103.2"
"2024","자치단체이전","자치단체경상보조","보건복지부","일반회계"," ","보건","보건의료","공공보건의료확충","원폭및한센인피해자지원","원폭피해자진료비장제비등 지원","원폭진료소 약제비 지원(경남 합천군)","31000","31000","31000","100.0","100.0"
"2024","자치단체이전","자치단체경상보조","보건복지부","일반회계"," ","보건","보건의료","보건산업육성","글로벌헬스케어 육성","해외환자 유치 지원","지역 특화 외국인환자 유치기반 강화사업","0","0","0","0","0"
"2024","자치단체이전","자치단체경상보조","보건복지부","일반회계"," ","보건","보건의료","보건산업육성","보건산업진흥","보건의료 인프라 연계 창업지원","백신기술 사업화 오픈이노베이션랩 구축","0","0","0","0","0"
"2024","자치단체이전","자치단체경상보조","보건복지부","일반회계"," ","보건","보건의료","한의학연구및정책개발","한의약산업지원","한약재유통지원시설 설치(BTL정부지급금)","한약재유통지원시설(BTL사업) 임대료 지원","2032000","2032000","2031405","100.0","100.0"
"2024","자치단체이전","자치단체경상보조","보건복지부","일반회계"," ","보건","보건의료","한의학연구및정책개발","한의약산업지원","한의약산업육성","한의약 소재은행","900000","900000","863012","100.0","95.9"
"2024","자치단체이전","자치단체경상보조","보건복지부","일반회계"," ","보건","보건의료","한의학연구및정책개발","한의약산업지원","한의약산업육성","한의약산업 전주기 지원체계 구축(한의약산업선진화지원) ","810000","810000","759247","100.0","93.7"
"2024","자치단체이전","자치단체경상보조","보건복지부","일반회계"," ","보건","보건의료","국민건강생활실천","구강건강서비스 기반조성","장애인구강진료센터","자치단체경상보조-장애인구강진료센터 진료비 및 운영비 지원(권역센터)","3513000","3512500","3437477","100.0","97.9"
"2024","자치단체이전","자치단체경상보조","보건복지부","일반회계"," ","보건","보건의료","국민건강생활실천","정신보건시설기능보강","정신의료서비스 및 당사자 지원","중독자 치료지원(치료비 지원)","1682812","1682800","1501042","100.0","89.2"
"2024","자치단체이전","자치단체경상보조","보건복지부","일반회계"," ","보건","보건의료","국민건강생활실천","정신보건시설기능보강","정신의료서비스 및 당사자 지원","정신질환 치료비 지원 사업","2416120","2416120","2691204","100.0","111.4"
"2024","자치단체이전","자치단체경상보조","보건복지부","일반회계"," ","보건","보건의료","국민건강생활실천","정신보건시설기능보강","정신의료서비스 및 당사자 지원","당사자 · 가족 지원(절차보조)","0","0","0","0","0"
"2024","자치단체이전","자치단체경상보조","보건복지부","일반회계"," ","보건","보건의료","국민건강생활실천","정신보건시설기능보강","정신의료서비스 및 당사자 지원","중독관리통합지원센터  운영","5072188","5072188","4952229","100.0","97.6"
"2024","자치단체이전","자치단체경상보조","보건복지부","일반회계"," ","보건","보건의료","국민건강생활실천","정신보건시설기능보강","정신의료서비스 및 당사자 지원","청년중독관리사업","400000","400000","395528","100.0","98.9"
"2024","자치단체이전","자치단체경상보조","보건복지부","일반회계"," ","보건","보건의료","국민건강생활실천","정신보건시설기능보강","정신의료서비스 및 당사자 지원","권역정신응급의료센터 운영(사업비) ","3232880","3082880","2541001","95.4","82.4"
"2024","자치단체이전","자치단체경상보조","보건복지부","일반회계"," ","보건","보건의료","국민건강생활실천","정신보건시설기능보강","정신의료서비스 및 당사자 지원","정신질환자 회복지원(경상)","0","0","0","0","0"
"2024","자치단체이전","자치단체경상보조","보건복지부","일반회계"," ","보건","보건의료","국민건강생활실천","정신보건시설기능보강","정신의료서비스 및 당사자 지원","중독자 치료지원(치료보호기관 지원)","750000","750000","663508","100.0","88.5"
"2024","자치단체이전","자치단체경상보조","보건복지부","일반회계"," ","보건","보건의료","국민건강생활실천","정신보건시설기능보강","정신의료서비스 및 당사자 지원","중독자 치료지원(치료보호-재활 연계사업)","0","0","0","0","0"
"2024","자치단체이전","자치단체경상보조","보건복지부","일반회계"," ","보건","보건의료","국민건강생활실천","정신보건시설기능보강","정신의료서비스 및 당사자 지원","중독자 치료지원(우수 치료보호기관 지원)","300000","300000","298666","100.0","99.6"
"2024","자치단체이전","자치단체경상보조","보건복지부","일반회계"," ","보건","보건의료","국민건강생활실천","정신보건시설기능보강","정신건강증진시설 운영지원","정신요양시설 운영지원","105575000","105544000","102541342","100.0","97.2"
"2024","자치단체이전","자치단체경상보조","보건복지부","일반회계"," ","보건","보건의료","국민건강생활실천","정신보건시설기능보강","포항지진트라우마센터 설치 운영","포항지진트라우마센터 설치 운영","401000","401000","391421","100.0","97.6"
"2024","자치단체이전","자치단체경상보조","보건복지부","일반회계"," ","보건","보건의료","국민건강생활실천","정신보건시설기능보강","포항지진트라우마센터 설치 운영","경북권역트라우마센터 설치운영","0","0","0","0","0"
"2024","자치단체이전","자치단체경상보조","보건복지부","일반회계"," ","보건","보건의료","국민건강생활실천","정신보건시설기능보강","안산마음건강센터 설치운영","수도권역트라우마센터 설치운영","0","0","0","0","0"
"2024","자치단체이전","자치단체경상보조","보건복지부","일반회계"," ","보건","보건의료","국민건강생활실천","정신보건시설기능보강","전국민 마음투자 지원사업","전국민 마음투자","28589000","28589000","26574459","100.0","93.0"
"2024","자치단체이전","자치단체경상보조","보건복지부","지역균형발전특별회계","세종특별자치시계정","사회복지","사회복지일반","사회복지기반조성","지역자율형 사회서비스 투자사업","지역자율형 사회서비스 투자사업(세종)","지역사회서비스 투자사업(세종)","1454200","1454200","1433254","100.0","98.6"
"2024","자치단체이전","자치단체경상보조","보건복지부","지역균형발전특별회계","세종특별자치시계정","사회복지","사회복지일반","사회복지기반조성","지역자율형 사회서비스 투자사업","지역자율형 사회서비스 투자사업(세종)","가사.간병 방문지원사업(세종)","44800","44800","44800","100.0","100.0"
"2024","자치단체이전","자치단체경상보조","보건복지부","지역균형발전특별회계","세종특별자치시계정","사회복지","사회복지일반","사회복지기반조성","사회복지전달체계","읍면동 맞춤형 통합서비스 지원(세종)","읍면동 맞춤형 통합서비스 지원","171000","171000","169636","100.0","99.2"
"2024","자치단체이전","자치단체경상보조","보건복지부","지역균형발전특별회계","세종특별자치시계정","사회복지","아동·보육","아동보호 및 복지 강화","방과후 돌봄 지원","지역아동센터 운영비 지원(세종)","지역아동센터 운영비 지원(세종)","129604","129604","128804","100.0","99.4"
"2024","자치단체이전","자치단체경상보조","보건복지부","지역균형발전특별회계","세종특별자치시계정","사회복지","아동·보육","아동보호 및 복지 강화","방과후 돌봄 지원","지역아동센터 운영비 지원(세종)","지역아동센터 인건비 지원(세종)","589396","589396","589396","100.0","100.0"
"2024","자치단체이전","자치단체경상보조","보건복지부","지역균형발전특별회계","세종특별자치시계정","사회복지","아동·보육","아동보호 및 복지 강화","방과후 돌봄 지원","다함께 돌봄센터 지원(세종)","다함께돌봄센터 인건비 지원(세종)","339000","339000","331861","100.0","97.9"
"2024","자치단체이전","자치단체경상보조","보건복지부","지역균형발전특별회계","세종특별자치시계정","사회복지","아동·보육","아동보호 및 복지 강화","방과후 돌봄 지원","다함께 돌봄센터 지원(세종)","다함께돌봄센터 운영비 지원(세종)","59000","59000","58300","100.0","98.8"
"2024","자치단체이전","자치단체경상보조","보건복지부","지역균형발전특별회계","제주특별자치도계정","사회복지","사회복지일반","사회복지기반조성","지역자율형 사회서비스 투자사업","지역자율형 사회서비스 투자사업(제주)","지역사회서비스 투자사업(제주)","6987500","6987500","6975400","100.0","99.8"
"2024","자치단체이전","자치단체경상보조","보건복지부","지역균형발전특별회계","제주특별자치도계정","사회복지","사회복지일반","사회복지기반조성","지역자율형 사회서비스 투자사업","지역자율형 사회서비스 투자사업(제주)","가사.간병 방문지원사업(제주)","176500","176500","176500","100.0","100.0"
"2024","자치단체이전","자치단체경상보조","보건복지부","지역균형발전특별회계","제주특별자치도계정","사회복지","사회복지일반","사회복지기반조성","사회복지전달체계","읍면동 맞춤형 통합서비스 지원(제주)","읍면동 맞춤형 통합서비스 지원","297000","297000","265485","100.0","89.4"
"2024","자치단체이전","자치단체경상보조","보건복지부","지역균형발전특별회계","제주특별자치도계정","사회복지","아동·보육","아동보호 및 복지 강화","방과후 돌봄 지원","지역아동센터 운영비 지원(제주)","지역아동센터 운영비 지원(제주)","605000","605000","594734","100.0","98.3"
"2024","자치단체이전","자치단체경상보조","보건복지부","지역균형발전특별회계","제주특별자치도계정","사회복지","아동·보육","아동보호 및 복지 강화","방과후 돌봄 지원","지역아동센터 운영비 지원(제주)","지역아동센터 인건비 지원(제주)","2867000","2867000","2789995","100.0","97.3"
"2024","자치단체이전","자치단체경상보조","보건복지부","지역균형발전특별회계","제주특별자치도계정","사회복지","아동·보육","아동보호 및 복지 강화","방과후 돌봄 지원","다함께 돌봄센터 지원(제주)","다함께돌봄센터 인건비 지원(제주)","377000","377000","270930","100.0","71.9"
"2024","자치단체이전","자치단체경상보조","보건복지부","지역균형발전특별회계","제주특별자치도계정","사회복지","아동·보육","아동보호 및 복지 강화","방과후 돌봄 지원","다함께 돌봄센터 지원(제주)","다함께돌봄센터 운영비 지원(제주)","54000","54000","43600","100.0","80.7"
"2024","자치단체이전","자치단체경상보조","보건복지부","지역균형발전특별회계","지역자율계정","사회복지","사회복지일반","사회복지기반조성","지역자율형 사회서비스 투자사업","지역자율형 사회서비스 투자사업(자율)","지역사회서비스 투자사업","180916319","180916319","201306470","100.0","111.3"
"2024","자치단체이전","자치단체경상보조","보건복지부","지역균형발전특별회계","지역자율계정","사회복지","사회복지일반","사회복지기반조성","지역자율형 사회서비스 투자사업","지역자율형 사회서비스 투자사업(자율)","가사.간병 방문지원사업","23712681","23712681","25086601","100.0","105.8"
"2024","자치단체이전","자치단체경상보조","보건복지부","지역균형발전특별회계","지역자율계정","사회복지","사회복지일반","사회복지기반조성","사회복지전달체계","읍면동 맞춤형 통합서비스 지원(자율)","읍면동 맞춤형 통합서비스 지원","23429000","23429000","22755569","100.0","97.1"
"2024","자치단체이전","자치단체경상보조","보건복지부","지역균형발전특별회계","지역자율계정","사회복지","아동·보육","아동보호 및 복지 강화","방과후 돌봄 지원","지역아동센터 운영비 지원(자율)","지역아동센터 인건비 지원","177840411","177840411","169177407","100.0","95.1"
"2024","자치단체이전","자치단체경상보조","보건복지부","지역균형발전특별회계","지역자율계정","사회복지","아동·보육","아동보호 및 복지 강화","방과후 돌봄 지원","지역아동센터 운영비 지원(자율)","지역아동센터 운영비 지원","35825589","35825589","35053366","100.0","97.8"
"2024","자치단체이전","자치단체경상보조","보건복지부","지역균형발전특별회계","지역자율계정","사회복지","아동·보육","아동보호 및 복지 강화","방과후 돌봄 지원","다함께 돌봄센터 지원(자율)","다함께돌봄센터 인건비 지원","42059000","42059000","34264355","100.0","81.5"
"2024","자치단체이전","자치단체경상보조","보건복지부","지역균형발전특별회계","지역자율계정","사회복지","아동·보육","아동보호 및 복지 강화","방과후 돌봄 지원","다함께 돌봄센터 지원(자율)","다함께돌봄센터 운영비 지원","6685000","6685000","5538358","100.0","82.8"
"2024","자치단체이전","자치단체경상보조","보건복지부","지역균형발전특별회계","지역지원계정","사회복지","취약계층지원","장애인생활안정 및 재활 지원","장애인권익증진 및 자립생활 지원","장애인 자립지원 시범사업","장애인 자립지원 시범사업","5867000","5867000","3305809","100.0","56.3"
"2024","자치단체이전","자치단체경상보조","보건복지부","지역균형발전특별회계","지역지원계정","사회복지","사회복지일반","사회복지기반조성","지역자율형 사회서비스 투자사업","지역자율형 사회서비스 투자사업","[0001]지역자율형 사회서비스 투자사업(지역지원)","0","0","93460","0","0"
"2024","자치단체이전","자치단체경상보조","보건복지부","지역균형발전특별회계","지역지원계정","사회복지","사회복지일반","사회복지기반조성","지역자율형 사회서비스 투자사업","지역자율형 사회서비스 투자사업","생활사회서비스 투자사업","35570700","31513974","31785538","88.6","100.9"
"2024","자치단체이전","자치단체경상보조","보건복지부","지역균형발전특별회계","지역지원계정","사회복지","사회복지일반","사회복지기반조성","지역자율형 사회서비스 투자사업","지역자율형 사회서비스 투자사업","청년마음건강 지원사업","3591000","3591000","4371063","100.0","121.7"
"2024","자치단체이전","자치단체경상보조","보건복지부","지역균형발전특별회계","지역지원계정","사회복지","사회복지일반","사회복지기반조성","지역자율형 사회서비스 투자사업","지역자율형 사회서비스 투자사업","긴급돌봄 지원사업","3500000","2548321","2084995","72.8","81.8"
"2024","자치단체이전","자치단체경상보조","보건복지부","지역균형발전특별회계","지역지원계정","사회복지","사회복지일반","사회복지기반조성","지역자율형 사회서비스 투자사업","지역자율형 사회서비스 투자사업","디지털 사회서비스 시범사업","604300","604300","559348","100.0","92.6"
"2024","자치단체이전","자치단체경상보조","보건복지부","지역균형발전특별회계","지역지원계정","사회복지","사회복지일반","사회복지기반조성","사회복지전달체계","사례관리 전달체계 개선","아동보호전담요원","20757000","20701660","16679135","99.7","80.6"
"2024","자치단체이전","자치단체경상보조","보건복지부","지역균형발전특별회계","지역지원계정","사회복지","사회복지일반","사회복지기반조성","사회복지전달체계","사례관리 전달체계 개선","자활사례관리","2578000","2578000","2447879","100.0","95.0"
"2024","자치단체이전","자치단체경상보조","보건복지부","지역균형발전특별회계","지역지원계정","사회복지","사회복지일반","사회복지기반조성","사회복지전달체계","사례관리 전달체계 개선","의료급여관리사","19536000","19345926","17200729","99.0","88.9"
"2024","자치단체이전","자치단체경상보조","보건복지부","지역균형발전특별회계","지역지원계정","사회복지","사회복지일반","사회복지기반조성","사회복지전달체계","사례관리 전달체계 개선","통합사례관리사 지원(인건비)","16982600","16981992","15094722","100.0","88.9"
"2024","자치단체이전","자치단체경상보조","보건복지부","지역균형발전특별회계","지역지원계정","사회복지","사회복지일반","사회복지기반조성","사회복지전달체계","사례관리 전달체계 개선","통합사례관리사 지원(시군구 사업비)","1605000","1605000","1540670","100.0","96.0"
"2024","자치단체이전","자치단체경상보조","보건복지부","지역균형발전특별회계","지역지원계정","사회복지","사회복지일반","사회복지기반조성","사회복지전달체계","사례관리 전달체계 개선","통합사례관리사 지원(현장슈퍼바이저 운영)","55200","55200","52984","100.0","96.0"
"2024","자치단체이전","자치단체경상보조","보건복지부","지역균형발전특별회계","지역지원계정","사회복지","사회복지일반","사회복지기반조성","사회복지전달체계","사례관리 전달체계 개선","방문건강관리","46367000","46367000","44190480","100.0","95.3"
"2024","자치단체이전","자치단체경상보조","보건복지부","지역균형발전특별회계","지역지원계정","사회복지","사회복지일반","사회복지기반조성","사회복지전달체계","사례관리 전달체계 개선","취약계층 아동통합서비스 지원","54642200","54642200","50061607","100.0","91.6"
"2024","자치단체이전","자치단체경상보조","보건복지부","지역균형발전특별회계","지역지원계정","사회복지","아동·보육","아동보호 및 복지 강화","방과후 돌봄 지원","지역아동센터 지원","특성별 지역아동센터 추가 지원","4192000","4191480","3864714","100.0","92.2"
"2024","자치단체이전","자치단체경상보조","보건복지부","지역균형발전특별회계","지역지원계정","사회복지","아동·보육","아동보호 및 복지 강화","방과후 돌봄 지원","지역아동센터 지원","지역아동센터 시도지원단 운영 ","979000","979000","953178","100.0","97.4"
"2024","자치단체이전","자치단체경상보조","보건복지부","지역균형발전특별회계","지역지원계정","사회복지","아동·보육","아동보호 및 복지 강화","방과후 돌봄 지원","지역아동센터 지원","아동복지교사 파견 지원","28286000","28096651","25825057","99.3","91.9"
"2024","자치단체이전","자치단체경상보조","보건복지부","지역균형발전특별회계","지역지원계정","사회복지","아동·보육","아동보호 및 복지 강화","방과후 돌봄 지원","지역아동센터 지원","다함께돌봄센터 운영시간 연장 지원","350000","347902","283936","99.4","81.6"
"2024","자치단체이전","자치단체경상보조","보건복지부","지역균형발전특별회계","지역지원계정","사회복지","노인","노인생활안정","노인돌봄서비스","노인맞춤돌봄서비스","노인맞춤돌봄서비스","541444000","540812140","512510084","99.9","94.8"
"2024","자치단체이전","자치단체경상보조","보건복지부","지역균형발전특별회계","지역지원계정","사회복지","노인","노인의료보장","노인요양시설확충","노인요양시설 확충","장기요양요원지원센터 확충","613000","613000","602955","100.0","98.4"
"2024","자치단체이전","자치단체경상보조","보건복지부","지역균형발전특별회계","지역지원계정","보건","보건의료","공공보건의료확충","지방의료원 등 육성","지역거점병원공공성강화","시도 공공보건의료지원단 운영지원","2250000","2250000","2207399","100.0","98.1"
"2024","자치단체이전","자치단체경상보조","보건복지부","지역균형발전특별회계","지역지원계정","보건","보건의료","공공보건의료확충","지방의료원 등 육성","지역거점병원공공성강화","공공보건의료 협력체계 구축","18723500","18489500","17263523","98.8","93.4"
"2024","자치단체이전","자치단체경상보조","보건복지부","지역균형발전특별회계","지역지원계정","보건","보건의료","공공보건의료확충","지방의료원 등 육성","지역거점병원공공성강화","지역거점공공병원 공공보건프로그램 사업","131000","131000","131000","100.0","100.0"
"2024","자치단체이전","자치단체경상보조","보건복지부","지역균형발전특별회계","지역지원계정","보건","보건의료","공공보건의료확충","지방의료원 등 육성","지역거점병원공공성강화","지방의료원 BTL 임대료","12738000","12461500","12459911","97.8","100.0"
"2024","자치단체이전","자치단체경상보조","보건복지부","지역균형발전특별회계","지역지원계정","보건","보건의료","공공보건의료확충","지방의료원 등 육성","지역거점병원공공성강화","지방의료원 파견 의료인력 인건비 지원사업","7500000","7375717","7115101","98.3","96.5"
"2024","자치단체이전","자치단체경상보조","보건복지부","지역균형발전특별회계","지역지원계정","보건","보건의료","공공보건의료확충","지방의료원 등 육성","지역거점병원공공성강화","지방의료원 역량 강화","0","0","0","0","0"
"2024","자치단체이전","자치단체경상보조","보건복지부","지역균형발전특별회계","지역지원계정","보건","보건의료","공공보건의료확충","지방의료원 등 육성","지역거점병원공공성강화","공공병원 경영혁신 인센티브 지원(지방의료원)","43800000","43800000","39604705","100.0","90.4"
"2024","자치단체이전","자치단체경상보조","보건복지부","지역균형발전특별회계","지역지원계정","보건","보건의료","공공보건의료확충","의료취약지 지원","의료 및 분만취약지 지원","분만취약지 지원사업 운영","11311000","10775000","10179877","95.3","94.5"
"2024","자치단체이전","자치단체경상보조","보건복지부","지역균형발전특별회계","지역지원계정","보건","보건의료","공공보건의료확충","의료취약지 지원","의료 및 분만취약지 지원","의료취약지 의료지원(지자체경상보조)","2020000","2020000","1594878","100.0","79.0"
"2024","자치단체이전","자치단체경상보조","보건복지부","지역균형발전특별회계","지역지원계정","보건","보건의료","공공보건의료확충","의료취약지 지원","의료 및 분만취약지 지원","의료취약지 소아청소년과 지원사업 운영","1313000","1312500","1147981","100.0","87.5"
"2024","자치단체이전","자치단체경상보조","보건복지부","지역균형발전특별회계","지역지원계정","보건","보건의료","공공보건의료확충","의료취약지 지원","의료 및 분만취약지 지원","의료취약지 인공신장실 지원사업 운영","700000","600000","588244","85.7","98.0"
"2024","자치단체이전","자치단체경상보조","보건복지부","지역균형발전특별회계","지역지원계정","보건","보건의료","응급의료체계운영지원","응급의료 안전망 및 생활화 지원","독거노인·중증장애인 응급안전안심서비스","독거노인·중증장애인 응급안전안심서비스","28038679","27678199","26811262","98.7","96.9"
"2024","자치단체이전","자치단체경상보조","보건복지부","지역균형발전특별회계","지역지원계정","보건","보건의료","응급의료체계운영지원","응급의료 안전망 및 생활화 지원","독거노인·중증장애인 응급안전안심서비스","고령자 스마트케어 서비스 구축","420000","420000","442633","100.0","105.4"
"2024","자치단체이전","자치단체경상보조","산림청","농어촌구조개선특별회계","임업진흥사업계정","농림수산","임업·산촌","산림자원 및 산업육성","산림자원 육성·관리(농특)","숲가꾸기","공공산림가꾸기","10916000","10916000","10055393","100.0","92.1"
"2024","자치단체이전","자치단체경상보조","산림청","농어촌구조개선특별회계","임업진흥사업계정","농림수산","임업·산촌","산림자원 및 산업육성","목재 및 임산물활용(농특)","청정임산물이용증진","임산물상품화지원","2065000","2065000","1846233","100.0","89.4"
"2024","자치단체이전","자치단체경상보조","산림청","농어촌구조개선특별회계","임업진흥사업계정","농림수산","임업·산촌","산림자원 및 산업육성","목재 및 임산물활용(농특)","청정임산물이용증진","산양삼생산과정확인","94000","94000","49980","100.0","53.2"
"2024","자치단체이전","자치단체경상보조","산림청","농어촌구조개선특별회계","임업진흥사업계정","농림수산","임업·산촌","산림자원 및 산업육성","목재 및 임산물활용(농특)","임산물생산기반조성","잔디 객토 지원사업","350000","350000","168783","100.0","48.2"
"2024","자치단체이전","자치단체경상보조","산림청","농어촌구조개선특별회계","임업진흥사업계정","농림수산","임업·산촌","산림자원 및 산업육성","임업정책자금 지원(농특)","임업·산림 공익직접지불금","직접지불금 지급","54447000","35679830","39157407","65.5","109.7"
"2024","자치단체이전","자치단체경상보조","산림청","농어촌구조개선특별회계","임업진흥사업계정","농림수산","임업·산촌","산림자원 및 산업육성","임업정책자금 지원(농특)","임업·산림 공익직접지불금","이행점검 및 사업관리","1363000","1363000","2900108","100.0","212.8"
"2024","자치단체이전","자치단체경상보조","산림청","농어촌구조개선특별회계","임업진흥사업계정","농림수산","임업·산촌","산림재난관리","산림병해충 예방 및 대응(농특)","산림병해충방제","산림병해충방제(지자체)","86606000","86606000","86379812","100.0","99.7"
"2024","자치단체이전","자치단체경상보조","산림청","농어촌구조개선특별회계","임업진흥사업계정","농림수산","임업·산촌","산림재난관리","산림병해충 예방 및 대응(농특)","산림병해충방제","감염목무단이동단속 초소 운영","2345000","2345000","2251050","100.0","96.0"
"2024","자치단체이전","자치단체경상보조","산림청","농어촌구조개선특별회계","임업진흥사업계정","농림수산","임업·산촌","산림재난관리","산림병해충 예방 및 대응(농특)","산림병해충방제","생활권 수목진료 지원","0","0","0","0","0"
"2024","자치단체이전","자치단체경상보조","산림청","일반회계"," ","농림수산","임업·산촌","산림자원 및 산업육성","산림정책 지원(일반)","산림탄소관리 및 활용 기반구축","사유림경영DB 구축","793000","793000","706057","100.0","89.0"
"2024","자치단체이전","자치단체경상보조","산림청","일반회계"," ","농림수산","임업·산촌","산림자원 및 산업육성","목재생산·관리(일반)","목재생산관리","긴급벌채","855000","855000","1429746","100.0","167.2"
"2024","자치단체이전","자치단체경상보조","산림청","일반회계"," ","농림수산","임업·산촌","산림자원 및 산업육성","목재생산·관리(일반)","목재생산관리","목재수확 점검·관리","1484000","1484000","1238919","100.0","83.5"
"2024","자치단체이전","자치단체경상보조","산림청","일반회계"," ","농림수산","임업·산촌","산림자원 및 산업육성","목재생산·관리(일반)","목재생산관리","친환경 목재생산","1125000","1125000","168555","100.0","15.0"
"2024","자치단체이전","자치단체경상보조","산림청","일반회계"," ","농림수산","임업·산촌","산림자원 및 산업육성","목재생산·관리(일반)","목재생산관리","2023년 긴급벌채(예비비)","0","0","511533","0","0"
"2024","자치단체이전","자치단체경상보조","산림청","일반회계"," ","농림수산","임업·산촌","산림자원 및 산업육성","목재생산·관리(일반)","목재제품 품질관리","목재생산업 등록관리","136000","136000","96825","100.0","71.2"
"2024","자치단체이전","자치단체경상보조","산림청","일반회계"," ","농림수산","임업·산촌","산림이용 및 복지증진","산촌활성화 지원","산촌활성화 지원","산촌마을운영매니저","0","0","0","0","0"
"2024","자치단체이전","자치단체경상보조","산림청","일반회계"," ","농림수산","임업·산촌","산림이용 및 복지증진","산촌활성화 지원","산촌활성화 지원","유휴산림자원의 자산화","0","0","20231","0","0"
"2024","자치단체이전","자치단체경상보조","산림청","일반회계"," ","농림수산","임업·산촌","산림이용 및 복지증진","산림복지서비스 제공·운영","산림서비스도우미","숲해설 운영(위탁)","4343000","4343000","4174028","100.0","96.1"
"2024","자치단체이전","자치단체경상보조","산림청","일반회계"," ","농림수산","임업·산촌","산림이용 및 복지증진","산림복지서비스 제공·운영","산림서비스도우미","유아숲교육 운영(위탁)","8213000","8213000","7884916","100.0","96.0"
"2024","자치단체이전","자치단체경상보조","산림청","일반회계"," ","농림수산","임업·산촌","산림이용 및 복지증진","산림복지서비스 제공·운영","산림서비스도우미","산림치유 운영(위탁) ","1346000","1346000","1285710","100.0","95.5"
"2024","자치단체이전","자치단체경상보조","산림청","일반회계"," ","농림수산","임업·산촌","산림이용 및 복지증진","산림복지서비스 제공·운영","산림서비스도우미","도시숲정원관리인 운영","1210720","1210720","1177749","100.0","97.3"
"2024","자치단체이전","자치단체경상보조","산림청","일반회계"," ","농림수산","임업·산촌","산림이용 및 복지증진","산림복지서비스 제공·운영","산림서비스도우미","산림복지일자리","690293","690293","662782","100.0","96.0"
"2024","자치단체이전","자치단체경상보조","산림청","일반회계"," ","농림수산","임업·산촌","산림이용 및 복지증진","산림복지서비스 제공·운영","산림휴양등산증진","자연휴양림 복합재해 사전진단","0","0","0","0","0"
"2024","자치단체이전","자치단체경상보조","산림청","일반회계"," ","농림수산","임업·산촌","산림이용 및 복지증진","산림복지서비스 제공·운영","산림휴양등산증진","자연휴양림 복합재해 대응사업","192000","192000","205911","100.0","107.2"
"2024","자치단체이전","자치단체경상보조","산림청","일반회계"," ","농림수산","임업·산촌","산림환경 보전 및 증진","산림생태보전(일반)","산림복원","산림복원지 사후 모니터링","266000","266000","256214","100.0","96.3"
"2024","자치단체이전","자치단체경상보조","산림청","일반회계"," ","농림수산","임업·산촌","산림환경 보전 및 증진","산림생태보전(일반)","산림복원","산림복원사업 타당성평가","45080","45080","27104","100.0","60.1"
"2024","자치단체이전","자치단체경상보조","산림청","일반회계"," ","농림수산","임업·산촌","산림환경 보전 및 증진","산림생태보전(일반)","산림복원","보호구역 산불피해지 산림생태복원 타당성평가","228620","228620","196000","100.0","85.7"
"2024","자치단체이전","자치단체경상보조","산림청","일반회계"," ","농림수산","임업·산촌","산림환경 보전 및 증진","산림생태보전(일반)","백두대간보전","백두대간(정맥)생태축복원","6440","6440","6174","100.0","95.9"
"2024","자치단체이전","자치단체경상보조","산림청","일반회계"," ","농림수산","임업·산촌","산림환경 보전 및 증진","산림생태보전(일반)","백두대간보전","백두대간 보호활동","55000","55000","49513","100.0","90.0"
"2024","자치단체이전","자치단체경상보조","산림청","일반회계"," ","농림수산","임업·산촌","산림환경 보전 및 증진","산림생태보전(일반)","백두대간보전","백두대간 소득감소분지원","68000","68000","63222","100.0","93.0"
"2024","자치단체이전","자치단체경상보조","산림청","일반회계"," ","농림수산","임업·산촌","산림환경 보전 및 증진","정원 조성 및 관리","정원 조성관리","국가정원 운영관리","6100000","6100000","6096816","100.0","99.9"
"2024","자치단체이전","자치단체경상보조","산림청","일반회계"," ","농림수산","임업·산촌","산림환경 보전 및 증진","정원 조성 및 관리","정원 조성관리","정원산업 박람회","500000","500000","502000","100.0","100.4"
"2024","자치단체이전","자치단체경상보조","산림청","일반회계"," ","농림수산","임업·산촌","산림재난관리","산림재해대응(일반)","산림재해일자리","산림재해일자리 장기(산림병해충예찰방제단)","14611380","14611380","13997406","100.0","95.8"
"2024","자치단체이전","자치단체경상보조","산림청","일반회계"," ","농림수산","임업·산촌","산림재난관리","산림재해대응(일반)","산림재해일자리","산림재해일자리 단기(산사태현장예방단)","3987320","3987320","3758359","100.0","94.3"
"2024","자치단체이전","자치단체경상보조","산림청","일반회계"," ","농림수산","임업·산촌","산림재난관리","산림재해대응(일반)","산림재해일자리","산림재해일자리 단기(산불전문예방진화대)","53719300","53719300","50412154","100.0","93.8"
"2024","자치단체이전","자치단체경상보조","산림청","일반회계"," ","농림수산","임업·산촌","산림재난관리","산불 예방 및 대응","산불방지대책","산불방지대책(경상)","4930000","4930000","4192958","100.0","85.0"
"2024","자치단체이전","자치단체경상보조","산림청","일반회계"," ","농림수산","임업·산촌","산림재난관리","산사태 예방 및 대응(일반)","사방사업","사방시설 평가 및 점검","4782000","4782000","4248520","100.0","88.8"
"2024","자치단체이전","자치단체경상보조","산림청","일반회계"," ","농림수산","임업·산촌","산림재난관리","산사태 예방 및 대응(일반)","산사태재난 경계피난","산사태 발생 우려지역 실태조사","3684450","3684450","3300379","100.0","89.6"
"2024","자치단체이전","자치단체경상보조","산림청","일반회계"," ","농림수산","임업·산촌","산림행정지원","산림행정지원(일반)","사회서비스분야 인력경비","사회복무요원 운영","2213583","2213583","1655378","100.0","74.8"
"2024","자치단체이전","자치단체경상보조","산림청","지역균형발전특별회계","세종특별자치시계정","농림수산","임업·산촌","산림자원 및 산업육성","임도시설(지특,세종)","임도시설(세종)","임도시설(세종계정)(지자체경상)","1000","1000","868","100.0","86.8"
"2024","자치단체이전","자치단체경상보조","산림청","지역균형발전특별회계","제주특별자치도계정","농림수산","임업·산촌","산림자원 및 산업육성","임도시설(지특,제주)","임도시설(제주)","임도시설(제주계정)(지자체경상)","1000","1000","1000","100.0","100.0"
"2024","자치단체이전","자치단체경상보조","산림청","지역균형발전특별회계","지역자율계정","농림수산","임업·산촌","산림자원 및 산업육성","임도시설(지특,자율)","임도시설(자율)","임도시설(지역자율계정)(지자체경상)","107000","107000","96728","100.0","90.4"
"2024","자치단체이전","자치단체경상보조","산업통상자원부","에너지및자원사업특별회계","투자계정","산업·중소기업및에너지","에너지및자원개발","에너지자원정책","가스안전관리","LPG용기사용가구 시설개선","LPG용기사용가구 시설개선","4208000","4207500","4187626","100.0","99.5"
"2024","자치단체이전","자치단체경상보조","산업통상자원부","에너지및자원사업특별회계","투자계정","산업·중소기업및에너지","에너지및자원개발","재생에너지및에너지신산업활성화","에너지신산업","수소산업진흥 기반구축사업","제주 그린수소 글로벌 포럼 공동 개최","250000","250000","250000","100.0","100.0"
"2024","자치단체이전","자치단체경상보조","산업통상자원부","일반회계"," ","산업·중소기업및에너지","산업혁신지원","주력산업진흥","섬유패션생활용품산업육성","생활산업경쟁력강화","3D융합안경테제조기반구축","220000","220000","218297","100.0","99.2"
"2024","자치단체이전","자치단체경상보조","산업통상자원부","일반회계"," ","산업·중소기업및에너지","산업혁신지원","주력산업진흥","섬유패션생활용품산업육성","생활산업경쟁력강화","한국안경산업고도화육성","1400000","1400000","1389148","100.0","99.2"
"2024","자치단체이전","자치단체경상보조","산업통상자원부","일반회계"," ","산업·중소기업및에너지","산업혁신지원","주력산업진흥","섬유패션생활용품산업육성","생활산업경쟁력강화","퍼스널케어융합얼라이언스육성","300000","300000","298201","100.0","99.4"
"2024","자치단체이전","자치단체경상보조","산업통상자원부","일반회계"," ","산업·중소기업및에너지","산업혁신지원","주력산업진흥","섬유패션생활용품산업육성","생활산업경쟁력강화","K-아이웨어 메타버스 플랫폼 구축","158000","158000","158000","100.0","100.0"
"2024","자치단체이전","자치단체경상보조","산업통상자원부","일반회계"," ","산업·중소기업및에너지","산업혁신지원","신산업진흥","바이오산업육성","바이오나노산업개방형생태계조성촉진사업","바이오사업화지원","974000","974000","974000","100.0","100.0"
"2024","자치단체이전","자치단체경상보조","산업통상자원부","일반회계"," ","산업·중소기업및에너지","산업혁신지원","포항지진 피해관리","포항지진 피해구제","포항지진 피해구제 지원","포항지진 피해구제 지원","14000","14000","13960","100.0","99.7"
"2024","자치단체이전","자치단체경상보조","산업통상자원부","전력산업기반기금"," ","산업·중소기업및에너지","에너지및자원개발","에너지자원정책","전기안전관리(기금)","IoT기반도로조명설비원격점검체계구축","IoT기반 도로조명설비 원격 점검 체계 구축","4264000","4247975","4000438","99.6","94.2"
"2024","자치단체이전","자치단체경상보조","산업통상자원부","전력산업기반기금"," ","산업·중소기업및에너지","에너지및자원개발","에너지자원정책","전력수요관리(기금)","전력효율향상","취약계층 LED보급지원","13653000","10836780","9408661","79.4","86.8"
"2024","자치단체이전","자치단체경상보조","산업통상자원부","전력산업기반기금"," ","산업·중소기업및에너지","에너지및자원개발","에너지자원정책","전선로 지중화 지원","전선로 지중화 지원","전선로 지중화사업 지원","41984000","40573800","31329116","96.6","77.2"
"2024","자치단체이전","자치단체경상보조","산업통상자원부","전력산업기반기금"," ","산업·중소기업및에너지","에너지및자원개발","에너지공급체계구축","발전소주변지역지원(기금)","발전소주변지역기본지원사업","발전소주변지역 공공사회복지 등","85306000","82959276","73345754","97.2","88.4"
"2024","자치단체이전","자치단체경상보조","산업통상자원부","전력산업기반기금"," ","산업·중소기업및에너지","에너지및자원개발","에너지공급체계구축","발전소주변지역지원(기금)","특별지원사업(발전소주변지역)","발전소주변지역 공공사회복지 등(특별지원)","94611000","94611000","85000663","100.0","89.8"
"2024","자치단체이전","자치단체경상보조","산업통상자원부","전력산업기반기금"," ","산업·중소기업및에너지","에너지및자원개발","에너지공급체계구축","발전소주변지역지원(기금)","기타지원(발전소주변지역)","발전소주변지역 민간환경감시기구 인건비","2557000","2557000","2555604","100.0","99.9"
"2024","자치단체이전","자치단체경상보조","산업통상자원부","전력산업기반기금"," ","산업·중소기업및에너지","에너지및자원개발","에너지공급체계구축","발전소주변지역지원(기금)","기타지원(발전소주변지역)","발전소주변지역 민간환경감시기구 장비구입비","101000","101000","100892","100.0","99.9"
"2024","자치단체이전","자치단체경상보조","산업통상자원부","전력산업기반기금"," ","산업·중소기업및에너지","에너지및자원개발","에너지공급체계구축","발전소주변지역지원(기금)","기타지원(발전소주변지역)","발전소주변지역 민간환경감시기구 운영비","732000","732000","724639","100.0","99.0"
"2024","자치단체이전","자치단체경상보조","산업통상자원부","전력산업기반기금"," ","산업·중소기업및에너지","에너지및자원개발","에너지공급체계구축","발전소주변지역지원(기금)","기타지원(발전소주변지역)","석탄화력발전소 민간환경감시기구 운영","297000","297000","292483","100.0","98.5"
"2024","자치단체이전","자치단체경상보조","산업통상자원부","전력산업기반기금"," ","산업·중소기업및에너지","에너지및자원개발","에너지공급체계구축","발전소주변지역지원(기금)","기타지원(발전소주변지역)","고창 민간 환경 감시센터 운영","250000","250000","250000","100.0","100.0"
"2024","자치단체이전","자치단체경상보조","산업통상자원부","지역균형발전특별회계","지역지원계정","산업·중소기업및에너지","산업혁신지원","경제자유구역사업추진","경제자유구역지원","인천경제자유구역전시컨벤션센터건립(BTL)","인천경제자유구역전시컨벤션센터건립(BTL)","5376000","5376000","5376000","100.0","100.0"
"2024","자치단체이전","자치단체경상보조","산업통상자원부","지역균형발전특별회계","지역지원계정","산업·중소기업및에너지","산업혁신지원","지역경제활성화","지역산업경쟁력강화","지역균형발전지원","지역혁신체계지원","1693000","1693000","1393575","100.0","82.3"
"2024","자치단체이전","자치단체경상보조","산업통상자원부","지역균형발전특별회계","지역지원계정","산업·중소기업및에너지","산업혁신지원","지역경제활성화","지역산업경쟁력강화","지방주도형투자일자리지원","지방주도형 투자·일자리 수요맞춤형 지원","1720000","1720000","1651241","100.0","96.0"
"2024","자치단체이전","자치단체경상보조","산업통상자원부","지역균형발전특별회계","지역지원계정","산업·중소기업및에너지","산업혁신지원","지역경제활성화","지역혁신체계운영","지역혁신체계운영지원","지역혁신협의회운영지원","0","0","0","0","0"
"2024","자치단체이전","자치단체경상보조","산업통상자원부","지역균형발전특별회계","지역지원계정","산업·중소기업및에너지","산업혁신지원","외국인투자유치활성화","외국인투자유치활성화","외국교육연구기관 등 유치지원","외국교육연구기관 설립준비비 및 초기운영비","3580000","3580000","3275599","100.0","91.5"
"2024","자치단체이전","자치단체경상보조","산업통상자원부","지역균형발전특별회계","지역지원계정","산업·중소기업및에너지","산업혁신지원","외국인투자유치활성화","외국인투자유치활성화","외국교육연구기관 등 유치지원","외국교육연구기관 등 성장기반 구축","100000","100000","110027","100.0","110.0"
"2024","자치단체이전","자치단체경상보조","산업통상자원부","지역균형발전특별회계","지역지원계정","산업·중소기업및에너지","산업혁신지원","외국인투자유치활성화","외국인투자유치활성화","투자유치기반조성","외국인투자 임대료지원","84000","76187","76187","90.7","100.0"
"2024","자치단체이전","자치단체경상보조","산업통상자원부","지역균형발전특별회계","지역지원계정","교통및물류","물류등기타","경제자유구역사업추진","경제자유구역지원","구역청투자유치지원","구역청투자유치지원","3060000","3060000","2996690","100.0","97.9"
"2024","자치단체이전","자치단체경상보조","소방청","일반회계"," ","공공질서및안전","재난관리","소방정책지원","자율소방안전관리강화","소방공무원보건안전지원","2024년 소방공무원 찾아가는 상담실 ","2243000","2243000","2238458","100.0","99.8"
"2024","자치단체이전","자치단체경상보조","소방청","일반회계"," ","공공질서및안전","재난관리","소방정책지원","자율소방안전관리강화","소방공무원보건안전지원","2024년 소방공무원 스트레스 회복력 강화 프로그램 ","650000","650000","641027","100.0","98.6"
"2024","자치단체이전","자치단체경상보조","소방청","일반회계"," ","공공질서및안전","재난관리","소방정책지원","자율소방안전관리강화","소방보조인력양성및운영","소방보조인력 양성 및 운영","15148309","15148309","13805726","100.0","91.1"
"2024","자치단체이전","자치단체경상보조","소방청","일반회계"," ","공공질서및안전","재난관리","소방정책지원","화재예방제도 선진화","화재안전및시설기준개발","산림인접마을 비상소화장치 설치지원","0","0","594223","0","0"
"2024","자치단체이전","자치단체경상보조","소방청","일반회계"," ","공공질서및안전","재난관리","소방정책지원","화재예방제도 선진화","화재안전및시설기준개발","산림인접마을 비상소화장치 설치지원_이월","0","0","0","0","0"
"2024","자치단체이전","자치단체경상보조","식품의약품안전처","일반회계"," ","보건","식품의약안전","식품안전성제고","식품 안전관리 강화","식품안전 감시 및 대응","지자체 기초위생관리 지원(지자체 보조)","1134000","1134000","1062086","100.0","93.7"
"2024","자치단체이전","자치단체경상보조","식품의약품안전처","일반회계"," ","보건","식품의약안전","식품안전성제고","식품 안전기반 구축","건강기능식품 관리","합동단속 등 사후관리 강화","394000","394000","380358","100.0","96.5"
"2024","자치단체이전","자치단체경상보조","식품의약품안전처","일반회계"," ","보건","식품의약안전","위해관리 선진화","위해예방 체계 구축","위생용품 안전관리","지자체 기초위생 관리지원","60000","60000","50915","100.0","84.9"
"2024","자치단체이전","자치단체경상보조","식품의약품안전처","일반회계"," ","보건","식품의약안전","식생활영양 안전성 제고","건강한 식생활 환경조성","농축수산물 안전관리","자치단체 명예축산물위생감시원 운영 수당","86625","86625","73600","100.0","85.0"
"2024","자치단체이전","자치단체경상보조","식품의약품안전처","일반회계"," ","보건","식품의약안전","식생활영양 안전성 제고","건강한 식생활 환경조성","농축수산물 안전관리","축산물 수거비 및 재료비 지원","612320","612320","605476","100.0","98.9"
"2024","자치단체이전","자치단체경상보조","식품의약품안전처","일반회계"," ","보건","식품의약안전","식생활영양 안전성 제고","건강한 식생활 환경조성","농축수산물 안전관리","유통 수산물 안전관리 지원","500850","500850","491884","100.0","98.2"
"2024","자치단체이전","자치단체경상보조","식품의약품안전처","일반회계"," ","보건","식품의약안전","식생활영양 안전성 제고","집단급식소 위생강화","식중독 예방 및 관리","식중독균 검사 지원(인건비, 재료비)","598898","598898","591622","100.0","98.8"
"2024","자치단체이전","자치단체경상보조","식품의약품안전처","일반회계"," ","보건","식품의약안전","식생활영양 안전성 제고","집단급식소 위생강화","식중독 예방 및 관리","노로바이러스 검사 지원(재료비)","74528","74528","74306","100.0","99.7"
"2024","자치단체이전","자치단체경상보조","식품의약품안전처","일반회계"," ","보건","식품의약안전","식생활영양 안전성 제고","집단급식소 위생강화","어린이 먹을거리 안전관리 강화","어린이기호식품 전담관리원 운영","1040200","1040200","1021790","100.0","98.2"
"2024","자치단체이전","자치단체경상보조","식품의약품안전처","일반회계"," ","보건","식품의약안전","식생활영양 안전성 제고","집단급식소 위생강화","급식안전 지원 및 관리 강화","지역급식관리지원센터 운영","60319000","60319000","60059205","100.0","99.6"
"2024","자치단체이전","자치단체경상보조","식품의약품안전처","지역균형발전특별회계","제주특별자치도계정","보건","식품의약안전","식품안전성제고","식의약품 안전관리 강화","식의약품 안전 감시 및 대응(제주)","특별지방행정기관 이관사무 수행 경비 지원","111000","111000","11683","100.0","10.5"
"2024","자치단체이전","자치단체경상보조","식품의약품안전처","지역균형발전특별회계","지역지원계정","보건","식품의약안전","식품안전성제고","식의약품 안전관리 강화","식의약품 안전 감시 및 대응(지역지원)","특별지방행정기관 이관사무 수행 경비 지원","3730000","3730000","3649650","100.0","97.8"
"2024","자치단체이전","자치단체경상보조","여성가족부","양성평등기금"," ","사회복지","여성·가족·청소년","여성·아동인권보호","성매매방지 및 피해자 지원(기금)","성매매방지 및 피해자 지원","성매매피해자 지원시설 및 상담소 운영","14261000","14171990","13740035","99.4","97.0"
"2024","자치단체이전","자치단체경상보조","여성가족부","양성평등기금"," ","사회복지","여성·가족·청소년","여성·아동인권보호","성매매방지 및 피해자 지원(기금)","성매매방지 및 피해자 지원","성매매피해자 구조지원","1849000","1849000","1765878","100.0","95.5"
"2024","자치단체이전","자치단체경상보조","여성가족부","양성평등기금"," ","사회복지","여성·가족·청소년","여성·아동인권보호","성매매방지 및 피해자 지원(기금)","성매매방지 및 피해자 지원","성매매집결지 현장지원사업","670000","670000","650864","100.0","97.1"
"2024","자치단체이전","자치단체경상보조","여성가족부","양성평등기금"," ","사회복지","여성·가족·청소년","여성·아동인권보호","성매매방지 및 피해자 지원(기금)","성매매방지 및 피해자 지원","성매매피해아동청소년 통합지원","1087000","706550","1057602","65.0","149.7"
"2024","자치단체이전","자치단체경상보조","여성가족부","양성평등기금"," ","사회복지","여성·가족·청소년","여성·아동인권보호","가정폭력·성폭력피해회복및재발방지사업","가정폭력·성폭력 재발방지사업","가정폭력 가해자 교정치료프로그램 운영","0","0","0","0","0"
"2024","자치단체이전","자치단체경상보조","여성가족부","양성평등기금"," ","사회복지","여성·가족·청소년","여성·아동인권보호","가정폭력·성폭력피해회복및재발방지사업","가정폭력·스토킹 방지 및 피해자 지원","가정폭력 피해자 지원시설 및 서비스 운영지원(경상보조)","27975000","27928266","26916618","99.8","96.4"
"2024","자치단체이전","자치단체경상보조","여성가족부","양성평등기금"," ","사회복지","여성·가족·청소년","여성·아동인권보호","가정폭력·성폭력피해회복및재발방지사업","가정폭력·스토킹 방지 및 피해자 지원","여성긴급전화1366센터 운영(경상보조)","6593000","6493262","6181042","98.5","95.2"
"2024","자치단체이전","자치단체경상보조","여성가족부","양성평등기금"," ","사회복지","여성·가족·청소년","여성·아동인권보호","가정폭력·성폭력피해회복및재발방지사업","가정폭력·스토킹 방지 및 피해자 지원","스토킹 피해자 지원시설 및 서비스 운영지원(경상보조)","1876000","1845700","1394397","98.4","75.5"
"2024","자치단체이전","자치단체경상보조","여성가족부","양성평등기금"," ","사회복지","여성·가족·청소년","여성·아동인권보호","가정폭력·성폭력피해회복및재발방지사업","가정폭력·스토킹 방지 및 피해자 지원","통합상담소(디지털 성범죄 특화형) 지원","613000","612990","602131","100.0","98.2"
"2024","자치단체이전","자치단체경상보조","여성가족부","양성평등기금"," ","사회복지","여성·가족·청소년","여성·아동인권보호","가정폭력·성폭력피해회복및재발방지사업","폭력피해이주여성지원사업","폭력피해 이주여성 보호시설 운영지원 ","6111256","6109948","5971315","100.0","97.7"
"2024","자치단체이전","자치단체경상보조","여성가족부","양성평등기금"," ","사회복지","여성·가족·청소년","여성·아동인권보호","가정폭력·성폭력피해회복및재발방지사업","폭력피해이주여성지원사업","북한이탈여성 심리치유프로그램 운영 ","352000","352000","342690","100.0","97.4"
"2024","자치단체이전","자치단체경상보조","여성가족부","양성평등기금"," ","사회복지","여성·가족·청소년","여성·아동인권보호","가정폭력·성폭력피해회복및재발방지사업","폭력피해이주여성지원사업","폭력피해이주여성 상담소 운영지원","1380744","1380744","1376697","100.0","99.7"
"2024","자치단체이전","자치단체경상보조","여성가족부","양성평등기금"," ","사회복지","여성·가족·청소년","가족정책 및 돌봄 지원","한부모가족지원(기금)","한부모가족자녀 양육비 등 지원","한부모가족자녀 양육비 등 지원","535552000","517613000","673487642","96.7","130.1"
"2024","자치단체이전","자치단체경상보조","여성가족부","양성평등기금"," ","사회복지","여성·가족·청소년","가족정책 및 돌봄 지원","한부모가족지원(기금)","청소년한부모 아동양육 및 자립지원","청소년한부모 아동양육 및 자립지원","2852000","2852000","3440158","100.0","120.6"
"2024","자치단체이전","자치단체경상보조","여성가족부","양성평등기금"," ","사회복지","여성·가족·청소년","가족정책 및 돌봄 지원","한부모가족지원(기금)","한부모가족 복지시설지원","시설 입소자 상담·의료 지원","638000","638000","620557","100.0","97.3"
"2024","자치단체이전","자치단체경상보조","여성가족부","양성평등기금"," ","사회복지","여성·가족·청소년","가족정책 및 돌봄 지원","한부모가족지원(기금)","한부모가족 복지시설지원","공동생활가정형(매입임대) 주거지원","1962000","1937570","1827445","98.8","94.3"
"2024","자치단체이전","자치단체경상보조","여성가족부","양성평등기금"," ","사회복지","여성·가족·청소년","가족정책 및 돌봄 지원","한부모가족지원(기금)","한부모가족 복지시설지원","시설 아이돌봄서비스 지원","1369000","1353451","1383811","98.9","102.2"
"2024","자치단체이전","자치단체경상보조","여성가족부","양성평등기금"," ","사회복지","여성·가족·청소년","가족정책 및 돌봄 지원","한부모가족지원(기금)","한부모가족 복지시설지원","사회복무요원 인력경비","412000","388192","259000","94.2","66.7"
"2024","자치단체이전","자치단체경상보조","여성가족부","양성평등기금"," ","사회복지","여성·가족·청소년","가족정책 및 돌봄 지원","가족서비스지원","건강가정 및 다문화가족 지원","다문화가족 특성화사업","33873000","33096156","29819074","97.7","90.1"
"2024","자치단체이전","자치단체경상보조","여성가족부","양성평등기금"," ","사회복지","여성·가족·청소년","가족정책 및 돌봄 지원","가족서비스지원","건강가정 및 다문화가족 지원","사회복무요원 배치지원","247000","231400","187702","93.7","81.1"
"2024","자치단체이전","자치단체경상보조","여성가족부","양성평등기금"," ","사회복지","여성·가족·청소년","가족정책 및 돌봄 지원","가족서비스지원","건강가정 및 다문화가족 지원","가족센터 운영","91523000","89413719","83546946","97.7","93.4"
"2024","자치단체이전","자치단체경상보조","여성가족부","양성평등기금"," ","사회복지","여성·가족·청소년","가족정책 및 돌봄 지원","가족서비스지원","건강가정 및 다문화가족 지원","공동육아나눔터 운영","11813000","11671335","11419812","98.8","97.8"
"2024","자치단체이전","자치단체경상보조","여성가족부","양성평등기금"," ","사회복지","여성·가족·청소년","가족정책 및 돌봄 지원","가족서비스지원","건강가정 및 다문화가족 지원","돌봄공동체 지원 사업(지자체 보조)","0","0","0","0","0"
"2024","자치단체이전","자치단체경상보조","여성가족부","일반회계"," ","사회복지","여성·가족·청소년","성평등정책기반강화및여성경제활동지원","정책협의및평가","성인지정책분석 평가 운영","성별영향평가 운영(거점형 지역양성평등센터 운영)","345000","345000","333887","100.0","96.8"
"2024","자치단체이전","자치단체경상보조","여성가족부","일반회계"," ","사회복지","여성·가족·청소년","여성·아동인권보호","아동·여성안전정책 지원","여성폭력방지정책 추진기반 구축","일반국민 찾아가는 폭력예방교육 운영","816000","816000","806078","100.0","98.8"
"2024","자치단체이전","자치단체경상보조","여성가족부","일반회계"," ","사회복지","여성·가족·청소년","청소년정책및역량강화","청소년정책 기반강화","여성청소년 생리용품 지원","여성청소년 생리용품 지원(지자체)","14448000","14448000","14793314","100.0","102.4"
"2024","자치단체이전","자치단체경상보조","여성가족부","일반회계"," ","사회복지","여성·가족·청소년","청소년정책및역량강화","청소년 보호지원","청소년 유해환경 개선 및 피해예방","청소년유해환경감시단 지원사업","320000","320000","303398","100.0","94.8"
"2024","자치단체이전","자치단체경상보조","여성가족부","일반회계"," ","사회복지","여성·가족·청소년","청소년정책및역량강화","청소년 보호지원","청소년 유해환경 개선 및 피해예방","디지털미디어 피해 청소년 회복 지원(전담상담사 배치)","1002000","1001970","911788","100.0","91.0"
"2024","자치단체이전","자치단체경상보조","여성가족부","일반회계"," ","사회복지","여성·가족·청소년","가족정책 및 돌봄 지원","가족정책 기반구축","가족역량강화 지원","청소년부모 아동양육비 지원 시범사업","1595858","1595000","1835247","99.9","115.1"
"2024","자치단체이전","자치단체경상보조","여성가족부","일반회계"," ","사회복지","여성·가족·청소년","가족정책 및 돌봄 지원","아이돌봄지원","아이돌봄지원","아이돌봄 지원","466518346","466518346","416703107","100.0","89.3"
"2024","자치단체이전","자치단체경상보조","여성가족부","지역균형발전특별회계","지역지원계정","사회복지","여성·가족·청소년","성평등정책기반강화및여성경제활동지원","여성경제활동 촉진지원","여성경제활동 촉진지원","새일센터 지정운영","73468080","73254787","69892636","99.7","95.4"
"2024","자치단체이전","자치단체경상보조","여성가족부","청소년육성기금"," ","사회복지","여성·가족·청소년","여성·아동인권보호","아동·청소년 성보호 활동","아동·청소년 성범죄 예방교육","청소년성문화센터 운영","4879000","4847642","4773574","99.4","98.5"
"2024","자치단체이전","자치단체경상보조","여성가족부","청소년육성기금"," ","사회복지","여성·가족·청소년","청소년정책및역량강화","청소년참여 및 활동 지원","청소년정책 참여지원","지역 청소년참여위원회 운영","0","0","0","0","0"
"2024","자치단체이전","자치단체경상보조","여성가족부","청소년육성기금"," ","사회복지","여성·가족·청소년","청소년정책및역량강화","청소년참여 및 활동 지원","청소년정책 참여지원","수련시설 청소년운영위원회 운영 지원","0","0","0","0","0"
"2024","자치단체이전","자치단체경상보조","여성가족부","청소년육성기금"," ","사회복지","여성·가족·청소년","청소년정책및역량강화","청소년참여 및 활동 지원","청소년방과후활동 지원","청소년방과후아카데미 운영 ","31104000","30949734","29358837","99.5","94.9"
"2024","자치단체이전","자치단체경상보조","여성가족부","청소년육성기금"," ","사회복지","여성·가족·청소년","청소년정책및역량강화","청소년시설 및 단체지원","청소년수련시설 운영지원","청소년지도사 배치지원","5717000","5715123","5147608","100.0","90.1"
"2024","자치단체이전","자치단체경상보조","여성가족부","청소년육성기금"," ","사회복지","여성·가족·청소년","청소년정책및역량강화","청소년 사회안전망구축","청소년 사회안전망구축","청소년상담복지센터 운영지원","17517000","17511359","16414126","100.0","93.7"
"2024","자치단체이전","자치단체경상보조","여성가족부","청소년육성기금"," ","사회복지","여성·가족·청소년","청소년정책및역량강화","청소년 사회안전망구축","청소년 사회안전망구축","지자체 청소년안전망 운영","0","0","0","0","0"
"2024","자치단체이전","자치단체경상보조","여성가족부","청소년육성기금"," ","사회복지","여성·가족·청소년","청소년정책및역량강화","청소년 사회안전망구축","청소년 사회안전망구축","학교폭력 예방프로그램 운영","0","0","0","0","0"
"2024","자치단체이전","자치단체경상보조","여성가족부","청소년육성기금"," ","사회복지","여성·가족·청소년","청소년정책및역량강화","청소년 사회안전망구축","청소년 사회안전망구축","청소년 특별지원","4287000","4287000","3929615","100.0","91.7"
"2024","자치단체이전","자치단체경상보조","여성가족부","청소년육성기금"," ","사회복지","여성·가족·청소년","청소년정책및역량강화","청소년 사회안전망구축","청소년 사회안전망구축","이주배경 청소년 지원","798000","798000","786891","100.0","98.6"
"2024","자치단체이전","자치단체경상보조","여성가족부","청소년육성기금"," ","사회복지","여성·가족·청소년","청소년정책및역량강화","청소년 사회안전망구축","청소년 사회안전망구축","학교 밖 청소년 지원센터 지원","22635000","22634869","22142439","100.0","97.8"
"2024","자치단체이전","자치단체경상보조","여성가족부","청소년육성기금"," ","사회복지","여성·가족·청소년","청소년정책및역량강화","청소년 사회안전망구축","청소년 사회안전망구축","학교 밖 청소년 급식지원","1590000","1590000","1658933","100.0","104.3"
"2024","자치단체이전","자치단체경상보조","여성가족부","청소년육성기금"," ","사회복지","여성·가족·청소년","청소년정책및역량강화","청소년 사회안전망구축","청소년 사회안전망구축","(사례관리사)지자체 청소년안전망 운영","0","0","0","0","0"
"2024","자치단체이전","자치단체경상보조","여성가족부","청소년육성기금"," ","사회복지","여성·가족·청소년","청소년정책및역량강화","청소년 사회안전망구축","청소년 사회안전망구축","청소년동반자 프로그램 운영","13164000","13146154","12291898","99.9","93.5"
"2024","자치단체이전","자치단체경상보조","여성가족부","청소년육성기금"," ","사회복지","여성·가족·청소년","청소년정책및역량강화","청소년 사회안전망구축","청소년 사회안전망구축","은둔.고립청소년원스톱패키지지원","1089000","1049675","1020559","96.4","97.2"
"2024","자치단체이전","자치단체경상보조","여성가족부","청소년육성기금"," ","사회복지","여성·가족·청소년","청소년정책및역량강화","청소년 사회안전망구축","청소년 사회안전망구축","학교 밖 청소년 자립취업지원 서비스","1907000","1906960","1665965","100.0","87.4"
"2024","자치단체이전","자치단체경상보조","여성가족부","청소년육성기금"," ","사회복지","여성·가족·청소년","청소년정책및역량강화","청소년 사회안전망구축","청소년복지시설 운영지원","청소년시설 사회복무요원 배치지원","1056000","1026424","877448","97.2","85.5"
"2024","자치단체이전","자치단체경상보조","여성가족부","청소년육성기금"," ","사회복지","여성·가족·청소년","청소년정책및역량강화","청소년 사회안전망구축","청소년복지시설 운영지원","시설 퇴소청소년 자립지원수당 지원","640000","617400","577500","96.5","93.5"
"2024","자치단체이전","자치단체경상보조","여성가족부","청소년육성기금"," ","사회복지","여성·가족·청소년","청소년정책및역량강화","청소년 사회안전망구축","청소년복지시설 운영지원","청소년복지시설 운영지원","28574000","28090509","27020122","98.3","96.2"
"2024","자치단체이전","자치단체경상보조","외교부","일반회계"," ","통일·외교","외교·통상","한반도 평화 조성","평화체제 구축지원","국제평화재단 및 제주포럼 지원","제주포럼 개최비용 지원 ","635200","635200","635200","100.0","100.0"
"2024","자치단체이전","자치단체경상보조","외교부","일반회계"," ","통일·외교","외교·통상","한반도 평화 조성","평화체제 구축지원","국제평화재단 및 제주포럼 지원","제주국제연수센터 프로그램 운영비 지원 ","142000","142000","142000","100.0","100.0"
"2024","자치단체이전","자치단체경상보조","외교부","일반회계"," ","통일·외교","외교·통상","한반도 평화 조성","북미지역국가와의 전략적 특별협력관계 강화","북미지역국가와의 전략적 특별 협력관계 강화","주한미군지위협정(SOFA) 운영, 개선 ","638000","638000","630033","100.0","98.8"
"2024","자치단체이전","자치단체경상보조","외교부","일반회계"," ","통일·외교","외교·통상","여권업무 선진화","전자여권발급및서비스개선(수입대체경비)","전자여권발급및서비스개선(수입대체경비)","여권사무 대행기관 국고보조","5610000","5610000","5444703","100.0","97.1"
"2024","자치단체이전","자치단체경상보조","중소벤처기업부","중소벤처기업창업및진흥기금"," ","산업·중소기업및에너지","중소기업및소상공인육성","중소기업인력지원","연수사업(기금)","연수사업","대한민국기업가정신관 건립 타당성 검토 용역","300000","300000","223762","100.0","74.6"
"2024","자치단체이전","자치단체경상보조","중소벤처기업부","지역균형발전특별회계","세종특별자치시계정","산업·중소기업및에너지","중소기업및소상공인육성","소상공인·전통시장지원","전통시장및중소유통물류기반조성(지특)","상권활성화 사업(세종)","상권활성화 사업(세종, 경상)","500000","0","0","0.0","0"
"2024","자치단체이전","자치단체경상보조","중소벤처기업부","지역균형발전특별회계","제주특별자치도계정","산업·중소기업및에너지","산업·중소기업일반","중소기업행정지원","제주이관업무지원","제주중소기업업무지원","제주중소기업업무지원","1675000","1675000","370227","100.0","22.1"
"2024","자치단체이전","자치단체경상보조","중소벤처기업부","지역균형발전특별회계","지역자율계정","산업·중소기업및에너지","중소기업및소상공인육성","소상공인·전통시장지원","전통시장활성화지원","전통시장 주차환경 개선(자율)","전통시장 주차환경개선(공공 및 사설주차장 이용보조-자치단체 경상보조)","901000","901000","744140","100.0","82.6"
"2024","자치단체이전","자치단체경상보조","중소벤처기업부","지역균형발전특별회계","지역자율계정","산업·중소기업및에너지","중소기업및소상공인육성","소상공인·전통시장지원","전통시장활성화지원","상권활성화 사업(자율)","상권활성화 사업(자율, 경상)","24184000","24182700","23402940","100.0","96.8"
"2024","자치단체이전","자치단체경상보조","진실·화해를위한과거사정리위원회","일반회계"," ","일반·지방행정","일반행정","진실화해위원회운영","진화위운영","진화위운영","진실규명 공동수행","80000","80000","73848","100.0","92.3"
"2024","자치단체이전","자치단체경상보조","진실·화해를위한과거사정리위원회","일반회계"," ","일반·지방행정","일반행정","진실화해위원회운영","진화위운영","진화위운영","유해발굴 자치단체보조 사업","400000","308000","278209","77.0","90.3"
"2024","자치단체이전","자치단체경상보조","진실·화해를위한과거사정리위원회","일반회계"," ","일반·지방행정","일반행정","진실화해위원회운영","진화위운영","진화위운영","3·15의거 진실규명 사업 지원","20000","20000","16772","100.0","83.9"
"2024","자치단체이전","자치단체경상보조","질병관리청","일반회계"," ","보건","보건의료","감염병정책관리","감염병예방관리","감염병예방관리","코로나19 환자 격리치료비 지원","27312585","21159037","27005179","77.5","127.6"
"2024","자치단체이전","자치단체경상보조","질병관리청","일반회계"," ","보건","보건의료","감염병정책관리","한센병관리","한센병환자관리지원","한센병환자관리지원 자치단체 경상보조","6240000","6240000","6150174","100.0","98.6"
"2024","자치단체이전","자치단체경상보조","질병관리청","일반회계"," ","보건","보건의료","감염병정책관리","감염병관리 및 지원","감염병예방관리 및 지원","주요감염병 표본감시사업 ","0","0","0","0","0"
"2024","자치단체이전","자치단체경상보조","질병관리청","일반회계"," ","보건","보건의료","감염병위기대응","위기대응분석","역학조사 역량 강화 및 연구기반 조성","새로운 역학감시체계 구축(하수감시)","943000","943000","940619","100.0","99.7"
"2024","자치단체이전","자치단체경상보조","질병관리청","일반회계"," ","보건","보건의료","감염병위기대응","위기대응분석","역학조사 역량 강화 및 연구기반 조성","역학조사 체계 고도화 및 분석역량 강화(환기평가 체계 구축운영_시설별 교육, 관련 경비)","0","0","0","0","0"
"2024","자치단체이전","자치단체경상보조","질병관리청","일반회계"," ","보건","보건의료","감염병위기대응","위기대응관리","신종감염병 위기상황 종합관리","생활지원비 지원사업","587806","69008","91462","11.7","132.5"
"2024","자치단체이전","자치단체경상보조","질병관리청","일반회계"," ","보건","보건의료","감염병위기대응","위기대응관리","신종감염병 위기상황 종합관리","코로나19 사망자 장례지원비","0","0","238700","0","0"
"2024","자치단체이전","자치단체경상보조","질병관리청","일반회계"," ","보건","보건의료","감염병위기대응","위기대응관리","신종감염병 위기상황 종합관리","신종재출현감염병 위기관리 대응훈련","0","0","0","0","0"
"2024","자치단체이전","자치단체경상보조","질병관리청","일반회계"," ","보건","보건의료","감염병위기대응","위기대응관리","신종감염병 위기상황 종합관리","코로나19 양성자 조사감시사업(조사감시체계운영)","716900","716400","720900","99.9","100.6"
"2024","자치단체이전","자치단체경상보조","질병관리청","일반회계"," ","보건","보건의료","감염병진단분석","진단분석관리","감염병표준실험실운영","생물테러대응 실험실네트워크운영지원","206000","206000","205635","100.0","99.8"
"2024","자치단체이전","자치단체경상보조","질병관리청","일반회계"," ","보건","보건의료","감염병진단분석","진단분석관리","감염병표준실험실운영","지자체결핵진단검사지원","1831000","1831000","1649477","100.0","90.1"
"2024","자치단체이전","자치단체경상보조","질병관리청","일반회계"," ","보건","보건의료","감염병진단분석","진단분석관리","감염병표준실험실운영","에이즈및성병실험실진단","717000","717000","716345","100.0","99.9"
"2024","자치단체이전","자치단체경상보조","질병관리청","일반회계"," ","보건","보건의료","감염병진단분석","감염병진단인프라구축","지역거점진단 인프라 구축","세계보건기구 표준실험실운영(폴리오 환경감시체계운영)","0","0","0","0","0"
"2024","자치단체이전","자치단체경상보조","질병관리청","일반회계"," ","보건","보건의료","의료안전예방관리","의료감염관리","의료관련 감염관리","의료관련감염 현장 대비체계 마련","0","0","0","0","0"
"2024","자치단체이전","자치단체경상보조","질병관리청","일반회계"," ","보건","보건의료","의료안전예방관리","신종감염병 예방접종관리","코로나19 예방접종 실시","위탁의료기관 예방접종 시행비","0","0","0","0","0"
"2024","자치단체이전","자치단체경상보조","통일부","남북협력기금"," ","통일·외교","통일","남북사회문화교류","남북사회문화교류","사회문화교류 지원","인적왕래·기타 협력 사업 지원(지자체)","2700000","0","0","0.0","0"
"2024","자치단체이전","자치단체경상보조","통일부","남북협력기금"," ","통일·외교","통일","인도적 문제해결","대북인도적지원","민생협력지원","북한영유아 등 지원","0","0","0","0","0"
"2024","자치단체이전","자치단체경상보조","통일부","남북협력기금"," ","통일·외교","통일","인도적 문제해결","대북인도적지원","민생협력지원","보건의료협력","0","0","0","0","0"
"2024","자치단체이전","자치단체경상보조","통일부","남북협력기금"," ","통일·외교","통일","인도적 문제해결","대북인도적지원","민생협력지원","농축산 산림 환경 협력","7800000","0","0","0.0","0"
"2024","자치단체이전","자치단체경상보조","통일부","일반회계"," ","통일·외교","통일","통일정책","평화통일기반조성","국내통일기반조성","호남 통일+센터 설치 및 운영","600000","600000","598958","100.0","99.8"
"2024","자치단체이전","자치단체경상보조","통일부","일반회계"," ","통일·외교","통일","통일정책","평화통일기반조성","국내통일기반조성","강원 통일+센터 설치 및 운영","300000","150000","105626","50.0","70.4"
"2024","자치단체이전","자치단체경상보조","통일부","일반회계"," ","통일·외교","통일","북한이탈주민 정착지원","북한이탈주민 정착 행정지원","북한이탈주민 정책 및 지원체계 운영","북한이탈주민 지역적응센터 운영","7528000","7528000","7315829","100.0","97.2"
"2024","자치단체이전","자치단체경상보조","해양수산부","농어촌구조개선특별회계","구조개선사업계정","농림수산","수산·어촌","수산식품고부가가치화","식품산업육성","천일염산업육성","천일염포장재지원","0","0","15750","0","0"
"2024","자치단체이전","자치단체경상보조","해양수산부","농어촌구조개선특별회계","구조개선사업계정","농림수산","수산·어촌","수산식품고부가가치화","식품산업육성","천일염산업육성","천일염품질·위생관리","1844000","1844000","1750724","100.0","94.9"
"2024","자치단체이전","자치단체경상보조","해양수산부","농어촌구조개선특별회계","구조개선사업계정","농림수산","수산·어촌","수산식품고부가가치화","식품산업육성","수산식품산업육성","새싹기업 도약지원","1200000","1200000","1152731","100.0","96.1"
"2024","자치단체이전","자치단체경상보조","해양수산부","농어촌구조개선특별회계","구조개선사업계정","농림수산","수산·어촌","수산식품고부가가치화","수산물 수출지원","수산물해외시장개척","김산업 진흥구역 지원","0","0","484626","0","0"
"2024","자치단체이전","자치단체경상보조","해양수산부","농어촌구조개선특별회계","구조개선사업계정","농림수산","수산·어촌","수산식품고부가가치화","수산물 수출지원","수산물해외시장개척","김산업 진흥구역 지원","2000000","2000000","555818","100.0","27.8"
"2024","자치단체이전","자치단체경상보조","해양수산부","농어촌구조개선특별회계","구조개선사업계정","농림수산","수산·어촌","수산물 유통 및 안전관리","수산물유통개선(농특)","활어차 산소공급 장비 교체 지원","활어차 산소공급 장비 교체 지원","24879","24879","18659","100.0","75.0"
"2024","자치단체이전","자치단체경상보조","해양수산부","농어촌구조개선특별회계","구조개선사업계정","농림수산","수산·어촌","수산물 유통 및 안전관리","안전한수산물공급관리(농특)","수산생물질병관리","방역사업비(질병예찰 및 방역교육)","399000","399000","392714","100.0","98.4"
"2024","자치단체이전","자치단체경상보조","해양수산부","농어촌구조개선특별회계","구조개선사업계정","농림수산","수산·어촌","수산물 유통 및 안전관리","안전한수산물공급관리(농특)","수산생물질병관리","수산동물예방백신 공급","1950000","1950000","1908014","100.0","97.8"
"2024","자치단체이전","자치단체경상보조","해양수산부","농어촌구조개선특별회계","구조개선사업계정","농림수산","수산·어촌","수산물 유통 및 안전관리","안전한수산물공급관리(농특)","수산생물질병관리","생계안정자금 지원","50000","9009","9009","18.0","100.0"
"2024","자치단체이전","자치단체경상보조","해양수산부","농어촌구조개선특별회계","구조개선사업계정","농림수산","수산·어촌","수산물 유통 및 안전관리","안전한수산물공급관리(농특)","수산생물질병관리","유해생물구제(기생충 구제)","500000","500000","497220","100.0","99.4"
"2024","자치단체이전","자치단체경상보조","해양수산부","농어촌구조개선특별회계","구조개선사업계정","농림수산","수산·어촌","수산물 유통 및 안전관리","안전한수산물공급관리(농특)","수산생물질병관리","유해생물구제(쏙 구제)","66060","43000","42865","65.1","99.7"
"2024","자치단체이전","자치단체경상보조","해양수산부","농어촌구조개선특별회계","구조개선사업계정","농림수산","수산·어촌","수산물 유통 및 안전관리","안전한수산물공급관리(농특)","수산생물질병관리","양식수산물 폐사체 처리 지원","0","0","0","0","0"
"2024","자치단체이전","자치단체경상보조","해양수산부","농어촌구조개선특별회계","구조개선사업계정","농림수산","수산·어촌","수산물 유통 및 안전관리","수산어촌알리기","수산업가치및소비촉진제고","수산물상생할인지원(자치단체경상)","2000000","1961500","1508790","98.1","76.9"
"2024","자치단체이전","자치단체경상보조","해양수산부","농어촌구조개선특별회계","구조개선사업계정","농림수산","수산·어촌","수산자원 관리 및 조성","친환경양식육성(농특)","친환경양식어업육성","청정어장 재생사업","5000000","5000000","4443950","100.0","88.9"
"2024","자치단체이전","자치단체경상보조","해양수산부","농어촌구조개선특별회계","구조개선사업계정","농림수산","수산·어촌","수산자원 관리 및 조성","친환경양식육성(농특)","친환경 어구보급","생분해어구보급","0","0","0","0","0"
"2024","자치단체이전","자치단체경상보조","해양수산부","농어촌구조개선특별회계","구조개선사업계정","농림수산","수산·어촌","수산자원 관리 및 조성","친환경양식육성(농특)","친환경 어구보급","인증부표 보급지원","30000000","30000000","27942318","100.0","93.1"
"2024","자치단체이전","자치단체경상보조","해양수산부","농어촌구조개선특별회계","구조개선사업계정","농림수산","수산·어촌","수산자원 관리 및 조성","친환경양식육성(농특)","친환경 어구보급","굴패각 친환경처리지원","2070000","2070000","1984711","100.0","95.9"
"2024","자치단체이전","자치단체경상보조","해양수산부","농어촌구조개선특별회계","구조개선사업계정","농림수산","수산·어촌","수산자원 관리 및 조성","친환경양식육성(농특)","친환경 어구보급","인증부표(폐스티로폼처리 지원)","0","0","496483","0","0"
"2024","자치단체이전","자치단체경상보조","해양수산부","농어촌구조개선특별회계","구조개선사업계정","농림수산","수산·어촌","수산자원 관리 및 조성","자율관리어업육성","자율관리어업육성","유해생물구제사업(해파리구제)","1620000","1620000","1857187","100.0","114.6"
"2024","자치단체이전","자치단체경상보조","해양수산부","농어촌구조개선특별회계","구조개선사업계정","농림수산","수산·어촌","수산자원 관리 및 조성","자율관리어업육성","자율관리어업육성","자율관리어업 확산교육비","140000","140000","136246","100.0","97.3"
"2024","자치단체이전","자치단체경상보조","해양수산부","농어촌구조개선특별회계","구조개선사업계정","농림수산","수산·어촌","수산자원 관리 및 조성","수산자원조성","수산자원조성사업지원","환동해 블루카본센터 기본구상비","0","0","359991","0","0"
"2024","자치단체이전","자치단체경상보조","해양수산부","농어촌구조개선특별회계","구조개선사업계정","농림수산","수산·어촌","어촌어항활성화","귀어귀촌지원","귀어귀촌활성화","도시민어촌유치지원","0","0","0","0","0"
"2024","자치단체이전","자치단체경상보조","해양수산부","농어촌구조개선특별회계","구조개선사업계정","농림수산","수산·어촌","어촌어항활성화","귀어귀촌지원","귀어귀촌활성화","어촌에서 살아보기","0","0","0","0","0"
"2024","자치단체이전","자치단체경상보조","해양수산부","농어촌구조개선특별회계","구조개선사업계정","농림수산","수산·어촌","어촌어항활성화","귀어귀촌지원","귀어귀촌활성화","도시민 기술교육","0","0","0","0","0"
"2024","자치단체이전","자치단체경상보조","해양수산부","농어촌구조개선특별회계","구조개선사업계정","농림수산","수산·어촌","어업인소득안정지원","수산경영안정","어업인교육훈련 및 기술지원","수산계고교특성화(지자체)","600000","600000","853922","100.0","142.3"
"2024","자치단체이전","자치단체경상보조","해양수산부","농어촌구조개선특별회계","구조개선사업계정","농림수산","수산·어촌","어업인소득안정지원","수산경영안정","어업인교육훈련 및 기술지원","수산경영 대학과정","340000","340000","326441","100.0","96.0"
"2024","자치단체이전","자치단체경상보조","해양수산부","농어촌구조개선특별회계","구조개선사업계정","농림수산","수산·어촌","어업인소득안정지원","수산경영안정","어업인교육훈련 및 기술지원","창업어가 멘토링","150000","150000","149700","100.0","99.8"
"2024","자치단체이전","자치단체경상보조","해양수산부","농어촌구조개선특별회계","구조개선사업계정","농림수산","수산·어촌","어업인소득안정지원","수산경영안정","어업인교육훈련 및 기술지원","연구교습어장","900000","900000","862823","100.0","95.9"
"2024","자치단체이전","자치단체경상보조","해양수산부","농어촌구조개선특별회계","구조개선사업계정","농림수산","수산·어촌","어업인소득안정지원","수산경영안정","어업인교육훈련 및 기술지원","수산업경영인 교육","226000","226000","213966","100.0","94.7"
"2024","자치단체이전","자치단체경상보조","해양수산부","농어촌구조개선특별회계","구조개선사업계정","농림수산","수산·어촌","어업인소득안정지원","수산경영안정","어업인교육훈련 및 기술지원","어촌지도자 교육","340000","340000","331743","100.0","97.6"
"2024","자치단체이전","자치단체경상보조","해양수산부","농어촌구조개선특별회계","구조개선사업계정","농림수산","수산·어촌","어업인소득안정지원","수산경영안정","수산장비(임대)활용(지자체)","이동수리소 운영","795000","795000","794074","100.0","99.9"
"2024","자치단체이전","자치단체경상보조","해양수산부","농어촌구조개선특별회계","구조개선사업계정","농림수산","수산·어촌","어업인소득안정지원","수산경영안정","어업인삶의질향상","어업활동지원","180000","180000","148800","100.0","82.7"
"2024","자치단체이전","자치단체경상보조","해양수산부","농어촌구조개선특별회계","구조개선사업계정","농림수산","수산·어촌","어업인소득안정지원","수산경영안정","어업인삶의질향상","여성어업인 특화건강검진","1163000","505900","107894","43.5","21.3"
"2024","자치단체이전","자치단체경상보조","해양수산부","농어촌구조개선특별회계","구조개선사업계정","농림수산","수산·어촌","어업인소득안정지원","재해대책","양식등재해대책비","유해생물구제(적조)","2976000","518000","917142","17.4","177.1"
"2024","자치단체이전","자치단체경상보조","해양수산부","농어촌구조개선특별회계","농어촌특별세사업계정","농림수산","수산·어촌","수산자원 관리 및 조성","연근해어업구조조정","연근해어선감척(지자체)","연근해어선감척(지자체)","176122429","176122429","166097718","100.0","94.3"
"2024","자치단체이전","자치단체경상보조","해양수산부","농어촌구조개선특별회계","농어촌특별세사업계정","농림수산","수산·어촌","어촌어항활성화","귀어귀촌지원","청년어촌정착지원","청년어업인 정착지원","2491000","2491000","2296693","100.0","92.2"
"2024","자치단체이전","자치단체경상보조","해양수산부","농어촌구조개선특별회계","농어촌특별세사업계정","농림수산","수산·어촌","어촌어항활성화","귀어귀촌지원","청년어촌정착지원","사업운영 및 평가","30000","30000","23364","100.0","77.9"
"2024","자치단체이전","자치단체경상보조","해양수산부","농어촌구조개선특별회계","농어촌특별세사업계정","농림수산","수산·어촌","어업인소득안정지원","어가소득보전","수산 공익직불제","조건불리지역 직불","6557000","6556520","4107833","100.0","62.7"
"2024","자치단체이전","자치단체경상보조","해양수산부","농어촌구조개선특별회계","농어촌특별세사업계정","농림수산","수산·어촌","어업인소득안정지원","어가소득보전","수산 공익직불제","친환경수산물직불제","34474000","34474000","29631175","100.0","86.0"
"2024","자치단체이전","자치단체경상보조","해양수산부","농어촌구조개선특별회계","농어촌특별세사업계정","농림수산","수산·어촌","어업인소득안정지원","어가소득보전","수산 공익직불제","수산자원보호 직불","15238600","13221236","10074108","86.8","76.2"
"2024","자치단체이전","자치단체경상보조","해양수산부","농어촌구조개선특별회계","농어촌특별세사업계정","농림수산","수산·어촌","어업인소득안정지원","어가소득보전","수산 공익직불제","경영이양직불제","466400","377019","360779","80.8","95.7"
"2024","자치단체이전","자치단체경상보조","해양수산부","농어촌구조개선특별회계","농어촌특별세사업계정","농림수산","수산·어촌","어업인소득안정지원","어가소득보전","수산 공익직불제","소규모어가, 어선원 직불","30273000","30272375","28709831","100.0","94.8"
"2024","자치단체이전","자치단체경상보조","해양수산부","농어촌구조개선특별회계","농어촌특별세사업계정","농림수산","수산·어촌","어업인소득안정지원","어가소득보전","수산 공익직불제","어선원 직불","17172000","10151400","7768949","59.1","76.5"
"2024","자치단체이전","자치단체경상보조","해양수산부","수산발전기금"," ","환경","해양환경","해양환경보전","해양환경개선(기금)","해양폐기물정화사업","바다환경지킴이 지원","0","0","0","0","0"
"2024","자치단체이전","자치단체경상보조","해양수산부","수산발전기금"," ","환경","해양환경","해양환경보전","해양환경개선(기금)","해양폐기물정화사업","해양쓰레기 집하장 처리지원","0","0","49193","0","0"
"2024","자치단체이전","자치단체경상보조","해양수산부","수산발전기금"," ","환경","해양환경","해양환경보전","해양환경개선(기금)","해양폐기물정화사업","취약해안 폐기물 대응","8331000","8331000","7551874","100.0","90.6"
"2024","자치단체이전","자치단체경상보조","해양수산부","수산발전기금"," ","환경","해양환경","해양환경보전","해양환경개선(기금)","해양폐기물정화사업","어구부표보증금제","1998000","1726000","846978","86.4","49.1"
"2024","자치단체이전","자치단체경상보조","해양수산부","수산발전기금"," ","환경","해양환경","해양환경보전","해양환경개선(기금)","해양폐기물정화사업","생분해 어구","3454000","3454000","3091869","100.0","89.5"
"2024","자치단체이전","자치단체경상보조","해양수산부","수산발전기금"," ","환경","해양환경","해양환경보전","해양환경개선(기금)","해양폐기물정화사업","자연재난 쓰레기 피해복구","1004000","345500","25080","34.4","7.3"
"2024","자치단체이전","자치단체경상보조","해양수산부","수산발전기금"," ","환경","해양환경","해양환경보전","해양환경개선(기금)","해양폐기물정화사업","7월 집중호우 해양쓰레기 피해복구","500000","500000","50255","100.0","10.1"
"2024","자치단체이전","자치단체경상보조","해양수산부","수산발전기금"," ","환경","해양환경","해양환경보전","해양환경개선(기금)","해양폐기물정화사업","9월 집중호우 해양쓰레기 피해복구","496000","56000","6707","11.3","12.0"
"2024","자치단체이전","자치단체경상보조","해양수산부","수산발전기금"," ","환경","해양환경","해양환경보전","해양환경개선(기금)","해양생태계 서식처 기능개선 복원사업","유해교란해양생물 제거 및 관리","500000","500000","500000","100.0","100.0"
"2024","자치단체이전","자치단체경상보조","해양수산부","수산발전기금"," ","농림수산","수산·어촌","어업인소득안정지원","직접피해지원","피해보전직불금","피해보전직불금 지원","4215866","4215866","357804","100.0","8.5"
"2024","자치단체이전","자치단체경상보조","해양수산부","일반회계"," ","환경","해양환경","해양환경보전","해양생태계 보전 및 복원","우수해양생태계 보호","해양보호구역관리(경상보조)","790000","790000","739385","100.0","93.6"
"2024","자치단체이전","자치단체경상보조","해양수산부","일반회계"," ","환경","해양환경","해양환경보전","연안환경관리(일반)","연안관리","강하구 해양쓰레기 처리","0","0","128799","0","0"
"2024","자치단체이전","자치단체경상보조","해양수산부","일반회계"," ","환경","해양환경","해양환경보전","연안환경관리(일반)","연안관리","해양쓰레기 피해복구","0","0","871735","0","0"
"2024","자치단체이전","자치단체경상보조","해양수산부","일반회계"," ","환경","해양환경","해양환경보전","연안환경관리(일반)","연안관리","집중호우 및 제6호 태풍 카눈 해양쓰레기 피해 복구","0","0","940627","0","0"
"2024","자치단체이전","자치단체경상보조","해양수산부","일반회계"," ","농림수산","수산·어촌","수산자원 관리 및 조성","어업안전지도강화","어업협정이행","대체어장 자원동향조사","1844000","1752480","1592602","95.0","90.9"
"2024","자치단체이전","자치단체경상보조","해양수산부","일반회계"," ","농림수산","수산·어촌","어업인소득안정지원","수산산업창업투자","수산산업창업투자지원","지역별 창업투자지원 센터","5250000","5250000","5234708","100.0","99.7"
"2024","자치단체이전","자치단체경상보조","해양수산부","일반회계"," ","교통및물류","해운·항만","해운산업 선진화","도서지역 해상교통 지원(일반)","국가보조항로결손보상금","소외도서 항로운영 지원","0","0","0","0","0"
"2024","자치단체이전","자치단체경상보조","해양수산부","일반회계"," ","교통및물류","해운·항만","해운산업 선진화","도서지역 해상교통 지원(일반)","내항여객선운임보조(지자체)","도서민 여객선 운임지원","0","0","0","0","0"
"2024","자치단체이전","자치단체경상보조","해양수산부","일반회계"," ","교통및물류","해운·항만","해운산업 선진화","도서지역 해상교통 지원(일반)","내항여객선운임보조(지자체)","섬 지역 생활물류 운임지원","0","0","0","0","0"
"2024","자치단체이전","자치단체경상보조","해양수산부","일반회계"," ","교통및물류","해운·항만","해운산업 선진화","도서지역 해상교통 지원(일반)","도서지역 생활필수품 해상운송비 지원","도서지역 생활필수품 해상운송비 지원","1350000","1350000","1309923","100.0","97.0"
"2024","자치단체이전","자치단체경상보조","해양수산부","일반회계"," ","교통및물류","해운·항만","해양 및 해상교통관리","해양안전관리시스템 구축.운영(일반)","해양사고 예방활동 지원","대한민국 해양안전 엑스포 개최 지원","180000","180000","178587","100.0","99.2"
"2024","자치단체이전","자치단체경상보조","해양수산부","일반회계"," ","교통및물류","해운·항만","해양 및 해상교통관리","해양안전관리시스템 구축.운영(일반)","해양사고 예방활동 지원","해양안전체험관 운영 지원","1663000","1662500","1624056","100.0","97.7"
"2024","자치단체이전","자치단체경상보조","해양수산부","일반회계"," ","교통및물류","해운·항만","해양 및 해상교통관리","해양안전관리시스템 구축.운영(일반)","해양사고 예방활동 지원","국민해양안전관 운영 지원","1269000","1269000","1089881","100.0","85.9"
"2024","자치단체이전","자치단체경상보조","해양수산부","일반회계"," ","교통및물류","해운·항만","해양 및 해상교통관리","해양안전관리시스템 구축.운영(일반)","세월호 인양 및 추모사업 지원","인천 일반인희생자 추모관 운영 지원","321000","321000","318411","100.0","99.2"
"2024","자치단체이전","자치단체경상보조","해양수산부","일반회계"," ","교통및물류","물류등기타","해양산업육성및영토관리","해양문화활성화","해양수산 신산업 육성 및 기업투자유치 지원","동해안 마린펠로이드 바이오소재 산업화 플랫폼 구축 타당성 조사","200000","200000","156000","100.0","78.0"
"2024","자치단체이전","자치단체경상보조","해양수산부","일반회계"," ","교통및물류","물류등기타","해양산업육성및영토관리","해양문화활성화","해양수산 신산업 육성 및 기업투자유치 지원","해양바이오 소재 대량생산 플랜트 건립 타당성 조사","200000","200000","0","100.0","0.0"
"2024","자치단체이전","자치단체경상보조","해양수산부","일반회계"," ","교통및물류","물류등기타","해양산업육성및영토관리","해양문화활성화","해양수산 신산업 육성 및 기업투자유치 지원","해조류 바이오 스마트팩토리 구축 타당성 조사","200000","200000","183527","100.0","91.8"
"2024","자치단체이전","자치단체경상보조","해양수산부","일반회계"," ","교통및물류","물류등기타","해양산업육성및영토관리","해양영토관리기반구축","독도 지속가능이용 및 관리","외국인 독도체험","210000","210000","209286","100.0","99.7"
"2024","자치단체이전","자치단체경상보조","해양수산부","일반회계"," ","교통및물류","물류등기타","해양산업육성및영토관리","해양영토관리기반구축","독도 지속가능이용 및 관리","독도박물관 운영","890000","890000","861813","100.0","96.8"
"2024","자치단체이전","자치단체경상보조","해양수산부","일반회계"," ","교통및물류","물류등기타","해양산업육성및영토관리","해양영토관리기반구축","독도 지속가능이용 및 관리","독도주민숙소 운영","120000","120000","119287","100.0","99.4"
"2024","자치단체이전","자치단체경상보조","해양수산부","일반회계"," ","교통및물류","물류등기타","해양산업육성및영토관리","해양영토관리기반구축","독도 지속가능이용 및 관리","독도관리선 운영","1050000","1050000","990834","100.0","94.4"
"2024","자치단체이전","자치단체경상보조","해양수산부","일반회계"," ","교통및물류","물류등기타","해양산업육성및영토관리","해양영토관리기반구축","독도 지속가능이용 및 관리","독도 입도영상시스템 운영","100000","100000","78985","100.0","79.0"
"2024","자치단체이전","자치단체경상보조","해양수산부","일반회계"," ","교통및물류","물류등기타","해양산업육성및영토관리","해양영토관리기반구축","독도 지속가능이용 및 관리","독도 현지조사연구활동지원","500000","500000","500000","100.0","100.0"
"2024","자치단체이전","자치단체경상보조","해양수산부","일반회계"," ","교통및물류","물류등기타","해양산업육성및영토관리","해양영토관리기반구축","독도 지속가능이용 및 관리","주민숙소 기반확충","600000","600000","327217","100.0","54.5"
"2024","자치단체이전","자치단체경상보조","해양수산부","일반회계"," ","교통및물류","물류등기타","해양산업육성및영토관리","해양관광육성","해양관광육성","전국해양스포츠제전 개최","610000","610000","601412","100.0","98.6"
"2024","자치단체이전","자치단체경상보조","해양수산부","일반회계"," ","교통및물류","물류등기타","해양산업육성및영토관리","해양관광육성","해양관광육성","해수욕장 활성화 지원(해수욕장 현황조사 지원)","300000","300000","352936","100.0","117.6"
"2024","자치단체이전","자치단체경상보조","해양수산부","일반회계"," ","교통및물류","물류등기타","해양산업육성및영토관리","해양관광육성","해양관광육성","서해안권 해양레저관광허브 민간투자 타당성 용역","500000","500000","410000","100.0","82.0"
"2024","자치단체이전","자치단체경상보조","해양수산부","일반회계"," ","교통및물류","물류등기타","해양산업육성및영토관리","해양관광육성","해양관광육성","해수욕장 활성화 지원(방사능 검사)","150000","135000","32277","90.0","23.9"
"2024","자치단체이전","자치단체경상보조","해양수산부","일반회계"," ","교통및물류","물류등기타","해양산업육성및영토관리","해양관광육성","해양관광육성","여수 국제해양관광포럼","250000","30000","250000","12.0","833.3"
"2024","자치단체이전","자치단체경상보조","해양수산부","지역균형발전특별회계","제주특별자치도계정","환경","해양환경","해양환경보전","해양 및 수자원관리(제주)","해양 및 수자원 관리(제주)","해양쓰레기 정화사업 지원","3936000","3936000","3657092","100.0","92.9"
"2024","자치단체이전","자치단체경상보조","해양수산부","지역균형발전특별회계","제주특별자치도계정","교통및물류","물류등기타","해양수산행정지원","제주 이관업무 지원","제주해양항만 운영지원","제주특별자치도 관할 지방관리무역항 운영 등에 관한 이관사무 수행에 필요한 경상경비 지원","305000","305000","230736","100.0","75.7"
"2024","자치단체이전","자치단체경상보조","해양수산부","지역균형발전특별회계","제주특별자치도계정","교통및물류","물류등기타","해양수산행정지원","제주 이관업무 지원","제주해양항만 운영지원","제주특별자치도 관할 지방관리무역항 운영 등에 관한 이관사무 수행에 필요한 인건비 지원","2744000","2744000","0","100.0","0.0"
"2024","자치단체이전","자치단체경상보조","해양수산부","지역균형발전특별회계","지역자율계정","환경","해양환경","해양환경보전","해양 및 수자원 관리","해양 및 수자원 관리","해양쓰레기 정화사업 지원","18273000","18273000","16440447","100.0","90.0"
"2024","자치단체이전","자치단체경상보조","해양수산부","지역균형발전특별회계","지역지원계정","농림수산","수산·어촌","수산식품고부가가치화","식품산업육성","수산식품산업거점단지조성","거점단지역량강화","0","0","0","0","0"
"2024","자치단체이전","자치단체경상보조","해양수산부","지역균형발전특별회계","지역지원계정","농림수산","수산·어촌","수산자원 관리 및 조성","수산자원관리","수산어업행정지원","수산어업행정지원(경상)","22171000","22171000","21842029","100.0","98.5"
"2024","자치단체이전","자치단체경상보조","해양수산부","지역균형발전특별회계","지역지원계정","농림수산","수산·어촌","어촌어항활성화","귀어귀촌지원","어촌소멸대응지원","어촌에서살아보기(귀어인의 집)","150000","150000","149998","100.0","100.0"
"2024","자치단체이전","자치단체경상보조","해양수산부","지역균형발전특별회계","지역지원계정","농림수산","수산·어촌","어촌어항활성화","귀어귀촌지원","어촌소멸대응지원","도시민기술교육","1120000","1120000","1110839","100.0","99.2"
"2024","자치단체이전","자치단체경상보조","해양수산부","지역균형발전특별회계","지역지원계정","농림수산","수산·어촌","어촌어항활성화","귀어귀촌지원","어촌소멸대응지원","어촌특화지원센터 운영","1125000","1125000","1125000","100.0","100.0"
"2024","자치단체이전","자치단체경상보조","해양수산부","지역균형발전특별회계","지역지원계정","교통및물류","해운·항만","해운산업 선진화","도서지역 해상교통 지원(지특)","국가보조항로결손보상금","소외도서 항로운영 지원","900000","622000","406571","69.1","65.4"
"2024","자치단체이전","자치단체경상보조","해양수산부","지역균형발전특별회계","지역지원계정","교통및물류","해운·항만","해운산업 선진화","도서지역 해상교통 지원(지특)","내항여객선운임보조(지자체)","섬 지역 생활물류 운임지원","6500000","6500000","2989880","100.0","46.0"
"2024","자치단체이전","자치단체경상보조","해양수산부","지역균형발전특별회계","지역지원계정","교통및물류","해운·항만","해운산업 선진화","도서지역 해상교통 지원(지특)","내항여객선운임보조(지자체)","도서민 여객선 운임지원","13176000","13176000","13136319","100.0","99.7"
"2024","자치단체이전","자치단체경상보조","행정안전부","일반회계"," ","일반·지방행정","지방행정·재정지원","지방자치분권","지방자치단체경쟁력지원","지자체경쟁력지원","읍면동 단위 스마트복지안전공동체 구축","986000","981000","844877","99.5","86.1"
"2024","자치단체이전","자치단체경상보조","행정안전부","일반회계"," ","일반·지방행정","지방행정·재정지원","지방자치분권","지방자치단체경쟁력지원","지자체경쟁력지원","지역 내 복지자원연계 강화","263000","263000","256486","100.0","97.5"
"2024","자치단체이전","자치단체경상보조","행정안전부","일반회계"," ","일반·지방행정","지방행정·재정지원","지역발전","생활공감정책추진","생활공감정책추진","시도 생활공감정책 온-오프라인 활동 지원 ","135000","135000","123529","100.0","91.5"
"2024","자치단체이전","자치단체경상보조","행정안전부","일반회계"," ","일반·지방행정","지방행정·재정지원","지방재정경제","지역경제지원","지역경제활성화","착한가격업소 활성화 지원","1785000","1785000","1675886","100.0","93.9"
"2024","자치단체이전","자치단체경상보조","행정안전부","일반회계"," ","일반·지방행정","지방행정·재정지원","지방재정경제","지역경제지원","지역경제활성화","착한가격업소 활성화 지원(배달료)","3000000","1927896","909347","64.3","47.2"
"2024","자치단체이전","자치단체경상보조","행정안전부","일반회계"," ","일반·지방행정","지방행정·재정지원","이북5도","이북도민관련지원","이북도민관련단체및행사지원","남북 실향민 문화 육성사업","130000","130000","124570","100.0","95.8"
"2024","자치단체이전","자치단체경상보조","행정안전부","일반회계"," ","일반·지방행정","일반행정","기록물관리","기록관리정책및교육","기록관리정책및교육","지방기록물관리기관 협력사업","0","0","0","0","0"
"2024","자치단체이전","자치단체경상보조","행정안전부","일반회계"," ","일반·지방행정","일반행정","민주화지원및과거사정리","과거사관련업무지원단운영","과거사관련업무지원단운영","임시유해안치시설 운영지원","60000","60000","49287","100.0","82.1"
"2024","자치단체이전","자치단체경상보조","행정안전부","일반회계"," ","일반·지방행정","일반행정","민주화지원및과거사정리","과거사관련업무지원단운영","과거사관련사업지원","유해매장 추정지 안내표지판 관리지원 등","40000","40000","37000","100.0","92.5"
"2024","자치단체이전","자치단체경상보조","행정안전부","일반회계"," ","일반·지방행정","일반행정","민주화지원및과거사정리","과거사관련업무지원단운영","과거사관련사업지원","제주4·3실무위원회 운영 등","6319000","6319000","5810872","100.0","92.0"
"2024","자치단체이전","자치단체경상보조","행정안전부","일반회계"," ","일반·지방행정","일반행정","민주화지원및과거사정리","과거사관련업무지원단운영","과거사관련사업지원","노근리평화공원 관리운영","1499000","1499000","1961654","100.0","130.9"
"2024","자치단체이전","자치단체경상보조","행정안전부","일반회계"," ","일반·지방행정","일반행정","민주화지원및과거사정리","과거사관련업무지원단운영","과거사관련사업지원","거창사건 추모공원 관리운영","912000","912000","912000","100.0","100.0"
"2024","자치단체이전","자치단체경상보조","행정안전부","일반회계"," ","일반·지방행정","일반행정","민주화지원및과거사정리","과거사관련업무지원단운영","과거사관련사업지원","산청·함양사건 추모공원 관리운영","633000","633000","604085","100.0","95.4"
"2024","자치단체이전","자치단체경상보조","행정안전부","일반회계"," ","일반·지방행정","일반행정","민주화지원및과거사정리","과거사관련업무지원단운영","제주4.3 진상규명 및 명예회복 지원","4·3 전국민 바로알리기 사업","70000","70000","69509","100.0","99.3"
"2024","자치단체이전","자치단체경상보조","행정안전부","일반회계"," ","일반·지방행정","일반행정","민주화지원및과거사정리","과거사관련업무지원단운영","제주4.3 진상규명 및 명예회복 지원","제주4·3유적보존 및 유해발굴사업","870000","870000","852355","100.0","98.0"
"2024","자치단체이전","자치단체경상보조","행정안전부","일반회계"," ","일반·지방행정","일반행정","민주화지원및과거사정리","민주화운동기념사업지원","민주화운동기념사업지원","5.18기념재단 지원(광주)","3182000","3182000","2927149","100.0","92.0"
"2024","자치단체이전","자치단체경상보조","행정안전부","일반회계"," ","일반·지방행정","일반행정","민주화지원및과거사정리","민주화운동기념사업지원","민주화운동기념사업지원","2.28민주운동기념사업 지원(대구)","244000","244000","240040","100.0","98.4"
"2024","자치단체이전","자치단체경상보조","행정안전부","일반회계"," ","일반·지방행정","일반행정","민주화지원및과거사정리","민주화운동기념사업지원","민주화운동기념사업지원","부산민주항쟁기념사업지원","216000","216000","215254","100.0","99.7"
"2024","자치단체이전","자치단체경상보조","행정안전부","일반회계"," ","일반·지방행정","일반행정","민주화지원및과거사정리","국가폭력 트라우마 치유센터 조성","국립 국가폭력 트라우마 치유센터 조성","국가폭력 트라우마 치유활동 위탁사업","301000","301000","297529","100.0","98.8"
"2024","자치단체이전","자치단체경상보조","행정안전부","일반회계"," ","일반·지방행정","일반행정","민주화지원및과거사정리","여수,순천 10.19사건위원회 지원","여수·순천10·19위원회 지원","여수·순천 10·19사건 실무위원회 지원","2415000","2415000","2345652","100.0","97.1"
"2024","자치단체이전","자치단체경상보조","행정안전부","일반회계"," ","공공질서및안전","재난관리","안전관리","안전점검 및 재난안전산업 활성화","재난안전산업활성화","대한민국 안전산업박람회","270000","270000","270000","100.0","100.0"
"2024","자치단체이전","자치단체경상보조","행정안전부","일반회계"," ","공공질서및안전","재난관리","안전관리","생활안전개선 추진","국민안전의식선진화","생활안전 취약계층 안전교육","370000","370000","361540","100.0","97.7"
"2024","자치단체이전","자치단체경상보조","행정안전부","일반회계"," ","공공질서및안전","재난관리","안전관리","생활안전개선 추진","지역안전개선컨설팅","안전시설개선 모델 실증사업","2000000","2000000","1136460","100.0","56.8"
"2024","자치단체이전","자치단체경상보조","행정안전부","일반회계"," ","공공질서및안전","재난관리","안전관리","비상시대비능력강화","동원자원관리","인력동원 훈련보상금 지급","133000","133000","129710","100.0","97.5"
"2024","자치단체이전","자치단체경상보조","행정안전부","일반회계"," ","공공질서및안전","재난관리","안전관리","비상시대비능력강화","민방위교육훈련및시설장비확충","민방위 교육 운영비","1673456","1673456","1388647","100.0","83.0"
"2024","자치단체이전","자치단체경상보조","행정안전부","일반회계"," ","공공질서및안전","재난관리","안전관리","비상시대비능력강화","민방위교육훈련및시설장비확충","국민 참여 민방위의 날 훈련경비","131100","131100","112231","100.0","85.6"
"2024","자치단체이전","자치단체경상보조","행정안전부","일반회계"," ","공공질서및안전","재난관리","안전관리","비상시대비능력강화","민방위교육훈련및시설장비확충","민방위대 창설기념행사 경비","118000","118000","110475","100.0","93.6"
"2024","자치단체이전","자치단체경상보조","행정안전부","일반회계"," ","공공질서및안전","재난관리","안전관리","비상시대비능력강화","민방위교육훈련및시설장비확충","접경지역 비상경보발령시스템 구축","0","0","0","0","0"
"2024","자치단체이전","자치단체경상보조","행정안전부","일반회계"," ","공공질서및안전","재난관리","재난관리","재난관리인프라구축","지진대비인프라구축","인증제를 통한 내진보강 활성화","1296000","1296000","1021426","100.0","78.8"
"2024","자치단체이전","자치단체경상보조","행정안전부","일반회계"," ","공공질서및안전","재난관리","재난관리","재난경감활성화","국가재난대응종합훈련","국가재난대응종합훈련(보조)","980000","980000","890589","100.0","90.9"
"2024","자치단체이전","자치단체경상보조","행정안전부","일반회계"," ","공공질서및안전","재난관리","재난관리","재난복구지원","재난구호지원","이재민 지원 재해·재난 긴급 구호","1000000","1000000","755608","100.0","75.6"
"2024","자치단체이전","자치단체경상보조","행정안전부","일반회계"," ","공공질서및안전","재난관리","재난관리","재난복구지원","재난심리회복지원","시·도 재난심리회복지원센터 운영 지원","750000","750000","750000","100.0","100.0"
"2024","자치단체이전","자치단체경상보조","행정안전부","일반회계"," ","공공질서및안전","재난관리","재난관리","재난복구지원","재난심리회복지원","마음구호 프로그램 운영","200000","200000","200000","100.0","100.0"
"2024","자치단체이전","자치단체경상보조","행정안전부","일반회계"," ","공공질서및안전","재난관리","재난관리","재난복구지원","재난관리자원 관리체계 구축 및 민관협력 지원","지역 재난관리자원 통합관리센터 구축 운영 지원","0","0","100516","0","0"
"2024","자치단체이전","자치단체경상보조","행정안전부","일반회계"," ","공공질서및안전","재난관리","재난관리","재난복구지원","재난관리자원 관리체계 구축 및 민관협력 지원","지역 재난관리자원 통합관리센터 운영 지원","3293000","3293000","3581625","100.0","108.8"
"2024","자치단체이전","자치단체경상보조","행정안전부","일반회계"," ","사회복지","취약계층지원","일자리지원","지역일자리창출","지역주도형 청년일자리 사업","지역주도형 청년일자리","0","0","0","0","0"
"2024","자치단체이전","자치단체경상보조","행정안전부","지역균형발전특별회계","제주특별자치도계정","일반·지방행정","지방행정·재정지원","지방자치분권","자원봉사활성화지원(제주)","자원봉사활성화지원(제주)","전국 통합 자원봉사보험 가입 서비스 지원","27000","27000","27000","100.0","100.0"
"2024","자치단체이전","자치단체경상보조","행정안전부","지역균형발전특별회계","지역자율계정","사회복지","취약계층지원","일자리지원","지역일자리창출","지역사회 활성화 기반조성","지역사회 역량강화 및 조사연구","50000","50000","44400","100.0","88.8"
"2024","자치단체이전","자치단체경상보조","행정안전부","지역균형발전특별회계","지역지원계정","일반·지방행정","지방행정·재정지원","지방자치분권","자원봉사활성화지원","자원봉사활성화지원","전국 통합 자원봉사보험 가입 서비스 지원","1166000","1166000","1157745","100.0","99.3"
"2024","자치단체이전","자치단체경상보조","행정안전부","지역균형발전특별회계","지역지원계정","일반·지방행정","지방행정·재정지원","지방자치분권","자원봉사활성화지원","자원봉사활성화지원","자원봉사 코디네이터 지원·육성","8483000","8483000","8123585","100.0","95.8"
"2024","자치단체이전","자치단체경상보조","행정안전부","지역균형발전특별회계","지역지원계정","일반·지방행정","지방행정·재정지원","지방자치분권","자원봉사활성화지원","자원봉사활성화지원","2024년 부산 세계자원봉사대회 개최지원 ","500000","500000","499606","100.0","99.9"
"2024","자치단체이전","자치단체경상보조","행정안전부","지역균형발전특별회계","지역지원계정","일반·지방행정","지방행정·재정지원","지역발전","광역경제권추진지원","지역발전활성화","부처 지역사업 연계지원","1000000","1000000","1063105","100.0","106.3"
"2024","자치단체이전","자치단체경상보조","행정안전부","지역균형발전특별회계","지역지원계정","일반·지방행정","지방행정·재정지원","지역발전","서해5도종합발전지원","서해5도종합발전지원","서해 5도 종합발전 지원","8320000","8320000","7765219","100.0","93.3"
"2024","자치단체이전","자치단체경상보조","행정안전부","지역균형발전특별회계","지역지원계정","일반·지방행정","지방행정·재정지원","지방재정경제","지역경제지원","지역사랑상품권 발행지원","지역사랑상품권 발행지원","264772000","264772000","249683464","100.0","94.3"
"2024","자치단체이전","자치단체경상보조","행정안전부","지역균형발전특별회계","지역지원계정","일반·지방행정","지방행정·재정지원","지방재정경제","지역경제지원","지역사랑상품권 발행지원","지역사랑상품권 발행지원(착한가격업소 지원)","2204000","2204000","1554970","100.0","70.6"
"2024","자치단체이전","자치단체경상보조","행정안전부","지역균형발전특별회계","지역지원계정","일반·지방행정","지방행정·재정지원","지방재정경제","지역경제지원","지역사랑상품권 발행지원","지역사랑상품권 발행지원(정책사업 지원)","10805300","10805300","7291392","100.0","67.5"
"2024","자치단체이전","자치단체경상보조","행정안전부","지역균형발전특별회계","지역지원계정","일반·지방행정","지방행정·재정지원","지방재정경제","지역경제지원","지역사랑상품권 발행지원","지역사랑상품권 발행지원(위기대응 지원)","21984700","21983800","17920429","100.0","81.5"
"2024","자치단체이전","자치단체경상보조","행정안전부","지역균형발전특별회계","지역지원계정","일반·지방행정","지방행정·재정지원","지방재정경제","지역경제지원","지역사랑상품권 발행지원","지역사랑상품권 발행지원(정책지원 사업 2차)","0","0","0","0","0"
"2024","자치단체이전","자치단체경상보조","행정안전부","지역균형발전특별회계","지역지원계정","일반·지방행정","정부자원관리","정부혁신조직","주민참여 지역문제 해결 확산","주민참여 지역문제해결 확산","지역거점별 소통협력공간 조성 및 운영","0","0","500000","0","0"
"2024","자치단체이전","자치단체경상보조","행정안전부","지역균형발전특별회계","지역지원계정","일반·지방행정","정부자원관리","정부혁신조직","주민참여 지역문제 해결 확산","지역사회 자생적 창조역량 강화","지역거점별 소통협력공간 조성 및 운영","4000000","4000000","3977989","100.0","99.4"
"2024","자치단체이전","자치단체경상보조","행정안전부","지역균형발전특별회계","지역지원계정","일반·지방행정","정부자원관리","정부혁신조직","주민참여 지역문제 해결 확산","지역사회 자생적 창조역량 강화","빈집정비 등 경관개선사업","5000000","4969000","1264783","99.4","25.5"
"2024","자치단체이전","자치단체경상보조","행정안전부","지역균형발전특별회계","지역지원계정","공공질서및안전","재난관리","안전관리","재난예방지원","재해위험지역정비(보조)","급경사지 실태조사","2500000","2500000","1683352","100.0","67.3"
"2024","자치단체이전","자치단체경상보조","행정안전부","지역균형발전특별회계","지역지원계정","사회복지","취약계층지원","일자리지원","지역일자리창출","마을기업육성사업","마을기업 육성사업","2695000","2695000","2714162","100.0","100.7"
"2024","자치단체이전","자치단체경상보조","행정안전부","지역균형발전특별회계","지역지원계정","사회복지","취약계층지원","일자리지원","지역일자리창출","지역주도형 청년일자리 사업","지역주도형 청년일자리_이월","0","0","574302","0","0"
"2024","자치단체이전","자치단체경상보조","행정안전부","지역균형발전특별회계","지역지원계정","사회복지","취약계층지원","일자리지원","지역일자리창출","지역주도형 청년일자리 사업","지역주도형 청년일자리","75211000","75211000","69627749","100.0","92.6"
"2024","자치단체이전","자치단체경상보조","행정중심복합도시건설청","행정중심복합도시건설특별회계"," ","국토및지역개발","지역및도시","행정중심복합도시건설 운영","행정중심복합도시건설청 운영","복합편의시설 운영관리","복합편의시설 운영관리","98000","98000","95452","100.0","97.4"
"2024","자치단체이전","자치단체경상보조","환경부","금강수계관리기금"," ","환경","환경일반","환경행정 지원","기금운영비(금강수계관리기금)","운영경비","금강수계기금운영비(관리비)","45000","0","49677","0.0","0"
"2024","자치단체이전","자치단체경상보조","환경부","금강수계관리기금"," ","환경","물환경","4대강유역관리","주민지원사업(금강)","관리청별주민지원","일반 및 직접지원사업","16834000","0","12552845","0.0","0"
"2024","자치단체이전","자치단체경상보조","환경부","금강수계관리기금"," ","환경","물환경","4대강유역관리","주민지원사업(금강)","관리청별주민지원","특별지원사업","5612000","0","2886728","0.0","0"
"2024","자치단체이전","자치단체경상보조","환경부","금강수계관리기금"," ","환경","물환경","4대강유역관리","주민지원사업(금강)","주민지원사업평가및DB지원","주민지원사업 평가 및 DB지원","959547","0","164407","0.0","0"
"2024","자치단체이전","자치단체경상보조","환경부","금강수계관리기금"," ","환경","물환경","4대강유역관리","환경기초시설(금강)","환경기초시설운영","환경기초시설 운영","35474000","0","20477758","0.0","0"
"2024","자치단체이전","자치단체경상보조","환경부","금강수계관리기금"," ","환경","물환경","4대강유역관리","기타수질개선지원(금강)","상수원관리지역관리","상수원관리지역 관리기구 지원","1348000","0","1025830","0.0","0"
"2024","자치단체이전","자치단체경상보조","환경부","금강수계관리기금"," ","환경","물환경","4대강유역관리","기타수질개선지원(금강)","상수원관리지역관리","대청호 유입하천 쓰레기 수거사업","402000","0","242561","0.0","0"
"2024","자치단체이전","자치단체경상보조","환경부","금강수계관리기금"," ","환경","물환경","4대강유역관리","기타수질개선지원(금강)","상수원관리지역관리","호소 부유쓰레기 운반처리비 지원","240000","0","251206","0.0","0"
"2024","자치단체이전","자치단체경상보조","환경부","금강수계관리기금"," ","환경","물환경","4대강유역관리","기타수질개선지원(금강)","상수원관리지역관리","용담호 주변도로 친환경 제설제 지원","38110","0","0","0.0","0"
"2024","자치단체이전","자치단체경상보조","환경부","금강수계관리기금"," ","환경","물환경","4대강유역관리","기타수질개선지원(금강)","상수원관리지역관리","대청호 상류 가축분뇨 수거사업","396360","0","396360","0.0","0"
"2024","자치단체이전","자치단체경상보조","환경부","금강수계관리기금"," ","환경","물환경","4대강유역관리","기타수질개선지원(금강)","상수원관리지역관리","대청호 녹조 제거사업","134600","0","134600","0.0","0"
"2024","자치단체이전","자치단체경상보조","환경부","금강수계관리기금"," ","환경","물환경","4대강유역관리","기타수질개선지원(금강)","수질보전활동지원","수질보전활동지원(도랑살리기 사업)","0","0","0","0","0"
"2024","자치단체이전","자치단체경상보조","환경부","금강수계관리기금"," ","환경","물환경","4대강유역관리","기타수질개선지원(금강)","비점오염 저감사업","비점오염저감시설 운영비","1253000","0","1076371","0.0","0"
"2024","자치단체이전","자치단체경상보조","환경부","금강수계관리기금"," ","환경","물환경","4대강유역관리","오염총량관리(금강)","오염총량관리사업","오염총량관리사업","2759000","0","1431152","0.0","0"
"2024","자치단체이전","자치단체경상보조","환경부","낙동강수계관리기금"," ","환경","환경일반","환경행정 지원","기금운영비(낙동강수계관리기금)","운영경비","기금관리기타경비","57000","0","56002","0.0","0"
"2024","자치단체이전","자치단체경상보조","환경부","낙동강수계관리기금"," ","환경","물환경","4대강유역관리","주민지원사업(낙동강)","관리청별 주민지원","일반지원사업","15705750","0","13117212","0.0","0"
"2024","자치단체이전","자치단체경상보조","환경부","낙동강수계관리기금"," ","환경","물환경","4대강유역관리","주민지원사업(낙동강)","관리청별 주민지원","특별지원사업","5235250","0","3859011","0.0","0"
"2024","자치단체이전","자치단체경상보조","환경부","낙동강수계관리기금"," ","환경","물환경","4대강유역관리","주민지원사업(낙동강)","주민지원사업평가 및 DB지원","주민지원사업 평가 및 DB관리","443324","0","376949","0.0","0"
"2024","자치단체이전","자치단체경상보조","환경부","낙동강수계관리기금"," ","환경","물환경","4대강유역관리","환경기초시설(낙동강)","환경기초시설 운영","환경기초시설 운영","83508647","0","40686311","0.0","0"
"2024","자치단체이전","자치단체경상보조","환경부","낙동강수계관리기금"," ","환경","물환경","4대강유역관리","기타수질개선지원(낙동강)","상수원관리지역관리사업","상수원관리지역관리","2512000","0","2069440","0.0","0"
"2024","자치단체이전","자치단체경상보조","환경부","낙동강수계관리기금"," ","환경","물환경","4대강유역관리","기타수질개선지원(낙동강)","정수비용지원","정수비용지원","4251000","0","2019848","0.0","0"
"2024","자치단체이전","자치단체경상보조","환경부","낙동강수계관리기금"," ","환경","물환경","4대강유역관리","기타수질개선지원(낙동강)","수질보전활동지원","도랑살리기사업","0","0","0","0","0"
"2024","자치단체이전","자치단체경상보조","환경부","낙동강수계관리기금"," ","환경","물환경","4대강유역관리","기타수질개선지원(낙동강)","하천하구쓰레기 정화사업","하천하구쓰레기정화사업","1355000","0","1127990","0.0","0"
"2024","자치단체이전","자치단체경상보조","환경부","낙동강수계관리기금"," ","환경","물환경","4대강유역관리","오염총량관리(낙동강)","오염총량관리","오염총량관리","3194000","0","2469299","0.0","0"
"2024","자치단체이전","자치단체경상보조","환경부","영산강·섬진강수계관리기금"," ","환경","환경일반","환경행정 지원","기금운영비(영산강섬진강수계관리기금)","운영경비","기금사업관리비 지원","25000","0","19510","0.0","0"
"2024","자치단체이전","자치단체경상보조","환경부","영산강·섬진강수계관리기금"," ","환경","물환경","4대강유역관리","주민지원사업(영산강)","관리청별 주민지원","일반지원사업","13273000","0","10783464","0.0","0"
"2024","자치단체이전","자치단체경상보조","환경부","영산강·섬진강수계관리기금"," ","환경","물환경","4대강유역관리","주민지원사업(영산강)","관리청별 주민지원","특별지원사업","4953000","0","3239572","0.0","0"
"2024","자치단체이전","자치단체경상보조","환경부","영산강·섬진강수계관리기금"," ","환경","물환경","4대강유역관리","주민지원사업(영산강)","주민지원사업평가 및 DB지원","사업 실태점검 및 사후관리비","224400","0","232725","0.0","0"
"2024","자치단체이전","자치단체경상보조","환경부","영산강·섬진강수계관리기금"," ","환경","물환경","4대강유역관리","주민지원사업(영산강)","주민지원사업평가 및 DB지원","관리청별 인력지원비","639000","0","442130","0.0","0"
"2024","자치단체이전","자치단체경상보조","환경부","영산강·섬진강수계관리기금"," ","환경","물환경","4대강유역관리","환경기초시설(영산강)","환경기초시설 운영","환경기초시설 운영","4625000","0","1839709","0.0","0"
"2024","자치단체이전","자치단체경상보조","환경부","영산강·섬진강수계관리기금"," ","환경","물환경","4대강유역관리","기타수질개선지원(영산강)","상수원관리지역관리","상수원관리지역관리","2599000","0","2314422","0.0","0"
"2024","자치단체이전","자치단체경상보조","환경부","영산강·섬진강수계관리기금"," ","환경","물환경","4대강유역관리","기타수질개선지원(영산강)","수질보전활동 지원","샛강.도랑 살리기 지원","0","0","0","0","0"
"2024","자치단체이전","자치단체경상보조","환경부","영산강·섬진강수계관리기금"," ","환경","물환경","4대강유역관리","기타수질개선지원(영산강)","비점오염 저감사업","비점오염 저감사업(운영)","252642","0","264980","0.0","0"
"2024","자치단체이전","자치단체경상보조","환경부","영산강·섬진강수계관리기금"," ","환경","물환경","4대강유역관리","오염총량관리(영산강)","오염총량관리사업","영산강섬진강수계 수질오염총량제 지원","2257000","0","1290755","0.0","0"
"2024","자치단체이전","자치단체경상보조","환경부","지역균형발전특별회계","세종특별자치시계정","환경","기후대기및환경안전","대기환경 보전","대기오염 발생원 관리","미세먼지 불법배출 예방감시 지원(세종)","미세먼지 불법배출 예방감시 사업(세종)","170000","170000","161195","100.0","94.8"
"2024","자치단체이전","자치단체경상보조","환경부","지역균형발전특별회계","세종특별자치시계정","환경","기후대기및환경안전","환경보건관리","환경피해 사후관리","슬레이트관리(세종)","슬레이트 처리지원","305000","305000","265786","100.0","87.1"
"2024","자치단체이전","자치단체경상보조","환경부","지역균형발전특별회계","제주특별자치도계정","환경","환경일반","환경행정 지원","제주 이관업무 지원","제주환경업무지원(제주)","제주이관업무지원","207000","207000","25685","100.0","12.4"
"2024","자치단체이전","자치단체경상보조","환경부","지역균형발전특별회계","제주특별자치도계정","환경","기후대기및환경안전","대기환경 보전","대기오염 발생원 관리","미세먼지 불법배출 예방감시 지원(제주)","미세먼지 불법배출 예방감시 사업(제주)","122000","122000","113130","100.0","92.7"
"2024","자치단체이전","자치단체경상보조","환경부","지역균형발전특별회계","제주특별자치도계정","환경","기후대기및환경안전","환경보건관리","환경피해 사후관리","슬레이트관리(제주)","슬레이트 처리지원","2074000","2074000","1796634","100.0","86.6"
"2024","자치단체이전","자치단체경상보조","환경부","지역균형발전특별회계","지역자율계정","환경","기후대기및환경안전","대기환경 보전","대기오염 발생원 관리","미세먼지 불법배출 예방감시 지원(자율)","미세먼지 불법배출 예방감시 사업(경상보조)","17616000","17616000","15666021","100.0","88.9"
"2024","자치단체이전","자치단체경상보조","환경부","지역균형발전특별회계","지역자율계정","환경","기후대기및환경안전","환경보건관리","환경피해 사후관리","슬레이트관리(자율)","슬레이트 처리지원","76176000","76176000","64749774","100.0","85.0"
"2024","자치단체이전","자치단체경상보조","환경부","지역균형발전특별회계","지역지원계정","환경","물환경","수질 및 수생태계 관리","하수도 관리","하수관로 정비","하수관로정비(노후하수관로정밀조사지원)","4405000","2876000","380000","65.3","13.2"
"2024","자치단체이전","자치단체경상보조","환경부","한강수계관리기금"," ","환경","환경일반","환경행정 지원","기금운영비(한강수계관리기금)","운영경비","기금사업관리비 지원","100000","0","93117","0.0","0"
"2024","자치단체이전","자치단체경상보조","환경부","한강수계관리기금"," ","환경","물환경","4대강유역관리","주민지원사업(한강)","관리청별주민지원","일반지원사업","64114000","0","61403692","0.0","0"
"2024","자치단체이전","자치단체경상보조","환경부","한강수계관리기금"," ","환경","물환경","4대강유역관리","주민지원사업(한강)","관리청별주민지원","특별지원사업","16446000","0","14343409","0.0","0"
"2024","자치단체이전","자치단체경상보조","환경부","한강수계관리기금"," ","환경","물환경","4대강유역관리","주민지원사업(한강)","주민지원사업평가및DB지원","주민지원사업추진을 위한 시군 업무지원비","950000","0","838691","0.0","0"
"2024","자치단체이전","자치단체경상보조","환경부","한강수계관리기금"," ","환경","물환경","4대강유역관리","환경기초시설(한강)","환경기초시설운영","환경기초시설 운영","200521000","0","144170958","0.0","0"
"2024","자치단체이전","자치단체경상보조","환경부","한강수계관리기금"," ","환경","물환경","4대강유역관리","기타 수질개선지원(한강)","상수원관리지역관리","춘천물포럼 비용 지원","50000","0","49373","0.0","0"
"2024","자치단체이전","자치단체경상보조","환경부","한강수계관리기금"," ","환경","물환경","4대강유역관리","기타 수질개선지원(한강)","상수원관리지역관리","하천변 쓰레기 수거사업","1854000","0","1580825","0.0","0"
"2024","자치단체이전","자치단체경상보조","환경부","한강수계관리기금"," ","환경","물환경","4대강유역관리","기타 수질개선지원(한강)","상수원관리지역관리","상수원보호구역관리사업","9185370","0","7972410","0.0","0"
"2024","자치단체이전","자치단체경상보조","환경부","한강수계관리기금"," ","환경","물환경","4대강유역관리","기타 수질개선지원(한강)","상수원관리지역관리","댐 부유물 운반 및 처리비용 지원","416000","0","864858","0.0","0"
"2024","자치단체이전","자치단체경상보조","환경부","한강수계관리기금"," ","환경","물환경","4대강유역관리","기타 수질개선지원(한강)","상수원관리지역관리","충주호 수질오염감시선박 운영비 지원","372000","0","366541","0.0","0"
"2024","자치단체이전","자치단체경상보조","환경부","한강수계관리기금"," ","환경","물환경","4대강유역관리","기타 수질개선지원(한강)","상수원관리지역관리","중소유역수질개선사업","100000","0","0","0.0","0"
"2024","자치단체이전","자치단체경상보조","환경부","한강수계관리기금"," ","환경","물환경","4대강유역관리","기타 수질개선지원(한강)","퇴적물준설","퇴적물 준설","1350000","0","1326980","0.0","0"
"2024","자치단체이전","자치단체경상보조","환경부","한강수계관리기금"," ","환경","물환경","4대강유역관리","기타 수질개선지원(한강)","수질보전활동지원","샛강.도랑 살리기 지원","0","0","0","0","0"
"2024","자치단체이전","자치단체경상보조","환경부","한강수계관리기금"," ","환경","물환경","4대강유역관리","기타 수질개선지원(한강)","수질보전활동지원","민간단체 수질보전활동 지원","0","0","2800","0","0"
"2024","자치단체이전","자치단체경상보조","환경부","한강수계관리기금"," ","환경","물환경","4대강유역관리","기타 수질개선지원(한강)","비점오염저감사업","비점오염저감사업 운영사업","4010879","0","3892792","0.0","0"
"2024","자치단체이전","자치단체경상보조","환경부","한강수계관리기금"," ","환경","물환경","4대강유역관리","기타 수질개선지원(한강)","정수비용지원","정수비용지원","820000","0","9046","0.0","0"
"2024","자치단체이전","자치단체경상보조","환경부","한강수계관리기금"," ","환경","물환경","4대강유역관리","기타 수질개선지원(한강)","상하류 협력지원사업","상하류협력지원사업 경상","8380000","0","7243375","0.0","0"
"2024","자치단체이전","자치단체경상보조","환경부","한강수계관리기금"," ","환경","물환경","4대강유역관리","기타 수질개선지원(한강)","수질오염방지시설  운영 지원","수질오염방지시설 운영지원","823000","0","823000","0.0","0"
"2024","자치단체이전","자치단체경상보조","환경부","한강수계관리기금"," ","환경","물환경","4대강유역관리","오염총량관리(한강)","오염총량관리사업","오염총량관리사업","3866000","0","3291651","0.0","0"
"2024","자치단체이전","자치단체경상보조","환경부","한강수계관리기금"," ","환경","물환경","4대강유역관리","친환경 청정사업(한강)","친환경 청정사업 지원","친환경 청정사업 지원(경상보조)","126000","0","107803","0.0","0"
"2024","자치단체이전","자치단체경상보조","환경부","환경개선특별회계"," ","환경","환경일반","환경연구 및 교육","환경시험연구","국립환경과학원연구사업(R&D)","환경분야시험검사의 국제적 적합성 기반구축사업","1435000","1435000","1424113","100.0","99.2"
"2024","자치단체이전","자치단체경상보조","환경부","환경개선특별회계"," ","환경","환경일반","환경행정 지원","재해대책","재해대책비","재해복구","35000000","13787669","7813179","39.4","56.7"
"2024","자치단체이전","자치단체경상보조","환경부","환경개선특별회계"," ","환경","물환경","수질 및 수생태계 관리","산업폐수 및 기타오염원 관리","비점오염저감사업","주민참여형 농업비점오염원 집중관리사업","575000","575000","741123","100.0","128.9"
"2024","자치단체이전","자치단체경상보조","환경부","환경개선특별회계"," ","환경","물환경","수질 및 수생태계 관리","산업폐수 및 기타오염원 관리","하천하구 쓰레기 정화사업","자치단체 지원","10932000","10932000","11104276","100.0","101.6"
"2024","자치단체이전","자치단체경상보조","환경부","환경개선특별회계"," ","환경","물환경","수질 및 수생태계 관리","하수도 관리","하수관로정비","하수관로정비(노후하수관로정밀조사)","0","0","0","0","0"
"2024","자치단체이전","자치단체경상보조","환경부","환경개선특별회계"," ","환경","물환경","수질 및 수생태계 관리","하수도 관리","하수관로정비BTL사업임대료지급","하수관로정비BTL사업임대료지급","349358000","349358000","47426806","100.0","13.6"
"2024","자치단체이전","자치단체경상보조","환경부","환경개선특별회계"," ","환경","물환경","수질 및 수생태계 관리","수질개선기반구축","수질 및 수생태계 측정조사","기타수계 오염총량제 지원","562680","543611","477493","96.6","87.8"
"2024","자치단체이전","자치단체경상보조","환경부","환경개선특별회계"," ","환경","물환경","수질 및 수생태계 관리","수질개선기반구축","공공수역 녹조발생 대응","조류피해예방조치 명령 이행보전-총인처리 강화, 친수구간 조류경보제 운영","800000","800000","522848","100.0","65.4"
"2024","자치단체이전","자치단체경상보조","환경부","환경개선특별회계"," ","환경","물환경","토양지하수관리","토양 지하수 관리","토양환경보전대책","영세사업자 등에 대한 토양정화비용 지원","0","0","0","0","0"
"2024","자치단체이전","자치단체경상보조","환경부","환경개선특별회계"," ","환경","물환경","맑은물 공급·이용","지방상수도 관리","상수원보호구역주민지원","상수원보호구역주민지원","2000000","2000000","911785","100.0","45.6"
"2024","자치단체이전","자치단체경상보조","환경부","환경개선특별회계"," ","환경","자원순환및환경경제","자원순환사회 형성 촉진","폐기물 발생원 관리","자원순환촉진지원","자원 재활용 재사용 촉진지원(다회용기 재사용 촉진)","8888000","8888000","7842075","100.0","88.2"
"2024","자치단체이전","자치단체경상보조","환경부","환경개선특별회계"," ","환경","자원순환및환경경제","자원순환사회 형성 촉진","폐기물 수집 및 재활용","재활용 및 업사이클 체계 구축","재활용 및 업사이클 설치사업(업사이클 기업 지원사업)","200000","200000","199969","100.0","100.0"
"2024","자치단체이전","자치단체경상보조","환경부","환경개선특별회계"," ","환경","자원순환및환경경제","자원순환사회 형성 촉진","최종처리 및 안전관리","유해폐기물처리및대집행","익산 석산복구지 불법폐기물 처리 대집행","7650000","3825000","8139227","50.0","212.8"
"2024","자치단체이전","자치단체경상보조","환경부","환경개선특별회계"," ","환경","자원순환및환경경제","자원순환사회 형성 촉진","폐기물처리시설재해복구비","폐기물처리 재해복구비","폐기물처리 재해복구비_이월","0","0","700230","0","0"
"2024","자치단체이전","자치단체경상보조","환경부","환경개선특별회계"," ","환경","자원순환및환경경제","친환경경제사회 활성화","지속가능발전위원회","환경교육강화","지역환경교육센터 운영","0","0","0","0","0"
"2024","자치단체이전","자치단체경상보조","환경부","환경개선특별회계"," ","환경","자원순환및환경경제","친환경경제사회 활성화","지속가능발전위원회","환경교육강화","자연환경연수원 환경교육프로그램 운영","0","0","0","0","0"
"2024","자치단체이전","자치단체경상보조","환경부","환경개선특별회계"," ","환경","자원순환및환경경제","친환경경제사회 활성화","지속가능발전위원회","환경교육강화","환경교육문화사업 지원","0","0","0","0","0"
"2024","자치단체이전","자치단체경상보조","환경부","환경개선특별회계"," ","환경","자원순환및환경경제","친환경경제사회 활성화","지속가능발전위원회","환경교육강화","환경교육도시지정운영","0","0","0","0","0"
"2024","자치단체이전","자치단체경상보조","환경부","환경개선특별회계"," ","환경","자원순환및환경경제","친환경경제사회 활성화","지속가능발전위원회","환경교육강화","환경교육도시지정운영(이월)","0","0","0","0","0"
"2024","자치단체이전","자치단체경상보조","환경부","환경개선특별회계"," ","환경","기후대기및환경안전","환경보건관리","사전예방 보건정책","환경보건기반 강화 협력","환경보건센터 운영","3687000","3687000","3680473","100.0","99.8"
"2024","자치단체이전","자치단체경상보조","환경부","환경개선특별회계"," ","환경","기후대기및환경안전","환경보건관리","사전예방 보건정책","환경성질환 예방 및 사후관리사업","주민건강영향조사 및 사후관리","450000","450000","391829","100.0","87.1"
"2024","자치단체이전","자치단체경상보조","환경부","환경개선특별회계"," ","환경","자연환경","자연생태 보전","자연의 보전·관리","국립공원 및 지질공원사업","지질공원 운영지원","721000","721000","679015","100.0","94.2"
"2024","자치단체이전","자치단체경상보조","환경부","환경개선특별회계"," ","환경","자연환경","자연생태 보전","자연의 보전·관리","생물자원보전 종합대책","서식지외보전기관 운영지원","450000","450000","438714","100.0","97.5"
"2024","자치단체이전","자치단체경상보조","환경부","환경개선특별회계"," ","환경","자연환경","자연생태 보전","자연의 보전·관리","생물자원보전 종합대책","반달가슴곰 지역사회 상호 안전대책 추진","269000","269000","242466","100.0","90.1"
"2024","자치단체이전","자치단체경상보조","환경부","환경개선특별회계"," ","환경","자연환경","자연생태 보전","자연의 보전·관리","생물자원보전 종합대책","생태계교란생물 퇴치사업","3200000","3197500","2958373","99.9","92.5"
"2024","자치단체이전","자치단체경상보조","환경부","환경개선특별회계"," ","환경","자연환경","자연생태 보전","자연의 보전·관리","생물자원보전 종합대책","생태계서비스지불제","4038000","4038000","3759071","100.0","93.1"
"2024","자치단체이전","자치단체경상보조","환경부","환경개선특별회계"," ","환경","자연환경","자연생태 보전","자연의 보전·관리","생물자원보전 종합대책","민통선일원 생태교란종 제거","800000","800000","764974","100.0","95.6"
"2024","자치단체이전","자치단체경상보조","환경부","환경개선특별회계"," ","환경","자연환경","자연생태 보전","자연의 보전·관리","생물자원보전 종합대책","생태계서비스지불제(생물다양성 증진 생태계서비스지불제)_이월","0","0","150592","0","0"
"2024","자치단체이전","자치단체경상보조","환경부","환경개선특별회계"," ","환경","자연환경","자연생태 보전","자연의 보전·관리","야생동식물보호 및 관리","야생동물 구조관리센터 운영 지원","2478000","2478000","2415839","100.0","97.5"
"2024","자치단체이전","자치단체경상보조","환경부","환경개선특별회계"," ","환경","자연환경","자연생태 보전","자연의 보전·관리","야생동식물보호 및 관리","시료채취 및 폐사체처리비","3435000","3400000","2906728","99.0","85.5"
"2024","자치단체이전","자치단체경상보조","환경부","환경개선특별회계"," ","환경","자연환경","자연생태 보전","자연의 보전·관리","야생동식물보호 및 관리","아프리카돼지열병 대응 사업","1865000","1865000","1553364","100.0","83.3"
"2024","자치단체이전","자치단체경상보조","환경부","환경개선특별회계"," ","환경","자연환경","자연생태 보전","자연의 보전·관리","야생동식물보호 및 관리","사육곰 몰수보호시설 운영","500000","500000","0","100.0","0.0"
"2024","자치단체이전","자치단체경상보조","환경부","환경개선특별회계"," ","환경","자연환경","자연생태 보전","자연생태 복원","국토생태네트워크구축","DMZ 생태계보전 교육홍보","0","0","0","0","0"
"2024","자치단체이전","자치단체경상보조","환경부","환경개선특별회계"," ","환경","자연환경","자연생태 보전","자연자원의 이용","생태관광자원 이용기반","생태관광지역 지정.육성","1440000","1440000","1425692","100.0","99.0"
"2024","자치단체이전","자치단체자본보조","고용노동부","일반회계"," ","사회복지","고용","고용창출","청년직업정보제공","한국잡월드운영지원","한국잡월드운영지원","500000","500000","0","100.0","0.0"
"2024","자치단체이전","자치단체자본보조","고용노동부","일반회계"," ","사회복지","노동","노사정책","노사협력","합리적 노사관계지원","노사동반성장 지원센터 건립 지원","0","0","1761577","0","0"
"2024","자치단체이전","자치단체자본보조","과학기술정보통신부","일반회계"," ","과학기술","과학기술인력및문화","과학문화창달","과학기술문화창달사업","지역과학관활성화지원사업","어린이 과학체험공간 확충 지원","0","0","0","0","0"
"2024","자치단체이전","자치단체자본보조","과학기술정보통신부","일반회계"," ","과학기술","과학기술인력및문화","과학문화창달","과학기술문화창달사업","지역과학관활성화지원사업","공립 소재분야 전문과학관 건립","0","0","0","0","0"
"2024","자치단체이전","자치단체자본보조","과학기술정보통신부","일반회계"," ","과학기술","과학기술인력및문화","과학문화창달","과학기술문화창달사업","지역과학관활성화지원사업","공립 항공우주분야 전문과학관 건립","0","0","0","0","0"
"2024","자치단체이전","자치단체자본보조","과학기술정보통신부","일반회계"," ","과학기술","과학기술인력및문화","과학문화창달","과학기술문화창달사업","지역과학관활성화지원사업","공립 전문과학관 건립","0","0","0","0","0"
"2024","자치단체이전","자치단체자본보조","과학기술정보통신부","지역균형발전특별회계","세종특별자치시계정","통신","정보통신","인터넷융합산업","스마트화산업기반확충(지특)","스마트빌리지보급및확산(세종)","스마트빌리지개발및보급","1800000","1800000","1783414","100.0","99.1"
"2024","자치단체이전","자치단체자본보조","과학기술정보통신부","지역균형발전특별회계","제주특별자치도계정","통신","정보통신","인터넷융합산업","스마트화산업기반확충(지특)","스마트빌리지보급및확산(제주)","스마트빌리지개발및보급","2605000","2605000","2021267","100.0","77.6"
"2024","자치단체이전","자치단체자본보조","과학기술정보통신부","지역균형발전특별회계","지역자율계정","통신","정보통신","인터넷융합산업","스마트화산업기반확충","스마트빌리지보급및확산(자율)","스마트빌리지개발및보급","73239000","73239000","53768656","100.0","73.4"
"2024","자치단체이전","자치단체자본보조","과학기술정보통신부","지역균형발전특별회계","지역자율계정","통신","정보통신","인터넷융합산업","스마트화산업기반확충","스마트빌리지보급및확산(자율)","스마트경로당개빌및보급","26280000","26280000","18767965","100.0","71.4"
"2024","자치단체이전","자치단체자본보조","과학기술정보통신부","지역균형발전특별회계","지역지원계정","과학기술","과학기술연구지원","공공연구성과활성화","연구개발특구육성","연구개발특구운영및인프라지원","특구 기반시설 구축","700000","700000","1132254","100.0","161.8"
"2024","자치단체이전","자치단체자본보조","과학기술정보통신부","지역균형발전특별회계","지역지원계정","과학기술","과학기술인력및문화","과학문화창달","과학기술문화창달사업","지역과학관활성화지원사업","공립 소재분야 전문과학관 건립","2500000","2500000","2500000","100.0","100.0"
"2024","자치단체이전","자치단체자본보조","과학기술정보통신부","지역균형발전특별회계","지역지원계정","과학기술","과학기술인력및문화","과학문화창달","과학기술문화창달사업","지역과학관활성화지원사업","공립 항공우주분야 전문과학관 건립","100000","100000","100000","100.0","100.0"
"2024","자치단체이전","자치단체자본보조","과학기술정보통신부","지역균형발전특별회계","지역지원계정","과학기술","과학기술인력및문화","과학문화창달","과학기술문화창달사업","지역과학관활성화지원사업","어린이 과학체험공간 확충 지원","500000","500000","300000","100.0","60.0"
"2024","자치단체이전","자치단체자본보조","교육부","일반회계"," ","사회복지","아동·보육","보육지원강화","어린이집 관리","육아종합지원센터 지원","지방육아종합지원센터 설치","520000","982000","0","188.8","0.0"
"2024","자치단체이전","자치단체자본보조","교육부","지역균형발전특별회계","지역자율계정","사회복지","아동·보육","보육지원강화","어린이집 확충 및 환경개선","어린이집 기능보강 사업(자율)","어린이집 기능보강","2000000","7384000","7175868","369.2","97.2"
"2024","자치단체이전","자치단체자본보조","교육부","지역균형발전특별회계","지역지원계정","교육","영유아및초중등교육","지방교육정책 지원","그린스마트 스쿨 조성","그린스마트 스쿨 조성","그린스마트 스쿨 조성","351909000","326487122","171735649","92.8","52.6"
"2024","자치단체이전","자치단체자본보조","교육부","지역균형발전특별회계","지역지원계정","사회복지","아동·보육","보육지원강화","어린이집 확충 및 환경개선","어린이집 확충","어린이집 확충","21293402","25474243","23591763","119.6","92.6"
"2024","자치단체이전","자치단체자본보조","국가보훈부","일반회계"," ","사회복지","보훈","보훈단체지원","보훈단체지원","지방보훈회관건립","지방보훈회관 건립비 지원","3750000","3250000","4328930","86.7","133.2"
"2024","자치단체이전","자치단체자본보조","국가보훈부","일반회계"," ","사회복지","보훈","보훈문화","보훈문화진흥","보훈문화조성","청남대 나라사랑 리더십 연수원 건립 지원","3096000","3096000","1358263","100.0","43.9"
"2024","자치단체이전","자치단체자본보조","국가보훈부","일반회계"," ","사회복지","보훈","보훈문화","보훈문화진흥","보훈문화조성","창원 진동리 보훈문화관 건립 지원(국비 50% 매칭)","228000","228000","0","100.0","0.0"
"2024","자치단체이전","자치단체자본보조","국가보훈부","일반회계"," ","사회복지","보훈","보훈문화","보훈문화진흥","보훈문화조성","평택 평화수호 보훈문화관 건립 지원(국비 50% 매칭)","634000","0","0","0.0","0"
"2024","자치단체이전","자치단체자본보조","국가보훈부","일반회계"," ","사회복지","보훈","보훈문화","보훈문화진흥","보훈문화조성","포항 환동해 호국역사 문화관 건립 지원(국비 50% 매칭)","532000","532000","0","100.0","0.0"
"2024","자치단체이전","자치단체자본보조","국가유산청","국가유산보호기금"," ","문화및관광","국가유산","문화재보호","예방적 문화재 안전관리","문화재 재난안전 관리","문화재 재난방지시설 구축","11123000","11123000","11798487","100.0","106.1"
"2024","자치단체이전","자치단체자본보조","국가유산청","국가유산보호기금"," ","문화및관광","국가유산","문화재보호","국내외 문화재 긴급보호","문화재긴급보수사업","문화재긴급보수사업","5061000","5061000","5479399","100.0","108.3"
"2024","자치단체이전","자치단체자본보조","국가유산청","일반회계"," ","문화및관광","국가유산","문화재정책기반구축","무형문화재전승","무형문화재보호","무형유산 예술마을 조성","972000","972000","972000","100.0","100.0"
"2024","자치단체이전","자치단체자본보조","국가유산청","일반회계"," ","문화및관광","국가유산","문화재정책기반구축","무형문화재전승","무형문화재보호","전수교육관 건립 및 개보수","3837000","3837000","5884419","100.0","153.4"
"2024","자치단체이전","자치단체자본보조","국가유산청","일반회계"," ","문화및관광","국가유산","문화재정책기반구축","무형문화재전승","무형문화재보호","전통공예 공방개선","200000","200000","199750","100.0","99.9"
"2024","자치단체이전","자치단체자본보조","국가유산청","일반회계"," ","문화및관광","국가유산","문화재보존관리","기념물문화재 보존강화","고도 보존 및 육성","고도 이미지 찾기 사업 ","3000000","3000000","2981004","100.0","99.4"
"2024","자치단체이전","자치단체자본보조","국가유산청","일반회계"," ","문화및관광","국가유산","문화재보존관리","기념물문화재 보존강화","고도 보존 및 육성","고도역사도시조성(서동생가터유적정비)","3652000","3652000","3152904","100.0","86.3"
"2024","자치단체이전","자치단체자본보조","국가유산청","일반회계"," ","문화및관광","국가유산","문화재보존관리","기념물문화재 보존강화","고도 보존 및 육성","역사문화권 중요 유적 발굴조사","3750000","3750000","3438653","100.0","91.7"
"2024","자치단체이전","자치단체자본보조","국가유산청","일반회계"," ","문화및관광","국가유산","문화재보존관리","기념물문화재 보존강화","고도 보존 및 육성","고도역사도시조성(대통사 역사유적 정비)","1000000","1000000","911721","100.0","91.2"
"2024","자치단체이전","자치단체자본보조","국가유산청","일반회계"," ","문화및관광","국가유산","문화재보존관리","기념물문화재 보존강화","고도 보존 및 육성","고도역사도시조성(부여 고도 경관개선)","1470000","1470000","417245","100.0","28.4"
"2024","자치단체이전","자치단체자본보조","국가유산청","일반회계"," ","문화및관광","국가유산","문화재보존관리","기념물문화재 보존강화","고도 보존 및 육성","고도역사도시조성(백제 금마저 전통문화 복합체험단지 조성)","2975000","2975000","2812310","100.0","94.5"
"2024","자치단체이전","자치단체자본보조","국가유산청","일반회계"," ","문화및관광","국가유산","문화재보존관리","기념물문화재 보존강화","고도 보존 및 육성","고도탐방거점조성(부여 세계유산 탐방거점센터 건립)","546000","546000","560994","100.0","102.7"
"2024","자치단체이전","자치단체자본보조","국가유산청","일반회계"," ","문화및관광","국가유산","문화재보존관리","기념물문화재 보존강화","고도 보존 및 육성","고도탐방거점조성(경주 탐방거점센터 건립)","140000","140000","140000","100.0","100.0"
"2024","자치단체이전","자치단체자본보조","국가유산청","일반회계"," ","문화및관광","국가유산","문화재보존관리","기념물문화재 보존강화","고도 보존 및 육성","역사문화권 역사문화환경 정비 사업","1800000","1791000","455470","99.5","25.4"
"2024","자치단체이전","자치단체자본보조","국가유산청","일반회계"," ","문화및관광","국가유산","문화재보존관리","기념물문화재 보존강화","문화재수리기술진흥","(이월)문화재수리 전통재료 생산기반시설 지원","0","0","361933","0","0"
"2024","자치단체이전","자치단체자본보조","국가유산청","일반회계"," ","문화및관광","국가유산","문화재보존관리","기념물문화재 보존강화","문화재수리기술진흥","문화재수리 전통재료 생산기반시설 지원","400000","394000","374046","98.5","94.9"
"2024","자치단체이전","자치단체자본보조","국가유산청","일반회계"," ","문화및관광","국가유산","문화재보존관리","기념물문화재 보존강화","동아시아 역사도시 진흥원 건립","동아시아 역사도시진흥원(부여) 건립","100000","0","19404","0.0","0"
"2024","자치단체이전","자치단체자본보조","국가유산청","일반회계"," ","문화및관광","국가유산","문화재보존관리","문화재보수정비","문화재보수정비(총액사업,보조)","문화재보수정비(일반)","322141000","322141000","292902340","100.0","90.9"
"2024","자치단체이전","자치단체자본보조","국가유산청","일반회계"," ","문화및관광","국가유산","문화재보존관리","문화재보수정비","문화재보수정비(총액사업,보조)","역사유적지구 보존관리","195200000","195200000","183042590","100.0","93.8"
"2024","자치단체이전","자치단체자본보조","국가유산청","일반회계"," ","문화및관광","국가유산","문화재보존관리","유형문화재 보존관리","근대 및 국가민속문화재 관리","근대역사문화공간 활성화 사업","2207000","2207000","3373040","100.0","152.8"
"2024","자치단체이전","자치단체자본보조","국가유산청","일반회계"," ","문화및관광","국가유산","궁능원관리","궁능원시설관리운영","조선왕릉보존관리","조선왕릉 역사문화환경 보존지역 관리_이월","0","0","93325","0","0"
"2024","자치단체이전","자치단체자본보조","국가유산청","일반회계"," ","문화및관광","국가유산","문화재보호","매장문화재보존관리","매장문화재 보존유적 관리","매장문화재 보존유적 토지매입 및 관리","0","0","328932","0","0"
"2024","자치단체이전","자치단체자본보조","국가유산청","일반회계"," ","문화및관광","국가유산","문화재국제교류","국제교류및세계유산등재","세계유산등재 및 보존관리","세계유산 보존관리 지원(수원 화성)_이월사업용","0","0","0","0","0"
"2024","자치단체이전","자치단체자본보조","국가유산청","일반회계"," ","문화및관광","국가유산","문화재국제교류","국제교류및세계유산등재","세계유산등재 및 보존관리","세계유산 보존관리 지원(고창 화순 강화 고인돌 유적)_이월사업용","0","0","62161","0","0"
"2024","자치단체이전","자치단체자본보조","국가유산청","일반회계"," ","문화및관광","국가유산","문화재국제교류","국제교류및세계유산등재","세계유산등재 및 보존관리","세계유산 보존관리 지원(한국의 역사마을)_이월사업용","0","0","1382697","0","0"
"2024","자치단체이전","자치단체자본보조","국가유산청","일반회계"," ","문화및관광","국가유산","문화재국제교류","국제교류및세계유산등재","세계유산등재 및 보존관리","세계유산 보존관리 지원(제주 화산섬과 용암동굴)_이월사업용","0","0","0","0","0"
"2024","자치단체이전","자치단체자본보조","국가유산청","일반회계"," ","문화및관광","국가유산","문화재국제교류","국제교류및세계유산등재","세계유산등재 및 보존관리","세계유산 보존관리 지원(석굴암과 불국사)_이월사업용","0","0","57247","0","0"
"2024","자치단체이전","자치단체자본보조","국가유산청","일반회계"," ","문화및관광","국가유산","문화재국제교류","국제교류및세계유산등재","세계유산등재 및 보존관리","세계유산 보존관리 지원(남한산성)_이월사업용","0","0","1080960","0","0"
"2024","자치단체이전","자치단체자본보조","국가유산청","일반회계"," ","문화및관광","국가유산","문화재국제교류","국제교류및세계유산등재","세계유산등재 및 보존관리","세계유산 보존관리 지원(산사, 한국의 산지승원)_이월사업용","0","0","182603","0","0"
"2024","자치단체이전","자치단체자본보조","국가유산청","일반회계"," ","문화및관광","국가유산","문화재국제교류","국제교류및세계유산등재","세계유산등재 및 보존관리","세계유산 보존관리 지원(한국의 서원)_이월사업용","0","0","297150","0","0"
"2024","자치단체이전","자치단체자본보조","국가유산청","일반회계"," ","문화및관광","국가유산","문화재국제교류","국제교류및세계유산등재","세계유산등재 및 보존관리","세계유산 보존관리 지원","26433000","26432500","29013701","100.0","109.8"
"2024","자치단체이전","자치단체자본보조","국가유산청","일반회계"," ","문화및관광","국가유산","문화재활용","문화재활용활성화","문화유산 방문자센터 건립","정읍 문화유산 방문자센터 건립","3700000","3700000","1384318","100.0","37.4"
"2024","자치단체이전","자치단체자본보조","국가유산청","일반회계"," ","문화및관광","국가유산","문화재활용","문화재활용활성화","문화유산 방문자센터 건립","신안 해저유물 방문자센터 건립 지원","200000","200000","18200","100.0","9.1"
"2024","자치단체이전","자치단체자본보조","국가유산청","지역균형발전특별회계","지역지원계정","문화및관광","국가유산","문화자원개발","지역문화유산개발","양산 통도사 문화공간 건립","양산 통도사 문화공간 건립_이월","0","0","178500","0","0"
"2024","자치단체이전","자치단체자본보조","국방부","군인복지기금","복지계정","국방","전력유지","장병보건및복지향상","장병복지향상","복지시설운영","체력단련장 운영(한산대 체력단련장 사후환경조사 용역)","50000","0","50000","0.0","0"
"2024","자치단체이전","자치단체자본보조","국토교통부","교통시설특별회계","교통체계관리계정","교통및물류","철도","도시철도건설","지하철건설지원","서울도시철도 9호선(3단계) 건설","서울도시철도 9호선(3단계) 건설","5500000","0","0","0.0","0"
"2024","자치단체이전","자치단체자본보조","국토교통부","교통시설특별회계","교통체계관리계정","교통및물류","철도","도시철도건설","지하철건설지원","부산 사상-하단 도시철도 건설","부산사상-하단 도시철도 건설","18800000","18800000","18800000","100.0","100.0"
"2024","자치단체이전","자치단체자본보조","국토교통부","교통시설특별회계","교통체계관리계정","교통및물류","철도","도시철도건설","지하철건설지원","광주도시철도2호선건설","광주도시철도 2호선 건설","130000000","130000000","85630172","100.0","65.9"
"2024","자치단체이전","자치단체자본보조","국토교통부","교통시설특별회계","교통체계관리계정","교통및물류","철도","도시철도건설","지하철건설지원","양산도시철도 건설","양산 도시철도 건설","41462000","41462000","41462000","100.0","100.0"
"2024","자치단체이전","자치단체자본보조","국토교통부","교통시설특별회계","교통체계관리계정","교통및물류","철도","도시철도건설","지하철건설지원","대전도시철도2호선건설","대전도시철도2호선건설","23000000","23000000","23000000","100.0","100.0"
"2024","자치단체이전","자치단체자본보조","국토교통부","교통시설특별회계","교통체계관리계정","교통및물류","철도","도시철도건설","지하철건설지원","도시철도 노후시설 개선지원","도시철도 노후시설 개선지원","58423000","58423000","48162097","100.0","82.4"
"2024","자치단체이전","자치단체자본보조","국토교통부","교통시설특별회계","교통체계관리계정","교통및물류","철도","도시철도건설","지하철건설지원","서울지하철7호선청라연장","서울도시철도 7호선 청라국제도시 연장사업","114500000","114500000","82721858","100.0","72.2"
"2024","자치단체이전","자치단체자본보조","국토교통부","교통시설특별회계","교통체계관리계정","교통및물류","철도","도시철도건설","지하철건설지원","서울도시철도9호선4단계연장","서울도시철도9호선 4단계 연장","34200000","18994000","27000244","55.5","142.2"
"2024","자치단체이전","자치단체자본보조","국토교통부","교통시설특별회계","교통체계관리계정","교통및물류","철도","도시철도건설","지하철건설지원","울산도시철도1호선건설사업","울산도시철도1호선 건설","0","0","0","0","0"
"2024","자치단체이전","자치단체자본보조","국토교통부","교통시설특별회계","교통체계관리계정","교통및물류","철도","도시철도건설","지하철건설지원","도시철도노후차량개선지원","도시철도 노후차량 개선지원","54068000","51612320","51612320","95.5","100.0"
"2024","자치단체이전","자치단체자본보조","국토교통부","교통시설특별회계","교통체계관리계정","교통및물류","철도","도시철도건설","지하철건설지원","우이신설선 연장선","우이신설선 연장선","1300000","200000","0","15.4","0.0"
"2024","자치단체이전","자치단체자본보조","국토교통부","교통시설특별회계","교통체계관리계정","교통및물류","철도","도시철도건설","지하철건설지원","대구도시철도엑스코선건설","대구도시철도 엑스코선 건설","13800000","0","0","0.0","0"
"2024","자치단체이전","자치단체자본보조","국토교통부","교통시설특별회계","교통체계관리계정","교통및물류","철도","도시철도건설","지하철건설지원","부산도시철도하단-녹산선건설","부산도시철도 하단~녹산선 건설","12983000","0","0","0.0","0"
"2024","자치단체이전","자치단체자본보조","국토교통부","교통시설특별회계","교통체계관리계정","교통및물류","철도","도시철도건설","지하철건설지원","부산도시철도오륙도선 건설","부산도시철도오륙도선 건설","3000000","0","0","0.0","0"
"2024","자치단체이전","자치단체자본보조","국토교통부","교통시설특별회계","교통체계관리계정","교통및물류","철도","도시철도건설","지하철건설지원","울산도시철도(트램) 1호선건설","울산도시철도(트램) 1호선건설","2742000","0","0","0.0","0"
"2024","자치단체이전","자치단체자본보조","국토교통부","교통시설특별회계","교통체계관리계정","교통및물류","철도","도시철도건설","경량전철건설지원","동북선경전철건설","동북선 경전철 건설","39654000","39654000","36554000","100.0","92.2"
"2024","자치단체이전","자치단체자본보조","국토교통부","교통시설특별회계","교통체계관리계정","교통및물류","물류등기타","대중교통육성","대중교통체계구축","광역버스 공공성 강화 지원","친환경 대용량 2층 전기버스 보급 지원","12000000","12000000","11520000","100.0","96.0"
"2024","자치단체이전","자치단체자본보조","국토교통부","교통시설특별회계","교통체계관리계정","교통및물류","물류등기타","대중교통육성","대중교통체계구축","수소 대중교통체계 구축 지원","수소 대중교통체계 구축 지원","11700000","11700000","11972709","100.0","102.3"
"2024","자치단체이전","자치단체자본보조","국토교통부","교통시설특별회계","교통체계관리계정","교통및물류","물류등기타","대중교통육성","대중교통체계구축","모빌리티활성화지원","모빌리티특화도시(자치단체 자본보조)","1200000","1200000","1307481","100.0","109.0"
"2024","자치단체이전","자치단체자본보조","국토교통부","교통시설특별회계","도로계정","교통및물류","도로","지자체도로건설지원","광역도로","인천서구거점도-경기김포약암리광역도로","인천서구거점도-경기김포약암리광역도로","2100000","2100000","2100000","100.0","100.0"
"2024","자치단체이전","자치단체자본보조","국토교통부","교통시설특별회계","철도계정","교통및물류","철도","철도안전및운영","철도운영지원(교특)","김포 도시철도 전동차 증차 한시지원","김포 도시철도 전동차 증차 한시지원","4590000","4590000","3340409","100.0","72.8"
"2024","자치단체이전","자치단체자본보조","국토교통부","교통시설특별회계","철도계정","교통및물류","철도","철도안전및운영","철도운영지원(교특)","서울 도시철도 전동차 증차 한시지원","서울 도시철도 전동차 증차 한시지원","6407000","6407000","2183544","100.0","34.1"
"2024","자치단체이전","자치단체자본보조","국토교통부","교통시설특별회계","철도계정","교통및물류","철도","광역철도건설","광역철도건설지원","별내선복선전철","별내선복선전철","470000","470000","34552657","100.0","7351.6"
"2024","자치단체이전","자치단체자본보조","국토교통부","교통시설특별회계","철도계정","교통및물류","철도","광역철도건설","광역철도건설지원","도봉산-옥정복선전철","도봉산-옥정복선전철","102922000","102922000","76361857","100.0","74.2"
"2024","자치단체이전","자치단체자본보조","국토교통부","교통시설특별회계","철도계정","교통및물류","철도","광역철도건설","광역철도건설지원","옥정-포천철도건설사업","옥정-포천철도건설사업","30800000","30800000","33253903","100.0","108.0"
"2024","자치단체이전","자치단체자본보조","국토교통부","일반회계"," ","교통및물류","물류등기타","물류정책","화물자동차지원(일반)","화물자동차휴게소건설지원(일반)","화물자동차휴게소건설지원(일반)","500000","0","0","0.0","0"
"2024","자치단체이전","자치단체자본보조","국토교통부","일반회계"," ","교통및물류","물류등기타","물류정책","물류산업지원","스마트공동물류센터 건립지원","스마트공동물류센터 건립지원","2900000","900000","1201244","31.0","133.5"
"2024","자치단체이전","자치단체자본보조","국토교통부","일반회계"," ","교통및물류","물류등기타","물류정책","물류산업지원","디지털물류실증단지조성","디지털물류서비스실증","4100000","4100000","4318666","100.0","105.3"
"2024","자치단체이전","자치단체자본보조","국토교통부","일반회계"," ","교통및물류","물류등기타","건설정책 및 기술지원","건설시설안전관리","노후기반시설성능개선지원 시범사업","노후기반시설 성능개선 지원","0","0","225681","0","0"
"2024","자치단체이전","자치단체자본보조","국토교통부","일반회계"," ","교통및물류","물류등기타","자동차및교통정책","첨단미래형자동차활성화","자율자동차 상용화","자율차 시범운행지구 서비스 지원사업(지자체보조)","2000000","2000000","1886818","100.0","94.3"
"2024","자치단체이전","자치단체자본보조","국토교통부","일반회계"," ","국토및지역개발","지역및도시","도시정책","스마트시티 지원","스마트시티 기반구축","스마트시티 데이터허브 강화","4000000","3650000","3470489","91.3","95.1"
"2024","자치단체이전","자치단체자본보조","국토교통부","일반회계"," ","국토및지역개발","지역및도시","도시정책","스마트시티 지원","스마트시티확산사업","스마트시티 조성","58635000","55635000","64491425","94.9","115.9"
"2024","자치단체이전","자치단체자본보조","국토교통부","일반회계"," ","국토및지역개발","지역및도시","건축정책","건축서비스산업지원","건축안전","기존 건축물 화재안전 성능보강 지원","1933000","1933000","575590","100.0","29.8"
"2024","자치단체이전","자치단체자본보조","국토교통부","주택도시기금","주택계정","사회복지","주택","주택시장안정및주거복지향상","재건축초과이익지자체배분","재건축초과이익자본이전","재건축초과이익자본이전","57000","0","23883","0.0","0"
"2024","자치단체이전","자치단체자본보조","국토교통부","주택도시기금","주택계정","사회복지","주택","임대주택지원(출자)","임대주택지원","다가구매입임대출자","다가구매입임대사업 자금지원","624646000","0","645725286","0.0","0"
"2024","자치단체이전","자치단체자본보조","국토교통부","주택도시기금","주택계정","사회복지","주택","임대주택지원(출자)","임대주택지원","국민임대출자","국민임대사업 자금지원","57366000","0","55640131","0.0","0"
"2024","자치단체이전","자치단체자본보조","국토교통부","주택도시기금","주택계정","사회복지","주택","임대주택지원(출자)","임대주택지원","영구임대출자","영구임대사업 자금지원","3995000","0","4174912","0.0","0"
"2024","자치단체이전","자치단체자본보조","국토교통부","주택도시기금","주택계정","사회복지","주택","임대주택지원(출자)","임대주택지원","행복주택출자","행복주택 사업 자금지원","154897000","0","43078923","0.0","0"
"2024","자치단체이전","자치단체자본보조","국토교통부","주택도시기금","주택계정","사회복지","주택","임대주택지원(출자)","임대주택지원","통합공공임대출자","통합공공임대 출자","273276000","0","78921373","0.0","0"
"2024","자치단체이전","자치단체자본보조","국토교통부","주택도시기금","주택계정","사회복지","주택","임대주택지원(출자)","임대주택지원","노후공공임대주택 리모델링 및 서비스 개선","영구임대 리모델링(단일세대)","15725000","0","15360316","0.0","0"
"2024","자치단체이전","자치단체자본보조","국토교통부","주택도시기금","주택계정","사회복지","주택","임대주택지원(출자)","임대주택지원","노후공공임대주택 리모델링 및 서비스 개선","매입임대 시설개선","1800000","0","1090893","0.0","0"
"2024","자치단체이전","자치단체자본보조","국토교통부","주택도시기금","주택계정","사회복지","주택","임대주택지원(출자)","임대주택지원","노후공공임대주택 리모델링 및 서비스 개선","영구임대 시설개선","23975000","0","23110107","0.0","0"
"2024","자치단체이전","자치단체자본보조","국토교통부","주택도시기금","주택계정","사회복지","주택","임대주택지원(출자)","임대주택지원","노후공공임대주택 리모델링 및 서비스 개선","국민임대 시설개선","0","0","0","0","0"
"2024","자치단체이전","자치단체자본보조","국토교통부","지역균형발전특별회계","세종특별자치시계정","국토및지역개발","지역및도시","도시정책","도시재생","도시재생사업(세종)","도시재생사업(세종)","0","0","3152086","0","0"
"2024","자치단체이전","자치단체자본보조","국토교통부","지역균형발전특별회계","제주특별자치도계정","교통및물류","도로","국도건설","제주 구국도 건설","제주 구국도 건설지원","제주 구국도 건설지원","2000000","2000000","2025780","100.0","101.3"
"2024","자치단체이전","자치단체자본보조","국토교통부","지역균형발전특별회계","제주특별자치도계정","교통및물류","도로","국도건설","제주 구국도 건설","신촌-회천 구국대도건설","신촌-회천 구국대도건설","789000","789000","782527","100.0","99.2"
"2024","자치단체이전","자치단체자본보조","국토교통부","지역균형발전특별회계","제주특별자치도계정","교통및물류","도로","국도건설","제주 구국도 건설","중산간도로(와산-선흘)선형개량사업","중산간도로(와산-선홀)선형개량사업","8700000","8700000","5791231","100.0","66.6"
"2024","자치단체이전","자치단체자본보조","국토교통부","지역균형발전특별회계","제주특별자치도계정","교통및물류","도로","국도건설","제주 구국도 건설","광령-도평우회도로건설","광령-도평우회도로건설","10869000","10869000","24090351","100.0","221.6"
"2024","자치단체이전","자치단체자본보조","국토교통부","지역균형발전특별회계","제주특별자치도계정","교통및물류","도로","국도건설","제주 구국도 건설","제주일주도로우회도로(서귀포여중-삼성여고)","제주일주도로우회도로(서귀포여중-삼성여고)","2300000","2300000","27922","100.0","1.2"
"2024","자치단체이전","자치단체자본보조","국토교통부","지역균형발전특별회계","제주특별자치도계정","교통및물류","도로","도로관리","제주 구국도 유지관리","제주구국도유지관리","제주구국도유지관리","31311000","31311000","30038864","100.0","95.9"
"2024","자치단체이전","자치단체자본보조","국토교통부","지역균형발전특별회계","제주특별자치도계정","국토및지역개발","지역및도시","도시정책","도시재생","도시재생사업(제주)","도시재생사업(제주)","7528000","7528000","7110306","100.0","94.5"
"2024","자치단체이전","자치단체자본보조","국토교통부","지역균형발전특별회계","지역자율계정","교통및물류","물류등기타","광역교통정책","주차환경개선지원","주차환경개선지원","공영주차장 조성","0","0","4847054","0","0"
"2024","자치단체이전","자치단체자본보조","국토교통부","지역균형발전특별회계","지역자율계정","국토및지역개발","지역및도시","지역개발","성장촉진지역개발","성장촉진지역개발","섬개발사업","52888000","52888000","45890526","100.0","86.8"
"2024","자치단체이전","자치단체자본보조","국토교통부","지역균형발전특별회계","지역자율계정","국토및지역개발","지역및도시","지역개발","성장촉진지역개발","성장촉진지역개발","지역개발사업","153493000","153493000","109417618","100.0","71.3"
"2024","자치단체이전","자치단체자본보조","국토교통부","지역균형발전특별회계","지역자율계정","국토및지역개발","지역및도시","도시정책","도시활력증진지역개발","도시활력증진지역개발","우리동네살리기","45804000","45804000","24729549","100.0","54.0"
"2024","자치단체이전","자치단체자본보조","국토교통부","지역균형발전특별회계","지역자율계정","국토및지역개발","지역및도시","도시정책","도시활력증진지역개발","도시활력증진지역개발","도새재생예비사업","0","0","71794","0","0"
"2024","자치단체이전","자치단체자본보조","국토교통부","지역균형발전특별회계","지역자율계정","국토및지역개발","지역및도시","도시정책","도시활력증진지역개발","도시활력증진지역개발","취약지역 도시","28900000","28900000","24671064","100.0","85.4"
"2024","자치단체이전","자치단체자본보조","국토교통부","지역균형발전특별회계","지역자율계정","국토및지역개발","지역및도시","도시정책","수소도시기반구축(자율)","수소도시지원(자율)","수소도시지원","29700000","29700000","13206267","100.0","44.5"
"2024","자치단체이전","자치단체자본보조","국토교통부","지역균형발전특별회계","지역지원계정","사회복지","주택","주택시장안정및주거복지향상","주거환경개선지원","재정비촉진사업지원","재정비촉진사업지원","5321000","5321000","8019848","100.0","150.7"
"2024","자치단체이전","자치단체자본보조","국토교통부","지역균형발전특별회계","지역지원계정","교통및물류","도로","지자체도로건설지원","광역도로","초정-화명광역도로건설","초정-화명광역도로건설","2000000","2000000","2000000","100.0","100.0"
"2024","자치단체이전","자치단체자본보조","국토교통부","지역균형발전특별회계","지역지원계정","교통및물류","도로","지자체도로건설지원","광역도로","동김해-식만JCT 광역도로건설","동김해-식만JCT 광역도로건설","5595000","5595000","5057700","100.0","90.4"
"2024","자치단체이전","자치단체자본보조","국토교통부","지역균형발전특별회계","지역지원계정","교통및물류","도로","지자체도로건설지원","광역도로","태릉-구리 광역도로건설","태릉-구리 광역도로건설","3515000","3515000","1881","100.0","0.1"
"2024","자치단체이전","자치단체자본보조","국토교통부","지역균형발전특별회계","지역지원계정","교통및물류","도로","지자체도로건설지원","광역도로","다사-왜관광역도로","다사-왜관 광역도로","10000000","10000000","11652730","100.0","116.5"
"2024","자치단체이전","자치단체자본보조","국토교통부","지역균형발전특별회계","지역지원계정","교통및물류","도로","지자체도로건설지원","광역도로","서대전IC-두계3광역도로","서대전-두계3광역도로","3030000","3030000","5043788","100.0","166.5"
"2024","자치단체이전","자치단체자본보조","국토교통부","지역균형발전특별회계","지역지원계정","교통및물류","도로","지자체도로건설지원","광역도로","조야-동명광역도로","조야~동명 광역도로","20036000","20036000","11920110","100.0","59.5"
"2024","자치단체이전","자치단체자본보조","국토교통부","지역균형발전특별회계","지역지원계정","교통및물류","도로","지자체도로건설지원","광역도로","광주하남-장성삼계광역도로","광주하남-장성삼계광역도로","5000000","5000000","2855095","100.0","57.1"
"2024","자치단체이전","자치단체자본보조","국토교통부","지역균형발전특별회계","지역지원계정","교통및물류","도로","지자체도로건설지원","광역도로","검단-대곡광역도로","검단-대곡광역도로","3000000","3000000","0","100.0","0.0"
"2024","자치단체이전","자치단체자본보조","국토교통부","지역균형발전특별회계","지역지원계정","교통및물류","도로","지자체도로건설지원","광역도로","광주대촌-나주금천광역도로","광주대촌-나주금천광역도로","0","0","0","0","0"
"2024","자치단체이전","자치단체자본보조","국토교통부","지역균형발전특별회계","지역지원계정","교통및물류","도로","지자체도로건설지원","혼잡도로","대도시권교통혼잡도로지원","대도시권교통혼잡도로지원","0","0","0","0","0"
"2024","자치단체이전","자치단체자본보조","국토교통부","지역균형발전특별회계","지역지원계정","교통및물류","도로","지자체도로건설지원","혼잡도로","광주북부 순환도로","광주북부 순환도로","6000000","6000000","7882","100.0","0.1"
"2024","자치단체이전","자치단체자본보조","국토교통부","지역균형발전특별회계","지역지원계정","교통및물류","도로","지자체도로건설지원","혼잡도로","상무지구-첨단산단혼잡도로","상무지구-첨단산단혼잡도로","7600000","7600000","8302565","100.0","109.2"
"2024","자치단체이전","자치단체자본보조","국토교통부","지역균형발전특별회계","지역지원계정","교통및물류","도로","지자체도로건설지원","혼잡도로","월전동-무진로혼잡도로","월전동-무진로 혼잡도로","2700000","2700000","880153","100.0","32.6"
"2024","자치단체이전","자치단체자본보조","국토교통부","지역균형발전특별회계","지역지원계정","교통및물류","도로","지자체도로건설지원","혼잡도로","달서구 상화로 혼잡도로","달서구 상화로 혼잡도로","30000000","30000000","16974192","100.0","56.6"
"2024","자치단체이전","자치단체자본보조","국토교통부","지역균형발전특별회계","지역지원계정","교통및물류","도로","지자체도로건설지원","혼잡도로","정림동-버드내교혼잡도로","정림동-버드내교 혼잡도로","6000000","6000000","10236994","100.0","170.6"
"2024","자치단체이전","자치단체자본보조","국토교통부","지역균형발전특별회계","지역지원계정","교통및물류","도로","지자체도로건설지원","혼잡도로","엄궁대교혼잡도로","엄궁대교 혼잡도로","7500000","7500000","7493498","100.0","99.9"
"2024","자치단체이전","자치단체자본보조","국토교통부","지역균형발전특별회계","지역지원계정","교통및물류","도로","지자체도로건설지원","혼잡도로","대덕특구동측혼잡도로","대덕특구동측혼잡도로","6000000","6000000","9887154","100.0","164.8"
"2024","자치단체이전","자치단체자본보조","국토교통부","지역균형발전특별회계","지역지원계정","교통및물류","도로","지자체도로건설지원","혼잡도로","농소-강동혼잡도로","농소-강동 혼잡도로","15000000","15000000","11748063","100.0","78.3"
"2024","자치단체이전","자치단체자본보조","국토교통부","지역균형발전특별회계","지역지원계정","교통및물류","도로","지자체도로건설지원","혼잡도로","부산대교-동삼혁신도시혼잡도로","부산대교-동삼혁신도시혼잡도로","500000","500000","0","100.0","0.0"
"2024","자치단체이전","자치단체자본보조","국토교통부","지역균형발전특별회계","지역지원계정","교통및물류","도로","지자체도로건설지원","혼잡도로","만덕-센텀혼잡도로","만덕~센텀 혼잡도로","41445000","41445000","41907000","100.0","101.1"
"2024","자치단체이전","자치단체자본보조","국토교통부","지역균형발전특별회계","지역지원계정","교통및물류","도로","지자체도로건설지원","혼잡도로","식만-사상혼잡도로","식만-사상 혼잡도로","11015000","11015000","295230","100.0","2.7"
"2024","자치단체이전","자치단체자본보조","국토교통부","지역균형발전특별회계","지역지원계정","교통및물류","도로","지자체도로건설지원","혼잡도로","금곡-대곡혼잡도로","금곡-대곡혼잡도로","0","0","250000","0","0"
"2024","자치단체이전","자치단체자본보조","국토교통부","지역균형발전특별회계","지역지원계정","교통및물류","도로","지자체도로건설지원","혼잡도로","각화동-제2순환로혼잡도로","각화동-제2순환로 혼잡도로","400000","400000","73400","100.0","18.4"
"2024","자치단체이전","자치단체자본보조","국토교통부","지역균형발전특별회계","지역지원계정","교통및물류","도로","지자체도로건설지원","혼잡도로","호남고속도로-북부순환로 혼잡도로","호남고속도로-북부순환로 혼잡도로","400000","400000","0","100.0","0.0"
"2024","자치단체이전","자치단체자본보조","국토교통부","지역균형발전특별회계","지역지원계정","교통및물류","도로","지자체도로건설지원","혼잡도로","황령3터널혼잡도로","황령3터널혼잡도로","2821000","2821000","1136543","100.0","40.3"
"2024","자치단체이전","자치단체자본보조","국토교통부","지역균형발전특별회계","지역지원계정","교통및물류","도로","지자체도로건설지원","혼잡도로","제2명촌교혼잡도로","제2명촌교혼잡도로","2000000","2000000","2159400","100.0","108.0"
"2024","자치단체이전","자치단체자본보조","국토교통부","지역균형발전특별회계","지역지원계정","교통및물류","도로","지자체도로건설지원","혼잡도로","공단고가교-서인천IC혼잡도로","공단고가교-서인천IC혼잡도로","3000000","3000000","0","100.0","0.0"
"2024","자치단체이전","자치단체자본보조","국토교통부","지역균형발전특별회계","지역지원계정","교통및물류","도로","지자체도로건설지원","혼잡도로","제2대티터널혼잡도로","제2대티터널혼잡도로","0","0","0","0","0"
"2024","자치단체이전","자치단체자본보조","국토교통부","지역균형발전특별회계","지역지원계정","교통및물류","도로","지자체도로건설지원","혼잡도로","금호동-서광주로혼잡도로","금호동-서광주로혼잡도로","200000","200000","0","100.0","0.0"
"2024","자치단체이전","자치단체자본보조","국토교통부","지역균형발전특별회계","지역지원계정","교통및물류","도로","지자체도로건설지원","국가지원지방도건설","한림-생림국지도건설","한림-생림국지도건설","21602000","21602000","26514089","100.0","122.7"
"2024","자치단체이전","자치단체자본보조","국토교통부","지역균형발전특별회계","지역지원계정","교통및물류","도로","지자체도로건설지원","국가지원지방도건설","김포하성-운양국지도건설","김포하성-운양국지도건설","0","0","0","0","0"
"2024","자치단체이전","자치단체자본보조","국토교통부","지역균형발전특별회계","지역지원계정","교통및물류","도로","지자체도로건설지원","국가지원지방도건설","김포하성-운양국지도건설","김포하성-운양국지도건설","0","0","0","0","0"
"2024","자치단체이전","자치단체자본보조","국토교통부","지역균형발전특별회계","지역지원계정","교통및물류","도로","지자체도로건설지원","국가지원지방도건설","태안근흥정죽-두야국지도건설","태안근흥정죽-두야국지도건설","0","0","0","0","0"
"2024","자치단체이전","자치단체자본보조","국토교통부","지역균형발전특별회계","지역지원계정","교통및물류","도로","지자체도로건설지원","국가지원지방도건설","연천군남옥계-연천상리국지도건설","연천군남옥계-연천상리국지도건설","0","0","0","0","0"
"2024","자치단체이전","자치단체자본보조","국토교통부","지역균형발전특별회계","지역지원계정","교통및물류","도로","지자체도로건설지원","국가지원지방도건설","장성동화-서삼국지도건설","장성동화-서삼국지도건설","200000","200000","0","100.0","0.0"
"2024","자치단체이전","자치단체자본보조","국토교통부","지역균형발전특별회계","지역지원계정","교통및물류","도로","지자체도로건설지원","국가지원지방도건설","나주금천-화순도암국지도건설","나주금천-화순도암국지도건설","200000","200000","0","100.0","0.0"
"2024","자치단체이전","자치단체자본보조","국토교통부","지역균형발전특별회계","지역지원계정","교통및물류","도로","지자체도로건설지원","국가지원지방도건설","대전문평-신탄진국지도건설","대전문평-신탄진국지도건설","200000","200000","0","100.0","0.0"
"2024","자치단체이전","자치단체자본보조","국토교통부","지역균형발전특별회계","지역지원계정","교통및물류","도로","지자체도로건설지원","국가지원지방도건설","부산가덕대교-송정IC국지도건설","부산가덕대교-송정IC국지도건설","400000","400000","0","100.0","0.0"
"2024","자치단체이전","자치단체자본보조","국토교통부","지역균형발전특별회계","지역지원계정","교통및물류","도로","지자체도로건설지원","국가지원지방도건설","양주장흥부곡-부곡국지도건설","양주장흥부곡-부곡국지도건설","0","0","0","0","0"
"2024","자치단체이전","자치단체자본보조","국토교통부","지역균형발전특별회계","지역지원계정","교통및물류","도로","지자체도로건설지원","국가지원지방도건설","이천백사-여주흥천국지도건설","이천백사-여주흥천국지도건설","0","0","0","0","0"
"2024","자치단체이전","자치단체자본보조","국토교통부","지역균형발전특별회계","지역지원계정","교통및물류","도로","지자체도로건설지원","국가지원지방도건설","이천백사-여주흥천국지도건설","이천백사-여주흥천국지도건설","0","0","0","0","0"
"2024","자치단체이전","자치단체자본보조","국토교통부","지역균형발전특별회계","지역지원계정","교통및물류","도로","지자체도로건설지원","국가지원지방도건설","제천수산-청풍국지도건설","제천수산-청풍국지도건설","200000","200000","0","100.0","0.0"
"2024","자치단체이전","자치단체자본보조","국토교통부","지역균형발전특별회계","지역지원계정","교통및물류","도로","지자체도로건설지원","국가지원지방도건설","완주소양-동상국지도건설","완주소양-동상국지도건설","0","0","0","0","0"
"2024","자치단체이전","자치단체자본보조","국토교통부","지역균형발전특별회계","지역지원계정","교통및물류","도로","지자체도로건설지원","국가지원지방도건설","파주금릉-조리국지도건설","파주금릉-조리국지도건설","0","0","0","0","0"
"2024","자치단체이전","자치단체자본보조","국토교통부","지역균형발전특별회계","지역지원계정","교통및물류","도로","지자체도로건설지원","국가지원지방도건설","도척-실촌국지도건설","도척-실촌국지도건설","9440000","9440000","6782696","100.0","71.9"
"2024","자치단체이전","자치단체자본보조","국토교통부","지역균형발전특별회계","지역지원계정","교통및물류","도로","지자체도로건설지원","국가지원지방도건설","봉강-무안국지도건설","봉강-무안 국지도건설","6845000","6845000","6843882","100.0","100.0"
"2024","자치단체이전","자치단체자본보조","국토교통부","지역균형발전특별회계","지역지원계정","교통및물류","도로","지자체도로건설지원","국가지원지방도건설","칠북-북면국지도건설","칠북-북면국지도건설","9437000","9437000","9883385","100.0","104.7"
"2024","자치단체이전","자치단체자본보조","국토교통부","지역균형발전특별회계","지역지원계정","교통및물류","도로","지자체도로건설지원","국가지원지방도건설","실촌-만선국지도건설","실촌-만선국지도건설","5087000","5087000","5581807","100.0","109.7"
"2024","자치단체이전","자치단체자본보조","국토교통부","지역균형발전특별회계","지역지원계정","교통및물류","도로","지자체도로건설지원","국가지원지방도건설","강동-안강국지도건설","강동-안강국지도건설","944000","944000","1586596","100.0","168.1"
"2024","자치단체이전","자치단체자본보조","국토교통부","지역균형발전특별회계","지역지원계정","교통및물류","도로","지자체도로건설지원","국가지원지방도건설","대동-매리국지도건설","대동-매리국지도건설","18000000","18000000","8930430","100.0","49.6"
"2024","자치단체이전","자치단체자본보조","국토교통부","지역균형발전특별회계","지역지원계정","교통및물류","도로","지자체도로건설지원","국가지원지방도건설","단산-부석사국지도건설","단산-부석사국지도건설","14408000","14408000","14586560","100.0","101.2"
"2024","자치단체이전","자치단체자본보조","국토교통부","지역균형발전특별회계","지역지원계정","교통및물류","도로","지자체도로건설지원","국가지원지방도건설","매리-양산국지도건설","매리-양산국지도건설","19738000","19738000","17811836","100.0","90.2"
"2024","자치단체이전","자치단체자본보조","국토교통부","지역균형발전특별회계","지역지원계정","교통및물류","도로","지자체도로건설지원","국가지원지방도건설","갈천-가수국지도건설","갈천-가수국지도건설","7431000","7431000","693627","100.0","9.3"
"2024","자치단체이전","자치단체자본보조","국토교통부","지역균형발전특별회계","지역지원계정","교통및물류","도로","지자체도로건설지원","국가지원지방도건설","오남-수동 국가지원지방도","오남-수동 국가지원지방도","8221000","8221000","11148850","100.0","135.6"
"2024","자치단체이전","자치단체자본보조","국토교통부","지역균형발전특별회계","지역지원계정","교통및물류","도로","지자체도로건설지원","국가지원지방도건설","가납-상수 국지도건설","가납-상수 국지도건설","0","0","3432587","0","0"
"2024","자치단체이전","자치단체자본보조","국토교통부","지역균형발전특별회계","지역지원계정","교통및물류","도로","지자체도로건설지원","국가지원지방도건설","상원-청하 국지도건설","상원-청하 국지도건설","1844000","1844000","2264458","100.0","122.8"
"2024","자치단체이전","자치단체자본보조","국토교통부","지역균형발전특별회계","지역지원계정","교통및물류","도로","지자체도로건설지원","국가지원지방도건설","축산항-도곡 국지도건설","축산항-도곡 국지도건설","0","0","265499","0","0"
"2024","자치단체이전","자치단체자본보조","국토교통부","지역균형발전특별회계","지역지원계정","교통및물류","도로","지자체도로건설지원","국가지원지방도건설","효자-상원국지도건설","효자-상원국지도건설","9066000","9066000","10404670","100.0","114.8"
"2024","자치단체이전","자치단체자본보조","국토교통부","지역균형발전특별회계","지역지원계정","교통및물류","도로","지자체도로건설지원","국가지원지방도건설","동향-안성국지도건설","동향-안성국지도건설","1200000","1200000","4585549","100.0","382.1"
"2024","자치단체이전","자치단체자본보조","국토교통부","지역균형발전특별회계","지역지원계정","교통및물류","도로","지자체도로건설지원","국가지원지방도건설","쌍백-봉수국지도건설","쌍백-봉수국지도건설","411000","411000","3463190","100.0","842.6"
"2024","자치단체이전","자치단체자본보조","국토교통부","지역균형발전특별회계","지역지원계정","교통및물류","도로","지자체도로건설지원","국가지원지방도건설","길상-선원국지도건설","길상-선원국지도건설","1022000","1022000","6368602","100.0","623.2"
"2024","자치단체이전","자치단체자본보조","국토교통부","지역균형발전특별회계","지역지원계정","교통및물류","도로","지자체도로건설지원","국가지원지방도건설","문동-송정IC국지도건설","문동-송정IC국지도건설","37417000","37417000","32827565","100.0","87.7"
"2024","자치단체이전","자치단체자본보조","국토교통부","지역균형발전특별회계","지역지원계정","교통및물류","도로","지자체도로건설지원","국가지원지방도건설","상촌-황간국지도건설","상촌-황간국지도건설","6941000","6941000","9426022","100.0","135.8"
"2024","자치단체이전","자치단체자본보조","국토교통부","지역균형발전특별회계","지역지원계정","교통및물류","도로","지자체도로건설지원","국가지원지방도건설","연금-금성국지도건설","연금-금성국지도건설","10488000","10488000","8931182","100.0","85.2"
"2024","자치단체이전","자치단체자본보조","국토교통부","지역균형발전특별회계","지역지원계정","교통및물류","도로","지자체도로건설지원","국가지원지방도건설","당진-서산국지도건설","당진-서산 국지도건설","11898000","11898000","7826617","100.0","65.8"
"2024","자치단체이전","자치단체자본보조","국토교통부","지역균형발전특별회계","지역지원계정","교통및물류","도로","지자체도로건설지원","국가지원지방도건설","와부-화도국지도건설","와부-화도국지도건설","6988000","6988000","4864037","100.0","69.6"
"2024","자치단체이전","자치단체자본보조","국토교통부","지역균형발전특별회계","지역지원계정","교통및물류","도로","지자체도로건설지원","국가지원지방도건설","포항-안동국지도건설","포항-안동 국지도건설","12551000","12551000","15035118","100.0","119.8"
"2024","자치단체이전","자치단체자본보조","국토교통부","지역균형발전특별회계","지역지원계정","교통및물류","도로","지자체도로건설지원","국가지원지방도건설","고령-성주국지도건설","고령-성주국지도건설","4429000","4429000","6091254","100.0","137.5"
"2024","자치단체이전","자치단체자본보조","국토교통부","지역균형발전특별회계","지역지원계정","교통및물류","도로","지자체도로건설지원","국가지원지방도건설","낙안-상사국지도건설","낙안-상사국지도건설","8464000","8464000","8464000","100.0","100.0"
"2024","자치단체이전","자치단체자본보조","국토교통부","지역균형발전특별회계","지역지원계정","교통및물류","도로","지자체도로건설지원","국가지원지방도건설","도계-영월국지도건설","도계-영월국지도건설","15836000","15836000","17703078","100.0","111.8"
"2024","자치단체이전","자치단체자본보조","국토교통부","지역균형발전특별회계","지역지원계정","교통및물류","도로","지자체도로건설지원","국가지원지방도건설","강구대교국지도건설","강구대교국지도건설","9136000","9136000","9281303","100.0","101.6"
"2024","자치단체이전","자치단체자본보조","국토교통부","지역균형발전특별회계","지역지원계정","교통및물류","도로","지자체도로건설지원","국가지원지방도건설","경기광주-양평국지도건설","경기광주-양평국지도건설","1400000","1400000","541015","100.0","38.6"
"2024","자치단체이전","자치단체자본보조","국토교통부","지역균형발전특별회계","지역지원계정","교통및물류","도로","지자체도로건설지원","국가지원지방도건설","경기도계-인천마전국지도건설","경기도계-인천마전국지도건설","7643000","7643000","6937594","100.0","90.8"
"2024","자치단체이전","자치단체자본보조","국토교통부","지역균형발전특별회계","지역지원계정","교통및물류","도로","지자체도로건설지원","국가지원지방도건설","광주건업-여주상품국지도건설","광주건업-여주상품국지도건설","0","0","4620","0","0"
"2024","자치단체이전","자치단체자본보조","국토교통부","지역균형발전특별회계","지역지원계정","교통및물류","도로","지자체도로건설지원","국가지원지방도건설","금산진산-금산국지도건설","금산진산-금산국지도건설","1097000","1097000","264331","100.0","24.1"
"2024","자치단체이전","자치단체자본보조","국토교통부","지역균형발전특별회계","지역지원계정","교통및물류","도로","지자체도로건설지원","국가지원지방도건설","동막-개야국지도건설","동막-개야국지도건설","200000","200000","0","100.0","0.0"
"2024","자치단체이전","자치단체자본보조","국토교통부","지역균형발전특별회계","지역지원계정","교통및물류","도로","지자체도로건설지원","국가지원지방도건설","마령재터널국지도건설","마령재터널 국지도건설","1592000","1592000","3247979","100.0","204.0"
"2024","자치단체이전","자치단체자본보조","국토교통부","지역균형발전특별회계","지역지원계정","교통및물류","도로","지자체도로건설지원","국가지원지방도건설","무심동로-오창IC국지도건설","무심동로-오창IC국지도건설","6485000","6485000","0","100.0","0.0"
"2024","자치단체이전","자치단체자본보조","국토교통부","지역균형발전특별회계","지역지원계정","교통및물류","도로","지자체도로건설지원","국가지원지방도건설","미로-하장국지도건설","미로-하장 국지도건설","4968000","4968000","500678","100.0","10.1"
"2024","자치단체이전","자치단체자본보조","국토교통부","지역균형발전특별회계","지역지원계정","교통및물류","도로","지자체도로건설지원","국가지원지방도건설","밀양무안-신법국지도건설","밀양무안-신법국지도건설","200000","200000","719058","100.0","359.5"
"2024","자치단체이전","자치단체자본보조","국토교통부","지역균형발전특별회계","지역지원계정","교통및물류","도로","지자체도로건설지원","국가지원지방도건설","밀양신법-동산국지도건설","밀양신법-동산국지도건설","200000","200000","0","100.0","0.0"
"2024","자치단체이전","자치단체자본보조","국토교통부","지역균형발전특별회계","지역지원계정","교통및물류","도로","지자체도로건설지원","국가지원지방도건설","부여임천-논산강경국지도건설","부여임천-논산강경국지도건설","1200000","1200000","605419","100.0","50.5"
"2024","자치단체이전","자치단체자본보조","국토교통부","지역균형발전특별회계","지역지원계정","교통및물류","도로","지자체도로건설지원","국가지원지방도건설","북평-북일국지도건설","북평-북일 국지도건설","4896000","4896000","4896000","100.0","100.0"
"2024","자치단체이전","자치단체자본보조","국토교통부","지역균형발전특별회계","지역지원계정","교통및물류","도로","지자체도로건설지원","국가지원지방도건설","사천곤양-곤명국지도건설","사천곤양-곤명국지도건설","200000","200000","0","100.0","0.0"
"2024","자치단체이전","자치단체자본보조","국토교통부","지역균형발전특별회계","지역지원계정","교통및물류","도로","지자체도로건설지원","국가지원지방도건설","사천곤양-서포국지도건설","사천곤양-서포국지도건설","700000","700000","252487","100.0","36.1"
"2024","자치단체이전","자치단체자본보조","국토교통부","지역균형발전특별회계","지역지원계정","교통및물류","도로","지자체도로건설지원","국가지원지방도건설","산청-금서국지도건설","산청-금서국지도건설","5598000","5598000","5171631","100.0","92.4"
"2024","자치단체이전","자치단체자본보조","국토교통부","지역균형발전특별회계","지역지원계정","교통및물류","도로","지자체도로건설지원","국가지원지방도건설","성환-입장국지도건설","성환-입장국지도건설","200000","200000","155","100.0","0.1"
"2024","자치단체이전","자치단체자본보조","국토교통부","지역균형발전특별회계","지역지원계정","교통및물류","도로","지자체도로건설지원","국가지원지방도건설","양근대교국지도건설","양근대교국지도건설","0","0","0","0","0"
"2024","자치단체이전","자치단체자본보조","국토교통부","지역균형발전특별회계","지역지원계정","교통및물류","도로","지자체도로건설지원","국가지원지방도건설","양주장흥-광적국지도건설","양주장흥-광적 국지도건설","10364000","10364000","2869056","100.0","27.7"
"2024","자치단체이전","자치단체자본보조","국토교통부","지역균형발전특별회계","지역지원계정","교통및물류","도로","지자체도로건설지원","국가지원지방도건설","양평강하-강상국지도건설","양평강하-강상국지도건설","0","0","0","0","0"
"2024","자치단체이전","자치단체자본보조","국토교통부","지역균형발전특별회계","지역지원계정","교통및물류","도로","지자체도로건설지원","국가지원지방도건설","온정-원남국지도건설","온정-원남국지도건설","200000","200000","0","100.0","0.0"
"2024","자치단체이전","자치단체자본보조","국토교통부","지역균형발전특별회계","지역지원계정","교통및물류","도로","지자체도로건설지원","국가지원지방도건설","우성-이인국지도건설","우성-이인국지도건설","4490000","4490000","4515726","100.0","100.6"
"2024","자치단체이전","자치단체자본보조","국토교통부","지역균형발전특별회계","지역지원계정","교통및물류","도로","지자체도로건설지원","국가지원지방도건설","운문-도계국지도건설","운문-도계국지도건설","1000000","1000000","1727366","100.0","172.7"
"2024","자치단체이전","자치단체자본보조","국토교통부","지역균형발전특별회계","지역지원계정","교통및물류","도로","지자체도로건설지원","국가지원지방도건설","원주지정-흥업국지도건설","원주지정-흥업국지도건설","3570000","3570000","905836","100.0","25.4"
"2024","자치단체이전","자치단체자본보조","국토교통부","지역균형발전특별회계","지역지원계정","교통및물류","도로","지자체도로건설지원","국가지원지방도건설","죽장-달산국지도건설","죽장-달산국지도건설","700000","700000","0","100.0","0.0"
"2024","자치단체이전","자치단체자본보조","국토교통부","지역균형발전특별회계","지역지원계정","교통및물류","도로","지자체도로건설지원","국가지원지방도건설","충북도계-천안탑원국지도건설","충북도계-천안탑원국지도건설","0","0","0","0","0"
"2024","자치단체이전","자치단체자본보조","국토교통부","지역균형발전특별회계","지역지원계정","교통및물류","도로","지자체도로건설지원","국가지원지방도건설","포천군내-내촌국지도건설","포천군내-내촌국지도건설","8214000","8214000","8670615","100.0","105.6"
"2024","자치단체이전","자치단체자본보조","국토교통부","지역균형발전특별회계","지역지원계정","교통및물류","도로","지자체도로건설지원","국가지원지방도건설","함안-의령국지도건설","함안-의령국지도건설","200000","200000","0","100.0","0.0"
"2024","자치단체이전","자치단체자본보조","국토교통부","지역균형발전특별회계","지역지원계정","교통및물류","도로","지자체도로건설지원","국가지원지방도건설","홍성은하장척-목현국지도건설","홍성은하장척-목현국지도건설","1300000","1300000","1695678","100.0","130.4"
"2024","자치단체이전","자치단체자본보조","국토교통부","지역균형발전특별회계","지역지원계정","교통및물류","도로","지자체도로건설지원","국가지원지방도건설","화성우정-향남국지도건설","화성우정-향남국지도건설","700000","700000","1015","100.0","0.1"
"2024","자치단체이전","자치단체자본보조","국토교통부","지역균형발전특별회계","지역지원계정","교통및물류","도로","지자체도로건설지원","국가지원지방도건설","화성장지-용인남사국지도건설","화성장지-용인남사국지도건설","0","0","4714","0","0"
"2024","자치단체이전","자치단체자본보조","국토교통부","지역균형발전특별회계","지역지원계정","교통및물류","철도","광역철도건설","광역철도건설지원","안심-하양 복선전철","안심-하양 복선전철","23876000","23876000","23876000","100.0","100.0"
"2024","자치단체이전","자치단체자본보조","국토교통부","지역균형발전특별회계","지역지원계정","교통및물류","물류등기타","광역교통정책","도시BRT(지특)","광역BRT 구축","창원 BRT 구축","2302000","2302000","3555713","100.0","154.5"
"2024","자치단체이전","자치단체자본보조","국토교통부","지역균형발전특별회계","지역지원계정","교통및물류","물류등기타","광역교통정책","도시BRT(지특)","광역BRT 구축","성남 S-BRT 광역BRT 구축","5169000","5169000","12608","100.0","0.2"
"2024","자치단체이전","자치단체자본보조","국토교통부","지역균형발전특별회계","지역지원계정","교통및물류","물류등기타","광역교통정책","도시BRT(지특)","광역BRT 구축","공주-세종 광역BRT 구축","2525000","2525000","2693370","100.0","106.7"
"2024","자치단체이전","자치단체자본보조","국토교통부","지역균형발전특별회계","지역지원계정","교통및물류","물류등기타","광역교통정책","도시BRT(지특)","광역BRT 구축","제주 도시BRT 구축","522000","522000","3006125","100.0","575.9"
"2024","자치단체이전","자치단체자본보조","국토교통부","지역균형발전특별회계","지역지원계정","교통및물류","물류등기타","광역교통정책","도시BRT(지특)","광역BRT 구축","기린대로 BRT 구축","4400000","4400000","37503","100.0","0.9"
"2024","자치단체이전","자치단체자본보조","국토교통부","지역균형발전특별회계","지역지원계정","교통및물류","물류등기타","광역교통정책","도시BRT(지특)","광역BRT 구축","세종-천안BRT 1단계","0","0","0","0","0"
"2024","자치단체이전","자치단체자본보조","국토교통부","지역균형발전특별회계","지역지원계정","교통및물류","물류등기타","광역교통정책","환승체계구축(지특)","환승센터구축지원","사상역 환승센터","0","0","21692","0","0"
"2024","자치단체이전","자치단체자본보조","국토교통부","지역균형발전특별회계","지역지원계정","교통및물류","물류등기타","광역교통정책","환승체계구축(지특)","환승센터구축지원","북정역 환승센터","104000","104000","1484000","100.0","1426.9"
"2024","자치단체이전","자치단체자본보조","국토교통부","지역균형발전특별회계","지역지원계정","교통및물류","물류등기타","광역교통정책","환승체계구축(지특)","환승센터구축지원","계룡역 환승센터","0","0","0","0","0"
"2024","자치단체이전","자치단체자본보조","국토교통부","지역균형발전특별회계","지역지원계정","교통및물류","물류등기타","광역교통정책","환승체계구축(지특)","환승센터구축지원","광역버스 회차 및 환승시설 시범사업","0","0","346525","0","0"
"2024","자치단체이전","자치단체자본보조","국토교통부","지역균형발전특별회계","지역지원계정","교통및물류","물류등기타","광역교통정책","환승체계구축(지특)","환승센터구축지원","삼성역 복합환승센터 기반시설정비","3200000","3200000","3200000","100.0","100.0"
"2024","자치단체이전","자치단체자본보조","국토교통부","지역균형발전특별회계","지역지원계정","교통및물류","물류등기타","광역교통정책","환승체계구축(지특)","환승센터구축지원","구리역 환승센터","1065000","1065000","1065000","100.0","100.0"
"2024","자치단체이전","자치단체자본보조","국토교통부","지역균형발전특별회계","지역지원계정","교통및물류","물류등기타","광역교통정책","환승체계구축(지특)","환승센터구축지원","마산역 환승센터","100000","100000","0","100.0","0.0"
"2024","자치단체이전","자치단체자본보조","국토교통부","지역균형발전특별회계","지역지원계정","교통및물류","물류등기타","자동차및교통정책","첨단미래형자동차활성화","충청권자율주행모빌리티상용화지구조성","충청권 자율주행 모빌리티 상용화 지구 조성","5610000","5610000","4814719","100.0","85.8"
"2024","자치단체이전","자치단체자본보조","국토교통부","지역균형발전특별회계","지역지원계정","교통및물류","물류등기타","대중교통육성","대중교통체계구축","버스공영차고지 지원","버스공영차고지 지원","14911000","14911000","14799112","100.0","99.2"
"2024","자치단체이전","자치단체자본보조","국토교통부","지역균형발전특별회계","지역지원계정","국토및지역개발","지역및도시","지역개발","지역발전투자협약","민관협력 지역상생협약","민관협력 지역상생협약","13500000","13500000","109784","100.0","0.8"
"2024","자치단체이전","자치단체자본보조","국토교통부","지역균형발전특별회계","지역지원계정","국토및지역개발","지역및도시","지역개발","개발제한구역지원","개발제한구역관리","개발제한구역 주민지원사업","91098000","91098000","80619570","100.0","88.5"
"2024","자치단체이전","자치단체자본보조","국토교통부","지역균형발전특별회계","지역지원계정","국토및지역개발","지역및도시","지역개발","초광역 개발권 시범사업 지원","해안및내륙권발전사업지원","축산 블루시티 조성","0","0","1165300","0","0"
"2024","자치단체이전","자치단체자본보조","국토교통부","지역균형발전특별회계","지역지원계정","국토및지역개발","지역및도시","지역개발","초광역 개발권 시범사업 지원","해안및내륙권발전사업지원","설악동 재건사업","2500000","2500000","4447511","100.0","177.9"
"2024","자치단체이전","자치단체자본보조","국토교통부","지역균형발전특별회계","지역지원계정","국토및지역개발","지역및도시","지역개발","초광역 개발권 시범사업 지원","해안및내륙권발전사업지원","남해대교 관광자원화 사업","2500000","2500000","2416037","100.0","96.6"
"2024","자치단체이전","자치단체자본보조","국토교통부","지역균형발전특별회계","지역지원계정","국토및지역개발","지역및도시","지역개발","초광역 개발권 시범사업 지원","해안및내륙권발전사업지원","섬진강 영호남 복합형 환승공원 조성","200000","200000","665288","100.0","332.6"
"2024","자치단체이전","자치단체자본보조","국토교통부","지역균형발전특별회계","지역지원계정","국토및지역개발","지역및도시","지역개발","초광역 개발권 시범사업 지원","해안및내륙권발전사업지원","백두대간 문화철도역 연계협력사업","1950000","1950000","3904292","100.0","200.2"
"2024","자치단체이전","자치단체자본보조","국토교통부","지역균형발전특별회계","지역지원계정","국토및지역개발","지역및도시","지역개발","초광역 개발권 시범사업 지원","해안및내륙권발전사업지원","포항 해파랑길 단절구간 연결","0","0","420938","0","0"
"2024","자치단체이전","자치단체자본보조","국토교통부","지역균형발전특별회계","지역지원계정","국토및지역개발","지역및도시","지역개발","초광역 개발권 시범사업 지원","해안및내륙권발전사업지원","백두대간 휴양관광벨트 거점관광지 조성","1000000","1000000","1905097","100.0","190.5"
"2024","자치단체이전","자치단체자본보조","국토교통부","지역균형발전특별회계","지역지원계정","국토및지역개발","지역및도시","지역개발","초광역 개발권 시범사업 지원","해안및내륙권발전사업지원","남도 2대교 건설","405000","405000","136458","100.0","33.7"
"2024","자치단체이전","자치단체자본보조","국토교통부","지역균형발전특별회계","지역지원계정","국토및지역개발","지역및도시","지역개발","초광역 개발권 시범사업 지원","해안및내륙권발전사업지원","동해안 바닷가 경관도로 조성","4000000","4000000","4284127","100.0","107.1"
"2024","자치단체이전","자치단체자본보조","국토교통부","지역균형발전특별회계","지역지원계정","국토및지역개발","지역및도시","지역개발","초광역 개발권 시범사업 지원","해안및내륙권발전사업지원","바래미 생태레저단지 조성","1000000","1000000","1735295","100.0","173.5"
"2024","자치단체이전","자치단체자본보조","국토교통부","지역균형발전특별회계","지역지원계정","국토및지역개발","지역및도시","지역개발","초광역 개발권 시범사업 지원","해안및내륙권발전사업지원","노을, 생태갯벌 플랫폼 조성","1000000","1000000","1780202","100.0","178.0"
"2024","자치단체이전","자치단체자본보조","국토교통부","지역균형발전특별회계","지역지원계정","국토및지역개발","지역및도시","지역개발","초광역 개발권 시범사업 지원","해안및내륙권발전사업지원","섬진강 동화정원 문화예술벨트 조성","500000","500000","1484812","100.0","297.0"
"2024","자치단체이전","자치단체자본보조","국토교통부","지역균형발전특별회계","지역지원계정","국토및지역개발","지역및도시","지역개발","초광역 개발권 시범사업 지원","해안및내륙권발전사업지원","황매산 녹색문화 체험지구 조성","1000000","1000000","1253423","100.0","125.3"
"2024","자치단체이전","자치단체자본보조","국토교통부","지역균형발전특별회계","지역지원계정","국토및지역개발","지역및도시","지역개발","초광역 개발권 시범사업 지원","해안및내륙권발전사업지원","단양 에코순환루트 인프라 구축","1000000","1000000","430941","100.0","43.1"
"2024","자치단체이전","자치단체자본보조","국토교통부","지역균형발전특별회계","지역지원계정","국토및지역개발","지역및도시","지역개발","초광역 개발권 시범사업 지원","해안및내륙권발전사업지원"," 흥해 오도 주상절리 탐방로 조성","500000","500000","0","100.0","0.0"
"2024","자치단체이전","자치단체자본보조","국토교통부","지역균형발전특별회계","지역지원계정","국토및지역개발","지역및도시","지역개발","초광역 개발권 시범사업 지원","해안및내륙권발전사업지원","서해안 선셋드라이브 명소화","500000","500000","510019","100.0","102.0"
"2024","자치단체이전","자치단체자본보조","국토교통부","지역균형발전특별회계","지역지원계정","국토및지역개발","지역및도시","지역개발","초광역 개발권 시범사업 지원","해안및내륙권발전사업지원","서남해안 명품경관 조성","500000","500000","800000","100.0","160.0"
"2024","자치단체이전","자치단체자본보조","국토교통부","지역균형발전특별회계","지역지원계정","국토및지역개발","지역및도시","지역개발","초광역 개발권 시범사업 지원","해안및내륙권발전사업지원","서해안 관광도로 조성(충남)","1500000","1500000","1630053","100.0","108.7"
"2024","자치단체이전","자치단체자본보조","국토교통부","지역균형발전특별회계","지역지원계정","국토및지역개발","지역및도시","지역개발","초광역 개발권 시범사업 지원","해안및내륙권발전사업지원","봉무 쉼표공원 조성","500000","500000","0","100.0","0.0"
"2024","자치단체이전","자치단체자본보조","국토교통부","지역균형발전특별회계","지역지원계정","국토및지역개발","지역및도시","지역개발","초광역 개발권 시범사업 지원","해안및내륙권발전사업지원","낙동강 문화권 에코 뮤지엄 조성","500000","500000","557462","100.0","111.5"
"2024","자치단체이전","자치단체자본보조","국토교통부","지역균형발전특별회계","지역지원계정","국토및지역개발","지역및도시","지역개발","초광역 개발권 시범사업 지원","해안및내륙권발전사업지원"," 수성못 스마트 여행자거리 조성","1400000","1400000","319800","100.0","22.8"
"2024","자치단체이전","자치단체자본보조","국토교통부","지역균형발전특별회계","지역지원계정","국토및지역개발","지역및도시","지역개발","초광역 개발권 시범사업 지원","해안및내륙권발전사업지원","백두대간 v-힐링 스타트업 로드 조성","500000","500000","583804","100.0","116.8"
"2024","자치단체이전","자치단체자본보조","국토교통부","지역균형발전특별회계","지역지원계정","국토및지역개발","지역및도시","지역개발","초광역 개발권 시범사업 지원","해안및내륙권발전사업지원"," 생태정원과 함께하는 갯벌치유센타 조성","500000","500000","632829","100.0","126.6"
"2024","자치단체이전","자치단체자본보조","국토교통부","지역균형발전특별회계","지역지원계정","국토및지역개발","지역및도시","지역개발","초광역 개발권 시범사업 지원","해안및내륙권발전사업지원","심항산 발길 순환루트 치유힐링공간 조성사업","500000","500000","674420","100.0","134.9"
"2024","자치단체이전","자치단체자본보조","국토교통부","지역균형발전특별회계","지역지원계정","국토및지역개발","지역및도시","지역개발","초광역 개발권 시범사업 지원","해안및내륙권발전사업지원"," 금강권 역사문화관광 플랫폼 구축","500000","500000","760986","100.0","152.2"
"2024","자치단체이전","자치단체자본보조","국토교통부","지역균형발전특별회계","지역지원계정","국토및지역개발","지역및도시","지역개발","초광역 개발권 시범사업 지원","해안및내륙권발전사업지원","동해안 내셔널 트레일 조성(울진)","300000","300000","300000","100.0","100.0"
"2024","자치단체이전","자치단체자본보조","국토교통부","지역균형발전특별회계","지역지원계정","국토및지역개발","지역및도시","지역개발","초광역 개발권 시범사업 지원","해안및내륙권발전사업지원","서남해안 명품경관 조성(신안)","300000","300000","0","100.0","0.0"
"2024","자치단체이전","자치단체자본보조","국토교통부","지역균형발전특별회계","지역지원계정","국토및지역개발","지역및도시","지역개발","초광역 개발권 시범사업 지원","해안및내륙권발전사업지원","속리산 힐링아카데미 조성","200000","200000","9840","100.0","4.9"
"2024","자치단체이전","자치단체자본보조","국토교통부","지역균형발전특별회계","지역지원계정","국토및지역개발","지역및도시","지역개발","초광역 개발권 시범사업 지원","해안및내륙권발전사업지원","동서화합 육십령 가야이음터 조성","300000","300000","94672","100.0","31.6"
"2024","자치단체이전","자치단체자본보조","국토교통부","지역균형발전특별회계","지역지원계정","국토및지역개발","지역및도시","지역개발","초광역 개발권 시범사업 지원","해안및내륙권발전사업지원","선비문화유산 풍류 관광벨트 조성","300000","300000","0","100.0","0.0"
"2024","자치단체이전","자치단체자본보조","국토교통부","지역균형발전특별회계","지역지원계정","국토및지역개발","지역및도시","지역개발","초광역 개발권 시범사업 지원","해안및내륙권발전사업지원","죽당리 대지예술공원 조성","300000","300000","300000","100.0","100.0"
"2024","자치단체이전","자치단체자본보조","국토교통부","지역균형발전특별회계","지역지원계정","국토및지역개발","지역및도시","지역개발","초광역 개발권 시범사업 지원","해안및내륙권발전사업지원","영호남 동서 고대문화권 역사관광루트 구축","200000","200000","30000","100.0","15.0"
"2024","자치단체이전","자치단체자본보조","국토교통부","지역균형발전특별회계","지역지원계정","국토및지역개발","지역및도시","지역개발","초광역 개발권 시범사업 지원","해안및내륙권발전사업지원","동해안 내셔널 트레일 조성(경주)","300000","300000","300000","100.0","100.0"
"2024","자치단체이전","자치단체자본보조","국토교통부","지역균형발전특별회계","지역지원계정","국토및지역개발","지역및도시","지역개발","초광역 개발권 시범사업 지원","해안및내륙권발전사업지원","탄금호 자전거 연계거점 조성","300000","300000","0","100.0","0.0"
"2024","자치단체이전","자치단체자본보조","국토교통부","지역균형발전특별회계","지역지원계정","국토및지역개발","지역및도시","지역개발","투자선도지구 지원","투자선도지구기반시설지원","투자선도지구기반시설지원","600000","600000","2787368","100.0","464.6"
"2024","자치단체이전","자치단체자본보조","국토교통부","지역균형발전특별회계","지역지원계정","국토및지역개발","지역및도시","지역개발","투자선도지구 지원","투자선도지구기반시설지원","오송 투자선도지구 기반시설지원","500000","500000","0","100.0","0.0"
"2024","자치단체이전","자치단체자본보조","국토교통부","지역균형발전특별회계","지역지원계정","국토및지역개발","지역및도시","도시정책","도시개발","도시회복탄력성을위한방재공원조성지원","방재공원조성지원","0","0","0","0","0"
"2024","자치단체이전","자치단체자본보조","국토교통부","지역균형발전특별회계","지역지원계정","국토및지역개발","지역및도시","도시정책","도시재생","도시재생사업","도시재생사업","415732000","413602130","423470986","99.5","102.4"
"2024","자치단체이전","자치단체자본보조","국토교통부","지역균형발전특별회계","지역지원계정","국토및지역개발","지역및도시","도시정책","도시재생","도시재생사업","소규모주택정비사업지원","6000000","3900000","2790688","65.0","71.6"
"2024","자치단체이전","자치단체자본보조","국토교통부","지역균형발전특별회계","지역지원계정","국토및지역개발","지역및도시","도시정책","도시재생","도시재생사업","생활밀착형 스마트 기술지원","5000000","4831200","802946","96.6","16.6"
"2024","자치단체이전","자치단체자본보조","국토교통부","지역균형발전특별회계","지역지원계정","국토및지역개발","산업단지","산업단지개발및지원","산업단지지원(지원)","노후공단 재정비지원","대전일반산단 재생사업","1176000","1176000","1176000","100.0","100.0"
"2024","자치단체이전","자치단체자본보조","국토교통부","지역균형발전특별회계","지역지원계정","국토및지역개발","산업단지","산업단지개발및지원","산업단지지원(지원)","노후공단 재정비지원","대구도심일반산단 재생사업","20577000","20577000","19835986","100.0","96.4"
"2024","자치단체이전","자치단체자본보조","국토교통부","지역균형발전특별회계","지역지원계정","국토및지역개발","산업단지","산업단지개발및지원","산업단지지원(지원)","노후공단 재정비지원","전주제1일반산단 재생사업","0","0","0","0","0"
"2024","자치단체이전","자치단체자본보조","국토교통부","지역균형발전특별회계","지역지원계정","국토및지역개발","산업단지","산업단지개발및지원","산업단지지원(지원)","노후공단 재정비지원","부산사상일반산단 재생사업","3635000","3635000","4931189","100.0","135.7"
"2024","자치단체이전","자치단체자본보조","국토교통부","지역균형발전특별회계","지역지원계정","국토및지역개발","산업단지","산업단지개발및지원","산업단지지원(지원)","노후공단 재정비지원","성남일반산단 재생사업","1282000","1282000","117490","100.0","9.2"
"2024","자치단체이전","자치단체자본보조","국토교통부","지역균형발전특별회계","지역지원계정","국토및지역개발","산업단지","산업단지개발및지원","산업단지지원(지원)","노후공단 재정비지원","청주일반산단 재생사업","781000","781000","781822","100.0","100.1"
"2024","자치단체이전","자치단체자본보조","국토교통부","지역균형발전특별회계","지역지원계정","국토및지역개발","산업단지","산업단지개발및지원","산업단지지원(지원)","노후공단 재정비지원","하남일반산단 재생사업","2000000","2000000","2705314","100.0","135.3"
"2024","자치단체이전","자치단체자본보조","국토교통부","지역균형발전특별회계","지역지원계정","국토및지역개발","산업단지","산업단지개발및지원","산업단지지원(지원)","노후공단 재정비지원","양산일반산단 재생사업","0","0","0","0","0"
"2024","자치단체이전","자치단체자본보조","국토교통부","지역균형발전특별회계","지역지원계정","국토및지역개발","산업단지","산업단지개발및지원","산업단지지원(지원)","노후공단 재정비지원","대구성서1·2산단 재생사업","2941000","2941000","2088483","100.0","71.0"
"2024","자치단체이전","자치단체자본보조","국토교통부","지역균형발전특별회계","지역지원계정","국토및지역개발","산업단지","산업단지개발및지원","산업단지지원(지원)","노후공단 재정비지원","후평일반산단 재생사업","1016000","1016000","1016000","100.0","100.0"
"2024","자치단체이전","자치단체자본보조","국토교통부","지역균형발전특별회계","지역지원계정","국토및지역개발","산업단지","산업단지개발및지원","산업단지지원(지원)","노후공단 재정비지원","반월국가산단 재생사업","0","0","0","0","0"
"2024","자치단체이전","자치단체자본보조","국토교통부","지역균형발전특별회계","지역지원계정","국토및지역개발","산업단지","산업단지개발및지원","산업단지지원(지원)","노후공단 재정비지원","구미제1국가산단 재생사업","0","0","2380000","0","0"
"2024","자치단체이전","자치단체자본보조","국토교통부","지역균형발전특별회계","지역지원계정","국토및지역개발","산업단지","산업단지개발및지원","산업단지지원(지원)","노후공단 재정비지원","상평일반산단 재생사업","3033000","3033000","3033000","100.0","100.0"
"2024","자치단체이전","자치단체자본보조","국토교통부","지역균형발전특별회계","지역지원계정","국토및지역개발","산업단지","산업단지개발및지원","산업단지지원(지원)","노후공단 재정비지원","남동국가산단 재생사업","2681000","2681000","6175331","100.0","230.3"
"2024","자치단체이전","자치단체자본보조","국토교통부","지역균형발전특별회계","지역지원계정","국토및지역개발","산업단지","산업단지개발및지원","산업단지지원(지원)","노후공단 재정비지원","익산국가산단 재생사업","0","0","0","0","0"
"2024","자치단체이전","자치단체자본보조","국토교통부","지역균형발전특별회계","지역지원계정","국토및지역개발","산업단지","산업단지개발및지원","산업단지지원(지원)","노후공단 재정비지원","염색일반산단 재생사업","0","0","0","0","0"
"2024","자치단체이전","자치단체자본보조","국토교통부","지역균형발전특별회계","지역지원계정","국토및지역개발","산업단지","산업단지개발및지원","산업단지지원(지원)","노후공단 재정비지원","천안제2일반산단 재생사업","3334000","3334000","2142150","100.0","64.3"
"2024","자치단체이전","자치단체자본보조","국토교통부","지역균형발전특별회계","지역지원계정","국토및지역개발","산업단지","산업단지개발및지원","산업단지지원(지원)","노후공단 재정비지원","오천일반산단 재생사업","1360000","1360000","3085232","100.0","226.9"
"2024","자치단체이전","자치단체자본보조","국토교통부","지역균형발전특별회계","지역지원계정","국토및지역개발","산업단지","산업단지개발및지원","산업단지지원(지원)","노후공단 재정비지원","시화국가산단 재생사업","2560000","2560000","2568290","100.0","100.3"
"2024","자치단체이전","자치단체자본보조","국토교통부","지역균형발전특별회계","지역지원계정","국토및지역개발","산업단지","산업단지개발및지원","산업단지지원(지원)","노후공단 재정비지원","창원국가산단 재생사업","0","0","1348547","0","0"
"2024","자치단체이전","자치단체자본보조","국토교통부","지역균형발전특별회계","지역지원계정","국토및지역개발","산업단지","산업단지개발및지원","산업단지지원(지원)","부처연계형노후산단개발","군산·군산2국가산단 경쟁력강화사업","0","0","0","0","0"
"2024","자치단체이전","자치단체자본보조","국토교통부","지역균형발전특별회계","지역지원계정","국토및지역개발","산업단지","산업단지개발및지원","산업단지지원(지원)","부처연계형노후산단개발","달성1차일반산단 경쟁력강화사업","3950000","3950000","4633103","100.0","117.3"
"2024","자치단체이전","자치단체자본보조","국토교통부","지역균형발전특별회계","지역지원계정","국토및지역개발","산업단지","산업단지개발및지원","산업단지지원(지원)","부처연계형노후산단개발","북평국가·일반산단 경쟁력강화사업","0","0","0","0","0"
"2024","자치단체이전","자치단체자본보조","국토교통부","지역균형발전특별회계","지역지원계정","국토및지역개발","산업단지","산업단지개발및지원","산업단지지원(지원)","부처연계형노후산단개발","충주제1일반산단 경쟁력강화사업","1750000","1750000","1750000","100.0","100.0"
"2024","자치단체이전","자치단체자본보조","국토교통부","지역균형발전특별회계","지역지원계정","국토및지역개발","산업단지","산업단지개발및지원","산업단지지원(지원)","부처연계형노후산단개발","정읍제3일반산단 경쟁력강화사업","0","0","0","0","0"
"2024","자치단체이전","자치단체자본보조","국토교통부","지역균형발전특별회계","지역지원계정","국토및지역개발","산업단지","산업단지개발및지원","산업단지지원(지원)","부처연계형노후산단개발","부평·주안국가산단 경쟁력강화사업","0","0","0","0","0"
"2024","자치단체이전","자치단체자본보조","국토교통부","지역균형발전특별회계","지역지원계정","국토및지역개발","산업단지","산업단지개발및지원","산업단지지원(지원)","부처연계형노후산단개발","여수국가산단 경쟁력강화사업","350000","350000","0","100.0","0.0"
"2024","자치단체이전","자치단체자본보조","국토교통부","지역균형발전특별회계","지역지원계정","국토및지역개발","산업단지","산업단지개발및지원","산업단지지원(지원)","부처연계형노후산단개발","구미제2국가산단 경쟁력강화사업","0","0","0","0","0"
"2024","자치단체이전","자치단체자본보조","국토교통부","지역균형발전특별회계","지역지원계정","국토및지역개발","산업단지","산업단지개발및지원","산업단지지원(지원)","부처연계형노후산단개발","구미제3국가산단 경쟁력강화사업","0","0","0","0","0"
"2024","자치단체이전","자치단체자본보조","국토교통부","지역균형발전특별회계","지역지원계정","국토및지역개발","산업단지","산업단지개발및지원","산업단지지원(지원)","부처연계형노후산단개발","왜관일반산단 경쟁력강화사업","0","0","0","0","0"
"2024","자치단체이전","자치단체자본보조","국토교통부","지역균형발전특별회계","지역지원계정","국토및지역개발","산업단지","산업단지개발및지원","산업단지지원(지원)","부처연계형노후산단개발","익산제2일반산단 경쟁력강화사업","0","0","0","0","0"
"2024","자치단체이전","자치단체자본보조","국토교통부","지역균형발전특별회계","지역지원계정","국토및지역개발","산업단지","산업단지개발및지원","산업단지지원(지원)","부처연계형노후산단개발","전주과학산단 경쟁력강화사업","0","0","0","0","0"
"2024","자치단체이전","자치단체자본보조","국토교통부","지역균형발전특별회계","지역지원계정","국토및지역개발","산업단지","산업단지개발및지원","산업단지지원(지원)","부처연계형노후산단개발","사천제1·2일반산단 경쟁력강화사업","0","0","0","0","0"
"2024","자치단체이전","자치단체자본보조","국토교통부","지역균형발전특별회계","지역지원계정","국토및지역개발","산업단지","산업단지개발및지원","산업단지지원(지원)","부처연계형노후산단개발","칠서일반산단 경쟁력강화사업","0","0","0","0","0"
"2024","자치단체이전","자치단체자본보조","국토교통부","지역균형발전특별회계","지역지원계정","국토및지역개발","산업단지","산업단지개발및지원","산업단지지원(지원)","부처연계형노후산단개발","대구제3일반산단 경쟁력강화사업","11150000","11150000","11150000","100.0","100.0"
"2024","자치단체이전","자치단체자본보조","국토교통부","지역균형발전특별회계","지역지원계정","국토및지역개발","산업단지","산업단지개발및지원","산업단지지원(지원)","부처연계형노후산단개발","서대구일반산단 경쟁력강화사업","12200000","12200000","12200000","100.0","100.0"
"2024","자치단체이전","자치단체자본보조","국토교통부","지역균형발전특별회계","지역지원계정","국토및지역개발","산업단지","산업단지개발및지원","산업단지지원(지원)","부처연계형노후산단개발","사상일반산단 경쟁력강화사업","11108000","11108000","500000","100.0","4.5"
"2024","자치단체이전","자치단체자본보조","국토교통부","지역균형발전특별회계","지역지원계정","국토및지역개발","산업단지","산업단지개발및지원","산업단지지원(지원)","부처연계형노후산단개발","대전일반산단 경쟁력강화사업","0","0","93343","0","0"
"2024","자치단체이전","자치단체자본보조","국토교통부","지역균형발전특별회계","지역지원계정","국토및지역개발","산업단지","산업단지개발및지원","산업단지지원(지원)","부처연계형노후산단개발","오창과학산단 경쟁력강화사업","0","0","330425","0","0"
"2024","자치단체이전","자치단체자본보조","국토교통부","지역균형발전특별회계","지역지원계정","국토및지역개발","산업단지","산업단지개발및지원","산업단지지원(지원)","부처연계형노후산단개발","포항국가산단(제2연관단지) 경쟁력강화사업","980000","980000","980000","100.0","100.0"
"2024","자치단체이전","자치단체자본보조","국토교통부","지역균형발전특별회계","지역지원계정","국토및지역개발","산업단지","산업단지개발및지원","산업단지지원(지원)","부처연계형노후산단개발","신평ㆍ장림일반산단 경쟁력강화사업","500000","500000","350000","100.0","70.0"
"2024","자치단체이전","자치단체자본보조","국토교통부","지역균형발전특별회계","지역지원계정","국토및지역개발","산업단지","산업단지개발및지원","산업단지지원(지원)","부처연계형노후산단개발","기계ㆍ지방일반산단 경쟁력강화사업","500000","500000","500000","100.0","100.0"
"2024","자치단체이전","자치단체자본보조","국토교통부","지역균형발전특별회계","지역지원계정","국토및지역개발","산업단지","산업단지개발및지원","산업단지지원(지원)","부처연계형노후산단개발","광양국가산단 경쟁력강화사업","500000","500000","500000","100.0","100.0"
"2024","자치단체이전","자치단체자본보조","국토교통부","지역균형발전특별회계","지역지원계정","국토및지역개발","산업단지","산업단지개발및지원","산업단지지원(지원)","부처연계형노후산단개발","울산ㆍ미포국가산단 경쟁력강화사업","500000","500000","500000","100.0","100.0"
"2024","자치단체이전","자치단체자본보조","국토교통부","지역균형발전특별회계","지역지원계정","국토및지역개발","산업단지","산업단지개발및지원","산업단지지원(지원)","부처연계형노후산단개발","노후거점산단 경쟁력강화사업 예정지구1","500000","0","0","0.0","0"
"2024","자치단체이전","자치단체자본보조","국토교통부","혁신도시건설특별회계"," ","국토및지역개발","지역및도시","지역개발","혁신도시","혁신도시정주여건개선및활성화지원","혁신융합캠퍼스 조성 지원(자본보조)","0","0","0","0","0"
"2024","자치단체이전","자치단체자본보조","국토교통부","혁신도시건설특별회계"," ","국토및지역개발","지역및도시","지역개발","혁신도시","혁신도시정주여건개선및활성화지원","충북혁신도시(음성지역) 정주여건 개선","2700000","2700000","2700000","100.0","100.0"
"2024","자치단체이전","자치단체자본보조","국토교통부","혁신도시건설특별회계"," ","국토및지역개발","지역및도시","지역개발","혁신도시","혁신도시정주여건개선및활성화지원","충남 혁신도시 복합혁신센터 건립","500000","0","0","0.0","0"
"2024","자치단체이전","자치단체자본보조","기획재정부","기후대응기금"," ","환경","자원순환및환경경제","온실가스감축","산업저탄소화","공공열분해시설 설치","공공열분해시설 설치","993000","500000","344433","50.4","68.9"
"2024","자치단체이전","자치단체자본보조","기획재정부","기후대응기금"," ","환경","자원순환및환경경제","저탄소생태계조성","순환경제","자원순환클러스터조성","제주 자원순환클러스터 조성","441000","441000","878108","100.0","199.1"
"2024","자치단체이전","자치단체자본보조","기획재정부","기후대응기금"," ","환경","자원순환및환경경제","공정한전환","지역공정전환","탄소중립그린도시","탄소중립그린도시_자본보조","1680000","1680000","1379088","100.0","82.1"
"2024","자치단체이전","자치단체자본보조","기획재정부","기후대응기금"," ","환경","자원순환및환경경제","공정한전환","적응및인식제고","환경교육강화","유아기후환경교육관 설치 및 운영","1000000","1000000","357405","100.0","35.7"
"2024","자치단체이전","자치단체자본보조","기획재정부","기후대응기금"," ","환경","자원순환및환경경제","공정한전환","적응및인식제고","환경교육강화","충남 광역형 기후환경교육 연수원 조성","500000","500000","2966384","100.0","593.3"
"2024","자치단체이전","자치단체자본보조","기획재정부","기후대응기금"," ","환경","기후대기및환경안전","온실가스감축","산업저탄소화","온실가스관리인프라구축","할당대상업체 탄소중립설비 지원사업(지자체보조)","7500000","6629570","2974958","88.4","44.9"
"2024","자치단체이전","자치단체자본보조","기획재정부","기후대응기금"," ","환경","기후대기및환경안전","온실가스감축","산업저탄소화","수열에너지 활성화 지원","강원도 수열에너지 융복합 클러스터","7579000","4600000","984966","60.7","21.4"
"2024","자치단체이전","자치단체자본보조","기획재정부","기후대응기금"," ","환경","기후대기및환경안전","온실가스감축","산업저탄소화","재활용 가능 자원 수거 선별 인프라 확충","생활자원회수센터 확충","26975000","19212000","17274644","71.2","89.9"
"2024","자치단체이전","자치단체자본보조","기획재정부","기후대응기금"," ","환경","기후대기및환경안전","온실가스감축","산업저탄소화","재활용 가능 자원 수거 선별 인프라 확충","영농폐기물 재활용 촉진(공동집하장 확충지원)","1130000","1129500","929314","100.0","82.3"
"2024","자치단체이전","자치단체자본보조","기획재정부","기후대응기금"," ","환경","기후대기및환경안전","온실가스감축","산업저탄소화","유기성 폐자원 통합 바이오가스화 시설 설치사업","유기성 폐자원 통합 바이오가스화 시설 설치사업","12926000","9666495","2010436","74.8","20.8"
"2024","자치단체이전","자치단체자본보조","기획재정부","기후대응기금"," ","환경","기후대기및환경안전","온실가스감축","도시국토저탄소화","공공환경시설탄소중립지원","환경기초시설 탄소중립 프로그램","0","0","1426821","0","0"
"2024","자치단체이전","자치단체자본보조","기획재정부","기후대응기금"," ","환경","기후대기및환경안전","온실가스감축","도시국토저탄소화","공공환경시설탄소중립지원","공공부문 목표관리제 탄소중립 지원","0","0","1155821","0","0"
"2024","자치단체이전","자치단체자본보조","기획재정부","기후대응기금"," ","환경","기후대기및환경안전","온실가스감축","도시국토저탄소화","공공환경시설탄소중립지원","공공부문 탄소중립 모델 발굴","0","0","4404720","0","0"
"2024","자치단체이전","자치단체자본보조","기획재정부","기후대응기금"," ","환경","기후대기및환경안전","저탄소생태계조성","순환경제","청정수소 활용 수소모빌리티 보급기반 구축사업","바이오가스 활용 청정수소 생산시설 설치사업(지자체보조)_이월","0","0","115433","0","0"
"2024","자치단체이전","자치단체자본보조","기획재정부","기후대응기금"," ","환경","기후대기및환경안전","저탄소생태계조성","순환경제","청정수소 활용 수소모빌리티 보급기반 구축사업","수자원 기반 청정수소 생산","2564000","1731000","1665618","67.5","96.2"
"2024","자치단체이전","자치단체자본보조","기획재정부","기후대응기금"," ","환경","기후대기및환경안전","저탄소생태계조성","순환경제","청정수소 활용 수소모빌리티 보급기반 구축사업","바이오가스 기반 청정수소 생산","8400000","8400000","0","100.0","0.0"
"2024","자치단체이전","자치단체자본보조","기획재정부","기후대응기금"," ","환경","기후대기및환경안전","공정한전환","지역공정전환","기후변화적응 및 국민실천","기후변화 취약계층지역 적응 자원사업","9500000","8101000","7867277","85.3","97.1"
"2024","자치단체이전","자치단체자본보조","기획재정부","기후대응기금"," ","환경","기후대기및환경안전","공정한전환","지역공정전환","기후변화적응 및 국민실천","탄소중립 체험관 개선 사업","4800000","4800000","5912989","100.0","123.2"
"2024","자치단체이전","자치단체자본보조","기획재정부","기후대응기금"," ","환경","자연환경","온실가스감축","탄소흡수원조성","도시생태축복원사업","도시생태축복원사업","0","0","7376830","0","0"
"2024","자치단체이전","자치단체자본보조","기획재정부","기후대응기금"," ","환경","자연환경","온실가스감축","탄소흡수원조성","도시생태축복원사업","도시생태축 복원사업","14667000","14067000","13744752","95.9","97.7"
"2024","자치단체이전","자치단체자본보조","기획재정부","기후대응기금"," ","환경","자연환경","온실가스감축","탄소흡수원조성","습지보전관리","습지보호지역 보전이용시설 설치 및 훼손지 복원","7010000","6910000","5515187","98.6","79.8"
"2024","자치단체이전","자치단체자본보조","기획재정부","기후대응기금"," ","농림수산","임업·산촌","온실가스감축","탄소흡수원조성","산림탄소흡수원복원","섬숲 경관복원","5670000","5070000","4381546","89.4","86.4"
"2024","자치단체이전","자치단체자본보조","기획재정부","기후대응기금"," ","농림수산","임업·산촌","온실가스감축","탄소흡수원조성","산림탄소흡수원복원","산림복원지 유지관리","572000","572000","469224","100.0","82.0"
"2024","자치단체이전","자치단체자본보조","기획재정부","기후대응기금"," ","농림수산","임업·산촌","온실가스감축","탄소흡수원조성","탄소중립도시숲조성","기후대응 도시숲 조성","87000000","74725000","65204755","85.9","87.3"
"2024","자치단체이전","자치단체자본보조","기획재정부","기후대응기금"," ","농림수산","임업·산촌","온실가스감축","탄소흡수원조성","탄소중립도시숲조성","도시바람길숲 조성_이월","0","0","1576656","0","0"
"2024","자치단체이전","자치단체자본보조","기획재정부","기후대응기금"," ","농림수산","임업·산촌","온실가스감축","탄소흡수원조성","탄소중립도시숲조성","자녀안심 그린숲 조성","0","0","0","0","0"
"2024","자치단체이전","자치단체자본보조","기획재정부","기후대응기금"," ","농림수산","임업·산촌","온실가스감축","탄소흡수원조성","탄소중립도시숲조성","미세먼지 저감 등 공익숲가꾸기","27798000","24408977","24637975","87.8","100.9"
"2024","자치단체이전","자치단체자본보조","기획재정부","기후대응기금"," ","농림수산","임업·산촌","온실가스감축","탄소흡수원조성","탄소중립도시숲조성","탄소저감 조림","0","0","12804","0","0"
"2024","자치단체이전","자치단체자본보조","기획재정부","기후대응기금"," ","농림수산","임업·산촌","온실가스감축","탄소흡수원조성","탄소중립도시숲조성","기후대응 도시숲 조성","0","0","5124716","0","0"
"2024","자치단체이전","자치단체자본보조","기획재정부","기후대응기금"," ","농림수산","임업·산촌","온실가스감축","탄소흡수원조성","탄소중립도시숲조성","생활밀착형숲조성(생활권역)","5000000","4604000","3630119","92.1","78.8"
"2024","자치단체이전","자치단체자본보조","기획재정부","기후대응기금"," ","산업·중소기업및에너지","에너지및자원개발","온실가스감축","산업저탄소화","수소연료전지시스템구매지원시범사업","수소연료전지시스템 구매지원 시범사업","0","0","4830000","0","0"
"2024","자치단체이전","자치단체자본보조","기획재정부","기후대응기금"," ","산업·중소기업및에너지","에너지및자원개발","공정한전환","산업·일자리전환","신재생에너지확대기반조성","신재생에너지확대기반조성","0","0","445720","0","0"
"2024","자치단체이전","자치단체자본보조","기획재정부","복권기금"," ","일반·지방행정","지방행정·재정지원","복권기금운영(지자체법정지원)","지방자치단체지원","지방자치단체지원","지방자치단체 지원(자본)","14459000","14459000","13492458","100.0","93.3"
"2024","자치단체이전","자치단체자본보조","기획재정부","복권기금"," ","일반·지방행정","지방행정·재정지원","복권기금운영(지자체법정지원)","제주도개발사업특별회계지원","제주도개발사업특별회계지원","제주도개발사업특별회계지원(자본)","9640000","9640000","9419331","100.0","97.7"
"2024","자치단체이전","자치단체자본보조","기획재정부","복권기금"," ","사회복지","취약계층지원","복권기금운영(취약계층지원)","아동복지시설 기능보강","아동복지시설 기능보강","아동복지시설 기능보강","4770000","4744881","5022911","99.5","105.9"
"2024","자치단체이전","자치단체자본보조","농림축산식품부","고등·평생교육지원특별회계"," ","농림수산","농업·농촌","농업인력육성및창업지원","농업인교육지원","영농아카데미","농업계 학교 실습장(농대)","2100000","2100000","1972530","100.0","93.9"
"2024","자치단체이전","자치단체자본보조","농림축산식품부","고등·평생교육지원특별회계"," ","농림수산","농업·농촌","농업인력육성및창업지원","농업인교육지원","영농아카데미","관학 협력 인큐베이팅 스마트팜 조성(나주)","2520000","0","0","0.0","0"
"2024","자치단체이전","자치단체자본보조","농림축산식품부","농산물가격안정기금"," ","농림수산","농업·농촌","농산물수급안정및유통효율화","농산물유통개선(농안기금)","공영도매시장 시설현대화","공영도매시장현대화비용지원","13307000","13307000","10457405","100.0","78.6"
"2024","자치단체이전","자치단체자본보조","농림축산식품부","농산물가격안정기금"," ","농림수산","농업·농촌","농산물수급안정및유통효율화","농산물유통개선(농안기금)","공영도매시장 시설현대화","공영도매시장 상품화 기능 확대 ","3600000","516600","197878","14.4","38.3"
"2024","자치단체이전","자치단체자본보조","농림축산식품부","농산물가격안정기금"," ","농림수산","농업·농촌","농산물수급안정및유통효율화","농산물유통개선(농안기금)","농산물산지유통활성화","농산물산지유통센터지원(자치단체)","21000000","21000000","19552945","100.0","93.1"
"2024","자치단체이전","자치단체자본보조","농림축산식품부","농산물가격안정기금"," ","농림수산","농업·농촌","농산물수급안정및유통효율화","농산물유통개선(농안기금)","농산물산지유통활성화","인삼특용작물유통시설지원(시설현대화)","120000","120000","30000","100.0","25.0"
"2024","자치단체이전","자치단체자본보조","농림축산식품부","농산물가격안정기금"," ","농림수산","농업·농촌","농산물수급안정및유통효율화","농산물유통개선(농안기금)","농산물산지유통활성화","저온유통체계구축(산지저온시설)(자치단체)","3360000","3360000","2984704","100.0","88.8"
"2024","자치단체이전","자치단체자본보조","농림축산식품부","농산물가격안정기금"," ","농림수산","농업·농촌","농산물수급안정및유통효율화","농산물유통개선(농안기금)","농산물산지유통활성화","저온유통체계구축(저온수송차량)(자치단체)","254000","248057","313000","97.7","126.2"
"2024","자치단체이전","자치단체자본보조","농림축산식품부","농산물가격안정기금"," ","농림수산","농업·농촌","농산물수급안정및유통효율화","농산물유통개선(농안기금)","농산물산지유통활성화","식품소재및반가공산업육성(식품소재및반가공산업육성)","2310000","2310000","1617607","100.0","70.0"
"2024","자치단체이전","자치단체자본보조","농림축산식품부","농산물가격안정기금"," ","농림수산","농업·농촌","농산물수급안정및유통효율화","농산물유통개선(농안기금)","농산물산지유통활성화","저온유통체계구축(채소류 출하조절시설 지원)","5200000","5200000","5169313","100.0","99.4"
"2024","자치단체이전","자치단체자본보조","농림축산식품부","농산물가격안정기금"," ","농림수산","농업·농촌","농산물수급안정및유통효율화","농산물유통개선(농안기금)","화훼산업진흥지역육성(시범)","화훼산업진흥지역육성(시범)","198000","198000","0","100.0","0.0"
"2024","자치단체이전","자치단체자본보조","농림축산식품부","농산물가격안정기금"," ","농림수산","식품업","식품외식산업육성","식품산업육성(농안)","전통발효식품육성","발효식초산업 플랫폼 구축","0","0","0","0","0"
"2024","자치단체이전","자치단체자본보조","농림축산식품부","농어촌구조개선특별회계","구조개선사업계정","농림수산","농업·농촌","농가경영안정","재해대책","재해대책비","농업재해대책비(지자체)","80000000","65643579","45556774","82.1","69.4"
"2024","자치단체이전","자치단체자본보조","농림축산식품부","농어촌구조개선특별회계","구조개선사업계정","농림수산","농업·농촌","농가경영안정","농업기계장비","농기계임대","농기계임대사업소","6750000","6750000","7353440","100.0","108.9"
"2024","자치단체이전","자치단체자본보조","농림축산식품부","농어촌구조개선특별회계","구조개선사업계정","농림수산","농업·농촌","농가경영안정","농업기계장비","농기계임대","주산지일관기계화 농기계 지원","15450000","15450000","15129420","100.0","97.9"
"2024","자치단체이전","자치단체자본보조","농림축산식품부","농어촌구조개선특별회계","구조개선사업계정","농림수산","농업·농촌","농가경영안정","농업기계장비","농기계임대","노후농기계대체","8740000","8740000","8664060","100.0","99.1"
"2024","자치단체이전","자치단체자본보조","농림축산식품부","농어촌구조개선특별회계","구조개선사업계정","농림수산","농업·농촌","농가경영안정","농업기계장비","지능형농기계실증단지구축","지능형농기계실증단지구축","940000","940000","2331000","100.0","248.0"
"2024","자치단체이전","자치단체자본보조","농림축산식품부","농어촌구조개선특별회계","구조개선사업계정","농림수산","농업·농촌","농업인력육성및창업지원","농식품창업지원","농식품벤처창업활성화지원","그린바이오 벤처 캠퍼스(지자체)","14657000","14657000","6922527","100.0","47.2"
"2024","자치단체이전","자치단체자본보조","농림축산식품부","농어촌구조개선특별회계","구조개선사업계정","농림수산","농업·농촌","양곡관리","식량생산유통지원","식량작물공동경영체육성","식량작물공동경영체 시설장비 지원","0","0","0","0","0"
"2024","자치단체이전","자치단체자본보조","농림축산식품부","농어촌구조개선특별회계","구조개선사업계정","농림수산","농업·농촌","양곡관리","식량생산유통지원","식량작물공동경영체육성","식량작물공동경영체 사업다각화 지원","0","0","0","0","0"
"2024","자치단체이전","자치단체자본보조","농림축산식품부","농어촌구조개선특별회계","구조개선사업계정","농림수산","농업·농촌","양곡관리","식량생산유통지원","식량작물공동경영체육성","식량작물공동경영체 사업다각화(경북 안동시)","0","0","1300000","0","0"
"2024","자치단체이전","자치단체자본보조","농림축산식품부","농어촌구조개선특별회계","구조개선사업계정","농림수산","농업·농촌","양곡관리","식량생산유통지원","식량작물공동경영체육성","감자 계약재배 시설장비 지원","0","0","296619","0","0"
"2024","자치단체이전","자치단체자본보조","농림축산식품부","농어촌구조개선특별회계","구조개선사업계정","농림수산","농업·농촌","양곡관리","식량생산유통지원","식량작물공동경영체육성","사업다각화(경북 안동)","0","0","0","0","0"
"2024","자치단체이전","자치단체자본보조","농림축산식품부","농어촌구조개선특별회계","구조개선사업계정","농림수산","농업·농촌","양곡관리","식량생산유통지원","전략작물산업화","논범용화용수공급체계구축","300000","300000","300000","100.0","100.0"
"2024","자치단체이전","자치단체자본보조","농림축산식품부","농어촌구조개선특별회계","구조개선사업계정","농림수산","농업·농촌","양곡관리","식량생산유통지원","전략작물산업화","시설장비(두류)","8000000","8000000","7486176","100.0","93.6"
"2024","자치단체이전","자치단체자본보조","농림축산식품부","농어촌구조개선특별회계","구조개선사업계정","농림수산","농업·농촌","양곡관리","식량생산유통지원","전략작물산업화","사업다각화지원(두류)","5674000","5674000","7169882","100.0","126.4"
"2024","자치단체이전","자치단체자본보조","농림축산식품부","농어촌구조개선특별회계","구조개선사업계정","농림수산","농업·농촌","양곡관리","식량생산유통지원","전략작물산업화","시설장비지원(밀)","1500000","1500000","1502078","100.0","100.1"
"2024","자치단체이전","자치단체자본보조","농림축산식품부","농어촌구조개선특별회계","구조개선사업계정","농림수산","농업·농촌","양곡관리","식량생산유통지원","전략작물산업화","사업다각화지원(밀건조저장시설)","1460000","1460000","2192844","100.0","150.2"
"2024","자치단체이전","자치단체자본보조","농림축산식품부","농어촌구조개선특별회계","구조개선사업계정","농림수산","농업·농촌","양곡관리","식량생산유통지원","전략작물산업화","시설장비(가루쌀)","7700000","7700000","7027684","100.0","91.3"
"2024","자치단체이전","자치단체자본보조","농림축산식품부","농어촌구조개선특별회계","구조개선사업계정","농림수산","농업·농촌","양곡관리","식량생산유통지원","전략작물산업화","시설장비(감자계약재배)","300000","300000","300000","100.0","100.0"
"2024","자치단체이전","자치단체자본보조","농림축산식품부","농어촌구조개선특별회계","구조개선사업계정","농림수산","농업·농촌","양곡관리","식량생산유통지원","고품질쌀유통활성화","가공시설 현대화","6202000","6202000","6202000","100.0","100.0"
"2024","자치단체이전","자치단체자본보조","농림축산식품부","농어촌구조개선특별회계","구조개선사업계정","농림수산","농업·농촌","양곡관리","식량생산유통지원","고품질쌀유통활성화","벼 건조저장시설 지원","11998000","11998000","11700053","100.0","97.5"
"2024","자치단체이전","자치단체자본보조","농림축산식품부","농어촌구조개선특별회계","구조개선사업계정","농림수산","농업·농촌","농업신산업육성","스마트농업육성","스마트원예단지기반조성","스마트원예단지기반조성(시설원예기반조성)","5935000","5935000","5018000","100.0","84.5"
"2024","자치단체이전","자치단체자본보조","농림축산식품부","농어촌구조개선특별회계","구조개선사업계정","농림수산","농업·농촌","농업신산업육성","스마트농업육성","노지스마트농업 시범사업","스마트영농 확산기반 구축","16060000","16060000","14282966","100.0","88.9"
"2024","자치단체이전","자치단체자본보조","농림축산식품부","농어촌구조개선특별회계","구조개선사업계정","농림수산","농업·농촌","농업신산업육성","스마트농업육성","임대형 스마트팜","지역특화 임대형 스마트팜","28000000","28000000","25182042","100.0","89.9"
"2024","자치단체이전","자치단체자본보조","농림축산식품부","농어촌구조개선특별회계","구조개선사업계정","농림수산","농업·농촌","농업신산업육성","스마트농업육성","임대형 스마트팜","혁신밸리 기존농업인용 임대형 스마트팜","3000000","3000000","704000","100.0","23.5"
"2024","자치단체이전","자치단체자본보조","농림축산식품부","농어촌구조개선특별회계","구조개선사업계정","농림수산","농업·농촌","농업신산업육성","농업온실가스감축및기후변화대응","저탄소농림축산식품기반구축","저탄소 벼 논물관리기술보급 시범사업","560000","560000","447191","100.0","79.9"
"2024","자치단체이전","자치단체자본보조","농림축산식품부","농어촌구조개선특별회계","구조개선사업계정","농림수산","농업·농촌","농업신산업육성","농업온실가스감축및기후변화대응","농촌재생에너지보급지원","영농형태양광 재배모델 실증지원","0","0","0","0","0"
"2024","자치단체이전","자치단체자본보조","농림축산식품부","농어촌구조개선특별회계","구조개선사업계정","농림수산","농업·농촌","농업신산업육성","농업온실가스감축및기후변화대응","농촌재생에너지보급지원","농업농촌 RE100 실증지원(지자체, 1년차)","694000","520500","0","75.0","0.0"
"2024","자치단체이전","자치단체자본보조","농림축산식품부","농어촌구조개선특별회계","구조개선사업계정","농림수산","농업·농촌","농업신산업육성","농업온실가스감축및기후변화대응","농촌재생에너지보급지원","농업농촌 RE100 실증지원(지자체, 2년차)","1872000","1404000","2047807","75.0","145.9"
"2024","자치단체이전","자치단체자본보조","농림축산식품부","농어촌구조개선특별회계","구조개선사업계정","농림수산","농업·농촌","농업신산업육성","농생명자원사업육성","산업식품용햄프산업클러스터조성(경북 안동)","산업식품용햄프산업클러스터조성(경북 안동)","1250000","1250000","99046","100.0","7.9"
"2024","자치단체이전","자치단체자본보조","농림축산식품부","농어촌구조개선특별회계","구조개선사업계정","농림수산","농업·농촌","농업신산업육성","친환경농자재","곤충미생물산업육성지원","곤충산업화지원","600000","520000","479755","86.7","92.3"
"2024","자치단체이전","자치단체자본보조","농림축산식품부","농어촌구조개선특별회계","구조개선사업계정","농림수산","농업·농촌","농업신산업육성","친환경농자재","곤충미생물산업육성지원","곤충양잠산업 거점단지 조성","5750000","5750000","9500000","100.0","165.2"
"2024","자치단체이전","자치단체자본보조","농림축산식품부","농어촌구조개선특별회계","구조개선사업계정","농림수산","농업·농촌","농업신산업육성","친환경농자재","곤충미생물산업육성지원","GMP기반 농축산용미생물산업화지원시설 구축","2250000","2250000","2249902","100.0","100.0"
"2024","자치단체이전","자치단체자본보조","농림축산식품부","농어촌구조개선특별회계","구조개선사업계정","농림수산","농업·농촌","농업신산업육성","친환경농자재","곤충미생물산업육성지원","천연소재 전주기 표준화 지원 허브 구축","4400000","4400000","4400000","100.0","100.0"
"2024","자치단체이전","자치단체자본보조","농림축산식품부","농어촌구조개선특별회계","구조개선사업계정","농림수산","농업·농촌","농업신산업육성","친환경농자재","곤충미생물산업육성지원","전북 정읍 농축산용미생물산업 공유인프라 구축","4800000","4800000","4800000","100.0","100.0"
"2024","자치단체이전","자치단체자본보조","농림축산식품부","농어촌구조개선특별회계","구조개선사업계정","농림수산","농업·농촌","농업신산업육성","친환경농자재","곤충미생물산업육성지원","경북 포항 인수공통감염병 및 반려동물 의약품 거점 조성","3600000","3600000","3600000","100.0","100.0"
"2024","자치단체이전","자치단체자본보조","농림축산식품부","농어촌구조개선특별회계","구조개선사업계정","농림수산","농업·농촌","농업신산업육성","친환경농업인프라구축","유기농산업복합서비스지원단지조성","유기농산업복합서비스지원단지조성(이월)","0","0","4797971","0","0"
"2024","자치단체이전","자치단체자본보조","농림축산식품부","농어촌구조개선특별회계","구조개선사업계정","농림수산","농업·농촌","농산물수급안정및유통효율화","농산물유통개선(농특)","밭작물산업육성","밭작물공동경영체 육성지원(자치단체)","9500000","9500000","9569859","100.0","100.7"
"2024","자치단체이전","자치단체자본보조","농림축산식품부","농어촌구조개선특별회계","구조개선사업계정","농림수산","농업·농촌","농산물수급안정및유통효율화","농산물소비활성화및식생활개선(농특)","농식품소비기반조성","직매장 지원","1190000","1180000","299714","99.2","25.4"
"2024","자치단체이전","자치단체자본보조","농림축산식품부","농어촌구조개선특별회계","구조개선사업계정","농림수산","농업·농촌","농산물수급안정및유통효율화","농산물소비활성화및식생활개선(농특)","농식품소비기반조성","지역단위 푸드플랜 구축지원(지자체보조)","2400000","2400000","152876","100.0","6.4"
"2024","자치단체이전","자치단체자본보조","농림축산식품부","농어촌구조개선특별회계","구조개선사업계정","농림수산","농업·농촌","농산물수급안정및유통효율화","농식품품질관리(농특)","국가인증 농식품지원","GAP위생시설 보완 지원","1170000","1170000","957177","100.0","81.8"
"2024","자치단체이전","자치단체자본보조","농림축산식품부","농어촌구조개선특별회계","구조개선사업계정","농림수산","농업·농촌","축산업진흥","동물보호및복지","동물복지안전관리강화","유기동물입양센터 설치 지원","210000","210000","224056","100.0","106.7"
"2024","자치단체이전","자치단체자본보조","농림축산식품부","농어촌구조개선특별회계","구조개선사업계정","농림수산","농업·농촌","축산업진흥","동물보호및복지","동물복지안전관리강화","동물보호시설 환경개선","1080000","576000","161721","53.3","28.1"
"2024","자치단체이전","자치단체자본보조","농림축산식품부","농어촌구조개선특별회계","구조개선사업계정","농림수산","농업·농촌","축산업진흥","동물보호및복지","동물복지안전관리강화","유실유기동물 관리강화","0","0","0","0","0"
"2024","자치단체이전","자치단체자본보조","농림축산식품부","농어촌구조개선특별회계","구조개선사업계정","농림수산","농업·농촌","축산업진흥","동물보호및복지","반려동물연관산업해외수출산업화","One-welfare Valley 조성","250000","250000","250000","100.0","100.0"
"2024","자치단체이전","자치단체자본보조","농림축산식품부","농어촌구조개선특별회계","구조개선사업계정","농림수산","농업·농촌","가축방역및축산물안전관리","가축방역(농특)","가축방역대응지원","방역장비 등 지원(자본)","8324000","8324000","9371244","100.0","112.6"
"2024","자치단체이전","자치단체자본보조","농림축산식품부","농어촌구조개선특별회계","구조개선사업계정","농림수산","농업·농촌","가축방역및축산물안전관리","가축방역(농특)","가축사체처리지원","살처분가축처리 시설·장비 지원(자본보조)","1448000","1268000","839403","87.6","66.2"
"2024","자치단체이전","자치단체자본보조","농림축산식품부","농어촌구조개선특별회계","구조개선사업계정","농림수산","농업·농촌","가축방역및축산물안전관리","가축방역(농특)","동물용의약품산업종합지원","동물용의약품시제품생산시설구축","4350000","4350000","149980","100.0","3.4"
"2024","자치단체이전","자치단체자본보조","농림축산식품부","농어촌구조개선특별회계","구조개선사업계정","농림수산","농업·농촌","가축방역및축산물안전관리","가축방역(농특)","동물용의약품산업종합지원","동물용의료기기 산업화 지원센터 구축사업","175000","0","0","0.0","0"
"2024","자치단체이전","자치단체자본보조","농림축산식품부","농어촌구조개선특별회계","구조개선사업계정","농림수산","농업·농촌","농업생산기반정비","재해예방(농특)","배수개선","배수개선(지자체)","513284000","407575000","398921261","79.4","97.9"
"2024","자치단체이전","자치단체자본보조","농림축산식품부","농어촌구조개선특별회계","구조개선사업계정","농림수산","농업·농촌","농업생산기반정비","재해예방(농특)","가뭄대비용수개발","가뭄대비용수개발","11800000","11800000","6945569","100.0","58.9"
"2024","자치단체이전","자치단체자본보조","농림축산식품부","농어촌구조개선특별회계","구조개선사업계정","농림수산","농업·농촌","농업생산기반정비","재해예방(농특)","국가지방관리방조제개보수","국가지방관리방조제개보수","43400000","43400000","39738409","100.0","91.6"
"2024","자치단체이전","자치단체자본보조","농림축산식품부","농어촌구조개선특별회계","구조개선사업계정","농림수산","농업·농촌","농업생산기반정비","농업시설개선(농특)","농촌용수관리","농업용수 수질개선(자치단체자본보조)","2158000","1078000","1078000","50.0","100.0"
"2024","자치단체이전","자치단체자본보조","농림축산식품부","농어촌구조개선특별회계","구조개선사업계정","농림수산","농업·농촌","농업생산기반정비","다목적 용수개발","농촌용수개발","제주농업용수통합광역화","8000000","8000000","8000000","100.0","100.0"
"2024","자치단체이전","자치단체자본보조","농림축산식품부","농어촌구조개선특별회계","구조개선사업계정","농림수산","식품업","식품외식산업육성","식품산업육성","전통발효식품육성","김치원료공급단지 구축","7360000","7360000","3855428","100.0","52.4"
"2024","자치단체이전","자치단체자본보조","농림축산식품부","농어촌구조개선특별회계","구조개선사업계정","농림수산","식품업","식품외식산업육성","식품산업육성","전통발효식품육성","발효식초산업 플랫폼 구축(농특)","0","0","0","0","0"
"2024","자치단체이전","자치단체자본보조","농림축산식품부","농어촌구조개선특별회계","구조개선사업계정","농림수산","식품업","식품외식산업육성","식품산업육성","전통발효식품육성","절임 염수 재활용 설비 보급 ","1500000","908250","369750","60.6","40.7"
"2024","자치단체이전","자치단체자본보조","농림축산식품부","농어촌구조개선특별회계","구조개선사업계정","농림수산","식품업","식품외식산업육성","식품산업육성","식품산업인프라강화","기능성 HMR 실증·실용화 지원센터 구축","1745000","1745000","1349767","100.0","77.4"
"2024","자치단체이전","자치단체자본보조","농림축산식품부","농어촌구조개선특별회계","구조개선사업계정","농림수산","식품업","식품외식산업육성","식품산업육성","식품산업인프라강화","유기농산업복합서비스지원단지조성","7300000","5550000","1157105","76.0","20.8"
"2024","자치단체이전","자치단체자본보조","농림축산식품부","농어촌구조개선특별회계","구조개선사업계정","농림수산","식품업","식품외식산업육성","식품산업육성","푸드테크연구지원센터구축","푸드테크연구지원센터구축","375000","375000","262944","100.0","70.1"
"2024","자치단체이전","자치단체자본보조","농림축산식품부","농어촌구조개선특별회계","구조개선사업계정","농림수산","식품업","식품외식산업육성","식품산업육성","그린바이오소재첨단분석시스템구축","그린바이오 소재 첨단분석 시스템 구축","4950000","4950000","4949988","100.0","100.0"
"2024","자치단체이전","자치단체자본보조","농림축산식품부","농어촌구조개선특별회계","구조개선사업계정","농림수산","식품업","식품외식산업육성","식품산업육성","그린바이오소재첨단분석시스템구축","그린바이오 소재 산업화시설 구축","150000","150000","9471","100.0","6.3"
"2024","자치단체이전","자치단체자본보조","농림축산식품부","농어촌구조개선특별회계","농어촌특별세사업계정","농림수산","농업·농촌","농업인력육성및창업지원","농업인교육지원","농업·농촌교육훈련지원","농업계학교 실습장(농고)","3500000","3500000","2360845","100.0","67.5"
"2024","자치단체이전","자치단체자본보조","농림축산식품부","농어촌구조개선특별회계","농어촌특별세사업계정","농림수산","농업·농촌","농업인력육성및창업지원","농업인교육지원","농업·농촌교육훈련지원","경영실습임대농장","0","0","0","0","0"
"2024","자치단체이전","자치단체자본보조","농림축산식품부","농어촌구조개선특별회계","농어촌특별세사업계정","농림수산","농업·농촌","농업인력육성및창업지원","농촌고용인력지원","농촌고용인력지원","농업 근로자 기숙사 건립지원","840000","840000","3008708","100.0","358.2"
"2024","자치단체이전","자치단체자본보조","농림축산식품부","농어촌구조개선특별회계","농어촌특별세사업계정","농림수산","농업·농촌","농촌복지및지역활성화","농촌일자리및경제활성화","농촌경제활성화지원","농공단지형 에너지관리시스템 기술 도입 모델","3600000","3434200","3846000","95.4","112.0"
"2024","자치단체이전","자치단체자본보조","농림축산식품부","농어촌구조개선특별회계","농어촌특별세사업계정","농림수산","농업·농촌","농촌복지및지역활성화","농촌일자리및경제활성화","농공단지형 스마트그린 기술 도입 모델","농공단지형 스마트그린 기술 도입 모델","0","0","978765","0","0"
"2024","자치단체이전","자치단체자본보조","농림축산식품부","농어촌구조개선특별회계","농어촌특별세사업계정","농림수산","농업·농촌","농촌복지및지역활성화","농촌일자리및경제활성화","농공단지형 스마트그린 기술 도입 모델","농공단지형 에너지관리시스템 기술 도입 모델_이월","0","0","0","0","0"
"2024","자치단체이전","자치단체자본보조","농림축산식품부","농어촌구조개선특별회계","농어촌특별세사업계정","농림수산","농업·농촌","농촌복지및지역활성화","농촌복지증진","농업농촌사회적가치확산지원","직매장지원","0","0","1609068","0","0"
"2024","자치단체이전","자치단체자본보조","농림축산식품부","농어촌구조개선특별회계","농어촌특별세사업계정","농림수산","농업·농촌","농촌복지및지역활성화","농촌복지증진","농업농촌사회적가치확산지원","먹거리통합지원센터 건립 지원","0","0","267651","0","0"
"2024","자치단체이전","자치단체자본보조","농림축산식품부","농어촌구조개선특별회계","농어촌특별세사업계정","농림수산","농업·농촌","농촌복지및지역활성화","농촌공간및정주여건개선","농촌공간계획및재생지원","농촌공간정비","68000000","68000000","68009650","100.0","100.0"
"2024","자치단체이전","자치단체자본보조","농림축산식품부","농어촌구조개선특별회계","농어촌특별세사업계정","농림수산","농업·농촌","농촌복지및지역활성화","농촌공간및정주여건개선","청년농촌보금자리조성","청년농촌보금자리조성","15200000","15200000","9109919","100.0","59.9"
"2024","자치단체이전","자치단체자본보조","농림축산식품부","에너지및자원사업특별회계","투자계정","농림수산","농업·농촌","농업신산업육성","농업신재생에너지보급(투자계정)","농업에너지이용효율화","(농업분야)신재생에너지시설 지원","17363000","16873416","17229040","97.2","102.1"
"2024","자치단체이전","자치단체자본보조","농림축산식품부","자유무역협정이행지원기금"," ","농림수산","농업·농촌","농업신산업육성","농기자재산업육성(FTA기금)","종자산업기반구축","우수종묘증식보급기반구축","4500000","4500000","4625508","100.0","102.8"
"2024","자치단체이전","자치단체자본보조","농림축산식품부","자유무역협정이행지원기금"," ","농림수산","농업·농촌","농업신산업육성","농기자재산업육성(FTA기금)","종자산업기반구축","종자기업 공동활용 종자가공처리센터 구축","2000000","2000000","2000000","100.0","100.0"
"2024","자치단체이전","자치단체자본보조","농림축산식품부","자유무역협정이행지원기금"," ","농림수산","농업·농촌","농산물수급안정및유통효율화","원예산업경쟁력강화(FTA기금)","과수 생산유통지원","과실전문생산단지 기반조성비 지원","22613000","22601664","21152717","99.9","93.6"
"2024","자치단체이전","자치단체자본보조","농림축산식품부","자유무역협정이행지원기금"," ","농림수산","농업·농촌","농산물수급안정및유통효율화","원예산업경쟁력강화(FTA기금)","과수 생산유통지원","과수ICT분야 시설보조","280000","277743","246657","99.2","88.8"
"2024","자치단체이전","자치단체자본보조","농림축산식품부","자유무역협정이행지원기금"," ","농림수산","농업·농촌","농산물수급안정및유통효율화","원예산업경쟁력강화(FTA기금)","과수 생산유통지원","꽃가루생산단지조성","0","0","72500","0","0"
"2024","자치단체이전","자치단체자본보조","농림축산식품부","자유무역협정이행지원기금"," ","농림수산","농업·농촌","농산물수급안정및유통효율화","원예산업경쟁력강화(FTA기금)","과수 생산유통지원","과수생산시설현대화 지원","27125000","27108379","22802992","99.9","84.1"
"2024","자치단체이전","자치단체자본보조","농림축산식품부","자유무역협정이행지원기금"," ","농림수산","농업·농촌","농산물수급안정및유통효율화","원예산업경쟁력강화(FTA기금)","과수 생산유통지원","과수거점산지유통센터 건립 지원","3606000","3606000","1892785","100.0","52.5"
"2024","자치단체이전","자치단체자본보조","농림축산식품부","자유무역협정이행지원기금"," ","농림수산","농업·농촌","농산물수급안정및유통효율화","원예산업경쟁력강화(FTA기금)","과수 생산유통지원","유통시설현대화","510000","510000","510000","100.0","100.0"
"2024","자치단체이전","자치단체자본보조","농림축산식품부","자유무역협정이행지원기금"," ","농림수산","농업·농촌","농산물수급안정및유통효율화","원예산업경쟁력강화(FTA기금)","원예시설현대화","고추비가림재배시설 지원","2079000","2073000","1767786","99.7","85.3"
"2024","자치단체이전","자치단체자본보조","농림축산식품부","자유무역협정이행지원기금"," ","농림수산","농업·농촌","농산물수급안정및유통효율화","원예산업경쟁력강화(FTA기금)","원예시설현대화","특용작물시설현대화","6010000","6010000","3930296","100.0","65.4"
"2024","자치단체이전","자치단체자본보조","농림축산식품부","자유무역협정이행지원기금"," ","농림수산","농업·농촌","농산물수급안정및유통효율화","원예산업경쟁력강화(FTA기금)","원예시설현대화","특용작물시설현대화(인삼)","1260000","1220839","1006279","96.9","82.4"
"2024","자치단체이전","자치단체자본보조","농림축산식품부","자유무역협정이행지원기금"," ","농림수산","농업·농촌","농산물수급안정및유통효율화","원예산업경쟁력강화(FTA기금)","스마트팜 ICT융복합확산","스마트팜 ICT융복합확산(온실신축 및 시설보급)","19104000","18628875","15491040","97.5","83.2"
"2024","자치단체이전","자치단체자본보조","농림축산식품부","자유무역협정이행지원기금"," ","농림수산","농업·농촌","축산업진흥","축사시설현대화(FTA)","축사시설현대화","축산분야 ICT 융복합지원(자치단체)","20330100","20330017","20934546","100.0","103.0"
"2024","자치단체이전","자치단체자본보조","농림축산식품부","자유무역협정이행지원기금"," ","농림수산","농업·농촌","축산업진흥","축사시설현대화(FTA)","축사시설현대화","방역 위생 인프라","9871900","9871062","8291824","100.0","84.0"
"2024","자치단체이전","자치단체자본보조","농림축산식품부","자유무역협정이행지원기금"," ","농림수산","농업·농촌","축산업진흥","축사시설현대화(FTA)","축사시설현대화","스마트축산 ICT 시범단지 조성","980000","980000","525000","100.0","53.6"
"2024","자치단체이전","자치단체자본보조","농림축산식품부","자유무역협정이행지원기금"," ","농림수산","농업·농촌","축산업진흥","축사시설현대화(FTA)","축사시설현대화","CCTV 등 방역인프라(양봉)","100000","100000","86305","100.0","86.3"
"2024","자치단체이전","자치단체자본보조","농림축산식품부","지역균형발전특별회계","세종특별자치시계정","농림수산","농업·농촌","농업신산업육성","친환경농업인프라구축(세종)","친환경농업기반구축(세종)","친환경농업기반구축","153000","153000","144620","100.0","94.5"
"2024","자치단체이전","자치단체자본보조","농림축산식품부","지역균형발전특별회계","세종특별자치시계정","농림수산","농업·농촌","농촌복지및지역활성화","농촌지역개발(세종)","농촌유휴시설활용지역활성화(세종)","농촌유휴시설활용지역활성화(세종)","90000","90000","0","100.0","0.0"
"2024","자치단체이전","자치단체자본보조","농림축산식품부","지역균형발전특별회계","세종특별자치시계정","농림수산","농업·농촌","농촌복지및지역활성화","일반농산어촌개발(세종)","일반농산어촌개발(세종)","일반농산어촌개발(세종)","3082000","3082000","3601639","100.0","116.9"
"2024","자치단체이전","자치단체자본보조","농림축산식품부","지역균형발전특별회계","세종특별자치시계정","농림수산","농업·농촌","농촌복지및지역활성화","일반농산어촌개발(세종)","취약지역생활여건개조사업(세종)","취약지역생활여건개조사업(세종)","879000","879000","809105","100.0","92.0"
"2024","자치단체이전","자치단체자본보조","농림축산식품부","지역균형발전특별회계","제주특별자치도계정","농림수산","농업·농촌","축산업진흥","반려동물인프라구축","반려동물인프라구축(제주)","반려동물인프라구축 지원","400000","400000","790921","100.0","197.7"
"2024","자치단체이전","자치단체자본보조","농림축산식품부","지역균형발전특별회계","제주특별자치도계정","농림수산","농업·농촌","농촌복지및지역활성화","농촌자원복합산업화지원(제주)","토양개량제사업(제주)","토양개량제(제주)","1821000","1821000","1785000","100.0","98.0"
"2024","자치단체이전","자치단체자본보조","농림축산식품부","지역균형발전특별회계","제주특별자치도계정","농림수산","농업·농촌","농촌복지및지역활성화","농촌지역개발(제주)","농촌유휴시설활용지역활성화(제주)","농촌유휴시설활용지역활성화(제주)","45000","45000","16375","100.0","36.4"
"2024","자치단체이전","자치단체자본보조","농림축산식품부","지역균형발전특별회계","제주특별자치도계정","농림수산","농업·농촌","농촌복지및지역활성화","일반농산어촌개발(제주)","일반농산어촌개발(제주)","일반농산어촌개발(제주-농촌)","3946000","3946000","3799367","100.0","96.3"
"2024","자치단체이전","자치단체자본보조","농림축산식품부","지역균형발전특별회계","제주특별자치도계정","농림수산","농업·농촌","농촌복지및지역활성화","일반농산어촌개발(제주)","일반농산어촌개발(제주)","일반농산어촌개발(제주-어촌)","6060000","6060000","2091988","100.0","34.5"
"2024","자치단체이전","자치단체자본보조","농림축산식품부","지역균형발전특별회계","지역자율계정","농림수산","농업·농촌","농업신산업육성","친환경농업인프라구축(지특)","친환경농업기반구축(자율)","친환경농업기반구축","4237000","4237000","4524282","100.0","106.8"
"2024","자치단체이전","자치단체자본보조","농림축산식품부","지역균형발전특별회계","지역자율계정","농림수산","농업·농촌","축산업진흥","반려동물인프라구축","반려동물인프라구축(자율)","동물보호센터 설치 지원","0","0","1797507","0","0"
"2024","자치단체이전","자치단체자본보조","농림축산식품부","지역균형발전특별회계","지역자율계정","농림수산","농업·농촌","축산업진흥","반려동물인프라구축","반려동물인프라구축(자율)","반려동물인프라구축 지원","5623000","5323000","2016113","94.7","37.9"
"2024","자치단체이전","자치단체자본보조","농림축산식품부","지역균형발전특별회계","지역자율계정","농림수산","농업·농촌","농촌복지및지역활성화","농촌지역개발(자율)","농촌유휴시설활용지역활성화","농촌유휴시설활용지역활성화","2770000","2770000","1921898","100.0","69.4"
"2024","자치단체이전","자치단체자본보조","농림축산식품부","지역균형발전특별회계","지역자율계정","농림수산","농업·농촌","농촌복지및지역활성화","일반농산어촌개발","일반농산어촌개발","일반농산어촌개발(농촌)","626099000","483195673","396890233","77.2","82.1"
"2024","자치단체이전","자치단체자본보조","농림축산식품부","지역균형발전특별회계","지역자율계정","농림수산","농업·농촌","농촌복지및지역활성화","일반농산어촌개발","일반농산어촌개발","일반농산어촌개발(어촌)","40744000","34164300","24869450","83.9","72.8"
"2024","자치단체이전","자치단체자본보조","농림축산식품부","지역균형발전특별회계","지역자율계정","농림수산","농업·농촌","농촌복지및지역활성화","일반농산어촌개발","취약지역생활여건개조사업","농어촌 취약지역개조","104121000","84300000","80140863","81.0","95.1"
"2024","자치단체이전","자치단체자본보조","농림축산식품부","축산발전기금"," ","농림수산","농업·농촌","축산업진흥","축산물수급관리","축산물수급관리","계란유통센터시설현대화","2310000","2310000","263100","100.0","11.4"
"2024","자치단체이전","자치단체자본보조","농림축산식품부","축산발전기금"," ","농림수산","농업·농촌","축산업진흥","축산기술보급","가축개량지원","한우젖소개량 자본지원(자치단체)","751000","751000","761868","100.0","101.4"
"2024","자치단체이전","자치단체자본보조","농림축산식품부","축산발전기금"," ","농림수산","농업·농촌","축산업진흥","축산기술보급","가축개량지원","기타가축개량지원(흑염소개량지원)","0","0","0","0","0"
"2024","자치단체이전","자치단체자본보조","농림축산식품부","축산발전기금"," ","농림수산","농업·농촌","축산업진흥","축산업경쟁력제고(축발)","말산업육성지원","말산업 기반조성(말산업 특구지원)","1200000","1165000","965171","97.1","82.8"
"2024","자치단체이전","자치단체자본보조","농림축산식품부","축산발전기금"," ","농림수산","농업·농촌","축산업진흥","축산업경쟁력제고(축발)","말산업육성지원","말산업 기반조성(농어촌형 승마시설 등 설치지원)","1945000","1835748","747780","94.4","40.7"
"2024","자치단체이전","자치단체자본보조","농림축산식품부","축산발전기금"," ","농림수산","농업·농촌","축산업진흥","축산업경쟁력제고(축발)","말산업육성지원","말산업 역량강화 지원(전문인력 양성기관 경쟁력 강화_지자체 자본)","400000","400000","367691","100.0","91.9"
"2024","자치단체이전","자치단체자본보조","농림축산식품부","축산발전기금"," ","농림수산","농업·농촌","축산업진흥","축산업경쟁력제고(축발)","소규모도계장설치지원","소규모 도계장 설치 지원","0","0","0","0","0"
"2024","자치단체이전","자치단체자본보조","농림축산식품부","축산발전기금"," ","농림수산","농업·농촌","축산업진흥","친환경축산(축발)","조사료생산기반확충","시설 및 기계장비구입 지원_이월","0","0","434000","0","0"
"2024","자치단체이전","자치단체자본보조","농림축산식품부","축산발전기금"," ","농림수산","농업·농촌","축산업진흥","친환경축산(축발)","조사료생산기반확충","시설 및 기계장비구입 지원","6050000","6049900","5239993","100.0","86.6"
"2024","자치단체이전","자치단체자본보조","농림축산식품부","축산발전기금"," ","농림수산","농업·농촌","축산업진흥","친환경축산(축발)","가축분뇨처리지원","축산악취개선","7560000","7560000","10698695","100.0","141.5"
"2024","자치단체이전","자치단체자본보조","농림축산식품부","축산발전기금"," ","농림수산","농업·농촌","축산업진흥","친환경축산(축발)","가축분뇨처리지원","공동자원화 개보수","3062500","3062500","7081726","100.0","231.2"
"2024","자치단체이전","자치단체자본보조","농림축산식품부","축산발전기금"," ","농림수산","농업·농촌","축산업진흥","친환경축산(축발)","가축분뇨처리지원","공동자원화 에너지화","14257500","12935000","14057800","90.7","108.7"
"2024","자치단체이전","자치단체자본보조","농림축산식품부","축산발전기금"," ","농림수산","농업·농촌","축산업진흥","친환경축산(축발)","가축분뇨처리지원","악취측정ICT기계장비","500000","500000","422772","100.0","84.6"
"2024","자치단체이전","자치단체자본보조","농림축산식품부","축산발전기금"," ","농림수산","농업·농촌","축산업진흥","친환경축산(축발)","가축분뇨처리지원","공동자원화 마을형퇴비저장시설","0","0","0","0","0"
"2024","자치단체이전","자치단체자본보조","농림축산식품부","축산발전기금"," ","농림수산","농업·농촌","축산업진흥","친환경축산(축발)","가축분뇨처리지원","공동자원화 바이오연계","0","0","0","0","0"
"2024","자치단체이전","자치단체자본보조","농림축산식품부","축산발전기금"," ","농림수산","농업·농촌","축산업진흥","친환경축산(축발)","가축분뇨처리지원","친환경퇴비생산시설현대화","100000","100000","99000","100.0","99.0"
"2024","자치단체이전","자치단체자본보조","농림축산식품부","축산발전기금"," ","농림수산","농업·농촌","축산업진흥","축산물품질관리(축발)","축산물품질관리","안동 축산물 공판장 모돈 도축시설 구축지원","3000000","3000000","2002463","100.0","66.7"
"2024","자치단체이전","자치단체자본보조","농림축산식품부","축산발전기금"," ","농림수산","농업·농촌","가축방역및축산물안전관리","축산물위생안전성(축발)","축산물위생안전검사운영","축산물위생검사기관 검사장비구입 지원","1550000","1550000","1567403","100.0","101.1"
"2024","자치단체이전","자치단체자본보조","농림축산식품부","축산발전기금"," ","농림수산","농업·농촌","가축방역및축산물안전관리","축산물위생안전성(축발)","축산물HACCP지원","스마트HACCP지원(현장구축 커스터마이징)","75000","37500","0","50.0","0.0"
"2024","자치단체이전","자치단체자본보조","농촌진흥청","농어촌구조개선특별회계","구조개선사업계정","농림수산","농업·농촌","지역농업특성화","농촌생활활력증진(농특,구조)","농작업재해예방(보조)","작목별 맞춤형 안전관리 실천","1900000","1900000","1876433","100.0","98.8"
"2024","자치단체이전","자치단체자본보조","농촌진흥청","농어촌구조개선특별회계","구조개선사업계정","농림수산","농업·농촌","전문인력양성","영농기계화촉진(농특,구조)","농업기계안전교육사업(보조)","교육용농업기계지원(지방)","1180000","1180000","1143686","100.0","96.9"
"2024","자치단체이전","자치단체자본보조","농촌진흥청","일반회계"," ","농림수산","농업·농촌","농업신기술 보급","신기술보급사업(일반)","신기술보급사업(보조)","농업신기술시범","45494000","45494000","45572001","100.0","100.2"
"2024","자치단체이전","자치단체자본보조","농촌진흥청","일반회계"," ","농림수산","농업·농촌","농업신기술 보급","신기술보급사업(일반)","신기술보급사업(보조)","기술보급체계다변화모델구축(기술보급블렌딩협력모델)","2500000","2500000","2336388","100.0","93.5"
"2024","자치단체이전","자치단체자본보조","농촌진흥청","일반회계"," ","농림수산","농업·농촌","농업신기술 보급","신기술보급사업(일반)","신기술보급사업(보조)","식량자급률향상모델기반조성(밀산업 밸리화 시범단지 조성)","3000000","2250000","2235767","75.0","99.4"
"2024","자치단체이전","자치단체자본보조","농촌진흥청","일반회계"," ","농림수산","농업·농촌","농업신기술 보급","신기술보급사업(일반)","신기술보급사업(보조)","식량자급률향상모델기반조성(콩 자립형 융복합단지조성)","2000000","2000000","1998597","100.0","99.9"
"2024","자치단체이전","자치단체자본보조","농촌진흥청","일반회계"," ","농림수산","농업·농촌","농업신기술 보급","신기술보급사업(일반)","신기술보급사업(보조)","식량자급률향상모델기반조성(쌀가루 지역 자립형 생산소비 모델)_자본","3600000","3600000","4092706","100.0","113.7"
"2024","자치단체이전","자치단체자본보조","농촌진흥청","일반회계"," ","농림수산","농업·농촌","농업신기술 보급","신기술보급사업(일반)","신기술보급사업(보조)","스마트기반 과학영농기술 실천모델 구축","0","0","0","0","0"
"2024","자치단체이전","자치단체자본보조","농촌진흥청","일반회계"," ","농림수산","농업·농촌","농업신기술 보급","신기술보급사업(일반)","신기술보급사업(보조)","과학영농 스마트기술실천단 육성","0","0","0","0","0"
"2024","자치단체이전","자치단체자본보조","농촌진흥청","일반회계"," ","농림수산","농업·농촌","농업신기술 보급","신기술보급사업(일반)","스마트영농지원체계구축(보조)","스마트농업 테스트베드 교육장 조성","412000","412000","351516","100.0","85.3"
"2024","자치단체이전","자치단체자본보조","농촌진흥청","일반회계"," ","농림수산","농업·농촌","농업신기술 보급","신기술보급사업(일반)","스마트영농지원체계구축(보조)","스마트 테스트베드 고도화","450000","450000","661925","100.0","147.1"
"2024","자치단체이전","자치단체자본보조","농촌진흥청","일반회계"," ","농림수산","농업·농촌","농업신기술 보급","신기술보급사업(일반)","스마트영농지원체계구축(보조)","품목별 데이터 기반 생산모델 보급","1300000","1300000","1302168","100.0","100.2"
"2024","자치단체이전","자치단체자본보조","농촌진흥청","일반회계"," ","농림수산","농업·농촌","농업신기술 보급","신기술보급사업(일반)","농촌가치확산기술지원(보조)","농경문화소득화 모델 구축(자본보조)","0","0","43735","0","0"
"2024","자치단체이전","자치단체자본보조","농촌진흥청","일반회계"," ","농림수산","농업·농촌","농업신기술 보급","신기술보급사업(일반)","농촌가치확산기술지원(보조)","치유농업센터 구축","0","0","0","0","0"
"2024","자치단체이전","자치단체자본보조","농촌진흥청","일반회계"," ","농림수산","농업·농촌","농업신기술 보급","신기술보급사업(일반)","농촌가치확산기술지원(보조)","수요자 맞춤형 치유농장 대표모델 육성","0","0","0","0","0"
"2024","자치단체이전","자치단체자본보조","농촌진흥청","일반회계"," ","농림수산","농업·농촌","농업신기술 보급","신기술보급사업(일반)","농촌가치확산기술지원(보조)","농촌형 치유여가 복합공간조성 모델 구축","0","0","0","0","0"
"2024","자치단체이전","자치단체자본보조","농촌진흥청","일반회계"," ","농림수산","농업·농촌","농업신기술 보급","신기술보급사업(일반)","농촌가치확산기술지원(보조)","농생명과학 종합체험 모델 시범","0","0","0","0","0"
"2024","자치단체이전","자치단체자본보조","농촌진흥청","일반회계"," ","농림수산","농업·농촌","농업신기술 보급","신기술보급사업(일반)","농업인안전재해예방지원체계구축(보조)","고위험 농작업 시설환경 개선","0","0","0","0","0"
"2024","자치단체이전","자치단체자본보조","농촌진흥청","일반회계"," ","농림수산","농업·농촌","지역농업특성화","기술농업지원(일반)","과학영농현장기술지원(보조)","과학영농실증시범포운영(자본)","1120000","1120000","1197769","100.0","106.9"
"2024","자치단체이전","자치단체자본보조","농촌진흥청","일반회계"," ","농림수산","농업·농촌","지역농업특성화","기술농업지원(일반)","과학영농현장기술지원(보조)","농산물 안전분석실운영(자본)","3750000","3750000","3945252","100.0","105.2"
"2024","자치단체이전","자치단체자본보조","농촌진흥청","일반회계"," ","농림수산","농업·농촌","지역농업특성화","기술농업지원(일반)","과학영농현장기술지원(보조)","탄소중립 가축분뇨분석 기반 확대","2400000","2400000","2128839","100.0","88.7"
"2024","자치단체이전","자치단체자본보조","농촌진흥청","일반회계"," ","농림수산","농업·농촌","지역농업특성화","기술농업지원(일반)","과학영농현장기술지원(보조)","꿀벌자원육성품종증식장(자본)_이월","0","0","3282937","0","0"
"2024","자치단체이전","자치단체자본보조","농촌진흥청","일반회계"," ","농림수산","농업·농촌","지역농업특성화","기술농업지원(일반)","과학영농현장기술지원(보조)","꿀벌자원육성품종증식장(자본)","2400000","2400000","96133","100.0","4.0"
"2024","자치단체이전","자치단체자본보조","농촌진흥청","일반회계"," ","농림수산","농업·농촌","지역농업특성화","기술농업지원(일반)","과학영농현장기술지원(보조)","과학영농 데이터 종합관리 체계구축","0","0","0","0","0"
"2024","자치단체이전","자치단체자본보조","농촌진흥청","일반회계"," ","농림수산","농업·농촌","지역농업특성화","기술농업지원(일반)","과학영농현장기술지원(보조)","꿀벌자원육성품종 증식보급 시범","900000","900000","769700","100.0","85.5"
"2024","자치단체이전","자치단체자본보조","농촌진흥청","일반회계"," ","농림수산","농업·농촌","지역농업특성화","기술농업지원(일반)","과학영농현장기술지원(보조)","벌 스마트사육시설 지원","2400000","2400000","1927982","100.0","80.3"
"2024","자치단체이전","자치단체자본보조","농촌진흥청","일반회계"," ","농림수산","농업·농촌","지역농업특성화","기술농업지원(일반)","농작물병해충 예찰방제사업(보조)","과수화상병 예측시스템 구축(자본)","0","0","0","0","0"
"2024","자치단체이전","자치단체자본보조","농촌진흥청","일반회계"," ","농림수산","농업·농촌","지역농업특성화","기술농업지원(일반)","농작물병해충 예찰방제사업(보조)","고위험병해충 정밀진단시스템 구축","1000000","1000000","1238874","100.0","123.9"
"2024","자치단체이전","자치단체자본보조","농촌진흥청","일반회계"," ","농림수산","농업·농촌","지역농업특성화","기술농업지원(일반)","농작물병해충 예찰방제사업(보조)","광역형 기상재해 관제시스템 구축","0","0","0","0","0"
"2024","자치단체이전","자치단체자본보조","농촌진흥청","일반회계"," ","농림수산","농업·농촌","전문인력양성","농업인력양성및지원(일반)","농업전문인력양성(보조)","청년농업인 협업기반 조성","0","0","64995","0","0"
"2024","자치단체이전","자치단체자본보조","농촌진흥청","일반회계"," ","농림수산","농업·농촌","전문인력양성","농업인력양성및지원(일반)","농업전문인력양성(보조)","선도농가 기술이전 모델화 사업","0","0","55947","0","0"
"2024","자치단체이전","자치단체자본보조","농촌진흥청","지역균형발전특별회계","세종특별자치시계정","농림수산","농업·농촌","지역농업특성화","지역농촌지도사업활성화지원(지특,세종)","지역농촌지도사업활성화지원(보조, 세종)","농업기술원, 농업기술센터 농촌지도기반조성","500000","500000","236105","100.0","47.2"
"2024","자치단체이전","자치단체자본보조","농촌진흥청","지역균형발전특별회계","제주특별자치도계정","농림수산","농업·농촌","농업기초기반 및 실용화 기술개발","지역농업연구기반및전략작목육성(지특, 제주)","지역농업연구기반및전략작목육성(R&D, 보조, 제주)","지역농업연구기반 고도화","280000","280000","272881","100.0","97.5"
"2024","자치단체이전","자치단체자본보조","농촌진흥청","지역균형발전특별회계","제주특별자치도계정","농림수산","농업·농촌","지역농업특성화","지역농촌지도사업활성화지원(지특,제주)","지역농촌지도사업활성화지원(보조, 제주)","농업기술원, 농업기술센터 농촌지도기반조성","1900000","1900000","1777661","100.0","93.6"
"2024","자치단체이전","자치단체자본보조","농촌진흥청","지역균형발전특별회계","제주특별자치도계정","농림수산","농업·농촌","지역농업특성화","6차산업활성화 지원(지특,제주)","농식품가공체험기술보급(보조, 제주)","농촌자원활용기술보급(농촌자원활용체험기술시범, 제주)","90000","90000","89999","100.0","100.0"
"2024","자치단체이전","자치단체자본보조","농촌진흥청","지역균형발전특별회계","지역자율계정","농림수산","농업·농촌","지역농업특성화","지역농촌지도사업활성화지원(지특,지역자율)","지역농촌지도사업활성화지원(보조,지역자율)","농업기술원, 농업기술센터 농촌지도기반조성","67585000","67585000","49931483","100.0","73.9"
"2024","자치단체이전","자치단체자본보조","농촌진흥청","지역균형발전특별회계","지역지원계정","농림수산","농업·농촌","농업기초기반 및 실용화 기술개발","지역농업연구기반및전략작목육성(지특, 지역지원)","지역농업연구기반및전략작목육성(R&D, 보조, 지역지원)","지역농업연구기반 고도화","1448000","1448000","2481305","100.0","171.4"
"2024","자치단체이전","자치단체자본보조","농촌진흥청","지역균형발전특별회계","지역지원계정","농림수산","농업·농촌","지역농업특성화","6차산업활성화 지원(지특,지역지원)","농식품가공체험기술보급(보조,지역지원)","농산물가공기술보급(농산물종합가공기술지원)","1200000","1200000","1473051","100.0","122.8"
"2024","자치단체이전","자치단체자본보조","농촌진흥청","지역균형발전특별회계","지역지원계정","농림수산","농업·농촌","지역농업특성화","6차산업활성화 지원(지특,지역지원)","농식품가공체험기술보급(보조,지역지원)","농업인창업마케팅기술보급(농업인 소규모 창업기술지원)","0","0","45786","0","0"
"2024","자치단체이전","자치단체자본보조","농촌진흥청","지역균형발전특별회계","지역지원계정","농림수산","농업·농촌","지역농업특성화","6차산업활성화 지원(지특,지역지원)","농식품가공체험기술보급(보조,지역지원)","농촌자원활용기술보급(농촌자원활용체험기술시범)","0","0","0","0","0"
"2024","자치단체이전","자치단체자본보조","농촌진흥청","지역균형발전특별회계","지역지원계정","농림수산","농업·농촌","지역농업특성화","6차산업활성화 지원(지특,지역지원)","농식품가공체험기술보급(보조,지역지원)","농산물가공기술보급(품질관리 디지털 기반조성)","400000","400000","837050","100.0","209.3"
"2024","자치단체이전","자치단체자본보조","농촌진흥청","지역균형발전특별회계","지역지원계정","농림수산","농업·농촌","지역농업특성화","6차산업활성화 지원(지특,지역지원)","농식품가공체험기술보급(보조,지역지원)","농산물 상품개발  기반 조성(농산물 상품개발  기반 조성)","1000000","1000000","894773","100.0","89.5"
"2024","자치단체이전","자치단체자본보조","농촌진흥청","지역균형발전특별회계","지역지원계정","농림수산","농업·농촌","지역농업특성화","6차산업활성화 지원(지특,지역지원)","농촌자원소득화지원(보조,지역지원)","치유농업센터 구축","1600000","1600000","859463","100.0","53.7"
"2024","자치단체이전","자치단체자본보조","농촌진흥청","지역균형발전특별회계","지역지원계정","농림수산","농업·농촌","지역농업특성화","6차산업활성화 지원(지특,지역지원)","농촌자원소득화지원(보조,지역지원)","수요자 맞춤형 치유농장 대표모델 육성","240000","240000","237667","100.0","99.0"
"2024","자치단체이전","자치단체자본보조","농촌진흥청","지역균형발전특별회계","지역지원계정","농림수산","농업·농촌","지역농업특성화","6차산업활성화 지원(지특,지역지원)","농촌자원소득화지원(보조,지역지원)","농경문화소득화 모델 구축","1050000","1050000","1057099","100.0","100.7"
"2024","자치단체이전","자치단체자본보조","문화체육관광부","관광진흥개발기금"," ","문화및관광","관광","관광진흥기반확충","관광자원활성화","관광자원 기반조성","평화테마파크 조성(강원 평창)","0","0","0","0","0"
"2024","자치단체이전","자치단체자본보조","문화체육관광부","관광진흥개발기금"," ","문화및관광","관광","관광진흥기반확충","관광자원활성화","관광자원 기반조성","동계 썰매종목 체험시설 설치(강원 평창)~재이월","0","0","3774","0","0"
"2024","자치단체이전","자치단체자본보조","문화체육관광부","관광진흥개발기금"," ","문화및관광","관광","국내관광활성화","관광인프라 조성","한국형 지역관광 활성화","문화콘텐츠 접목 노후관광시설 재생(지자체 자본/기금)","0","0","79123","0","0"
"2024","자치단체이전","자치단체자본보조","문화체육관광부","관광진흥개발기금"," ","문화및관광","관광","국내관광활성화","관광인프라 조성","한국형 지역관광 활성화","생태테마 관광자원화(지자체 자본/기금)","0","0","25340","0","0"
"2024","자치단체이전","자치단체자본보조","문화체육관광부","관광진흥개발기금"," ","문화및관광","관광","국내관광활성화","국내관광육성지원","국내관광 역량 강화","열린관광 환경조성","7500000","7500000","5000989","100.0","66.7"
"2024","자치단체이전","자치단체자본보조","문화체육관광부","관광진흥개발기금"," ","문화및관광","관광","국내관광활성화","국내관광육성지원","국내관광 역량 강화","레저스포츠 관광 활성화","0","0","0","0","0"
"2024","자치단체이전","자치단체자본보조","문화체육관광부","관광진흥개발기금"," ","문화및관광","관광","국내관광활성화","국내관광육성지원","국내관광 역량 강화","무장애 관광도시 조성(지자체)","2500000","2500000","1652871","100.0","66.1"
"2024","자치단체이전","자치단체자본보조","문화체육관광부","관광진흥개발기금"," ","문화및관광","관광","국내관광활성화","국내관광육성지원","국내관광 역량 강화","워케이션 특화 지자체 지원(자본)","750000","750000","608743","100.0","81.2"
"2024","자치단체이전","자치단체자본보조","문화체육관광부","관광진흥개발기금"," ","문화및관광","관광","외래관광객유치","해외관광객유치활동사업","외래관광객유치 관광기반 조성","관광특구 활성화 지원(자본보조)","275000","275000","296537","100.0","107.8"
"2024","자치단체이전","자치단체자본보조","문화체육관광부","관광진흥개발기금"," ","문화및관광","관광","외래관광객유치","해외관광객유치활동사업","외래관광객유치 관광기반 조성","관광특구 활성화 지원(자본보조)","0","0","50187","0","0"
"2024","자치단체이전","자치단체자본보조","문화체육관광부","관광진흥개발기금"," ","문화및관광","관광","관광산업 활성화","관광산업 활성화 지원","국민여가캠핑장조성(보조)","야영장 안전시설 개보수","0","0","114747","0","0"
"2024","자치단체이전","자치단체자본보조","문화체육관광부","관광진흥개발기금"," ","문화및관광","관광","관광산업 활성화","관광산업 활성화 지원","국민여가캠핑장조성(보조)","야영시설 화재 안전성 확보","0","0","94812","0","0"
"2024","자치단체이전","자치단체자본보조","문화체육관광부","관광진흥개발기금"," ","문화및관광","관광","관광산업 활성화","관광산업 활성화 지원","국민여가캠핑장조성(보조)","야영장 캠핑카 관련 인프라 구축","0","0","85400","0","0"
"2024","자치단체이전","자치단체자본보조","문화체육관광부","국민체육진흥기금","국민체육진흥계정","문화및관광","체육","생활체육육성","생활체육시설 지원","국민체육센터 건립지원","국민체육센터 건립지원","84787000","0","37537680","0.0","0"
"2024","자치단체이전","자치단체자본보조","문화체육관광부","국민체육진흥기금","국민체육진흥계정","문화및관광","체육","생활체육육성","생활체육시설 지원","기초생활체육 저변확산 지원","옥길문화체육센터 건립","3500000","0","3500000","0.0","0"
"2024","자치단체이전","자치단체자본보조","문화체육관광부","국민체육진흥기금","국민체육진흥계정","문화및관광","체육","생활체육육성","생활체육시설 지원","기초생활체육 저변확산 지원","구수산 체육센터조성","3010000","0","5360","0.0","0"
"2024","자치단체이전","자치단체자본보조","문화체육관광부","국민체육진흥기금","국민체육진흥계정","문화및관광","체육","생활체육육성","생활체육시설 지원","기초생활체육 저변확산 지원","대구 제2빙상장 건립","3325000","0","2289197","0.0","0"
"2024","자치단체이전","자치단체자본보조","문화체육관광부","국민체육진흥기금","국민체육진흥계정","문화및관광","체육","생활체육육성","생활체육시설 지원","기초생활체육 저변확산 지원","부산 멀티컴플렉스 스포츠센터 조성","1500000","0","0","0.0","0"
"2024","자치단체이전","자치단체자본보조","문화체육관광부","국민체육진흥기금","국민체육진흥계정","문화및관광","체육","생활체육육성","생활체육시설 지원","기초생활체육 저변확산 지원","전주 육상경기장 건립","3600000","0","4713086","0.0","0"
"2024","자치단체이전","자치단체자본보조","문화체육관광부","국민체육진흥기금","국민체육진흥계정","문화및관광","체육","생활체육육성","생활체육시설 지원","기초생활체육 저변확산 지원","칠곡 복합문화체육센터 건립","200000","0","0","0.0","0"
"2024","자치단체이전","자치단체자본보조","문화체육관광부","국민체육진흥기금","국민체육진흥계정","문화및관광","체육","생활체육육성","생활체육시설 지원","기초생활체육 저변확산 지원","노원 어린이복합체육문화센터 건립","3300000","0","3500000","0.0","0"
"2024","자치단체이전","자치단체자본보조","문화체육관광부","국민체육진흥기금","국민체육진흥계정","문화및관광","체육","생활체육육성","생활체육시설 지원","기초생활체육 저변확산 지원","서천 론볼경기장 시설개선","300000","0","334906","0.0","0"
"2024","자치단체이전","자치단체자본보조","문화체육관광부","국민체육진흥기금","국민체육진흥계정","문화및관광","체육","생활체육육성","생활체육시설 지원","기초생활체육 저변확산 지원","충남 아산 한들물빛도시 청소년 체육시설 설치","200000","0","0","0.0","0"
"2024","자치단체이전","자치단체자본보조","문화체육관광부","국민체육진흥기금","국민체육진흥계정","문화및관광","체육","생활체육육성","생활체육시설 지원","기초생활체육 저변확산 지원","대구 달서구 달구벌 가족 스포츠 체험시설 건립","1000000","0","0","0.0","0"
"2024","자치단체이전","자치단체자본보조","문화체육관광부","국민체육진흥기금","국민체육진흥계정","문화및관광","체육","생활체육육성","생활체육시설 지원","기초생활체육 저변확산 지원","전남 나주 빛가람 어린이 체험센터 조성","1000000","0","0","0.0","0"
"2024","자치단체이전","자치단체자본보조","문화체육관광부","국민체육진흥기금","국민체육진흥계정","문화및관광","체육","생활체육육성","생활체육시설 지원","기초생활체육 저변확산 지원","울산 상개동 복합스포츠센터 조성","1000000","0","0","0.0","0"
"2024","자치단체이전","자치단체자본보조","문화체육관광부","국민체육진흥기금","국민체육진흥계정","문화및관광","체육","생활체육육성","생활체육시설 지원","기초생활체육 저변확산 지원","서울 낙성지구 생활축구장 조성","500000","0","500000","0.0","0"
"2024","자치단체이전","자치단체자본보조","문화체육관광부","국민체육진흥기금","국민체육진흥계정","문화및관광","체육","생활체육육성","생활체육시설 지원","기초생활체육 저변확산 지원","경기 평택 용죽지구 체육센터 건립","500000","0","0","0.0","0"
"2024","자치단체이전","자치단체자본보조","문화체육관광부","국민체육진흥기금","국민체육진흥계정","문화및관광","체육","생활체육육성","생활체육시설 지원","기초생활체육 저변확산 지원","서울 강동문화체육센터 건립","300000","0","0","0.0","0"
"2024","자치단체이전","자치단체자본보조","문화체육관광부","국민체육진흥기금","국민체육진흥계정","문화및관광","체육","생활체육육성","생활체육시설 지원","기초생활체육 저변확산 지원","경기 하남 창우 배드민턴장 건립","500000","0","500000","0.0","0"
"2024","자치단체이전","자치단체자본보조","문화체육관광부","국민체육진흥기금","국민체육진흥계정","문화및관광","체육","생활체육육성","생활체육시설 지원","기초생활체육 저변확산 지원","경남 고성 종합운동장 관람석 개보수","450000","0","450000","0.0","0"
"2024","자치단체이전","자치단체자본보조","문화체육관광부","국민체육진흥기금","국민체육진흥계정","문화및관광","체육","생활체육육성","생활체육시설 지원","기초생활체육 저변확산 지원","충남 천안 봉주로 배드민턴장 건립","1000000","0","0","0.0","0"
"2024","자치단체이전","자치단체자본보조","문화체육관광부","국민체육진흥기금","국민체육진흥계정","문화및관광","체육","생활체육육성","생활체육시설 지원","공공체육시설 개보수 지원","공공체육시설 개보수 지원","65853000","0","42434917","0.0","0"
"2024","자치단체이전","자치단체자본보조","문화체육관광부","국민체육진흥기금","국민체육진흥계정","문화및관광","체육","전문체육육성","전문체육육성 기반구축","전국(소년)체전 지원","전국체전시설 건립","14000000","14000000","3833725","100.0","27.4"
"2024","자치단체이전","자치단체자본보조","문화체육관광부","국민체육진흥기금","국민체육진흥계정","문화및관광","체육","스포츠산업 육성","스포츠산업 활성화","스포츠산업활성화지원","지역스포츠산업지원(자치단체자본보조)","4000000","0","0","0.0","0"
"2024","자치단체이전","자치단체자본보조","문화체육관광부","국민체육진흥기금","국민체육진흥계정","문화및관광","체육","국제스포츠역량강화","국제스포츠 교류 활성화","국제대회 국내개최 지원","2024강원동계청소년올림픽대회 지원_재이월","0","0","588110","0","0"
"2024","자치단체이전","자치단체자본보조","문화체육관광부","국민체육진흥기금","국민체육진흥계정","문화및관광","체육","국제스포츠역량강화","국제스포츠 교류 활성화","국제대회 국내개최 지원","2027 충청권하계세계대학경기대회 지원(지자체)","24643000","20762000","17265088","84.3","83.2"
"2024","자치단체이전","자치단체자본보조","문화체육관광부","국민체육진흥기금","국민체육진흥계정","문화및관광","체육","국제스포츠역량강화","국제스포츠 교류 활성화","태권도 진흥","강원 춘천 세계태권도연맹 본부 건립 ","500000","500000","0","100.0","0.0"
"2024","자치단체이전","자치단체자본보조","문화체육관광부","아시아문화중심도시조성특별회계"," ","문화및관광","문화예술","아시아문화중심도시조성","문화중심도시조성","문화중심도시조성 및 운영","문화전당 주변도로(광산길) 확장","0","0","0","0","0"
"2024","자치단체이전","자치단체자본보조","문화체육관광부","아시아문화중심도시조성특별회계"," ","문화및관광","문화예술","아시아문화중심도시조성","문화중심도시조성","문화중심도시육성(지자체)","아시아음식문화지구 조성","350000","0","375125","0.0","0"
"2024","자치단체이전","자치단체자본보조","문화체육관광부","아시아문화중심도시조성특별회계"," ","문화및관광","문화예술","아시아문화중심도시조성","문화중심도시조성","문화중심도시육성(지자체)","월봉서원 문화예술체험복합관 건립","500000","50000","9447","10.0","18.9"
"2024","자치단체이전","자치단체자본보조","문화체육관광부","아시아문화중심도시조성특별회계"," ","문화및관광","문화예술","아시아문화중심도시조성","문화중심도시조성","문화중심도시육성(지자체)","유네스코 미디어아트 창의벨트 조성","0","0","638000","0","0"
"2024","자치단체이전","자치단체자본보조","문화체육관광부","아시아문화중심도시조성특별회계"," ","문화및관광","문화예술","아시아문화중심도시조성","문화중심도시조성","문화중심도시육성(지자체)","문화전당 마실길 한바퀴 사업","0","0","0","0","0"
"2024","자치단체이전","자치단체자본보조","문화체육관광부","아시아문화중심도시조성특별회계"," ","문화및관광","문화예술","아시아문화중심도시조성","문화중심도시조성","문화중심도시육성(지자체)","아시아예술정원조성","0","0","1626934","0","0"
"2024","자치단체이전","자치단체자본보조","문화체육관광부","아시아문화중심도시조성특별회계"," ","문화및관광","문화예술","아시아문화중심도시조성","문화중심도시조성","문화중심도시육성(지자체)","사직공원 상설공연장 조성","845000","0","12281","0.0","0"
"2024","자치단체이전","자치단체자본보조","문화체육관광부","아시아문화중심도시조성특별회계"," ","문화및관광","문화예술","아시아문화중심도시조성","문화중심도시조성","문화중심도시육성(지자체)","5G기반 문화역 아시아 스마트 관광로드 개발","0","0","1495","0","0"
"2024","자치단체이전","자치단체자본보조","문화체육관광부","아시아문화중심도시조성특별회계"," ","문화및관광","문화예술","아시아문화중심도시조성","문화중심도시조성","문화중심도시육성(지자체)","광주폴리V사업","0","0","0","0","0"
"2024","자치단체이전","자치단체자본보조","문화체육관광부","아시아문화중심도시조성특별회계"," ","문화및관광","문화예술","아시아문화중심도시조성","문화중심도시조성","문화중심도시육성(지자체)","아시아음식 관광명품화 거점공간 조성","450000","0","0","0.0","0"
"2024","자치단체이전","자치단체자본보조","문화체육관광부","아시아문화중심도시조성특별회계"," ","문화및관광","문화예술","아시아문화중심도시조성","문화중심도시조성","문화중심도시육성(지자체)","아시아 문학 테마공원 조성","0","0","0","0","0"
"2024","자치단체이전","자치단체자본보조","문화체육관광부","아시아문화중심도시조성특별회계"," ","문화및관광","문화예술","아시아문화중심도시조성","문화중심도시조성","문화중심도시육성(지자체)","빛의로드 도심야간관광활성화 사업","0","0","0","0","0"
"2024","자치단체이전","자치단체자본보조","문화체육관광부","아시아문화중심도시조성특별회계"," ","문화및관광","문화예술","아시아문화중심도시조성","문화중심도시조성","문화중심도시육성(지자체)","서창향토문화마을 조성","0","0","750999","0","0"
"2024","자치단체이전","자치단체자본보조","문화체육관광부","아시아문화중심도시조성특별회계"," ","문화및관광","문화예술","아시아문화중심도시조성","문화중심도시조성","문화중심도시육성(지자체)","아시아예술관광중심도시 조성","0","0","0","0","0"
"2024","자치단체이전","자치단체자본보조","문화체육관광부","아시아문화중심도시조성특별회계"," ","문화및관광","문화예술","아시아문화중심도시조성","문화중심도시조성","문화중심도시육성(지자체)","첨단실감 문화콘텐츠 테마파크 조성","0","0","93766","0","0"
"2024","자치단체이전","자치단체자본보조","문화체육관광부","아시아문화중심도시조성특별회계"," ","문화및관광","문화예술","아시아문화중심도시조성","문화중심도시조성","문화중심도시육성(지자체)","문화콘텐츠 제작 및 마케팅 지원","200000","200000","192211","100.0","96.1"
"2024","자치단체이전","자치단체자본보조","문화체육관광부","아시아문화중심도시조성특별회계"," ","문화및관광","문화예술","아시아문화중심도시조성","문화중심도시조성","문화중심도시육성(지자체)","광주비엔날레전시관 건립","0","0","1697521","0","0"
"2024","자치단체이전","자치단체자본보조","문화체육관광부","아시아문화중심도시조성특별회계"," ","문화및관광","문화예술","아시아문화중심도시조성","문화중심도시조성","문화중심도시육성(지자체)","아시아 아트플라자 조성","0","0","0","0","0"
"2024","자치단체이전","자치단체자본보조","문화체육관광부","아시아문화중심도시조성특별회계"," ","문화및관광","문화예술","아시아문화중심도시조성","문화중심도시조성","문화중심도시육성(지자체)","아시아 디지털 문화공간 조성","700000","700000","364900","100.0","52.1"
"2024","자치단체이전","자치단체자본보조","문화체육관광부","아시아문화중심도시조성특별회계"," ","문화및관광","문화예술","아시아문화중심도시조성","문화중심도시조성","문화중심도시육성(지자체)","아시아 캐릭터 테마파크 조성","0","0","0","0","0"
"2024","자치단체이전","자치단체자본보조","문화체육관광부","아시아문화중심도시조성특별회계"," ","문화및관광","문화예술","아시아문화중심도시조성","문화중심도시조성","문화중심도시육성(지자체)","수완 문화예술융복합센터 건립","0","0","0","0","0"
"2024","자치단체이전","자치단체자본보조","문화체육관광부","아시아문화중심도시조성특별회계"," ","문화및관광","문화예술","아시아문화중심도시조성","문화중심도시조성","문화중심도시육성(지자체)","아시아 문화기술 실증센터 운영기반 구축","100000","100000","93275","100.0","93.3"
"2024","자치단체이전","자치단체자본보조","문화체육관광부","아시아문화중심도시조성특별회계"," ","문화및관광","문화예술","아시아문화중심도시조성","문화중심도시조성","문화중심도시육성(지자체)","어린이 아트앤 사이언스 파크","0","0","0","0","0"
"2024","자치단체이전","자치단체자본보조","문화체육관광부","아시아문화중심도시조성특별회계"," ","문화및관광","문화예술","아시아문화중심도시조성","문화중심도시조성","문화중심도시육성(지자체)","생활 속 미디어아트 특화공간 조성","0","0","0","0","0"
"2024","자치단체이전","자치단체자본보조","문화체육관광부","아시아문화중심도시조성특별회계"," ","문화및관광","문화예술","아시아문화중심도시조성","문화중심도시조성","문화중심도시육성(지자체)","비엔날레 시각 진흥 육성","0","0","0","0","0"
"2024","자치단체이전","자치단체자본보조","문화체육관광부","아시아문화중심도시조성특별회계"," ","문화및관광","문화예술","아시아문화중심도시조성","문화중심도시조성","문화중심도시육성(지자체)","양림권역 근대역사문화 관광로드 구축","0","0","0","0","0"
"2024","자치단체이전","자치단체자본보조","문화체육관광부","아시아문화중심도시조성특별회계"," ","문화및관광","문화예술","아시아문화중심도시조성","문화중심도시조성","문화중심도시육성(지자체)","아시아 전통문화 힐링관광 거점 조성","0","0","0","0","0"
"2024","자치단체이전","자치단체자본보조","문화체육관광부","아시아문화중심도시조성특별회계"," ","문화및관광","문화예술","아시아문화중심도시조성","문화중심도시조성","문화중심도시육성(지자체)","아시아 물역사 테마체험관 조성","500000","500000","60656","100.0","12.1"
"2024","자치단체이전","자치단체자본보조","문화체육관광부","아시아문화중심도시조성특별회계"," ","문화및관광","문화예술","아시아문화중심도시조성","문화중심도시조성","문화중심도시육성(지자체)","아시아 물역사 테마 체험관 조성","0","0","0","0","0"
"2024","자치단체이전","자치단체자본보조","문화체육관광부","아시아문화중심도시조성특별회계"," ","문화및관광","문화예술","아시아문화중심도시조성","문화중심도시조성","문화중심도시육성(지자체)","ACC연계 양림권역 근대역사문화 거점벨트 조성","400000","400000","0","100.0","0.0"
"2024","자치단체이전","자치단체자본보조","문화체육관광부","아시아문화중심도시조성특별회계"," ","문화및관광","문화예술","아시아문화중심도시조성","문화중심도시조성","문화중심도시육성(지자체)","어린이 아트앤 사이언스 파크","540000","540000","0","100.0","0.0"
"2024","자치단체이전","자치단체자본보조","문화체육관광부","아시아문화중심도시조성특별회계"," ","문화및관광","문화예술","아시아문화중심도시조성","문화중심도시조성","문화중심도시육성(지자체)","아시아 커뮤니티 아트 타운 조성","1500000","0","0","0.0","0"
"2024","자치단체이전","자치단체자본보조","문화체육관광부","일반회계"," ","문화및관광","문화예술","종교문화지원","종교문화활동 및 보존지원","전통종교문화유산보존","전통사찰 보수정비","24100000","23900625","22631459","99.2","94.7"
"2024","자치단체이전","자치단체자본보조","문화체육관광부","일반회계"," ","문화및관광","문화예술","종교문화지원","종교문화활동 및 보존지원","전통종교문화유산보존","전통사찰 방재시스템 구축","2513000","2423000","2466814","96.4","101.8"
"2024","자치단체이전","자치단체자본보조","문화체육관광부","일반회계"," ","문화및관광","문화예술","종교문화지원","종교문화활동 및 보존지원","종교문화시설건립","구미 기독교역사문화관 건립","45000","45000","0","100.0","0.0"
"2024","자치단체이전","자치단체자본보조","문화체육관광부","일반회계"," ","문화및관광","문화예술","종교문화지원","종교문화활동 및 보존지원","종교문화시설건립","세계성모순례성지 및 평화문화나눔센터 건립","0","0","607734","0","0"
"2024","자치단체이전","자치단체자본보조","문화체육관광부","일반회계"," ","문화및관광","문화예술","종교문화지원","종교문화활동 및 보존지원","종교문화시설건립","정해박해 평화순례길 조성","1470000","1470000","2408955","100.0","163.9"
"2024","자치단체이전","자치단체자본보조","문화체육관광부","일반회계"," ","문화및관광","문화예술","종교문화지원","종교문화활동 및 보존지원","종교문화시설건립","보문종 문화체험관 건립","0","0","0","0","0"
"2024","자치단체이전","자치단체자본보조","문화체육관광부","일반회계"," ","문화및관광","문화예술","종교문화지원","종교문화활동 및 보존지원","종교문화시설건립","운문사 문화역사관 건립","0","0","613765","0","0"
"2024","자치단체이전","자치단체자본보조","문화체육관광부","일반회계"," ","문화및관광","문화예술","종교문화지원","종교문화활동 및 보존지원","종교문화시설건립","마이산 전통문화체험전시관 건립","1100000","1100000","920958","100.0","83.7"
"2024","자치단체이전","자치단체자본보조","문화체육관광부","일반회계"," ","문화및관광","문화예술","종교문화지원","종교문화활동 및 보존지원","종교문화시설건립","고산서당 전통문화교육관 건립","1100000","1100000","182990","100.0","16.6"
"2024","자치단체이전","자치단체자본보조","문화체육관광부","일반회계"," ","문화및관광","문화예술","종교문화지원","종교문화활동 및 보존지원","종교문화시설건립","군산 선교역사관 건립","897000","897000","1069592","100.0","119.2"
"2024","자치단체이전","자치단체자본보조","문화체육관광부","일반회계"," ","문화및관광","문화예술","종교문화지원","종교문화활동 및 보존지원","종교문화시설건립","목포권 기독교 근대역사관 건립","200000","200000","98837","100.0","49.4"
"2024","자치단체이전","자치단체자본보조","문화체육관광부","일반회계"," ","문화및관광","문화예술","종교문화지원","종교문화활동 및 보존지원","종교문화시설건립","한국 기독교 역사문화관 건립","234000","234000","233803","100.0","99.9"
"2024","자치단체이전","자치단체자본보조","문화체육관광부","일반회계"," ","문화및관광","문화예술","종교문화지원","종교문화활동 및 보존지원","종교문화시설건립","소록도 기독교 100주년 기념관 건립","520000","520000","20001","100.0","3.8"
"2024","자치단체이전","자치단체자본보조","문화체육관광부","일반회계"," ","문화및관광","문화예술","종교문화지원","종교문화활동 및 보존지원","종교문화시설건립","나바위성당 성지문화 체험관 건립","1440000","1440000","1440000","100.0","100.0"
"2024","자치단체이전","자치단체자본보조","문화체육관광부","일반회계"," ","문화및관광","문화예술","종교문화지원","종교문화활동 및 보존지원","종교문화시설건립","무성서원 유교수련원 건립","826000","826000","826000","100.0","100.0"
"2024","자치단체이전","자치단체자본보조","문화체육관광부","일반회계"," ","문화및관광","문화예술","종교문화지원","종교문화활동 및 보존지원","종교문화시설건립","용인 전통복합문화체험관 건립","0","0","174600","0","0"
"2024","자치단체이전","자치단체자본보조","문화체육관광부","일반회계"," ","문화및관광","문화예술","종교문화지원","종교문화활동 및 보존지원","종교문화시설건립","진관사 전통문화 전승교육관 건립","1200000","1200000","1200000","100.0","100.0"
"2024","자치단체이전","자치단체자본보조","문화체육관광부","일반회계"," ","문화및관광","문화예술","종교문화지원","종교문화활동 및 보존지원","종교문화시설건립","신안 불교문화유산 순례길 조성","401","0","0","0.0","0"
"2024","자치단체이전","자치단체자본보조","문화체육관광부","일반회계"," ","문화및관광","문화예술","종교문화지원","종교문화활동 및 보존지원","종교문화시설건립","해월 최시형 선생 생가 역사문화자원화","451000","451000","9700","100.0","2.2"
"2024","자치단체이전","자치단체자본보조","문화체육관광부","일반회계"," ","문화및관광","문화예술","종교문화지원","종교문화활동 및 보존지원","종교문화시설건립","팔공산 동화사 사명대사 체험관 건립","2950000","2950000","2950000","100.0","100.0"
"2024","자치단체이전","자치단체자본보조","문화체육관광부","일반회계"," ","문화및관광","문화예술","종교문화지원","종교문화활동 및 보존지원","종교문화시설건립","해미국제성지 순례방문자센터 건립","810000","810000","944550","100.0","116.6"
"2024","자치단체이전","자치단체자본보조","문화체육관광부","일반회계"," ","문화및관광","문화예술","종교문화지원","종교문화활동 및 보존지원","종교문화시설건립","울릉도 회당명상문화 체험관 건립","1200000","1200000","0","100.0","0.0"
"2024","자치단체이전","자치단체자본보조","문화체육관광부","일반회계"," ","문화및관광","문화예술","종교문화지원","종교문화활동 및 보존지원","종교문화시설건립","수덕사 복합문화센터 건립","1200000","1200000","740400","100.0","61.7"
"2024","자치단체이전","자치단체자본보조","문화체육관광부","일반회계"," ","문화및관광","문화예술","종교문화지원","종교문화활동 및 보존지원","종교문화시설건립","상주사 불교문화체험관 건립","798000","798000","743236","100.0","93.1"
"2024","자치단체이전","자치단체자본보조","문화체육관광부","일반회계"," ","문화및관광","문화예술","종교문화지원","종교문화활동 및 보존지원","종교문화시설건립","강화 전등사 삼랑성 전통문화교육관 건립","500000","500000","909000","100.0","181.8"
"2024","자치단체이전","자치단체자본보조","문화체육관광부","일반회계"," ","문화및관광","문화예술","종교문화지원","종교문화활동 및 보존지원","종교문화시설건립","창원 가야 불교문화교육관 건립","0","0","0","0","0"
"2024","자치단체이전","자치단체자본보조","문화체육관광부","일반회계"," ","문화및관광","문화예술","종교문화지원","종교문화활동 및 보존지원","종교문화시설건립","구례 사성암 불교문화체험관 건립","1000000","1000000","800000","100.0","80.0"
"2024","자치단체이전","자치단체자본보조","문화체육관광부","일반회계"," ","문화및관광","문화예술","종교문화지원","종교문화활동 및 보존지원","종교문화시설건립","경기 양평 기독교문화 체험관","100000","100000","0","100.0","0.0"
"2024","자치단체이전","자치단체자본보조","문화체육관광부","일반회계"," ","문화및관광","문화예술","종교문화지원","종교문화활동 및 보존지원","종교문화시설건립","경북 포항 보경사 전통문화체험관 건립","108000","108000","108000","100.0","100.0"
"2024","자치단체이전","자치단체자본보조","문화체육관광부","일반회계"," ","문화및관광","문화예술","종교문화지원","종교문화활동 및 보존지원","종교문화시설건립","경북 구미 도리사 시민치유선센터 건립","600000","600000","16558","100.0","2.8"
"2024","자치단체이전","자치단체자본보조","문화체육관광부","일반회계"," ","문화및관광","문화예술","종교문화지원","종교문화활동 및 보존지원","종교문화시설건립","경남 창원 원흥사 전통문화체험관 건립","255000","255000","0","100.0","0.0"
"2024","자치단체이전","자치단체자본보조","문화체육관광부","일반회계"," ","문화및관광","문화예술","종교문화지원","종교문화활동 및 보존지원","종교문화시설건립","울산 석남사 명상센터 건립","42000","42000","42000","100.0","100.0"
"2024","자치단체이전","자치단체자본보조","문화체육관광부","일반회계"," ","문화및관광","문화예술","종교문화지원","종교문화활동 및 보존지원","종교문화시설건립","제주 관음사 불교역사문화교육관 건립","650000","650000","0","100.0","0.0"
"2024","자치단체이전","자치단체자본보조","문화체육관광부","일반회계"," ","문화및관광","문화예술","종교문화지원","종교문화활동 및 보존지원","종교문화시설건립","전남 담양 명상센터 건립","285000","285000","285000","100.0","100.0"
"2024","자치단체이전","자치단체자본보조","문화체육관광부","일반회계"," ","문화및관광","문화예술","종교문화지원","종교문화활동 및 보존지원","종교문화시설건립","평창 월정세계청소년명상센터 건립","240000","240000","134987","100.0","56.2"
"2024","자치단체이전","자치단체자본보조","문화체육관광부","일반회계"," ","문화및관광","문화예술","종교문화지원","종교문화활동 및 보존지원","종교문화시설건립","전북 군산 은적사 전통문화체험관 건립","75000","75000","75000","100.0","100.0"
"2024","자치단체이전","자치단체자본보조","문화체육관광부","일반회계"," ","문화및관광","문화예술","종교문화지원","종교문화활동 및 보존지원","종교문화시설건립","청주 능인정사 MZ불교문화센터 건립","24000","24000","24000","100.0","100.0"
"2024","자치단체이전","자치단체자본보조","문화체육관광부","일반회계"," ","문화및관광","문화예술","종교문화지원","종교문화활동 및 보존지원","종교문화시설건립","청도 용천사 종교문화체험관 건립","20000","20000","0","100.0","0.0"
"2024","자치단체이전","자치단체자본보조","문화체육관광부","일반회계"," ","문화및관광","문화예술","종교문화지원","종교문화활동 및 보존지원","종교문화시설건립","수도사 종교문화체험관 건립","60000","60000","49406","100.0","82.3"
"2024","자치단체이전","자치단체자본보조","문화체육관광부","일반회계"," ","문화및관광","문화예술","종교문화지원","종교문화활동 및 보존지원","종교문화시설건립","천도교 문화역사관 조성사업","0","0","0","0","0"
"2024","자치단체이전","자치단체자본보조","문화체육관광부","일반회계"," ","문화및관광","문화예술","종교문화지원","종교문화활동 및 보존지원","종교문화시설건립","제주 관음사 불교역사문화교육관","0","0","0","0","0"
"2024","자치단체이전","자치단체자본보조","문화체육관광부","일반회계"," ","문화및관광","문화예술","종교문화지원","종교문화활동 및 보존지원","종교문화시설건립","거제 총명사 전통문화체험관 건립","36000","36000","36000","100.0","100.0"
"2024","자치단체이전","자치단체자본보조","문화체육관광부","일반회계"," ","문화및관광","문화예술","종교문화지원","종교문화활동 및 보존지원","종교문화시설건립","남양주 봉선사 명상 체험센터 건립","1000000","1000000","1000000","100.0","100.0"
"2024","자치단체이전","자치단체자본보조","문화체육관광부","일반회계"," ","문화및관광","문화예술","종교문화지원","종교문화활동 및 보존지원","종교문화시설건립","창원 정법사 불교문화체험관 건립","200000","200000","0","100.0","0.0"
"2024","자치단체이전","자치단체자본보조","문화체육관광부","일반회계"," ","문화및관광","문화예술","종교문화지원","종교문화활동 및 보존지원","종교문화시설건립","원주 구룡사 명상센터 건립","130000","130000","91000","100.0","70.0"
"2024","자치단체이전","자치단체자본보조","문화체육관광부","일반회계"," ","문화및관광","문화예술","종교문화지원","종교문화활동 및 보존지원","종교문화시설건립","영광 불갑사 전통역사문화체험관 건립","80000","80000","80000","100.0","100.0"
"2024","자치단체이전","자치단체자본보조","문화체육관광부","일반회계"," ","문화및관광","문화예술","종교문화지원","종교문화활동 및 보존지원","종교문화시설건립","제주 법화사 전통문화체험관 건립","300000","300000","0","100.0","0.0"
"2024","자치단체이전","자치단체자본보조","문화체육관광부","일반회계"," ","문화및관광","문화예술","종교문화지원","종교문화활동 및 보존지원","종교문화시설건립","서울 정릉동 봉국사 문화체함관 건립","1170000","1170000","819000","100.0","70.0"
"2024","자치단체이전","자치단체자본보조","문화체육관광부","일반회계"," ","문화및관광","문화예술","종교문화지원","종교문화활동 및 보존지원","종교문화시설건립","대구 달서구 임휴사 개방형 명상센터 건립","150000","150000","0","100.0","0.0"
"2024","자치단체이전","자치단체자본보조","문화체육관광부","일반회계"," ","문화및관광","문화예술","종교문화지원","종교문화활동 및 보존지원","종교문화시설건립","광주 원효사 명상 치유센터","1000000","0","0","0.0","0"
"2024","자치단체이전","자치단체자본보조","문화체육관광부","일반회계"," ","문화및관광","문화예술","종교문화지원","종교문화활동 및 보존지원","종교문화시설건립","울산 백양사 불교문화체험관 조성","1500000","1500000","1500000","100.0","100.0"
"2024","자치단체이전","자치단체자본보조","문화체육관광부","일반회계"," ","문화및관광","문화예술","종교문화지원","종교문화활동 및 보존지원","종교문화시설건립","아산 인취사 명상수련체험관 건립","100000","100000","17850","100.0","17.9"
"2024","자치단체이전","자치단체자본보조","문화체육관광부","일반회계"," ","문화및관광","문화예술","종교문화지원","종교문화활동 및 보존지원","재해복구비(종교)","재해복구비(종교_전통사찰)(이월)","0","0","1097375","0","0"
"2024","자치단체이전","자치단체자본보조","문화체육관광부","일반회계"," ","문화및관광","문화예술","종교문화지원","종교문화활동 및 보존지원","재해복구비(종교)","재해복구비(종교)","253039","201583","0","79.7","0.0"
"2024","자치단체이전","자치단체자본보조","문화체육관광부","일반회계"," ","문화및관광","문화예술","콘텐츠산업 육성","문화콘텐츠산업 진흥 환경 조성","지역콘텐츠산업 균형발전 지원","지역 콘텐츠산업클러스터 조성","0","0","0","0","0"
"2024","자치단체이전","자치단체자본보조","문화체육관광부","일반회계"," ","문화및관광","문화예술","콘텐츠산업 육성","문화콘텐츠산업 육성","영상콘텐츠산업 육성","전주 독립영화의 집 건립","400000","400000","400000","100.0","100.0"
"2024","자치단체이전","자치단체자본보조","문화체육관광부","일반회계"," ","문화및관광","문화예술","콘텐츠산업 육성","문화콘텐츠산업 육성","영상콘텐츠산업 육성","K-Film 제작기반 및 영상산업 허브 구축(이월)","0","0","0","0","0"
"2024","자치단체이전","자치단체자본보조","문화체육관광부","일반회계"," ","문화및관광","문화예술","콘텐츠산업 육성","문화콘텐츠산업 육성","영상콘텐츠산업 육성","K-Film 제작기반 및 영상산업 허브 구축","3000000","3000000","243650","100.0","8.1"
"2024","자치단체이전","자치단체자본보조","문화체육관광부","일반회계"," ","문화및관광","문화예술","콘텐츠산업 육성","문화콘텐츠산업 육성","영상콘텐츠산업 육성","애니메이션 클러스터 조성(순천)","19300000","19300000","61101","100.0","0.3"
"2024","자치단체이전","자치단체자본보조","문화체육관광부","일반회계"," ","문화및관광","문화예술","콘텐츠산업 육성","문화콘텐츠산업 육성","영상콘텐츠산업 육성","만화산업 육성(대구 글로벌 웹툰융합센터 조성 및 운영)","2700000","2700000","2700000","100.0","100.0"
"2024","자치단체이전","자치단체자본보조","문화체육관광부","일반회계"," ","문화및관광","문화예술","콘텐츠산업 육성","문화콘텐츠산업 육성","신기술융합콘텐츠산업 육성","융복합 특수영상 콘텐츠 클러스터 구축사업","1140000","1140000","2121264","100.0","186.1"
"2024","자치단체이전","자치단체자본보조","문화체육관광부","일반회계"," ","문화및관광","문화예술","콘텐츠산업 육성","문화콘텐츠산업 육성","신기술융합콘텐츠산업 육성","미래 미디어 실증 및 영상관 조성","500000","0","0","0.0","0"
"2024","자치단체이전","자치단체자본보조","문화체육관광부","일반회계"," ","문화및관광","문화예술","창의적문화정책구현","전통문화 진흥","국학진흥 정책기반 조성","전라유학진흥원 건립","740000","740000","2705261","100.0","365.6"
"2024","자치단체이전","자치단체자본보조","문화체육관광부","일반회계"," ","문화및관광","문화예술","창의적문화정책구현","전통문화 진흥","동학농민혁명 정신선양","고창 동학농민혁명 성지화","500000","500000","105379","100.0","21.1"
"2024","자치단체이전","자치단체자본보조","문화체육관광부","일반회계"," ","문화및관광","문화예술","창의적문화정책구현","전통문화 진흥","동학농민혁명 정신선양","부안 백산성지 조성 및 세계시민혁명의 전당 건립","250000","250000","250000","100.0","100.0"
"2024","자치단체이전","자치단체자본보조","문화체육관광부","일반회계"," ","문화및관광","문화예술","창의적문화정책구현","전통문화 진흥","전통생활문화 진흥","한국문화원형 콘텐츠 체험 전시관 건립","0","0","1562760","0","0"
"2024","자치단체이전","자치단체자본보조","문화체육관광부","일반회계"," ","문화및관광","문화예술","창의적문화정책구현","전통문화 진흥","전통문화 창업 및 융합 활성화","한국문화원형 콘텐츠 체험 전시관 건립","1000000","1000000","0","100.0","0.0"
"2024","자치단체이전","자치단체자본보조","문화체육관광부","일반회계"," ","문화및관광","문화예술","예술의 진흥 및 생활화, 산업화","공연 및 전통예술 진흥기반 구축","공연예술 진흥기반 조성","연극교육체험관 조성 지원","3000000","0","492790","0.0","0"
"2024","자치단체이전","자치단체자본보조","문화체육관광부","일반회계"," ","문화및관광","문화예술","예술의 진흥 및 생활화, 산업화","공연 및 전통예술 진흥기반 구축","공연예술 진흥기반 조성","공연장 방화막 신설 및 개보수 지원","2475000","1170000","752094","47.3","64.3"
"2024","자치단체이전","자치단체자본보조","문화체육관광부","일반회계"," ","문화및관광","문화예술","예술의 진흥 및 생활화, 산업화","공연 및 전통예술 진흥기반 구축","문화예술 인프라 구축","평화예술의전당건립","26300000","26300000","26300000","100.0","100.0"
"2024","자치단체이전","자치단체자본보조","문화체육관광부","일반회계"," ","문화및관광","문화예술","예술의 진흥 및 생활화, 산업화","공연 및 전통예술 진흥기반 구축","문화예술 인프라 구축","부산국제아트센터건립","7718000","7690000","7690000","99.6","100.0"
"2024","자치단체이전","자치단체자본보조","문화체육관광부","일반회계"," ","문화및관광","문화예술","예술의 진흥 및 생활화, 산업화","공연 및 전통예술 진흥기반 구축","문화예술 인프라 구축","양주아트센터건립","0","0","0","0","0"
"2024","자치단체이전","자치단체자본보조","문화체육관광부","일반회계"," ","문화및관광","문화예술","예술의 진흥 및 생활화, 산업화","공연 및 전통예술 진흥기반 구축","문화예술 인프라 구축","더아트강원 콤플렉스 건립","3000000","0","0","0.0","0"
"2024","자치단체이전","자치단체자본보조","문화체육관광부","일반회계"," ","문화및관광","문화예술","예술의 진흥 및 생활화, 산업화","시각예술 진흥기반 구축","미술진흥기반구축","문화창작 공간조성","1955000","1955000","454782","100.0","23.3"
"2024","자치단체이전","자치단체자본보조","문화체육관광부","일반회계"," ","문화및관광","문화예술","지역문화 진흥 및 문화기반 조성","도서관정보·정책 체계 활성화","도서관 정책개발 및 서비스환경개선","작은도서관 육성 시범지구 조성 지원","500127","500127","495722","100.0","99.1"
"2024","자치단체이전","자치단체자본보조","문화체육관광부","일반회계"," ","문화및관광","문화예술","지역문화 진흥 및 문화기반 조성","도서관정보·정책 체계 활성화","도서관 정책개발 및 서비스환경개선","U-도서관 서비스 확대 보급","0","0","0","0","0"
"2024","자치단체이전","자치단체자본보조","문화체육관광부","일반회계"," ","문화및관광","문화예술","지역문화 진흥 및 문화기반 조성","도서관정보·정책 체계 활성화","도서관 정책개발 및 서비스환경개선","공공도서관 실감형 창작공간 조성","0","0","130650","0","0"
"2024","자치단체이전","자치단체자본보조","문화체육관광부","일반회계"," ","문화및관광","문화예술","지역문화 진흥 및 문화기반 조성","문화예술교육지원","문화예술교육 활성화","문화예술교육전용시설 지원(자본보조)","0","0","900942","0","0"
"2024","자치단체이전","자치단체자본보조","문화체육관광부","일반회계"," ","문화및관광","문화예술","국립장애인도서관 운영","국립장애인도서관 운영","국립장애인도서관 운영","도서관 운영 및 지원 (공공도서관 독서보조기기 국고지원사업)","0","0","0","0","0"
"2024","자치단체이전","자치단체자본보조","문화체육관광부","일반회계"," ","문화및관광","관광","관광진흥기반확충","관광정책개발지원","재해복구비(관광)","해안 생태탐방로 재해복구(울진)_이월","0","0","0","0","0"
"2024","자치단체이전","자치단체자본보조","문화체육관광부","일반회계"," ","문화및관광","관광","관광진흥기반확충","관광정책개발지원","재해복구비(관광)","옥순봉 출렁다리(제천)재해복구비(관광)_이월","0","0","114898","0","0"
"2024","자치단체이전","자치단체자본보조","문화체육관광부","일반회계"," ","문화및관광","관광","관광진흥기반확충","관광정책개발지원","재해복구비(관광)","한국문화테마파크(안동)재해복구비(관광)","0","0","29892","0","0"
"2024","자치단체이전","자치단체자본보조","문화체육관광부","일반회계"," ","문화및관광","관광","관광진흥기반확충","관광정책개발지원","재해복구비(관광)","백마강 레저파크(부여)재해복구비(관광)","0","0","0","0","0"
"2024","자치단체이전","자치단체자본보조","문화체육관광부","일반회계"," ","문화및관광","관광","관광진흥기반확충","관광정책개발지원","재해복구비(관광)","달래강 물빛산책로 제3코스(괴산)재해복구비(관광)","0","0","0","0","0"
"2024","자치단체이전","자치단체자본보조","문화체육관광부","일반회계"," ","문화및관광","관광","관광진흥기반확충","관광정책개발지원","재해복구비(관광)","화양동야영장(괴산)재해복구","0","0","0","0","0"
"2024","자치단체이전","자치단체자본보조","문화체육관광부","일반회계"," ","문화및관광","관광","관광진흥기반확충","관광정책개발지원","재해복구비(관광)","목계솔밭 캠핑장(충주)재해복구비","0","0","0","0","0"
"2024","자치단체이전","자치단체자본보조","문화체육관광부","일반회계"," ","문화및관광","관광","관광진흥기반확충","관광정책개발지원","재해복구비(관광)","파주 마장호수 재해복구(7.8~7.19 호우피해)","104132","104132","0","100.0","0.0"
"2024","자치단체이전","자치단체자본보조","문화체육관광부","일반회계"," ","문화및관광","관광","관광진흥기반확충","관광정책개발지원","재해복구비(관광)","서천 한산모시관 재해복구(7.8~7.19 호우 피해)","188428","188428","0","100.0","0.0"
"2024","자치단체이전","자치단체자본보조","문화체육관광부","일반회계"," ","문화및관광","체육","생활체육육성","생활체육활성화","재해복구비(체육)","재해복구비(체육)-이월","0","0","0","0","0"
"2024","자치단체이전","자치단체자본보조","문화체육관광부","일반회계"," ","문화및관광","체육","생활체육육성","생활체육활성화","재해복구비(체육)","재해복구비(체육)","3470007","3470007","2687459","100.0","77.4"
"2024","자치단체이전","자치단체자본보조","문화체육관광부","지역균형발전특별회계","세종특별자치시계정","문화및관광","문화예술","지역문화 진흥 및 문화기반 조성","문화시설 확충(세종)","문화시설 확충(세종)","공공도서관 건립 지원(세종)","0","0","176000","0","0"
"2024","자치단체이전","자치단체자본보조","문화체육관광부","지역균형발전특별회계","세종특별자치시계정","문화및관광","문화예술","지역문화 진흥 및 문화기반 조성","문화시설 확충(세종)","문화시설 확충(세종)","작은도서관 조성 지원(세종)","0","0","0","0","0"
"2024","자치단체이전","자치단체자본보조","문화체육관광부","지역균형발전특별회계","세종특별자치시계정","문화및관광","문화예술","지역문화 진흥 및 문화기반 조성","시각예술 진흥기반 구축(세종)","폐산업시설 등 유휴공간 문화재생사업(세종)","폐산업시설 등 유휴공간 문화재생(세종_자본)","350000","350000","71869","100.0","20.5"
"2024","자치단체이전","자치단체자본보조","문화체육관광부","지역균형발전특별회계","세종특별자치시계정","문화및관광","관광","관광산업 활성화","관광산업 활성화 지원","야영장 안전 및 활성화지원(세종)","야영장 안전위생시설 개보수 지원","284000","0","0","0.0","0"
"2024","자치단체이전","자치단체자본보조","문화체육관광부","지역균형발전특별회계","제주특별자치도계정","문화및관광","문화예술","지역문화 진흥 및 문화기반 조성","문화시설 확충(제주)","문화시설 확충(제주)","공공도서관 건립 지원(제주)","0","0","0","0","0"
"2024","자치단체이전","자치단체자본보조","문화체육관광부","지역균형발전특별회계","제주특별자치도계정","문화및관광","문화예술","지역문화 진흥 및 문화기반 조성","시각예술 진흥기반 구축(제주)","폐산업시설 등 유휴공간 문화재생사업(제주)","폐산업시설 등 유휴공간 문화재생(제주_자본)_이월","0","0","1552737","0","0"
"2024","자치단체이전","자치단체자본보조","문화체육관광부","지역균형발전특별회계","제주특별자치도계정","문화및관광","관광","관광진흥기반확충","기초 관광자원개발(제주)","제주관광진흥지원(제주특별자치도계정)","제주 MICE 다목적 복합시설 확충","6000000","6000000","6000000","100.0","100.0"
"2024","자치단체이전","자치단체자본보조","문화체육관광부","지역균형발전특별회계","제주특별자치도계정","문화및관광","관광","관광산업 활성화","관광산업 활성화 지원","야영장 안전 및 활성화지원(제주)","야영장 안전위생시설 개보수 지원","120000","116840","100997","97.4","86.4"
"2024","자치단체이전","자치단체자본보조","문화체육관광부","지역균형발전특별회계","제주특별자치도계정","문화및관광","관광","관광산업 활성화","관광산업 활성화 지원","야영장 안전 및 활성화지원(제주)","야영장 화재안전성 확보","52000","31255","31212","60.1","99.9"
"2024","자치단체이전","자치단체자본보조","문화체육관광부","지역균형발전특별회계","제주특별자치도계정","문화및관광","관광","관광산업 활성화","관광산업 활성화 지원","야영장 안전 및 활성화지원(제주)","캠핑카 인프라 구축","12000","12000","12000","100.0","100.0"
"2024","자치단체이전","자치단체자본보조","문화체육관광부","지역균형발전특별회계","지역자율계정","문화및관광","문화예술","지역문화 진흥 및 문화기반 조성","문화시설 확충(지역자율)","문화시설 확충(지역자율)","생활문화센터 조성","0","0","3388866","0","0"
"2024","자치단체이전","자치단체자본보조","문화체육관광부","지역균형발전특별회계","지역자율계정","문화및관광","문화예술","지역문화 진흥 및 문화기반 조성","문화시설 확충(지역자율)","문화시설 확충(지역자율)","공공도서관 건립 지원","0","0","16119145","0","0"
"2024","자치단체이전","자치단체자본보조","문화체육관광부","지역균형발전특별회계","지역자율계정","문화및관광","문화예술","지역문화 진흥 및 문화기반 조성","문화시설 확충(지역자율)","문화시설 확충(지역자율)","작은도서관 조성 지원","0","0","381289","0","0"
"2024","자치단체이전","자치단체자본보조","문화체육관광부","지역균형발전특별회계","지역자율계정","문화및관광","문화예술","지역문화 진흥 및 문화기반 조성","시각예술 진흥기반 구축(지역자율)","폐산업시설 등 유휴공간 문화재생사업(지역자율)","폐산업시설 등 유휴공간 문화재생(지역자율_자본)","31315000","16423000","9727605","52.4","59.2"
"2024","자치단체이전","자치단체자본보조","문화체육관광부","지역균형발전특별회계","지역자율계정","문화및관광","관광","국내관광활성화","관광인프라 조성","생태녹색관광활성화(자율)","생태테마 관광자원화(지자체 자본)","375000","375000","233906","100.0","62.4"
"2024","자치단체이전","자치단체자본보조","문화체육관광부","지역균형발전특별회계","지역자율계정","문화및관광","관광","국내관광활성화","관광인프라 조성","생태녹색관광활성화(자율)","문화콘텐츠 접목 노후관광시설 재생(지자체 자본)","302000","302000","254995","100.0","84.4"
"2024","자치단체이전","자치단체자본보조","문화체육관광부","지역균형발전특별회계","지역자율계정","문화및관광","관광","국내관광활성화","국내관광육성지원","레저스포츠관광활성화(자율)","레저스포츠관광 활성화(자율)(자본보조)","250000","250000","192233","100.0","76.9"
"2024","자치단체이전","자치단체자본보조","문화체육관광부","지역균형발전특별회계","지역자율계정","문화및관광","관광","관광산업 활성화","관광산업 활성화 지원","야영장 안전 및 활성화지원(자율)","야영장 화재안전성 확보","474000","427215","360261","90.1","84.3"
"2024","자치단체이전","자치단체자본보조","문화체육관광부","지역균형발전특별회계","지역자율계정","문화및관광","관광","관광산업 활성화","관광산업 활성화 지원","야영장 안전 및 활성화지원(자율)","야영장 안전위생시설 개보수 지원","2038000","2032616","1882220","99.7","92.6"
"2024","자치단체이전","자치단체자본보조","문화체육관광부","지역균형발전특별회계","지역자율계정","문화및관광","관광","관광산업 활성화","관광산업 활성화 지원","야영장 안전 및 활성화지원(자율)","캠핑카 인프라 구축","405000","365648","239995","90.3","65.6"
"2024","자치단체이전","자치단체자본보조","문화체육관광부","지역균형발전특별회계","지역자율계정","문화및관광","체육","생활체육육성","체육진흥시설지원","체육진흥시설지원(지역자율)","체육진흥시설지원(지역자율)_이월","0","0","4261552","0","0"
"2024","자치단체이전","자치단체자본보조","문화체육관광부","지역균형발전특별회계","지역자율계정","문화및관광","체육","생활체육육성","생활체육시설 지원","근린생활형 소규모 체육관 건립지원(자율)","근린생활형 소규모체육관 건립지원","19688000","19288000","11765493","98.0","61.0"
"2024","자치단체이전","자치단체자본보조","문화체육관광부","지역균형발전특별회계","지역지원계정","문화및관광","문화예술","콘텐츠산업 육성","문화콘텐츠산업 진흥 환경 조성","지역콘텐츠산업 균형발전 지원","IP융복합 콘텐츠 클러스터 조성","0","0","199640","0","0"
"2024","자치단체이전","자치단체자본보조","문화체육관광부","지역균형발전특별회계","지역지원계정","문화및관광","문화예술","콘텐츠산업 육성","문화콘텐츠산업 진흥 환경 조성","지역콘텐츠산업 균형발전 지원","지역 콘텐츠산업클러스터 조성","1000000","1000000","0","100.0","0.0"
"2024","자치단체이전","자치단체자본보조","문화체육관광부","지역균형발전특별회계","지역지원계정","문화및관광","관광","관광진흥기반확충","광역관광자원개발","중부내륙권 관광개발(지역지원)","카르스트 지질테마공원(강원 영월)_재이월","0","0","318238","0","0"
"2024","자치단체이전","자치단체자본보조","문화체육관광부","지역균형발전특별회계","지역지원계정","문화및관광","관광","관광진흥기반확충","광역관광자원개발","중부내륙권 관광개발(지역지원)","천지인 삼태극 풍수휴양촌(충북 충주)_재이월","0","0","0","0","0"
"2024","자치단체이전","자치단체자본보조","문화체육관광부","지역균형발전특별회계","지역지원계정","문화및관광","관광","관광진흥기반확충","광역관광자원개발","한반도생태평화벨트 조성(지역지원)","소양호 빙어체험마을(강원 인제)_재이월","0","0","309831","0","0"
"2024","자치단체이전","자치단체자본보조","문화체육관광부","지역균형발전특별회계","지역지원계정","문화및관광","관광","관광진흥기반확충","광역관광자원개발","서부내륙권 광역관광개발(지역지원)","예당호 착한농촌체험 세상(예산)","1000000","1000000","4573000","100.0","457.3"
"2024","자치단체이전","자치단체자본보조","문화체육관광부","지역균형발전특별회계","지역지원계정","문화및관광","관광","관광진흥기반확충","광역관광자원개발","서부내륙권 광역관광개발(지역지원)","백제문화이음길(공주)","1792000","1792000","2333049","100.0","130.2"
"2024","자치단체이전","자치단체자본보조","문화체육관광부","지역균형발전특별회계","지역지원계정","문화및관광","관광","관광진흥기반확충","광역관광자원개발","서부내륙권 광역관광개발(지역지원)","삼례삼색마을조성(완주)","0","0","0","0","0"
"2024","자치단체이전","자치단체자본보조","문화체육관광부","지역균형발전특별회계","지역지원계정","문화및관광","관광","관광진흥기반확충","광역관광자원개발","서부내륙권 광역관광개발(지역지원)","무주생태모험공원 조성(무주) ","1192000","1192000","1478658","100.0","124.0"
"2024","자치단체이전","자치단체자본보조","문화체육관광부","지역균형발전특별회계","지역지원계정","문화및관광","관광","관광진흥기반확충","광역관광자원개발","서부내륙권 광역관광개발(지역지원)","산노리자연문화예술촌(논산)","1230000","1230000","1266322","100.0","103.0"
"2024","자치단체이전","자치단체자본보조","문화체육관광부","지역균형발전특별회계","지역지원계정","문화및관광","관광","관광진흥기반확충","광역관광자원개발","서부내륙권 광역관광개발(지역지원)","근대역사문화촌(논산)","0","0","0","0","0"
"2024","자치단체이전","자치단체자본보조","문화체육관광부","지역균형발전특별회계","지역지원계정","문화및관광","관광","관광진흥기반확충","광역관광자원개발","서부내륙권 광역관광개발(지역지원)","덕산온천휴양마을(예산)","2338000","2338000","218006","100.0","9.3"
"2024","자치단체이전","자치단체자본보조","문화체육관광부","지역균형발전특별회계","지역지원계정","문화및관광","관광","관광진흥기반확충","광역관광자원개발","서부내륙권 광역관광개발(지역지원)","호국문화 체험단지(논산)","796000","0","0","0.0","0"
"2024","자치단체이전","자치단체자본보조","문화체육관광부","지역균형발전특별회계","지역지원계정","문화및관광","관광","관광진흥기반확충","광역관광자원개발","서부내륙권 광역관광개발(지역지원)","완산칠봉 한빛마루 조성(전주)","3100000","3100000","3300780","100.0","106.5"
"2024","자치단체이전","자치단체자본보조","문화체육관광부","지역균형발전특별회계","지역지원계정","문화및관광","관광","관광진흥기반확충","광역관광자원개발","서부내륙권 광역관광개발(지역지원)","필봉 풍물 민속마을 조성(임실)_이월","0","0","0","0","0"
"2024","자치단체이전","자치단체자본보조","문화체육관광부","지역균형발전특별회계","지역지원계정","문화및관광","관광","관광진흥기반확충","광역관광자원개발","서부내륙권 광역관광개발(지역지원)","장수천천에놀라온(장수)","455000","455000","1207516","100.0","265.4"
"2024","자치단체이전","자치단체자본보조","문화체육관광부","지역균형발전특별회계","지역지원계정","문화및관광","관광","관광진흥기반확충","광역관광자원개발","서부내륙권 광역관광개발(지역지원)","음식관광창조타운","4350000","4350000","691332","100.0","15.9"
"2024","자치단체이전","자치단체자본보조","문화체육관광부","지역균형발전특별회계","지역지원계정","문화및관광","관광","관광진흥기반확충","광역관광자원개발","서부내륙권 광역관광개발(지역지원)","관광코스 및 관광상품 개발 - 근대문화유산배움코스","900000","900000","44110","100.0","4.9"
"2024","자치단체이전","자치단체자본보조","문화체육관광부","지역균형발전특별회계","지역지원계정","문화및관광","관광","관광진흥기반확충","광역관광자원개발","충청유교문화권 광역관광개발(지역지원)","효(孝)문화뿌리마을조성(대전)","1300000","1300000","13747","100.0","1.1"
"2024","자치단체이전","자치단체자본보조","문화체육관광부","지역균형발전특별회계","지역지원계정","문화및관광","관광","관광진흥기반확충","광역관광자원개발","충청유교문화권 광역관광개발(지역지원)","토정비결 체험관 (보령)","1699000","1699000","1355396","100.0","79.8"
"2024","자치단체이전","자치단체자본보조","문화체육관광부","지역균형발전특별회계","지역지원계정","문화및관광","관광","관광진흥기반확충","광역관광자원개발","충청유교문화권 광역관광개발(지역지원)","문헌사색원(서천)","2131000","2131000","926236","100.0","43.5"
"2024","자치단체이전","자치단체자본보조","문화체육관광부","지역균형발전특별회계","지역지원계정","문화및관광","관광","관광진흥기반확충","광역관광자원개발","충청유교문화권 광역관광개발(지역지원)","홍주천년 양반마을(홍성)","379000","379000","1045464","100.0","275.8"
"2024","자치단체이전","자치단체자본보조","문화체육관광부","지역균형발전특별회계","지역지원계정","문화및관광","관광","관광진흥기반확충","광역관광자원개발","충청유교문화권 광역관광개발(지역지원)","사신들의 바다순례길(태안)","900000","900000","334454","100.0","37.2"
"2024","자치단체이전","자치단체자본보조","문화체육관광부","지역균형발전특별회계","지역지원계정","문화및관광","관광","관광진흥기반확충","광역관광자원개발","충청유교문화권 광역관광개발(지역지원)","사주당 태교랜드(청주)","315000","315000","2600000","100.0","825.4"
"2024","자치단체이전","자치단체자본보조","문화체육관광부","지역균형발전특별회계","지역지원계정","문화및관광","관광","관광진흥기반확충","광역관광자원개발","충청유교문화권 광역관광개발(지역지원)","입신양명과거길(제천)","1807000","1807000","519370","100.0","28.7"
"2024","자치단체이전","자치단체자본보조","문화체육관광부","지역균형발전특별회계","지역지원계정","문화및관광","관광","관광진흥기반확충","광역관광자원개발","충청유교문화권 광역관광개발(지역지원)","송강문화창조마을(진천)","1180000","1180000","1458314","100.0","123.6"
"2024","자치단체이전","자치단체자본보조","문화체육관광부","지역균형발전특별회계","지역지원계정","문화및관광","관광","관광진흥기반확충","광역관광자원개발","충청유교문화권 광역관광개발(지역지원)","명승문화마을(단양)","1076000","1076000","3204577","100.0","297.8"
"2024","자치단체이전","자치단체자본보조","문화체육관광부","지역균형발전특별회계","지역지원계정","문화및관광","관광","관광진흥기반확충","광역관광자원개발","충청유교문화권 광역관광개발(지역지원)","추사서예창의마을(예산)","1301000","1301000","2151000","100.0","165.3"
"2024","자치단체이전","자치단체자본보조","문화체육관광부","지역균형발전특별회계","지역지원계정","문화및관광","관광","관광진흥기반확충","광역관광자원개발","충청유교문화권 광역관광개발(지역지원)","문화산수 구곡관광길(보은)","845000","845000","1237990","100.0","146.5"
"2024","자치단체이전","자치단체자본보조","문화체육관광부","지역균형발전특별회계","지역지원계정","문화및관광","관광","관광진흥기반확충","광역관광자원개발","충청유교문화권 광역관광개발(지역지원)","선비충의문화관(청양)","1250000","1250000","1973657","100.0","157.9"
"2024","자치단체이전","자치단체자본보조","문화체육관광부","지역균형발전특별회계","지역지원계정","문화및관광","관광","관광진흥기반확충","광역관광자원개발","충청유교문화권 광역관광개발(지역지원)","금강누정선유길(세종)","0","0","544888","0","0"
"2024","자치단체이전","자치단체자본보조","문화체육관광부","지역균형발전특별회계","지역지원계정","문화및관광","관광","관광진흥기반확충","광역관광자원개발","충청유교문화권 광역관광개발(지역지원)","외암마을 인문학서당(아산)","350000","350000","0","100.0","0.0"
"2024","자치단체이전","자치단체자본보조","문화체육관광부","지역균형발전특별회계","지역지원계정","문화및관광","관광","관광진흥기반확충","광역관광자원개발","충청유교문화권 광역관광개발(지역지원)","백의종군로 통곡의 집(아산)","350000","0","0","0.0","0"
"2024","자치단체이전","자치단체자본보조","문화체육관광부","지역균형발전특별회계","지역지원계정","문화및관광","관광","관광진흥기반확충","광역관광자원개발","충청유교문화권 광역관광개발(지역지원)","옥야동천 유토피아(옥천)","500000","500000","414128","100.0","82.8"
"2024","자치단체이전","자치단체자본보조","문화체육관광부","지역균형발전특별회계","지역지원계정","문화및관광","관광","관광진흥기반확충","광역관광자원개발","충청유교문화권 광역관광개발(지역지원)","초평 책마을(진천)","1500000","1500000","1308186","100.0","87.2"
"2024","자치단체이전","자치단체자본보조","문화체육관광부","지역균형발전특별회계","지역지원계정","문화및관광","관광","관광진흥기반확충","광역관광자원개발","충청유교문화권 광역관광개발(지역지원)","이사동 유교전통의례관 건립(대전)","0","0","1438444","0","0"
"2024","자치단체이전","자치단체자본보조","문화체육관광부","지역균형발전특별회계","지역지원계정","문화및관광","관광","관광진흥기반확충","광역관광자원개발","충청유교문화권 광역관광개발(지역지원)","자린고비 청빈마을(음성)","800000","800000","1150552","100.0","143.8"
"2024","자치단체이전","자치단체자본보조","문화체육관광부","지역균형발전특별회계","지역지원계정","문화및관광","관광","관광진흥기반확충","광역관광자원개발","충청유교문화권 광역관광개발(지역지원)","대동누리청년군자마당(논산)","1000000","1000000","421397","100.0","42.1"
"2024","자치단체이전","자치단체자본보조","문화체육관광부","지역균형발전특별회계","지역지원계정","문화및관광","관광","관광진흥기반확충","광역관광자원개발","충청유교문화권 광역관광개발(지역지원)","금강누정선유길(부여)","500000","500000","0","100.0","0.0"
"2024","자치단체이전","자치단체자본보조","문화체육관광부","지역균형발전특별회계","지역지원계정","문화및관광","관광","관광진흥기반확충","광역관광자원개발","충청유교문화권 광역관광개발(지역지원)","밤하늘산책원(서산)","800000","800000","356757","100.0","44.6"
"2024","자치단체이전","자치단체자본보조","문화체육관광부","지역균형발전특별회계","지역지원계정","문화및관광","관광","관광진흥기반확충","광역관광자원개발","충청유교문화권 광역관광개발(지역지원)","입신양명과거길(영동)","500000","0","0","0.0","0"
"2024","자치단체이전","자치단체자본보조","문화체육관광부","지역균형발전특별회계","지역지원계정","문화및관광","관광","관광진흥기반확충","광역관광자원개발","충청유교문화권 광역관광개발(지역지원)","의병창의마을(제천)","500000","500000","0","100.0","0.0"
"2024","자치단체이전","자치단체자본보조","문화체육관광부","지역균형발전특별회계","지역지원계정","문화및관광","관광","관광진흥기반확충","광역관광자원개발","충청유교문화권 광역관광개발(지역지원)","여민동락역사누리(당진)","1300000","1300000","308534","100.0","23.7"
"2024","자치단체이전","자치단체자본보조","문화체육관광부","지역균형발전특별회계","지역지원계정","문화및관광","관광","관광진흥기반확충","광역관광자원개발","충청유교문화권 광역관광개발(지역지원)","사계문화체험관(계룡)","500000","500000","0","100.0","0.0"
"2024","자치단체이전","자치단체자본보조","문화체육관광부","지역균형발전특별회계","지역지원계정","문화및관광","관광","관광진흥기반확충","광역관광자원개발","남부권 광역관광개발","땅끝 수상복합공연장 조성(해남)","1091000","0","0","0.0","0"
"2024","자치단체이전","자치단체자본보조","문화체육관광부","지역균형발전특별회계","지역지원계정","문화및관광","관광","관광진흥기반확충","광역관광자원개발","남부권 광역관광개발","추포도 음식관광테마 명소화(신안)","1036000","1036000","223680","100.0","21.6"
"2024","자치단체이전","자치단체자본보조","문화체육관광부","지역균형발전특별회계","지역지원계정","문화및관광","관광","관광진흥기반확충","광역관광자원개발","남부권 광역관광개발","아트케이션 관광스테이 확충(광양)","291000","291000","39000","100.0","13.4"
"2024","자치단체이전","자치단체자본보조","문화체육관광부","지역균형발전특별회계","지역지원계정","문화및관광","관광","관광진흥기반확충","광역관광자원개발","남부권 광역관광개발","레저케이션 관광스테이 확충(곡성)","220000","220000","178698","100.0","81.2"
"2024","자치단체이전","자치단체자본보조","문화체육관광부","지역균형발전특별회계","지역지원계정","문화및관광","관광","관광진흥기반확충","광역관광자원개발","남부권 광역관광개발","그린케이션 관광스테이 확충(구례)","486000","486000","486000","100.0","100.0"
"2024","자치단체이전","자치단체자본보조","문화체육관광부","지역균형발전특별회계","지역지원계정","문화및관광","관광","관광진흥기반확충","광역관광자원개발","남부권 광역관광개발","백수해안 교감형 미디어아트(영광)","0","0","0","0","0"
"2024","자치단체이전","자치단체자본보조","문화체육관광부","지역균형발전특별회계","지역지원계정","문화및관광","관광","관광진흥기반확충","광역관광자원개발","남부권 광역관광개발","도리포 관광경관 명소화(무안)","345000","345000","345000","100.0","100.0"
"2024","자치단체이전","자치단체자본보조","문화체육관광부","지역균형발전특별회계","지역지원계정","문화및관광","관광","관광진흥기반확충","광역관광자원개발","남부권 광역관광개발","목포등대 관광경관 명소화(해남)","0","0","0","0","0"
"2024","자치단체이전","자치단체자본보조","문화체육관광부","지역균형발전특별회계","지역지원계정","문화및관광","관광","관광진흥기반확충","광역관광자원개발","남부권 광역관광개발","해안도로 관광경관 명소화(완도)","342000","342000","3375","100.0","1.0"
"2024","자치단체이전","자치단체자본보조","문화체육관광부","지역균형발전특별회계","지역지원계정","문화및관광","관광","관광진흥기반확충","광역관광자원개발","남부권 광역관광개발","담(潭) 관광스테이 확충(담양)","0","0","0","0","0"
"2024","자치단체이전","자치단체자본보조","문화체육관광부","지역균형발전특별회계","지역지원계정","문화및관광","관광","관광진흥기반확충","광역관광자원개발","남부권 광역관광개발","달(月) 관광스테이 확충(강진)","120000","120000","0","100.0","0.0"
"2024","자치단체이전","자치단체자본보조","문화체육관광부","지역균형발전특별회계","지역지원계정","문화및관광","관광","관광진흥기반확충","광역관광자원개발","남부권 광역관광개발","아트컬처 플로팅 시어터(광주)","0","0","0","0","0"
"2024","자치단체이전","자치단체자본보조","문화체육관광부","지역균형발전특별회계","지역지원계정","문화및관광","관광","관광진흥기반확충","광역관광자원개발","남부권 광역관광개발","빛가람 호수공연장 조성(나주)","234000","234000","0","100.0","0.0"
"2024","자치단체이전","자치단체자본보조","문화체육관광부","지역균형발전특별회계","지역지원계정","문화및관광","관광","관광진흥기반확충","광역관광자원개발","남부권 광역관광개발","음식치유 관광루트 상품화(광주)","0","0","0","0","0"
"2024","자치단체이전","자치단체자본보조","문화체육관광부","지역균형발전특별회계","지역지원계정","문화및관광","관광","관광진흥기반확충","광역관광자원개발","남부권 광역관광개발","K-사찰 음식관광 명소화(장성)","429000","0","0","0.0","0"
"2024","자치단체이전","자치단체자본보조","문화체육관광부","지역균형발전특별회계","지역지원계정","문화및관광","관광","관광진흥기반확충","광역관광자원개발","남부권 광역관광개발","종교순례 관광연결(영광)","0","0","0","0","0"
"2024","자치단체이전","자치단체자본보조","문화체육관광부","지역균형발전특별회계","지역지원계정","문화및관광","관광","관광진흥기반확충","광역관광자원개발","남부권 광역관광개발","인문치유 관광루트 명소화(진도)","379000","379000","379000","100.0","100.0"
"2024","자치단체이전","자치단체자본보조","문화체육관광부","지역균형발전특별회계","지역지원계정","문화및관광","관광","관광진흥기반확충","광역관광자원개발","남부권 광역관광개발","문학치유 관광루트 명소화(목포)","340000","0","0","0.0","0"
"2024","자치단체이전","자치단체자본보조","문화체육관광부","지역균형발전특별회계","지역지원계정","문화및관광","관광","관광진흥기반확충","광역관광자원개발","남부권 광역관광개발","문화접목 야행관광공간 조성(담양)","242000","242000","75680","100.0","31.3"
"2024","자치단체이전","자치단체자본보조","문화체육관광부","지역균형발전특별회계","지역지원계정","문화및관광","관광","관광진흥기반확충","광역관광자원개발","남부권 광역관광개발","예술접목 야행관광공간 조성(광주)","2507000","1353000","87575","54.0","6.5"
"2024","자치단체이전","자치단체자본보조","문화체육관광부","지역균형발전특별회계","지역지원계정","문화및관광","관광","관광진흥기반확충","광역관광자원개발","남부권 광역관광개발","공연접목 야행관광공간 조성(함평)","623000","623000","478368","100.0","76.8"
"2024","자치단체이전","자치단체자본보조","문화체육관광부","지역균형발전특별회계","지역지원계정","문화및관광","관광","관광진흥기반확충","광역관광자원개발","남부권 광역관광개발","화순적벽 실감형 관광명소 조성(화순)","289000","289000","289000","100.0","100.0"
"2024","자치단체이전","자치단체자본보조","문화체육관광부","지역균형발전특별회계","지역지원계정","문화및관광","관광","관광진흥기반확충","광역관광자원개발","남부권 광역관광개발","영산강 파노라마 관광명소 조성(나주)","372000","372000","0","100.0","0.0"
"2024","자치단체이전","자치단체자본보조","문화체육관광부","지역균형발전특별회계","지역지원계정","문화및관광","관광","관광진흥기반확충","광역관광자원개발","남부권 광역관광개발","세방낙조 아트문화 관광명소 조성(진도)","325000","325000","325000","100.0","100.0"
"2024","자치단체이전","자치단체자본보조","문화체육관광부","지역균형발전특별회계","지역지원계정","문화및관광","관광","관광진흥기반확충","광역관광자원개발","남부권 광역관광개발","정남진 은하수로드 관광명소 조성(장흥)","416000","416000","0","100.0","0.0"
"2024","자치단체이전","자치단체자본보조","문화체육관광부","지역균형발전특별회계","지역지원계정","문화및관광","관광","관광진흥기반확충","광역관광자원개발","남부권 광역관광개발","가우도 빛의 숲 관광갤러리 조성(강진)","337000","337000","19780","100.0","5.9"
"2024","자치단체이전","자치단체자본보조","문화체육관광부","지역균형발전특별회계","지역지원계정","문화및관광","관광","관광진흥기반확충","광역관광자원개발","남부권 광역관광개발","선셋가든 관광경관 명소화(고흥)","235000","235000","7430","100.0","3.2"
"2024","자치단체이전","자치단체자본보조","문화체육관광부","지역균형발전특별회계","지역지원계정","문화및관광","관광","관광진흥기반확충","광역관광자원개발","남부권 광역관광개발","밤머리재 전망대 관광경관 명소화(산청)","280000","280000","280000","100.0","100.0"
"2024","자치단체이전","자치단체자본보조","문화체육관광부","지역균형발전특별회계","지역지원계정","문화및관광","관광","관광진흥기반확충","광역관광자원개발","남부권 광역관광개발","섬진강 레인보우 워크 관광경관 명소화(구례)","240000","240000","9550","100.0","4.0"
"2024","자치단체이전","자치단체자본보조","문화체육관광부","지역균형발전특별회계","지역지원계정","문화및관광","관광","관광진흥기반확충","광역관광자원개발","남부권 광역관광개발","북케이션 관광스테이 확충(하동)","542000","542000","32076","100.0","5.9"
"2024","자치단체이전","자치단체자본보조","문화체육관광부","지역균형발전특별회계","지역지원계정","문화및관광","관광","관광진흥기반확충","광역관광자원개발","남부권 광역관광개발","휴양형 플로팅 리조트(합천)","0","0","0","0","0"
"2024","자치단체이전","자치단체자본보조","문화체육관광부","지역균형발전특별회계","지역지원계정","문화및관광","관광","관광진흥기반확충","광역관광자원개발","남부권 광역관광개발","랜드마크형 산림인공정원(산청)","0","0","0","0","0"
"2024","자치단체이전","자치단체자본보조","문화체육관광부","지역균형발전특별회계","지역지원계정","문화및관광","관광","관광진흥기반확충","광역관광자원개발","남부권 광역관광개발","인공생태형 산림관광정원 조성(곡성)","766000","766000","766000","100.0","100.0"
"2024","자치단체이전","자치단체자본보조","문화체육관광부","지역균형발전특별회계","지역지원계정","문화및관광","관광","관광진흥기반확충","광역관광자원개발","남부권 광역관광개발","뷰티?스파 웰니스관광 거점화(여수)","491000","491000","0","100.0","0.0"
"2024","자치단체이전","자치단체자본보조","문화체육관광부","지역균형발전특별회계","지역지원계정","문화및관광","관광","관광진흥기반확충","광역관광자원개발","남부권 광역관광개발"," 한방 웰니스관광 거점화(함양)","413000","413000","21330","100.0","5.2"
"2024","자치단체이전","자치단체자본보조","문화체육관광부","지역균형발전특별회계","지역지원계정","문화및관광","관광","관광진흥기반확충","광역관광자원개발","남부권 광역관광개발","갯벌치유 관광플랫폼 조성(순천)","735000","735000","77826","100.0","10.6"
"2024","자치단체이전","자치단체자본보조","문화체육관광부","지역균형발전특별회계","지역지원계정","문화및관광","관광","관광진흥기반확충","광역관광자원개발","남부권 광역관광개발","해양스포치유여행 플랫폼 조성(남해)","245000","245000","67200","100.0","27.4"
"2024","자치단체이전","자치단체자본보조","문화체육관광부","지역균형발전특별회계","지역지원계정","문화및관광","관광","관광진흥기반확충","광역관광자원개발","남부권 광역관광개발","도시숲 가족 힐링충전소(진주)","0","0","0","0","0"
"2024","자치단체이전","자치단체자본보조","문화체육관광부","지역균형발전특별회계","지역지원계정","문화및관광","관광","관광진흥기반확충","광역관광자원개발","남부권 광역관광개발","광양읍 미디어아트 관광명소화(광양)","125000","125000","125000","100.0","100.0"
"2024","자치단체이전","자치단체자본보조","문화체육관광부","지역균형발전특별회계","지역지원계정","문화및관광","관광","관광진흥기반확충","광역관광자원개발","남부권 광역관광개발","원도심 관광골목 명소화(진주)","482000","482000","482000","100.0","100.0"
"2024","자치단체이전","자치단체자본보조","문화체육관광부","지역균형발전특별회계","지역지원계정","문화및관광","관광","관광진흥기반확충","광역관광자원개발","남부권 광역관광개발","선상지 테마 관광명소 조성(사천)","423000","423000","20307","100.0","4.8"
"2024","자치단체이전","자치단체자본보조","문화체육관광부","지역균형발전특별회계","지역지원계정","문화및관광","관광","관광진흥기반확충","광역관광자원개발","남부권 광역관광개발","자란 관광만구축(T-UAM)(고성)","966000","966000","131130","100.0","13.6"
"2024","자치단체이전","자치단체자본보조","문화체육관광부","지역균형발전특별회계","지역지원계정","문화및관광","관광","관광진흥기반확충","광역관광자원개발","남부권 광역관광개발","통영 관광만 구축(T-UAM)(통영)","1805000","1805000","561250","100.0","31.1"
"2024","자치단체이전","자치단체자본보조","문화체육관광부","지역균형발전특별회계","지역지원계정","문화및관광","관광","관광진흥기반확충","광역관광자원개발","남부권 광역관광개발","사량도 관광기반 구축(통영)","222000","222000","0","100.0","0.0"
"2024","자치단체이전","자치단체자본보조","문화체육관광부","지역균형발전특별회계","지역지원계정","문화및관광","관광","관광진흥기반확충","광역관광자원개발","남부권 광역관광개발","기장 오션블루레일(부산)","0","0","0","0","0"
"2024","자치단체이전","자치단체자본보조","문화체육관광부","지역균형발전특별회계","지역지원계정","문화및관광","관광","관광진흥기반확충","광역관광자원개발","남부권 광역관광개발","울주 해안도로 관광경관 명소화(울산)","300000","300000","9626","100.0","3.2"
"2024","자치단체이전","자치단체자본보조","문화체육관광부","지역균형발전특별회계","지역지원계정","문화및관광","관광","관광진흥기반확충","광역관광자원개발","남부권 광역관광개발","기장 드라이브 관광경관 명소화(부산)","320000","0","0","0.0","0"
"2024","자치단체이전","자치단체자본보조","문화체육관광부","지역균형발전특별회계","지역지원계정","문화및관광","관광","관광진흥기반확충","광역관광자원개발","남부권 광역관광개발","진해 벚꽃로드 관광경관 명소화(창원)","340000","0","0","0.0","0"
"2024","자치단체이전","자치단체자본보조","문화체육관광부","지역균형발전특별회계","지역지원계정","문화및관광","관광","관광진흥기반확충","광역관광자원개발","남부권 광역관광개발","아미산 낙조 관광경관 명소화(부산)","2145000","220000","0","10.3","0.0"
"2024","자치단체이전","자치단체자본보조","문화체육관광부","지역균형발전특별회계","지역지원계정","문화및관광","관광","관광진흥기반확충","광역관광자원개발","남부권 광역관광개발","장생포 고래마을 관광경관 명소화(울산)","1260000","1260000","0","100.0","0.0"
"2024","자치단체이전","자치단체자본보조","문화체육관광부","지역균형발전특별회계","지역지원계정","문화및관광","관광","관광진흥기반확충","광역관광자원개발","남부권 광역관광개발","근대 박물관마을 관광경관 명소화(창원)","185000","185000","0","100.0","0.0"
"2024","자치단체이전","자치단체자본보조","문화체육관광부","지역균형발전특별회계","지역지원계정","문화및관광","관광","관광진흥기반확충","광역관광자원개발","남부권 광역관광개발","합강풍류정원(함안)","0","0","0","0","0"
"2024","자치단체이전","자치단체자본보조","문화체육관광부","지역균형발전특별회계","지역지원계정","문화및관광","관광","관광진흥기반확충","광역관광자원개발","남부권 광역관광개발","한류테마 인공정원(창원)","0","0","0","0","0"
"2024","자치단체이전","자치단체자본보조","문화체육관광부","지역균형발전특별회계","지역지원계정","문화및관광","관광","관광진흥기반확충","광역관광자원개발","남부권 광역관광개발","K문화놀이섬 네트워크(통영)","0","0","0","0","0"
"2024","자치단체이전","자치단체자본보조","문화체육관광부","지역균형발전특별회계","지역지원계정","문화및관광","관광","관광진흥기반확충","광역관광자원개발","남부권 광역관광개발","K예술마실섬 네트워크 구축(창원)","240000","240000","0","100.0","0.0"
"2024","자치단체이전","자치단체자본보조","문화체육관광부","지역균형발전특별회계","지역지원계정","문화및관광","관광","관광진흥기반확충","광역관광자원개발","남부권 광역관광개발","강동해변 도심문화놀이터 명소화(울산)","300000","300000","300000","100.0","100.0"
"2024","자치단체이전","자치단체자본보조","문화체육관광부","지역균형발전특별회계","지역지원계정","문화및관광","관광","관광진흥기반확충","광역관광자원개발","남부권 광역관광개발","일산해변 풍류놀이터 명소화(울산)","315000","315000","104910","100.0","33.3"
"2024","자치단체이전","자치단체자본보조","문화체육관광부","지역균형발전특별회계","지역지원계정","문화및관광","관광","관광진흥기반확충","광역관광자원개발","남부권 광역관광개발","상족암 디지털놀이터 명소화(고성)","319000","319000","239200","100.0","75.0"
"2024","자치단체이전","자치단체자본보조","문화체육관광부","지역균형발전특별회계","지역지원계정","문화및관광","관광","관광진흥기반확충","광역관광자원개발","남부권 광역관광개발","지심도 산마루놀이터 연출(거제)","0","0","0","0","0"
"2024","자치단체이전","자치단체자본보조","문화체육관광부","지역균형발전특별회계","지역지원계정","문화및관광","관광","관광진흥기반확충","광역관광자원개발","남부권 광역관광개발","진영봉화마을 관광명소화(김해)","290000","290000","66583","100.0","23.0"
"2024","자치단체이전","자치단체자본보조","문화체육관광부","지역균형발전특별회계","지역지원계정","문화및관광","관광","관광진흥기반확충","광역관광자원개발","남부권 광역관광개발","낙동선셋 레포츠파크(김해)","0","0","0","0","0"
"2024","자치단체이전","자치단체자본보조","문화체육관광부","지역균형발전특별회계","지역지원계정","문화및관광","관광","관광진흥기반확충","광역관광자원개발","남부권 광역관광개발","낙동선셋 디지털파크 조성(밀양)","510000","510000","0","100.0","0.0"
"2024","자치단체이전","자치단체자본보조","문화체육관광부","지역균형발전특별회계","지역지원계정","문화및관광","관광","관광진흥기반확충","광역관광자원개발","남부권 광역관광개발","낙동선셋 바이크파크(양산)","0","0","0","0","0"
"2024","자치단체이전","자치단체자본보조","문화체육관광부","지역균형발전특별회계","지역지원계정","문화및관광","관광","관광진흥기반확충","광역관광자원개발","남부권 광역관광개발","낙동선셋 피크닉파크(부산)","0","0","0","0","0"
"2024","자치단체이전","자치단체자본보조","문화체육관광부","지역균형발전특별회계","지역지원계정","문화및관광","관광","관광진흥기반확충","광역관광자원개발","남부권 광역관광개발","울주 산악관광 베이스캠프 조성(울산)","810000","145000","0","17.9","0.0"
"2024","자치단체이전","자치단체자본보조","문화체육관광부","지역균형발전특별회계","지역지원계정","문화및관광","관광","관광진흥기반확충","광역관광자원개발","지역관광 다양성 사업","섬 관광 활성화(자본)","3000000","3000000","170122","100.0","5.7"
"2024","자치단체이전","자치단체자본보조","문화체육관광부","지역균형발전특별회계","지역지원계정","문화및관광","관광","관광진흥기반확충","관광자원활성화","관광자원 기반조성","평화테마파크 조성(강원 평창)~이월","0","0","4344390","0","0"
"2024","자치단체이전","자치단체자본보조","문화체육관광부","지역균형발전특별회계","지역지원계정","문화및관광","관광","관광진흥기반확충","관광자원활성화","관광자원 기반조성","국제온천지구 관광거점 조성(대전 유성)","1620000","1620000","146061","100.0","9.0"
"2024","자치단체이전","자치단체자본보조","문화체육관광부","지역균형발전특별회계","지역지원계정","문화및관광","관광","관광진흥기반확충","관광자원활성화","관광자원 기반조성","디아크 문화관광 활성화(대구 달성) ","4000000","4000000","4100000","100.0","102.5"
"2024","자치단체이전","자치단체자본보조","문화체육관광부","지역균형발전특별회계","지역지원계정","문화및관광","관광","관광진흥기반확충","관광자원활성화","관광자원 기반조성","계획공모형 지역관광개발(자본보조)","9196000","8896000","9592195","96.7","107.8"
"2024","자치단체이전","자치단체자본보조","문화체육관광부","지역균형발전특별회계","지역지원계정","문화및관광","관광","관광진흥기반확충","관광자원활성화","관광자원 기반조성","세계명견 테마랜드 조성(자본)","500000","500000","373289","100.0","74.7"
"2024","자치단체이전","자치단체자본보조","문화체육관광부","지역균형발전특별회계","지역지원계정","문화및관광","관광","관광진흥기반확충","관광자원활성화","관광자원 기반조성","문화의 바다공간 조성(자본)","1000000","1000000","50000","100.0","5.0"
"2024","자치단체이전","자치단체자본보조","문화체육관광부","지역균형발전특별회계","지역지원계정","문화및관광","관광","관광진흥기반확충","관광자원활성화","관광자원 기반조성","오감만족 목계나루 플랫폼 구축","0","0","0","0","0"
"2024","자치단체이전","자치단체자본보조","문화체육관광부","지역균형발전특별회계","지역지원계정","문화및관광","관광","관광진흥기반확충","관광자원활성화","관광자원 기반조성","관광휴양형 RE100 뉴딜타운 조성","2960000","2960000","1149582","100.0","38.8"
"2024","자치단체이전","자치단체자본보조","문화체육관광부","지역균형발전특별회계","지역지원계정","문화및관광","관광","관광진흥기반확충","관광자원활성화","관광자원 기반조성","안흥 식품관광 기반조성(자본)","1500000","1500000","29960","100.0","2.0"
"2024","자치단체이전","자치단체자본보조","문화체육관광부","지역균형발전특별회계","지역지원계정","문화및관광","관광","관광진흥기반확충","관광자원활성화","관광자원 기반조성","울산 환상의 섬 죽도 관광자원화 사업(자본)","550000","550000","48407","100.0","8.8"
"2024","자치단체이전","자치단체자본보조","문화체육관광부","지역균형발전특별회계","지역지원계정","문화및관광","관광","관광진흥기반확충","관광자원활성화","관광자원 기반조성","부산 수상워크웨이","1000000","1000000","0","100.0","0.0"
"2024","자치단체이전","자치단체자본보조","문화체육관광부","지역균형발전특별회계","지역지원계정","문화및관광","관광","관광진흥기반확충","관광자원활성화","관광자원 기반조성","이순신장군 승전지 순례길 프로젝트(자본)","800000","800000","20489","100.0","2.6"
"2024","자치단체이전","자치단체자본보조","문화체육관광부","지역균형발전특별회계","지역지원계정","문화및관광","관광","관광진흥기반확충","관광자원활성화","관광자원 기반조성","동계 썰매종목 체험시설 설치(강원 평창)__재이월","0","0","0","0","0"
"2024","자치단체이전","자치단체자본보조","문화체육관광부","지역균형발전특별회계","지역지원계정","문화및관광","관광","관광진흥기반확충","관광자원활성화","폐광지역 관광산업 활성화","폐광지역 관광산업 활성화 사업 지원(강원도, 자본보조)","5250000","5250000","2089665","100.0","39.8"
"2024","자치단체이전","자치단체자본보조","문화체육관광부","지역균형발전특별회계","지역지원계정","문화및관광","관광","국내관광활성화","관광인프라 조성","도시관광 및 산업관광 활성화","관광거점도시 육성(자본보조)","29099000","25437630","11064276","87.4","43.5"
"2024","자치단체이전","자치단체자본보조","방위사업청","일반회계"," ","국방","방위력개선","방위사업정책지원","방위산업육성지원","지역연계/생태계기반구축","방산 중소기업 생산성 향상 지원","0","0","0","0","0"
"2024","자치단체이전","자치단체자본보조","방위사업청","일반회계"," ","국방","방위력개선","방위사업정책지원","방위산업육성지원","지역연계/생태계기반구축","방산 중소기업 생산성 향상 지원(자치단체자본보조)","2320000","2320000","2284561","100.0","98.5"
"2024","자치단체이전","자치단체자본보조","법무부","범죄피해자보호기금"," ","공공질서및안전","법무및검찰","인권활동","성폭력피해자 보호 및 지원","성폭력 피해자 지원","성폭력 피해자 지원시설 기능보강","472000","465129","489579","98.5","105.3"
"2024","자치단체이전","자치단체자본보조","보건복지부","국민건강증진기금","국민건강증진계정","사회복지","취약계층지원","장애인생활안정 및 재활 지원","장애인의료재활지원(국민건강증진기금)","재활병원건립","재활병원건립","7000000","7000000","4500000","100.0","64.3"
"2024","자치단체이전","자치단체자본보조","보건복지부","국민건강증진기금","국민건강증진계정","사회복지","취약계층지원","장애인생활안정 및 재활 지원","장애인의료재활지원(국민건강증진기금)","권역재활병원 지원","권역재활병원 시설장비 현대화","0","0","0","0","0"
"2024","자치단체이전","자치단체자본보조","보건복지부","국민건강증진기금","국민건강증진계정","사회복지","취약계층지원","장애인생활안정 및 재활 지원","장애인의료재활지원(국민건강증진기금)","공공어린이재활병원 건립","공공어린이재활병원건립","0","0","6165112","0","0"
"2024","자치단체이전","자치단체자본보조","보건복지부","국민건강증진기금","국민건강증진계정","사회복지","노인","노인의료보장","치매관리사업지원","치매관리체계 구축","공립요양병원 치매기능보강","1500000","1379540","1900055","92.0","137.7"
"2024","자치단체이전","자치단체자본보조","보건복지부","국민건강증진기금","국민건강증진계정","사회복지","노인","노인의료보장","노인건강관리","노인건강관리","요실금 치료 지원 사업","975000","272250","203896","27.9","74.9"
"2024","자치단체이전","자치단체자본보조","보건복지부","국민건강증진기금","국민건강증진계정","보건","보건의료","공공보건의료확충","공공보건의료기반구축","건강생활지원센터 확충","건강생활지원센터 확충 ","1650000","1650000","1952185","100.0","118.3"
"2024","자치단체이전","자치단체자본보조","보건복지부","국민건강증진기금","국민건강증진계정","보건","보건의료","공공보건의료확충","공공보건의료기반구축","건강생활지원센터 확충","건강생활지원센터(생활soc복합)","1226000","1226000","3059889","100.0","249.6"
"2024","자치단체이전","자치단체자본보조","보건복지부","국민건강증진기금","국민건강증진계정","보건","보건의료","공공보건의료확충","국가암관리사업지원","국가암관리","국가암관리 지자체 지원(자본)","1500000","1500000","1500000","100.0","100.0"
"2024","자치단체이전","자치단체자본보조","보건복지부","국민건강증진기금","국민건강증진계정","보건","보건의료","감염병위기대응","생물테러대응체계강화","생물테러 대비·대응 역량강화","생물테러초동대응요원 교육 및 훈련지원(자본보조)","0","0","0","0","0"
"2024","자치단체이전","자치단체자본보조","보건복지부","국민건강증진기금","국민건강증진계정","보건","보건의료","감염병진단분석","감염병진단인프라구축","지역거점진단 인프라 구축","지역거점진단센터 진단장비 등 지원","658000","658000","638615","100.0","97.1"
"2024","자치단체이전","자치단체자본보조","보건복지부","국민건강증진기금","국민건강증진계정","보건","보건의료","감염병진단분석","감염병진단인프라구축","매개체 및 기생충 진단·감시·분석","감염병 매개체 감시 및 방제","100000","100000","98146","100.0","98.1"
"2024","자치단체이전","자치단체자본보조","보건복지부","응급의료기금"," ","보건","보건의료","응급의료체계운영지원","응급의료 안전망 및 생활화 지원","응급처치 활성화 지원","자동심장충격기 보급 지원","1050300","1050300","975127","100.0","92.8"
"2024","자치단체이전","자치단체자본보조","보건복지부","응급의료기금"," ","보건","보건의료","응급의료체계운영지원","응급의료 안전망 및 생활화 지원","국가 재난의료체계 운영","재난거점병원 운영지원(재난의료지원차량)","450000","450000","422810","100.0","94.0"
"2024","자치단체이전","자치단체자본보조","보건복지부","응급의료기금"," ","보건","보건의료","응급의료체계운영지원","현장 및 이송체계 지원","응급의료이송체계 지원","취약지 헬기 착륙장 건설","1400000","1340568","516287","95.8","38.5"
"2024","자치단체이전","자치단체자본보조","보건복지부","응급의료기금"," ","보건","보건의료","응급의료체계운영지원","현장 및 이송체계 지원","응급의료이송체계 지원","중증응급환자 이송체계 운영지원","220000","220000","219708","100.0","99.9"
"2024","자치단체이전","자치단체자본보조","보건복지부","응급의료기금"," ","보건","보건의료","응급의료체계운영지원","119구급 운영지원","119구급대 지원","119구급차량 및 응급의료장비 보강","13266000","13266000","13595689","100.0","102.5"
"2024","자치단체이전","자치단체자본보조","보건복지부","응급의료기금"," ","보건","보건의료","응급의료체계운영지원","119구급 운영지원","119구급대 지원","특수목적 음압구급차 보강","1610000","1610000","1427300","100.0","88.7"
"2024","자치단체이전","자치단체자본보조","보건복지부","일반회계"," ","사회복지","취약계층지원","장애인생활안정 및 재활 지원","장애인사회참여 기반조성","장애인보조기기지원","사례관리","170000","170000","168249","100.0","99.0"
"2024","자치단체이전","자치단체자본보조","보건복지부","일반회계"," ","사회복지","취약계층지원","장애인생활안정 및 재활 지원","장애인선택적복지","발달장애인 지원","익산 발달장애인 평생교육지원센터 건립","925000","925000","597401","100.0","64.6"
"2024","자치단체이전","자치단체자본보조","보건복지부","일반회계"," ","사회복지","취약계층지원","장애인생활안정 및 재활 지원","장애인복지시설지원","장애인복지시설 기능보강","장애인직업재활시설 기능보강_이월","0","0","0","0","0"
"2024","자치단체이전","자치단체자본보조","보건복지부","일반회계"," ","사회복지","취약계층지원","장애인생활안정 및 재활 지원","장애인복지시설지원","장애인복지시설 기능보강","장애인의료재활시설 기능보강","218282","177682","173965","81.4","97.9"
"2024","자치단체이전","자치단체자본보조","보건복지부","일반회계"," ","사회복지","취약계층지원","장애인생활안정 및 재활 지원","장애인복지시설지원","장애인복지시설 기능보강","장애인거주시설 기능보강","5719689","5631180","5929017","98.5","105.3"
"2024","자치단체이전","자치단체자본보조","보건복지부","일반회계"," ","사회복지","취약계층지원","장애인생활안정 및 재활 지원","장애인복지시설지원","장애인복지시설 기능보강","공립 장애인복합수련시설 건립","5000000","5000000","6828840","100.0","136.6"
"2024","자치단체이전","자치단체자본보조","보건복지부","일반회계"," ","사회복지","취약계층지원","장애인생활안정 및 재활 지원","장애인복지시설지원","장애인복지시설 기능보강","장애인가족힐링센터 건립","0","0","172761","0","0"
"2024","자치단체이전","자치단체자본보조","보건복지부","일반회계"," ","사회복지","취약계층지원","장애인생활안정 및 재활 지원","장애인복지시설지원","장애인복지시설 기능보강","장애인가족공립복합힐링센터건립지원","500000","500000","557061","100.0","111.4"
"2024","자치단체이전","자치단체자본보조","보건복지부","일반회계"," ","사회복지","취약계층지원","장애인생활안정 및 재활 지원","장애인복지시설지원","장애인복지시설 기능보강","장애인주간보호시설 기능보강","1645050","1644890","1099951","100.0","66.9"
"2024","자치단체이전","자치단체자본보조","보건복지부","일반회계"," ","사회복지","취약계층지원","장애인생활안정 및 재활 지원","장애인복지시설지원","장애인복지시설 기능보강","충북재활원 마리아의집 기능보강 ","0","0","1924663","0","0"
"2024","자치단체이전","자치단체자본보조","보건복지부","일반회계"," ","사회복지","취약계층지원","장애인생활안정 및 재활 지원","장애인복지시설지원","장애인복지시설 기능보강","장애인직업재활시설 기능보강","10205860","10202915","8207021","100.0","80.4"
"2024","자치단체이전","자치단체자본보조","보건복지부","일반회계"," ","사회복지","취약계층지원","장애인생활안정 및 재활 지원","장애인복지시설지원","장애인복지시설 기능보강","대구 인제요양원 신축","1825000","0","0","0.0","0"
"2024","자치단체이전","자치단체자본보조","보건복지부","일반회계"," ","사회복지","취약계층지원","장애인생활안정 및 재활 지원","장애인복지시설지원","장애인복지시설 기능보강","제주 공립형 장애인거주시설 신축","1750000","1750000","21261","100.0","1.2"
"2024","자치단체이전","자치단체자본보조","보건복지부","일반회계"," ","사회복지","취약계층지원","장애인생활안정 및 재활 지원","장애인복지시설지원","장애인복지시설 기능보강","대구 인제재활병원 증개축","405000","0","0","0.0","0"
"2024","자치단체이전","자치단체자본보조","보건복지부","일반회계"," ","사회복지","취약계층지원","장애인생활안정 및 재활 지원","장애인복지시설지원","장애인거주시설 운영 지원","학대피해장애아동쉼터 설치비","1142000","571000","0","50.0","0.0"
"2024","자치단체이전","자치단체자본보조","보건복지부","일반회계"," ","사회복지","취약계층지원","장애인생활안정 및 재활 지원","장애인권익증진 및 자립생활 지원","장애인건강보건관리사업","장애친화 건강검진기관 지원","335000","335000","527125","100.0","157.4"
"2024","자치단체이전","자치단체자본보조","보건복지부","일반회계"," ","사회복지","취약계층지원","장애인생활안정 및 재활 지원","장애인권익증진 및 자립생활 지원","장애인건강보건관리사업","지역장애인보건의료센터(자본보조)","0","0","0","0","0"
"2024","자치단체이전","자치단체자본보조","보건복지부","일반회계"," ","사회복지","취약계층지원","장애인생활안정 및 재활 지원","장애인권익증진 및 자립생활 지원","장애인건강보건관리사업","장애친화 산부인과 지원 사업(자본보조)","0","0","0","0","0"
"2024","자치단체이전","자치단체자본보조","보건복지부","일반회계"," ","사회복지","취약계층지원","노숙인의사상자지원","노숙인등 지원","노숙인등 복지지원","노숙인시설 기능보강","3822000","3217444","6048281","84.2","188.0"
"2024","자치단체이전","자치단체자본보조","보건복지부","일반회계"," ","사회복지","아동·보육","아동보호 및 복지 강화","요보호아동 그룹홈 운영 지원","요보호아동 그룹홈 운영 지원","학대피해아동쉼터 설치","6325000","1720840","888345","27.2","51.6"
"2024","자치단체이전","자치단체자본보조","보건복지부","일반회계"," ","사회복지","아동·보육","아동보호 및 복지 강화","아동ㆍ청소년 참여.인권증진","아동정책조정 및 인권증진","아동학대방지 인프라 기능보강사업","300000","299765","262545","99.9","87.6"
"2024","자치단체이전","자치단체자본보조","보건복지부","일반회계"," ","사회복지","아동·보육","아동보호 및 복지 강화","방과후 돌봄 지원","다함께 돌봄 사업","다함께돌봄센터 설치비 지원(이월)","0","0","0","0","0"
"2024","자치단체이전","자치단체자본보조","보건복지부","일반회계"," ","사회복지","아동·보육","아동보호 및 복지 강화","방과후 돌봄 지원","다함께 돌봄 사업","다함께돌봄센터 설치비 지원(복합화 이월)","0","0","6986","0","0"
"2024","자치단체이전","자치단체자본보조","보건복지부","일반회계"," ","사회복지","아동·보육","아동보호 및 복지 강화","아동보호 및 권리보장","아동학대 예방 및 피해아동 보호","아동보호전문기관 신규설치","2400000","1400000","1680992","58.3","120.1"
"2024","자치단체이전","자치단체자본보조","보건복지부","일반회계"," ","사회복지","아동·보육","보육지원강화","어린이집 확충 및 환경개선","어린이집 기능보강","어린이집 기능보강_이월","0","0","138592","0","0"
"2024","자치단체이전","자치단체자본보조","보건복지부","일반회계"," ","사회복지","아동·보육","보육지원강화","어린이집 확충 및 환경개선","어린이집 확충","어린이집 확충","0","0","2222322","0","0"
"2024","자치단체이전","자치단체자본보조","보건복지부","일반회계"," ","사회복지","아동·보육","보육지원강화","어린이집 확충 및 환경개선","어린이집 확충","어린이집 확충(생활SOC 복합화)","0","0","1641926","0","0"
"2024","자치단체이전","자치단체자본보조","보건복지부","일반회계"," ","사회복지","노인","노인생활안정","장사시설","장사시설설치","국가재난대비 지정장례식장 기능보강","0","0","0","0","0"
"2024","자치단체이전","자치단체자본보조","보건복지부","일반회계"," ","사회복지","노인","노인의료보장","노인요양시설확충","노인요양시설 확충","노인요양시설확충(기능보강) 사업","0","0","0","0","0"
"2024","자치단체이전","자치단체자본보조","보건복지부","일반회계"," ","사회복지","노인","노인의료보장","노인요양시설확충","노인요양시설 확충","노인요양시설확충","0","0","136579","0","0"
"2024","자치단체이전","자치단체자본보조","보건복지부","일반회계"," ","보건","보건의료","공공보건의료확충","공공보건의료정보화","지방의료원 등 정보화 지원(정보화)","지방의료원 병원정보시스템 지원","1000000","1000000","995591","100.0","99.6"
"2024","자치단체이전","자치단체자본보조","보건복지부","일반회계"," ","보건","보건의료","보건산업육성","보건산업진흥","제약산업 육성 지원","제약 스마트 팩토리 플랫폼 구축","3325000","3325000","3314427","100.0","99.7"
"2024","자치단체이전","자치단체자본보조","보건복지부","일반회계"," ","보건","보건의료","보건산업육성","보건산업진흥","제약산업 육성 지원","제약산업 미래인력 양성센터","2520000","2520000","1554998","100.0","61.7"
"2024","자치단체이전","자치단체자본보조","보건복지부","일반회계"," ","보건","보건의료","보건산업육성","보건산업진흥","제약산업 육성 지원","바이오의약품생산 전문인력양성센터 건립","2600000","2600000","2577972","100.0","99.2"
"2024","자치단체이전","자치단체자본보조","보건복지부","일반회계"," ","보건","보건의료","보건산업육성","보건산업진흥","의료기기산업 경쟁력 강화","마이크로의료로봇 개발지원 센터 구축","3850000","3850000","3813602","100.0","99.1"
"2024","자치단체이전","자치단체자본보조","보건복지부","일반회계"," ","보건","보건의료","보건산업육성","보건산업진흥","의료기기산업 경쟁력 강화","경산 ICT 융복합 어린이 재활기기 실증센터 구축","1001000","1001000","977080","100.0","97.6"
"2024","자치단체이전","자치단체자본보조","보건복지부","일반회계"," ","보건","보건의료","보건산업육성","보건산업진흥","의료기기산업 경쟁력 강화","메카노 바이오헬스 혁신의료기기 전문인력 양성센터 구축","700000","700000","670539","100.0","95.8"
"2024","자치단체이전","자치단체자본보조","보건복지부","일반회계"," ","보건","보건의료","보건산업육성","보건산업진흥","글로벌 화장품 육성 인프라 구축","오송 국제 K-뷰티스쿨 설립","2000000","2000000","4578351","100.0","228.9"
"2024","자치단체이전","자치단체자본보조","보건복지부","일반회계"," ","보건","보건의료","보건산업육성","보건산업진흥","글로벌 화장품 육성 인프라 구축","남원 천연물 화장품 시험검사임상센터 구축","4000000","4000000","4000000","100.0","100.0"
"2024","자치단체이전","자치단체자본보조","보건복지부","일반회계"," ","보건","보건의료","보건산업육성","보건산업진흥","글로벌 화장품 육성 인프라 구축","충북 글로벌 클린화장품 산업화 기반 구축","1680000","1680000","1680000","100.0","100.0"
"2024","자치단체이전","자치단체자본보조","보건복지부","일반회계"," ","보건","보건의료","보건산업육성","보건산업진흥","보건의료 인프라 연계 창업지원","바이오헬스 혁신창업 기술상용화센터 설립","3750000","3750000","3331466","100.0","88.8"
"2024","자치단체이전","자치단체자본보조","보건복지부","일반회계"," ","보건","보건의료","보건산업육성","보건산업진흥","보건의료 인프라 연계 창업지원","첨단의료기술 메디밸리창업지원센터 건립","2925000","2925000","2925000","100.0","100.0"
"2024","자치단체이전","자치단체자본보조","보건복지부","일반회계"," ","보건","보건의료","국민건강생활실천","구강건강서비스 기반조성","장애인구강진료센터","자치단체자본보조-장애인구강진료센터 설치비 지원(권역센터)","1250000","1250000","1250000","100.0","100.0"
"2024","자치단체이전","자치단체자본보조","보건복지부","일반회계"," ","보건","보건의료","국민건강생활실천","구강건강서비스 기반조성","장애인구강진료센터","자치단체자본보조-장애인구강진료센터 시설장비 교체수리비 지원(권역센터)","150000","150000","142775","100.0","95.2"
"2024","자치단체이전","자치단체자본보조","보건복지부","일반회계"," ","보건","보건의료","국민건강생활실천","정신보건시설기능보강","정신건강증진시설 확충","정신요양시설 기능보강","4933000","4925287","4239446","99.8","86.1"
"2024","자치단체이전","자치단체자본보조","보건복지부","일반회계"," ","보건","보건의료","국민건강생활실천","정신보건시설기능보강","정신건강증진시설 확충","정신재활시설 기능보강","4452000","3629230","4899599","81.5","135.0"
"2024","자치단체이전","자치단체자본보조","보건복지부","일반회계"," ","보건","보건의료","국민건강생활실천","정신보건시설기능보강","정신건강증진시설 확충","공공 정신병원 기능보강(경남도립정신병원)","1800000","1800000","1800000","100.0","100.0"
"2024","자치단체이전","자치단체자본보조","보건복지부","일반회계"," ","보건","보건의료","국민건강생활실천","정신보건시설기능보강","정신의료서비스 및 당사자 지원","정신질환자 회복지원(자본)","0","0","0","0","0"
"2024","자치단체이전","자치단체자본보조","보건복지부","일반회계"," ","보건","보건의료","국민건강생활실천","정신보건시설기능보강","정신의료서비스 및 당사자 지원","권역정신응급의료센터 운영(설치비)","210000","192500","157964","91.7","82.1"
"2024","자치단체이전","자치단체자본보조","보건복지부","일반회계"," ","보건","보건의료","국민건강생활실천","정신보건시설기능보강","정신의료서비스 및 당사자 지원","중독자 치료지원(치료보호기관 환경개선 지원)","500000","500000","500000","100.0","100.0"
"2024","자치단체이전","자치단체자본보조","보건복지부","일반회계"," ","보건","보건의료","보건의료서비스지원","의료기관 질관리 및 정책지원","의료기관안전 및 질관리","의료기관 스프링클러 설치지원","696000","470446","413926","67.6","88.0"
"2024","자치단체이전","자치단체자본보조","보건복지부","일반회계"," ","보건","보건의료","보건의료서비스지원","의료기관 질관리 및 정책지원","의료기관안전 및 질관리","수술실 안전관리 지원","0","0","5100","0","0"
"2024","자치단체이전","자치단체자본보조","보건복지부","지역균형발전특별회계","세종특별자치시계정","사회복지","아동·보육","아동보호 및 복지 강화","방과후 돌봄 지원","다함께 돌봄센터 지원(세종)","다함께돌봄센터 설치비 지원(세종)","90000","90000","98186","100.0","109.1"
"2024","자치단체이전","자치단체자본보조","보건복지부","지역균형발전특별회계","세종특별자치시계정","사회복지","아동·보육","보육지원강화","어린이집 확충 및 환경개선","어린이집 기능보강(세종)","어린이집 기능보강(세종)","71000","71000","70839","100.0","99.8"
"2024","자치단체이전","자치단체자본보조","보건복지부","지역균형발전특별회계","제주특별자치도계정","사회복지","아동·보육","아동보호 및 복지 강화","방과후 돌봄 지원","다함께 돌봄센터 지원(제주)","다함께돌봄센터 설치비 지원(제주)","225000","225000","137584","100.0","61.1"
"2024","자치단체이전","자치단체자본보조","보건복지부","지역균형발전특별회계","제주특별자치도계정","사회복지","아동·보육","보육지원강화","어린이집 확충 및 환경개선","어린이집 기능보강(제주)","어린이집 기능보강(제주)","185000","185000","182328","100.0","98.6"
"2024","자치단체이전","자치단체자본보조","보건복지부","지역균형발전특별회계","지역자율계정","사회복지","아동·보육","아동보호 및 복지 강화","방과후 돌봄 지원","다함께 돌봄센터 지원(자율)","다함께돌봄센터 설치비 지원","7776000","7776000","7647258","100.0","98.3"
"2024","자치단체이전","자치단체자본보조","보건복지부","지역균형발전특별회계","지역자율계정","보건","보건의료","공공보건의료확충","농어촌의료서비스 개선","농어촌보건소 등 이전신축(자율)","농어촌보건소 등 이전신축(자율)","46734000","46734000","33730486","100.0","72.2"
"2024","자치단체이전","자치단체자본보조","보건복지부","지역균형발전특별회계","지역지원계정","사회복지","아동·보육","아동보호 및 복지 강화","방과후 돌봄 지원","지역아동센터 지원","지역아동센터 환경개선비 지원","0","0","0","0","0"
"2024","자치단체이전","자치단체자본보조","보건복지부","지역균형발전특별회계","지역지원계정","사회복지","노인","노인생활안정","장사시설","장사시설설치","공설 장사시설 설치","41136937","41136937","34521133","100.0","83.9"
"2024","자치단체이전","자치단체자본보조","보건복지부","지역균형발전특별회계","지역지원계정","사회복지","노인","노인생활안정","장사시설","장사시설설치","재해대책비(호우피해복구)","38063","38063","172942","100.0","454.4"
"2024","자치단체이전","자치단체자본보조","보건복지부","지역균형발전특별회계","지역지원계정","사회복지","노인","노인의료보장","노인요양시설확충","노인요양시설 확충","노인요양시설 확충","18582000","17712515","19593944","95.3","110.6"
"2024","자치단체이전","자치단체자본보조","보건복지부","지역균형발전특별회계","지역지원계정","사회복지","노인","노인의료보장","노인요양시설확충","노인요양시설 확충","장기요양기관 환기시설 설치","2356000","2356000","2206411","100.0","93.7"
"2024","자치단체이전","자치단체자본보조","보건복지부","지역균형발전특별회계","지역지원계정","보건","보건의료","공공보건의료확충","농어촌의료서비스 개선","농어촌보건소 등 이전신축","농어촌보건소 등 이전신축(자율)","0","0","421175","0","0"
"2024","자치단체이전","자치단체자본보조","보건복지부","지역균형발전특별회계","지역지원계정","보건","보건의료","공공보건의료확충","지방의료원 등 육성","지역거점병원공공성강화","공공보건의료 협력체계 구축","236500","230500","180569","97.5","78.3"
"2024","자치단체이전","자치단체자본보조","보건복지부","지역균형발전특별회계","지역지원계정","보건","보건의료","공공보건의료확충","지방의료원 등 육성","지역거점병원공공성강화","지방의료원 시설장비 현대화","55768000","55768000","55491644","100.0","99.5"
"2024","자치단체이전","자치단체자본보조","보건복지부","지역균형발전특별회계","지역지원계정","보건","보건의료","공공보건의료확충","지방의료원 등 육성","지역거점병원공공성강화","기능특성화 및 감염병 대응","25310000","25310000","20525853","100.0","81.1"
"2024","자치단체이전","자치단체자본보조","보건복지부","지역균형발전특별회계","지역지원계정","보건","보건의료","공공보건의료확충","지방의료원 등 육성","지역거점병원공공성강화","경상남도의료원 진주병원 설립 지원","600000","600000","561196","100.0","93.5"
"2024","자치단체이전","자치단체자본보조","보건복지부","지역균형발전특별회계","지역지원계정","보건","보건의료","공공보건의료확충","의료취약지 지원","의료 및 분만취약지 지원","분만취약지 지원사업 설치","863000","401100","196416","46.5","49.0"
"2024","자치단체이전","자치단체자본보조","보건복지부","지역균형발전특별회계","지역지원계정","보건","보건의료","공공보건의료확충","의료취약지 지원","의료 및 분만취약지 지원","의료취약지 소아청소년과 지원사업 설치","96000","96000","84877","100.0","88.4"
"2024","자치단체이전","자치단체자본보조","산림청","농어촌구조개선특별회계","임업진흥사업계정","농림수산","임업·산촌","국제산림협력","임산물수출촉진","임산물수출촉진","임산물글로벌기반구축(지자체자본)","1000000","1000000","1439063","100.0","143.9"
"2024","자치단체이전","자치단체자본보조","산림청","농어촌구조개선특별회계","임업진흥사업계정","농림수산","임업·산촌","산림자원 및 산업육성","산림자원 육성·관리(농특)","조림","경제림 조성","38526771","38526771","43014696","100.0","111.6"
"2024","자치단체이전","자치단체자본보조","산림청","농어촌구조개선특별회계","임업진흥사업계정","농림수산","임업·산촌","산림자원 및 산업육성","산림자원 육성·관리(농특)","조림","큰나무조림","13035088","13035088","11624078","100.0","89.2"
"2024","자치단체이전","자치단체자본보조","산림청","농어촌구조개선특별회계","임업진흥사업계정","농림수산","임업·산촌","산림자원 및 산업육성","산림자원 육성·관리(농특)","조림","지역특화조림","11032358","11032358","10549844","100.0","95.6"
"2024","자치단체이전","자치단체자본보조","산림청","농어촌구조개선특별회계","임업진흥사업계정","농림수산","임업·산촌","산림자원 및 산업육성","산림자원 육성·관리(농특)","조림","선도산림경영단지","14741000","14741000","14667435","100.0","99.5"
"2024","자치단체이전","자치단체자본보조","산림청","농어촌구조개선특별회계","임업진흥사업계정","농림수산","임업·산촌","산림자원 및 산업육성","산림자원 육성·관리(농특)","조림","산불피해지 복구조림","12000000","12000000","12932517","100.0","107.8"
"2024","자치단체이전","자치단체자본보조","산림청","농어촌구조개선특별회계","임업진흥사업계정","농림수산","임업·산촌","산림자원 및 산업육성","산림자원 육성·관리(농특)","조림","내화수림대조성","3000000","3000000","2784155","100.0","92.8"
"2024","자치단체이전","자치단체자본보조","산림청","농어촌구조개선특별회계","임업진흥사업계정","농림수산","임업·산촌","산림자원 및 산업육성","산림자원 육성·관리(농특)","숲가꾸기","공공산림가꾸기 ","0","0","0","0","0"
"2024","자치단체이전","자치단체자본보조","산림청","농어촌구조개선특별회계","임업진흥사업계정","농림수산","임업·산촌","산림자원 및 산업육성","산림자원 육성·관리(농특)","숲가꾸기","정책숲가꾸기","162003000","162003000","157060731","100.0","96.9"
"2024","자치단체이전","자치단체자본보조","산림청","농어촌구조개선특별회계","임업진흥사업계정","농림수산","임업·산촌","산림자원 및 산업육성","목재 및 임산물활용(농특)","청정임산물이용증진","임산물 유통기반조성","4560000","4560000","3400946","100.0","74.6"
"2024","자치단체이전","자치단체자본보조","산림청","농어촌구조개선특별회계","임업진흥사업계정","농림수산","임업·산촌","산림자원 및 산업육성","목재 및 임산물활용(농특)","청정임산물이용증진","유통구조개선","3900000","3900000","4398681","100.0","112.8"
"2024","자치단체이전","자치단체자본보조","산림청","농어촌구조개선특별회계","임업진흥사업계정","농림수산","임업·산촌","산림자원 및 산업육성","목재 및 임산물활용(농특)","청정임산물이용증진","임산물 6차산업화 사업","0","0","825817","0","0"
"2024","자치단체이전","자치단체자본보조","산림청","농어촌구조개선특별회계","임업진흥사업계정","농림수산","임업·산촌","산림자원 및 산업육성","목재 및 임산물활용(농특)","임산물생산기반조성","친환경임산물재배관리","2100000","2100000","1583625","100.0","75.4"
"2024","자치단체이전","자치단체자본보조","산림청","농어촌구조개선특별회계","임업진흥사업계정","농림수산","임업·산촌","산림자원 및 산업육성","목재 및 임산물활용(농특)","임산물생산기반조성","임산물 생산단지 규모화","15180000","15180000","11900352","100.0","78.4"
"2024","자치단체이전","자치단체자본보조","산림청","농어촌구조개선특별회계","임업진흥사업계정","농림수산","임업·산촌","산림자원 및 산업육성","목재 및 임산물활용(농특)","임산물생산기반조성","임산물 생산기반조성","6141000","6141000","4819369","100.0","78.5"
"2024","자치단체이전","자치단체자본보조","산림청","농어촌구조개선특별회계","임업진흥사업계정","농림수산","임업·산촌","산림자원 및 산업육성","목재 및 임산물활용(농특)","임산물생산기반조성","미이용 산림자원화센터","750000","750000","1744501","100.0","232.6"
"2024","자치단체이전","자치단체자본보조","산림청","농어촌구조개선특별회계","임업진흥사업계정","농림수산","임업·산촌","산림자원 및 산업육성","목재 및 임산물활용(농특)","임산물생산기반조성","산양삼 융복합지원센터","1650000","1650000","3385873","100.0","205.2"
"2024","자치단체이전","자치단체자본보조","산림청","농어촌구조개선특별회계","임업진흥사업계정","농림수산","임업·산촌","산림자원 및 산업육성","목재 및 임산물활용(농특)","임산물생산기반조성","송이 대체작물조성","0","0","427469","0","0"
"2024","자치단체이전","자치단체자본보조","산림청","농어촌구조개선특별회계","임업진흥사업계정","농림수산","임업·산촌","산림자원 및 산업육성","목재 및 임산물활용(농특)","임산물생산기반조성","송이 대체작물조성","0","0","0","0","0"
"2024","자치단체이전","자치단체자본보조","산림청","농어촌구조개선특별회계","임업진흥사업계정","농림수산","임업·산촌","산림자원 및 산업육성","목재 및 임산물활용(농특)","목재산업육성","주택용 목재펠릿보일러 보급","648000","647400","427269","99.9","66.0"
"2024","자치단체이전","자치단체자본보조","산림청","농어촌구조개선특별회계","임업진흥사업계정","농림수산","임업·산촌","산림자원 및 산업육성","목재 및 임산물활용(농특)","목재산업육성","사회복지용 목재펠릿보일러 보급","200000","174200","147966","87.1","84.9"
"2024","자치단체이전","자치단체자본보조","산림청","농어촌구조개선특별회계","임업진흥사업계정","농림수산","임업·산촌","산림자원 및 산업육성","목재 및 임산물활용(농특)","목재산업육성","산림에너지자립마을 조성사업","0","0","468625","0","0"
"2024","자치단체이전","자치단체자본보조","산림청","농어촌구조개선특별회계","임업진흥사업계정","농림수산","임업·산촌","산림자원 및 산업육성","목재 및 임산물활용(농특)","목재산업육성","국산목재 활용 촉진사업","1000000","1000000","1064834","100.0","106.5"
"2024","자치단체이전","자치단체자본보조","산림청","농어촌구조개선특별회계","임업진흥사업계정","농림수산","임업·산촌","산림자원 및 산업육성","목재 및 임산물활용(농특)","목재산업육성","목재산업단지 조성","1000000","1000000","2000000","100.0","200.0"
"2024","자치단체이전","자치단체자본보조","산림청","농어촌구조개선특별회계","임업진흥사업계정","농림수산","임업·산촌","산림자원 및 산업육성","목재 및 임산물활용(농특)","목재산업육성","목재산업시설 현대화","480000","400000","715386","83.3","178.8"
"2024","자치단체이전","자치단체자본보조","산림청","농어촌구조개선특별회계","임업진흥사업계정","농림수산","임업·산촌","산림자원 및 산업육성","목재 및 임산물활용(농특)","목재산업육성","목재친화도시 조성","6875000","6875000","1573404","100.0","22.9"
"2024","자치단체이전","자치단체자본보조","산림청","농어촌구조개선특별회계","임업진흥사업계정","농림수산","임업·산촌","산림자원 및 산업육성","목재 및 임산물활용(농특)","목재산업육성","친환경 목조 전망대 조성","3500000","3500000","3009865","100.0","86.0"
"2024","자치단체이전","자치단체자본보조","산림청","농어촌구조개선특별회계","임업진흥사업계정","농림수산","임업·산촌","산림자원 및 산업육성","목재 및 임산물활용(농특)","목재산업육성","국산목재 목조건축 실연사업","11550000","11400000","2548428","98.7","22.4"
"2024","자치단체이전","자치단체자본보조","산림청","농어촌구조개선특별회계","임업진흥사업계정","농림수산","임업·산촌","산림자원 및 산업육성","목재 및 임산물활용(농특)","목재산업육성","산림 목재클러스터 조성","4060000","4060000","59811","100.0","1.5"
"2024","자치단체이전","자치단체자본보조","산림청","농어촌구조개선특별회계","임업진흥사업계정","농림수산","임업·산촌","산림자원 및 산업육성","목재 및 임산물활용(농특)","목재산업육성","참숯힐빙파크 조성사업","1023000","1023000","625530","100.0","61.1"
"2024","자치단체이전","자치단체자본보조","산림청","농어촌구조개선특별회계","임업진흥사업계정","농림수산","임업·산촌","산림자원 및 산업육성","목재 및 임산물활용(농특)","목재이용증진","목재유통센터 시설보완","300000","0","0","0.0","0"
"2024","자치단체이전","자치단체자본보조","산림청","농어촌구조개선특별회계","임업진흥사업계정","농림수산","임업·산촌","산림자원 및 산업육성","목재 및 임산물활용(농특)","목재이용증진","어린이 이용시설 목조화","1000000","1000000","1046880","100.0","104.7"
"2024","자치단체이전","자치단체자본보조","산림청","농어촌구조개선특별회계","임업진흥사업계정","농림수산","임업·산촌","산림자원 및 산업육성","목재 및 임산물활용(농특)","목재이용증진","경상권 목재자원화센터 조성","2500000","2500000","2500000","100.0","100.0"
"2024","자치단체이전","자치단체자본보조","산림청","농어촌구조개선특별회계","임업진흥사업계정","농림수산","임업·산촌","산림자원 및 산업육성","목재 및 임산물활용(농특)","목재이용증진","다중이용시설 실내목질화","250000","250000","81845","100.0","32.7"
"2024","자치단체이전","자치단체자본보조","산림청","농어촌구조개선특별회계","임업진흥사업계정","농림수산","임업·산촌","산림자원 및 산업육성","산림경영 경쟁력 강화(농특)","산림경영지도","산림조합특화사업","0","0","513926","0","0"
"2024","자치단체이전","자치단체자본보조","산림청","농어촌구조개선특별회계","임업진흥사업계정","농림수산","임업·산촌","산림재난관리","산림병해충 예방 및 대응(농특)","산림병해충방제","산림병해충방제(자본보조)","462000","462000","606287","100.0","131.2"
"2024","자치단체이전","자치단체자본보조","산림청","일반회계"," ","농림수산","임업·산촌","산림자원 및 산업육성","종자 및 묘목 생산·관리(일반)","묘목생산","클론생산 및 재배시설","0","0","0","0","0"
"2024","자치단체이전","자치단체자본보조","산림청","일반회계"," ","농림수산","임업·산촌","산림자원 및 산업육성","종자 및 묘목 생산·관리(일반)","묘목생산","양묘시설현대화","600000","600000","526861","100.0","87.8"
"2024","자치단체이전","자치단체자본보조","산림청","일반회계"," ","농림수산","임업·산촌","산림자원 및 산업육성","종자 및 묘목 생산·관리(일반)","묘목생산","종자채취 및 관리","618000","618000","592276","100.0","95.8"
"2024","자치단체이전","자치단체자본보조","산림청","일반회계"," ","농림수산","임업·산촌","산림자원 및 산업육성","종자 및 묘목 생산·관리(일반)","묘목생산","묘목생산기반조성","39000","39000","37400","100.0","95.9"
"2024","자치단체이전","자치단체자본보조","산림청","일반회계"," ","농림수산","임업·산촌","산림자원 및 산업육성","종자 및 묘목 생산·관리(일반)","산림생명산업","스마트 산림바이오 혁신성장거점 조성(3차기)","5425000","5425000","7862227","100.0","144.9"
"2024","자치단체이전","자치단체자본보조","산림청","일반회계"," ","농림수산","임업·산촌","산림자원 및 산업육성","종자 및 묘목 생산·관리(일반)","산림생명산업","스마트 산림바이오 혁신성장거점 조성(4차기)","2600000","2600000","2870599","100.0","110.4"
"2024","자치단체이전","자치단체자본보조","산림청","일반회계"," ","농림수산","임업·산촌","산림자원 및 산업육성","종자 및 묘목 생산·관리(일반)","산림생명산업","산림바이오 가공지원단지 조성(1차기)","1500000","1500000","175000","100.0","11.7"
"2024","자치단체이전","자치단체자본보조","산림청","일반회계"," ","농림수산","임업·산촌","산림자원 및 산업육성","종자 및 묘목 생산·관리(일반)","산림생명산업","산림바이오 가공지원단지 조성(2차기)","200000","200000","2000","100.0","1.0"
"2024","자치단체이전","자치단체자본보조","산림청","일반회계"," ","농림수산","임업·산촌","산림이용 및 복지증진","산지관리","산지관리","석재산업 진흥 기반구축 및 산업활성화","1250000","1250000","792663","100.0","63.4"
"2024","자치단체이전","자치단체자본보조","산림청","일반회계"," ","농림수산","임업·산촌","산림이용 및 복지증진","산촌활성화 지원","산촌활성화 지원","유휴산림자원의 자산화","0","0","252016","0","0"
"2024","자치단체이전","자치단체자본보조","산림청","일반회계"," ","농림수산","임업·산촌","산림이용 및 복지증진","산림복지서비스 제공·운영","산림휴양등산증진","서부권 공립등산학교","50000","50000","30431","100.0","60.9"
"2024","자치단체이전","자치단체자본보조","산림청","일반회계"," ","농림수산","임업·산촌","산림이용 및 복지증진","산림복지서비스 제공·운영","산림휴양등산증진","남부권 공립산림레포츠센터(경남 밀양)","185000","185000","0","100.0","0.0"
"2024","자치단체이전","자치단체자본보조","산림청","일반회계"," ","농림수산","임업·산촌","산림환경 보전 및 증진","산림생태보전(일반)","산림복원","산림생태복원","1067524","1067524","954954","100.0","89.5"
"2024","자치단체이전","자치단체자본보조","산림청","일반회계"," ","농림수산","임업·산촌","산림환경 보전 및 증진","산림생태보전(일반)","산림복원","대규모 산림복원","8390000","8390000","3878627","100.0","46.2"
"2024","자치단체이전","자치단체자본보조","산림청","일반회계"," ","농림수산","임업·산촌","산림환경 보전 및 증진","산림생태보전(일반)","산림복원","보호구역 산불피해지 산림생태복원","1182850","1182850","505685","100.0","42.8"
"2024","자치단체이전","자치단체자본보조","산림청","일반회계"," ","농림수산","임업·산촌","산림환경 보전 및 증진","산림생태보전(일반)","산림복원","산림복원지 유지관리","833000","833000","769607","100.0","92.4"
"2024","자치단체이전","자치단체자본보조","산림청","일반회계"," ","농림수산","임업·산촌","산림환경 보전 및 증진","산림생태보전(일반)","백두대간보전","백두대간(정맥)생태축복원","4940000","4940000","5441839","100.0","110.2"
"2024","자치단체이전","자치단체자본보조","산림청","일반회계"," ","농림수산","임업·산촌","산림환경 보전 및 증진","산림생태보전(일반)","백두대간보전","산림복원지 유지·관리","13734","13734","11866","100.0","86.4"
"2024","자치단체이전","자치단체자본보조","산림청","일반회계"," ","농림수산","임업·산촌","산림환경 보전 및 증진","산림생태보전(일반)","백두대간보전","백두대간 주민지원","4154000","4154000","3829317","100.0","92.2"
"2024","자치단체이전","자치단체자본보조","산림청","일반회계"," ","농림수산","임업·산촌","산림환경 보전 및 증진","산림생물다양성보전(일반)","산림생물다양성증진","산림유전자원보호구역 보호·관리 협약","100000","100000","96869","100.0","96.9"
"2024","자치단체이전","자치단체자본보조","산림청","일반회계"," ","농림수산","임업·산촌","산림환경 보전 및 증진","산림생물다양성보전(일반)","산림생물다양성증진","산림식물자원 보전 관리","300000","300000","300000","100.0","100.0"
"2024","자치단체이전","자치단체자본보조","산림청","일반회계"," ","농림수산","임업·산촌","산림환경 보전 및 증진","정원 조성 및 관리","정원 조성관리","스마트가든볼 설치사업","0","0","122892","0","0"
"2024","자치단체이전","자치단체자본보조","산림청","일반회계"," ","농림수산","임업·산촌","산림환경 보전 및 증진","정원 조성 및 관리","정원 조성관리","울산 정원지원센터 건립","0","0","3464450","0","0"
"2024","자치단체이전","자치단체자본보조","산림청","일반회계"," ","농림수산","임업·산촌","산림환경 보전 및 증진","정원 조성 및 관리","정원 조성관리","서남해안 생태정원도시 조성","2340000","2340000","569950","100.0","24.4"
"2024","자치단체이전","자치단체자본보조","산림청","일반회계"," ","농림수산","임업·산촌","산림환경 보전 및 증진","정원 조성 및 관리","정원 조성관리","무궁화동산 조성 · 관리","750000","750000","722400","100.0","96.3"
"2024","자치단체이전","자치단체자본보조","산림청","일반회계"," ","농림수산","임업·산촌","산림재난관리","산림재해대응(일반)","산림재해대책비","산림재해발생시 긴급복구비","89886712","89886712","58009179","100.0","64.5"
"2024","자치단체이전","자치단체자본보조","산림청","일반회계"," ","농림수산","임업·산촌","산림재난관리","산림재해대응(일반)","산림재해일자리","산림재해일자리 장기(산림병해충예찰방제단)","385000","385000","588803","100.0","152.9"
"2024","자치단체이전","자치단체자본보조","산림청","일반회계"," ","농림수산","임업·산촌","산림재난관리","산불 예방 및 대응","산불방지대책","산불방지대책(자본)","8938264","8938264","9054647","100.0","101.3"
"2024","자치단체이전","자치단체자본보조","산림청","일반회계"," ","농림수산","임업·산촌","산림재난관리","산사태 예방 및 대응(일반)","사방사업","사방시설 조성 및 유지관리","196173975","196173975","181283856","100.0","92.4"
"2024","자치단체이전","자치단체자본보조","산림청","지역균형발전특별회계","세종특별자치시계정","농림수산","임업·산촌","산림자원 및 산업육성","임도시설(지특,세종)","임도시설(세종)","임도시설(세종계정)(지자체자본)","1321000","1321000","1250657","100.0","94.7"
"2024","자치단체이전","자치단체자본보조","산림청","지역균형발전특별회계","세종특별자치시계정","농림수산","임업·산촌","산림환경 보전 및 증진","탄소흡수원조성(지특, 세종)","도시바람길숲 조성(세종)","도시바람길숲 조성(세종)","4750000","4750000","3203533","100.0","67.4"
"2024","자치단체이전","자치단체자본보조","산림청","지역균형발전특별회계","제주특별자치도계정","농림수산","임업·산촌","산림자원 및 산업육성","임도시설(지특,제주)","임도시설(제주)","임도시설(제주계정)(지자체자본)","237000","237000","236800","100.0","99.9"
"2024","자치단체이전","자치단체자본보조","산림청","지역균형발전특별회계","제주특별자치도계정","농림수산","임업·산촌","산림환경 보전 및 증진","탄소흡수원조성(지특, 제주)","도시바람길숲 조성(제주)","도시바람길숲 조성(제주)","2250000","2250000","2218075","100.0","98.6"
"2024","자치단체이전","자치단체자본보조","산림청","지역균형발전특별회계","제주특별자치도계정","농림수산","임업·산촌","산림환경 보전 및 증진","탄소흡수원조성(지특, 제주)","생활권도시숲조성(제주)","자녀안심 그린숲 조성(제주)","300000","300000","286709","100.0","95.6"
"2024","자치단체이전","자치단체자본보조","산림청","지역균형발전특별회계","제주특별자치도계정","농림수산","임업·산촌","산림환경 보전 및 증진","탄소흡수원조성(지특, 제주)","생활권도시숲조성(제주)","생활밀착형숲조성(실내정원)","750000","750000","714718","100.0","95.3"
"2024","자치단체이전","자치단체자본보조","산림청","지역균형발전특별회계","지역자율계정","농림수산","임업·산촌","산림자원 및 산업육성","임도시설(지특,자율)","임도시설(자율)","임도시설(지역자율계정)(지자체자본)","103348000","103348000","84618274","100.0","81.9"
"2024","자치단체이전","자치단체자본보조","산림청","지역균형발전특별회계","지역자율계정","농림수산","임업·산촌","산림이용 및 복지증진","산림휴양녹색공간조성(지특,자율)","산림휴양녹색공간조성(자율)","지자체자연휴양림","0","0","15011098","0","0"
"2024","자치단체이전","자치단체자본보조","산림청","지역균형발전특별회계","지역자율계정","농림수산","임업·산촌","산림이용 및 복지증진","산림휴양녹색공간조성(지특,자율)","산림휴양녹색공간조성(자율)","숲속야영장조성","0","0","1865072","0","0"
"2024","자치단체이전","자치단체자본보조","산림청","지역균형발전특별회계","지역자율계정","농림수산","임업·산촌","산림환경 보전 및 증진","탄소흡수원조성(지특, 자율)","도시바람길숲 조성(자율)","도시바람길숲 조성(자율)","39189000","39189000","28509283","100.0","72.7"
"2024","자치단체이전","자치단체자본보조","산림청","지역균형발전특별회계","지역자율계정","농림수산","임업·산촌","산림환경 보전 및 증진","탄소흡수원조성(지특, 자율)","생활권도시숲조성(자율)","자녀안심 그린숲 조성(자율)","7100000","7100000","6634120","100.0","93.4"
"2024","자치단체이전","자치단체자본보조","산림청","지역균형발전특별회계","지역자율계정","농림수산","임업·산촌","산림환경 보전 및 증진","탄소흡수원조성(지특, 자율)","생활권도시숲조성(자율)","생활밀착형숲조성(소읍지역)","9950000","9950000","8414900","100.0","84.6"
"2024","자치단체이전","자치단체자본보조","산림청","지역균형발전특별회계","지역자율계정","농림수산","임업·산촌","산림환경 보전 및 증진","탄소흡수원조성(지특, 자율)","생활권도시숲조성(자율)","생활밀착형숲조성(실내정원)","7675000","7675000","5431551","100.0","70.8"
"2024","자치단체이전","자치단체자본보조","산업통상자원부","에너지및자원사업특별회계","투자계정","산업·중소기업및에너지","에너지및자원개발","에너지자원정책","에너지이용합리화","미래 지역에너지산업 생태계 활성화","시설보조사업","0","0","417029","0","0"
"2024","자치단체이전","자치단체자본보조","산업통상자원부","에너지및자원사업특별회계","투자계정","산업·중소기업및에너지","에너지및자원개발","재생에너지및에너지신산업활성화","에너지신산업","수소산업진흥 기반구축사업","제주 그린수소 글로벌 포럼 공동 개최","0","0","0","0","0"
"2024","자치단체이전","자치단체자본보조","산업통상자원부","에너지및자원사업특별회계","투자계정","산업·중소기업및에너지","에너지및자원개발","재생에너지및에너지신산업활성화","에너지신산업","액화수소신뢰성평가센터구축","액화수소 신뢰성 평가센터 구축","6500000","6500000","4881378","100.0","75.1"
"2024","자치단체이전","자치단체자본보조","산업통상자원부","에너지및자원사업특별회계","투자계정","산업·중소기업및에너지","에너지및자원개발","에너지공급체계구축","가스수급안정","LPG 소형 저장탱크 보급","마을단위 지원","5400000","5400000","5336715","100.0","98.8"
"2024","자치단체이전","자치단체자본보조","산업통상자원부","에너지및자원사업특별회계","투자계정","산업·중소기업및에너지","에너지및자원개발","에너지공급체계구축","가스수급안정","읍·면단위(중규모) LPG배관망구축사업","읍·면단위(중규모) LPG배관망구축사업","31426000","27775614","27734483","88.4","99.9"
"2024","자치단체이전","자치단체자본보조","산업통상자원부","일반회계"," ","산업·중소기업및에너지","산업혁신지원","산업경쟁력기반구축","산업기술기반구축","다목적 해상실증 플랫폼 구축","다목적해상실증플랫폼구축","925000","925000","874985","100.0","94.6"
"2024","자치단체이전","자치단체자본보조","산업통상자원부","일반회계"," ","산업·중소기업및에너지","산업혁신지원","산업경쟁력기반구축","산업기술기반구축","소재·부품·장비산업 연계 XR 실증단지 구축사업","소재부품장비산업 연계 XR 실증단지 구축사업 ","4740000","4740000","4652573","100.0","98.2"
"2024","자치단체이전","자치단체자본보조","산업통상자원부","일반회계"," ","산업·중소기업및에너지","산업혁신지원","지역경제활성화","기업입지환경개선","산업단지환경조성","지역상생형 기업의 산단이전재배치 지원_이월","0","0","0","0","0"
"2024","자치단체이전","자치단체자본보조","산업통상자원부","일반회계"," ","산업·중소기업및에너지","산업혁신지원","지역경제활성화","지역환경개선","순직산업전사위령탑성역화사업","순직산업전사위령탑 성역화 사업","7900000","7900000","107222","100.0","1.4"
"2024","자치단체이전","자치단체자본보조","산업통상자원부","일반회계"," ","산업·중소기업및에너지","산업혁신지원","신산업진흥","바이오산업육성","바이오나노산업개방형생태계조성촉진사업","바이오인력양성지원","3365000","3365000","0","100.0","0.0"
"2024","자치단체이전","자치단체자본보조","산업통상자원부","일반회계"," ","산업·중소기업및에너지","산업혁신지원","포항지진 피해관리","포항지진 피해구제","환동해해양복합전시센터건립","환동해해양복합전시센터건립","7530000","7530000","7530000","100.0","100.0"
"2024","자치단체이전","자치단체자본보조","산업통상자원부","전력산업기반기금"," ","산업·중소기업및에너지","에너지및자원개발","재생에너지및에너지신산업활성화","재생에너지지원","풍력 너셀테스트베드 구축","풍력 너셀테스트베드 구축","4171000","4171000","0","100.0","0.0"
"2024","자치단체이전","자치단체자본보조","산업통상자원부","전력산업기반기금"," ","산업·중소기업및에너지","에너지및자원개발","재생에너지및에너지신산업활성화","에너지신산업","에너지산업 융복합단지 기반구축","에너지산업융복합단지 종합지원센터 구축 지원","3500000","3200000","2016425","91.4","63.0"
"2024","자치단체이전","자치단체자본보조","산업통상자원부","지역균형발전특별회계","세종특별자치시계정","산업·중소기업및에너지","산업혁신지원","지역경제활성화","지역투자유치활성화","지역투자촉진(세종)","지역투자촉진(세종)","3860000","3860000","294723","100.0","7.6"
"2024","자치단체이전","자치단체자본보조","산업통상자원부","지역균형발전특별회계","제주특별자치도계정","산업·중소기업및에너지","에너지및자원개발","에너지자원정책","에너지이용합리화","지역에너지절약 시설보조(제주)","지역에너지절약 시설보조(제주)","400000","400000","397361","100.0","99.3"
"2024","자치단체이전","자치단체자본보조","산업통상자원부","지역균형발전특별회계","지역자율계정","산업·중소기업및에너지","에너지및자원개발","에너지자원정책","에너지이용합리화","지역에너지절약 시설보조(자율계정)","지역에너지절약 시설보조(자율계정)","10789000","10685596","8471600","99.0","79.3"
"2024","자치단체이전","자치단체자본보조","산업통상자원부","지역균형발전특별회계","지역자율계정","산업·중소기업및에너지","에너지및자원개발","에너지자원정책","에너지이용합리화","지역에너지절약 시설보조(자율계정)","지역에너지절약 시설보조","0","0","0","0","0"
"2024","자치단체이전","자치단체자본보조","산업통상자원부","지역균형발전특별회계","지역자율계정","산업·중소기업및에너지","에너지및자원개발","에너지자원정책","에너지이용합리화","지역에너지절약 시설보조(자율계정)(제주)","지역에너지절약 시설보조(자율계정)(제주)","0","0","0","0","0"
"2024","자치단체이전","자치단체자본보조","산업통상자원부","지역균형발전특별회계","지역지원계정","산업·중소기업및에너지","산업혁신지원","지역경제활성화","지역산업경쟁력강화","사회적경제 혁신성장","사회적경제혁신타운","9440000","5390000","14283495","57.1","265.0"
"2024","자치단체이전","자치단체자본보조","산업통상자원부","지역균형발전특별회계","지역지원계정","산업·중소기업및에너지","산업혁신지원","지역경제활성화","지역투자유치활성화","지역투자촉진","지방투자촉진보조금","207862000","207050982","170583857","99.6","82.4"
"2024","자치단체이전","자치단체자본보조","산업통상자원부","지역균형발전특별회계","지역지원계정","산업·중소기업및에너지","산업혁신지원","외국인투자유치활성화","외국인투자유치활성화","외국교육연구기관 등 유치지원","GCF 콤플렉스 구축 타당성 조사용역","0","0","97351","0","0"
"2024","자치단체이전","자치단체자본보조","산업통상자원부","지역균형발전특별회계","지역지원계정","산업·중소기업및에너지","산업혁신지원","외국인투자유치활성화","외국인투자유치활성화","외국교육연구기관 등 유치지원","외국교육연구기관 등 건축비 지원","1916000","1916000","1916000","100.0","100.0"
"2024","자치단체이전","자치단체자본보조","산업통상자원부","지역균형발전특별회계","지역지원계정","산업·중소기업및에너지","산업혁신지원","외국인투자유치활성화","외국인투자유치활성화","투자유치기반조성","국내복귀투자보조","100000000","100000000","68827654","100.0","68.8"
"2024","자치단체이전","자치단체자본보조","산업통상자원부","지역균형발전특별회계","지역지원계정","교통및물류","물류등기타","경제자유구역사업추진","경제자유구역지원","기타 기반시설 지원","오송바이오메디컬지구 진입도로","619500","619500","619500","100.0","100.0"
"2024","자치단체이전","자치단체자본보조","산업통상자원부","지역균형발전특별회계","지역지원계정","교통및물류","물류등기타","경제자유구역사업추진","경제자유구역지원","기타 기반시설 지원","두동지구 진입도로","458000","458000","458000","100.0","100.0"
"2024","자치단체이전","자치단체자본보조","산업통상자원부","지역균형발전특별회계","지역지원계정","교통및물류","물류등기타","경제자유구역사업추진","경제자유구역지원","기타 기반시설 지원","세풍산단 진입도로","5600000","5600000","5600000","100.0","100.0"
"2024","자치단체이전","자치단체자본보조","산업통상자원부","지역균형발전특별회계","지역지원계정","교통및물류","물류등기타","경제자유구역사업추진","경제자유구역지원","기타 기반시설 지원","세풍산단 간선도로","0","0","0","0","0"
"2024","자치단체이전","자치단체자본보조","산업통상자원부","지역균형발전특별회계","지역지원계정","교통및물류","물류등기타","경제자유구역사업추진","경제자유구역지원","기타 기반시설 지원","영천하이테크파크지구 간선도로","2685500","2685500","2685500","100.0","100.0"
"2024","자치단체이전","자치단체자본보조","산업통상자원부","지역균형발전특별회계","지역지원계정","교통및물류","물류등기타","경제자유구역사업추진","경제자유구역지원","기타 기반시설 지원","영천하이테크파크지구 용수공급시설","1373500","1373500","2298849","100.0","167.4"
"2024","자치단체이전","자치단체자본보조","산업통상자원부","지역균형발전특별회계","지역지원계정","교통및물류","물류등기타","경제자유구역사업추진","경제자유구역지원","기타 기반시설 지원","영천하이테크파크지구 진입도로","5156000","5156000","4895316","100.0","94.9"
"2024","자치단체이전","자치단체자본보조","산업통상자원부","지역균형발전특별회계","지역지원계정","교통및물류","물류등기타","경제자유구역사업추진","경제자유구역지원","기타 기반시설 지원","웅동지구 북측 간선도로","0","0","0","0","0"
"2024","자치단체이전","자치단체자본보조","산업통상자원부","지역균형발전특별회계","지역지원계정","교통및물류","물류등기타","경제자유구역사업추진","경제자유구역지원","기타 기반시설 지원","명지지구 2단계 간선도로 확장","500000","500000","500000","100.0","100.0"
"2024","자치단체이전","자치단체자본보조","산업통상자원부","지역균형발전특별회계","지역지원계정","교통및물류","물류등기타","경제자유구역사업추진","경제자유구역지원","기타 기반시설 지원","미단시티 진입도로","2341000","2341000","2341000","100.0","100.0"
"2024","자치단체이전","자치단체자본보조","산업통상자원부","지역균형발전특별회계","지역지원계정","교통및물류","물류등기타","경제자유구역사업추진","경제자유구역지원","기타 기반시설 지원","아암물류단지 진입도로","301500","301500","301500","100.0","100.0"
"2024","자치단체이전","자치단체자본보조","산업통상자원부","지역균형발전특별회계","지역지원계정","교통및물류","물류등기타","경제자유구역사업추진","경제자유구역지원","기타 기반시설 지원","보배복합지구 간선도로","100000","100000","100000","100.0","100.0"
"2024","자치단체이전","자치단체자본보조","산업통상자원부","지역균형발전특별회계","지역지원계정","교통및물류","물류등기타","경제자유구역사업추진","경제자유구역지원","기타 기반시설 지원","송도11-1공구 1단계(첨단산업클러스터) 공동구 설치","6120000","6120000","6120000","100.0","100.0"
"2024","자치단체이전","자치단체자본보조","산업통상자원부","지역균형발전특별회계","지역지원계정","교통및물류","물류등기타","경제자유구역사업추진","경제자유구역지원","기타 기반시설 지원","두우레저단지 진입도로","0","0","0","0","0"
"2024","자치단체이전","자치단체자본보조","산업통상자원부","지역균형발전특별회계","지역지원계정","교통및물류","물류등기타","경제자유구역사업추진","경제자유구역지원","기타 기반시설 지원","명지국제신도시 진입도로","0","0","0","0","0"
"2024","자치단체이전","자치단체자본보조","산업통상자원부","지역균형발전특별회계","지역지원계정","교통및물류","물류등기타","경제자유구역사업추진","경제자유구역지원","기타 기반시설 지원","R&D지구 간선도로","2100000","2100000","1556908","100.0","74.1"
"2024","자치단체이전","자치단체자본보조","산업통상자원부","지역균형발전특별회계","지역지원계정","교통및물류","물류등기타","경제자유구역사업추진","경제자유구역지원","기타 기반시설 지원","웅동지구 진입도로","2345000","2345000","2345000","100.0","100.0"
"2024","자치단체이전","자치단체자본보조","산업통상자원부","지역균형발전특별회계","지역지원계정","교통및물류","물류등기타","경제자유구역사업추진","경제자유구역지원","기타 기반시설 지원","세풍산단 2단계 내부간선도로","900000","900000","900000","100.0","100.0"
"2024","자치단체이전","자치단체자본보조","산업통상자원부","지역균형발전특별회계","지역지원계정","교통및물류","물류등기타","경제자유구역사업추진","경제자유구역지원","기타 기반시설 지원","해룡산단 내부간선도로","2300000","2300000","2300000","100.0","100.0"
"2024","자치단체이전","자치단체자본보조","산업통상자원부","지역균형발전특별회계","지역지원계정","교통및물류","물류등기타","경제자유구역사업추진","경제자유구역지원","기타 기반시설 지원","R&D지구 2단계 간선도로","1650000","1650000","10351","100.0","0.6"
"2024","자치단체이전","자치단체자본보조","산업통상자원부","지역균형발전특별회계","지역지원계정","교통및물류","물류등기타","경제자유구역사업추진","경제자유구역지원","주요기반시설지원","경산지식산업지구 진입도로","5425000","5425000","5425000","100.0","100.0"
"2024","자치단체이전","자치단체자본보조","산업통상자원부","지역균형발전특별회계","지역지원계정","교통및물류","물류등기타","경제자유구역사업추진","경제자유구역지원","주요기반시설지원","부산진해경제자유구역(BJFEZ) 북측진입도로","1000000","0","0","0.0","0"
"2024","자치단체이전","자치단체자본보조","산업통상자원부","지역균형발전특별회계","지역지원계정","교통및물류","물류등기타","경제자유구역사업추진","경제자유구역지원","주요기반시설지원","여수경도해양관광단지 진입도로","2000000","2000000","1741500","100.0","87.1"
"2024","자치단체이전","자치단체자본보조","산업통상자원부","지역균형발전특별회계","지역지원계정","교통및물류","물류등기타","경제자유구역사업추진","경제자유구역지원","주요기반시설지원","송도5교 고가차도 건설공사","0","0","0","0","0"
"2024","자치단체이전","자치단체자본보조","새만금개발청","일반회계"," ","국토및지역개발","지역및도시","새만금 개발","새만금개발사업지원","새만금 상수도시설 건설사업","새만금 상수도시설 건설(옥구배수지)","2000000","2000000","2000000","100.0","100.0"
"2024","자치단체이전","자치단체자본보조","새만금개발청","일반회계"," ","국토및지역개발","지역및도시","새만금 개발","새만금개발사업지원","새만금 상수도시설 건설사업","새만금 상수도시설 건설(계화배수지)","0","0","0","0","0"
"2024","자치단체이전","자치단체자본보조","새만금개발청","일반회계"," ","국토및지역개발","지역및도시","새만금 개발","새만금개발사업지원","새만금지구 국가산단 미래성장센터 구축","새만금지구 국가산단 미래성장센터 구축","200000","0","0","0.0","0"
"2024","자치단체이전","자치단체자본보조","소방청","일반회계"," ","공공질서및안전","재난관리","소방정책지원","소방시설장비지원","소형 사다리차 확충","소형사다리차 확충","0","0","297989","0","0"
"2024","자치단체이전","자치단체자본보조","소방청","일반회계"," ","공공질서및안전","재난관리","소방정책지원","소방시설장비지원","산불전문 진화차 보강","산불전문 진화차 보강","0","0","1987824","0","0"
"2024","자치단체이전","자치단체자본보조","소방청","일반회계"," ","공공질서및안전","재난관리","소방정책지원","소방시설장비지원","실화재훈련시설구축","실화재훈련시설구축","5459000","5459000","2008495","100.0","36.8"
"2024","자치단체이전","자치단체자본보조","소방청","일반회계"," ","공공질서및안전","재난관리","소방정책지원","소방정보시스템구축(정보화)","소방정보시스템구축(정보화)","소방정보시스템 확산 및 지원","240000","240000","240000","100.0","100.0"
"2024","자치단체이전","자치단체자본보조","식품의약품안전처","일반회계"," ","보건","식품의약안전","위해관리 선진화","시험검사 신뢰성 확보","실험실 검사능력 강화","시도 보건환경연구원 지원(장비)","1360000","1360000","1324002","100.0","97.4"
"2024","자치단체이전","자치단체자본보조","식품의약품안전처","일반회계"," ","보건","식품의약안전","바이오생약 안전성 제고","바이오생약 안전기반 구축","천연물의약품 안전관리","천연물안전관리원 구축","4469000","4469000","2830904","100.0","63.3"
"2024","자치단체이전","자치단체자본보조","식품의약품안전처","일반회계"," ","보건","식품의약안전","바이오생약 안전성 제고","바이오생약 안전기반 구축","천연물의약품 안전관리","천연물안전관리원 구축","0","0","3072119","0","0"
"2024","자치단체이전","자치단체자본보조","여성가족부","양성평등기금"," ","사회복지","여성·가족·청소년","여성·아동인권보호","성매매방지 및 피해자 지원(기금)","성매매방지 및 피해자 지원","성매매피해자 지원기관 기능보강","491000","377219","365426","76.8","96.9"
"2024","자치단체이전","자치단체자본보조","여성가족부","양성평등기금"," ","사회복지","여성·가족·청소년","여성·아동인권보호","가정폭력·성폭력피해회복및재발방지사업","가정폭력·스토킹 방지 및 피해자 지원","가정폭력 피해자 지원시설 및 서비스 운영지원(자본보조)","424000","421906","410681","99.5","97.3"
"2024","자치단체이전","자치단체자본보조","여성가족부","양성평등기금"," ","사회복지","여성·가족·청소년","여성·아동인권보호","가정폭력·성폭력피해회복및재발방지사업","가정폭력·스토킹 방지 및 피해자 지원","여성긴급전화1366센터 운영(자본보조)","239000","239000","157052","100.0","65.7"
"2024","자치단체이전","자치단체자본보조","여성가족부","양성평등기금"," ","사회복지","여성·가족·청소년","여성·아동인권보호","가정폭력·성폭력피해회복및재발방지사업","가정폭력·스토킹 방지 및 피해자 지원","스토킹 피해자 지원시설 및 서비스 운영지원(자본보조) ","300000","300000","233804","100.0","77.9"
"2024","자치단체이전","자치단체자본보조","여성가족부","양성평등기금"," ","사회복지","여성·가족·청소년","여성·아동인권보호","가정폭력·성폭력피해회복및재발방지사업","폭력피해이주여성지원사업","폭력피해이주여성보호시설 안전보강","117000","117000","115662","100.0","98.9"
"2024","자치단체이전","자치단체자본보조","여성가족부","양성평등기금"," ","사회복지","여성·가족·청소년","가족정책 및 돌봄 지원","한부모가족지원(기금)","한부모가족 복지시설지원","시설 기능보강 지원","864000","863469","841324","99.9","97.4"
"2024","자치단체이전","자치단체자본보조","여성가족부","지역균형발전특별회계","제주특별자치도계정","사회복지","여성·가족·청소년","가족정책 및 돌봄 지원","가족친화환경조성","가족센터 건립","가족센터 건립(제주계정)","0","0","0","0","0"
"2024","자치단체이전","자치단체자본보조","여성가족부","지역균형발전특별회계","지역자율계정","사회복지","여성·가족·청소년","가족정책 및 돌봄 지원","가족친화환경조성","가족센터 건립(자율)","가족센터 건립(지역자율계정)","9050000","8750000","15346243","96.7","175.4"
"2024","자치단체이전","자치단체자본보조","여성가족부","지역균형발전특별회계","지역지원계정","사회복지","여성·가족·청소년","가족정책 및 돌봄 지원","가족친화환경조성","가족센터 건립","가족센터 건립(이월)","0","0","557975","0","0"
"2024","자치단체이전","자치단체자본보조","여성가족부","청소년육성기금"," ","사회복지","여성·가족·청소년","청소년정책및역량강화","청소년 사회안전망구축","청소년 사회안전망구축","학교 밖 청소년 전용공간 지원","350000","350000","343091","100.0","98.0"
"2024","자치단체이전","자치단체자본보조","여성가족부","청소년육성기금"," ","사회복지","여성·가족·청소년","청소년정책및역량강화","청소년 사회안전망구축","청소년복지시설 운영지원","청소년복지시설 기능보강","100000","100000","99571","100.0","99.6"
"2024","자치단체이전","자치단체자본보조","중소벤처기업부","소상공인시장진흥기금"," ","산업·중소기업및에너지","중소기업및소상공인육성","소상공인·전통시장지원","소상공인지원(기금)","소공인특화지원","소공인복합지원센터 구축운영(자치단체자본보조)","0","0","395794","0","0"
"2024","자치단체이전","자치단체자본보조","중소벤처기업부","소상공인시장진흥기금"," ","산업·중소기업및에너지","중소기업및소상공인육성","소상공인·전통시장지원","소상공인지원(기금)","소공인특화지원","소공인지원센터설치·운영","2000000","2000000","1488703","100.0","74.4"
"2024","자치단체이전","자치단체자본보조","중소벤처기업부","일반회계"," ","산업·중소기업및에너지","창업및벤처","창업환경조성","창업활성화지원","창업저변확대","지역혁신창업활성화지원","4500000","4500000","2973698","100.0","66.1"
"2024","자치단체이전","자치단체자본보조","중소벤처기업부","지역균형발전특별회계","세종특별자치시계정","산업·중소기업및에너지","창업및벤처","창업환경조성","창업인프라지원(지특)","지식산업센터(세종)","지식산업센터건립(세종)","5200000","5200000","4571805","100.0","87.9"
"2024","자치단체이전","자치단체자본보조","중소벤처기업부","지역균형발전특별회계","세종특별자치시계정","산업·중소기업및에너지","중소기업및소상공인육성","소상공인·전통시장지원","전통시장및중소유통물류기반조성(지특)","상권활성화 사업(세종)","상권활성화 사업(세종, 자본)","689000","0","0","0.0","0"
"2024","자치단체이전","자치단체자본보조","중소벤처기업부","지역균형발전특별회계","제주특별자치도계정","산업·중소기업및에너지","창업및벤처","창업환경조성","창업인프라지원(지특)","지식산업센터(제주)","지식산업센터건립(제주)","4249000","4249000","6422069","100.0","151.1"
"2024","자치단체이전","자치단체자본보조","중소벤처기업부","지역균형발전특별회계","제주특별자치도계정","산업·중소기업및에너지","중소기업및소상공인육성","소상공인·전통시장지원","전통시장활성화지원","전통시장 주차환경 개선(제주)","전통시장 주차환경개선(공영주차장 건립-자치단체 자본보조)","2880000","2880000","3524473","100.0","122.4"
"2024","자치단체이전","자치단체자본보조","중소벤처기업부","지역균형발전특별회계","지역자율계정","산업·중소기업및에너지","창업및벤처","창업환경조성","창업인프라지원(지특)","지식산업센터(자율)","지식산업센터건립","63770000","63770000","57418184","100.0","90.0"
"2024","자치단체이전","자치단체자본보조","중소벤처기업부","지역균형발전특별회계","지역자율계정","산업·중소기업및에너지","중소기업및소상공인육성","지역중소기업육성","지역기업경쟁력강화","민관협력 중소벤처 스마트 혁신지구 조성(자율)","민관협력 중소벤처 스마트 혁신지구 조성","4000000","4000000","3973543","100.0","99.3"
"2024","자치단체이전","자치단체자본보조","중소벤처기업부","지역균형발전특별회계","지역자율계정","산업·중소기업및에너지","중소기업및소상공인육성","소상공인·전통시장지원","전통시장활성화지원","전통시장 주차환경 개선(자율)","전통시장 주차환경개선(공영주차장 건립-자치단체 자본보조)","30005000","30005000","33642554","100.0","112.1"
"2024","자치단체이전","자치단체자본보조","중소벤처기업부","지역균형발전특별회계","지역자율계정","산업·중소기업및에너지","중소기업및소상공인육성","소상공인·전통시장지원","전통시장활성화지원","전통시장 주차환경 개선(자율)","전통시장 주차환경개선(개보수-자치단체 자본보조)","1794000","1794000","1757065","100.0","97.9"
"2024","자치단체이전","자치단체자본보조","중소벤처기업부","지역균형발전특별회계","지역자율계정","산업·중소기업및에너지","중소기업및소상공인육성","소상공인·전통시장지원","전통시장활성화지원","상권활성화 사업(자율)","상권활성화 사업(자율, 자본)","673000","673000","670402","100.0","99.6"
"2024","자치단체이전","자치단체자본보조","중소벤처기업부","지역균형발전특별회계","지역지원계정","산업·중소기업및에너지","중소기업및소상공인육성","지역중소기업육성","지역산업경쟁력강화","지역특화산업육성","대전테크노파크 조성사업","0","0","0","0","0"
"2024","자치단체이전","자치단체자본보조","질병관리청","일반회계"," ","보건","보건의료","감염병정책관리","한센병관리","한센병환자관리지원","한센병환자관리지원 자치단체 자본보조","725000","725000","682623","100.0","94.2"
"2024","자치단체이전","자치단체자본보조","질병관리청","일반회계"," ","보건","보건의료","감염병위기대응","위기대응분석","역학조사 역량 강화 및 연구기반 조성","역학조사 체계 고도화 및 분석역량 강화(환기평가 체계 구축운영_장비지원)","0","0","0","0","0"
"2024","자치단체이전","자치단체자본보조","질병관리청","일반회계"," ","보건","보건의료","감염병위기대응","감염병관리","권역 감염병 전문병원 구축","충청권 감염병전문병원 감염병동 구축","0","0","0","0","0"
"2024","자치단체이전","자치단체자본보조","질병관리청","일반회계"," ","보건","보건의료","감염병위기대응","감염병관리","권역 감염병 전문병원 구축","경북권 감염병전문병원 감염병동 구축","0","0","0","0","0"
"2024","자치단체이전","자치단체자본보조","질병관리청","일반회계"," ","보건","보건의료","감염병위기대응","감염병관리","권역 감염병 전문병원 구축","호남권 감염병전문병원 감염병동 구축","6388000","6388000","6388000","100.0","100.0"
"2024","자치단체이전","자치단체자본보조","질병관리청","일반회계"," ","보건","보건의료","감염병위기대응","감염병관리","권역 감염병 전문병원 구축","경남권 감염병전문병원 감염병동 구축","0","0","0","0","0"
"2024","자치단체이전","자치단체자본보조","질병관리청","일반회계"," ","보건","보건의료","감염병위기대응","감염병관리","권역 감염병 전문병원 구축","수도권 감염병전문병원 감염병동 구축","0","0","0","0","0"
"2024","자치단체이전","자치단체자본보조","통일부","남북협력기금"," ","통일·외교","통일","개성공단 등 남북경제협력","남북경제협력기반조성","DMZ 평화적 이용","DMZ 평화의 길 (인프라 구축) 이월","0","0","1473561","0","0"
"2024","자치단체이전","자치단체자본보조","통일부","남북협력기금"," ","통일·외교","통일","개성공단 등 남북경제협력","남북경제협력기반조성","DMZ 평화적 이용","DMZ 평화의 길(비마교 복구)_이월","0","0","843028","0","0"
"2024","자치단체이전","자치단체자본보조","통일부","일반회계"," ","통일·외교","통일","통일정책","평화통일기반조성","국내통일기반조성","충청 통일+센터 설치 및 운영","2000000","2000000","1537176","100.0","76.9"
"2024","자치단체이전","자치단체자본보조","통일부","일반회계"," ","통일·외교","통일","통일정책","평화통일기반조성","국내통일기반조성","경기 통일+센터 설치 및 운영","1000000","1000000","3117940","100.0","311.8"
"2024","자치단체이전","자치단체자본보조","통일부","일반회계"," ","통일·외교","통일","통일정책","평화통일기반조성","국내통일기반조성","강원 통일+센터 설치 및 운영","300000","300000","306724","100.0","102.2"
"2024","자치단체이전","자치단체자본보조","해양수산부","교통시설특별회계","항만계정","교통및물류","해운·항만","항만개발 및 관리","신항만 개발","광양항(3단계)","배후도로 확포장","2228000","2228000","585801","100.0","26.3"
"2024","자치단체이전","자치단체자본보조","해양수산부","교통시설특별회계","항만계정","교통및물류","해운·항만","항만개발 및 관리","주요항 건설","인천남항","아암물류2단지 접속 지하차도(아암지하차도 건설공사)","100000","100000","6891071","100.0","6891.1"
"2024","자치단체이전","자치단체자본보조","해양수산부","농어촌구조개선특별회계","구조개선사업계정","농림수산","수산·어촌","수산식품고부가가치화","식품산업육성","수산식품 수출단지 조성","수산식품 수출단지 조성","15098000","15098000","20751759","100.0","137.4"
"2024","자치단체이전","자치단체자본보조","해양수산부","농어촌구조개선특별회계","구조개선사업계정","농림수산","수산·어촌","수산식품고부가가치화","식품산업육성","천일염산업육성","천일염생산·유통시설지원","573000","573000","471000","100.0","82.2"
"2024","자치단체이전","자치단체자본보조","해양수산부","농어촌구조개선특별회계","구조개선사업계정","농림수산","수산·어촌","수산식품고부가가치화","식품산업육성","수산식품산업육성","스마트가공종합단지","1000000","1000000","14316","100.0","1.4"
"2024","자치단체이전","자치단체자본보조","해양수산부","농어촌구조개선특별회계","구조개선사업계정","농림수산","수산·어촌","수산식품고부가가치화","식품산업육성","수산식품산업육성","가공설비지원","2117000","2117000","2560146","100.0","120.9"
"2024","자치단체이전","자치단체자본보조","해양수산부","농어촌구조개선특별회계","구조개선사업계정","농림수산","수산·어촌","수산식품고부가가치화","식품산업육성","수산식품산업육성","해조류공동배출시설","2000000","2000000","1230216","100.0","61.5"
"2024","자치단체이전","자치단체자본보조","해양수산부","농어촌구조개선특별회계","구조개선사업계정","농림수산","수산·어촌","수산식품고부가가치화","수산물 수출지원","수산물해외시장개척","활어컨테이너제작","135000","0","0","0.0","0"
"2024","자치단체이전","자치단체자본보조","해양수산부","농어촌구조개선특별회계","구조개선사업계정","농림수산","수산·어촌","수산식품고부가가치화","수산물 수출지원","수산물해외시장개척","활전복컨테이너제작","0","0","300000","0","0"
"2024","자치단체이전","자치단체자본보조","해양수산부","농어촌구조개선특별회계","구조개선사업계정","농림수산","수산·어촌","수산식품고부가가치화","수산물 수출지원","수산물해외시장개척","김산업 진흥구역 지원","3000000","3000000","3124101","100.0","104.1"
"2024","자치단체이전","자치단체자본보조","해양수산부","농어촌구조개선특별회계","구조개선사업계정","농림수산","수산·어촌","수산물 유통 및 안전관리","수산물유통개선(농특)","부산공동어시장 현대화","부산공동어시장 현대화 ","41438000","41438000","8218310","100.0","19.8"
"2024","자치단체이전","자치단체자본보조","해양수산부","농어촌구조개선특별회계","구조개선사업계정","농림수산","수산·어촌","수산물 유통 및 안전관리","수산물유통개선(농특)","유통단계 위생안전체계 구축","산지 위생안전 체계 구축","666284","197021","219533","29.6","111.4"
"2024","자치단체이전","자치단체자본보조","해양수산부","농어촌구조개선특별회계","구조개선사업계정","농림수산","수산·어촌","수산물 유통 및 안전관리","수산물유통개선(농특)","유통단계 위생안전체계 구축","위판장 현대화 모델 구축","0","0","3756056","0","0"
"2024","자치단체이전","자치단체자본보조","해양수산부","농어촌구조개선특별회계","구조개선사업계정","농림수산","수산·어촌","수산물 유통 및 안전관리","수산물유통개선(농특)","유통단계 위생안전체계 구축","저온친환경 위판장","12060000","9510000","1594916","78.9","16.8"
"2024","자치단체이전","자치단체자본보조","해양수산부","농어촌구조개선특별회계","구조개선사업계정","농림수산","수산·어촌","수산물 유통 및 안전관리","수산물유통개선(농특)","유통단계 위생안전체계 구축","수산물 도매시장 냉동냉장창고","0","0","1190252","0","0"
"2024","자치단체이전","자치단체자본보조","해양수산부","농어촌구조개선특별회계","구조개선사업계정","농림수산","수산·어촌","수산물 유통 및 안전관리","수산물유통개선(농특)","유통단계 위생안전체계 구축","부산 국제수산물도매시장 유통시설개선","1400000","1400000","417580","100.0","29.8"
"2024","자치단체이전","자치단체자본보조","해양수산부","농어촌구조개선특별회계","구조개선사업계정","농림수산","수산·어촌","수산물 유통 및 안전관리","수산물유통개선(농특)","통영권 거점 위판장 현대화 지원","통영권 거점 위판장 현대화 지원","460000","460000","0","100.0","0.0"
"2024","자치단체이전","자치단체자본보조","해양수산부","농어촌구조개선특별회계","구조개선사업계정","농림수산","수산·어촌","수산물 유통 및 안전관리","안전한수산물공급관리(농특)","수산물 위생관리","생산해역 관리 및 수출기반 조성(패류생산 지정해역 공중화장실 설치)","400000","400000","450840","100.0","112.7"
"2024","자치단체이전","자치단체자본보조","해양수산부","농어촌구조개선특별회계","구조개선사업계정","농림수산","수산·어촌","수산물 유통 및 안전관리","안전한수산물공급관리(농특)","수산물 위생관리","유해물질 안전관리 강화(방사능 장비 지원)","600000","600000","579968","100.0","96.7"
"2024","자치단체이전","자치단체자본보조","해양수산부","농어촌구조개선특별회계","구조개선사업계정","농림수산","수산·어촌","수산물 유통 및 안전관리","안전한수산물공급관리(농특)","수산생물질병관리","방역사업비(장비구축)","96000","96000","95242","100.0","99.2"
"2024","자치단체이전","자치단체자본보조","해양수산부","농어촌구조개선특별회계","구조개선사업계정","농림수산","수산·어촌","수산물 유통 및 안전관리","안전한수산물공급관리(농특)","수산생물질병관리","양식수산물 폐사체 처리 지원","450000","450000","323556","100.0","71.9"
"2024","자치단체이전","자치단체자본보조","해양수산부","농어촌구조개선특별회계","구조개선사업계정","농림수산","수산·어촌","수산자원 관리 및 조성","친환경양식육성(농특)","환경친화형 양식배합사료 지원","친환경 배합사료 공장건립","500000","500000","0","100.0","0.0"
"2024","자치단체이전","자치단체자본보조","해양수산부","농어촌구조개선특별회계","구조개선사업계정","농림수산","수산·어촌","수산자원 관리 및 조성","친환경양식육성(농특)","환경친화형 양식배합사료 지원","양어사료 전문 생산시설 구축","0","0","1639898","0","0"
"2024","자치단체이전","자치단체자본보조","해양수산부","농어촌구조개선특별회계","구조개선사업계정","농림수산","수산·어촌","수산자원 관리 및 조성","친환경양식육성(농특)","친환경양식어업육성","양식창업및시설지원(양식기술기반구축)","2122000","1431000","1431000","67.4","100.0"
"2024","자치단체이전","자치단체자본보조","해양수산부","농어촌구조개선특별회계","구조개선사업계정","농림수산","수산·어촌","수산자원 관리 및 조성","친환경양식육성(농특)","친환경양식어업육성","양식창업및시설지원(첨단친환경양식시스템지원)","5035000","3726100","724519","74.0","19.4"
"2024","자치단체이전","자치단체자본보조","해양수산부","농어촌구조개선특별회계","구조개선사업계정","농림수산","수산·어촌","수산자원 관리 및 조성","친환경양식육성(농특)","친환경양식어업육성","스마트양식클러스터조성(테스트베드)","10700000","10700000","15250374","100.0","142.5"
"2024","자치단체이전","자치단체자본보조","해양수산부","농어촌구조개선특별회계","구조개선사업계정","농림수산","수산·어촌","수산자원 관리 및 조성","친환경양식육성(농특)","친환경양식어업육성","스마트양식클러스터조성(배후부지기반조성)","4600000","4600000","1438721","100.0","31.3"
"2024","자치단체이전","자치단체자본보조","해양수산부","농어촌구조개선특별회계","구조개선사업계정","농림수산","수산·어촌","수산자원 관리 및 조성","친환경양식육성(농특)","친환경양식어업육성","공동생산시설지원(멍게공동생산시설)","1925000","1925000","2320385","100.0","120.5"
"2024","자치단체이전","자치단체자본보조","해양수산부","농어촌구조개선특별회계","구조개선사업계정","농림수산","수산·어촌","수산자원 관리 및 조성","친환경양식육성(농특)","친환경양식어업육성","공동생산시설지원(친환경개체굴생산시설)","2000000","1000000","0","50.0","0.0"
"2024","자치단체이전","자치단체자본보조","해양수산부","농어촌구조개선특별회계","구조개선사업계정","농림수산","수산·어촌","수산자원 관리 및 조성","친환경양식육성(농특)","친환경양식어업육성","참조기양식산업화센터","1800000","1800000","1800000","100.0","100.0"
"2024","자치단체이전","자치단체자본보조","해양수산부","농어촌구조개선특별회계","구조개선사업계정","농림수산","수산·어촌","수산자원 관리 및 조성","친환경양식육성(농특)","친환경양식어업육성","스마트양식빅데이터센터구축 ","2000000","2000000","0","100.0","0.0"
"2024","자치단체이전","자치단체자본보조","해양수산부","농어촌구조개선특별회계","구조개선사업계정","농림수산","수산·어촌","수산자원 관리 및 조성","친환경양식육성(농특)","친환경양식어업육성","연어류및스틸헤드등양식산업화사업","326000","0","0","0.0","0"
"2024","자치단체이전","자치단체자본보조","해양수산부","농어촌구조개선특별회계","구조개선사업계정","농림수산","수산·어촌","수산자원 관리 및 조성","친환경양식육성(농특)","친환경 어구보급","굴 껍데기 자원화 시설구축","2800000","2800000","4379900","100.0","156.4"
"2024","자치단체이전","자치단체자본보조","해양수산부","농어촌구조개선특별회계","구조개선사업계정","농림수산","수산·어촌","수산자원 관리 및 조성","친환경양식육성(농특)","수산종자산업육성","친환경 종자생산시설 지원","360000","360000","360000","100.0","100.0"
"2024","자치단체이전","자치단체자본보조","해양수산부","농어촌구조개선특별회계","구조개선사업계정","농림수산","수산·어촌","수산자원 관리 및 조성","친환경양식육성(농특)","친환경 에너지절감장비 보급","노후기관,장비,설비 대체","4179000","4179000","3752617","100.0","89.8"
"2024","자치단체이전","자치단체자본보조","해양수산부","농어촌구조개선특별회계","구조개선사업계정","농림수산","수산·어촌","수산자원 관리 및 조성","친환경양식육성(농특)","양식수산물 전략품목 육성","재해대응 중층침설식 가두리 지원","0","0","0","0","0"
"2024","자치단체이전","자치단체자본보조","해양수산부","농어촌구조개선특별회계","구조개선사업계정","농림수산","수산·어촌","수산자원 관리 및 조성","친환경양식육성(농특)","양식수산물 전략품목 육성","양식수산물 규격화 지원","0","0","310000","0","0"
"2024","자치단체이전","자치단체자본보조","해양수산부","농어촌구조개선특별회계","구조개선사업계정","농림수산","수산·어촌","수산자원 관리 및 조성","친환경양식육성(농특)","양식수산물 전략품목 육성","청정어장 굴 전략품목 육성 지원","3960000","3420000","371255","86.4","10.9"
"2024","자치단체이전","자치단체자본보조","해양수산부","농어촌구조개선특별회계","구조개선사업계정","농림수산","수산·어촌","수산자원 관리 및 조성","친환경양식육성(농특)","관상어산업육성","내수면관상어비지니스센터건립","0","0","3426525","0","0"
"2024","자치단체이전","자치단체자본보조","해양수산부","농어촌구조개선특별회계","구조개선사업계정","농림수산","수산·어촌","수산자원 관리 및 조성","친환경양식육성(농특)","관상어산업육성","관상어체험전시시설설치","2800000","2800000","3167817","100.0","113.1"
"2024","자치단체이전","자치단체자본보조","해양수산부","농어촌구조개선특별회계","구조개선사업계정","농림수산","수산·어촌","수산자원 관리 및 조성","친환경양식육성(농특)","관상어산업육성","환동해 관상어펫 플라자 건립","600000","600000","0","100.0","0.0"
"2024","자치단체이전","자치단체자본보조","해양수산부","농어촌구조개선특별회계","구조개선사업계정","농림수산","수산·어촌","수산자원 관리 및 조성","친환경양식육성(농특)","수산부산물 자원순환 기반구축","굴 껍데기 전처리 시설 지원","1545000","1545000","1387417","100.0","89.8"
"2024","자치단체이전","자치단체자본보조","해양수산부","농어촌구조개선특별회계","구조개선사업계정","농림수산","수산·어촌","수산자원 관리 및 조성","내수면어업","내수면자원조성","인공산란장조성","0","0","15200","0","0"
"2024","자치단체이전","자치단체자본보조","해양수산부","농어촌구조개선특별회계","구조개선사업계정","농림수산","수산·어촌","수산자원 관리 및 조성","내수면어업","내수면자원조성","어도개보수","1500000","1500000","1397618","100.0","93.2"
"2024","자치단체이전","자치단체자본보조","해양수산부","농어촌구조개선특별회계","구조개선사업계정","농림수산","수산·어촌","수산자원 관리 및 조성","내수면어업","내수면자원조성","내수면양식단지조성","725000","725000","725000","100.0","100.0"
"2024","자치단체이전","자치단체자본보조","해양수산부","농어촌구조개선특별회계","구조개선사업계정","농림수산","수산·어촌","수산자원 관리 및 조성","내수면어업","내수면자원조성","유휴저수지자원화","370000","0","0","0.0","0"
"2024","자치단체이전","자치단체자본보조","해양수산부","농어촌구조개선특별회계","구조개선사업계정","농림수산","수산·어촌","수산자원 관리 및 조성","내수면어업","내수면자원조성","내수면스마트양식장 시범단지 조성","750000","750000","750000","100.0","100.0"
"2024","자치단체이전","자치단체자본보조","해양수산부","농어촌구조개선특별회계","구조개선사업계정","농림수산","수산·어촌","수산자원 관리 및 조성","내수면어업","내수면자원조성","충남 당진 간척지 스마트 양식단지 조성","1000000","1000000","0","100.0","0.0"
"2024","자치단체이전","자치단체자본보조","해양수산부","농어촌구조개선특별회계","구조개선사업계정","농림수산","수산·어촌","수산자원 관리 및 조성","내수면어업","내수면자원조성","전북 김제 내수면창업비즈니스센터 건립","1000000","1000000","0","100.0","0.0"
"2024","자치단체이전","자치단체자본보조","해양수산부","농어촌구조개선특별회계","구조개선사업계정","농림수산","수산·어촌","수산자원 관리 및 조성","자율관리어업육성","자율관리어업육성","자율관리어업 육성사업비","4951000","4951000","4859954","100.0","98.2"
"2024","자치단체이전","자치단체자본보조","해양수산부","농어촌구조개선특별회계","구조개선사업계정","농림수산","수산·어촌","수산자원 관리 및 조성","수산자원조성","수산자원조성사업지원","양양 남대천 연어 자연산란장 조성","50000","50000","50000","100.0","100.0"
"2024","자치단체이전","자치단체자본보조","해양수산부","농어촌구조개선특별회계","구조개선사업계정","농림수산","수산·어촌","수산자원 관리 및 조성","수산자원조성","수산자원조성사업지원","환동해 블루카본센터 건립","1400000","1400000","0","100.0","0.0"
"2024","자치단체이전","자치단체자본보조","해양수산부","농어촌구조개선특별회계","구조개선사업계정","농림수산","수산·어촌","어촌어항활성화","어촌어항관광기반조성(농특)","어촌활력기반구축","어촌체험휴양마을 고도화","0","0","195068","0","0"
"2024","자치단체이전","자치단체자본보조","해양수산부","농어촌구조개선특별회계","구조개선사업계정","농림수산","수산·어촌","어촌어항활성화","어촌어항관광기반조성(농특)","어촌활력기반구축","어업유산 보전 및 활용","0","0","204551","0","0"
"2024","자치단체이전","자치단체자본보조","해양수산부","농어촌구조개선특별회계","구조개선사업계정","농림수산","수산·어촌","어촌어항활성화","어촌어항관광기반조성(농특)","어촌활력기반구축","어촌유휴시설 활용 어촌특화산업육성","0","0","441349","0","0"
"2024","자치단체이전","자치단체자본보조","해양수산부","농어촌구조개선특별회계","구조개선사업계정","농림수산","수산·어촌","어촌어항활성화","어촌어항관광기반조성(농특)","어촌활력기반구축","국가중요어업유산 사후관리","0","0","50000","0","0"
"2024","자치단체이전","자치단체자본보조","해양수산부","농어촌구조개선특별회계","구조개선사업계정","농림수산","수산·어촌","어촌어항활성화","어촌어항관광기반조성(농특)","어촌활력기반구축","국가중요어업유산 사후관리(세계중요농업유산 등재)","0","0","78860","0","0"
"2024","자치단체이전","자치단체자본보조","해양수산부","농어촌구조개선특별회계","구조개선사업계정","농림수산","수산·어촌","어촌어항활성화","귀어귀촌지원","귀어귀촌활성화","귀어학교 개설","0","0","500000","0","0"
"2024","자치단체이전","자치단체자본보조","해양수산부","농어촌구조개선특별회계","구조개선사업계정","농림수산","수산·어촌","어촌어항활성화","귀어귀촌지원","귀어귀촌활성화","우수어촌계지원","0","0","192657","0","0"
"2024","자치단체이전","자치단체자본보조","해양수산부","농어촌구조개선특별회계","구조개선사업계정","농림수산","수산·어촌","어업인소득안정지원","수산경영안정","어업인교육훈련 및 기술지원","수산계고교특성화(실습장비)","500000","500000","173042","100.0","34.6"
"2024","자치단체이전","자치단체자본보조","해양수산부","농어촌구조개선특별회계","구조개선사업계정","농림수산","수산·어촌","어업인소득안정지원","수산경영안정","어업인교육훈련 및 기술지원","지도분석 장비구입","150000","150000","149529","100.0","99.7"
"2024","자치단체이전","자치단체자본보조","해양수산부","농어촌구조개선특별회계","구조개선사업계정","농림수산","수산·어촌","어업인소득안정지원","수산경영안정","수산장비(임대)활용(지자체)","수산장비임대","400000","400000","416560","100.0","104.1"
"2024","자치단체이전","자치단체자본보조","해양수산부","농어촌구조개선특별회계","구조개선사업계정","농림수산","수산·어촌","어업인소득안정지원","수산경영안정","수산장비(임대)활용(지자체)","수산양식기자재 클러스터 조성","2500000","2500000","0","100.0","0.0"
"2024","자치단체이전","자치단체자본보조","해양수산부","농어촌구조개선특별회계","구조개선사업계정","농림수산","수산·어촌","어업인소득안정지원","수산경영안정","수산장비(임대)활용(지자체)","수산기자재 시험인증센터 구축","1000000","0","0","0.0","0"
"2024","자치단체이전","자치단체자본보조","해양수산부","농어촌구조개선특별회계","구조개선사업계정","농림수산","수산·어촌","어업인소득안정지원","수산경영안정","어업인삶의질향상","낙도지역 어업인 안전쉼터 조성","0","0","44440","0","0"
"2024","자치단체이전","자치단체자본보조","해양수산부","농어촌구조개선특별회계","구조개선사업계정","농림수산","수산·어촌","어업인소득안정지원","수산경영안정","어업인삶의질향상","외국인어업근로자 복지회관 건립","600000","600000","329978","100.0","55.0"
"2024","자치단체이전","자치단체자본보조","해양수산부","농어촌구조개선특별회계","구조개선사업계정","농림수산","수산·어촌","어업인소득안정지원","재해대책","양식등재해대책비","이상수온 대응 지원사업","3783000","3783000","3579821","100.0","94.6"
"2024","자치단체이전","자치단체자본보조","해양수산부","농어촌구조개선특별회계","구조개선사업계정","농림수산","수산·어촌","어업인소득안정지원","재해대책","양식등재해대책비","지방어항 등 피해복구","2000000","0","0","0.0","0"
"2024","자치단체이전","자치단체자본보조","해양수산부","농어촌구조개선특별회계","구조개선사업계정","농림수산","수산·어촌","어업인소득안정지원","수산행정정보화(정보화)","수산정보화(정보화)","수산 ICT융합 지원사업","0","0","71961","0","0"
"2024","자치단체이전","자치단체자본보조","해양수산부","농어촌구조개선특별회계","농어촌특별세사업계정","농림수산","수산·어촌","어촌어항활성화","어항기반시설조성(농특)","어촌뉴딜 300","내륙어촌 재생사업","0","0","0","0","0"
"2024","자치단체이전","자치단체자본보조","해양수산부","수산발전기금"," ","환경","해양환경","해양환경보전","해양환경개선(기금)","해양폐기물정화사업","해양쓰레기 집하장 설치 ","0","0","53388","0","0"
"2024","자치단체이전","자치단체자본보조","해양수산부","수산발전기금"," ","환경","해양환경","해양환경보전","해양환경개선(기금)","해양폐기물정화사업","도서지역 쓰레기 관리","0","0","945398","0","0"
"2024","자치단체이전","자치단체자본보조","해양수산부","수산발전기금"," ","환경","해양환경","해양환경보전","해양환경개선(기금)","해양생태계 서식처 기능개선 복원사업","해양생태과학관조성","2800000","2800000","0","100.0","0.0"
"2024","자치단체이전","자치단체자본보조","해양수산부","에너지및자원사업특별회계","투자계정","농림수산","수산·어촌","수산자원 관리 및 조성","친환경양식육성(에특)","친환경에너지보급 및 용수관리","친환경에너지보급(히트펌프)","17442000","17442000","16283116","100.0","93.4"
"2024","자치단체이전","자치단체자본보조","해양수산부","에너지및자원사업특별회계","투자계정","농림수산","수산·어촌","수산자원 관리 및 조성","친환경양식육성(에특)","친환경에너지보급 및 용수관리","친환경에너지보급(인버터)","1087000","1087000","1021075","100.0","93.9"
"2024","자치단체이전","자치단체자본보조","해양수산부","에너지및자원사업특별회계","투자계정","농림수산","수산·어촌","수산자원 관리 및 조성","친환경양식육성(에특)","친환경에너지보급 및 용수관리","전기추진기 보급사업","0","0","0","0","0"
"2024","자치단체이전","자치단체자본보조","해양수산부","에너지및자원사업특별회계","투자계정","농림수산","수산·어촌","수산자원 관리 및 조성","친환경양식육성(에특)","친환경에너지보급 및 용수관리","수산가공분야 에너지절감시설 보급","1650000","1650000","1075000","100.0","65.2"
"2024","자치단체이전","자치단체자본보조","해양수산부","일반회계"," ","환경","해양환경","해양환경보전","해양생태계 보전 및 복원","해양보호구역관리","해양보호구역관리(자본보조)_이월","0","0","376184","0","0"
"2024","자치단체이전","자치단체자본보조","해양수산부","일반회계"," ","환경","해양환경","해양환경보전","해양생태계 보전 및 복원","갯벌생태계 복원사업","서산 웅도 갯벌복원사업","2430000","2430000","2430000","100.0","100.0"
"2024","자치단체이전","자치단체자본보조","해양수산부","일반회계"," ","환경","해양환경","해양환경보전","해양생태계 보전 및 복원","갯벌생태계 복원사업","신안 추포도 갯벌복원","1365000","1365000","1365000","100.0","100.0"
"2024","자치단체이전","자치단체자본보조","해양수산부","일반회계"," ","환경","해양환경","해양환경보전","해양생태계 보전 및 복원","갯벌생태계 복원사업","보령 죽도 갯벌복원사업","2010000","2010000","2010000","100.0","100.0"
"2024","자치단체이전","자치단체자본보조","해양수산부","일반회계"," ","환경","해양환경","해양환경보전","해양생태계 보전 및 복원","갯벌생태계 복원사업","서천 선도리 갯벌복원사업","704000","704000","0","100.0","0.0"
"2024","자치단체이전","자치단체자본보조","해양수산부","일반회계"," ","환경","해양환경","해양환경보전","해양생태계 보전 및 복원","갯벌생태계 복원사업","서귀포 성산읍 갯벌식생 복원사업","1985000","1985000","1037558","100.0","52.3"
"2024","자치단체이전","자치단체자본보조","해양수산부","일반회계"," ","환경","해양환경","해양환경보전","해양생태계 보전 및 복원","갯벌생태계 복원사업","신안 북부권역 갯벌식생 복원사업","1985000","1985000","1985000","100.0","100.0"
"2024","자치단체이전","자치단체자본보조","해양수산부","일반회계"," ","환경","해양환경","해양환경보전","해양생태계 보전 및 복원","갯벌생태계 복원사업","서산 가로림만 갯벌식생 복원사업","1985000","1985000","1985000","100.0","100.0"
"2024","자치단체이전","자치단체자본보조","해양수산부","일반회계"," ","환경","해양환경","해양환경보전","해양생태계 보전 및 복원","갯벌생태계 복원사업","태안 근소만 갯벌식생 복원사업","1985000","1985000","1985000","100.0","100.0"
"2024","자치단체이전","자치단체자본보조","해양수산부","일반회계"," ","환경","해양환경","해양환경보전","해양생태계 보전 및 복원","갯벌생태계 복원사업","보성 벌교 갯벌 복원사업","1137000","1137000","1137000","100.0","100.0"
"2024","자치단체이전","자치단체자본보조","해양수산부","일반회계"," ","환경","해양환경","해양환경보전","해양생태계 보전 및 복원","갯벌생태계 복원사업","고창 식생복원 사업","0","0","0","0","0"
"2024","자치단체이전","자치단체자본보조","해양수산부","일반회계"," ","환경","해양환경","해양환경보전","해양생태계 보전 및 복원","갯벌생태계 복원사업","고창 갯벌 식생복원 사업","2561000","2561000","381228","100.0","14.9"
"2024","자치단체이전","자치단체자본보조","해양수산부","일반회계"," ","환경","해양환경","해양환경보전","해양생태계 보전 및 복원","갯벌생태계 복원사업","보령 원산도 갯벌복원사업","1137000","1137000","1137000","100.0","100.0"
"2024","자치단체이전","자치단체자본보조","해양수산부","일반회계"," ","환경","해양환경","해양환경보전","해양생태계 보전 및 복원","해양정원 조성사업","가로림만 해양정원 조성","2000000","0","0","0.0","0"
"2024","자치단체이전","자치단체자본보조","해양수산부","일반회계"," ","환경","해양환경","해양환경보전","해양생태계 보전 및 복원","우수해양생태계 보호","해양보호구역관리(자본보조)","7366000","7366000","5160000","100.0","70.1"
"2024","자치단체이전","자치단체자본보조","해양수산부","일반회계"," ","환경","해양환경","해양환경보전","해양생명자원 조사","해양바이오 산업화 지원","해양바이오 인증지원센터_이월","0","0","0","0","0"
"2024","자치단체이전","자치단체자본보조","해양수산부","일반회계"," ","환경","해양환경","해양환경보전","연안환경관리(일반)","연안관리","폐스티로폼 감용기 보급","0","0","152232","0","0"
"2024","자치단체이전","자치단체자본보조","해양수산부","일반회계"," ","환경","해양환경","해양환경보전","연안환경관리(일반)","연안정비","강릉 순긋~사근지지구","0","0","60760","0","0"
"2024","자치단체이전","자치단체자본보조","해양수산부","일반회계"," ","환경","해양환경","해양환경보전","연안환경관리(일반)","연안정비","고창 명사십리지구","0","0","0","0","0"
"2024","자치단체이전","자치단체자본보조","해양수산부","일반회계"," ","농림수산","수산·어촌","수산자원 관리 및 조성","어업안전지도강화","어선사고 예방시스템 구축","어선안전장비지원","697000","697000","632781","100.0","90.8"
"2024","자치단체이전","자치단체자본보조","해양수산부","일반회계"," ","교통및물류","해운·항만","해양 및 해상교통관리","해양안전관리시스템 구축.운영(일반)","세월호 인양 및 추모사업 지원","안산 추모시설 건립","2871000","2871000","517257","100.0","18.0"
"2024","자치단체이전","자치단체자본보조","해양수산부","일반회계"," ","교통및물류","해운·항만","해양 및 해상교통관리","해양안전관리시스템 구축.운영(일반)","세월호 인양 및 추모사업 지원","안산 화랑유원지 명품공원 조성","0","0","0","0","0"
"2024","자치단체이전","자치단체자본보조","해양수산부","일반회계"," ","교통및물류","물류등기타","해양산업육성및영토관리","해양문화활성화","해양수산 신산업 육성 및 기업투자유치 지원","해양과학기술 산학연 협력센터 조성","2900000","2900000","7897570","100.0","272.3"
"2024","자치단체이전","자치단체자본보조","해양수산부","일반회계"," ","교통및물류","물류등기타","해양산업육성및영토관리","해양문화활성화","해양수산 신산업 육성 및 기업투자유치 지원","해양바이오 산업화 지원센터 조성","4200000","4200000","5644185","100.0","134.4"
"2024","자치단체이전","자치단체자본보조","해양수산부","일반회계"," ","교통및물류","물류등기타","해양산업육성및영토관리","해양문화활성화","해양수산 신산업 육성 및 기업투자유치 지원","해조류 활성소재 인증생산시설 구축","3000000","3000000","729994","100.0","24.3"
"2024","자치단체이전","자치단체자본보조","해양수산부","일반회계"," ","교통및물류","물류등기타","해양산업육성및영토관리","해양문화활성화","해양수산 신산업 육성 및 기업투자유치 지원","해양바이오 메디컬 실증연구센터 건립","1217000","1217000","314890","100.0","25.9"
"2024","자치단체이전","자치단체자본보조","해양수산부","일반회계"," ","교통및물류","물류등기타","해양산업육성및영토관리","해양문화활성화","해양수산 신산업 육성 및 기업투자유치 지원","해양첨단산업(Blue Tech) 기업 기술 및 인력 지원 ","0","0","0","0","0"
"2024","자치단체이전","자치단체자본보조","해양수산부","일반회계"," ","교통및물류","물류등기타","해양산업육성및영토관리","해양문화활성화","해양수산 신산업 육성 및 기업투자유치 지원","해양바이오 인증지원센터 ","1768000","1768000","313789","100.0","17.7"
"2024","자치단체이전","자치단체자본보조","해양수산부","일반회계"," ","교통및물류","물류등기타","해양산업육성및영토관리","해양영토관리기반구축","독도 지속가능이용 및 관리","독도안전지원센터 건립(변경기본/실시설계)","700000","0","0","0.0","0"
"2024","자치단체이전","자치단체자본보조","해양수산부","일반회계"," ","교통및물류","물류등기타","해양산업육성및영토관리","해양영토관리기반구축","독도 지속가능이용 및 관리","안용복기념관 리모델링","1000000","1000000","23000","100.0","2.3"
"2024","자치단체이전","자치단체자본보조","해양수산부","일반회계"," ","교통및물류","물류등기타","해양산업육성및영토관리","해양관광육성","해양관광육성","해수욕장 활성화 지원(해수욕장 평가 및 지원)","0","0","182134","0","0"
"2024","자치단체이전","자치단체자본보조","해양수산부","일반회계"," ","교통및물류","물류등기타","해양산업육성및영토관리","해양관광육성","해양관광육성","마리나비즈센터 건립","5500000","5500000","8727131","100.0","158.7"
"2024","자치단체이전","자치단체자본보조","해양수산부","일반회계"," ","교통및물류","물류등기타","해양산업육성및영토관리","해양관광육성","해양관광육성","해양레저관광 거점 조성","18041000","17036000","22782656","94.4","133.7"
"2024","자치단체이전","자치단체자본보조","해양수산부","일반회계"," ","교통및물류","물류등기타","해양산업육성및영토관리","해양관광육성","해양관광육성","해양치유시범센터 조성(완도)_이월","0","0","0","0","0"
"2024","자치단체이전","자치단체자본보조","해양수산부","일반회계"," ","교통및물류","물류등기타","해양산업육성및영토관리","해양관광육성","해양관광육성","해양치유센터 조성(2-1, 태안)","3075000","3075000","5133071","100.0","166.9"
"2024","자치단체이전","자치단체자본보조","해양수산부","일반회계"," ","교통및물류","물류등기타","해양산업육성및영토관리","해양관광육성","해양관광육성","해양치유센터 조성(2-2, 경남고성)","3850000","3850000","3155714","100.0","82.0"
"2024","자치단체이전","자치단체자본보조","해양수산부","일반회계"," ","교통및물류","물류등기타","해양산업육성및영토관리","해양관광육성","해양관광육성","해양치유센터 조성(2-3, 울진)","3640000","3640000","3794286","100.0","104.2"
"2024","자치단체이전","자치단체자본보조","해양수산부","일반회계"," ","교통및물류","물류등기타","해양산업육성및영토관리","해양관광육성","해양관광육성","해수욕장 활성화 지원(재난피해 복구지원)","0","0","63763","0","0"
"2024","자치단체이전","자치단체자본보조","해양수산부","지역균형발전특별회계","제주특별자치도계정","환경","해양환경","해양환경보전","해양 및 수자원관리(제주)","해양 및 수자원 관리(제주)","연안정비","853000","853000","781132","100.0","91.6"
"2024","자치단체이전","자치단체자본보조","해양수산부","지역균형발전특별회계","제주특별자치도계정","농림수산","수산·어촌","어촌어항활성화","어항기반시설조성(제주)","국가어항(제주)","국가어항(제주)","6746000","6746000","5131618","100.0","76.1"
"2024","자치단체이전","자치단체자본보조","해양수산부","지역균형발전특별회계","제주특별자치도계정","농림수산","수산·어촌","어촌어항활성화","제주해양치유센터(제주)","제주해양치유센터 건립","제주해양치유센터 건립사업","1000000","1000000","15911","100.0","1.6"
"2024","자치단체이전","자치단체자본보조","해양수산부","지역균형발전특별회계","제주특별자치도계정","교통및물류","해운·항만","항만개발 및 관리","주요항 건설(제주)","제주항","제주항","349000","349000","1581678","100.0","453.2"
"2024","자치단체이전","자치단체자본보조","해양수산부","지역균형발전특별회계","제주특별자치도계정","교통및물류","해운·항만","항만개발 및 관리","주요항 건설(제주)","제주외항(2단계)","제주외항(2단계)","4535000","4535000","2310","100.0","0.1"
"2024","자치단체이전","자치단체자본보조","해양수산부","지역균형발전특별회계","제주특별자치도계정","교통및물류","해운·항만","항만개발 및 관리","일반항 건설(제주도)","화순항","화순항","6222000","6222000","6036528","100.0","97.0"
"2024","자치단체이전","자치단체자본보조","해양수산부","지역균형발전특별회계","제주특별자치도계정","교통및물류","해운·항만","항만개발 및 관리","일반항 건설(제주도)","추자항","추자항","5100000","5100000","2571752","100.0","50.4"
"2024","자치단체이전","자치단체자본보조","해양수산부","지역균형발전특별회계","제주특별자치도계정","교통및물류","해운·항만","항만개발 및 관리","일반항 건설(제주도)","제주일반항건설","제주일반항건설","13711000","13711000","13039568","100.0","95.1"
"2024","자치단체이전","자치단체자본보조","해양수산부","지역균형발전특별회계","제주특별자치도계정","교통및물류","해운·항만","항만개발 및 관리","항만시설유지보수(제주도)","항만시설유지보수(제주)","항만시설유지보수(제주)","6900000","6900000","7291998","100.0","105.7"
"2024","자치단체이전","자치단체자본보조","해양수산부","지역균형발전특별회계","지역자율계정","환경","해양환경","해양환경보전","해양 및 수자원 관리","해양 및 수자원 관리","연안정비","42802000","42802000","39815964","100.0","93.0"
"2024","자치단체이전","자치단체자본보조","해양수산부","지역균형발전특별회계","지역지원계정","환경","해양환경","해양환경보전","연안환경관리","연안정비","강릉 순긋~사근진지구","176000","176000","0","100.0","0.0"
"2024","자치단체이전","자치단체자본보조","해양수산부","지역균형발전특별회계","지역지원계정","환경","해양환경","해양환경보전","연안환경관리","연안정비","고창 명사십리지구","148000","148000","0","100.0","0.0"
"2024","자치단체이전","자치단체자본보조","해양수산부","지역균형발전특별회계","지역지원계정","농림수산","수산·어촌","수산식품고부가가치화","식품산업육성","수산식품산업거점단지조성","거점단지 역량강화","0","0","989717","0","0"
"2024","자치단체이전","자치단체자본보조","해양수산부","지역균형발전특별회계","지역지원계정","농림수산","수산·어촌","수산물 유통 및 안전관리","수산물유통개선(지특)","산지유통시설지원","수산물산지거점유통센터(FPC)지원","1560000","1200000","1508204","76.9","125.7"
"2024","자치단체이전","자치단체자본보조","해양수산부","지역균형발전특별회계","지역지원계정","농림수산","수산·어촌","수산자원 관리 및 조성","수산자원관리","수산어업행정지원","수산어업행정지원(자본)","700000","700000","660103","100.0","94.3"
"2024","자치단체이전","자치단체자본보조","해양수산부","지역균형발전특별회계","지역지원계정","농림수산","수산·어촌","어촌어항활성화","어항기반시설조성","어촌신활력증진","어촌신활력증진사업","59533000","58152354","35511387","97.7","61.1"
"2024","자치단체이전","자치단체자본보조","해양수산부","지역균형발전특별회계","지역지원계정","농림수산","수산·어촌","어촌어항활성화","어항기반시설조성","어촌신활력증진","어촌활력증진","8820000","8820000","5025273","100.0","57.0"
"2024","자치단체이전","자치단체자본보조","해양수산부","지역균형발전특별회계","지역지원계정","농림수산","수산·어촌","어촌어항활성화","어항기반시설조성","어촌신활력증진","2024년도 어촌신활력증진 사업","26950000","21936039","10619317","81.4","48.4"
"2024","자치단체이전","자치단체자본보조","해양수산부","지역균형발전특별회계","지역지원계정","농림수산","수산·어촌","어촌어항활성화","어항기반시설조성","어촌뉴딜 300","2022년 어촌뉴딜을 통한 혁신어촌 조성","183696386","183695627","121664416","100.0","66.2"
"2024","자치단체이전","자치단체자본보조","해양수산부","지역균형발전특별회계","지역지원계정","농림수산","수산·어촌","어촌어항활성화","귀어귀촌지원","어촌소멸대응지원","우수어촌계지원","1000000","900000","567987","90.0","63.1"
"2024","자치단체이전","자치단체자본보조","해양수산부","지역균형발전특별회계","지역지원계정","농림수산","수산·어촌","어촌어항활성화","귀어귀촌지원","어촌소멸대응지원","어촌체험휴양마을 고도화","800000","800000","217095","100.0","27.1"
"2024","자치단체이전","자치단체자본보조","해양수산부","지역균형발전특별회계","지역지원계정","농림수산","수산·어촌","어촌어항활성화","귀어귀촌지원","어촌소멸대응지원","어업유산보전및활용","525000","525000","358516","100.0","68.3"
"2024","자치단체이전","자치단체자본보조","행정안전부","일반회계"," ","일반·지방행정","지방행정·재정지원","지방자치분권","지방자치단체경쟁력지원","지자체경쟁력지원","읍면동 단위 스마트복지안전공동체 구축(자본)","351000","351000","298838","100.0","85.1"
"2024","자치단체이전","자치단체자본보조","행정안전부","일반회계"," ","일반·지방행정","지방행정·재정지원","지방자치분권","지방자치단체경쟁력지원","지자체경쟁력지원","지역 내 복지자원연계 강화","0","0","0","0","0"
"2024","자치단체이전","자치단체자본보조","행정안전부","일반회계"," ","일반·지방행정","지방행정·재정지원","지역발전","주한미군기지이전에따른평택지원","주한미군기지이전에따른평택지원","주한미군기지 이전에 따른 평택지원","7937000","7937000","8742348","100.0","110.1"
"2024","자치단체이전","자치단체자본보조","행정안전부","일반회계"," ","일반·지방행정","지방행정·재정지원","지역발전","주한미군공여구역주변지역등지원","주한미군공여구역주변지역등지원","주한미군 공여구역주변지역 등 지원","110101000","110101000","102456336","100.0","93.1"
"2024","자치단체이전","자치단체자본보조","행정안전부","일반회계"," ","일반·지방행정","일반행정","민주화지원및과거사정리","과거사관련업무지원단운영","과거사관련사업지원","노근리평화공원 자산취득","120000","120000","16453","100.0","13.7"
"2024","자치단체이전","자치단체자본보조","행정안전부","일반회계"," ","일반·지방행정","일반행정","민주화지원및과거사정리","과거사관련업무지원단운영","제주4.3 진상규명 및 명예회복 지원","제주4·3유적보존 및 유해발굴사업","969000","969000","915729","100.0","94.5"
"2024","자치단체이전","자치단체자본보조","행정안전부","일반회계"," ","일반·지방행정","일반행정","민주화지원및과거사정리","과거사관련업무지원단운영","제주4.3 진상규명 및 명예회복 지원","제주4·3평화공원 활성화 사업","10000000","10000000","6093975","100.0","60.9"
"2024","자치단체이전","자치단체자본보조","행정안전부","일반회계"," ","일반·지방행정","일반행정","민주화지원및과거사정리","민주화운동기념사업지원","민주화운동기념사업지원","부산 민주공원 부속건물 건립","2631000","2631000","3391660","100.0","128.9"
"2024","자치단체이전","자치단체자본보조","행정안전부","일반회계"," ","일반·지방행정","일반행정","민주화지원및과거사정리","민주화운동기념사업지원","민주화운동기념사업지원","대전 3.8민주의거 기념관 건립","0","0","1544871","0","0"
"2024","자치단체이전","자치단체자본보조","행정안전부","일반회계"," ","일반·지방행정","일반행정","민주화지원및과거사정리","민주화운동기념사업지원","민주화운동기념사업지원","창원시 민주주의 전당 건립","2959000","2959000","3631566","100.0","122.7"
"2024","자치단체이전","자치단체자본보조","행정안전부","일반회계"," ","일반·지방행정","일반행정","민주화지원및과거사정리","민주화운동기념사업지원","민주화운동기념사업지원","5.18 기록물 보존시설 확충","450000","0","0","0.0","0"
"2024","자치단체이전","자치단체자본보조","행정안전부","일반회계"," ","일반·지방행정","일반행정","민주화지원및과거사정리","민주화운동기념사업지원","민주화운동기념사업지원","(가칭)YS민주역사기념관 건립","550000","550000","550000","100.0","100.0"
"2024","자치단체이전","자치단체자본보조","행정안전부","일반회계"," ","일반·지방행정","일반행정","민주화지원및과거사정리","여수,순천 10.19사건위원회 지원","여수·순천10·19위원회 지원"," 여수?순천10?19사건 실무위원회 지원","80000","80000","46548","100.0","58.2"
"2024","자치단체이전","자치단체자본보조","행정안전부","일반회계"," ","공공질서및안전","재난관리","안전관리","안전점검 및 재난안전산업 활성화","집중안전점검 및 정부합동안전점검단운영","디지털 기반 노후 위험시설 안전관리 시스템 구축지원","0","0","1653552","0","0"
"2024","자치단체이전","자치단체자본보조","행정안전부","일반회계"," ","공공질서및안전","재난관리","안전관리","생활안전개선 추진","승강기안전관리개선","에스컬레이터 안전부품 설치지원","7520000","7400000","6964929","98.4","94.1"
"2024","자치단체이전","자치단체자본보조","행정안전부","일반회계"," ","공공질서및안전","재난관리","안전관리","비상시대비능력강화","민방위교육훈련및시설장비확충","민방위경보 사각지역 해소","676000","676000","615432","100.0","91.0"
"2024","자치단체이전","자치단체자본보조","행정안전부","일반회계"," ","공공질서및안전","재난관리","안전관리","비상시대비능력강화","민방위교육훈련및시설장비확충","접경지역 주민대피시설 확충","640000","640000","504567","100.0","78.8"
"2024","자치단체이전","자치단체자본보조","행정안전부","일반회계"," ","공공질서및안전","재난관리","안전관리","비상시대비능력강화","민방위교육훈련및시설장비확충","민방위 비상급수시설 확충","97500","97500","100262","100.0","102.8"
"2024","자치단체이전","자치단체자본보조","행정안전부","일반회계"," ","공공질서및안전","재난관리","안전관리","비상시대비능력강화","민방위교육훈련및시설장비확충","민방위대 화생방 방독면 보급","1184400","1184400","1150026","100.0","97.1"
"2024","자치단체이전","자치단체자본보조","행정안전부","일반회계"," ","공공질서및안전","재난관리","안전관리","비상시대비능력강화","민방위교육훈련및시설장비확충","접경지역 비상경보발령시스템 구축","0","0","0","0","0"
"2024","자치단체이전","자치단체자본보조","행정안전부","일반회계"," ","공공질서및안전","재난관리","안전관리","비상시대비능력강화","민방위교육훈련및시설장비확충","민방위 경보시설 재정비","254000","253600","228091","99.8","89.9"
"2024","자치단체이전","자치단체자본보조","행정안전부","일반회계"," ","공공질서및안전","재난관리","안전관리","비상시대비능력강화","민방위교육훈련및시설장비확충","대피시설 수용률 50%미만 도서지역 지원(울릉군)","4000000","0","0","0.0","0"
"2024","자치단체이전","자치단체자본보조","행정안전부","일반회계"," ","공공질서및안전","재난관리","안전관리","재난예방지원","우수저류시설설치(보조)","우수저류시설 설치","0","0","1244194","0","0"
"2024","자치단체이전","자치단체자본보조","행정안전부","일반회계"," ","공공질서및안전","재난관리","재난관리","재난관리인프라구축","지진대비인프라구축","민간건축물 내진보강사업 비용 지원","1467000","658613","0","44.9","0.0"
"2024","자치단체이전","자치단체자본보조","행정안전부","일반회계"," ","공공질서및안전","재난관리","재난관리","재난경감활성화","침수우려 취약도로 자동차단 시설설치 사업","시스템 구축 지원(하상도로 자동차단시설)","13500000","13500000","11186287","100.0","82.9"
"2024","자치단체이전","자치단체자본보조","행정안전부","일반회계"," ","공공질서및안전","재난관리","재난관리","재난복구지원","재난대책비(보조)","재난피해자 지원 재난대책비","653723413","653723394","321910657","100.0","49.2"
"2024","자치단체이전","자치단체자본보조","행정안전부","지역균형발전특별회계","세종특별자치시계정","공공질서및안전","재난관리","안전관리","재난예방지원","재해위험지역정비(세종)","재해위험지역정비(세종)","6933000","6933000","6829335","100.0","98.5"
"2024","자치단체이전","자치단체자본보조","행정안전부","지역균형발전특별회계","제주특별자치도계정","일반·지방행정","지방행정·재정지원","지역발전","특수상황지역개발(제주)","특수상황지역개발(제주)","특수상황지역개발(제주)","3078000","3078000","2703180","100.0","87.8"
"2024","자치단체이전","자치단체자본보조","행정안전부","지역균형발전특별회계","제주특별자치도계정","일반·지방행정","지방행정·재정지원","지역발전","제주민군복합항주변지역발전지원","강정마을 주변지역 연결도로","강정마을 주변지역 연결도로","7925000","7925000","7570378","100.0","95.5"
"2024","자치단체이전","자치단체자본보조","행정안전부","지역균형발전특별회계","지역자율계정","일반·지방행정","지방행정·재정지원","지역발전","특수상황지역개발","특수상황지역개발","특수상황지역개발","210498000","210498000","213813264","100.0","101.6"
"2024","자치단체이전","자치단체자본보조","행정안전부","지역균형발전특별회계","지역자율계정","사회복지","취약계층지원","일자리지원","지역일자리창출","지역사회 활성화 기반조성","지역사회 활성화 공간조성","6136000","6136000","4753729","100.0","77.5"
"2024","자치단체이전","자치단체자본보조","행정안전부","지역균형발전특별회계","지역지원계정","일반·지방행정","지방행정·재정지원","지방자치분권","지자체자율통합지원","지방자치단체자율통합지원금","청주시 자율통합지원 ","9353000","9353000","9773854","100.0","104.5"
"2024","자치단체이전","자치단체자본보조","행정안전부","지역균형발전특별회계","지역지원계정","일반·지방행정","지방행정·재정지원","지방자치분권","지자체자율통합지원","지방자치단체자율통합지원금","창원시 자율통합지원금","2444000","2444000","3401293","100.0","139.2"
"2024","자치단체이전","자치단체자본보조","행정안전부","지역균형발전특별회계","지역지원계정","일반·지방행정","지방행정·재정지원","지방자치분권","자원봉사활성화지원","자원봉사활성화지원","마리안느마가렛 글로벌리더 양성 거점공간","500000","500000","233061","100.0","46.6"
"2024","자치단체이전","자치단체자본보조","행정안전부","지역균형발전특별회계","지역지원계정","일반·지방행정","지방행정·재정지원","지역발전","광역경제권추진지원","지역발전활성화","온천산업활성화","4500000","4500000","19710","100.0","0.4"
"2024","자치단체이전","자치단체자본보조","행정안전부","지역균형발전특별회계","지역지원계정","일반·지방행정","지방행정·재정지원","지역발전","광역경제권추진지원","지역발전활성화","지역활력제고","1000","0","0","0.0","0"
"2024","자치단체이전","자치단체자본보조","행정안전부","지역균형발전특별회계","지역지원계정","일반·지방행정","지방행정·재정지원","지역발전","광역경제권추진지원","지역발전활성화","온천산업활성화","0","0","0","0","0"
"2024","자치단체이전","자치단체자본보조","행정안전부","지역균형발전특별회계","지역지원계정","일반·지방행정","지방행정·재정지원","지역발전","접경권발전지원","접경권발전지원","접경권 발전지원","49735000","47735000","42481238","96.0","89.0"
"2024","자치단체이전","자치단체자본보조","행정안전부","지역균형발전특별회계","지역지원계정","일반·지방행정","지방행정·재정지원","지역발전","지역공동체기반조성및역량강화","지역공동체 기반조성 및 역량강화","안산 공동체 복합시설 건립 지원(이월)","0","0","1994890","0","0"
"2024","자치단체이전","자치단체자본보조","행정안전부","지역균형발전특별회계","지역지원계정","일반·지방행정","지방행정·재정지원","지역발전","지역공동체기반조성및역량강화","지역공동체 기반조성 및 역량강화","포항 공동체복합시설 건립 지원(이월)","0","0","0","0","0"
"2024","자치단체이전","자치단체자본보조","행정안전부","지역균형발전특별회계","지역지원계정","일반·지방행정","지방행정·재정지원","지역발전","지역공동체기반조성및역량강화","포항공동체 복합 시설 건립 지원","포항공동체 복합 시설 건립 지원","400000","400000","700000","100.0","175.0"
"2024","자치단체이전","자치단체자본보조","행정안전부","지역균형발전특별회계","지역지원계정","일반·지방행정","지방행정·재정지원","지역발전","섬 발전 협력사업 추진","섬 발전 협력사업 추진","섬 마을단위 LPG 시설 구축","5808000","5808000","5382787","100.0","92.7"
"2024","자치단체이전","자치단체자본보조","행정안전부","지역균형발전특별회계","지역지원계정","일반·지방행정","지방행정·재정지원","지역발전","섬 발전 협력사업 추진","섬 발전 협력사업 추진","작은 섬 공도 방지","3150000","3150000","3214855","100.0","102.1"
"2024","자치단체이전","자치단체자본보조","행정안전부","지역균형발전특별회계","지역지원계정","일반·지방행정","지방행정·재정지원","지역발전","섬 발전 협력사업 추진","섬 발전 협력사업 추진","2026여수세계섬박람회 개최지원","860000","860000","860000","100.0","100.0"
"2024","자치단체이전","자치단체자본보조","행정안전부","지역균형발전특별회계","지역지원계정","일반·지방행정","정부자원관리","정부혁신조직","주민참여 지역문제 해결 확산","지역사회 자생적 창조역량 강화","과학기술 기반 현안 해결 ","1125000","1125000","1010640","100.0","89.8"
"2024","자치단체이전","자치단체자본보조","행정안전부","지역균형발전특별회계","지역지원계정","공공질서및안전","재난관리","안전관리","재난예방지원","재해위험지역정비(보조)","재해위험지역정비(보조)","866887000","866887000","697424330","100.0","80.5"
"2024","자치단체이전","자치단체자본보조","행정안전부","지역균형발전특별회계","지역지원계정","공공질서및안전","재난관리","안전관리","재난예방지원","우수저류시설설치(보조)","우수저류시설 설치","71511000","70320000","52876413","98.3","75.2"
"2024","자치단체이전","자치단체자본보조","행정안전부","지역균형발전특별회계","지역지원계정","교통및물류","도로","지방도구조개선","위험도로구조개선","위험도로구조개선","위험도로 구조개선","0","0","1012587","0","0"
"2024","자치단체이전","자치단체자본보조","행정중심복합도시건설청","행정중심복합도시건설특별회계"," ","국토및지역개발","지역및도시","행정중심복합도시건설","광역교통시설건설","외삼-유성복합터미널 연결도로","외삼~유성복합터미널 연결도로","300000","300000","1594689","100.0","531.6"
"2024","자치단체이전","자치단체자본보조","환경부","금강수계관리기금"," ","환경","물환경","4대강유역관리","환경기초시설(금강)","환경기초시설 설치","환경기초시설 설치","26290830","0","10968252","0.0","0"
"2024","자치단체이전","자치단체자본보조","환경부","금강수계관리기금"," ","환경","물환경","4대강유역관리","기타수질개선지원(금강)","비점오염 저감사업","비점오염저감시설 설치비","2938000","0","56715","0.0","0"
"2024","자치단체이전","자치단체자본보조","환경부","금강수계관리기금"," ","환경","물환경","4대강유역관리","기타수질개선지원(금강)","생태하천복원사업","생태하천복원사업","1159000","0","830000","0.0","0"
"2024","자치단체이전","자치단체자본보조","환경부","낙동강수계관리기금"," ","환경","물환경","4대강유역관리","환경기초시설(낙동강)","환경기초시설 설치","환경기초시설 설치","59034000","0","34539508","0.0","0"
"2024","자치단체이전","자치단체자본보조","환경부","낙동강수계관리기금"," ","환경","물환경","4대강유역관리","기타수질개선지원(낙동강)","비점오염저감사업","비점오염 저감사업","3875000","0","3543534","0.0","0"
"2024","자치단체이전","자치단체자본보조","환경부","농어촌구조개선특별회계","농어촌특별세사업계정","환경","물환경","수질 및 수생태계 관리","하수도 관리(농특)","면단위하수처리장 설치","면단위하수처리장 설치","34455000","34455000","14442497","100.0","41.9"
"2024","자치단체이전","자치단체자본보조","환경부","농어촌구조개선특별회계","농어촌특별세사업계정","환경","자원순환및환경경제","자원순환사회 형성 촉진","최종처리 및 안전관리(농특)","농어촌폐기물처리시설","농어촌폐기물처리시설 설치","3570000","2951000","1323907","82.7","44.9"
"2024","자치단체이전","자치단체자본보조","환경부","에너지및자원사업특별회계","투자계정","환경","기후대기및환경안전","대기환경 보전","대기오염 발생원 관리","천연가스자동차보급","천연가스자동차 보급","0","0","42000","0","0"
"2024","자치단체이전","자치단체자본보조","환경부","에너지및자원사업특별회계","투자계정","환경","기후대기및환경안전","대기환경 보전","대기오염 발생원 관리","어린이 통학차량 LPG차 전환지원","어린이 통학차량 LPG차 전환지원","3250000","3047500","3538200","93.8","116.1"
"2024","자치단체이전","자치단체자본보조","환경부","에너지및자원사업특별회계","투자계정","환경","기후대기및환경안전","대기환경 보전","대기오염 발생원 관리","무공해차 보급사업","전기자동차 보급 ","1572600000","1013596400","830655345","64.5","82.0"
"2024","자치단체이전","자치단체자본보조","환경부","에너지및자원사업특별회계","투자계정","환경","기후대기및환경안전","대기환경 보전","대기오염 발생원 관리","무공해차 보급사업","수소차 보급사업 ","571350000","332237500","315924013","58.1","95.1"
"2024","자치단체이전","자치단체자본보조","환경부","에너지및자원사업특별회계","투자계정","환경","기후대기및환경안전","대기환경 보전","대기오염 발생원 관리","무공해차 충전 인프라 구축 사업","수소충전소(지자체)","25620000","23800000","25090000","92.9","105.4"
"2024","자치단체이전","자치단체자본보조","환경부","영산강·섬진강수계관리기금"," ","환경","물환경","4대강유역관리","환경기초시설(영산강)","환경기초시설 설치","환경기초시설 설치","13787075","0","9591579","0.0","0"
"2024","자치단체이전","자치단체자본보조","환경부","영산강·섬진강수계관리기금"," ","환경","물환경","4대강유역관리","기타수질개선지원(영산강)","생태하천 복원사업","생태하천 복원사업","0","0","0","0","0"
"2024","자치단체이전","자치단체자본보조","환경부","영산강·섬진강수계관리기금"," ","환경","물환경","4대강유역관리","기타수질개선지원(영산강)","비점오염 저감사업","비점오염 저감사업(설치)","900000","0","0","0.0","0"
"2024","자치단체이전","자치단체자본보조","환경부","일반회계"," ","국토및지역개발","수자원","맑은물 공급·이용(광역)","공업용수도 관리","공업용수도 확충","전주탄소 국가산단 용수분기사업","0","0","0","0","0"
"2024","자치단체이전","자치단체자본보조","환경부","일반회계"," ","국토및지역개발","수자원","맑은물 공급·이용(광역)","광역상수도 관리","광역상수도 확충","상생적 물 이용을 위한 지방 광역상수도 시범사업","3000000","3000000","0","100.0","0.0"
"2024","자치단체이전","자치단체자본보조","환경부","일반회계"," ","국토및지역개발","수자원","댐 운영 및 관리","댐운영 및 안전관리","충주댐 명소화 시범사업","충주댐 명소화 시범사업","0","0","0","0","0"
"2024","자치단체이전","자치단체자본보조","환경부","일반회계"," ","국토및지역개발","수자원","댐 운영 및 관리","지역맞춤형 댐건설","소규모댐건설","원주천댐 건설","11662000","11662000","11662000","100.0","100.0"
"2024","자치단체이전","자치단체자본보조","환경부","일반회계"," ","국토및지역개발","수자원","댐 운영 및 관리","지역맞춤형 댐건설","소규모댐건설","항사댐 건설","1909000","1909000","1909000","100.0","100.0"
"2024","자치단체이전","자치단체자본보조","환경부","일반회계"," ","국토및지역개발","수자원","댐 운영 및 관리","지역맞춤형 댐건설","소규모댐건설","봉화댐건설","1890000","1890000","1890000","100.0","100.0"
"2024","자치단체이전","자치단체자본보조","환경부","일반회계"," ","국토및지역개발","수자원","하천관리","국가하천정비지원","금호강 하천 조성","금호강 하천 조성","4000000","4000000","4000000","100.0","100.0"
"2024","자치단체이전","자치단체자본보조","환경부","일반회계"," ","국토및지역개발","수자원","하천관리","국가하천정비지원","국가하천유지보수","국가하천유지보수","0","0","775579","0","0"
"2024","자치단체이전","자치단체자본보조","환경부","일반회계"," ","국토및지역개발","수자원","하천관리","국가하천정비지원","국가하천유지보수","국가하천유지보수","120000000","119999998","112827406","100.0","94.0"
"2024","자치단체이전","자치단체자본보조","환경부","일반회계"," ","국토및지역개발","수자원","하천관리","지방하천정비지원","도림천 일대 침수방지 사업","도림천 일대 침수방지 사업","12500000","12500000","3031500","100.0","24.3"
"2024","자치단체이전","자치단체자본보조","환경부","일반회계"," ","국토및지역개발","수자원","하천관리","재해대책","하천재해대책비","하천재해대책비","228285612","233677300","90826135","102.4","38.9"
"2024","자치단체이전","자치단체자본보조","환경부","지역균형발전특별회계","세종특별자치시계정","환경","물환경","수질 및 수생태계 관리","하수도 관리(세종)","하수관로정비(세종)","하수관로 정비(세종)","3693000","3393000","0","91.9","0.0"
"2024","자치단체이전","자치단체자본보조","환경부","지역균형발전특별회계","제주특별자치도계정","환경","물환경","수질 및 수생태계 관리","하수도 관리(제주)","하수도시설 설치(제주)","하수도시설 설치(제주)","300000","0","0","0.0","0"
"2024","자치단체이전","자치단체자본보조","환경부","지역균형발전특별회계","제주특별자치도계정","환경","물환경","맑은물 공급·이용","지방상수도 관리(제주)","상수도시설확충및관리(제주)","도서지역식수원 개발(제주)","14763000","14763000","0","100.0","0.0"
"2024","자치단체이전","자치단체자본보조","환경부","지역균형발전특별회계","제주특별자치도계정","환경","물환경","맑은물 공급·이용","지방상수도 관리(제주)","노후상수도정비(제주)","노후상수도정비(제주)","31214000","31214000","0","100.0","0.0"
"2024","자치단체이전","자치단체자본보조","환경부","지역균형발전특별회계","제주특별자치도계정","환경","자연환경","자연생태 보전","자연환경 보전 및 관리(제주)","자연환경 보전 및 관리(제주)","한라산국립공원 관리","11251000","11251000","10977135","100.0","97.6"
"2024","자치단체이전","자치단체자본보조","환경부","지역균형발전특별회계","지역자율계정","환경","물환경","맑은물 공급·이용","지방상수도 관리(지역자율)","상수도시설 확충 및 관리(지역자율)","도서지역식수원개발(지역자율)","46326000","46326000","38713803","100.0","83.6"
"2024","자치단체이전","자치단체자본보조","환경부","지역균형발전특별회계","지역자율계정","환경","물환경","맑은물 공급·이용","지방상수도 관리(지역자율)","노후상수도정비(자율)","노후상수도정비(자율)","405490000","380490000","70079165","93.8","18.4"
"2024","자치단체이전","자치단체자본보조","환경부","지역균형발전특별회계","지역지원계정","환경","물환경","수질 및 수생태계 관리","하수도 관리","하수관로 정비","하수관로정비(도시침수대응, 하수관로 정비)","1277188000","1167911000","384471267","91.4","32.9"
"2024","자치단체이전","자치단체자본보조","환경부","지역균형발전특별회계","지역지원계정","환경","물환경","맑은물 공급·이용","지방상수도 관리(지역지원)","노후상수도정비(지역지원)","노후상수도정비(지역지원)","0","0","0","0","0"
"2024","자치단체이전","자치단체자본보조","환경부","한강수계관리기금"," ","환경","물환경","4대강유역관리","환경기초시설(한강)","환경기초시설설치","환경기초시설설치","71383000","0","47524880","0.0","0"
"2024","자치단체이전","자치단체자본보조","환경부","한강수계관리기금"," ","환경","물환경","4대강유역관리","환경기초시설(한강)","수질자동측정감시장치 설치","수질자동측정감시장치 설치","296000","0","0","0.0","0"
"2024","자치단체이전","자치단체자본보조","환경부","한강수계관리기금"," ","환경","물환경","4대강유역관리","기타 수질개선지원(한강)","상수원관리지역관리","중소유역수질개선사업(자본)","200000","0","0","0.0","0"
"2024","자치단체이전","자치단체자본보조","환경부","한강수계관리기금"," ","환경","물환경","4대강유역관리","기타 수질개선지원(한강)","생태하천복원사업","생태하천 복원사업","8547000","0","6621797","0.0","0"
"2024","자치단체이전","자치단체자본보조","환경부","한강수계관리기금"," ","환경","물환경","4대강유역관리","기타 수질개선지원(한강)","비점오염저감사업","비점오염저감사업 설치사업","2507121","0","1648990","0.0","0"
"2024","자치단체이전","자치단체자본보조","환경부","한강수계관리기금"," ","환경","물환경","4대강유역관리","기타 수질개선지원(한강)","상하류 협력지원사업","상하류협력지원사업 자본","1235000","0","1235000","0.0","0"
"2024","자치단체이전","자치단체자본보조","환경부","한강수계관리기금"," ","환경","물환경","4대강유역관리","친환경 청정사업(한강)","친환경 청정사업 지원","친환경 청정사업 지원","28064000","0","25271405","0.0","0"
"2024","자치단체이전","자치단체자본보조","환경부","환경개선특별회계"," ","환경","환경일반","환경연구 및 교육","환경시험연구","국립환경과학원연구사업(R&D)","환경분야시험검사의 국제적 적합성 기반구축사업","165000","165000","164800","100.0","99.9"
"2024","자치단체이전","자치단체자본보조","환경부","환경개선특별회계"," ","환경","환경일반","환경행정 지원","재해대책","재해대책비","재해복구","10000000","6991285","2988567","69.9","42.7"
"2024","자치단체이전","자치단체자본보조","환경부","환경개선특별회계"," ","환경","물환경","수질 및 수생태계 관리","산업폐수 및 기타오염원 관리","가축분뇨공공처리시설 설치","가축분뇨공공처리시설 설치","59440000","58460000","52374007","98.4","89.6"
"2024","자치단체이전","자치단체자본보조","환경부","환경개선특별회계"," ","환경","물환경","수질 및 수생태계 관리","산업폐수 및 기타오염원 관리","비점오염저감사업","비점오염저감시설 설치 국고보조","33691000","30696000","36300021","91.1","118.3"
"2024","자치단체이전","자치단체자본보조","환경부","환경개선특별회계"," ","환경","물환경","수질 및 수생태계 관리","산업폐수 및 기타오염원 관리","비점오염저감사업"," 저탄소 그린산단 조성사업","0","0","409609","0","0"
"2024","자치단체이전","자치단체자본보조","환경부","환경개선특별회계"," ","환경","물환경","수질 및 수생태계 관리","산업폐수 및 기타오염원 관리","공공폐수처리시설","공공폐수처리시설 설치지원","72637000","70871824","61044242","97.6","86.1"
"2024","자치단체이전","자치단체자본보조","환경부","환경개선특별회계"," ","환경","물환경","수질 및 수생태계 관리","산업폐수 및 기타오염원 관리","산업단지완충저류시설 설치","산업단지완충저류시설 설치","51404000","49519600","56063355","96.3","113.2"
"2024","자치단체이전","자치단체자본보조","환경부","환경개선특별회계"," ","환경","물환경","수질 및 수생태계 관리","산업폐수 및 기타오염원 관리","도시물순환 개선사업","물 안심공간 조성","0","0","0","0","0"
"2024","자치단체이전","자치단체자본보조","환경부","환경개선특별회계"," ","환경","물환경","수질 및 수생태계 관리","하수도 관리","하수처리장 설치","하수처리장 설치(하수처리장 확충, 농어촌마을하수도정비)","1016442000","957670000","449494099","94.2","46.9"
"2024","자치단체이전","자치단체자본보조","환경부","환경개선특별회계"," ","환경","물환경","수질 및 수생태계 관리","하수도 관리","스마트하수도 관리체계 구축운영","스마트하수도 관리체계 구축운영","52467000","13946000","531697","26.6","3.8"
"2024","자치단체이전","자치단체자본보조","환경부","환경개선특별회계"," ","환경","물환경","수질 및 수생태계 관리","수질개선기반구축","수질오염감시체계 구축운용","수질자동측정기기 설치운영 지원","1493000","1409403","1217468","94.4","86.4"
"2024","자치단체이전","자치단체자본보조","환경부","환경개선특별회계"," ","환경","물환경","수질 및 수생태계 관리","수질개선기반구축","수질 및 수생태계 측정조사","낙동강 하구 기수생태계 복원","4500000","4500000","1560728","100.0","34.7"
"2024","자치단체이전","자치단체자본보조","환경부","환경개선특별회계"," ","환경","물환경","수질 및 수생태계 관리","수질개선기반구축","수질 및 수생태계 측정조사","중점관리저수지 수생태계 복원관리","1000000","1000000","200000","100.0","20.0"
"2024","자치단체이전","자치단체자본보조","환경부","환경개선특별회계"," ","환경","물환경","맑은물 공급·이용","지방상수도 관리","수돗물 공급 안전 강화","정수장 소형생물 대응체계 구축사업_이월","0","0","907203","0","0"
"2024","자치단체이전","자치단체자본보조","환경부","환경개선특별회계"," ","환경","물환경","맑은물 공급·이용","지방상수도 관리","수돗물 공급 안전 강화","정수장 소형생물 대응체계 구축사업","13748000","13748000","2810248","100.0","20.4"
"2024","자치단체이전","자치단체자본보조","환경부","환경개선특별회계"," ","환경","물환경","맑은물 공급·이용","물산업 및 물기술 진흥","하수처리수재이용사업","하수처리수 재이용사업","52911000","40794000","10439741","77.1","25.6"
"2024","자치단체이전","자치단체자본보조","환경부","환경개선특별회계"," ","환경","물환경","맑은물 공급·이용","상수도시설 재해복구비","상수도시설 재해복구비","상수도시설 재해복구비","0","0","19432","0","0"
"2024","자치단체이전","자치단체자본보조","환경부","환경개선특별회계"," ","환경","자원순환및환경경제","자원순환사회 형성 촉진","폐기물 발생원 관리","자원순환촉진지원","자원 재활용 재사용 촉진지원(다회용기 세척장 구축)","0","0","190017","0","0"
"2024","자치단체이전","자치단체자본보조","환경부","환경개선특별회계"," ","환경","자원순환및환경경제","자원순환사회 형성 촉진","폐기물 수집 및 재활용","재활용 및 업사이클 체계 구축","재활용 및 업사이클센터 설치사업(업사이클센터 설치사업)","2660000","2660000","2207984","100.0","83.0"
"2024","자치단체이전","자치단체자본보조","환경부","환경개선특별회계"," ","환경","자원순환및환경경제","자원순환사회 형성 촉진","폐기물 수집 및 재활용","재활용 및 업사이클 체계 구축","울산 화학적재활용(해중합) 태스트베드 구축","200000","200000","190291","100.0","95.1"
"2024","자치단체이전","자치단체자본보조","환경부","환경개선특별회계"," ","환경","자원순환및환경경제","자원순환사회 형성 촉진","폐기물 수집 및 재활용","재활용 가능 자원 수거선별 인프라 확충","생활자원회수센터 확충_이월","0","0","4577801","0","0"
"2024","자치단체이전","자치단체자본보조","환경부","환경개선특별회계"," ","환경","자원순환및환경경제","자원순환사회 형성 촉진","폐기물 수집 및 재활용","재활용 가능 자원 수거선별 인프라 확충","재활용 동네마당 설치지원_이월","0","0","13041","0","0"
"2024","자치단체이전","자치단체자본보조","환경부","환경개선특별회계"," ","환경","자원순환및환경경제","자원순환사회 형성 촉진","폐기물 수집 및 재활용","전기전자제품 및 자동차의 재활용체계 구축운영","전기차 사용후 배터리 인라인 자동 평가 설비 구축","2587000","2587000","2565698","100.0","99.2"
"2024","자치단체이전","자치단체자본보조","환경부","환경개선특별회계"," ","환경","자원순환및환경경제","자원순환사회 형성 촉진","최종처리 및 안전관리","위해우려 폐기물 관리","위해우려 매립시설 오염확산방지 및 안정화","2350000","1880000","0","80.0","0.0"
"2024","자치단체이전","자치단체자본보조","환경부","환경개선특별회계"," ","환경","자원순환및환경경제","자원순환사회 형성 촉진","최종처리 및 안전관리","폐기물처리시설 확충","유기성폐자원바이오가스화 사업","30019000","30019000","35722761","100.0","119.0"
"2024","자치단체이전","자치단체자본보조","환경부","환경개선특별회계"," ","환경","자원순환및환경경제","자원순환사회 형성 촉진","최종처리 및 안전관리","폐기물처리시설 확충","친환경에너지타운 조성","7715000","7715000","8469543","100.0","109.8"
"2024","자치단체이전","자치단체자본보조","환경부","환경개선특별회계"," ","환경","자원순환및환경경제","자원순환사회 형성 촉진","최종처리 및 안전관리","폐기물처리시설 확충","매립시설 설치","29666000","27737000","32801972","93.5","118.3"
"2024","자치단체이전","자치단체자본보조","환경부","환경개선특별회계"," ","환경","자원순환및환경경제","자원순환사회 형성 촉진","최종처리 및 안전관리","폐기물처리시설 확충","소각시설 설치","77864000","76032000","81693307","97.6","107.4"
"2024","자치단체이전","자치단체자본보조","환경부","환경개선특별회계"," ","환경","자원순환및환경경제","자원순환사회 형성 촉진","최종처리 및 안전관리","폐기물처리시설 확충","매립지 정비 사업","9339000","8640000","9606053","92.5","111.2"
"2024","자치단체이전","자치단체자본보조","환경부","환경개선특별회계"," ","환경","자원순환및환경경제","자원순환사회 형성 촉진","최종처리 및 안전관리","폐기물처리시설 확충","음식물처리시설 설치","3601000","3601000","3849482","100.0","106.9"
"2024","자치단체이전","자치단체자본보조","환경부","환경개선특별회계"," ","환경","자원순환및환경경제","자원순환사회 형성 촉진","최종처리 및 안전관리","폐기물처리시설 확충","에너지융복합 폐기물처리시설(바이오가스 수소개질)","650000","650000","0","100.0","0.0"
"2024","자치단체이전","자치단체자본보조","환경부","환경개선특별회계"," ","환경","자원순환및환경경제","자원순환사회 형성 촉진","최종처리 및 안전관리","폐기물처리시설 확충","매립가스 자원화","285000","285000","258748","100.0","90.8"
"2024","자치단체이전","자치단체자본보조","환경부","환경개선특별회계"," ","환경","자원순환및환경경제","자원순환사회 형성 촉진","최종처리 및 안전관리","폐기물처리시설 확충","폐기물처리시설 정밀기술지원 개선사업","210000","210000","132985","100.0","63.3"
"2024","자치단체이전","자치단체자본보조","환경부","환경개선특별회계"," ","환경","자원순환및환경경제","자원순환사회 형성 촉진","최종처리 및 안전관리","유기성 폐자원 통합 바이오가스화 시설 설치 시범사업","유기성 폐자원 통합 바이오가스화 시설 설치 시범사업","1624750","300000","300000","18.5","100.0"
"2024","자치단체이전","자치단체자본보조","환경부","환경개선특별회계"," ","환경","자원순환및환경경제","자원순환사회 형성 촉진","폐기물처리시설재해복구비","폐기물처리시설 재해복구비","폐기물처리시설 재해복구비_이월","0","0","216124","0","0"
"2024","자치단체이전","자치단체자본보조","환경부","환경개선특별회계"," ","환경","자원순환및환경경제","친환경경제사회 활성화","지속가능발전위원회","지속가능한 환경 정책 지원","에코스쿨 조성 사업","0","0","0","0","0"
"2024","자치단체이전","자치단체자본보조","환경부","환경개선특별회계"," ","환경","자원순환및환경경제","친환경경제사회 활성화","지속가능발전위원회","환경교육강화","충남 광역환경교육연수원 조성","0","0","0","0","0"
"2024","자치단체이전","자치단체자본보조","환경부","환경개선특별회계"," ","환경","자원순환및환경경제","친환경경제사회 활성화","지속가능발전위원회","환경교육강화","에코스쿨 조성 사업","0","0","3434295","0","0"
"2024","자치단체이전","자치단체자본보조","환경부","환경개선특별회계"," ","환경","기후대기및환경안전","대기환경 보전","대기오염 발생원 관리","사업장 미세먼지 관리사업","(이월)소규모 사업장 방지시설 설치 지원 사업","0","0","417268","0","0"
"2024","자치단체이전","자치단체자본보조","환경부","환경개선특별회계"," ","환경","기후대기및환경안전","대기환경 보전","대기오염 발생원 관리","사업장 미세먼지 관리사업","중소 대기배출사업장 연료전환 지원사업","0","0","130851","0","0"
"2024","자치단체이전","자치단체자본보조","환경부","환경개선특별회계"," ","환경","기후대기및환경안전","대기환경 보전","대기오염 발생원 관리","사업장 미세먼지 관리사업","굴뚝자동측정기기 설치운영관리비지원사업","1820284","1820286","1612517","100.0","88.6"
"2024","자치단체이전","자치단체자본보조","환경부","환경개선특별회계"," ","환경","기후대기및환경안전","대기환경 보전","대기오염 발생원 관리","사업장 미세먼지 관리사업","소규모 사업장 방지시설 설치 지원사업","49479716","49200000","58745170","99.4","119.4"
"2024","자치단체이전","자치단체자본보조","환경부","환경개선특별회계"," ","환경","기후대기및환경안전","대기환경 보전","대기오염 발생원 관리","사업장 미세먼지 관리사업","시멘트사업장 고효율 방지시설 설치 지원 시범사업","0","0","0","0","0"
"2024","자치단체이전","자치단체자본보조","환경부","환경개선특별회계"," ","환경","기후대기및환경안전","대기환경 보전","대기오염 발생원 관리","자동차 배출가스 관리사업","운행경유차 배출가스 저감사업_'23년 이월사업","0","0","438648","0","0"
"2024","자치단체이전","자치단체자본보조","환경부","환경개선특별회계"," ","환경","기후대기및환경안전","대기환경 보전","대기오염 발생원 관리","자동차 배출가스 관리사업","운행차 배출가스 저감사업","320650000","299121767","260707952","93.3","87.2"
"2024","자치단체이전","자치단체자본보조","환경부","환경개선특별회계"," ","환경","기후대기및환경안전","대기환경 보전","대기오염 발생원 관리","자동차 배출가스 관리사업","보증기간 경과장치 성능유지 관리","3405000","3405000","3286849","100.0","96.5"
"2024","자치단체이전","자치단체자본보조","환경부","환경개선특별회계"," ","환경","기후대기및환경안전","대기환경 보전","대기오염 발생원 관리","생활주변 미세먼지 관리사업","가정용 저녹스 보일러 지원사업","9000000","8099320","6480185","90.0","80.0"
"2024","자치단체이전","자치단체자본보조","환경부","환경개선특별회계"," ","환경","기후대기및환경안전","대기환경 보전","대기오염 발생원 관리","생활주변 미세먼지 관리사업","도로재비산먼지 저감사업","15350000","14690000","14075853","95.7","95.8"
"2024","자치단체이전","자치단체자본보조","환경부","환경개선특별회계"," ","환경","기후대기및환경안전","대기환경 보전","대기오염 발생원 관리","생활주변 미세먼지 관리사업","가스열펌프 저감장치 부착지원사업","17500000","17482500","19507660","99.9","111.6"
"2024","자치단체이전","자치단체자본보조","환경부","환경개선특별회계"," ","환경","기후대기및환경안전","대기환경 보전","대기오염 발생원 관리","생활주변 미세먼지 관리사업","소규모 생활오염원 배출저감 지원사업","0","0","0","0","0"
"2024","자치단체이전","자치단체자본보조","환경부","환경개선특별회계"," ","환경","기후대기및환경안전","대기환경 보전","대기오염 발생원 관리","생활주변 미세먼지 관리사업","미세먼지 취약지역 집중관리","0","0","0","0","0"
"2024","자치단체이전","자치단체자본보조","환경부","환경개선특별회계"," ","환경","기후대기및환경안전","대기환경 보전","대기환경 개선 정책기반강화 및 국제협력","대기오염측정망 구축·운영","지자체 대기오염측정망 설치운영","2335000","2335000","2180213","100.0","93.4"
"2024","자치단체이전","자치단체자본보조","환경부","환경개선특별회계"," ","환경","기후대기및환경안전","환경보건관리","환경위해 관리","지하역사공기질 개선대책","지하역사 미세먼지 개선대책","16999000","16999000","12585414","100.0","74.0"
"2024","자치단체이전","자치단체자본보조","환경부","환경개선특별회계"," ","환경","자연환경","자연생태 보전","자연의 보전·관리","국립공원 및 지질공원사업","지질공원 운영지원","500000","201000","93922","40.2","46.7"
"2024","자치단체이전","자치단체자본보조","환경부","환경개선특별회계"," ","환경","자연환경","자연생태 보전","자연의 보전·관리","생물자원보전 종합대책","생물자원보전시설 설치","2600000","2600000","1347025","100.0","51.8"
"2024","자치단체이전","자치단체자본보조","환경부","환경개선특별회계"," ","환경","자연환경","자연생태 보전","자연의 보전·관리","생물자원보전 종합대책","거점동물원 협력시설 설치","320000","320000","3310","100.0","1.0"
"2024","자치단체이전","자치단체자본보조","환경부","환경개선특별회계"," ","환경","자연환경","자연생태 보전","자연의 보전·관리","야생동식물보호 및 관리","야생동물 구조관리센터 설치 지원","1860000","1860000","1851018","100.0","99.5"
"2024","자치단체이전","자치단체자본보조","환경부","환경개선특별회계"," ","환경","자연환경","자연생태 보전","자연의 보전·관리","야생동식물보호 및 관리","야생동물피해예방 사업","4790000","4790000","4601126","100.0","96.1"
"2024","자치단체이전","자치단체자본보조","환경부","환경개선특별회계"," ","환경","자연환경","자연생태 보전","자연의 보전·관리","야생동식물보호 및 관리","사육곰 몰수보호시설 설치","500000","500000","2664005","100.0","532.8"
"2024","자치단체이전","자치단체자본보조","환경부","환경개선특별회계"," ","환경","자연환경","자연생태 보전","자연의 보전·관리","야생동식물보호 및 관리","아프리카돼지열병 대응 사업","6443000","0","0","0.0","0"
"2024","자치단체이전","자치단체자본보조","환경부","환경개선특별회계"," ","환경","자연환경","자연생태 보전","자연생태 복원","생태경관보전지역 및 특정도서 관리","생태마을 보전활동비 지원","180000","180000","176971","100.0","98.3"
"2024","자치단체이전","자치단체자본보조","환경부","환경개선특별회계"," ","환경","자연환경","자연생태 보전","자연생태 복원","국토생태네트워크구축","백두대간등 생태축 훼손지 복원","0","0","2629289","0","0"
"2024","자치단체이전","자치단체자본보조","환경부","환경개선특별회계"," ","환경","자연환경","자연생태 보전","자연생태 복원","국토생태네트워크구축","도시소생태계 조성","0","0","123706","0","0"
"2024","자치단체이전","자치단체자본보조","환경부","환경개선특별회계"," ","환경","자연환경","자연생태 보전","자연생태 복원","국토생태네트워크구축","국가생태탐방로 조성","11338000","11038000","9103667","97.4","82.5"
"2024","자치단체이전","자치단체자본보조","환경부","환경개선특별회계"," ","환경","자연환경","자연생태 보전","자연생태 복원","국토생태네트워크구축","백두대간등 생태축 훼손지 복원","3259000","3259000","1389977","100.0","42.7"
"2024","자치단체이전","자치단체자본보조","환경부","환경개선특별회계"," ","환경","자연환경","자연생태 보전","자연자원의 이용","생태관광자원 이용기반","환경친화적 에코촌 조성","650000","650000","650000","100.0","100.0"
"2024","자치단체이전","자치단체자본보조","환경부","환경개선특별회계"," ","환경","자연환경","자연생태 보전","자연자원의 이용","생태관광자원 이용기반","생태관광체험시설 조성","4070000","1570000","593660","38.6","37.8"
"2024","자치단체이전","자치단체자본보조","환경부","환경개선특별회계"," ","환경","자연환경","자연생태 보전","자연보전분야 재해복구비","지자체관리공원 재해복구비","(이월) 호우 피해 자연공원 재해복구비","0","0","29414","0","0"
