회계연도,지출목,지출세목,중앙관서,회계,계정,분야,부문,프로그램,단위사업,세부사업,내역사업,예산현액(천원),교부액(천원),집행액(천원),교부율(%25),집행률(%25)
"2026","민간이전","민간경상보조","경찰청","일반회계"," ","공공질서및안전","경찰","경찰행정지원","치안행정업무지원","경무인사지원","수사교통민원 보조활동","2005000","1503750","905867","75.0","60.2"
"2026","민간이전","민간경상보조","고용노동부","고등·평생교육지원특별회계"," ","사회복지","고용","직업능력개발","한국폴리텍대학출연","한국폴리텍대학운영지원(BTL정부지급금)","한국폴리텍대학운영지원(BTL)","13673000","6987639","6987639","51.1","100.0"
"2026","민간이전","민간경상보조","고용노동부","고등·평생교육지원특별회계"," ","사회복지","고용","직업능력개발","한국기술교육대학교출연","한국기술교육대학교운영지원(BTL정부지급금)","한국기술교육대학교운영지원(BTL)","1152000","551178","551178","47.8","100.0"
"2026","민간이전","민간경상보조","고용노동부","고용보험기금"," ","사회복지","고용","고용창출","고용보험징수관리","고용보험적용부과지원","보험사무대행기관지원금","12917000","10000000","10000000","77.4","100.0"
"2026","민간이전","민간경상보조","고용노동부","고용보험기금"," ","사회복지","고용","직업능력개발","사업주능력개발지원금","사업주직업훈련지원금","현장맞춤형체계적훈련","4230000","4230000","940092","100.0","22.2"
"2026","민간이전","민간경상보조","고용노동부","고용보험기금"," ","사회복지","고용","직업능력개발","중소기업능력개발지원","국가인적자원개발컨소시엄지원","하이테크형","35600000","35600000","10425668","100.0","29.3"
"2026","민간이전","민간경상보조","고용노동부","고용보험기금"," ","사회복지","고용","직업능력개발","중소기업능력개발지원","국가인적자원개발컨소시엄지원","산업맞춤형","59285000","59285000","21932773","100.0","37.0"
"2026","민간이전","민간경상보조","고용노동부","고용보험기금"," ","사회복지","고용","직업능력개발","한국산업인력공단능력개발사업지원","산업현장일학습병행지원","일학습병행 공동훈련센터","68516000","51387000","20991705","75.0","40.9"
"2026","민간이전","민간경상보조","고용노동부","고용보험기금"," ","사회복지","고용","직업능력개발","한국폴리텍대학능력개발사업지원","기능인력양성및장비확충(폴리텍)","기능인력양성및장비확충(폴리텍)","4978000","3910000","2252145","78.5","57.6"
"2026","민간이전","민간경상보조","고용노동부","고용보험기금"," ","사회복지","고용","고용평등증진","일·가정양립지원","고용안정장려금","출산육아기 고용안정 지원(대체인력뱅크)","3000000","1641615","1183607","54.7","72.1"
"2026","민간이전","민간경상보조","고용노동부","고용보험기금"," ","사회복지","고용","고용평등증진","일·가정양립지원","직장어린이집지원","직장어린이집 설치지원","7450000","3193630","1708120","42.9","53.5"
"2026","민간이전","민간경상보조","고용노동부","산업재해보상보험및예방기금"," ","사회복지","노동","산재보험","산재보험료징수관리","산재보험 적용부과지원","산재보험적용부과지원","15118000","12000000","12000000","79.4","100.0"
"2026","민간이전","민간경상보조","고용노동부","일반회계"," ","사회복지","고용","고용창출","고용지원인프라운영","청년고용지원인프라 운영","대학일자리플러스센터(민경보)","35600000","35600000","10789963","100.0","30.3"
"2026","민간이전","민간경상보조","고용노동부","일반회계"," ","사회복지","고용","고용창출","고용지원인프라운영","청년고용지원인프라 운영","대학일자리플러스센터(대학 재학생 맞춤형 고용서비스)","37780000","37780000","12285196","100.0","32.5"
"2026","민간이전","민간경상보조","고용노동부","일반회계"," ","사회복지","고용","고용창출","고용지원인프라운영","청년고용지원인프라 운영","대학일자리플러스센터(고교 재학생 맞춤형 고용서비스)","8400000","8400000","2781827","100.0","33.1"
"2026","민간이전","민간경상보조","고용노동부","일반회계"," ","사회복지","고용","고용창출","고용지원인프라운영","청년고용지원인프라 운영","대학일자리플러스센터(졸업생 특화프로그램 민경보)","14120000","14088360","3953192","99.8","28.1"
"2026","민간이전","민간경상보조","고용노동부","일반회계"," ","사회복지","고용","고용창출","고용지원인프라운영","청년고용지원인프라 운영","대학일자리플러스센터(구직단념청년 지원체계 운영)","6000000","6000000","1091475","100.0","18.2"
"2026","민간이전","민간경상보조","고용노동부","일반회계"," ","사회복지","고용","고용창출","고용지원인프라운영","청년고용지원인프라 운영","청년지원센터 또래지원단","590000","414500","15654","70.3","3.8"
"2026","민간이전","민간경상보조","고용노동부","일반회계"," ","사회복지","고용","고용창출","청년진로및취업지원(일반)","해외취업지원","해외 K-Move 센터 운영","3528000","3528000","2329694","100.0","66.0"
"2026","민간이전","민간경상보조","고용노동부","일반회계"," ","사회복지","고용","고용창출","청년진로및취업지원(일반)","해외취업지원","글로벌취업상담회","350000","350000","275198","100.0","78.6"
"2026","민간이전","민간경상보조","고용노동부","일반회계"," ","사회복지","고용","고용창출","청년진로및취업지원(일반)","청년취업진로 및 일경험 지원","청년 일경험 지원 ","200600000","136745686","57904367","68.2","42.3"
"2026","민간이전","민간경상보조","고용노동부","일반회계"," ","사회복지","고용","고용창출","청년진로및취업지원(일반)","청년취업진로 및 일경험 지원","사회적가치형 청년일경험 지원","3500000","2450000","0","70.0","0.0"
"2026","민간이전","민간경상보조","고용노동부","일반회계"," ","사회복지","고용","고용창출","취약계층취업촉진","경력단절여성취업지원","집단상담프로그램운영(민간새일센터)","0","0","0","0","0"
"2026","민간이전","민간경상보조","고용노동부","일반회계"," ","사회복지","고용","직업능력개발","실업자등능력개발지원","미래유망분야 고졸인력 양성","미래유망분야 고졸인력 양성","11542000","8656500","6707562","75.0","77.5"
"2026","민간이전","민간경상보조","고용노동부","일반회계"," ","사회복지","고용","고용안전망확충","일자리안정자금지원","일자리안정자금지원","일자리안정자금지원","39000","27300","2903","70.0","10.6"
"2026","민간이전","민간경상보조","고용노동부","일반회계"," ","사회복지","고용","고용안전망확충","국민취업지원제도","국민취업지원제도(일반)","국민취업지원제도 청년지원단","1500000","1050000","441179","70.0","42.0"
"2026","민간이전","민간경상보조","고용노동부","일반회계"," ","사회복지","고용","고용평등증진","고용평등환경개선","고용평등환경개선지원","고용평등상담실 운영(민간)","450000","450000","199845","100.0","44.4"
"2026","민간이전","민간경상보조","고용노동부","일반회계"," ","사회복지","고용","고용평등증진","중장년층취업지원","중장년층취업지원","중장년내일이음패키지","21434000","19600231","10376210","91.4","52.9"
"2026","민간이전","민간경상보조","고용노동부","일반회계"," ","사회복지","노동","노사정책","노사협력","상생협력 확산지원","임금·복지 격차 완화 프로젝트(상생복지 재원 조성)","0","0","0","0","0"
"2026","민간이전","민간경상보조","고용노동부","일반회계"," ","사회복지","노동","노사정책","노사협력","취약노동자지원","취약노동자 보호(영세사업장 인사노무관리체계 구축지원)","900000","892000","320694","99.1","36.0"
"2026","민간이전","민간경상보조","고용노동부","일반회계"," ","사회복지","노동","노사정책","노사협력","취약노동자지원","취약노동자 일터개선 지원(민간경상보조)","374000","148158","139871","39.6","94.4"
"2026","민간이전","민간경상보조","고용노동부","일반회계"," ","사회복지","노동","노사정책","노사협력","취약노동자지원","노동단체 지원","3680000","2576293","1620650","70.0","62.9"
"2026","민간이전","민간경상보조","고용노동부","일반회계"," ","사회복지","노동","노사정책","노사협력","취약노동자지원","노사관계 비영리법인 지원","1800000","1318950","737589","73.3","55.9"
"2026","민간이전","민간경상보조","고용노동부","일반회계"," ","사회복지","노동","노사정책","노사발전재단지원","노사발전재단지원","노사상생협력 교육 지원","91000","91000","34115","100.0","37.5"
"2026","민간이전","민간경상보조","고용노동부","일반회계"," ","사회복지","노동","노사정책","노사발전재단지원","노사발전재단지원","글로벌노사관계지원(구_노동분야 국제교류협력 지원)","400000","400000","62976","100.0","15.7"
"2026","민간이전","민간경상보조","고용노동부","일반회계"," ","사회복지","노동","노사정책","노사발전재단지원","노사발전재단지원","노사발전재단 인건비 지원","16370000","12277500","8388647","75.0","68.3"
"2026","민간이전","민간경상보조","고용노동부","일반회계"," ","사회복지","노동","노사정책","노사발전재단지원","노사발전재단지원","노사발전재단 경상비 지원","5176000","5059000","3560779","97.7","70.4"
"2026","민간이전","민간경상보조","고용노동부","일반회계"," ","사회복지","노동","노사정책","노사발전재단지원","노사발전재단지원"," 근로자를 위한 노사협의회 구축 및 활성화 지원","100000","100000","3938","100.0","3.9"
"2026","민간이전","민간경상보조","고용노동부","일반회계"," ","사회복지","노동","노사정책","노사발전재단지원","노사발전재단지원","정보화시스템 통합유지보수","220000","220000","108800","100.0","49.5"
"2026","민간이전","민간경상보조","고용노동부","일반회계"," ","사회복지","노동","노사정책","노사발전재단지원","노사발전재단지원","상생파트너십 종합지원사업 ","2900000","2900000","452368","100.0","15.6"
"2026","민간이전","민간경상보조","고용노동부","일반회계"," ","사회복지","노동","노사정책","일터혁신 상생컨설팅 지원","일터혁신 상생컨설팅","사업운영비(구. 총괄관리 )","500000","500000","139158","100.0","27.8"
"2026","민간이전","민간경상보조","고용노동부","지역균형발전특별회계","지역지원계정","사회복지","고용","고용창출","지역고용촉진지원","지역산업맞춤형일자리지원","격차 완화 운영지원","2000000","1300000","485038","65.0","37.3"
"2026","민간이전","민간경상보조","공정거래위원회","일반회계"," ","일반·지방행정","일반행정","소비자후생 증진","소비자권익증진 지원","소비자권익증진 지원","자율분쟁조정위원회 운영 지원","189000","135908","100990","71.9","74.3"
"2026","민간이전","민간경상보조","과학기술정보통신부","과학기술진흥기금"," ","과학기술","과학기술인력및문화","과학기술인력양성","과학기술인력지원","우수과학자포상","우수과학자포상(대한민국과학상/공학상)","330000","43000","8143","13.0","18.9"
"2026","민간이전","민간경상보조","과학기술정보통신부","과학기술진흥기금"," ","과학기술","과학기술인력및문화","과학기술인력양성","과학기술인력지원","우수과학자포상","우수과학자포상(대한민국과학기술인상/대한민국젊은과학자상)","365000","105000","88876","28.8","84.6"
"2026","민간이전","민간경상보조","과학기술정보통신부","과학기술진흥기금"," ","과학기술","과학기술인력및문화","과학기술인력양성","과학기술인력지원","우수과학자포상","우수과학자포상(대한민국 엔지니어상)","190000","110000","91695","57.9","83.4"
"2026","민간이전","민간경상보조","과학기술정보통신부","과학기술진흥기금"," ","과학기술","과학기술인력및문화","과학기술인력양성","과학기술인력지원","우수과학자포상","우수과학자포상(IR52장영실상)","82000","76000","45760","92.7","60.2"
"2026","민간이전","민간경상보조","과학기술정보통신부","과학기술진흥기금"," ","과학기술","과학기술인력및문화","과학기술인력양성","과학기술인력지원","우수과학자포상","우수과학자포상(대한민국최고과학기술인상)","323000","322000","317466","99.7","98.6"
"2026","민간이전","민간경상보조","과학기술정보통신부","과학기술진흥기금"," ","과학기술","과학기술인력및문화","과학기술인력양성","과학기술인력지원","우수과학자포상","우수과학자포상(올해의과학교사상)","167000","2000","0","1.2","0.0"
"2026","민간이전","민간경상보조","과학기술정보통신부","과학기술진흥기금"," ","과학기술","과학기술인력및문화","과학기술인력양성","과학기술인력지원","우수과학자포상","우수과학자포상(올해의여성과학기술인상)","44000","14000","0","31.8","0.0"
"2026","민간이전","민간경상보조","과학기술정보통신부","과학기술진흥기금"," ","과학기술","과학기술인력및문화","과학기술인력양성","과학기술인력지원","우수과학자포상","우수과학자포상(우수과학도상)","67000","67000","66414","100.0","99.1"
"2026","민간이전","민간경상보조","과학기술정보통신부","과학기술진흥기금"," ","과학기술","과학기술인력및문화","과학기술인력양성","과학기술인력지원","우수과학자포상","우수과학자포상(올해의최석정상)","54000","14000","6763","25.9","48.3"
"2026","민간이전","민간경상보조","과학기술정보통신부","과학기술진흥기금"," ","과학기술","과학기술인력및문화","과학문화창달","과학기술진흥단체지원","한국과학기술단체총연합회지원(R&D)","학술활동지원","6876000","6298000","1218683","91.6","19.4"
"2026","민간이전","민간경상보조","과학기술정보통신부","과학기술진흥기금"," ","과학기술","과학기술인력및문화","과학문화창달","과학기술진흥단체지원","한국과학기술단체총연합회지원(R&D)","재외과학기술자 교류지원","2421000","1626000","1398780","67.2","86.0"
"2026","민간이전","민간경상보조","과학기술정보통신부","과학기술진흥기금"," ","과학기술","과학기술인력및문화","과학문화창달","과학기술진흥단체지원","한국과학기술단체총연합회지원(R&D)","세계한인과학기술자대회 개최 지원","616000","593000","304646","96.3","51.4"
"2026","민간이전","민간경상보조","과학기술정보통신부","과학기술진흥기금"," ","과학기술","과학기술인력및문화","과학문화창달","과학기술진흥단체지원","한국과학기술단체총연합회지원(R&D)","지역과학기술혁신성장 및  과학의날 개최","791000","724000","200704","91.5","27.7"
"2026","민간이전","민간경상보조","과학기술정보통신부","과학기술진흥기금"," ","과학기술","과학기술인력및문화","과학문화창달","과학기술진흥단체지원","한국과학기술단체총연합회지원(R&D)","과학기술 네트워크 강화","300000","214000","59718","71.3","27.9"
"2026","민간이전","민간경상보조","과학기술정보통신부","과학기술진흥기금"," ","과학기술","과학기술인력및문화","과학문화창달","과학기술진흥단체지원","한국과학기술한림원지원(R&D)","과학기술정책연구 및 자문","2236000","1564000","614309","69.9","39.3"
"2026","민간이전","민간경상보조","과학기술정보통신부","과학기술진흥기금"," ","과학기술","과학기술인력및문화","과학문화창달","과학기술진흥단체지원","한국과학기술한림원지원(R&D)","과학기술인재양성","439000","308000","67842","70.2","22.0"
"2026","민간이전","민간경상보조","과학기술정보통신부","과학기술진흥기금"," ","과학기술","과학기술인력및문화","과학문화창달","과학기술진흥단체지원","한국과학기술한림원지원(R&D)","과학기술국제교류증진","949000","665000","279442","70.1","42.0"
"2026","민간이전","민간경상보조","과학기술정보통신부","과학기술진흥기금"," ","과학기술","과학기술연구개발","기초연구진흥","기초연구기반구축사업","아태이론물리센터지원(R&D)","국제공동연구를 통한 신진연구자 연구역량 강화","4200000","2995000","1708539","71.3","57.0"
"2026","민간이전","민간경상보조","과학기술정보통신부","과학기술진흥기금"," ","과학기술","과학기술연구개발","기초연구진흥","기초연구기반구축사업","아태이론물리센터지원(R&D)","아태지역 이론물리 커뮤니티 선도 및 허브구축","873000","633000","325229","72.5","51.4"
"2026","민간이전","민간경상보조","과학기술정보통신부","방송통신발전기금"," ","문화및관광","문화예술","콘텐츠방송산업육성","방송통신콘텐츠진흥","방송콘텐츠 진흥","AI 디지털 기반 방송프로그램 제작지원","9880000","7621000","3144859","77.1","41.3"
"2026","민간이전","민간경상보조","과학기술정보통신부","방송통신발전기금"," ","문화및관광","문화예술","콘텐츠방송산업육성","방송통신콘텐츠진흥","방송콘텐츠 진흥","크리에이터미디어 산업기반조성","4320000","2870000","2063187","66.4","71.9"
"2026","민간이전","민간경상보조","과학기술정보통신부","방송통신발전기금"," ","문화및관광","문화예술","콘텐츠방송산업육성","방송통신콘텐츠진흥","방송콘텐츠 진흥","AI 디지털 기반 해외 한국어방송사 지원","0","0","0","0","0"
"2026","민간이전","민간경상보조","과학기술정보통신부","방송통신발전기금"," ","문화및관광","문화예술","콘텐츠방송산업육성","방송통신콘텐츠진흥","방송콘텐츠 진흥","지역 방송 제작 역량 강화","800000","616000","281192","77.0","45.6"
"2026","민간이전","민간경상보조","과학기술정보통신부","방송통신발전기금"," ","문화및관광","문화예술","콘텐츠방송산업육성","방송통신콘텐츠진흥","방송콘텐츠 진흥","AI·디지털기반 미디어 융합인재 ","1792000","1379840","771572","77.0","55.9"
"2026","민간이전","민간경상보조","과학기술정보통신부","방송통신발전기금"," ","문화및관광","문화예술","콘텐츠방송산업육성","방송산업육성기반구축","디지털미디어산업 육성기반 구축(정보화)","방송통신광고비조사","98000","76000","76000","77.6","100.0"
"2026","민간이전","민간경상보조","과학기술정보통신부","방송통신발전기금"," ","문화및관광","문화예술","행복한방송통신환경조성(KMCC)","방송인프라지원","EBS프로그램제작지원","유아 어린이 프로그램","7829000","6012100","2660865","76.8","44.3"
"2026","민간이전","민간경상보조","과학기술정보통신부","방송통신발전기금"," ","문화및관광","문화예술","행복한방송통신환경조성(KMCC)","방송인프라지원","EBS프로그램제작지원","청소년 프로그램","9665000","7722900","3988194","79.9","51.6"
"2026","민간이전","민간경상보조","과학기술정보통신부","방송통신발전기금"," ","문화및관광","문화예술","행복한방송통신환경조성(KMCC)","방송인프라지원","EBS프로그램제작지원","평생교육 프로그램","7658000","6162100","3425079","80.5","55.6"
"2026","민간이전","민간경상보조","과학기술정보통신부","방송통신발전기금"," ","문화및관광","문화예술","행복한방송통신환경조성(KMCC)","방송인프라지원","EBS프로그램제작지원","2TV 프로그램","5231000","4171000","2156833","79.7","51.7"
"2026","민간이전","민간경상보조","과학기술정보통신부","방송통신발전기금"," ","문화및관광","문화예술","행복한방송통신환경조성(KMCC)","방송인프라지원","아리랑국제방송지원","TV프로그램제작","0","0","0","0","0"
"2026","민간이전","민간경상보조","과학기술정보통신부","방송통신발전기금"," ","문화및관광","문화예술","행복한방송통신환경조성(KMCC)","방송인프라지원","아리랑국제방송지원","영어FM 프로그램 제작","0","0","0","0","0"
"2026","민간이전","민간경상보조","과학기술정보통신부","방송통신발전기금"," ","문화및관광","문화예술","행복한방송통신환경조성(KMCC)","방송인프라지원","국악방송지원","국악 영상콘텐츠 제작","0","0","0","0","0"
"2026","민간이전","민간경상보조","과학기술정보통신부","방송통신발전기금"," ","문화및관광","문화예술","행복한방송통신환경조성(KMCC)","방송인프라지원","국악방송지원","프로그램 제작지원","0","0","0","0","0"
"2026","민간이전","민간경상보조","과학기술정보통신부","방송통신발전기금"," ","문화및관광","문화예술","행복한방송통신환경조성(KMCC)","방송인프라지원","국악방송지원","영상채널 프로그램 제작","0","0","0","0","0"
"2026","민간이전","민간경상보조","과학기술정보통신부","방송통신발전기금"," ","문화및관광","문화예술","행복한방송통신환경조성(KMCC)","방송인프라지원","국악방송지원","라디오 채널 프로그램 제작","0","0","0","0","0"
"2026","민간이전","민간경상보조","과학기술정보통신부","방송통신발전기금"," ","문화및관광","문화예술","행복한방송통신환경조성(KMCC)","방송인프라지원","KBS대외방송프로그램제작지원","사회교육방송 프로그램 제작지원","2713000","2089010","1215826","77.0","58.2"
"2026","민간이전","민간경상보조","과학기술정보통신부","방송통신발전기금"," ","문화및관광","문화예술","행복한방송통신환경조성(KMCC)","방송인프라지원","KBS대외방송프로그램제작지원","대외방송 프로그램 제작지원","3203000","2466310","1616650","77.0","65.5"
"2026","민간이전","민간경상보조","과학기술정보통신부","방송통신발전기금"," ","문화및관광","문화예술","행복한방송통신환경조성(KMCC)","방송인프라지원","지역,중소방송 콘텐츠 경쟁력 강화","지역.중소방송 콘텐츠 경쟁력 강화","5464000","3945000","1060744","72.2","26.9"
"2026","민간이전","민간경상보조","과학기술정보통신부","방송통신발전기금"," ","문화및관광","문화예술","행복한방송통신환경조성(KMCC)","방송인프라지원","AM라디오송출지원","AM 라디오 송출 지원","100000","100000","23463","100.0","23.5"
"2026","민간이전","민간경상보조","과학기술정보통신부","방송통신발전기금"," ","문화및관광","문화예술","행복한방송통신환경조성(KMCC)","미디어 다양성 및 공공성 확보","미디어다양성증진","시청점유율 조사, 분석 및 검증 등","111000","79400","76497","71.5","96.3"
"2026","민간이전","민간경상보조","과학기술정보통신부","방송통신발전기금"," ","문화및관광","문화예술","행복한방송통신환경조성(KMCC)","미디어 다양성 및 공공성 확보","미디어다양성증진","시청점유율 조사","2044000","1579950","708312","77.3","44.8"
"2026","민간이전","민간경상보조","과학기술정보통신부","방송통신발전기금"," ","문화및관광","문화예술","행복한방송통신환경조성(KMCC)","미디어 다양성 및 공공성 확보","미디어다양성증진","N스크린 시청기록 산출조사","0","0","0","0","0"
"2026","민간이전","민간경상보조","과학기술정보통신부","방송통신발전기금"," ","문화및관광","문화예술","행복한방송통신환경조성(KMCC)","미디어 다양성 및 공공성 확보","방송시장 경쟁상황 평가","방송시장 경쟁상황 평가","457000","163240","82510","35.7","50.5"
"2026","민간이전","민간경상보조","과학기술정보통신부","방송통신발전기금"," ","문화및관광","문화예술","행복한방송통신환경조성(KMCC)","미디어 다양성 및 공공성 확보","소외계층방송접근권보장","방송소외계층 방송접근권 보장","13750000","9839100","297001","71.6","3.0"
"2026","민간이전","민간경상보조","과학기술정보통신부","방송통신발전기금"," ","문화및관광","문화예술","행복한방송통신환경조성(KMCC)","미디어 다양성 및 공공성 확보","소외계층방송접근권보장","장애인방송 제작 지원","3581000","2659314","304334","74.3","11.4"
"2026","민간이전","민간경상보조","과학기술정보통신부","방송통신발전기금"," ","문화및관광","문화예술","행복한방송통신환경조성(KMCC)","미디어 다양성 및 공공성 확보","소외계층방송접근권보장","시청각장애인 방송서비스 기반 구축","646000","478000","71690","74.0","15.0"
"2026","민간이전","민간경상보조","과학기술정보통신부","방송통신발전기금"," ","문화및관광","문화예술","행복한방송통신환경조성(KMCC)","미디어 다양성 및 공공성 확보","소외계층방송접근권보장","음성인식 기반 자막·수어방송 시스템 조성","2100000","1484000","623914","70.7","42.0"
"2026","민간이전","민간경상보조","과학기술정보통신부","방송통신발전기금"," ","문화및관광","문화예술","행복한방송통신환경조성(KMCC)","미디어 다양성 및 공공성 확보","언론중재위원회지원","언론중재위원회지원(인건비)","8773000","6020660","4787317","68.6","79.5"
"2026","민간이전","민간경상보조","과학기술정보통신부","방송통신발전기금"," ","문화및관광","문화예술","행복한방송통신환경조성(KMCC)","미디어 다양성 및 공공성 확보","언론중재위원회지원","언론중재위원회지원(경상비)","2703000","2496750","1481568","92.4","59.3"
"2026","민간이전","민간경상보조","과학기술정보통신부","방송통신발전기금"," ","문화및관광","문화예술","행복한방송통신환경조성(KMCC)","미디어 다양성 및 공공성 확보","언론중재위원회지원","언론중재위원회지원(사업비)","3343000","2893220","1635765","86.5","56.5"
"2026","민간이전","민간경상보조","과학기술정보통신부","방송통신발전기금"," ","문화및관광","문화예술","행복한방송통신환경조성(KMCC)","미디어 다양성 및 공공성 확보","방송통신심의위원회지원","방송통신심의위원회지원(인건비)","22047000","15756000","12091453","71.5","76.7"
"2026","민간이전","민간경상보조","과학기술정보통신부","방송통신발전기금"," ","문화및관광","문화예술","행복한방송통신환경조성(KMCC)","미디어 다양성 및 공공성 확보","방송통신심의위원회지원","방송통신심의위원회지원(경상비)","4730000","3672000","2680319","77.6","73.0"
"2026","민간이전","민간경상보조","과학기술정보통신부","방송통신발전기금"," ","문화및관광","문화예술","행복한방송통신환경조성(KMCC)","미디어 다양성 및 공공성 확보","방송통신심의위원회지원","방송통신심의위원회지원(사업비-방송 심의활동)","4698000","2450000","1727225","52.1","70.5"
"2026","민간이전","민간경상보조","과학기술정보통신부","방송통신발전기금"," ","문화및관광","문화예술","행복한방송통신환경조성(KMCC)","미디어 다양성 및 공공성 확보","방송통신심의위원회지원","방송통신심의위원회지원(사업비-통신 심의활동)","3276000","2190000","1381885","66.8","63.1"
"2026","민간이전","민간경상보조","과학기술정보통신부","방송통신발전기금"," ","문화및관광","문화예술","행복한방송통신환경조성(KMCC)","미디어 다양성 및 공공성 확보","방송광고·협찬고지모니터링 기반구축","모니터링 분석시스템 구축","0","0","0","0","0"
"2026","민간이전","민간경상보조","과학기술정보통신부","방송통신발전기금"," ","문화및관광","문화예술","행복한방송통신환경조성(KMCC)","미디어 다양성 및 공공성 확보","방송광고·협찬고지모니터링 기반구축","방송광고 협찬고지 모니터링 기반구축","1692000","1302840","812042","77.0","62.3"
"2026","민간이전","민간경상보조","과학기술정보통신부","방송통신발전기금"," ","문화및관광","문화예술","행복한방송통신환경조성(KMCC)","미디어 다양성 및 공공성 확보","방송시장불공정행위조사지원","중소방송사업자 대상 공정경쟁 실태 서면조사","80000","47380","41335","59.2","87.2"
"2026","민간이전","민간경상보조","과학기술정보통신부","방송통신발전기금"," ","문화및관광","문화예술","행복한방송통신환경조성(KMCC)","미디어 다양성 및 공공성 확보","방송시장불공정행위조사지원","불공정행위 행태개선","319000","256980","132830","80.6","51.7"
"2026","민간이전","민간경상보조","과학기술정보통신부","방송통신발전기금"," ","문화및관광","문화예술","행복한방송통신환경조성(KMCC)","미디어 다양성 및 공공성 확보","방송시장불공정행위조사지원","방송사업자, 방송광고 판매대행사업자 회계 자료 검증 조사","0","0","0","0","0"
"2026","민간이전","민간경상보조","과학기술정보통신부","방송통신발전기금"," ","문화및관광","문화예술","행복한방송통신환경조성(KMCC)","미디어 다양성 및 공공성 확보","방송시장 상생환경 조성","외주제작 거래 실태조사","170000","92400","11296","54.4","12.2"
"2026","민간이전","민간경상보조","과학기술정보통신부","방송통신발전기금"," ","문화및관광","문화예술","행복한방송통신환경조성(KMCC)","미디어 다양성 및 공공성 확보","방송시장 상생환경 조성","외주제작 제도 점검 지원","60000","43890","16573","73.2","37.8"
"2026","민간이전","민간경상보조","과학기술정보통신부","방송통신발전기금"," ","문화및관광","문화예술","행복한방송통신환경조성(KMCC)","미디어 다양성 및 공공성 확보","방송시장 상생환경 조성","외주제작 제도 점검 지원(외주인정자문위원회 운영)","40000","28490","12410","71.2","43.6"
"2026","민간이전","민간경상보조","과학기술정보통신부","방송통신발전기금"," ","문화및관광","문화예술","행복한방송통신환경조성(KMCC)","미디어 다양성 및 공공성 확보","인터넷 환경의 신뢰도 기반 조성(정보화)","허위정보 대응역량 강화","404000","311800","116747","77.2","37.4"
"2026","민간이전","민간경상보조","과학기술정보통신부","방송통신발전기금"," ","문화및관광","문화예술","행복한방송통신환경조성(KMCC)","미디어 다양성 및 공공성 확보","인터넷 환경의 신뢰도 기반 조성(정보화)","팩트체크 활성화","657000","505170","30544","76.9","6.0"
"2026","민간이전","민간경상보조","과학기술정보통신부","방송통신발전기금"," ","문화및관광","문화예술","행복한방송통신환경조성(KMCC)","미디어 다양성 및 공공성 확보","한국어더빙 프로그램 제작지원","프로그램 제작지원 ","0","0","0","0","0"
"2026","민간이전","민간경상보조","과학기술정보통신부","방송통신발전기금"," ","문화및관광","문화예술","행복한방송통신환경조성(KMCC)","미디어 다양성 및 공공성 확보","한국어더빙 프로그램 제작지원","심사위원회 운영 등","0","0","0","0","0"
"2026","민간이전","민간경상보조","과학기술정보통신부","방송통신발전기금"," ","문화및관광","문화예술","행복한방송통신환경조성(KMCC)","시청자 권익보호 및 참여 활성화","시청자방송참여활성화지원","시청자 참여프로그램 제작지원","708000","584630","94061","82.6","16.1"
"2026","민간이전","민간경상보조","과학기술정보통신부","방송통신발전기금"," ","문화및관광","문화예술","행복한방송통신환경조성(KMCC)","시청자 권익보호 및 참여 활성화","시청자방송참여활성화지원","시청자 평가원 활동 지원","116000","68000","53818","58.6","79.1"
"2026","민간이전","민간경상보조","과학기술정보통신부","방송통신발전기금"," ","문화및관광","문화예술","행복한방송통신환경조성(KMCC)","시청자 권익보호 및 참여 활성화","시청자방송참여활성화지원","참여프로그램 통합관리서비스","70000","35750","0","51.1","0.0"
"2026","민간이전","민간경상보조","과학기술정보통신부","방송통신발전기금"," ","문화및관광","문화예술","행복한방송통신환경조성(KMCC)","시청자 권익보호 및 참여 활성화","시청자미디어재단지원","시청자미디어재단 운영 지원","16963000","10749790","9016664","63.4","83.9"
"2026","민간이전","민간경상보조","과학기술정보통신부","방송통신발전기금"," ","문화및관광","문화예술","행복한방송통신환경조성(KMCC)","시청자 권익보호 및 참여 활성화","시청자미디어재단지원","시청자 권익보호 지원","171000","99750","95821","58.3","96.1"
"2026","민간이전","민간경상보조","과학기술정보통신부","방송통신발전기금"," ","문화및관광","문화예술","행복한방송통신환경조성(KMCC)","시청자 권익보호 및 참여 활성화","시청자미디어재단지원","시청자권익증진 인프라 운영(민간경상보조)","50000","35000","3831","70.0","10.9"
"2026","민간이전","민간경상보조","과학기술정보통신부","방송통신발전기금"," ","문화및관광","문화예술","행복한방송통신환경조성(KMCC)","시청자 권익보호 및 참여 활성화","시청자미디어재단지원","미디어 역량교육 강화","1183000","733460","526881","62.0","71.8"
"2026","민간이전","민간경상보조","과학기술정보통신부","방송통신발전기금"," ","문화및관광","문화예술","행복한방송통신환경조성(KMCC)","시청자 권익보호 및 참여 활성화","공동체라디오 방송콘텐츠 경쟁력 강화","프로그램 제작지원","200000","190000","47158","95.0","24.8"
"2026","민간이전","민간경상보조","과학기술정보통신부","방송통신발전기금"," ","문화및관광","문화예술","행복한방송통신환경조성(KMCC)","방송콘텐츠 경쟁력 강화","방송평가기반조성","방송내용 편성 운영영역 평가","136000","95480","11913","70.2","12.5"
"2026","민간이전","민간경상보조","과학기술정보통신부","방송통신발전기금"," ","문화및관광","문화예술","행복한방송통신환경조성(KMCC)","방송콘텐츠 경쟁력 강화","방송평가기반조성","KI 시청자평가지수 조사","0","0","0","0","0"
"2026","민간이전","민간경상보조","과학기술정보통신부","방송통신발전기금"," ","문화및관광","문화예술","행복한방송통신환경조성(KMCC)","방송콘텐츠 경쟁력 강화","방송평가기반조성","방송콘텐츠 경쟁력 평가","0","0","0","0","0"
"2026","민간이전","민간경상보조","과학기술정보통신부","방송통신발전기금"," ","문화및관광","문화예술","행복한방송통신환경조성(KMCC)","방송콘텐츠 경쟁력 강화","방송광고공공인프라구축지원","공익광고 제작 및 확산","753000","376500","346970","50.0","92.2"
"2026","민간이전","민간경상보조","과학기술정보통신부","방송통신발전기금"," ","문화및관광","문화예술","행복한방송통신환경조성(KMCC)","방송콘텐츠 경쟁력 강화","방송광고공공인프라구축지원","광고정보센터 운영 및 관리","799000","615230","493911","77.0","80.3"
"2026","민간이전","민간경상보조","과학기술정보통신부","방송통신발전기금"," ","문화및관광","문화예술","행복한방송통신환경조성(KMCC)","방송콘텐츠 경쟁력 강화","혁신형중소기업방송광고활성화지원","혁신형 중소기업 광고제작 및 컨설팅 지원","944000","632480","169442","67.0","26.8"
"2026","민간이전","민간경상보조","과학기술정보통신부","방송통신발전기금"," ","문화및관광","문화예술","행복한방송통신환경조성(KMCC)","방송콘텐츠 경쟁력 강화","방송정보활용기반체계화","방송통계 통합정보 제공체계 구축","187000","106000","78267","56.7","73.8"
"2026","민간이전","민간경상보조","과학기술정보통신부","방송통신발전기금"," ","문화및관광","문화예술","행복한방송통신환경조성(KMCC)","방송콘텐츠 경쟁력 강화","방송정보활용기반체계화","방송콘텐츠 가치 정보 분석","220000","133700","127683","60.8","95.5"
"2026","민간이전","민간경상보조","과학기술정보통신부","방송통신발전기금"," ","문화및관광","문화예술","행복한방송통신환경조성(KMCC)","방송콘텐츠 경쟁력 강화","지역밀착형 방송광고 활성화 기반구축","지역밀착형 방송광고 활성화 기반구축","1442000","1038300","375052","72.0","36.1"
"2026","민간이전","민간경상보조","과학기술정보통신부","방송통신발전기금"," ","문화및관광","문화예술","행복한방송통신환경조성(KMCC)","방송콘텐츠 경쟁력 강화","지역밀착형 방송광고 활성화 기반구축","방송광고 마케팅 컨설팅 지원","0","0","0","0","0"
"2026","민간이전","민간경상보조","과학기술정보통신부","방송통신발전기금"," ","문화및관광","문화예술","행복한방송통신환경조성(KMCC)","방송콘텐츠 경쟁력 강화","지역밀착형 방송광고 활성화 기반구축","지원협의회 운영 및 만족도 조사","0","0","0","0","0"
"2026","민간이전","민간경상보조","과학기술정보통신부","방송통신발전기금"," ","문화및관광","문화예술","행복한방송통신환경조성(KMCC)","방송콘텐츠 경쟁력 강화","OTT산업경쟁력강화","OTT 해외진출 지원","600000","429250","392851","71.5","91.5"
"2026","민간이전","민간경상보조","과학기술정보통신부","방송통신발전기금"," ","문화및관광","문화예술","행복한방송통신환경조성(KMCC)","방송통신운영지원","방송통신국제협력강화","남북방송통신국제컨퍼런스","0","0","0","0","0"
"2026","민간이전","민간경상보조","과학기술정보통신부","방송통신발전기금"," ","문화및관광","문화예술","행복한방송통신환경조성(KMCC)","방송통신운영지원","방송통신국제협력강화","통일 방송프로그램 제작 지원","117000","90090","3559","77.0","4.0"
"2026","민간이전","민간경상보조","과학기술정보통신부","방송통신발전기금"," ","문화및관광","문화예술","행복한방송통신환경조성(KMCC)","방송통신운영지원","방송통신국제협력강화","방송공동제작 협력강화","192000","130900","46827","68.2","35.8"
"2026","민간이전","민간경상보조","과학기술정보통신부","방송통신발전기금"," ","문화및관광","문화예술","행복한방송통신환경조성(KMCC)","방송통신운영지원","방송통신국제협력강화","북한방송통신이용실태조사","0","0","0","0","0"
"2026","민간이전","민간경상보조","과학기술정보통신부","방송통신발전기금"," ","문화및관광","문화예술","행복한방송통신환경조성(KMCC)","방송통신운영지원","방송통신국제협력강화","방송통신분야 통상대응체계 구축","270000","146300","90831","54.2","62.1"
"2026","민간이전","민간경상보조","과학기술정보통신부","방송통신발전기금"," ","문화및관광","문화예술","행복한방송통신환경조성(KMCC)","방송통신운영지원","방송통신국제협력강화","공동제작협정 제작지원","360000","288000","89685","80.0","31.1"
"2026","민간이전","민간경상보조","과학기술정보통신부","방송통신발전기금"," ","문화및관광","문화예술","행복한방송통신환경조성(KMCC)","방송통신운영지원","방송통신국제협력강화","방송 국제기구 공동 협력사업","90000","69300","42419","77.0","61.2"
"2026","민간이전","민간경상보조","과학기술정보통신부","방송통신발전기금"," ","문화및관광","문화예술","행복한방송통신환경조성(KMCC)","방송통신운영지원","방송통신국제협력강화","방송공동제작 협력강화(방송 공동제작 국제 콘퍼런스)","162000","124740","15256","77.0","12.2"
"2026","민간이전","민간경상보조","과학기술정보통신부","방송통신발전기금"," ","문화및관광","문화예술","행복한방송통신환경조성(KMCC)","방송통신운영지원","재난방송 운영지원","KBS 재난방송 운영지원","2719000","2093630","936500","77.0","44.7"
"2026","민간이전","민간경상보조","과학기술정보통신부","방송통신발전기금"," ","문화및관광","문화예술","행복한방송통신환경조성(KMCC)","방송통신운영지원","재난방송 운영지원","재난방송 종합상황실 운영","567000","399000","251008","70.4","62.9"
"2026","민간이전","민간경상보조","과학기술정보통신부","방송통신발전기금"," ","통신","방송통신","전파활용방송서비스산업","주파수회수및재배치손실보상(방발)","산업생활주파수활용기반구축(정보화)","비면허 주파수 활용 유망기술 실증","1100000","847000","249225","77.0","29.4"
"2026","민간이전","민간경상보조","과학기술정보통신부","방송통신발전기금"," ","통신","방송통신","안전한인터넷활용기반구축(KMCC)","안전한인터넷정보활용기반구축(방발)","위치정보 활용 긴급구조 지원체계 강화","위치정보 활용 플랫폼 안정적 운영","200000","140000","137295","70.0","98.1"
"2026","민간이전","민간경상보조","과학기술정보통신부","방송통신발전기금"," ","통신","방송통신","안전한인터넷활용기반구축(KMCC)","안전한인터넷정보활용기반구축(방발)","클린인터넷이용환경조성(정보화)","클린스마트모바일 환경조성","1064000","819280","529590","77.0","64.6"
"2026","민간이전","민간경상보조","과학기술정보통신부","방송통신발전기금"," ","통신","방송통신","안전한인터넷활용기반구축(KMCC)","안전한인터넷정보활용기반구축(방발)","클린인터넷이용환경조성(정보화)","클린인터넷서비스환경조성","182000","140140","91133","77.0","65.0"
"2026","민간이전","민간경상보조","과학기술정보통신부","방송통신발전기금"," ","통신","방송통신","안전한인터넷활용기반구축(KMCC)","안전한인터넷정보활용기반구축(방발)","클린인터넷이용환경조성(정보화)","유해 SNS 플랫폼 모니터링","0","0","0","0","0"
"2026","민간이전","민간경상보조","과학기술정보통신부","방송통신발전기금"," ","통신","방송통신","안전한인터넷활용기반구축(KMCC)","안전한인터넷정보활용기반구축(방발)","지능정보사회 이용자보호 환경조성","경험적 근거마련을 위한 조사·연구","501000","256332","110781","51.2","43.2"
"2026","민간이전","민간경상보조","과학기술정보통신부","방송통신발전기금"," ","통신","방송통신","안전한인터넷활용기반구축(KMCC)","안전한인터넷정보활용기반구축(방발)","지능정보사회 이용자보호 환경조성","정책네트워크 구성·운영","184000","135365","57808","73.6","42.7"
"2026","민간이전","민간경상보조","과학기술정보통신부","방송통신발전기금"," ","통신","방송통신","안전한인터넷활용기반구축(KMCC)","안전한인터넷정보활용기반구축(방발)","지능정보사회 이용자보호 환경조성","지능정보사회 이용자 보호 정책개발","96000","41733","9193","43.5","22.0"
"2026","민간이전","민간경상보조","과학기술정보통신부","방송통신발전기금"," ","통신","방송통신","안전한인터넷활용기반구축(KMCC)","안전한인터넷정보활용기반구축(방발)","지능정보사회 이용자보호 환경조성","지능정보사회 플랫폼 자율규제 활성화","0","0","0","0","0"
"2026","민간이전","민간경상보조","과학기술정보통신부","방송통신발전기금"," ","통신","방송통신","안전한인터넷활용기반구축(KMCC)","안전한인터넷정보활용기반구축(방발)","지능정보사회 이용자보호 환경조성","신기술 환경 메타버스 이용자보호 실태조사","0","0","0","0","0"
"2026","민간이전","민간경상보조","과학기술정보통신부","방송통신발전기금"," ","통신","방송통신","안전한인터넷활용기반구축(KMCC)","안전한인터넷정보활용기반구축(방발)","지능정보사회 이용자보호 환경조성","신기술환경 메타버스 이용자보호 실태조사","360000","273600","164965","76.0","60.3"
"2026","민간이전","민간경상보조","과학기술정보통신부","방송통신발전기금"," ","통신","방송통신","안전한인터넷활용기반구축(KMCC)","안전한인터넷정보활용기반구축(방발)","불법유해정보차단기반마련","부가통신사업자 불법유해정보 차단기반 마련","3076000","2368520","1536609","77.0","64.9"
"2026","민간이전","민간경상보조","과학기술정보통신부","방송통신발전기금"," ","통신","방송통신","안전한인터넷활용기반구축(KMCC)","안전한인터넷정보활용기반구축(방발)","불법유해정보차단기반마련","DNA 성능평가 제도 도입","803000","618310","400578","77.0","64.8"
"2026","민간이전","민간경상보조","과학기술정보통신부","방송통신발전기금"," ","통신","방송통신","안전한인터넷활용기반구축(KMCC)","안전한인터넷정보활용기반구축(방발)","불법유해정보차단기반마련","디지털성범죄물 비교식별기술도입 기술지원체계 구축","550000","423500","279333","77.0","66.0"
"2026","민간이전","민간경상보조","과학기술정보통신부","방송통신발전기금"," ","통신","방송통신","안전한인터넷활용기반구축(KMCC)","안전한인터넷정보활용기반구축(방발)","불법유해정보차단기반마련","디지털 구독형서비스 불법음란정보 모니터링 체계 구축","0","0","0","0","0"
"2026","민간이전","민간경상보조","과학기술정보통신부","방송통신발전기금"," ","통신","방송통신","안전한인터넷활용기반구축(KMCC)","안전한인터넷정보활용기반구축(방발)","인터넷 이용자보호 지원","인터넷 피해 상담 센터 구축 운영","969000","629850","419659","65.0","66.6"
"2026","민간이전","민간경상보조","과학기술정보통신부","방송통신발전기금"," ","통신","방송통신","안전한인터넷활용기반구축(KMCC)","안전한인터넷정보활용기반구축(방발)","안전한 AI 활용 기반 조성","생성형 AI 이용자 참여 플랫폼","278000","194600","110108","70.0","56.6"
"2026","민간이전","민간경상보조","과학기술정보통신부","방송통신발전기금"," ","통신","방송통신","안전한인터넷활용기반구축(KMCC)","안전한인터넷정보활용기반구축(방발)","안전한 AI 활용 기반 조성","AI 피해실태 조사","0","0","0","0","0"
"2026","민간이전","민간경상보조","과학기술정보통신부","방송통신발전기금"," ","통신","정보통신","인공지능데이터진흥","데이터산업경쟁력강화(방발)","데이터기반산업경쟁력강화","데이터 유통·활용 생태계 조성","9119000","6383300","3076551","70.0","48.2"
"2026","민간이전","민간경상보조","과학기술정보통신부","일반회계"," ","문화및관광","문화예술","콘텐츠방송산업육성","콘텐츠 진흥","1인 미디어 콤플렉스 조성","1인 미디어 콤플렉스 조성","0","0","0","0","0"
"2026","민간이전","민간경상보조","과학기술정보통신부","일반회계"," ","문화및관광","문화예술","콘텐츠방송산업육성","콘텐츠 진흥","AI 기반 방송미디어 혁신 융합인재 양성","AI 기반 방송미디어 혁신 융합인재 양성","0","0","0","0","0"
"2026","민간이전","민간경상보조","과학기술정보통신부","일반회계"," ","통신","방송통신","통신정책지원","공정경쟁및이용자보호(일반)","통신서비스 이용자 피해 예방 활동 지원","불법사용 전화번호 이용중지시스템 기능개선 및 점검 강화","666000","565000","445315","84.8","78.8"
"2026","민간이전","민간경상보조","과학기술정보통신부","일반회계"," ","통신","방송통신","전파활용방송서비스산업","전파방송산업 활성화(일반)","위성주파수 관리기반 구축","위성주파수 관리기반 구축","900000","900000","379737","100.0","42.2"
"2026","민간이전","민간경상보조","과학기술정보통신부","일반회계"," ","통신","방송통신","전파활용방송서비스산업","전파방송산업 활성화(일반)","전파를 활용한 사회 민생문제 해결 공공사업","전파를 활용한 사회 민생문제 해결 공공사업","0","0","0","0","0"
"2026","민간이전","민간경상보조","과학기술정보통신부","일반회계"," ","통신","방송통신","전파활용방송서비스산업","전파방송산업 활성화(일반)","차세대 특화망 융합산업 활성화 기반구축","장비·단말 검증체계 구축","250000","196000","97954","78.4","50.0"
"2026","민간이전","민간경상보조","과학기술정보통신부","일반회계"," ","통신","방송통신","전파활용방송서비스산업","전파방송산업 활성화(일반)","차세대 특화망 융합산업 활성화 기반구축","기술 실증 및 도입 지원","600000","484000","97697","80.7","20.2"
"2026","민간이전","민간경상보조","과학기술정보통신부","일반회계"," ","통신","방송통신","전파활용방송서비스산업","전파방송산업 활성화(일반)","차세대 특화망 융합산업 활성화 기반구축","해외진출 지원","0","0","0","0","0"
"2026","민간이전","민간경상보조","과학기술정보통신부","일반회계"," ","통신","방송통신","전파활용방송서비스산업","전파방송산업 활성화(일반)","차세대 특화망 융합산업 활성화 기반구축","추가 주파수 이용기반 조성","150000","125000","38083","83.3","30.5"
"2026","민간이전","민간경상보조","과학기술정보통신부","일반회계"," ","통신","방송통신","전파활용방송서비스산업","전파연구지원","국가 간 상호인정협정(MRA) 이행 및 글로벌 진출 지원","ICT 중소기업 글로벌 진출 지원","150000","100000","17645","66.7","17.6"
"2026","민간이전","민간경상보조","과학기술정보통신부","일반회계"," ","통신","정보통신","인공지능데이터진흥","AI경쟁력강화(일반)","AI 융합 OTT 글로벌 진출 확산 지원","AI 더빙 특화 K-FAST 확산","1200000","1080000","157422","90.0","14.6"
"2026","민간이전","민간경상보조","과학기술정보통신부","일반회계"," ","통신","정보통신","인공지능데이터진흥","AI경쟁력강화(일반)","AI 융합 OTT 글로벌 진출 확산 지원","글로벌향 AI 활용 신서비스 지원","0","0","0","0","0"
"2026","민간이전","민간경상보조","과학기술정보통신부","일반회계"," ","통신","정보통신","인공지능데이터진흥","데이터산업경쟁력강화(일반)","AI혁신을 위한 데이터 안전 활용 지원 사업","AI혁신을 위한 데이터 안전 활용 지원 사업","0","0","0","0","0"
"2026","민간이전","민간경상보조","과학기술정보통신부","일반회계"," ","통신","정보통신","인공지능데이터진흥","데이터산업경쟁력강화(일반)","데이터성장뱅크 구축 운영","데이터성장뱅크 구축 운영","0","0","0","0","0"
"2026","민간이전","민간경상보조","과학기술정보통신부","일반회계"," ","통신","정보통신","인공지능데이터진흥","데이터산업경쟁력강화(일반)","AI 데이터 활용 생태계 조성","데이터 산업동향 분석","0","0","0","0","0"
"2026","민간이전","민간경상보조","과학기술정보통신부","일반회계"," ","통신","정보통신","인공지능데이터진흥","데이터산업경쟁력강화(일반)","AI 데이터 활용 생태계 조성","시니어(도메인 전문가)·청년 협력형 데이터 캠퍼스","0","0","0","0","0"
"2026","민간이전","민간경상보조","과학기술정보통신부","정보통신진흥기금"," ","문화및관광","문화예술","정보통신방송기반조성","주파수활용여건조성","주파수 수급 및 정비체계 구축","5G 특화망 주파수관리 및 지원체계 운영","352000","246400","208902","70.0","84.8"
"2026","민간이전","민간경상보조","과학기술정보통신부","정보통신진흥기금"," ","통신","정보통신","정보통신융합산업","ICT산업기반확충(정진)","해외IT지원센터운영","해외IT지원센터운영","3095000","2166500","1514929","70.0","69.9"
"2026","민간이전","민간경상보조","과학기술정보통신부","정보통신진흥기금"," ","통신","정보통신","인공지능데이터진흥","AI기술개발(정진)","데이터 활용확산 정책지원","데이터 활용·유통 활성화 기반 마련","1037000","725900","356795","70.0","49.2"
"2026","민간이전","민간경상보조","과학기술정보통신부","정보통신진흥기금"," ","통신","정보통신","인공지능데이터진흥","AI경쟁력강화(정진)","AI통합바우처","데이터 바우처","9350000","6545000","4692600","70.0","71.7"
"2026","민간이전","민간경상보조","과학기술정보통신부","정보통신진흥기금"," ","통신","정보통신","인공지능데이터진흥","데이터산업경쟁력강화(정진)","데이터경제인프라구축","데이터 산업동향 분석","381000","266700","127364","70.0","47.8"
"2026","민간이전","민간경상보조","과학기술정보통신부","지역균형발전특별회계","지역지원계정","문화및관광","문화예술","콘텐츠방송산업육성","방송산업육성기반구축","지역방송 협력 소상공인 판로개척 지원","지역방송 협력 소상공인 판로개척 지원","0","0","0","0","0"
"2026","민간이전","민간경상보조","과학기술정보통신부","지역균형발전특별회계","지역지원계정","문화및관광","문화예술","콘텐츠방송산업육성","방송산업육성기반구축","홈쇼핑의 지역 중소기업·소상공인 상생협력 강화","홈쇼핑의 지역 중소기업·소상공인 상생협력 강화 ","0","0","0","0","0"
"2026","민간이전","민간경상보조","과학기술정보통신부","지역균형발전특별회계","지역지원계정","과학기술","과학기술인력및문화","과학문화창달","과학기술문화창달사업","지역과학관건립","전국 과학관 건립 타당성 용역","500000","500000","27637","100.0","5.5"
"2026","민간이전","민간경상보조","과학기술정보통신부","지역균형발전특별회계","지역지원계정","과학기술","과학기술인력및문화","과학문화창달","과학기술문화창달사업","지역과학관건립","전국 과학관 건립 타당성 용역","0","0","0","0","0"
"2026","민간이전","민간경상보조","과학기술정보통신부","지역균형발전특별회계","지역지원계정","과학기술","과학기술인력및문화","과학문화창달","과학기술문화창달사업","지역과학관활성화기반조성","과학관 전문인력 지원","1440000","1440000","706929","100.0","49.1"
"2026","민간이전","민간경상보조","과학기술정보통신부","지역균형발전특별회계","지역지원계정","과학기술","과학기술인력및문화","과학문화창달","과학기술문화창달사업","지역과학관활성화기반조성","어린이 과학체험공간 확충지원 사업관리","0","0","0","0","0"
"2026","민간이전","민간경상보조","과학기술정보통신부","지역균형발전특별회계","지역지원계정","과학기술","과학기술인력및문화","과학문화창달","과학기술문화창달사업","지역과학관활성화기반조성","과학관 콘텐츠 제작 및 전시 지원","800000","800000","352635","100.0","44.1"
"2026","민간이전","민간경상보조","과학기술정보통신부","지역균형발전특별회계","지역지원계정","과학기술","과학기술인력및문화","과학문화창달","과학기술문화창달사업","지역과학관활성화기반조성","과학관 육성정책 지원","670000","670000","256186","100.0","38.2"
"2026","민간이전","민간경상보조","과학기술정보통신부","지역균형발전특별회계","지역지원계정","과학기술","과학기술인력및문화","과학문화창달","과학기술문화창달사업","지역과학관활성화기반조성","공립과학관 전시환경 개선 지원 운영·관리","0","0","0","0","0"
"2026","민간이전","민간경상보조","과학기술정보통신부","지역균형발전특별회계","지역지원계정","과학기술","과학기술연구개발","원자력 진흥","혁신원자력연구개발기반조성","혁신원자력연구개발기반조성","사업운영비","8120000","6513806","3837149","80.2","58.9"
"2026","민간이전","민간경상보조","교육부","고등·평생교육지원특별회계"," ","교육","고등교육","대학교육 역량강화","대학미래역량 강화","고등교육의 국제화 지원","국가학위정보센터 지원","219000","153000","28244","69.9","18.5"
"2026","민간이전","민간경상보조","교육부","고등·평생교육지원특별회계"," ","교육","고등교육","대학교육 역량강화","대학미래역량 강화","대학생 AI 기본 교육 지원","대학 AI 기본교육과정 개발 지원","6360000","4770000","362655","75.0","7.6"
"2026","민간이전","민간경상보조","교육부","고등·평생교육지원특별회계"," ","교육","고등교육","대학교육 역량강화","대학 내 산학연협력 활성화","대학교육프로그램 평가인증 지원","프로그램 평가인증기관 지원","587000","450000","152857","76.7","34.0"
"2026","민간이전","민간경상보조","교육부","고등·평생교육지원특별회계"," ","교육","고등교육","대학교육 역량강화","대학 내 산학연협력 활성화","대학교육프로그램 평가인증 지원","평가인증기구 지정 및 지도 사업","128000","96000","39042","75.0","40.7"
"2026","민간이전","민간경상보조","교육부","고등·평생교육지원특별회계"," ","교육","고등교육","대학교육 역량강화","대학 내 산학연협력 활성화","대학교육프로그램 평가인증 지원","공학교육 혁신지원","325000","243750","57398","75.0","23.5"
"2026","민간이전","민간경상보조","교육부","고등·평생교육지원특별회계"," ","교육","고등교육","대학교육 역량강화","대학 내 산학연협력 활성화","대학교육프로그램 평가인증 지원","공학교육 인증지원","545000","408750","204202","75.0","50.0"
"2026","민간이전","민간경상보조","교육부","고등·평생교육지원특별회계"," ","교육","고등교육","대학교육 역량강화","대학 내 산학연협력 활성화","글로벌 현장학습 프로그램 운영","전문대학 글로벌 현장학습","2388000","2388000","968066","100.0","40.5"
"2026","민간이전","민간경상보조","교육부","고등·평생교육지원특별회계"," ","교육","고등교육","대학교육 역량강화","대학 내 산학연협력 활성화","글로벌 현장학습 프로그램 운영","WEST 프로그램 운영","4423895","4423895","2394763","100.0","54.1"
"2026","민간이전","민간경상보조","교육부","고등·평생교육지원특별회계"," ","교육","고등교육","대학교육 역량강화","대학 내 산학연협력 활성화","글로벌 현장학습 프로그램 운영","파란사다리","3640000","3640000","2656058","100.0","73.0"
"2026","민간이전","민간경상보조","교육부","고등·평생교육지원특별회계"," ","교육","고등교육","대학교육 역량강화","대학 내 산학연협력 활성화","글로벌 현장학습 프로그램 운영","한일대학생연수","492000","492000","106665","100.0","21.7"
"2026","민간이전","민간경상보조","교육부","고등·평생교육지원특별회계"," ","교육","고등교육","대학자율역량강화","대학혁신지원","대학혁신지원","기관평가인증 기구 역량강화 지원","111000","83250","34389","75.0","41.3"
"2026","민간이전","민간경상보조","교육부","고등·평생교육지원특별회계"," ","교육","고등교육","대학자율역량강화","대학혁신지원","대학구조개혁 지원","교원양성기관 역량진단 ","1565000","1173750","416834","75.0","35.5"
"2026","민간이전","민간경상보조","교육부","고등·평생교육지원특별회계"," ","교육","고등교육","대학자율역량강화","대입전형 자율역량 기반조성","대입전형 사전예고제 지원","대입전형 사전예고제 지원","695000","695000","392510","100.0","56.5"
"2026","민간이전","민간경상보조","교육부","고등·평생교육지원특별회계"," ","교육","고등교육","대학자율역량강화","대입전형 자율역량 기반조성","대입전형 운영 지원","고교교육 기여대학 지원","58533000","58533000","12370895","100.0","21.1"
"2026","민간이전","민간경상보조","교육부","고등·평생교육지원특별회계"," ","교육","고등교육","대학자율역량강화","대입전형 자율역량 기반조성","대입전형 운영 지원","대입전형 공정성 강화 지원","1038000","1038000","385795","100.0","37.2"
"2026","민간이전","민간경상보조","교육부","고등·평생교육지원특별회계"," ","교육","고등교육","국립대학 운영지원","국립대학병원 여건개선","국립대병원 지원","국립대병원 공공임상교수제 지원","4000000","1951125","952287","48.8","48.8"
"2026","민간이전","민간경상보조","교육부","고등·평생교육지원특별회계"," ","교육","고등교육","국립대학 운영지원","국립대학병원 여건개선","국립대병원 지원","국립대병원 필수의료 당직비 지원","0","0","0","0","0"
"2026","민간이전","민간경상보조","교육부","영유아특별회계"," ","교육","영유아및초중등교육","지방교육정책 지원","영유아보육료지원","영유아보육료 지원","영유아보육료 지원","82000","82000","35787","100.0","43.6"
"2026","민간이전","민간경상보조","교육부","영유아특별회계"," ","교육","영유아및초중등교육","지방교육정책 지원","영유아보육료지원","시간제보육 지원","사업운영·관리","391000","391000","175935","100.0","45.0"
"2026","민간이전","민간경상보조","교육부","영유아특별회계"," ","교육","영유아및초중등교육","지방교육정책 지원","어린이집 관리","보육사업관리","보육사업관리","2284000","2284000","1022095","100.0","44.8"
"2026","민간이전","민간경상보조","교육부","영유아특별회계"," ","교육","영유아및초중등교육","지방교육정책 지원","어린이집 관리","보육진흥원 운영지원","어린이집 부정·이용 불편신고 및 현지조사 지원","879000","879000","426186","100.0","48.5"
"2026","민간이전","민간경상보조","교육부","영유아특별회계"," ","교육","영유아및초중등교육","지방교육정책 지원","어린이집 관리","보육진흥원 운영지원","보육교직원 전문성 강화 및 인성교육","1363000","1363000","428639","100.0","31.4"
"2026","민간이전","민간경상보조","교육부","영유아특별회계"," ","교육","영유아및초중등교육","지방교육정책 지원","어린이집 관리","보육진흥원 운영지원","어린이집 평가·지원","8158000","8158000","3457093","100.0","42.4"
"2026","민간이전","민간경상보조","교육부","영유아특별회계"," ","교육","영유아및초중등교육","지방교육정책 지원","어린이집 관리","보육진흥원 운영지원","인건비 및 관리운영비 지원","10919000","10919000","5711793","100.0","52.3"
"2026","민간이전","민간경상보조","교육부","영유아특별회계"," ","교육","영유아및초중등교육","지방교육정책 지원","어린이집 관리","보육진흥원 운영지원","공공형어린이집 품질관리","204000","204000","66380","100.0","32.5"
"2026","민간이전","민간경상보조","교육부","영유아특별회계"," ","교육","영유아및초중등교육","지방교육정책 지원","어린이집 관리","보육진흥원 운영지원","센터운영 및 양육지원 등","689000","516750","226470","75.0","43.8"
"2026","민간이전","민간경상보조","교육부","영유아특별회계"," ","교육","영유아및초중등교육","지방교육정책 지원","어린이집 관리","보육진흥원 운영지원","국공립 확충지원","174000","174000","50300","100.0","28.9"
"2026","민간이전","민간경상보조","교육부","일반회계"," ","교육","영유아및초중등교육","학교교육과정 운영지원","학교교육과정 운영지원","대안교육 패널조사","대안교육 패널조사","400000","300000","233400","75.0","77.8"
"2026","민간이전","민간경상보조","교육부","일반회계"," ","교육","영유아및초중등교육","학생지원","장애인교육지원","장애학생교육지원","대학장애학생지원센터운영지원","3140000","2355000","1355360","75.0","57.6"
"2026","민간이전","민간경상보조","교육부","일반회계"," ","교육","영유아및초중등교육","학생지원","장애인교육지원","장애학생교육지원","장애인 고등교육지원센터 운영","1740000","1305000","542729","75.0","41.6"
"2026","민간이전","민간경상보조","교육부","일반회계"," ","교육","영유아및초중등교육","학생지원","학생건강지원","학생건강지원강화","학생정신건강지원센터 운영 지원(인건비)","0","0","0","0","0"
"2026","민간이전","민간경상보조","교육부","일반회계"," ","교육","영유아및초중등교육","학생지원","학생건강지원","학생건강지원강화","학생정신건강지원센터 운영 지원(경상경비)","0","0","0","0","0"
"2026","민간이전","민간경상보조","교육부","일반회계"," ","교육","영유아및초중등교육","학생지원","학생건강지원","학생건강지원강화","학생정신건강지원센터 운영 지원(직접사업비)","1054000","737800","314307","70.0","42.6"
"2026","민간이전","민간경상보조","교육부","일반회계"," ","교육","영유아및초중등교육","학교교육 지원","원격교육 지원","에듀테크 소프트랩 구축 및 운영","에듀테크 성장기반 조성","400000","400000","167188","100.0","41.8"
"2026","민간이전","민간경상보조","교육부","일반회계"," ","교육","고등교육","대학자율역량강화","전문대학원 교육역량 강화 및 공공성 제고사업","법학전문대학원 교육역량강화","법학전문대학원 평가위원회 운영 지원(대한변호사협회)","200000","200000","60589","100.0","30.3"
"2026","민간이전","민간경상보조","교육부","일반회계"," ","교육","평생·직업교육","인적자원정책 기반강화","인적자원개발정책 추진","국가진로교육센터 운영지원","국가진로교육센터 운영지원","199000","199000","92262","100.0","46.4"
"2026","민간이전","민간경상보조","교육부","일반회계"," ","교육","평생·직업교육","평생직업교육 체제 구축","평생교육 기반구축","평생교육 검정고시 지원","검정고시 프로그램 운영지원","273000","204750","161000","75.0","78.6"
"2026","민간이전","민간경상보조","교육부","일반회계"," ","교육","평생·직업교육","평생직업교육 체제 구축","평생교육 기반구축","평생교육 검정고시 지원","검정고시 제도 활성화 및 네트워크 지원","285000","213750","78505","75.0","36.7"
"2026","민간이전","민간경상보조","교육부","일반회계"," ","교육","평생·직업교육","국제교육 협력 증진","재외동포교육 운영지원","재외동포교육 운영지원","재외동포용 교과서 및 교재 개발,보급","7988000","7913600","5784746","99.1","73.1"
"2026","민간이전","민간경상보조","교육부","일반회계"," ","교육","평생·직업교육","국제교육 협력 증진","재외동포교육 운영지원","재외동포교육 운영지원","재외교육지원센터 운영","400000","280000","93818","70.0","33.5"
"2026","민간이전","민간경상보조","교육부","일반회계"," ","교육","평생·직업교육","국제교육 협력 증진","재외동포교육 운영지원","재외동포교육 운영지원","재외교육기관 포털 서비스 확장 및 콘텐츠 개발","306000","214000","129190","69.9","60.4"
"2026","민간이전","민간경상보조","교육부","일반회계"," ","교육","평생·직업교육","국제교육 협력 증진","재외동포교육 운영지원","재외동포교육 운영지원","해외 한국어교육자 국제학술대회","708000","708000","520754","100.0","73.6"
"2026","민간이전","민간경상보조","교육부","일반회계"," ","교육","평생·직업교육","국제교육 협력 증진","재외동포교육 운영지원","재외동포교육 운영지원","재외동포 어린이 한국어 그림일기 대회","380000","266000","3830","70.0","1.4"
"2026","민간이전","민간경상보조","교육부","일반회계"," ","교육","평생·직업교육","국제교육 협력 증진","재외동포교육 운영지원","해외 한국어 보급","해외 현지학교 한국어교원 파견 주관기관 위탁","368000","220000","166897","59.8","75.9"
"2026","민간이전","민간경상보조","교육부","일반회계"," ","교육","평생·직업교육","국제교육 협력 증진","재외동포교육 운영지원","해외 한국어 보급","초중등 한국어 교과서/교재 개발 지원","7275000","5800000","472983","79.7","8.2"
"2026","민간이전","민간경상보조","교육부","일반회계"," ","교육","평생·직업교육","국제교육 협력 증진","재외동포교육 운영지원","해외 한국어 보급","해외 청소년 한국어교육 연수","400000","0","0","0.0","0"
"2026","민간이전","민간경상보조","교육부","일반회계"," ","교육","평생·직업교육","국제교육 협력 증진","재외동포교육 운영지원","해외 한국어 보급","해외 한국어교육 지원센터 운영","200000","160000","49896","80.0","31.2"
"2026","민간이전","민간경상보조","교육부","일반회계"," ","교육","평생·직업교육","국제교육 협력 증진","글로벌 교육협력 지원사업","글로벌 교육교류 사업(비ODA)","APEC 교육협력사업","2452000","1716000","782311","70.0","45.6"
"2026","민간이전","민간경상보조","교육부","일반회계"," ","교육","평생·직업교육","국제교육 협력 증진","글로벌 교육협력 지원사업","글로벌 교육교류 사업(비ODA)","ASEAN 교육협력 지원 사업","419000","293100","171259","70.0","58.4"
"2026","민간이전","민간경상보조","교육부","일반회계"," ","교육","평생·직업교육","국제교육 협력 증진","글로벌 교육협력 지원사업","글로벌 교육교류 사업(비ODA)","유네스코한국위원회 지원","1545000","1080000","964056","69.9","89.3"
"2026","민간이전","민간경상보조","교육부","일반회계"," ","교육","평생·직업교육","국제교육 협력 증진","글로벌 교육협력 지원사업","글로벌 교육교류 사업(비ODA)","CAMPUS Asia-한일중","4025000","1450000","691637","36.0","47.7"
"2026","민간이전","민간경상보조","교육부","일반회계"," ","교육","평생·직업교육","국제교육 협력 증진","글로벌 교육협력 지원사업","글로벌 교육교류 사업(비ODA)","CAMPUS Asia-AIMS","1454000","1454000","215800","100.0","14.8"
"2026","민간이전","민간경상보조","교육부","일반회계"," ","교육","평생·직업교육","국제교육 협력 증진","글로벌 교육협력 지원사업","글로벌 교육교류 사업(비ODA)","아세안사이버대학프로젝트","469000","328300","159183","70.0","48.5"
"2026","민간이전","민간경상보조","교육부","일반회계"," ","교육","평생·직업교육","국제교육 협력 증진","글로벌 교육협력 지원사업","글로벌 교육교류 사업(비ODA)","OECD 교육사업 협력","220000","154000","34476","70.0","22.4"
"2026","민간이전","민간경상보조","교육부","일반회계"," ","교육","평생·직업교육","국제교육 협력 증진","글로벌 교육협력 지원사업","글로벌 교육교류 사업(비ODA)","아세안 TVET 학생교류 사업","582000","330000","122522","56.7","37.1"
"2026","민간이전","민간경상보조","교육부","일반회계"," ","교육","평생·직업교육","국제교육 협력 증진","글로벌 교육협력 지원사업","글로벌 교육지원 사업(ODA)","UNESCO UNITWIN 사업","2517000","1763000","835174","70.0","47.4"
"2026","민간이전","민간경상보조","교육부","일반회계"," ","교육","평생·직업교육","국제교육 협력 증진","글로벌 교육협력 지원사업","글로벌 교육지원 사업(ODA)","브릿지 2단계 사업","2070000","1430000","1316601","69.1","92.1"
"2026","민간이전","민간경상보조","교육부","일반회계"," ","교육","평생·직업교육","국립국제교육원 지원","국제교육 교류 협력 활성화","특수외국어교육진흥사업","특수외국어교육진흥","1850000","1850000","597371","100.0","32.3"
"2026","민간이전","민간경상보조","교육부","일반회계"," ","교육","평생·직업교육","산학연 협력 활성화","고졸 취업 활성화 지원","고교 취업연계 장려금 지원","취업연계 장려금 지원","83616000","71596750","24706000","85.6","34.5"
"2026","민간이전","민간경상보조","교육부","일반회계"," ","교육","평생·직업교육","산학연 협력 활성화","고졸 취업 활성화 지원","고교 취업연계 장려금 지원","고교 취업연계 장려금 사업 운영","914000","914000","265090","100.0","29.0"
"2026","민간이전","민간경상보조","교육부","일반회계"," ","교육","평생·직업교육","산학연 협력 활성화","고졸 취업 활성화 지원","고교 취업연계 장려금 지원","현장실습 지원금","18000000","0","0","0.0","0"
"2026","민간이전","민간경상보조","교육부","일반회계"," ","교육","평생·직업교육","산학연 협력 활성화","고졸 취업 활성화 지원","중앙취업지원센터 운영 지원","중앙취업지원센터 운영 지원","1800000","1350000","538950","75.0","39.9"
"2026","민간이전","민간경상보조","교육부","일반회계"," ","교육","평생·직업교육","산학연 협력 활성화","고졸 취업 활성화 지원","현장실습 기업현장교육 지원","현장실습 기업현장교육 운영","18543000","13807250","7206775","74.5","52.2"
"2026","민간이전","민간경상보조","교육부","일반회계"," ","교육","평생·직업교육","산학연 협력 활성화","고졸 취업 활성화 지원","현장실습 기업현장교육 지원","현장실습 기업현장교육지원 관리","400000","400000","119499","100.0","29.9"
"2026","민간이전","민간경상보조","교육부","일반회계"," ","교육","평생·직업교육","산학연 협력 활성화","고졸 취업 활성화 지원","고졸자 후속관리 지원모델 개발","고졸자 후속관리 지원모델 개발","3050000","2135500","632618","70.0","29.6"
"2026","민간이전","민간경상보조","교육부","일반회계"," ","교육","평생·직업교육","산학연 협력 활성화","고졸 취업 활성화 지원","직업계고 채용연계형 직무교육과정 지원","직업계고 채용연계형 직무교육과정 지원","7540000","5655000","1195059","75.0","21.1"
"2026","민간이전","민간경상보조","교육부","일반회계"," ","교육","평생·직업교육","정보활용 활성화 지원","이러닝 활성화 지원","디지털 교육 세계화(ODA)","디지털 인프라 지원 및 교원 연수","1963000","1963000","1141825","100.0","58.2"
"2026","민간이전","민간경상보조","교육부","일반회계"," ","교육","평생·직업교육","정보활용 활성화 지원","이러닝 활성화 지원","디지털 교육 세계화(ODA)","정책가·학생 디지털 교육 역량 강화","724000","724000","411135","100.0","56.8"
"2026","민간이전","민간경상보조","국가보훈부","보훈기금","국가유공자지원자금","사회복지","보훈","보훈의료복지","국가유공자등복지지원","국가유공자등 노후복지지원","보훈복지문화대학 운영지원","300000","121046","121046","40.3","100.0"
"2026","민간이전","민간경상보조","국가보훈부","보훈기금","참전유공자·제대군인지원자금","사회복지","보훈","제대군인지원","참전.제대군인지원","참전기념사업지원","월남전참전자회 참전기념사업","0","0","0","0","0"
"2026","민간이전","민간경상보조","국가보훈부","보훈기금","참전유공자·제대군인지원자금","사회복지","보훈","제대군인지원","참전.제대군인지원","참전기념사업지원","재향군인회 참전기념사업 지원","492000","260604","158343","53.0","60.8"
"2026","민간이전","민간경상보조","국가보훈부","보훈기금","참전유공자·제대군인지원자금","사회복지","보훈","제대군인지원","참전.제대군인지원","참전기념사업지원","민간단체 주관 참전기념행사 지원","125000","61500","52143","49.2","84.8"
"2026","민간이전","민간경상보조","국가보훈부","보훈기금","참전유공자·제대군인지원자금","사회복지","보훈","제대군인지원","참전.제대군인지원","참전기념사업지원","6.25참전유공자 참전기념사업","105000","78100","49989","74.4","64.0"
"2026","민간이전","민간경상보조","국가보훈부","에너지및자원사업특별회계","투자계정","사회복지","보훈","보훈의료복지","국가유공자등차량지원","국가유공자등차량지원","LPG차량 세금인상분 지원","8627000","4911953","4913175","56.9","100.0"
"2026","민간이전","민간경상보조","국가보훈부","에너지및자원사업특별회계","투자계정","사회복지","보훈","보훈의료복지","국가유공자등차량지원","국가유공자등차량지원","친환경차량 연료비지원","351000","261320","261320","74.5","100.0"
"2026","민간이전","민간경상보조","국가보훈부","일반회계"," ","사회복지","보훈","보훈단체지원","보훈단체지원","보훈단체운영및선양활동등","전몰군경유족회 운영지원","2854400","2139525","1719297","75.0","80.4"
"2026","민간이전","민간경상보조","국가보훈부","일반회계"," ","사회복지","보훈","보훈단체지원","보훈단체지원","보훈단체운영및선양활동등","전몰군경미망인회 운영 지원","2348442","1765582","1372665","75.2","77.7"
"2026","민간이전","민간경상보조","국가보훈부","일반회계"," ","사회복지","보훈","보훈단체지원","보훈단체지원","보훈단체운영및선양활동등","재일학도의용군동지회 운영 지원","221857","167803","127604","75.6","76.0"
"2026","민간이전","민간경상보조","국가보훈부","일반회계"," ","사회복지","보훈","보훈단체지원","보훈단체지원","보훈단체운영및선양활동등","상이군경복지회관 운영지원","2551000","2036145","1255274","79.8","61.6"
"2026","민간이전","민간경상보조","국가보훈부","일반회계"," ","사회복지","보훈","보훈단체지원","보훈단체지원","보훈단체운영및선양활동등","전몰군경유족회 사업비 지원","78000","48000","44189","61.5","92.1"
"2026","민간이전","민간경상보조","국가보훈부","일반회계"," ","사회복지","보훈","보훈단체지원","보훈단체지원","보훈단체운영및선양활동등","전몰군경미망인회 사업비 지원","22000","16000","16000","72.7","100.0"
"2026","민간이전","민간경상보조","국가보훈부","일반회계"," ","사회복지","보훈","보훈단체지원","보훈단체지원","보훈단체운영및선양활동등","상이군경회 운영 지원","3861082","2895913","2304757","75.0","79.6"
"2026","민간이전","민간경상보조","국가보훈부","일반회계"," ","사회복지","보훈","보훈단체지원","보훈단체지원","보훈단체운영및선양활동등","재일학도의용군동지회 사업비 지원","95000","30000","29998","31.6","100.0"
"2026","민간이전","민간경상보조","국가보훈부","일반회계"," ","사회복지","보훈","보훈단체지원","보훈단체지원","보훈단체운영및선양활동등","UN참전 전상자 교류협력","100000","100000","99738","100.0","99.7"
"2026","민간이전","민간경상보조","국가보훈부","일반회계"," ","사회복지","보훈","보훈단체지원","보훈단체지원","보훈단체운영및선양활동등","상이군경회 민간교류협력","92000","46000","46000","50.0","100.0"
"2026","민간이전","민간경상보조","국가보훈부","일반회계"," ","사회복지","보훈","보훈단체지원","보훈단체지원","보훈단체운영및선양활동등","상이군경회 사업비 지원","22000","0","0","0.0","0"
"2026","민간이전","민간경상보조","국가보훈부","일반회계"," ","사회복지","보훈","보훈단체지원","보훈단체지원","보훈단체운영및선양활동등","5.18 단체 사업비 지원","169000","57857","53156","34.2","91.9"
"2026","민간이전","민간경상보조","국가보훈부","일반회계"," ","사회복지","보훈","보훈단체지원","보훈단체지원","보훈단체운영및선양활동등","고엽제단체행사비지원","197000","158000","149479","80.2","94.6"
"2026","민간이전","민간경상보조","국가보훈부","일반회계"," ","사회복지","보훈","보훈단체지원","보훈단체지원","보훈단체운영및선양활동등","고엽제단체 운영비 지원","2759122","2069343","1696827","75.0","82.0"
"2026","민간이전","민간경상보조","국가보훈부","일반회계"," ","사회복지","보훈","보훈단체지원","보훈단체지원","보훈단체운영및선양활동등","월남전참전자회 운영 지원","2688520","2016406","1514879","75.0","75.1"
"2026","민간이전","민간경상보조","국가보훈부","일반회계"," ","사회복지","보훈","보훈단체지원","보훈단체지원","보훈단체운영및선양활동등","무공수훈자회 운영 지원","2792927","2100570","1748848","75.2","83.3"
"2026","민간이전","민간경상보조","국가보훈부","일반회계"," ","사회복지","보훈","보훈단체지원","보훈단체지원","보훈단체운영및선양활동등","6.25참전유공자회 운영 지원","2675530","2006745","1642573","75.0","81.9"
"2026","민간이전","민간경상보조","국가보훈부","일반회계"," ","사회복지","보훈","보훈단체지원","보훈단체지원","보훈단체운영및선양활동등","무공수훈자회 사업비 지원","1351000","856917","537991","63.4","62.8"
"2026","민간이전","민간경상보조","국가보훈부","일반회계"," ","사회복지","보훈","보훈단체지원","보훈단체지원","보훈단체운영및선양활동등","월남전참전자회 행사비 지원","114000","71000","70936","62.3","99.9"
"2026","민간이전","민간경상보조","국가보훈부","일반회계"," ","사회복지","보훈","보훈단체지원","보훈단체지원","보훈단체운영및선양활동등","광복회 운영지원","3068220","2346165","1777973","76.5","75.8"
"2026","민간이전","민간경상보조","국가보훈부","일반회계"," ","사회복지","보훈","보훈단체지원","보훈단체지원","보훈단체운영및선양활동등","4.19민주혁명회 운영지원","314530","233506","179775","74.2","77.0"
"2026","민간이전","민간경상보조","국가보훈부","일반회계"," ","사회복지","보훈","보훈단체지원","보훈단체지원","보훈단체운영및선양활동등","4.19혁명희생자유족회 운영지원","271854","205784","151738","75.7","73.7"
"2026","민간이전","민간경상보조","국가보훈부","일반회계"," ","사회복지","보훈","보훈단체지원","보훈단체지원","보훈단체운영및선양활동등","4.19혁명공로자회 운영지원","297193","225120","171123","75.7","76.0"
"2026","민간이전","민간경상보조","국가보훈부","일반회계"," ","사회복지","보훈","보훈단체지원","보훈단체지원","보훈단체운영및선양활동등","특수임무유공자회 운영지원","1749521","1323282","1031379","75.6","77.9"
"2026","민간이전","민간경상보조","국가보훈부","일반회계"," ","사회복지","보훈","보훈단체지원","보훈단체지원","보훈단체운영및선양활동등","독립유공자복지회관 운영지원","70000","52500","38540","75.0","73.4"
"2026","민간이전","민간경상보조","국가보훈부","일반회계"," ","사회복지","보훈","보훈단체지원","보훈단체지원","보훈단체운영및선양활동등","4.19혁명기념도서관 운영지원","389000","300752","241650","77.3","80.3"
"2026","민간이전","민간경상보조","국가보훈부","일반회계"," ","사회복지","보훈","보훈단체지원","보훈단체지원","보훈단체운영및선양활동등","광복회 사업비 지원","48000","42000","19250","87.5","45.8"
"2026","민간이전","민간경상보조","국가보훈부","일반회계"," ","사회복지","보훈","보훈단체지원","보훈단체지원","보훈단체운영및선양활동등","4.19혁명희생자유족회 사업비 지원","8000","8000","8000","100.0","100.0"
"2026","민간이전","민간경상보조","국가보훈부","일반회계"," ","사회복지","보훈","보훈단체지원","보훈단체지원","보훈단체운영및선양활동등","4.19혁명공로자회 사업비 지원","3000","0","0","0.0","0"
"2026","민간이전","민간경상보조","국가보훈부","일반회계"," ","사회복지","보훈","보훈단체지원","보훈단체지원","보훈단체운영및선양활동등","특수임무유공자회 사업비 지원","377000","228030","202751","60.5","88.9"
"2026","민간이전","민간경상보조","국가보훈부","일반회계"," ","사회복지","보훈","보훈단체지원","보훈단체지원","보훈단체운영및선양활동등","5.18민주화운동부상자회 운영지원","899740","674919","521946","75.0","77.3"
"2026","민간이전","민간경상보조","국가보훈부","일반회계"," ","사회복지","보훈","보훈단체지원","보훈단체지원","보훈단체운영및선양활동등","5.18민주유공자유족회 운영지원","574999","428611","331845","74.5","77.4"
"2026","민간이전","민간경상보조","국가보훈부","일반회계"," ","사회복지","보훈","보훈단체지원","보훈단체지원","보훈단체운영및선양활동등","5.18민주화운동공로자회 운영지원","731562","548727","422143","75.0","76.9"
"2026","민간이전","민간경상보조","국가보훈부","일반회계"," ","사회복지","보훈","보훈단체지원","보훈단체지원","보훈단체운영및선양활동등","광복회 독립운동사 학술연구사업","800000","635000","221904","79.4","34.9"
"2026","민간이전","민간경상보조","국가보훈부","일반회계"," ","사회복지","보훈","보훈단체지원","보훈단체지원","보훈단체운영및선양활동등","월남전참전 디지털 아카이브 구축","300000","150000","144710","50.0","96.5"
"2026","민간이전","민간경상보조","국가보훈부","일반회계"," ","사회복지","보훈","보훈단체지원","보훈단체지원","보훈단체운영및선양활동등","보훈단체 선양활동발굴 및 활성화 지원","0","0","0","0","0"
"2026","민간이전","민간경상보조","국가보훈부","일반회계"," ","사회복지","보훈","보훈단체지원","보훈단체지원","보훈단체운영및선양활동등","보훈회관 활성화 지원","0","0","0","0","0"
"2026","민간이전","민간경상보조","국가보훈부","일반회계"," ","사회복지","보훈","보훈단체지원","보훈단체지원","보훈단체운영및선양활동등","보훈단체운영 활성화 지원","0","0","0","0","0"
"2026","민간이전","민간경상보조","국가보훈부","일반회계"," ","사회복지","보훈","보훈단체지원","보훈단체지원","보훈단체운영및선양활동등","보훈단체 특화 선양활동 지원 사업","600000","330000","151521","55.0","45.9"
"2026","민간이전","민간경상보조","국가보훈부","일반회계"," ","사회복지","보훈","보훈의료복지","교통시설이용지원","교통시설이용지원","민영버스 무임 및 할인이용료 지원","19531000","18933333","18933333","96.9","100.0"
"2026","민간이전","민간경상보조","국가보훈부","일반회계"," ","사회복지","보훈","보훈의료복지","교통시설이용지원","교통시설이용지원","고속철도 무임 및 할인이용료 지원","2163000","917105","0","42.4","0.0"
"2026","민간이전","민간경상보조","국가보훈부","일반회계"," ","사회복지","보훈","보훈의료복지","교통시설이용지원","교통시설이용지원","내항여객선 후불운임 지원","82000","44744","37246","54.6","83.2"
"2026","민간이전","민간경상보조","국가보훈부","일반회계"," ","사회복지","보훈","보훈문화","독립기념관","독립기념관운영및활성화","독립기념관운영지원","20521000","17500000","11569790","85.3","66.1"
"2026","민간이전","민간경상보조","국가보훈부","일반회계"," ","사회복지","보훈","보훈문화","보훈문화진흥","보훈문화조성","보훈 테마활동","1090000","789188","419410","72.4","53.1"
"2026","민간이전","민간경상보조","국가보훈부","일반회계"," ","사회복지","보훈","보훈문화","보훈문화진흥","보훈문화콘텐츠제작및지원","보훈문화콘텐츠 지원","200000","100000","43147","50.0","43.1"
"2026","민간이전","민간경상보조","국가보훈부","일반회계"," ","사회복지","보훈","보훈문화","현충시설","현충시설관리","LA흥사단 옛 본부건물 유지보수","82000","82000","81890","100.0","99.9"
"2026","민간이전","민간경상보조","국가보훈부","일반회계"," ","사회복지","보훈","보훈문화","현충시설","현충시설관리","현충시설 개보수 및 활성화 등 지원","2152000","1296049","639442","60.2","49.3"
"2026","민간이전","민간경상보조","국가보훈부","일반회계"," ","사회복지","보훈","보훈문화","현충시설","현충시설관리","국외 독립운동사적지 보존·관리","350000","260000","48261","74.3","18.6"
"2026","민간이전","민간경상보조","국가보훈부","일반회계"," ","사회복지","보훈","보훈문화","현충시설","현충시설관리","국외 독립운동사적지 전수 실태조사","530000","530000","89438","100.0","16.9"
"2026","민간이전","민간경상보조","국가보훈부","일반회계"," ","사회복지","보훈","보훈문화","현충시설","기념관관리운영","백범김구기념관 관리운영","2309000","1818801","1431593","78.8","78.7"
"2026","민간이전","민간경상보조","국가보훈부","일반회계"," ","사회복지","보훈","보훈문화","현충시설","기념관관리운영","안중근의사기념관관리운영","1549000","1316650","1008357","85.0","76.6"
"2026","민간이전","민간경상보조","국가보훈부","일반회계"," ","사회복지","보훈","보훈문화","현충시설","기념관관리운영","윤봉길의사기념관관리운영","1152000","974248","581535","84.6","59.7"
"2026","민간이전","민간경상보조","국가보훈부","일반회계"," ","사회복지","보훈","보훈문화","현충시설","기념관관리운영","유엔평화기념관관리운영","1635000","1395750","877246","85.4","62.9"
"2026","민간이전","민간경상보조","국가보훈부","일반회계"," ","사회복지","보훈","보훈문화","현충시설","기념관관리운영","독도의용수비대기념관관리운영","690000","542301","427882","78.6","78.9"
"2026","민간이전","민간경상보조","국가보훈부","일반회계"," ","사회복지","보훈","보훈문화","현충시설","기념관관리운영","호남호국기념관관리운영","1276000","1072250","657843","84.0","61.4"
"2026","민간이전","민간경상보조","국가보훈부","일반회계"," ","사회복지","보훈","보훈문화","기념사업","독도의용수비대기념사업회지원","독도의용수비대기념사업회지원","716000","716000","395032","100.0","55.2"
"2026","민간이전","민간경상보조","국가보훈부","일반회계"," ","사회복지","보훈","보훈문화","기념사업","보훈기념행사","정부기념일 등 관련 계기 행사 지원","816000","691100","596533","84.7","86.3"
"2026","민간이전","민간경상보조","국가보훈부","일반회계"," ","사회복지","보훈","보훈문화","기념사업","보훈기념행사","순직경찰, 소방공무원 추모 행사 지원","69000","25700","25700","37.2","100.0"
"2026","민간이전","민간경상보조","국가보훈부","일반회계"," ","사회복지","보훈","보훈문화","기념사업","독립운동관련사업등지원","국내 독립기념행사 지원","1026000","726500","656487","70.8","90.4"
"2026","민간이전","민간경상보조","국가보훈부","일반회계"," ","사회복지","보훈","보훈예우 및 국립묘지","공훈발굴및국가유공자등 예우","독립유공자등자료수집관리","보훈선양 학술회의 지원","138000","83850","27100","60.8","32.3"
"2026","민간이전","민간경상보조","국가보훈부","일반회계"," ","사회복지","보훈","보훈예우 및 국립묘지","공훈발굴및국가유공자등 예우","독립유공자등자료수집관리","보훈선양 문헌발간 지원","67000","14950","7500","22.3","50.2"
"2026","민간이전","민간경상보조","국가보훈부","일반회계"," ","사회복지","보훈","제대군인지원","참전.제대군인명예선양","국제보훈교류협력사업","UN군 참전국내기념행사","18000","9000","8127","50.0","90.3"
"2026","민간이전","민간경상보조","국가보훈부","일반회계"," ","사회복지","보훈","제대군인지원","참전.제대군인명예선양","국제보훈교류협력사업","UN군 평화음악회","0","0","0","0","0"
"2026","민간이전","민간경상보조","국가보훈부","일반회계"," ","사회복지","보훈","제대군인지원","참전.제대군인명예선양","국제보훈교류협력사업","유엔참전국 후손 장학사업","81000","25200","25200","31.1","100.0"
"2026","민간이전","민간경상보조","국가보훈부","일반회계"," ","사회복지","보훈","제대군인지원","참전.제대군인명예선양","국제보훈교류협력사업","미래평화 국제 학술회의","145000","0","0","0.0","0"
"2026","민간이전","민간경상보조","국가유산청","국가유산보호기금"," ","문화및관광","국가유산","유산정책","국가유산활용기반조성","국가유산 정책연구기관 운영지원","국가유산 정책연구기관 운영지원","346000","220000","119105","63.6","54.1"
"2026","민간이전","민간경상보조","국가유산청","국가유산보호기금"," ","문화및관광","국가유산","유산정책","국가유산안전체계관리강화","국가유산 재난안전 관리","국가유산 재난안전 활동","0","0","0","0","0"
"2026","민간이전","민간경상보조","국가유산청","국가유산보호기금"," ","문화및관광","국가유산","유산정책","국가유산안전체계관리강화","국가유산 돌봄사업","국가유산돌봄 지원사업(중앙돌봄센터 운영지원)","743000","593000","393913","79.8","66.4"
"2026","민간이전","민간경상보조","국가유산청","국가유산보호기금"," ","문화및관광","국가유산","유산정책","국가유산활용활성화","국가유산보호 민간참여 활성화","국가유산지킴이 활동 지원","924000","924000","440545","100.0","47.7"
"2026","민간이전","민간경상보조","국가유산청","국가유산보호기금"," ","문화및관광","국가유산","유산정책","국가유산활용활성화","국가유산보호 민간참여 활성화","문화유산국민신탁 법인 지원","1000000","1000000","427077","100.0","42.7"
"2026","민간이전","민간경상보조","국가유산청","국가유산보호기금"," ","문화및관광","국가유산","유산정책","국가유산활용활성화","국가유산교육 활성화","맞춤형 국가유산교육 활성화","505000","505000","197847","100.0","39.2"
"2026","민간이전","민간경상보조","국가유산청","국가유산보호기금"," ","문화및관광","국가유산","문화유산","역사유적 보존강화","소규모·긴급 매장유산 조사 지원","중요폐사지 시발굴조사","608000","608000","295776","100.0","48.6"
"2026","민간이전","민간경상보조","국가유산청","국가유산보호기금"," ","문화및관광","국가유산","문화유산","문화유산 보존관리","일반문화유산 조사 및 보존관리 지원","문화유산 다량소장처 보존관리 지원","2145000","1767000","973491","82.4","55.1"
"2026","민간이전","민간경상보조","국가유산청","국가유산보호기금"," ","문화및관광","국가유산","문화유산","문화유산 보존관리","일반문화유산 조사 및 보존관리 지원","대형불화 정밀조사","473000","473000","208009","100.0","44.0"
"2026","민간이전","민간경상보조","국가유산청","국가유산보호기금"," ","문화및관광","국가유산","문화유산","문화유산 보존관리","일반문화유산 조사 및 보존관리 지원","불교문화유산 일제조사","833000","833000","347148","100.0","41.7"
"2026","민간이전","민간경상보조","국가유산청","국가유산보호기금"," ","문화및관광","국가유산","문화유산","문화유산 보존관리","일반문화유산 조사 및 보존관리 지원","비지정문화유산 보존관리 강화","1400000","1100000","540696","78.6","49.2"
"2026","민간이전","민간경상보조","국가유산청","국가유산보호기금"," ","문화및관광","국가유산","문화유산","문화유산 보존관리","일반문화유산 조사 및 보존관리 지원","문화유산 사찰 보존지원","3700000","2700000","2260482","73.0","83.7"
"2026","민간이전","민간경상보조","국가유산청","국가유산보호기금"," ","문화및관광","국가유산","문화유산","문화유산 보존관리","일반문화유산 조사 및 보존관리 지원","폐사지 학술조사","800000","800000","437889","100.0","54.7"
"2026","민간이전","민간경상보조","국가유산청","국가유산보호기금"," ","문화및관광","국가유산","문화유산","문화유산 보존관리","일반문화유산 조사 및 보존관리 지원","금석문 탁본조사","400000","400000","125574","100.0","31.4"
"2026","민간이전","민간경상보조","국가유산청","국가유산보호기금"," ","문화및관광","국가유산","문화유산","문화유산 보존관리","일반문화유산 조사 및 보존관리 지원","한국의 불교회화 보존처리 지원","1333000","1333000","492662","100.0","37.0"
"2026","민간이전","민간경상보조","국가유산청","국가유산보호기금"," ","문화및관광","국가유산","자연유산","자연유산보호","자연유산 보존관리 지원","천연기념물 동물치료경비 지원","193000","100000","50711","51.8","50.7"
"2026","민간이전","민간경상보조","국가유산청","국가유산보호기금"," ","문화및관광","국가유산","자연유산","자연유산보호","자연유산 보존관리 지원","천연기념물 보호관리단체 지원","698000","470000","341787","67.3","72.7"
"2026","민간이전","민간경상보조","국가유산청","일반회계"," ","문화및관광","국가유산","유산정책","국가유산활용기반조성","국가유산보존관리정책강화","문화유산 관람지원","58273000","58273000","57868677","100.0","99.3"
"2026","민간이전","민간경상보조","국가유산청","일반회계"," ","문화및관광","국가유산","유산정책","국가유산안전체계관리강화","국가유산예방관리강화","국가유산 안전관리교육","270000","135000","104513","50.0","77.4"
"2026","민간이전","민간경상보조","국가유산청","일반회계"," ","문화및관광","국가유산","유산정책","국가유산활용활성화","국가유산 교육활용 진흥","국가유산체계 전환 안내판 점검 및 모니터링","0","0","0","0","0"
"2026","민간이전","민간경상보조","국가유산청","일반회계"," ","문화및관광","국가유산","유산정책","국가유산활용활성화","국가유산진흥원지원","국가유산진흥원 경상운영비","8847000","7737000","4723297","87.5","61.0"
"2026","민간이전","민간경상보조","국가유산청","일반회계"," ","문화및관광","국가유산","유산정책","국가유산활용활성화","국가유산진흥원지원","유네스코무형유산 자문기구 활동","150000","140000","34300","93.3","24.5"
"2026","민간이전","민간경상보조","국가유산청","일반회계"," ","문화및관광","국가유산","유산정책","국가유산활용활성화","국가유산 사회적 기업 육성","국가유산 사회적기업 육성","360000","360000","136849","100.0","38.0"
"2026","민간이전","민간경상보조","국가유산청","일반회계"," ","문화및관광","국가유산","유산정책","국제교류및세계유산등재","국가유산국제교류협력","한-아세안 문화유산 협력 지원","200000","160000","14227","80.0","8.9"
"2026","민간이전","민간경상보조","국가유산청","일반회계"," ","문화및관광","국가유산","유산정책","국제교류및세계유산등재","유네스코아태무형유산센터운영","유네스코 아태무형유산센터 운영지원 ","3367000","3367000","1361338","100.0","40.4"
"2026","민간이전","민간경상보조","국가유산청","일반회계"," ","문화및관광","국가유산","유산정책","국제교류및세계유산등재","세계유산등재 및 보존관리","세계유산 등 관련단체 지원","50000","15328","14137","30.7","92.2"
"2026","민간이전","민간경상보조","국가유산청","일반회계"," ","문화및관광","국가유산","유산정책","국제교류및세계유산등재","세계유산등재 및 보존관리","유네스코 세계유산 국제해석센터 운영","2800000","2800000","998143","100.0","35.6"
"2026","민간이전","민간경상보조","국가유산청","일반회계"," ","문화및관광","국가유산","유산정책","국제교류및세계유산등재","세계유산등재 및 보존관리","무형유산 관리역량 강화(무형유산 지속가능발전 진흥사업)","150000","150000","56351","100.0","37.6"
"2026","민간이전","민간경상보조","국가유산청","일반회계"," ","문화및관광","국가유산","유산정책","국제교류및세계유산등재","국외소재문화유산재단운영","국외소재문화유산재단 조사 및 환수 활용","5734500","5734500","2666323","100.0","46.5"
"2026","민간이전","민간경상보조","국가유산청","일반회계"," ","문화및관광","국가유산","유산정책","국제교류및세계유산등재","국외소재문화유산재단운영","주미대한제국공사관 관리 및 운영","1202500","1202500","1202500","100.0","100.0"
"2026","민간이전","민간경상보조","국가유산청","일반회계"," ","문화및관광","국가유산","유산정책","국제교류및세계유산등재","국외소재문화유산재단운영","K-공유유산 활용   기반 구축","1678000","1678000","290941","100.0","17.3"
"2026","민간이전","민간경상보조","국가유산청","일반회계"," ","문화및관광","국가유산","문화유산","문화유산 보존관리","동산문화유산보존관리","팔만대장경 디지털 DB 구축","4927454","3000000","1848860","60.9","61.6"
"2026","민간이전","민간경상보조","국가유산청","일반회계"," ","문화및관광","국가유산","문화유산","문화유산 보존관리","동산문화유산보존관리","문화유산매매업자 교육","0","0","0","0","0"
"2026","민간이전","민간경상보조","국가유산청","일반회계"," ","문화및관광","국가유산","문화유산","문화유산 보존관리","국가유산수리기술진흥","국가유산수리재료센터 운영지원","2478000","2478000","928116","100.0","37.5"
"2026","민간이전","민간경상보조","국가유산청","일반회계"," ","문화및관광","국가유산","문화유산","문화유산 보존관리","전통건축수리기술진흥재단 운영","전통건축수리기술진흥재단 운영","2678000","2678000","1156912","100.0","43.2"
"2026","민간이전","민간경상보조","국가유산청","일반회계"," ","문화및관광","국가유산","자연유산","자연유산보호","천연기념물 동식물 보호","천연기념물 동식물 상시관리 강화","285000","185000","94515","64.9","51.1"
"2026","민간이전","민간경상보조","국가유산청","일반회계"," ","문화및관광","국가유산","자연유산","자연유산보호","지질유산 보존관리 및 활용","동산형 지질유산관리 활성화","0","0","0","0","0"
"2026","민간이전","민간경상보조","국가유산청","일반회계"," ","문화및관광","국가유산","무형유산","무형유산전승","무형유산보호","전수교육학교 운영 지원","495000","495000","152184","100.0","30.7"
"2026","민간이전","민간경상보조","국가유산청","일반회계"," ","문화및관광","국가유산","무형유산","무형유산전승","무형유산보호","전통공예명품전 지원","90000","90000","90000","100.0","100.0"
"2026","민간이전","민간경상보조","국가유산청","일반회계"," ","문화및관광","국가유산","무형유산","무형유산전승","무형유산보호","대한민국 전승공예대전 지원","300000","0","0","0.0","0"
"2026","민간이전","민간경상보조","국가유산청","일반회계"," ","문화및관광","국가유산","무형유산","무형유산전승","무형유산보호","대한민국 공예품대전 지원","280000","280000","50303","100.0","18.0"
"2026","민간이전","민간경상보조","국가유산청","일반회계"," ","문화및관광","국가유산","무형유산","무형유산전승","무형유산보호","전국판소리경연대회 지원","45000","0","0","0.0","0"
"2026","민간이전","민간경상보조","국가유산청","일반회계"," ","문화및관광","국가유산","무형유산","무형유산전승","무형유산보호","전국가야금경연대회 지원","45000","45000","44996","100.0","100.0"
"2026","민간이전","민간경상보조","국가유산청","일반회계"," ","문화및관광","국가유산","무형유산","무형유산전승","무형유산보호","불교무형유산 조사연구","300000","300000","131638","100.0","43.9"
"2026","민간이전","민간경상보조","국가유산청","일반회계"," ","문화및관광","국가유산","무형유산","무형유산전승","무형유산보호","대한민국탈춤제 지원","45000","0","0","0.0","0"
"2026","민간이전","민간경상보조","국가유산청","일반회계"," ","문화및관광","국가유산","무형유산","무형유산전승","무형유산보호","대한민국농악축제 지원","45000","0","0","0.0","0"
"2026","민간이전","민간경상보조","국가유산청","일반회계"," ","문화및관광","국가유산","무형유산","무형유산전승","무형유산보호","이북5도무형유산축제 지원","45000","0","0","0.0","0"
"2026","민간이전","민간경상보조","국가유산청","일반회계"," ","문화및관광","국가유산","궁능원관리","궁능원시설관리운영","조선왕릉보존관리","조선왕릉 제향 봉행 지원","390000","195000","123634","50.0","63.4"
"2026","민간이전","민간경상보조","국가유산청","일반회계"," ","문화및관광","국가유산","궁능원관리","궁능원시설관리운영","궁능유적관리수입대체경비","궁능 안내해설자원봉사단체활동 지원","64000","19200","13921","30.0","72.5"
"2026","민간이전","민간경상보조","국가인권위원회","일반회계"," ","일반·지방행정","일반행정","인권보호 및 향상","국내외 인권협력 강화","국내교류협력","인권단체 인권증진 활동 지원","145000","101500","40954","70.0","40.3"
"2026","민간이전","민간경상보조","국무조정실 및 국무총리비서실","일반회계"," ","일반·지방행정","국정운영","국무총리실 행정지원","사회통합 및 안전관리 추진","공공기관 갈등관리","갈등관리 교육 및 지자체 역량강화 사업","200000","130200","39594","65.1","30.4"
"2026","민간이전","민간경상보조","국민권익위원회","일반회계"," ","일반·지방행정","일반행정","국민권익증진","청렴권익대내외협력강화","청렴권익민간협력","반부패 권익증진 확산 프로그램 공모","80000","56000","21249","70.0","37.9"
"2026","민간이전","민간경상보조","국방부","군인복지기금","복지계정","국방","전력유지","장병보건및복지향상","장학및취업활동지원","취업활동지원","국방전직교육원 운영","4156000","3500000","2376388","84.2","67.9"
"2026","민간이전","민간경상보조","국방부","군인복지기금","복지계정","국방","전력유지","장병보건및복지향상","장학및취업활동지원","취업활동지원","전역예정군인 취업지원 사업","8824000","6720000","2822845","76.2","42.0"
"2026","민간이전","민간경상보조","국방부","일반회계"," ","국방","전력유지","군인사및교육훈련","군인적자원개발교육","자기개발교육","기술인력육성","8301766","8301766","3740186","100.0","45.1"
"2026","민간이전","민간경상보조","국방부","일반회계"," ","국방","전력유지","군인사및교육훈련","정훈문화활동","전쟁기념사업회","전쟁기념사업회","20706106","18869718","10462063","91.1","55.4"
"2026","민간이전","민간경상보조","국방부","일반회계"," ","국방","전력유지","국방행정지원","국방행정지원","전력발전지원","코트라 방산수출 지원","760000","360000","359314","47.4","99.8"
"2026","민간이전","민간경상보조","국세청","일반회계"," ","일반·지방행정","재정·금융","과세기반확충","부가가치세 대리납부제도 운영","부가가치세 대리납부제도 운영","부가가치세 대리납부제도 운영","1184867","578400","514777","48.8","89.0"
"2026","민간이전","민간경상보조","국토교통부","교통시설특별회계","공항계정","교통및물류","항공·공항","항공발전지원","소음대책","공항소음대책","공항소음대책","7356000","6033600","0","82.0","0.0"
"2026","민간이전","민간경상보조","국토교통부","교통시설특별회계","공항계정","교통및물류","항공·공항","항공발전지원","항공산업지원","항공산업발전지원","항공일자리 창출지원","500000","500000","244500","100.0","48.9"
"2026","민간이전","민간경상보조","국토교통부","교통시설특별회계","교통체계관리계정","교통및물류","물류등기타","대중교통육성","대중교통체계구축","버스운전인력양성지원","버스운전인력양성지원","270000","270000","17980","100.0","6.7"
"2026","민간이전","민간경상보조","국토교통부","교통시설특별회계","교통체계관리계정","교통및물류","물류등기타","대중교통육성","대중교통체계구축","고령운수종사자자격유지검사지원","고령운수종사자 자격유지검사 지원","0","0","0","0","0"
"2026","민간이전","민간경상보조","국토교통부","교통시설특별회계","교통체계관리계정","교통및물류","물류등기타","대중교통육성","대중교통체계구축","운수종사자운전적격성검사인프라확충","운수종사자 운전적격성검사 인프라확충","2660000","2660000","262759","100.0","9.9"
"2026","민간이전","민간경상보조","국토교통부","교통시설특별회계","도로계정","교통및물류","도로","도로관리","첨단도로교통체계","첨단도로교통체계","세계총회 개최지원","1000000","1000000","45720","100.0","4.6"
"2026","민간이전","민간경상보조","국토교통부","교통시설특별회계","도로계정","교통및물류","도로","도로관리","디지털도로 AI 신기술 지원사업","디지털도로 AI 신기술 지원사업","디지털도로 AI 신기술 지원사업","28500000","28500000","53098","100.0","0.2"
"2026","민간이전","민간경상보조","국토교통부","교통시설특별회계","도로계정","교통및물류","도로","민자도로건설및관리","민자유치사업지원","민자도로운영지원","인천공항 고속도로","0","0","0","0","0"
"2026","민간이전","민간경상보조","국토교통부","교통시설특별회계","도로계정","교통및물류","도로","민자도로건설및관리","민자유치사업지원","민자도로운영지원","천안-논산 고속도로","0","0","0","0","0"
"2026","민간이전","민간경상보조","국토교통부","교통시설특별회계","도로계정","교통및물류","도로","민자도로건설및관리","민자유치사업지원","민자도로운영지원","대구-부산 고속도로","0","0","0","0","0"
"2026","민간이전","민간경상보조","국토교통부","교통시설특별회계","도로계정","교통및물류","도로","민자도로건설및관리","민자유치사업지원","민자도로운영지원","수도권제1순환(일산-퇴계원) 고속도로","0","0","0","0","0"
"2026","민간이전","민간경상보조","국토교통부","교통시설특별회계","도로계정","교통및물류","도로","민자도로건설및관리","민자유치사업지원","민자도로운영지원","부산-울산 고속도로","20695000","20695000","20695000","100.0","100.0"
"2026","민간이전","민간경상보조","국토교통부","교통시설특별회계","도로계정","교통및물류","도로","민자도로건설및관리","민자유치사업지원","민자도로운영지원","서울-춘천 고속도로","0","0","0","0","0"
"2026","민간이전","민간경상보조","국토교통부","교통시설특별회계","도로계정","교통및물류","도로","민자도로건설및관리","민자유치사업지원","민자도로운영지원","인천대교","28555000","28555000","28555000","100.0","100.0"
"2026","민간이전","민간경상보조","국토교통부","교통시설특별회계","도로계정","교통및물류","도로","민자도로건설및관리","민자유치사업지원","민자도로운영지원","용인-서울 고속도로","12457000","12457000","12457000","100.0","100.0"
"2026","민간이전","민간경상보조","국토교통부","교통시설특별회계","도로계정","교통및물류","도로","민자도로건설및관리","민자유치사업지원","민자도로운영지원","수원-광명 고속도로","13156000","13156000","13156000","100.0","100.0"
"2026","민간이전","민간경상보조","국토교통부","교통시설특별회계","도로계정","교통및물류","도로","민자도로건설및관리","민자유치사업지원","민자도로운영지원","광주-원주 고속도로","15808000","15808000","15808000","100.0","100.0"
"2026","민간이전","민간경상보조","국토교통부","교통시설특별회계","도로계정","교통및물류","도로","민자도로건설및관리","민자유치사업지원","민자도로운영지원","부산항신항 배후도로","2589000","2589000","2589000","100.0","100.0"
"2026","민간이전","민간경상보조","국토교통부","교통시설특별회계","도로계정","교통및물류","도로","민자도로건설및관리","민자유치사업지원","민자도로운영지원","인천-김포 고속도로","5960000","5960000","5960000","100.0","100.0"
"2026","민간이전","민간경상보조","국토교통부","교통시설특별회계","도로계정","교통및물류","도로","민자도로건설및관리","민자유치사업지원","민자도로운영지원","상주-영천 고속도로","17622000","17622000","17622000","100.0","100.0"
"2026","민간이전","민간경상보조","국토교통부","교통시설특별회계","도로계정","교통및물류","도로","민자도로건설및관리","민자유치사업지원","민자도로운영지원","구리-포천 고속도로","21086000","21086000","21086000","100.0","100.0"
"2026","민간이전","민간경상보조","국토교통부","교통시설특별회계","도로계정","교통및물류","도로","민자도로건설및관리","민자유치사업지원","민자도로운영지원","안양-성남 고속도로","5590000","5590000","5590000","100.0","100.0"
"2026","민간이전","민간경상보조","국토교통부","교통시설특별회계","도로계정","교통및물류","도로","민자도로건설및관리","민자유치사업지원","민자도로운영지원","서수원-평택 고속도로","17203000","17203000","17203000","100.0","100.0"
"2026","민간이전","민간경상보조","국토교통부","교통시설특별회계","도로계정","교통및물류","도로","민자도로건설및관리","민자유치사업지원","민자도로운영지원","평택-시흥 고속도로","6288000","6288000","6288000","100.0","100.0"
"2026","민간이전","민간경상보조","국토교통부","교통시설특별회계","도로계정","교통및물류","도로","민자도로건설및관리","민자유치사업지원","민자도로운영지원","옥산-오창 고속도로","784000","784000","784000","100.0","100.0"
"2026","민간이전","민간경상보조","국토교통부","교통시설특별회계","도로계정","교통및물류","도로","민자도로건설및관리","민자유치사업지원","민자도로운영지원","서울-문산 고속도로","7550000","7550000","7550000","100.0","100.0"
"2026","민간이전","민간경상보조","국토교통부","교통시설특별회계","도로계정","교통및물류","도로","민자도로건설및관리","민자유치사업지원","민자도로운영지원","봉담-송산 고속도로","4192000","4192000","4192000","100.0","100.0"
"2026","민간이전","민간경상보조","국토교통부","교통시설특별회계","도로계정","교통및물류","도로","민자도로건설및관리","민자유치사업지원","민자도로운영지원","이천-오산 고속도로","0","0","0","0","0"
"2026","민간이전","민간경상보조","국토교통부","교통시설특별회계","도로계정","교통및물류","도로","민자도로건설및관리","민자유치사업지원","민자도로운영지원","포천-화도 고속도로","708000","708000","708000","100.0","100.0"
"2026","민간이전","민간경상보조","국토교통부","교통시설특별회계","도로계정","교통및물류","도로","민자도로건설및관리","민자유치사업지원","민자도로운영지원","서부내륙 1단계(평택-부여) 고속도로","3011000","3011000","3011000","100.0","100.0"
"2026","민간이전","민간경상보조","국토교통부","에너지및자원사업특별회계","투자계정","교통및물류","물류등기타","물류정책","물류산업지원","친환경물류지원","녹색물류전환사업","733000","733000","266169","100.0","36.3"
"2026","민간이전","민간경상보조","국토교통부","에너지및자원사업특별회계","투자계정","교통및물류","물류등기타","물류정책","물류산업지원","전환교통지원사업","전환교통지원사업","3513000","0","0","0.0","0"
"2026","민간이전","민간경상보조","국토교통부","에너지및자원사업특별회계","투자계정","국토및지역개발","지역및도시","건축정책","녹색건축물보급활성화지원","그린리모델링 활성화","민간건축물 그린리모델링 컨설팅지원사업","3000000","3000000","86300","100.0","2.9"
"2026","민간이전","민간경상보조","국토교통부","일반회계"," ","사회복지","기초생활보장","기초주거생활보장","주택정책지원","주거급여지원","주택조사","31586000","19200000","16800000","60.8","87.5"
"2026","민간이전","민간경상보조","국토교통부","일반회계"," ","사회복지","기초생활보장","기초주거생활보장","주택정책지원","주거급여지원","자가개량부대비","4789000","3000000","2700000","62.6","90.0"
"2026","민간이전","민간경상보조","국토교통부","일반회계"," ","사회복지","기초생활보장","기초주거생활보장","주택정책지원","주거급여지원","주거취약계층 주거상향 지원","5000000","4000000","2294967","80.0","57.4"
"2026","민간이전","민간경상보조","국토교통부","일반회계"," ","사회복지","주택","주택시장안정및주거복지향상","주택정책지원","청년월세지원","청년월세 시스템 운영","91000","61000","10393","67.0","17.0"
"2026","민간이전","민간경상보조","국토교통부","일반회계"," ","사회복지","주택","주택시장안정및주거복지향상","주거환경개선지원","층간소음예방및저감지원사업","노이즈가드 설치지원(공공신축)","0","0","0","0","0"
"2026","민간이전","민간경상보조","국토교통부","일반회계"," ","교통및물류","철도","철도안전및운영","철도정책지원","철도핵심인력양성","글로벌철도연수과정","1527000","0","0","0.0","0"
"2026","민간이전","민간경상보조","국토교통부","일반회계"," ","교통및물류","철도","철도안전및운영","철도운영지원(일반)","PSO보상","PSO(철도공익서비스) 보상","399591000","277150102","237600000","69.4","85.7"
"2026","민간이전","민간경상보조","국토교통부","일반회계"," ","교통및물류","항공·공항","항공발전지원","국제항공협력","12.29여객기사고피해구제","법률상담 지원","105000","40000","0","38.1","0.0"
"2026","민간이전","민간경상보조","국토교통부","일반회계"," ","교통및물류","물류등기타","물류정책","물류산업지원","군위탁컨테이너화물자동차관리비","군위탁 컨테이너 화물자동차 관리비","49000","0","0","0.0","0"
"2026","민간이전","민간경상보조","국토교통부","일반회계"," ","교통및물류","물류등기타","물류정책","물류산업지원","물류산업지원","제3자·스마트·공동물류 전환 컨설팅 지원","338000","270400","145040","80.0","53.6"
"2026","민간이전","민간경상보조","국토교통부","일반회계"," ","교통및물류","물류등기타","물류정책","물류산업지원","물류산업지원","물류기업 해외시장 진출지원","110000","88000","73743","80.0","83.8"
"2026","민간이전","민간경상보조","국토교통부","일반회계"," ","교통및물류","물류등기타","물류정책","물류산업지원","스마트물류센터조성지원","물류AI기술 도입지원","700000","434000","44447","62.0","10.2"
"2026","민간이전","민간경상보조","국토교통부","일반회계"," ","교통및물류","물류등기타","건설정책 및 기술지원","건설기계임대료체납신고센터운영","건설기계임대료체납신고센터운영","건설기계임대료체납신고센터운영","86000","86000","43222","100.0","50.3"
"2026","민간이전","민간경상보조","국토교통부","일반회계"," ","교통및물류","물류등기타","건설정책 및 기술지원","건설기계안전관리","건설기계 사고조사 및 예방지원","건설기계 사고조사 및 예방지원","1620000","1620000","232717","100.0","14.4"
"2026","민간이전","민간경상보조","국토교통부","일반회계"," ","교통및물류","물류등기타","자동차및교통정책","교통사고예방및피해자보호","교통사고예방지원","한국교통장애인협회지원","300000","200000","178949","66.7","89.5"
"2026","민간이전","민간경상보조","국토교통부","일반회계"," ","국토및지역개발","지역및도시","도시정책","도시개발","공공재개발재건축사업지원","공공재개발재건축사업지원","8827000","5734023","0","65.0","0.0"
"2026","민간이전","민간경상보조","국토교통부","일반회계"," ","국토및지역개발","지역및도시","도시정책","스마트시티 지원","스마트시티 기반구축","스마트시티 혁신인재육성","1200000","0","0","0.0","0"
"2026","민간이전","민간경상보조","국토교통부","일반회계"," ","국토및지역개발","지역및도시","건축정책","도시경관및건축문화품격향상","건축문화진흥","한옥전문인력양성","300000","150000","69566","50.0","46.4"
"2026","민간이전","민간경상보조","국토교통부","일반회계"," ","국토및지역개발","지역및도시","건축정책","도시경관및건축문화품격향상","건축문화진흥","건축설계분야 인재양성","975000","700000","158109","71.8","22.6"
"2026","민간이전","민간경상보조","국토교통부","일반회계"," ","국토및지역개발","지역및도시","건축정책","녹색건축물보급활성화지원","제로에너지건축신산업육성","제로에너지건축 확산사업","2968000","2968000","509872","100.0","17.2"
"2026","민간이전","민간경상보조","국토교통부","주택도시기금","주택계정","사회복지","주택","임대주택지원(출자)","임대주택지원","전세·매입임대 경상보조","전세임대경상보조사업 자금지원","225575000","0","0","0.0","0"
"2026","민간이전","민간경상보조","국토교통부","주택도시기금","주택계정","사회복지","주택","임대주택지원(출자)","임대주택지원","노후공공임대주택 리모델링 및 서비스 개선","주거복지사 배치(민간)","4038000","0","0","0.0","0"
"2026","민간이전","민간경상보조","국회","일반회계"," ","일반·지방행정","입법및선거관리","의정활동지원","의회외교","의원외교활동","한일친선협회중앙회 지원","50000","18340","2260","36.7","12.3"
"2026","민간이전","민간경상보조","국회","일반회계"," ","일반·지방행정","입법및선거관리","의정활동지원","의회외교","의회외교관련의원연맹지원","한국아동·인구·환경의원연맹 지원","249000","230059","36924","92.4","16.0"
"2026","민간이전","민간경상보조","국회","일반회계"," ","일반·지방행정","입법및선거관리","의정활동지원","의회외교","의회외교관련의원연맹지원","국회스카우트의원연맹 지원","263000","231716","86877","88.1","37.5"
"2026","민간이전","민간경상보조","국회","일반회계"," ","일반·지방행정","입법및선거관리","의정활동지원","의회외교","의회외교관련의원연맹지원","한일의원연맹 지원","685000","455953","282614","66.6","62.0"
"2026","민간이전","민간경상보조","국회","일반회계"," ","일반·지방행정","입법및선거관리","의정활동지원","의회외교","의회외교관련의원연맹지원","아시아정당국제회의의원연맹 지원","2127000","2089999","176757","98.3","8.5"
"2026","민간이전","민간경상보조","국회","일반회계"," ","일반·지방행정","입법및선거관리","의정활동지원","의회외교","의회외교관련의원연맹지원","아시아인권의원연맹 지원","328000","308879","137169","94.2","44.4"
"2026","민간이전","민간경상보조","국회","일반회계"," ","일반·지방행정","입법및선거관리","의정활동지원","의회외교","의회외교관련의원연맹지원","한중의원연맹 지원","609000","530000","300513","87.0","56.7"
"2026","민간이전","민간경상보조","국회","일반회계"," ","일반·지방행정","입법및선거관리","의정활동지원","의회외교","의회외교관련의원연맹지원","한미의원연맹 지원","756000","709002","391126","93.8","55.2"
"2026","민간이전","민간경상보조","국회","일반회계"," ","일반·지방행정","입법및선거관리","의정활동지원","국회활동관련단체지원","헌정회지원","대한민국헌정회 지원(단체지원금 및 연로회원지원금)","5587000","2915010","2748178","52.2","94.3"
"2026","민간이전","민간경상보조","국회","일반회계"," ","일반·지방행정","입법및선거관리","의정활동지원","국회활동관련단체지원","입법정책네트워크단체지원","한국의회발전연구회 지원","79000","32000","30962","40.5","96.8"
"2026","민간이전","민간경상보조","국회","일반회계"," ","일반·지방행정","입법및선거관리","의정활동지원","국회활동관련단체지원","입법정책네트워크단체지원","한국의정연구회 지원","219000","111790","80067","51.0","71.6"
"2026","민간이전","민간경상보조","국회","일반회계"," ","일반·지방행정","입법및선거관리","의정활동지원","국회활동관련단체지원","입법정책네트워크단체지원","한국여성의정 지원","908000","572000","343685","63.0","60.1"
"2026","민간이전","민간경상보조","국회","일반회계"," ","일반·지방행정","입법및선거관리","의정활동지원","국회활동관련단체지원","입법정책네트워크단체지원","국회국제보건의료포럼 지원","200000","94888","63761","47.4","67.2"
"2026","민간이전","민간경상보조","국회","일반회계"," ","일반·지방행정","입법및선거관리","의정활동지원","국회활동관련단체지원","입법정책네트워크단체지원","민주화추진협의회 지원","86000","42630","41257","49.6","96.8"
"2026","민간이전","민간경상보조","국회","일반회계"," ","일반·지방행정","입법및선거관리","의정활동지원","국회활동관련단체지원","입법정책네트워크단체지원","국회의원태권도연맹 지원","103000","88062","14789","85.5","16.8"
"2026","민간이전","민간경상보조","국회","일반회계"," ","일반·지방행정","입법및선거관리","의정활동지원","국회활동관련단체지원","입법정책네트워크단체지원","백봉정치문화교육연구원","9000","0","0","0.0","0"
"2026","민간이전","민간경상보조","금융위원회","일반회계"," ","일반·지방행정","재정·금융","금융정책","핀테크 지원 사업","핀테크 지원 사업","핀테크 지원 사업(핀테크 일반)","11772000","9005580","6625977","76.5","73.6"
"2026","민간이전","민간경상보조","금융위원회","일반회계"," ","일반·지방행정","재정·금융","금융산업글로벌화","금융관련국제협력","금융관련 국제협력 및 금융중심지추진","금융중심지지원센터 운영지원","283000","240500","101372","85.0","42.2"
"2026","민간이전","민간경상보조","금융위원회","일반회계"," ","일반·지방행정","재정·금융","금융소비자보호","채무자대리인 선임 지원","채무자대리인 선임 지원","채무자대리인 선임 지원","1906000","1667750","1667750","87.5","100.0"
"2026","민간이전","민간경상보조","기획예산처","복권기금"," ","사회복지","취약계층지원","복권기금운영(취약계층지원)","아동복지시설 아동치료, 재활지원사업","아동복지시설 아동치료, 재활지원사업","아동복지시설 아동치료, 재활지원 사업","2369000","2069000","1322277","87.3","63.9"
"2026","민간이전","민간경상보조","기획예산처","복권기금"," ","사회복지","취약계층지원","복권기금운영(취약계층지원)","재난적 의료비 지원","재난적 의료비 지원사업","재난적 의료비 지원","85769000","85769000","83316023","100.0","97.1"
"2026","민간이전","민간경상보조","기후에너지환경부","기후대응기금"," ","환경","자원순환및환경경제","저탄소생태계조성","유망기업인력육성","탄소중립 사업화 지원(환경부)","탄소중립 사업화 지원(환경부)","2700000","1890000","1341532","70.0","71.0"
"2026","민간이전","민간경상보조","기후에너지환경부","기후대응기금"," ","농림수산","농업·농촌","탄소중립기반구축","제도운영","온실가스관리인프라구축","배출권거래제 할당대상업체 지원사업","250000","187500","79454","75.0","42.4"
"2026","민간이전","민간경상보조","기후에너지환경부","기후대응기금"," ","산업·중소기업및에너지","에너지및자원개발","공정한전환","산업·일자리전환","저소득층에너지효율개선","저소득층에너지효율개선","121411000","79729000","49077467","65.7","61.6"
"2026","민간이전","민간경상보조","기후에너지환경부","기후대응기금"," ","산업·중소기업및에너지","에너지및자원개발","탄소중립기반구축","제도운영","온실가스감축제도운영","업종별 온실가스 감축기술 우수사례 발굴공유확산","1032000","1032000","68428","100.0","6.6"
"2026","민간이전","민간경상보조","기후에너지환경부","기후대응기금"," ","산업·중소기업및에너지","에너지및자원개발","탄소중립기반구축","제도운영","청정수소인증기반구축사업","청정수소 예비시범 인증사업","0","0","0","0","0"
"2026","민간이전","민간경상보조","기후에너지환경부","기후대응기금"," ","산업·중소기업및에너지","에너지및자원개발","탄소중립기반구축","제도운영","청정수소인증기반구축사업","청정수소 인증역량 강화사업","0","0","0","0","0"
"2026","민간이전","민간경상보조","기후에너지환경부","기후대응기금"," ","산업·중소기업및에너지","산업혁신지원","온실가스감축","산업저탄소화","탄소중립 설비투자 지원(산업부)","생태산업개발을통한미세먼지및온실가스감축(생태산업개발순환형네트워크설비및사업화지원, 운영및평가관리비)","4350000","4350000","1564726","100.0","36.0"
"2026","민간이전","민간경상보조","기후에너지환경부","기후대응기금"," ","산업·중소기업및에너지","산업혁신지원","공정한전환","산업·일자리전환","사업재편지원기반구축","산업금융협업통계시스템구축운영","0","0","0","0","0"
"2026","민간이전","민간경상보조","기후에너지환경부","기후대응기금"," ","산업·중소기업및에너지","중소기업및소상공인육성","탄소중립기반구축","제도운영","국제 탄소무역규제 대응(중기부)","중소기업 CBAM대응 인프라구축사업","1010000","757000","25974","75.0","3.4"
"2026","민간이전","민간경상보조","기후에너지환경부","기후대응기금"," ","산업·중소기업및에너지","중소기업및소상공인육성","탄소중립기반구축","제도운영","국제 탄소무역규제 대응(중기부)","중소기업 기후공시, 공급망 실사대응 기반구축","1880000","1410000","53562","75.0","3.8"
"2026","민간이전","민간경상보조","기후에너지환경부","기후대응기금"," ","교통및물류","해운·항만","탄소중립기반구축","제도운영","해양해운목표관리제","항만 무탄소화 전환지원","2503000","28000","28000","1.1","100.0"
"2026","민간이전","민간경상보조","기후에너지환경부","기후대응기금"," ","국토및지역개발","지역및도시","온실가스감축","도시국토저탄소화","공공건축물그린리모델링","공공건축물 그린리모델링","0","0","19623765","0","0"
"2026","민간이전","민간경상보조","기후에너지환경부","기후대응기금"," ","국토및지역개발","지역및도시","온실가스감축","도시국토저탄소화","공공건축물 그린리모델링 2.0","공공건축물 그린리모델링 2.0","52695000","44470500","3697816","84.4","8.3"
"2026","민간이전","민간경상보조","기후에너지환경부","석면피해구제기금"," ","환경","기후대기및환경안전","환경보건관리","환경위해 관리","석면건강영향조사","석면건강영향조사","430000","430000","246790","100.0","57.4"
"2026","민간이전","민간경상보조","기후에너지환경부","에너지및자원사업특별회계","투자계정","환경","기후대기및환경안전","대기환경 보전","대기오염 발생원 관리","무공해차 보급사업","전기자동차 보급(민간)","402670000","300806000","111527439","74.7","37.1"
"2026","민간이전","민간경상보조","기후에너지환경부","에너지및자원사업특별회계","투자계정","환경","기후대기및환경안전","대기환경 보전","대기오염 발생원 관리","무공해차 충전 인프라 구축 사업","수소충전소 연료비 지원(민간경상보조)","19116000","19116000","0","100.0","0.0"
"2026","민간이전","민간경상보조","기후에너지환경부","에너지및자원사업특별회계","투자계정","환경","기후대기및환경안전","대기환경 보전","대기오염 발생원 관리","무공해차 안심보험","무공해차 안심 보험","2000000","2000000","2000000","100.0","100.0"
"2026","민간이전","민간경상보조","기후에너지환경부","에너지및자원사업특별회계","투자계정","산업·중소기업및에너지","에너지및자원개발","에너지자원정책","에너지이용합리화","미래 지역에너지산업 생태계 활성화","AI 기반 분산에너지특화지역지원","10000000","2200000","152","22.0","0.0"
"2026","민간이전","민간경상보조","기후에너지환경부","에너지및자원사업특별회계","투자계정","산업·중소기업및에너지","에너지및자원개발","에너지자원정책","에너지이용합리화","미래 지역에너지산업 생태계 활성화","AI 기반마이크로그리드구축","27200000","27200000","856","100.0","0.0"
"2026","민간이전","민간경상보조","기후에너지환경부","에너지및자원사업특별회계","투자계정","산업·중소기업및에너지","에너지및자원개발","에너지자원정책","에너지복지지원","에너지바우처","에너지바우처 지원금","498002500","417603452","415469850","83.9","99.5"
"2026","민간이전","민간경상보조","기후에너지환경부","에너지및자원사업특별회계","투자계정","산업·중소기업및에너지","에너지및자원개발","에너지자원정책","에너지복지지원","에너지바우처","사업운영비","2943500","2943500","949080","100.0","32.2"
"2026","민간이전","민간경상보조","기후에너지환경부","에너지및자원사업특별회계","투자계정","산업·중소기업및에너지","에너지및자원개발","에너지자원정책","에너지복지지원","에너지바우처","에너지복지 사각지대 해소","3311000","3311000","255254","100.0","7.7"
"2026","민간이전","민간경상보조","기후에너지환경부","에너지및자원사업특별회계","투자계정","산업·중소기업및에너지","에너지및자원개발","재생에너지및에너지신산업활성화","에너지신산업","수소산업진흥 기반구축사업","청정수소시험평가및실증화지원기반구축사업","89000","89000","40290","100.0","45.3"
"2026","민간이전","민간경상보조","기후에너지환경부","에너지및자원사업특별회계","투자계정","산업·중소기업및에너지","에너지및자원개발","재생에너지및에너지신산업활성화","에너지신산업","수소산업진흥 기반구축사업","수소기업 성장지원","4045000","4045000","1261130","100.0","31.2"
"2026","민간이전","민간경상보조","기후에너지환경부","에너지및자원사업특별회계","투자계정","산업·중소기업및에너지","에너지및자원개발","재생에너지및에너지신산업활성화","에너지신산업","수소산업진흥 기반구축사업","수소국제협력사업","393000","393000","222498","100.0","56.6"
"2026","민간이전","민간경상보조","기후에너지환경부","에너지및자원사업특별회계","투자계정","산업·중소기업및에너지","에너지및자원개발","재생에너지및에너지신산업활성화","에너지신산업","수소산업진흥 기반구축사업","수소산업통계조사및종합정보포털유지보수","338000","338000","185405","100.0","54.9"
"2026","민간이전","민간경상보조","기후에너지환경부","에너지및자원사업특별회계","투자계정","산업·중소기업및에너지","에너지및자원개발","재생에너지및에너지신산업활성화","에너지신산업","수소산업진흥 기반구축사업","수소경제사회적공감대형성사업","243000","243000","105410","100.0","43.4"
"2026","민간이전","민간경상보조","기후에너지환경부","에너지및자원사업특별회계","투자계정","산업·중소기업및에너지","에너지및자원개발","재생에너지및에너지신산업활성화","에너지신산업","수소유통 기반구축사업","수소 거래시스템 및 유통정보시스템 운영","1395000","1395000","607272","100.0","43.5"
"2026","민간이전","민간경상보조","기후에너지환경부","에너지및자원사업특별회계","투자계정","산업·중소기업및에너지","에너지및자원개발","재생에너지및에너지신산업활성화","에너지신산업","수소유통 기반구축사업","수소튜브트레일러수소튜 지원","2581000","2581000","1057868","100.0","41.0"
"2026","민간이전","민간경상보조","기후에너지환경부","에너지및자원사업특별회계","투자계정","산업·중소기업및에너지","에너지및자원개발","재생에너지및에너지신산업활성화","에너지신산업","수소유통 기반구축사업","수소 수급통계 및 수급계획 수립","360000","360000","109200","100.0","30.3"
"2026","민간이전","민간경상보조","기후에너지환경부","에너지및자원사업특별회계","투자계정","산업·중소기업및에너지","에너지및자원개발","재생에너지및에너지신산업활성화","에너지신산업","수소유통 기반구축사업","수소 유통질서 및 신고센터 운영","517000","517000","185193","100.0","35.8"
"2026","민간이전","민간경상보조","기후에너지환경부","에너지및자원사업특별회계","투자계정","산업·중소기업및에너지","에너지및자원개발","재생에너지및에너지신산업활성화","에너지신산업","수소저장·운송클러스터구축사업","수소저장·운송클러스터구축사업","190000","133000","103605","70.0","77.9"
"2026","민간이전","민간경상보조","기후에너지환경부","일반회계"," ","산업·중소기업및에너지","에너지및자원개발","에너지자원정책","전기안전관리(기금)","전기차충전시설통합관리시스템구축(정보화)","전기차충전시설통합관리시스템구축(정보화)","176000","176000","173000","100.0","98.3"
"2026","민간이전","민간경상보조","기후에너지환경부","일반회계"," ","국토및지역개발","수자원","수자원정책 및 홍수관리","수자원정책 및 조사","물산업정책 및 국제협력","유네스코 물안보 국제연구교육센터 운영","1200000","900000","523967","75.0","58.2"
"2026","민간이전","민간경상보조","기후에너지환경부","일반회계"," ","국토및지역개발","수자원","수자원정책 및 홍수관리","수자원정책 및 조사","물산업정책 및 국제협력","아시아물위원회 지원","1375000","1075000","604371","78.2","56.2"
"2026","민간이전","민간경상보조","기후에너지환경부","전력산업기반기금"," ","산업·중소기업및에너지","에너지및자원개발","에너지자원정책","전력수요관리(기금)","전력효율향상","취약계층고효율가전구매지원","10000000","10000000","5589313","100.0","55.9"
"2026","민간이전","민간경상보조","기후에너지환경부","전력산업기반기금"," ","산업·중소기업및에너지","에너지및자원개발","에너지자원정책","전력수요관리(기금)","전력효율향상","축냉설비","6706000","6706000","2009193","100.0","30.0"
"2026","민간이전","민간경상보조","기후에너지환경부","전력산업기반기금"," ","산업·중소기업및에너지","에너지및자원개발","에너지자원정책","전력수요관리(기금)","전력효율향상","건물냉난방기기원격관리시스템","1250000","1250000","12623","100.0","1.0"
"2026","민간이전","민간경상보조","기후에너지환경부","전력산업기반기금"," ","산업·중소기업및에너지","에너지및자원개발","에너지자원정책","전력수요관리(기금)","전력효율향상","최대전력관리장치","285000","285000","203000","100.0","71.2"
"2026","민간이전","민간경상보조","기후에너지환경부","전력산업기반기금"," ","산업·중소기업및에너지","에너지및자원개발","에너지자원정책","전력수요관리(기금)","전력효율향상","지역냉방","1964000","1964000","1027680","100.0","52.3"
"2026","민간이전","민간경상보조","기후에너지환경부","전력산업기반기금"," ","산업·중소기업및에너지","에너지및자원개발","에너지자원정책","전력수요관리(기금)","전력효율향상","가스냉방","8000000","8000000","3758562","100.0","47.0"
"2026","민간이전","민간경상보조","기후에너지환경부","전력산업기반기금"," ","산업·중소기업및에너지","에너지및자원개발","에너지자원정책","전력수요관리(기금)","전력효율향상","에너지효율시장조성사업","89859000","89859000","36499986","100.0","40.6"
"2026","민간이전","민간경상보조","기후에너지환경부","전력산업기반기금"," ","산업·중소기업및에너지","에너지및자원개발","에너지자원정책","전력수요관리(기금)","전력효율향상","사회복지시설 전기화","1288000","1288000","0","100.0","0.0"
"2026","민간이전","민간경상보조","기후에너지환경부","전력산업기반기금"," ","산업·중소기업및에너지","에너지및자원개발","에너지자원정책","전력수요관리(기금)","노후 변압기 교체지원","노후 변압기 교체지원","1700000","1105000","93540","65.0","8.5"
"2026","민간이전","민간경상보조","기후에너지환경부","전력산업기반기금"," ","산업·중소기업및에너지","에너지및자원개발","재생에너지및에너지신산업활성화","재생에너지지원","신재생에너지발전차액지원","신재생에너지발전차액지원","5060000","4413331","2988599","87.2","67.7"
"2026","민간이전","민간경상보조","기후에너지환경부","전력산업기반기금"," ","산업·중소기업및에너지","에너지및자원개발","재생에너지및에너지신산업활성화","재생에너지지원","신재생에너지보급지원","주택지원","27865000","27865000","0","100.0","0.0"
"2026","민간이전","민간경상보조","기후에너지환경부","전력산업기반기금"," ","산업·중소기업및에너지","에너지및자원개발","재생에너지및에너지신산업활성화","재생에너지지원","신재생에너지보급지원","건물지원","81047000","81047000","0","100.0","0.0"
"2026","민간이전","민간경상보조","기후에너지환경부","전력산업기반기금"," ","산업·중소기업및에너지","에너지및자원개발","재생에너지및에너지신산업활성화","재생에너지지원","신재생에너지보급지원","융복합지원","128980000","128980000","79823627","100.0","61.9"
"2026","민간이전","민간경상보조","기후에너지환경부","전력산업기반기금"," ","산업·중소기업및에너지","에너지및자원개발","재생에너지및에너지신산업활성화","재생에너지지원","신재생에너지보급지원","가정형 태양광 지원","37500000","37500000","0","100.0","0.0"
"2026","민간이전","민간경상보조","기후에너지환경부","전력산업기반기금"," ","산업·중소기업및에너지","에너지및자원개발","재생에너지및에너지신산업활성화","재생에너지지원","신재생에너지보급지원","햇빛소득마을 통합플랫폼","0","0","0","0","0"
"2026","민간이전","민간경상보조","기후에너지환경부","전력산업기반기금"," ","산업·중소기업및에너지","에너지및자원개발","재생에너지및에너지신산업활성화","재생에너지지원","재생에너지인버터성능개선사업","재생에너지인버터성능개선사업","4332000","3898800","0","90.0","0.0"
"2026","민간이전","민간경상보조","기후에너지환경부","전력산업기반기금"," ","산업·중소기업및에너지","에너지및자원개발","재생에너지및에너지신산업활성화","재생에너지지원","재생에너지계통수용성증진사업","재생에너지계통수용성증진사업","0","0","0","0","0"
"2026","민간이전","민간경상보조","기후에너지환경부","전력산업기반기금"," ","산업·중소기업및에너지","에너지및자원개발","재생에너지및에너지신산업활성화","에너지신산업","AI기반 분산전력망 산업육성","AI 활용  ESS 구축지원","176400000","90336000","35988","51.2","0.0"
"2026","민간이전","민간경상보조","기후에너지환경부","전력산업기반기금"," ","산업·중소기업및에너지","에너지및자원개발","재생에너지및에너지신산업활성화","에너지신산업","AI기반 분산전력망 산업육성","공유형 ESS","1120000","784000","0","70.0","0.0"
"2026","민간이전","민간경상보조","기후에너지환경부","전력산업기반기금"," ","산업·중소기업및에너지","에너지및자원개발","재생에너지및에너지신산업활성화","에너지신산업","AI기반 분산전력망 산업육성","커뮤니티솔라","98396000","0","0","0.0","0"
"2026","민간이전","민간경상보조","기후에너지환경부","전력산업기반기금"," ","산업·중소기업및에너지","에너지및자원개발","재생에너지및에너지신산업활성화","에너지신산업","에너지산업융복합단지활성화지원사업","에너지특화기업사업화지원","900000","900000","181278","100.0","20.1"
"2026","민간이전","민간경상보조","기후에너지환경부","전력산업기반기금"," ","산업·중소기업및에너지","에너지및자원개발","재생에너지및에너지신산업활성화","에너지신산업","에너지산업융복합단지활성화지원사업","전문연구기관지원","720000","720000","136402","100.0","18.9"
"2026","민간이전","민간경상보조","기후에너지환경부","전력산업기반기금"," ","산업·중소기업및에너지","에너지및자원개발","재생에너지및에너지신산업활성화","에너지신산업","에너지산업융복합단지활성화지원사업","기획평가관리비","80000","80000","4388","100.0","5.5"
"2026","민간이전","민간경상보조","기후에너지환경부","전력산업기반기금"," ","산업·중소기업및에너지","에너지및자원개발","재생에너지및에너지신산업활성화","에너지신산업","수소연료전지발전클러스터구축사업","수소연료전지발전클러스터구축사업","143000","143000","81976","100.0","57.3"
"2026","민간이전","민간경상보조","기후에너지환경부","전력산업기반기금"," ","산업·중소기업및에너지","에너지및자원개발","에너지공급체계구축","석탄수급안정및지역지원","국산무연탄사용 발전소 한시적 지원","무연탄발전지원","16425000","13140000","295292","80.0","2.2"
"2026","민간이전","민간경상보조","기후에너지환경부","전력산업기반기금"," ","산업·중소기업및에너지","에너지및자원개발","에너지공급체계구축","발전소주변지역지원(기금)","발전소주변지역기본지원사업","발전소주변지역 전기요금보조","23338868","23338868","12243974","100.0","52.5"
"2026","민간이전","민간경상보조","기후에너지환경부","전력산업기반기금"," ","산업·중소기업및에너지","에너지및자원개발","에너지공급체계구축","발전소주변지역지원(기금)","발전소주변지역기본지원사업","발전소주변지역 육영사업 등(발전사업자)","16159132","14470032","5918401","89.5","40.9"
"2026","민간이전","민간경상보조","기후에너지환경부","전력산업기반기금"," ","산업·중소기업및에너지","에너지및자원개발","에너지공급체계구축","발전소주변지역지원(기금)","특별지원사업(발전소주변지역)","발전소주변지역 공공사회복지 등(민간 특별지원)","2600","2600","2599","100.0","100.0"
"2026","민간이전","민간경상보조","기후에너지환경부","전력산업기반기금"," ","산업·중소기업및에너지","에너지및자원개발","에너지공급체계구축","농어촌전기공급지원(기금)","농어촌전기공급사업","도서자가발전시설 운영지원","124166000","87998000","50273810","70.9","57.1"
"2026","민간이전","민간경상보조","기후에너지환경부","전력산업기반기금"," ","산업·중소기업및에너지","에너지및자원개발","에너지공급체계구축","농어촌전기공급지원(기금)","농어촌전기공급사업","농어촌전기공급지원","97000","64000","0","66.0","0.0"
"2026","민간이전","민간경상보조","기후에너지환경부","전력산업기반기금"," ","산업·중소기업및에너지","에너지및자원개발","에너지기술기반확충","국제협력(기금)","에너지산업협력개발지원(ODA)","가나 농촌지역 개발 에너지 인프라 구축","0","0","0","0","0"
"2026","민간이전","민간경상보조","기후에너지환경부","전력산업기반기금"," ","산업·중소기업및에너지","에너지및자원개발","에너지기술기반확충","국제협력(기금)","에너지산업협력개발지원(ODA)","온두라스 중남부지역 배전자동화시스템 기반 계통운영 선진화 지원","0","0","0","0","0"
"2026","민간이전","민간경상보조","기후에너지환경부","전력산업기반기금"," ","산업·중소기업및에너지","에너지및자원개발","에너지기술기반확충","국제협력(기금)","에너지산업협력개발지원(ODA)","인도네시아 서자와주 AMI 보급","0","0","0","0","0"
"2026","민간이전","민간경상보조","기후에너지환경부","전력산업기반기금"," ","산업·중소기업및에너지","에너지및자원개발","에너지기술기반확충","국제협력(기금)","에너지산업협력개발지원(ODA)","도미니카 배전자동화시스템 (DAS)활용 효율향상","0","0","0","0","0"
"2026","민간이전","민간경상보조","기후에너지환경부","전력산업기반기금"," ","산업·중소기업및에너지","에너지및자원개발","에너지기술기반확충","국제협력(기금)","에너지산업협력개발지원(ODA)","모잠비크 테트주 독립형 태양광 마이크로그리드 시스템 구축","0","0","0","0","0"
"2026","민간이전","민간경상보조","기후에너지환경부","전력산업기반기금"," ","산업·중소기업및에너지","에너지및자원개발","에너지기술기반확충","국제협력(기금)","에너지산업협력개발지원(ODA)","우즈베키스탄 재생에너지 설비 국가 품질인증 시스템 구축 및 운영","0","0","0","0","0"
"2026","민간이전","민간경상보조","기후에너지환경부","전력산업기반기금"," ","산업·중소기업및에너지","에너지및자원개발","에너지기술기반확충","국제협력(기금)","에너지산업협력개발지원(ODA)","키르기스스탄 잘랄 아바트 주 전력 에너지 효율화를 위한 AMI 구축 사업","0","0","0","0","0"
"2026","민간이전","민간경상보조","기후에너지환경부","전력산업기반기금"," ","산업·중소기업및에너지","에너지및자원개발","전력경쟁력강화·수급안정(운영)","전력산업기반조성사업운영","사업운영비","사업운영비","1060000","489300","194735","46.2","39.8"
"2026","민간이전","민간경상보조","기후에너지환경부","전력산업기반기금"," ","산업·중소기업및에너지","에너지및자원개발","전력산업경쟁력강화","전력산업정책개발및홍보","전력산업홍보","전기안전홍보","50000","50000","22500","100.0","45.0"
"2026","민간이전","민간경상보조","기후에너지환경부","전력산업기반기금"," ","산업·중소기업및에너지","에너지및자원개발","전력산업경쟁력강화","전력산업정책개발및홍보","전력산업홍보","전기절약홍보","0","0","0","0","0"
"2026","민간이전","민간경상보조","기후에너지환경부","전력산업기반기금"," ","산업·중소기업및에너지","에너지및자원개발","전력산업경쟁력강화","전력산업정책개발및홍보","전력산업홍보","햇빛소득마을 교육, 홍보","296000","251600","55370","85.0","22.0"
"2026","민간이전","민간경상보조","기후에너지환경부","전력산업기반기금"," ","산업·중소기업및에너지","에너지및자원개발","전력산업경쟁력강화","전력해외진출지원","전력해외진출지원사업","원전산업수출기반구축","12130000","9934000","3729083","81.9","37.5"
"2026","민간이전","민간경상보조","기후에너지환경부","전력산업기반기금"," ","산업·중소기업및에너지","에너지및자원개발","전력산업경쟁력강화","전력해외진출지원","전력해외진출지원사업","전력기자재 수출지원","1675000","1340000","276464","80.0","20.6"
"2026","민간이전","민간경상보조","기후에너지환경부","전력산업기반기금"," ","산업·중소기업및에너지","에너지및자원개발","전력산업경쟁력강화","전력해외진출지원","전력해외진출지원사업","전력기자재금융지원","100000","80000","41256","80.0","51.6"
"2026","민간이전","민간경상보조","기후에너지환경부","전력산업기반기금"," ","산업·중소기업및에너지","에너지및자원개발","전력산업경쟁력강화","전력산업기반조성","원전 생태계 금융지원 사업","운영비","300000","240000","29840","80.0","12.4"
"2026","민간이전","민간경상보조","기후에너지환경부","전력산업기반기금"," ","산업·중소기업및에너지","에너지및자원개발","전력산업경쟁력강화","전력산업기반조성","취약계층에너지복지지원","차상위계층에너지복지지원","0","0","0","0","0"
"2026","민간이전","민간경상보조","기후에너지환경부","전력산업기반기금"," ","산업·중소기업및에너지","에너지및자원개발","전력산업경쟁력강화","전력산업기반조성","원전생태계고도화사업","원자력 핵심기업 육성","6360000","5088000","757707","80.0","14.9"
"2026","민간이전","민간경상보조","기후에너지환경부","전력산업기반기금"," ","산업·중소기업및에너지","에너지및자원개발","전력산업경쟁력강화","전력산업기반조성","원전생태계고도화사업","원자력 전문인력 양성","1582000","1266000","387564","80.0","30.6"
"2026","민간이전","민간경상보조","기후에너지환경부","전력산업기반기금"," ","산업·중소기업및에너지","에너지및자원개발","전력산업경쟁력강화","전력산업기반조성","원전생태계고도화사업","원전 기자재 선금 보증보험 지원","46000","36000","28000","78.3","77.8"
"2026","민간이전","민간경상보조","기후에너지환경부","전력산업기반기금"," ","산업·중소기업및에너지","에너지및자원개발","전력산업경쟁력강화","전력산업기반조성","송전탑 CCTV 구축사업","송전탑 CCTV 구축사업","0","0","0","0","0"
"2026","민간이전","민간경상보조","기후에너지환경부","전력산업기반기금"," ","산업·중소기업및에너지","에너지및자원개발","전력산업경쟁력강화","전력산업기반조성","전력설비 위해수목 제거 사업","전력설비 위해수목 제거사업","0","0","0","0","0"
"2026","민간이전","민간경상보조","기후에너지환경부","전력산업기반기금"," ","산업·중소기업및에너지","에너지및자원개발","전력산업경쟁력강화","전력산업기반조성","안정적 전력계통 운영을 위한 전문인력 양성사업","안정적 전력계통 운영을 위한 전문인력 양성사업","0","0","0","0","0"
"2026","민간이전","민간경상보조","기후에너지환경부","지역균형발전특별회계","지역지원계정","환경","자원순환및환경경제","자원순환사회 형성 촉진","폐기물 발생원 관리","자원순환촉진지원(지원)","자원의 재활용재사용 촉진지원(택배상자)","1378000","1378000","1545","100.0","0.1"
"2026","민간이전","민간경상보조","기후에너지환경부","지역균형발전특별회계","지역지원계정","환경","자원순환및환경경제","친환경경제사회 활성화","환경기술 개발·보급","녹색환경지원센터 활성화 지원","녹색환경지원센터 활성화 지원(서울)","298300","298300","223211","100.0","74.8"
"2026","민간이전","민간경상보조","기후에너지환경부","지역균형발전특별회계","지역지원계정","환경","자원순환및환경경제","친환경경제사회 활성화","환경기술 개발·보급","녹색환경지원센터 활성화 지원","녹색환경지원센터 활성화 지원(경기)","297300","297300","239801","100.0","80.7"
"2026","민간이전","민간경상보조","기후에너지환경부","지역균형발전특별회계","지역지원계정","환경","자원순환및환경경제","친환경경제사회 활성화","환경기술 개발·보급","녹색환경지원센터 활성화 지원","녹색환경지원센터 활성화 지원(부산)","298300","298300","277109","100.0","92.9"
"2026","민간이전","민간경상보조","기후에너지환경부","지역균형발전특별회계","지역지원계정","환경","자원순환및환경경제","친환경경제사회 활성화","환경기술 개발·보급","녹색환경지원센터 활성화 지원","녹색환경지원센터 활성화 지원(광주)","297300","297300","208118","100.0","70.0"
"2026","민간이전","민간경상보조","기후에너지환경부","지역균형발전특별회계","지역지원계정","환경","자원순환및환경경제","친환경경제사회 활성화","환경기술 개발·보급","녹색환경지원센터 활성화 지원","녹색환경지원센터 활성화 지원(전남)","298300","298300","205638","100.0","68.9"
"2026","민간이전","민간경상보조","기후에너지환경부","지역균형발전특별회계","지역지원계정","환경","자원순환및환경경제","친환경경제사회 활성화","환경기술 개발·보급","녹색환경지원센터 활성화 지원","녹색환경지원센터 활성화 지원(제주)","297300","297300","204725","100.0","68.9"
"2026","민간이전","민간경상보조","기후에너지환경부","지역균형발전특별회계","지역지원계정","환경","자원순환및환경경제","친환경경제사회 활성화","환경기술 개발·보급","녹색환경지원센터 활성화 지원","녹색환경지원센터 활성화 지원(대구)","314270","314270","131298","100.0","41.8"
"2026","민간이전","민간경상보조","기후에너지환경부","지역균형발전특별회계","지역지원계정","환경","자원순환및환경경제","친환경경제사회 활성화","환경기술 개발·보급","녹색환경지원센터 활성화 지원","녹색환경지원센터 활성화 지원(경북)","282330","282330","109835","100.0","38.9"
"2026","민간이전","민간경상보조","기후에너지환경부","지역균형발전특별회계","지역지원계정","환경","자원순환및환경경제","친환경경제사회 활성화","환경기술 개발·보급","녹색환경지원센터 활성화 지원","녹색환경지원센터 활성화 지원(전북)","297300","297300","236091","100.0","79.4"
"2026","민간이전","민간경상보조","기후에너지환경부","지역균형발전특별회계","지역지원계정","환경","자원순환및환경경제","친환경경제사회 활성화","환경기술 개발·보급","녹색환경지원센터 활성화 지원","녹색환경지원센터 활성화 지원(울산)","298300","298300","226897","100.0","76.1"
"2026","민간이전","민간경상보조","기후에너지환경부","지역균형발전특별회계","지역지원계정","환경","자원순환및환경경제","친환경경제사회 활성화","환경기술 개발·보급","녹색환경지원센터 활성화 지원","녹색환경지원센터 활성화 지원(경남)","298300","298300","210452","100.0","70.6"
"2026","민간이전","민간경상보조","기후에너지환경부","지역균형발전특별회계","지역지원계정","환경","자원순환및환경경제","친환경경제사회 활성화","환경기술 개발·보급","녹색환경지원센터 활성화 지원","중앙녹색환경지원센터 활성화 지원","520400","520400","319709","100.0","61.4"
"2026","민간이전","민간경상보조","기후에너지환경부","지역균형발전특별회계","지역지원계정","환경","자원순환및환경경제","친환경경제사회 활성화","환경기술 개발·보급","녹색환경지원센터 활성화 지원","녹색환경지원센터 활성화 지원(강원)","282330","282330","195423","100.0","69.2"
"2026","민간이전","민간경상보조","기후에너지환경부","지역균형발전특별회계","지역지원계정","환경","자원순환및환경경제","친환경경제사회 활성화","환경기술 개발·보급","녹색환경지원센터 활성화 지원","녹색환경지원센터 활성화 지원(인천)","306285","306285","210547","100.0","68.7"
"2026","민간이전","민간경상보조","기후에너지환경부","지역균형발전특별회계","지역지원계정","환경","자원순환및환경경제","친환경경제사회 활성화","환경기술 개발·보급","녹색환경지원센터 활성화 지원","녹색환경지원센터 활성화 지원(안산)","297300","297300","193431","100.0","65.1"
"2026","민간이전","민간경상보조","기후에너지환경부","지역균형발전특별회계","지역지원계정","환경","자원순환및환경경제","친환경경제사회 활성화","환경기술 개발·보급","녹색환경지원센터 활성화 지원","녹색환경지원센터 활성화 지원(시흥)","305285","305285","137992","100.0","45.2"
"2026","민간이전","민간경상보조","기후에너지환경부","지역균형발전특별회계","지역지원계정","환경","자원순환및환경경제","친환경경제사회 활성화","환경기술 개발·보급","녹색환경지원센터 활성화 지원","녹색환경지원센터 활성화 지원(대전)","285500","285500","195251","100.0","68.4"
"2026","민간이전","민간경상보조","기후에너지환경부","지역균형발전특별회계","지역지원계정","환경","자원순환및환경경제","친환경경제사회 활성화","환경기술 개발·보급","녹색환경지원센터 활성화 지원","녹색환경지원센터 활성화 지원(충남)","298300","298300","218173","100.0","73.1"
"2026","민간이전","민간경상보조","기후에너지환경부","지역균형발전특별회계","지역지원계정","환경","자원순환및환경경제","친환경경제사회 활성화","환경기술 개발·보급","녹색환경지원센터 활성화 지원","녹색환경지원센터 활성화 지원(충북)","298300","298300","215895","100.0","72.4"
"2026","민간이전","민간경상보조","기후에너지환경부","지역균형발전특별회계","지역지원계정","환경","자연환경","자연생태 보전","자연자원의 이용","생태관광자원 이용기반","자연보전단체 지원","34000","27200","12904","80.0","47.4"
"2026","민간이전","민간경상보조","기후에너지환경부","지역균형발전특별회계","지역지원계정","산업·중소기업및에너지","에너지및자원개발","에너지기술기반확충","기반구축","수소생산기지 구축 지원","탄소포집형 수소 생산기지 구축","180000","180000","63000","100.0","35.0"
"2026","민간이전","민간경상보조","기후에너지환경부","한강수계관리기금"," ","환경","물환경","4대강유역관리","기타 수질개선지원(한강)","상수원관리지역관리","특별대책지역수질보전정책협의회","250000","0","0","0.0","0"
"2026","민간이전","민간경상보조","기후에너지환경부","환경개선특별회계"," ","환경","물환경","맑은물 공급·이용","물산업 및 물기술 진흥","물산업클러스터 운영","해외 현지 성능평가 지원사업","500000","400000","80909","80.0","20.2"
"2026","민간이전","민간경상보조","기후에너지환경부","환경개선특별회계"," ","환경","물환경","맑은물 공급·이용","물산업 및 물기술 진흥","물산업클러스터 운영","물기업 창업지원","150000","120000","43275","80.0","36.1"
"2026","민간이전","민간경상보조","기후에너지환경부","환경개선특별회계"," ","환경","물환경","맑은물 공급·이용","물산업 및 물기술 진흥","물산업클러스터 운영","물기업 사업화지원","9590000","7672000","2509940","80.0","32.7"
"2026","민간이전","민간경상보조","기후에너지환경부","환경개선특별회계"," ","환경","물환경","맑은물 공급·이용","물산업 및 물기술 진흥","물산업 진흥 및 물기업 육성","혁신형 물기업 지정 지원","4500000","4500000","3061407","100.0","68.0"
"2026","민간이전","민간경상보조","기후에너지환경부","환경개선특별회계"," ","환경","자원순환및환경경제","자원순환사회 형성 촉진","폐기물 발생원 관리","자원순환촉진지원","자원의 재활용재사용 촉진지원(택배상자)","0","0","0","0","0"
"2026","민간이전","민간경상보조","기후에너지환경부","환경개선특별회계"," ","환경","자원순환및환경경제","친환경경제사회 활성화","친환경산업 육성·지원","환경산업수출기반 육성지원","우수 중소환경기업 해외수출 기업화","8800000","8800000","2417768","100.0","27.5"
"2026","민간이전","민간경상보조","기후에너지환경부","환경개선특별회계"," ","환경","자원순환및환경경제","친환경경제사회 활성화","친환경산업 육성·지원","환경산업수출기반 육성지원","해외환경프로젝트 타당성조사","8000000","7500000","3322949","93.8","44.3"
"2026","민간이전","민간경상보조","기후에너지환경부","환경개선특별회계"," ","환경","자원순환및환경경제","친환경경제사회 활성화","친환경산업 육성·지원","환경산업수출기반 육성지원","환경기술 해외 현지실증 지원사업","7000000","7000000","1765037","100.0","25.2"
"2026","민간이전","민간경상보조","기후에너지환경부","환경개선특별회계"," ","환경","자원순환및환경경제","친환경경제사회 활성화","친환경산업 육성·지원","중소환경기업 사업화 지원사업","사업화 지원(중소환경기업 사업화 지원사업)","33920000","33920000","12301106","100.0","36.3"
"2026","민간이전","민간경상보조","기후에너지환경부","환경개선특별회계"," ","환경","자원순환및환경경제","친환경경제사회 활성화","친환경산업 육성·지원","중소환경기업 사업화 지원사업","사업화지원(새활용산업육성지원사업)","6000000","6000000","1066844","100.0","17.8"
"2026","민간이전","민간경상보조","기후에너지환경부","환경개선특별회계"," ","환경","자원순환및환경경제","친환경경제사회 활성화","친환경산업 육성·지원","중소환경기업 사업화 지원사업","에코스타트업 지원","17873000","17873000","5934940","100.0","33.2"
"2026","민간이전","민간경상보조","기후에너지환경부","환경개선특별회계"," ","환경","자원순환및환경경제","친환경경제사회 활성화","친환경산업 육성·지원","중소환경기업 사업화 지원사업","녹색융합클러스터  육성 지원","1200000","1200000","560239","100.0","46.7"
"2026","민간이전","민간경상보조","기후에너지환경부","환경개선특별회계"," ","환경","자원순환및환경경제","친환경경제사회 활성화","친환경산업 육성·지원","중소환경기업 사업화 지원사업","청년그린창업스프링캠프","4000000","4000000","1160759","100.0","29.0"
"2026","민간이전","민간경상보조","기후에너지환경부","환경개선특별회계"," ","환경","기후대기및환경안전","대기환경 보전","대기오염 발생원 관리","실내공기질관리 종합대책","실내환경관리센터 운영","150000","150000","10423","100.0","6.9"
"2026","민간이전","민간경상보조","기후에너지환경부","환경개선특별회계"," ","환경","기후대기및환경안전","대기환경 보전","대기환경 개선 정책기반강화 및 국제협력","국가미세먼지 정보관리체계 구축ㆍ운영","미세먼지 연구관리센터 지정운영","2232000","2232000","1126520","100.0","50.5"
"2026","민간이전","민간경상보조","기후에너지환경부","환경개선특별회계"," ","환경","기후대기및환경안전","환경보건관리","사전예방 보건정책","환경보건기반 강화협력","환경보건센터 운영","1052000","1052000","481042","100.0","45.7"
"2026","민간이전","민간경상보조","기후에너지환경부","환경개선특별회계"," ","환경","기후대기및환경안전","국제환경협력","국제환경 협력체계 구축","기후변화대응 환경협력","녹색기후기금(GCF) 사업개발 및 국제협력","200000","100000","36635","50.0","36.6"
"2026","민간이전","민간경상보조","기후에너지환경부","환경개선특별회계"," ","환경","기후대기및환경안전","국제환경협력","국제환경 협력체계 구축","국제협력강화사업(ODA)","개도국 환경개선 마스터플랜 수립지원","1040000","832000","225748","80.0","27.1"
"2026","민간이전","민간경상보조","기후에너지환경부","환경개선특별회계"," ","환경","자연환경","자연생태 보전","자연의 보전·관리","생물자원보전 종합대책","서식지외보전기관 운영지원","1436000","1125500","591101","78.4","52.5"
"2026","민간이전","민간경상보조","기후에너지환경부","환경개선특별회계"," ","환경","자연환경","자연생태 보전","자연의 보전·관리","야생동식물보호 및 관리","야생동물 구조관리센터 운영 지원","230000","184000","76785","80.0","41.7"
"2026","민간이전","민간경상보조","기후에너지환경부","환경개선특별회계"," ","환경","자연환경","자연생태 보전","자연의 보전·관리","야생동식물보호 및 관리","야생동식물 밀렵밀거래 방지 사업","392000","391800","229518","99.9","58.6"
"2026","민간이전","민간경상보조","기후에너지환경부","환경개선특별회계"," ","환경","자연환경","자연생태 보전","자연의 보전·관리","야생동식물보호 및 관리","사육곰 보호관리 지원(경상)","100000","0","0","0.0","0"
"2026","민간이전","민간경상보조","기후에너지환경부","환경개선특별회계"," ","환경","자연환경","자연생태 보전","자연의 보전·관리","생태계보전 국제협력 강화","글로벌 국제보호지역 연구훈련센터 운영","1125000","787500","466089","70.0","59.2"
"2026","민간이전","민간경상보조","기후에너지환경부","환경개선특별회계"," ","환경","자연환경","자연생태 보전","자연자원의 이용(국립생물자원관)","생물다양성 보전 및 관리","야생생물 이용기반 구축","278728","278728","164118","100.0","58.9"
"2026","민간이전","민간경상보조","농림축산식품부","고등·평생교육지원특별회계"," ","농림수산","농업·농촌","농업인력육성및창업지원","농업인교육지원","영농아카데미","영농창업특성화대학","6997000","6997000","2978858","100.0","42.6"
"2026","민간이전","민간경상보조","농림축산식품부","고등·평생교육지원특별회계"," ","농림수산","농업·농촌","농업인력육성및창업지원","농업인교육지원","영농아카데미","농업계대학지원","2389000","2389000","1149814","100.0","48.1"
"2026","민간이전","민간경상보조","농림축산식품부","농산물가격안정기금"," ","농림수산","농업·농촌","농산물수급안정및유통효율화","농산물가격안정및수급조절(농안기금)","비축지원","비축사업관리비","26871000","26871000","26871000","100.0","100.0"
"2026","민간이전","민간경상보조","농림축산식품부","농산물가격안정기금"," ","농림수산","농업·농촌","농산물수급안정및유통효율화","농산물가격안정및수급조절(농안기금)","비축지원","과실지정출하지원사업","0","0","0","0","0"
"2026","민간이전","민간경상보조","농림축산식품부","농산물가격안정기금"," ","농림수산","농업·농촌","농산물수급안정및유통효율화","농산물가격안정및수급조절(농안기금)","비축지원","과실지정출하지원","25332000","6000000","3359387","23.7","56.0"
"2026","민간이전","민간경상보조","농림축산식품부","농산물가격안정기금"," ","농림수산","농업·농촌","농산물수급안정및유통효율화","농산물가격안정및수급조절(농안기금)","비축지원","밭작물지정출하(시범)","2809000","0","0","0.0","0"
"2026","민간이전","민간경상보조","농림축산식품부","농산물가격안정기금"," ","농림수산","농업·농촌","농산물수급안정및유통효율화","농산물가격안정및수급조절(농안기금)","농산물유통소비정보조사","수급정보조사 등","4248000","2124000","1709923","50.0","80.5"
"2026","민간이전","민간경상보조","농림축산식품부","농산물가격안정기금"," ","농림수산","농업·농촌","농산물수급안정및유통효율화","농산물가격안정및수급조절(농안기금)","자조금지원","자조금지원(단체)","16045000","7993000","3235714","49.8","40.5"
"2026","민간이전","민간경상보조","농림축산식품부","농산물가격안정기금"," ","농림수산","농업·농촌","농산물수급안정및유통효율화","농산물가격안정및수급조절(농안기금)","농업관측","농산물소비실태조사","1447000","676000","607182","46.7","89.8"
"2026","민간이전","민간경상보조","농림축산식품부","농산물가격안정기금"," ","농림수산","농업·농촌","농산물수급안정및유통효율화","농산물유통개선(농안기금)","도매유통활성화지원","도매유통활성화지원","1540000","1000000","380366","64.9","38.0"
"2026","민간이전","민간경상보조","농림축산식품부","농산물가격안정기금"," ","농림수산","농업·농촌","농산물수급안정및유통효율화","농산물유통개선(농안기금)","농산물산지유통활성화","농산물산지유통센터지원(행정경비)","450000","450000","113821","100.0","25.3"
"2026","민간이전","민간경상보조","농림축산식품부","농산물가격안정기금"," ","농림수산","농업·농촌","농산물수급안정및유통효율화","농산물유통개선(농안기금)","농산물산지유통활성화","저온유통체계구축(산지저온시설 및 저온수송차량)","15000","15000","0","100.0","0.0"
"2026","민간이전","민간경상보조","농림축산식품부","농산물가격안정기금"," ","농림수산","농업·농촌","농산물수급안정및유통효율화","농산물유통개선(농안기금)","농산물산지유통활성화","식품소재및반가공산업육성(행정경비)","30000","30000","0","100.0","0.0"
"2026","민간이전","민간경상보조","농림축산식품부","농산물가격안정기금"," ","농림수산","농업·농촌","농산물수급안정및유통효율화","농산물유통개선(농안기금)","농산물산지유통활성화","인삼특용작물유통시설지원(인삼검사소현대화-경상)","455000","455000","232883","100.0","51.2"
"2026","민간이전","민간경상보조","농림축산식품부","농산물가격안정기금"," ","농림수산","농업·농촌","농산물수급안정및유통효율화","농산물유통개선(농안기금)","농산물산지유통활성화","저온유통체계구축(화훼류습식유통)","60000","60000","29287","100.0","48.8"
"2026","민간이전","민간경상보조","농림축산식품부","농산물가격안정기금"," ","농림수산","농업·농촌","농산물수급안정및유통효율화","농산물유통개선(농안기금)","농산물산지유통활성화","농산물산지유통센터지원(APC지원시스템 구축)","2237000","2237000","1093629","100.0","48.9"
"2026","민간이전","민간경상보조","농림축산식품부","농산물가격안정기금"," ","농림수산","농업·농촌","농산물수급안정및유통효율화","농산물유통개선(농안기금)","농산물산지유통활성화","산지조직지원(행정경비)","100000","100000","49532","100.0","49.5"
"2026","민간이전","민간경상보조","농림축산식품부","농산물가격안정기금"," ","농림수산","농업·농촌","농산물수급안정및유통효율화","농산물유통개선(농안기금)","농산물산지유통활성화","산지조직지원(생산유통 통합조직)","525000","525000","0","100.0","0.0"
"2026","민간이전","민간경상보조","농림축산식품부","농산물가격안정기금"," ","농림수산","농업·농촌","농산물수급안정및유통효율화","농산물유통개선(농안기금)","농산물온라인거래활성화","온라인도매시장 활성화 지원","21520000","12912000","2535348","60.0","19.6"
"2026","민간이전","민간경상보조","농림축산식품부","농산물가격안정기금"," ","농림수산","농업·농촌","농산물수급안정및유통효율화","농산물유통개선(농안기금)","농산물온라인거래활성화","통합플랫폼 구축 지원","3017000","1810200","746168","60.0","41.2"
"2026","민간이전","민간경상보조","농림축산식품부","농산물가격안정기금"," ","농림수산","농업·농촌","농산물수급안정및유통효율화","농산물유통개선(농안기금)","농산물온라인거래활성화","통합물류기지 시범사업","5850000","3510000","57019","60.0","1.6"
"2026","민간이전","민간경상보조","농림축산식품부","농산물가격안정기금"," ","농림수산","농업·농촌","농산물수급안정및유통효율화","농산물유통개선(농안기금)","농산물 공동출하확대 지원","공동선별비지원(광역)","7541000","3541000","0","47.0","0.0"
"2026","민간이전","민간경상보조","농림축산식품부","농산물가격안정기금"," ","농림수산","농업·농촌","농산물수급안정및유통효율화","농산물유통개선(농안기금)","농산물 공동출하확대 지원","공동선별비지원(행정경비)","100000","100000","28948","100.0","28.9"
"2026","민간이전","민간경상보조","농림축산식품부","농산물가격안정기금"," ","농림수산","농업·농촌","농산물수급안정및유통효율화","농산물유통개선(농안기금)","농산물 공동출하확대 지원","물류기기공동이용지원(운영 및 시스템)","1160000","1160000","381871","100.0","32.9"
"2026","민간이전","민간경상보조","농림축산식품부","농산물가격안정기금"," ","농림수산","농업·농촌","농산물수급안정및유통효율화","농산물유통개선(농안기금)","농산물 공동출하확대 지원","도서지역내륙거점통합물류운영지원(행정경비)","50000","50000","6168","100.0","12.3"
"2026","민간이전","민간경상보조","농림축산식품부","농산물가격안정기금"," ","농림수산","농업·농촌","농산물수급안정및유통효율화","농산물유통개선(농안기금)","농산물안정생산공급지원","밭작물주산지수급거버넌스운영지원(행정경비)","36000","20000","5417","55.6","27.1"
"2026","민간이전","민간경상보조","농림축산식품부","농산물가격안정기금"," ","농림수산","농업·농촌","농산물수급안정및유통효율화","농산물유통개선(농안기금)","농산물안정생산공급지원","공동영농 확산 지원 행정경비","150000","150000","150000","100.0","100.0"
"2026","민간이전","민간경상보조","농림축산식품부","농산물가격안정기금"," ","농림수산","농업·농촌","농산물수급안정및유통효율화","소비지유통활성화","농산물직거래활성화지원","농산물 직거래장터 운영","1470000","1470000","446459","100.0","30.4"
"2026","민간이전","민간경상보조","농림축산식품부","농산물가격안정기금"," ","농림수산","농업·농촌","농산물수급안정및유통효율화","소비지유통활성화","농산물직거래활성화지원","농산물 직거래활성화지원","420000","294000","193021","70.0","65.7"
"2026","민간이전","민간경상보조","농림축산식품부","농산물가격안정기금"," ","농림수산","농업·농촌","농산물수급안정및유통효율화","소비지유통활성화","농산물직거래활성화지원","농산물 신유통경로확산 지원","3443000","2410000","256585","70.0","10.6"
"2026","민간이전","민간경상보조","농림축산식품부","농산물가격안정기금"," ","농림수산","농업·농촌","농산물수급안정및유통효율화","소비지유통활성화","농산물직거래활성화지원","꾸러미사업지원","164000","115000","15067","70.1","13.1"
"2026","민간이전","민간경상보조","농림축산식품부","농산물가격안정기금"," ","농림수산","농업·농촌","농산물수급안정및유통효율화","농산물소비활성화및식생활개선(농안기금)","농식품소비기반조성","농축산물 소비촉진(민간보조)","5359000","4126900","1500248","77.0","36.4"
"2026","민간이전","민간경상보조","농림축산식품부","농산물가격안정기금"," ","농림수산","농업·농촌","농산물수급안정및유통효율화","농산물소비활성화및식생활개선(농안기금)","농식품소비기반조성","농축산물 할인지원","158000000","95500000","36110322","60.4","37.8"
"2026","민간이전","민간경상보조","농림축산식품부","농산물가격안정기금"," ","농림수산","농업·농촌","농산물수급안정및유통효율화","농산물소비활성화및식생활개선(농안기금)","농식품소비기반조성","지역단위 푸드플랜 구축지원(민간경상)","5032000","4300000","2340199","85.5","54.4"
"2026","민간이전","민간경상보조","농림축산식품부","농산물가격안정기금"," ","농림수산","농업·농촌","농산물수급안정및유통효율화","농식품품질관리(농안기금)","국가인증 농식품지원","허용물질목록제도(PLS) 정착지원","400000","400000","34822","100.0","8.7"
"2026","민간이전","민간경상보조","농림축산식품부","농산물가격안정기금"," ","농림수산","농업·농촌","농산물수급안정및유통효율화","농식품품질관리(농안기금)","국가인증 농식품지원","GAP 판로지원","800250","800250","44726","100.0","5.6"
"2026","민간이전","민간경상보조","농림축산식품부","농산물가격안정기금"," ","농림수산","농업·농촌","농산물수급안정및유통효율화","농식품품질관리(농안기금)","국가인증 농식품지원","친환경농산물 소비촉진","200000","200000","102049","100.0","51.0"
"2026","민간이전","민간경상보조","농림축산식품부","농산물가격안정기금"," ","농림수산","농업·농촌","종자관리","종자수급조절","종자수매.공급","종자 구입비 지원","1663000","0","0","0.0","0"
"2026","민간이전","민간경상보조","농림축산식품부","농산물가격안정기금"," ","농림수산","농업·농촌","농림축산식품행정지원","기금운영비(농안기금)","인건비(유통개선사업운영)","인건비(유통개선사업운영)","5279000","2639500","2639500","50.0","100.0"
"2026","민간이전","민간경상보조","농림축산식품부","농산물가격안정기금"," ","농림수산","농업·농촌","농림축산식품행정지원","기금운영비(농안기금)","유통개선사업 운영","유통개선운영","55849000","28097000","25260375","50.3","89.9"
"2026","민간이전","민간경상보조","농림축산식품부","농어촌구조개선특별회계","구조개선사업계정","농림수산","농업·농촌","농가경영안정","농업정책보험(구조계정)","농업재해보험","농작물재해보험","501741000","501741000","414260350","100.0","82.6"
"2026","민간이전","민간경상보조","농림축산식품부","농어촌구조개선특별회계","구조개선사업계정","농림수산","농업·농촌","농가경영안정","농업정책보험(구조계정)","농업재해보험","가축재해보험","110167000","110167000","75959460","100.0","68.9"
"2026","민간이전","민간경상보조","농림축산식품부","농어촌구조개선특별회계","구조개선사업계정","농림수산","농업·농촌","농가경영안정","농업정책보험(구조계정)","농업재해보험","농업수입안정보험","275181000","53408750","11961751","19.4","22.4"
"2026","민간이전","민간경상보조","농림축산식품부","농어촌구조개선특별회계","구조개선사업계정","농림수산","농업·농촌","농가경영안정","농업정책보험(구조계정)","농작물재해보험운영비지원","농작물재해보험운영비지원","99093000","67065300","66597000","67.7","99.3"
"2026","민간이전","민간경상보조","농림축산식품부","농어촌구조개선특별회계","구조개선사업계정","농림수산","농업·농촌","농가경영안정","정책금융보험관리","농업정책보험금융원 기관운영비 지원","농업정책보험금융원기관운영비지원","9089000","6362300","4465081","70.0","70.2"
"2026","민간이전","민간경상보조","농림축산식품부","농어촌구조개선특별회계","구조개선사업계정","농림수산","농업·농촌","농업인력육성및창업지원","농식품창업지원","농식품벤처창업활성화지원","농식품벤처창업활성화지원","22850000","21785000","10768462","95.3","49.4"
"2026","민간이전","민간경상보조","농림축산식품부","농어촌구조개선특별회계","구조개선사업계정","농림수산","농업·농촌","농업인력육성및창업지원","농식품창업지원","농식품벤처창업활성화지원","민간투자기반 스케일업 지원","7500000","7500000","4350152","100.0","58.0"
"2026","민간이전","민간경상보조","농림축산식품부","농어촌구조개선특별회계","구조개선사업계정","농림수산","농업·농촌","양곡관리","식량생산유통지원","전략작물산업화","제품화 패키지 지원","14800000","9860000","4922935","66.6","49.9"
"2026","민간이전","민간경상보조","농림축산식품부","농어촌구조개선특별회계","구조개선사업계정","농림수산","농업·농촌","양곡관리","식량생산유통지원","전략작물산업화","교육컨설팅(사업운영비)","250000","250000","20074","100.0","8.0"
"2026","민간이전","민간경상보조","농림축산식품부","농어촌구조개선특별회계","구조개선사업계정","농림수산","농업·농촌","양곡관리","식량생산유통지원","전략작물산업화","전략작물가공확대 지원","4400000","1550890","36002","35.2","2.3"
"2026","민간이전","민간경상보조","농림축산식품부","농어촌구조개선특별회계","구조개선사업계정","농림수산","농업·농촌","양곡관리","식량생산유통지원","전략작물산업화","식량작물선도경영체육성","1825000","1725000","763428","94.5","44.3"
"2026","민간이전","민간경상보조","농림축산식품부","농어촌구조개선특별회계","구조개선사업계정","농림수산","농업·농촌","양곡관리","식량생산유통지원","고품질쌀유통활성화","RPC 쌀산업기여도 평가","405000","300000","257102","74.1","85.7"
"2026","민간이전","민간경상보조","농림축산식품부","농어촌구조개선특별회계","구조개선사업계정","농림수산","농업·농촌","농업신산업육성","스마트농업육성","AI응용제품 신속 상용화 지원사업(농업)","AI 응용제품 신속 상용화 지원사업(농업)","40000000","40000000","507513","100.0","1.3"
"2026","민간이전","민간경상보조","농림축산식품부","농어촌구조개선특별회계","구조개선사업계정","농림수산","농업·농촌","농업신산업육성","스마트농업육성","스마트과수원특화단지조성","스마트과수원특화단지조성(조사설계)","0","0","0","0","0"
"2026","민간이전","민간경상보조","농림축산식품부","농어촌구조개선특별회계","구조개선사업계정","농림수산","농업·농촌","농업신산업육성","스마트농업육성","스마트팜ICT기자재국가표준확산지원","스마트팜 ICT기자재 국가표준 확산지원","3277000","3277000","1519968","100.0","46.4"
"2026","민간이전","민간경상보조","농림축산식품부","농어촌구조개선특별회계","구조개선사업계정","농림수산","농업·농촌","농업신산업육성","스마트농업육성","스마트팜 청년창업 보육센터","보육운영비(스마트팜 청년창업 보육센터)","9160000","9160000","4140971","100.0","45.2"
"2026","민간이전","민간경상보조","농림축산식품부","농어촌구조개선특별회계","구조개선사업계정","농림수산","농업·농촌","농업신산업육성","스마트농업육성","데이터기반스마트농업확산지원","스마트농업 서비스 솔루션 지원","5552000","5552000","1102346","100.0","19.9"
"2026","민간이전","민간경상보조","농림축산식품부","농어촌구조개선특별회계","구조개선사업계정","농림수산","농업·농촌","농업신산업육성","스마트농업육성","데이터기반스마트농업확산지원","스마트농업지원센터","300000","300000","119087","100.0","39.7"
"2026","민간이전","민간경상보조","농림축산식품부","농어촌구조개선특별회계","구조개선사업계정","농림수산","농업·농촌","농업신산업육성","스마트농업육성","데이터기반스마트농업확산지원","스마트농업확산지원","1760000","1760000","62837","100.0","3.6"
"2026","민간이전","민간경상보조","농림축산식품부","농어촌구조개선특별회계","구조개선사업계정","농림수산","농업·농촌","농업신산업육성","스마트농업육성","노지 스마트농업 ICT 융복합 확산","솔루션 도입","7600000","5800000","0","76.3","0.0"
"2026","민간이전","민간경상보조","농림축산식품부","농어촌구조개선특별회계","구조개선사업계정","농림수산","농업·농촌","농업신산업육성","스마트농업육성","노지 스마트농업 ICT 융복합 확산","기술역량 제고","300000","200000","0","66.7","0.0"
"2026","민간이전","민간경상보조","농림축산식품부","농어촌구조개선특별회계","구조개선사업계정","농림수산","농업·농촌","농업신산업육성","스마트농업육성","ICT융복합및농림행정통계체계구축","농식품ICT융복합촉진","4219000","2953000","2047206","70.0","69.3"
"2026","민간이전","민간경상보조","농림축산식품부","농어촌구조개선특별회계","구조개선사업계정","농림수산","농업·농촌","농업신산업육성","스마트농업육성","ICT융복합및농림행정통계체계구축","데이터기반스마트농업생태계조성지원","1194000","1194000","273887","100.0","22.9"
"2026","민간이전","민간경상보조","농림축산식품부","농어촌구조개선특별회계","구조개선사업계정","농림수산","농업·농촌","농업신산업육성","스마트농업육성","ICT융복합및농림행정통계체계구축","농림통계행정체계구축","4410000","3087000","2976261","70.0","96.4"
"2026","민간이전","민간경상보조","농림축산식품부","농어촌구조개선특별회계","구조개선사업계정","농림수산","농업·농촌","농업신산업육성","농업온실가스감축및기후변화대응","저탄소농림축산식품기반구축","저탄소 농축산물 인증제(농산물 인증)","2496000","1427000","1060823","57.2","74.3"
"2026","민간이전","민간경상보조","농림축산식품부","농어촌구조개선특별회계","구조개선사업계정","농림수산","농업·농촌","농업신산업육성","농업온실가스감축및기후변화대응","저탄소농림축산식품기반구축","농업농촌 자발적 온실가스 감축사업","485000","200000","54877","41.2","27.4"
"2026","민간이전","민간경상보조","농림축산식품부","농어촌구조개선특별회계","구조개선사업계정","농림수산","농업·농촌","농업신산업육성","농업온실가스감축및기후변화대응","저탄소농림축산식품기반구축","저탄소 농축산물 인증제(축산물 인증)","2435000","2435000","459214","100.0","18.9"
"2026","민간이전","민간경상보조","농림축산식품부","농어촌구조개선특별회계","구조개선사업계정","농림수산","농업·농촌","농업신산업육성","농업온실가스감축및기후변화대응","기후변화실태조사","기후변화실태조사","1583000","1326000","286599","83.8","21.6"
"2026","민간이전","민간경상보조","농림축산식품부","농어촌구조개선특별회계","구조개선사업계정","농림수산","농업·농촌","농업신산업육성","농업온실가스감축및기후변화대응","농촌재생에너지보급지원","농촌재생에너지 통계구축","0","0","0","0","0"
"2026","민간이전","민간경상보조","농림축산식품부","농어촌구조개선특별회계","구조개선사업계정","농림수산","농업·농촌","농업신산업육성","농업온실가스감축및기후변화대응","농촌재생에너지보급지원","농업농촌 RE100 실증지원(컨설팅)","200000","0","0","0.0","0"
"2026","민간이전","민간경상보조","농림축산식품부","농어촌구조개선특별회계","구조개선사업계정","농림수산","농업·농촌","농업신산업육성","농생명자원사업육성","도시농업활성화","도시농업 교육인력양성 지원","671000","536800","297885","80.0","55.5"
"2026","민간이전","민간경상보조","농림축산식품부","농어촌구조개선특별회계","구조개선사업계정","농림수산","농업·농촌","농업신산업육성","농생명자원사업육성","도시농업활성화","도시농업 종합정보시스템 구축운영","248000","198400","91419","80.0","46.1"
"2026","민간이전","민간경상보조","농림축산식품부","농어촌구조개선특별회계","구조개선사업계정","농림수산","농업·농촌","농업신산업육성","농기자재산업육성","농산업수출활성화","스마트팜 수출 활성화","3383000","2383000","750751","70.4","31.5"
"2026","민간이전","민간경상보조","농림축산식품부","농어촌구조개선특별회계","구조개선사업계정","농림수산","농업·농촌","농업신산업육성","농기자재산업육성","농산업수출활성화","농산업 글로벌 성장 패키지 지원","2620000","2620000","461859","100.0","17.6"
"2026","민간이전","민간경상보조","농림축산식품부","농어촌구조개선특별회계","구조개선사업계정","농림수산","농업·농촌","농업신산업육성","농기자재산업육성","농산업수출활성화","농기자재 수출활성화","3156000","3156000","1045962","100.0","33.1"
"2026","민간이전","민간경상보조","농림축산식품부","농어촌구조개선특별회계","구조개선사업계정","농림수산","농업·농촌","농업신산업육성","친환경농자재","곤충미생물산업육성지원","곤충유통활성화(곤충산업홍보지원)_이월","0","0","0","0","0"
"2026","민간이전","민간경상보조","농림축산식품부","농어촌구조개선특별회계","구조개선사업계정","농림수산","농업·농촌","농업신산업육성","친환경농업인프라구축","임산부 친환경 농산물 지원","임산부 친환경 농산물 지원","420000","420000","63518","100.0","15.1"
"2026","민간이전","민간경상보조","농림축산식품부","농어촌구조개선특별회계","구조개선사업계정","농림수산","농업·농촌","농산물수급안정및유통효율화","농산물가격안정및수급조절(농특)","농업관측","농산물소비실태조사","0","0","0","0","0"
"2026","민간이전","민간경상보조","농림축산식품부","농어촌구조개선특별회계","구조개선사업계정","농림수산","농업·농촌","농산물수급안정및유통효율화","농산물유통개선(농특)","밭작물산업육성","밭작물공동경영체 육성지원(행정경비)","0","0","0","0","0"
"2026","민간이전","민간경상보조","농림축산식품부","농어촌구조개선특별회계","구조개선사업계정","농림수산","농업·농촌","농산물수급안정및유통효율화","농산물유통개선(농특)","농산물 공동출하확대 지원","물류기기공동이용지원사업","0","0","0","0","0"
"2026","민간이전","민간경상보조","농림축산식품부","농어촌구조개선특별회계","구조개선사업계정","농림수산","농업·농촌","농산물수급안정및유통효율화","농산물유통개선(농특)","농산물 공동출하확대 지원","공동선별비지원(광역)","0","0","0","0","0"
"2026","민간이전","민간경상보조","농림축산식품부","농어촌구조개선특별회계","구조개선사업계정","농림수산","농업·농촌","농산물수급안정및유통효율화","농산물유통개선(농특)","농산물 공동출하확대 지원","공동선별비지원(행정경비)","0","0","0","0","0"
"2026","민간이전","민간경상보조","농림축산식품부","농어촌구조개선특별회계","구조개선사업계정","농림수산","농업·농촌","농산물수급안정및유통효율화","농산물유통개선(농특)","농산물 공동출하확대 지원","도서지역 내륙거점 통합물류운영지원(민간)","0","0","0","0","0"
"2026","민간이전","민간경상보조","농림축산식품부","농어촌구조개선특별회계","구조개선사업계정","농림수산","농업·농촌","농산물수급안정및유통효율화","농산물소비활성화및식생활개선(농특)","농식품소비기반조성","농축산물 할인지원","0","0","0","0","0"
"2026","민간이전","민간경상보조","농림축산식품부","농어촌구조개선특별회계","구조개선사업계정","농림수산","농업·농촌","농산물수급안정및유통효율화","농산물소비활성화및식생활개선(농특)","농식품소비기반조성","농축산물 소비촉진(민간 보조)","0","0","0","0","0"
"2026","민간이전","민간경상보조","농림축산식품부","농어촌구조개선특별회계","구조개선사업계정","농림수산","농업·농촌","농산물수급안정및유통효율화","농산물소비활성화및식생활개선(농특)","농식품소비기반조성","지역단위 푸드플랜 구축지원(민간경상)","0","0","0","0","0"
"2026","민간이전","민간경상보조","농림축산식품부","농어촌구조개선특별회계","구조개선사업계정","농림수산","농업·농촌","축산업진흥 및 동물복지향상","동물보호및복지","동물복지안전관리강화","동물복지인식개선","2616000","1171000","1061284","44.8","90.6"
"2026","민간이전","민간경상보조","농림축산식품부","농어촌구조개선특별회계","구조개선사업계정","농림수산","농업·농촌","축산업진흥 및 동물복지향상","동물보호및복지","동물복지안전관리강화","은퇴 국가봉사동물 민간 입양 지원사업","100000","70000","1240","70.0","1.8"
"2026","민간이전","민간경상보조","농림축산식품부","농어촌구조개선특별회계","구조개선사업계정","농림수산","농업·농촌","축산업진흥 및 동물복지향상","동물보호및복지","동물복지안전관리강화","유실유기동물안심보호시설운영지원","500000","300000","0","60.0","0.0"
"2026","민간이전","민간경상보조","농림축산식품부","농어촌구조개선특별회계","구조개선사업계정","농림수산","농업·농촌","축산업진흥 및 동물복지향상","동물보호및복지","반려동물산업육성","동물보건의료 인력 양성","1480000","1164000","761057","78.6","65.4"
"2026","민간이전","민간경상보조","농림축산식품부","농어촌구조개선특별회계","구조개선사업계정","농림수산","농업·농촌","축산업진흥 및 동물복지향상","동물보호및복지","반려동물산업육성","동물의료체계 표준화 지원","450000","307000","278805","68.2","90.8"
"2026","민간이전","민간경상보조","농림축산식품부","농어촌구조개선특별회계","구조개선사업계정","농림수산","농업·농촌","축산업진흥 및 동물복지향상","동물보호및복지","반려동물산업육성","반려견 기질평가·행동지도 인프라 구축","480000","336000","282815","70.0","84.2"
"2026","민간이전","민간경상보조","농림축산식품부","농어촌구조개선특별회계","구조개선사업계정","농림수산","농업·농촌","축산업진흥 및 동물복지향상","동물보호및복지","반려동물연관산업해외수출산업화","시장조사 및 전파","990000","800000","199139","80.8","24.9"
"2026","민간이전","민간경상보조","농림축산식품부","농어촌구조개선특별회계","구조개선사업계정","농림수산","농업·농촌","축산업진흥 및 동물복지향상","동물보호및복지","반려동물연관산업해외수출산업화","수출시장 개척","440000","360000","69370","81.8","19.3"
"2026","민간이전","민간경상보조","농림축산식품부","농어촌구조개선특별회계","구조개선사업계정","농림수산","농업·농촌","축산업진흥 및 동물복지향상","동물보호및복지","반려동물연관산업해외수출산업화","수출 공동 대응체계 마련","50000","40000","4465","80.0","11.2"
"2026","민간이전","민간경상보조","농림축산식품부","농어촌구조개선특별회계","구조개선사업계정","농림수산","농업·농촌","축산업진흥 및 동물복지향상","동물보호및복지","개식용종식폐업전업지원","교육·홍보 등","390000","273000","81720","70.0","29.9"
"2026","민간이전","민간경상보조","농림축산식품부","농어촌구조개선특별회계","구조개선사업계정","농림수산","농업·농촌","가축방역및축산물안전관리","가축방역(농특)","가축방역대응지원","소독자원 지원(임차지원, 신종 해외 가축질병 유입차단 방제)","5479000","4279000","4148068","78.1","96.9"
"2026","민간이전","민간경상보조","농림축산식품부","농어촌구조개선특별회계","구조개선사업계정","농림수산","농업·농촌","가축방역및축산물안전관리","가축방역(농특)","가축방역대응지원","가축질병 관리 우수농장 지원(방역등급제 평가)","0","0","0","0","0"
"2026","민간이전","민간경상보조","농림축산식품부","농어촌구조개선특별회계","구조개선사업계정","농림수산","농업·농촌","가축방역및축산물안전관리","가축방역(농특)","가축방역대응지원","예비 공직 수의사 진로·적성 프로그램","0","0","0","0","0"
"2026","민간이전","민간경상보조","농림축산식품부","농어촌구조개선특별회계","구조개선사업계정","농림수산","농업·농촌","가축방역및축산물안전관리","가축방역(농특)","가축백신지원","말 예방백신 등 지원","1337000","1037000","299754","77.6","28.9"
"2026","민간이전","민간경상보조","농림축산식품부","농어촌구조개선특별회계","구조개선사업계정","농림수산","농업·농촌","가축방역및축산물안전관리","가축방역(농특)","동물용의약품산업종합지원","동물용의약품 수출시장개척지원","491000","491000","299750","100.0","61.0"
"2026","민간이전","민간경상보조","농림축산식품부","농어촌구조개선특별회계","구조개선사업계정","농림수산","농업·농촌","가축방역및축산물안전관리","가축방역(농특)","동물용의약품산업종합지원","동물용의약품 교육 및 홍보","0","0","0","0","0"
"2026","민간이전","민간경상보조","농림축산식품부","농어촌구조개선특별회계","구조개선사업계정","농림수산","농업·농촌","농업생산기반정비","재해예방(농특)","가뭄대비용수개발","농업가뭄 모니터링 및 평가분석","982000","600000","96332","61.1","16.1"
"2026","민간이전","민간경상보조","농림축산식품부","농어촌구조개선특별회계","구조개선사업계정","농림수산","농업·농촌","농업생산기반정비","농어촌공사시설관리","수리시설유지관리","수리시설유지관리","141078000","139900000","97577836","99.2","69.7"
"2026","민간이전","민간경상보조","농림축산식품부","농어촌구조개선특별회계","구조개선사업계정","농림수산","농업·농촌","농업생산기반정비","농어촌공사시설관리","수리시설유지관리","안전대책시설","15000000","0","0","0.0","0"
"2026","민간이전","민간경상보조","농림축산식품부","농어촌구조개선특별회계","구조개선사업계정","농림수산","농업·농촌","농업생산기반정비","농업시설개선(농특)","농촌용수관리","용배수 계통도 디지털화","3600000","3000000","2000000","83.3","66.7"
"2026","민간이전","민간경상보조","농림축산식품부","농어촌구조개선특별회계","구조개선사업계정","농림수산","농업·농촌","농업생산기반정비","농업시설개선(농특)","농촌용수관리","농업생산기반 건설기준 고도화","1400000","1000000","1000000","71.4","100.0"
"2026","민간이전","민간경상보조","농림축산식품부","농어촌구조개선특별회계","구조개선사업계정","농림수산","농업·농촌","농업생산기반정비","농업시설개선(농특)","농촌용수관리","농업용수 수질조사 및 개선(수질조사-민간경상)","8180000","6700000","4699041","81.9","70.1"
"2026","민간이전","민간경상보조","농림축산식품부","농어촌구조개선특별회계","구조개선사업계정","농림수산","농업·농촌","농산물품질관리","농산물안전성관리","친환경우수농식품인증","친환경인증기관 등급제 평가","100000","69300","47551","69.3","68.6"
"2026","민간이전","민간경상보조","농림축산식품부","농어촌구조개선특별회계","구조개선사업계정","농림수산","농업·농촌","농산물품질관리","농산물안전성관리","친환경우수농식품인증","GAP 교육·컨설팅 지원사업","300000","210000","144070","70.0","68.6"
"2026","민간이전","민간경상보조","농림축산식품부","농어촌구조개선특별회계","구조개선사업계정","농림수산","농업·농촌","농산물품질관리","농산물안전성관리","친환경우수농식품인증","친환경농산물 인증활성화 지원","663000","464100","275283","70.0","59.3"
"2026","민간이전","민간경상보조","농림축산식품부","농어촌구조개선특별회계","구조개선사업계정","농림수산","농업·농촌","농산물품질관리","농산물안전성관리","친환경우수농식품인증","GAP인증 및 이력추적관리 유통활성화지원","556000","373520","260420","67.2","69.7"
"2026","민간이전","민간경상보조","농림축산식품부","농어촌구조개선특별회계","구조개선사업계정","농림수산","농업·농촌","농산물품질관리","농산물안전성관리","친환경우수농식품인증","GAP인증 활성화 지원 사업","1910000","1337000","1129305","70.0","84.5"
"2026","민간이전","민간경상보조","농림축산식품부","농어촌구조개선특별회계","구조개선사업계정","농림수산","농업·농촌","농산물품질관리","농산물안전성관리","친환경우수농식품인증","GAP생산여건조성","350000","237300","119949","67.8","50.5"
"2026","민간이전","민간경상보조","농림축산식품부","농어촌구조개선특별회계","구조개선사업계정","농림수산","농업·농촌","농산물품질관리","농산물안전성관리","친환경우수농식품인증","유기식품 생산소비 활성화 지원 사업","350000","245000","1391","70.0","0.6"
"2026","민간이전","민간경상보조","농림축산식품부","농어촌구조개선특별회계","구조개선사업계정","농림수산","농업·농촌","농산물품질관리","농산물안전성관리","친환경우수농식품인증","우리술 교육훈련 지원사업","232000","162400","105566","70.0","65.0"
"2026","민간이전","민간경상보조","농림축산식품부","농어촌구조개선특별회계","구조개선사업계정","농림수산","농업·농촌","농산물품질관리","농산물안전성관리","친환경우수농식품인증","우리술 전문인력 양성기관 지원사업","123000","86100","24924","70.0","28.9"
"2026","민간이전","민간경상보조","농림축산식품부","농어촌구조개선특별회계","구조개선사업계정","농림수산","농업·농촌","농산물품질관리","농산물안전성관리","농산물안전성조사","농경지 중금속 오염실태조사","1638000","1146600","479075","70.0","41.8"
"2026","민간이전","민간경상보조","농림축산식품부","농어촌구조개선특별회계","구조개선사업계정","농림수산","농업·농촌","농산물품질관리","농산물안전성관리","농산물원산지관리","명예감시원 운영 활성화 지원","341250","301650","189946","88.4","63.0"
"2026","민간이전","민간경상보조","농림축산식품부","농어촌구조개선특별회계","구조개선사업계정","농림수산","농업·농촌","농림축산검역검사","가축검역(농특)","동물복지축산인증제활성화","동물복지축산인증제활성화(동물복지인증 생산품 판로 지원)","100000","70000","4243","70.0","6.1"
"2026","민간이전","민간경상보조","농림축산식품부","농어촌구조개선특별회계","구조개선사업계정","농림수산","농업·농촌","종자관리","종자산업육성(농특)","종자산업활성화지원","민간육종가 육성 지원","394006","42116","42116","10.7","100.0"
"2026","민간이전","민간경상보조","농림축산식품부","농어촌구조개선특별회계","구조개선사업계정","농림수산","농업·농촌","종자관리","종자산업육성(농특)","종자산업활성화지원","국내채종기반구축사업","6000013","0","0","0.0","0"
"2026","민간이전","민간경상보조","농림축산식품부","농어촌구조개선특별회계","구조개선사업계정","농림수산","농업·농촌","종자관리","종자산업육성(농특)","과수무병묘목생산공급지원","과수우량묘목(원종)생산 지원","900000","900000","626758","100.0","69.6"
"2026","민간이전","민간경상보조","농림축산식품부","농어촌구조개선특별회계","구조개선사업계정","농림수산","농업·농촌","종자관리","종자산업육성(농특)","과수무병묘목생산공급지원","과수무병묘목(보급종)생산공급지원(민간경상)","600000","600000","249781","100.0","41.6"
"2026","민간이전","민간경상보조","농림축산식품부","농어촌구조개선특별회계","구조개선사업계정","농림수산","농업·농촌","종자관리","종자산업육성(농특)","과수무병묘목생산공급지원","과수무병묘목(보급종)생산공급지원(차액지원사업, 민간경상)","921000","415320","415245","45.1","100.0"
"2026","민간이전","민간경상보조","농림축산식품부","농어촌구조개선특별회계","구조개선사업계정","농림수산","농업·농촌","농림축산식품행정지원","농업정보환경지원(정보화)","농업정보이용활성화(정보화)","농업정보이용활성화 지원","2202000","944800","184423","42.9","19.5"
"2026","민간이전","민간경상보조","농림축산식품부","농어촌구조개선특별회계","구조개선사업계정","농림수산","농업·농촌","농림축산식품행정지원","농업정보환경지원(정보화)","농업정보이용활성화(정보화)","ICT융복합확산(농업정보이용활성화)","967000","967000","327532","100.0","33.9"
"2026","민간이전","민간경상보조","농림축산식품부","농어촌구조개선특별회계","구조개선사업계정","농림수산","농업·농촌","농림축산식품행정지원","농림행정정보화(정보화)","농림축산식품통합관리망(정보화)","농업경영체 지원사업 통합관리시스템 구축운영","1360000","744000","733304","54.7","98.6"
"2026","민간이전","민간경상보조","농림축산식품부","농어촌구조개선특별회계","구조개선사업계정","농림수산","농업·농촌","농림축산식품행정지원","농림행정정보화(정보화)","농림축산식품통합관리망(정보화)","농산어촌지역개발공간정보시스템 구축운영","433000","433000","170000","100.0","39.3"
"2026","민간이전","민간경상보조","농림축산식품부","농어촌구조개선특별회계","구조개선사업계정","농림수산","농업·농촌","농림축산식품행정지원","농림행정정보화(정보화)","농림축산식품통합관리망(정보화)","농업기계 신고관리시스템 구축","262000","262000","183330","100.0","70.0"
"2026","민간이전","민간경상보조","농림축산식품부","농어촌구조개선특별회계","구조개선사업계정","농림수산","농업·농촌","농림축산식품행정지원","농림행정정보화(정보화)","농림축산식품통합관리망(정보화)","농림사업정보시스템 운영","1071000","532000","422862","49.7","79.5"
"2026","민간이전","민간경상보조","농림축산식품부","농어촌구조개선특별회계","구조개선사업계정","농림수산","농업·농촌","농림축산식품행정지원","농림행정정보화(정보화)","차세대농림사업통합정보시스템(정보화)","시스템 구축지원","1452000","1171200","818139","80.7","69.9"
"2026","민간이전","민간경상보조","농림축산식품부","농어촌구조개선특별회계","구조개선사업계정","농림수산","농업·농촌","농림축산식품행정지원","농식품통합정보체계구축(정보화)","농식품통합정보체계구축(정보화)","농식품 빅데이터 거래소(KADX) 운영","1352000","1352000","624208","100.0","46.2"
"2026","민간이전","민간경상보조","농림축산식품부","농어촌구조개선특별회계","구조개선사업계정","농림수산","농업·농촌","농림축산식품행정지원","농식품통합정보체계구축(정보화)","농식품통합정보체계구축(정보화)","농정 빅데이터 플랫폼 구축·운영","2523000","2523000","1766450","100.0","70.0"
"2026","민간이전","민간경상보조","농림축산식품부","농어촌구조개선특별회계","구조개선사업계정","농림수산","식품업","식품외식산업육성","식품산업육성","전통발효식품육성","전통주산업진흥","0","0","0","0","0"
"2026","민간이전","민간경상보조","농림축산식품부","농어촌구조개선특별회계","구조개선사업계정","농림수산","식품업","식품외식산업육성","식품산업육성","전통발효식품육성","전통식품산업육성","0","0","0","0","0"
"2026","민간이전","민간경상보조","농림축산식품부","농어촌구조개선특별회계","구조개선사업계정","농림수산","식품업","식품외식산업육성","식품산업육성","전통발효식품육성","김치산업육성","0","0","0","0","0"
"2026","민간이전","민간경상보조","농림축산식품부","농어촌구조개선특별회계","구조개선사업계정","농림수산","식품업","식품외식산업육성","식품산업육성","전통발효식품육성","전통식품안전성모니터링","0","0","0","0","0"
"2026","민간이전","민간경상보조","농림축산식품부","농어촌구조개선특별회계","구조개선사업계정","농림수산","식품업","식품외식산업육성","식품산업육성","전통발효식품육성","종균활용발효식품산업지원","0","0","0","0","0"
"2026","민간이전","민간경상보조","농림축산식품부","농어촌구조개선특별회계","구조개선사업계정","농림수산","식품업","식품외식산업육성","식품산업육성","전통발효식품육성","김치 우수종균 보급","0","0","0","0","0"
"2026","민간이전","민간경상보조","농림축산식품부","농어촌구조개선특별회계","구조개선사업계정","농림수산","식품업","식품외식산업육성","식품산업육성","기능성식품산업육성","식품기능성평가 지원","1846000","1391500","1296809","75.4","93.2"
"2026","민간이전","민간경상보조","농림축산식품부","농어촌구조개선특별회계","구조개선사업계정","농림수산","식품업","식품외식산업육성","식품산업육성","기능성식품산업육성","기능성농식품산업활성화","135000","100500","40000","74.4","39.8"
"2026","민간이전","민간경상보조","농림축산식품부","농어촌구조개선특별회계","구조개선사업계정","농림수산","식품업","식품외식산업육성","식품산업육성","기능성식품산업육성","국산 기능성소재 활용지원","1143000","858000","587600","75.1","68.5"
"2026","민간이전","민간경상보조","농림축산식품부","농어촌구조개선특별회계","구조개선사업계정","농림수산","식품업","식품외식산업육성","식품산업육성","식품산업인프라강화","식품외식정보분석","2583000","2312000","593529","89.5","25.7"
"2026","민간이전","민간경상보조","농림축산식품부","농어촌구조개선특별회계","구조개선사업계정","농림수산","식품업","식품외식산업육성","식품산업육성","식품산업인프라강화","식품외식산업 인력양성 교육 운영","4815000","4815000","668979","100.0","13.9"
"2026","민간이전","민간경상보조","농림축산식품부","농어촌구조개선특별회계","구조개선사업계정","농림수산","식품업","식품외식산업육성","식품산업육성","식품산업인프라강화","식품표준화","2484000","2484000","1000747","100.0","40.3"
"2026","민간이전","민간경상보조","농림축산식품부","농어촌구조개선특별회계","구조개선사업계정","농림수산","식품업","식품외식산업육성","식품산업육성","식품산업인프라강화","농업과 기업 간 연계강화(민간)","965000","965000","242372","100.0","25.1"
"2026","민간이전","민간경상보조","농림축산식품부","농어촌구조개선특별회계","구조개선사업계정","농림수산","식품업","식품외식산업육성","식품산업육성","식품산업인프라강화","식품기술거래이전지원","1590000","1590000","731412","100.0","46.0"
"2026","민간이전","민간경상보조","농림축산식품부","농어촌구조개선특별회계","구조개선사업계정","농림수산","식품업","식품외식산업육성","식품산업육성","식품산업인프라강화","식품품질위생역량제고","1000000","200000","49980","20.0","25.0"
"2026","민간이전","민간경상보조","농림축산식품부","농어촌구조개선특별회계","구조개선사업계정","농림수산","식품업","식품외식산업육성","식품산업육성","식품산업인프라강화","식품판로지원","2193000","690000","134521","31.5","19.5"
"2026","민간이전","민간경상보조","농림축산식품부","농어촌구조개선특별회계","구조개선사업계정","농림수산","식품업","식품외식산업육성","농식품 글로벌 진출 확대","농식품 해외시장 진출","해외정보조사·전파","4280000","3424000","1415446","80.0","41.3"
"2026","민간이전","민간경상보조","농림축산식품부","농어촌구조개선특별회계","구조개선사업계정","농림수산","식품업","식품외식산업육성","농식품 글로벌 진출 확대","농식품 해외시장 진출","우수농식품 콜드체인 구축","10740000","8592000","2837514","80.0","33.0"
"2026","민간이전","민간경상보조","농림축산식품부","농어촌구조개선특별회계","구조개선사업계정","농림수산","식품업","식품외식산업육성","농식품 글로벌 진출 확대","농식품 해외시장 진출","우수농식품 판로개척","38036000","32972800","18353688","86.7","55.7"
"2026","민간이전","민간경상보조","농림축산식품부","농어촌구조개선특별회계","구조개선사업계정","농림수산","식품업","식품외식산업육성","농식품 글로벌 진출 확대","농식품 해외시장 진출","민관합동협의회운영","315000","252000","108834","80.0","43.2"
"2026","민간이전","민간경상보조","농림축산식품부","농어촌구조개선특별회계","구조개선사업계정","농림수산","식품업","식품외식산업육성","농식품 글로벌 진출 확대","농식품 해외시장 진출","외식기업 해외진출지원","0","0","0","0","0"
"2026","민간이전","민간경상보조","농림축산식품부","농어촌구조개선특별회계","구조개선사업계정","농림수산","식품업","식품외식산업육성","농식품 글로벌 진출 확대","농식품 해외시장 진출","검역해소품목 및 전략품목육성 지원","3786000","3028800","145607","80.0","4.8"
"2026","민간이전","민간경상보조","농림축산식품부","농어촌구조개선특별회계","구조개선사업계정","농림수산","식품업","식품외식산업육성","농식품 글로벌 진출 확대","농식품 해외시장 진출","해외 新유통채널 연계 현지시장 진출","445000","356000","67070","80.0","18.8"
"2026","민간이전","민간경상보조","농림축산식품부","농어촌구조개선특별회계","구조개선사업계정","농림수산","식품업","식품외식산업육성","농식품 글로벌 진출 확대","농식품 해외시장 진출","글로벌 Next K-푸드 개발육성 프로젝트","6000000","4800000","658493","80.0","13.7"
"2026","민간이전","민간경상보조","농림축산식품부","농어촌구조개선특별회계","구조개선사업계정","농림수산","식품업","식품외식산업육성","농식품 글로벌 진출 확대","농식품 시장 개척","신시장 수요응답형 아젠다 프로젝트","2576000","2060800","1633592","80.0","79.3"
"2026","민간이전","민간경상보조","농림축산식품부","농어촌구조개선특별회계","구조개선사업계정","농림수산","식품업","식품외식산업육성","농식품 글로벌 진출 확대","농식품 시장 개척","수출전략형 제품 인큐베이팅","800000","640000","49333","80.0","7.7"
"2026","민간이전","민간경상보조","농림축산식품부","농어촌구조개선특별회계","구조개선사업계정","농림수산","식품업","식품외식산업육성","농식품 글로벌 진출 확대","농식품 시장 개척","해외식품인증지원센터","1309000","1047200","122408","80.0","11.7"
"2026","민간이전","민간경상보조","농림축산식품부","농어촌구조개선특별회계","구조개선사업계정","농림수산","식품업","식품외식산업육성","농식품 글로벌 진출 확대","농식품 글로벌비대면마케팅지원","온라인모바일마케팅","2979000","2004000","450748","67.3","22.5"
"2026","민간이전","민간경상보조","농림축산식품부","농어촌구조개선특별회계","구조개선사업계정","농림수산","식품업","식품외식산업육성","농식품 글로벌 진출 확대","농식품 글로벌비대면마케팅지원","뉴미디어마케팅","7100000","5680000","1131782","80.0","19.9"
"2026","민간이전","민간경상보조","농림축산식품부","농어촌구조개선특별회계","구조개선사업계정","농림수산","식품업","식품외식산업육성","농식품 글로벌 진출 확대","농식품 글로벌비대면마케팅지원","온라인플랫폼 운영","1865000","1492000","647983","80.0","43.4"
"2026","민간이전","민간경상보조","농림축산식품부","농어촌구조개선특별회계","구조개선사업계정","농림수산","식품업","식품외식산업육성","농식품 글로벌 진출 확대","농식품글로벌경쟁력강화","생산기반조성","4026000","4026000","763695","100.0","19.0"
"2026","민간이전","민간경상보조","농림축산식품부","농어촌구조개선특별회계","구조개선사업계정","농림수산","식품업","식품외식산업육성","농식품 글로벌 진출 확대","농식품글로벌경쟁력강화","판매조직육성","27330000","23632500","6072368","86.5","25.7"
"2026","민간이전","민간경상보조","농림축산식품부","농어촌구조개선특별회계","구조개선사업계정","농림수산","식품업","식품외식산업육성","농식품 글로벌 진출 확대","농식품글로벌경쟁력강화","농식품우수기업육성","86995000","70303314","17021247","80.8","24.2"
"2026","민간이전","민간경상보조","농림축산식품부","농어촌구조개선특별회계","구조개선사업계정","농림수산","식품업","식품외식산업육성","농식품 글로벌 진출 확대","농식품글로벌경쟁력강화","신선농산물저온유통체계구축","1200000","900000","281333","75.0","31.3"
"2026","민간이전","민간경상보조","농림축산식품부","농어촌구조개선특별회계","구조개선사업계정","농림수산","식품업","식품외식산업육성","농식품 글로벌 진출 확대","농식품글로벌경쟁력강화","우수농식품신선도제고","40000","33000","6027","82.5","18.3"
"2026","민간이전","민간경상보조","농림축산식품부","농어촌구조개선특별회계","구조개선사업계정","농림수산","식품업","식품외식산업육성","식품산업기반조성","국가식품산업클러스터","국가식품산업클러스터(경상)","25325000","18856000","15725414","74.5","83.4"
"2026","민간이전","민간경상보조","농림축산식품부","농어촌구조개선특별회계","구조개선사업계정","농림수산","식품업","식품외식산업육성","한식및외식산업육성","한식진흥 및 음식관광활성화","한식진흥 및 음식관광활성화","10773000","10160620","4796635","94.3","47.2"
"2026","민간이전","민간경상보조","농림축산식품부","농어촌구조개선특별회계","구조개선사업계정","농림수산","식품업","식품외식산업육성","한식및외식산업육성","푸드서비스 선진화","외식산업 수출지원","1111000","1111000","552384","100.0","49.7"
"2026","민간이전","민간경상보조","농림축산식품부","농어촌구조개선특별회계","농어촌특별세사업계정","농림수산","농업·농촌","농가경영안정","농업정책보험(농촌계정)","농업인안전재해보험","농업인안전재해보험 보험료 지원","95036000","85532400","85532400","90.0","100.0"
"2026","민간이전","민간경상보조","농림축산식품부","농어촌구조개선특별회계","농어촌특별세사업계정","농림수산","농업·농촌","농가경영안정","필수농자재지원","시설농가 면세유 유가연동보조금 한시 지원('26년)","시설농가 면세유 유가연동보조금 한시 지원('26년)","9390000","9390000","2105322","100.0","22.4"
"2026","민간이전","민간경상보조","농림축산식품부","농어촌구조개선특별회계","농어촌특별세사업계정","농림수산","농업·농촌","농가경영안정","필수농자재지원","농기계 3종 면세경유 유가연동보조금 한시 지원('26년)","농기계 3종 면세경유 유가연동 보조금 한시지원('26년)","52883000","52883000","29857702","100.0","56.5"
"2026","민간이전","민간경상보조","농림축산식품부","농어촌구조개선특별회계","농어촌특별세사업계정","농림수산","농업·농촌","농가경영안정","농가소득보전(직불)","농지이양은퇴직불","경영이양직불금","5966000","4972000","3757000","83.3","75.6"
"2026","민간이전","민간경상보조","농림축산식품부","농어촌구조개선특별회계","농어촌특별세사업계정","농림수산","농업·농촌","농가경영안정","농가소득보전(직불)","농지이양은퇴직불","농지이양은퇴직불 사업운영비","3804000","2917000","61549","76.7","2.1"
"2026","민간이전","민간경상보조","농림축산식품부","농어촌구조개선특별회계","농어촌특별세사업계정","농림수산","농업·농촌","농가경영안정","농가소득보전(직불)","농지이양은퇴직불","농지이양 은퇴직불","19891000","15913000","10661900","80.0","67.0"
"2026","민간이전","민간경상보조","농림축산식품부","농어촌구조개선특별회계","농어촌특별세사업계정","농림수산","농업·농촌","농업인력육성및창업지원","농업인교육지원","농업·농촌교육훈련지원","예비농업인교육지원","4950000","4750000","1786869","96.0","37.6"
"2026","민간이전","민간경상보조","농림축산식품부","농어촌구조개선특별회계","농어촌특별세사업계정","농림수산","농업·농촌","농업인력육성및창업지원","농업인교육지원","농업·농촌교육훈련지원","스마트팜 확산 교육 지원(현장실습형교육)","3024000","3024000","669359","100.0","22.1"
"2026","민간이전","민간경상보조","농림축산식품부","농어촌구조개선특별회계","농어촌특별세사업계정","농림수산","농업·농촌","농업인력육성및창업지원","농업인교육지원","농업·농촌교육훈련지원","후계농업경영인성과확산지원","195000","195000","195000","100.0","100.0"
"2026","민간이전","민간경상보조","농림축산식품부","농어촌구조개선특별회계","농어촌특별세사업계정","농림수산","농업·농촌","농업인력육성및창업지원","농업인교육지원","농업·농촌교육훈련지원","교육체계기반강화","820000","820000","401265","100.0","48.9"
"2026","민간이전","민간경상보조","농림축산식품부","농어촌구조개선특별회계","농어촌특별세사업계정","농림수산","농업·농촌","농업인력육성및창업지원","농업인교육지원","농업·농촌교육훈련지원","농업경영컨설팅(사업평가운영)","83000","83000","25750","100.0","31.0"
"2026","민간이전","민간경상보조","농림축산식품부","농어촌구조개선특별회계","농어촌특별세사업계정","농림수산","농업·농촌","농업인력육성및창업지원","농업인교육지원","농업·농촌교육훈련지원","축산관련종사자 교육비 및 교육운영비 지원","2711000","2711000","858305","100.0","31.7"
"2026","민간이전","민간경상보조","농림축산식품부","농어촌구조개선특별회계","농어촌특별세사업계정","농림수산","농업·농촌","농업인력육성및창업지원","농업인교육지원","농업·농촌교육훈련지원","농업인교류센터","500000","500000","194613","100.0","38.9"
"2026","민간이전","민간경상보조","농림축산식품부","농어촌구조개선특별회계","농어촌특별세사업계정","농림수산","농업·농촌","농업인력육성및창업지원","농업인교육지원","농업·농촌교육훈련지원","후계농육성 및 청년농 교육(농정원)","3920000","3920000","882302","100.0","22.5"
"2026","민간이전","민간경상보조","농림축산식품부","농어촌구조개선특별회계","농어촌특별세사업계정","농림수산","농업·농촌","농업인력육성및창업지원","농업인교육지원","농업·농촌교육훈련지원","훈련연수, 어학연수 및 전문가 훈련 지원","1297000","1297000","786536","100.0","60.6"
"2026","민간이전","민간경상보조","농림축산식품부","농어촌구조개선특별회계","농어촌특별세사업계정","농림수산","농업·농촌","농업인력육성및창업지원","농업인교육지원","농업·농촌교육훈련지원","자유학기제","90000","60000","38157","66.7","63.6"
"2026","민간이전","민간경상보조","농림축산식품부","농어촌구조개선특별회계","농어촌특별세사업계정","농림수산","농업·농촌","농업인력육성및창업지원","농업인교육지원","농업·농촌교육훈련지원","청년농 창업투자 심층컨설팅","385000","385000","13060","100.0","3.4"
"2026","민간이전","민간경상보조","농림축산식품부","농어촌구조개선특별회계","농어촌특별세사업계정","농림수산","농업·농촌","농업인력육성및창업지원","농업인교육지원","농업·농촌교육훈련지원","여성농업인 영농여건개선교육","200000","200000","52373","100.0","26.2"
"2026","민간이전","민간경상보조","농림축산식품부","농어촌구조개선특별회계","농어촌특별세사업계정","농림수산","농업·농촌","농업인력육성및창업지원","농업인교육지원","농업·농촌교육훈련지원","청년여성 농업농촌분야 탐색교육 지원","175000","175000","84101","100.0","48.1"
"2026","민간이전","민간경상보조","농림축산식품부","농어촌구조개선특별회계","농어촌특별세사업계정","농림수산","농업·농촌","농업인력육성및창업지원","농업인교육지원","농업·농촌교육훈련지원","농식품분야 해외인턴십","377000","263900","153735","70.0","58.3"
"2026","민간이전","민간경상보조","농림축산식품부","농어촌구조개선특별회계","농어촌특별세사업계정","농림수산","농업·농촌","농업인력육성및창업지원","농업인교육지원","농업·농촌교육훈련지원","여성농업인 역량강화교육(농촌형 성평등 전문강사 양성교육)","50000","50000","5133","100.0","10.3"
"2026","민간이전","민간경상보조","농림축산식품부","농어촌구조개선특별회계","농어촌특별세사업계정","농림수산","농업·농촌","농업인력육성및창업지원","농업인교육지원","농업·농촌교육훈련지원","여성농업인 역량강화교육(결혼이민여성 농업교육)","717000","717000","116769","100.0","16.3"
"2026","민간이전","민간경상보조","농림축산식품부","농어촌구조개선특별회계","농어촌특별세사업계정","농림수산","농업·농촌","농업인력육성및창업지원","농업인교육지원","농업·농촌교육훈련지원","농식품유통교육훈련","1253000","1253000","690995","100.0","55.1"
"2026","민간이전","민간경상보조","농림축산식품부","농어촌구조개선특별회계","농어촌특별세사업계정","농림수산","농업·농촌","농업인력육성및창업지원","농업인교육지원","농업·농촌교육훈련지원","농업법인제도 교육","100000","100000","40181","100.0","40.2"
"2026","민간이전","민간경상보조","농림축산식품부","농어촌구조개선특별회계","농어촌특별세사업계정","농림수산","농업·농촌","농업인력육성및창업지원","농업인교육지원","농업·농촌교육훈련지원","성장단계 역량향상프로그램","4032000","3632000","886950","90.1","24.4"
"2026","민간이전","민간경상보조","농림축산식품부","농어촌구조개선특별회계","농어촌특별세사업계정","농림수산","농업·농촌","농업인력육성및창업지원","농업인교육지원","농업·농촌교육훈련지원","현장실습지원","3729000","3729000","1431321","100.0","38.4"
"2026","민간이전","민간경상보조","농림축산식품부","농어촌구조개선특별회계","농어촌특별세사업계정","농림수산","농업·농촌","농업인력육성및창업지원","농촌고용인력지원","농촌고용인력지원","도농인력중개플랫폼","300000","300000","189585","100.0","63.2"
"2026","민간이전","민간경상보조","농림축산식품부","농어촌구조개선특별회계","농어촌특별세사업계정","농림수산","농업·농촌","농업인력육성및창업지원","농촌고용인력지원","농촌고용인력지원","농업 근로자 기숙사 건립지원","60000","60000","23684","100.0","39.5"
"2026","민간이전","민간경상보조","농림축산식품부","농어촌구조개선특별회계","농어촌특별세사업계정","농림수산","농업·농촌","농업인력육성및창업지원","농촌고용인력지원","농촌고용인력지원","농촌인력중개센터","91000","91000","27300","100.0","30.0"
"2026","민간이전","민간경상보조","농림축산식품부","농어촌구조개선특별회계","농어촌특별세사업계정","농림수산","농업·농촌","농업인력육성및창업지원","농촌고용인력지원","농촌고용인력지원","영농도우미 지원","7647000","7647000","0","100.0","0.0"
"2026","민간이전","민간경상보조","농림축산식품부","농어촌구조개선특별회계","농어촌특별세사업계정","농림수산","농업·농촌","농업인력육성및창업지원","농촌고용인력지원","농촌고용인력지원","농어촌 쓰레기 수거 지원","800000","800000","271611","100.0","34.0"
"2026","민간이전","민간경상보조","농림축산식품부","농어촌구조개선특별회계","농어촌특별세사업계정","농림수산","농업·농촌","농업인력육성및창업지원","귀농귀촌활성화지원","귀농귀촌 활성화지원","귀농귀촌 교육","6082000","5000560","3120186","82.2","62.4"
"2026","민간이전","민간경상보조","농림축산식품부","농어촌구조개선특별회계","농어촌특별세사업계정","농림수산","농업·농촌","농업인력육성및창업지원","귀농귀촌활성화지원","귀농귀촌 활성화지원","귀농귀촌종합센터 운영","700000","552000","428481","78.9","77.6"
"2026","민간이전","민간경상보조","농림축산식품부","농어촌구조개선특별회계","농어촌특별세사업계정","농림수산","농업·농촌","농업인력육성및창업지원","귀농귀촌활성화지원","귀농귀촌 활성화지원","귀농귀촌실태조사","450000","450000","291695","100.0","64.8"
"2026","민간이전","민간경상보조","농림축산식품부","농어촌구조개선특별회계","농어촌특별세사업계정","농림수산","농업·농촌","농산물수급안정및유통효율화","농산물소비활성화및식생활개선(농특)","농식품바우처","농식품바우처  전담","3066000","3066000","1730197","100.0","56.4"
"2026","민간이전","민간경상보조","농림축산식품부","농어촌구조개선특별회계","농어촌특별세사업계정","농림수산","농업·농촌","농촌복지및지역활성화","농촌일자리및경제활성화","농촌경제활성화지원","인증제도 지원 및 홍보","0","0","0","0","0"
"2026","민간이전","민간경상보조","농림축산식품부","농어촌구조개선특별회계","농어촌특별세사업계정","농림수산","농업·농촌","농촌복지및지역활성화","농촌일자리및경제활성화","농촌경제활성화지원","농촌휴양·서비스산업육성(민간경상보조)","0","0","0","0","0"
"2026","민간이전","민간경상보조","농림축산식품부","농어촌구조개선특별회계","농어촌특별세사업계정","농림수산","농업·농촌","농촌복지및지역활성화","농촌일자리및경제활성화","농촌경제활성화지원","농촌휴양서비스산업육성(관계인구형성지원-농촌형 워케이션)","0","0","0","0","0"
"2026","민간이전","민간경상보조","농림축산식품부","농어촌구조개선특별회계","농어촌특별세사업계정","농림수산","농업·농촌","농촌복지및지역활성화","농촌일자리및경제활성화","농촌경제활성화지원","농촌휴양서비스산업육성(관계인구형성지원-농촌 일손여행)","0","0","0","0","0"
"2026","민간이전","민간경상보조","농림축산식품부","농어촌구조개선특별회계","농어촌특별세사업계정","농림수산","농업·농촌","농촌복지및지역활성화","농촌복지증진","농촌취약계층복지지원","농촌돌봄서비스활성화지원(교육훈련기관)","528000","528000","178400","100.0","33.8"
"2026","민간이전","민간경상보조","농림축산식품부","농어촌구조개선특별회계","농어촌특별세사업계정","농림수산","농업·농촌","농촌복지및지역활성화","농촌복지증진","농촌취약계층복지지원","농촌돌봄서비스활성화지원(농촌맞춤형봉사활동지원-민간)","1873000","1873000","597076","100.0","31.9"
"2026","민간이전","민간경상보조","농림축산식품부","농어촌구조개선특별회계","농어촌특별세사업계정","농림수산","농업·농촌","농촌복지및지역활성화","농촌복지증진","농촌취약계층복지지원","농촌돌봄서비스활성화지원(농촌취약계층주거개선 운영비-민간)","445000","445000","257783","100.0","57.9"
"2026","민간이전","민간경상보조","농림축산식품부","농어촌구조개선특별회계","농어촌특별세사업계정","농림수산","농업·농촌","농촌복지및지역활성화","농촌복지증진","농촌취약계층복지지원","농촌형보건의료지원(농촌왕진버스 운영비-민간)","350000","350000","87796","100.0","25.1"
"2026","민간이전","민간경상보조","농림축산식품부","농어촌구조개선특별회계","농어촌특별세사업계정","농림수산","농업·농촌","농촌복지및지역활성화","농촌복지증진","농촌취약계층복지지원","농촌형보건의료지원(응급처치인력육성-민간)","146000","146000","61803","100.0","42.3"
"2026","민간이전","민간경상보조","농림축산식품부","농어촌구조개선특별회계","농어촌특별세사업계정","농림수산","농업·농촌","농촌복지및지역활성화","농촌복지증진","농촌취약계층복지지원","농촌형보육서비스지원(농번기돌봄지원 관리비-민간)","120000","120000","9161","100.0","7.6"
"2026","민간이전","민간경상보조","농림축산식품부","농어촌구조개선특별회계","농어촌특별세사업계정","농림수산","농업·농촌","농촌복지및지역활성화","농촌복지증진","농촌취약계층복지지원","농촌돌봄서비스활성화지원(전국지원기관)","980000","980000","116231","100.0","11.9"
"2026","민간이전","민간경상보조","농림축산식품부","농어촌구조개선특별회계","농어촌특별세사업계정","농림수산","농업·농촌","농촌복지및지역활성화","농촌복지증진","여성농업인 특수 건강검진","여성농업인 특수건강검진(관리비-민간경상보조)","1000000","1000000","497116","100.0","49.7"
"2026","민간이전","민간경상보조","농림축산식품부","농어촌구조개선특별회계","농어촌특별세사업계정","농림수산","농업·농촌","농촌복지및지역활성화","농촌공간및정주여건개선","농촌공간계획및재생지원","농촌지역종합개발지원","3296000","3296000","474304","100.0","14.4"
"2026","민간이전","민간경상보조","농림축산식품부","농어촌구조개선특별회계","농어촌특별세사업계정","농림수산","농업·농촌","농촌복지및지역활성화","농촌공간및정주여건개선","농촌공간계획및재생지원","농업환경보전프로그램","520000","370000","191424","71.2","51.7"
"2026","민간이전","민간경상보조","농림축산식품부","농어촌구조개선특별회계","농어촌특별세사업계정","농림수산","농업·농촌","농촌복지및지역활성화","농촌공간및정주여건개선","농촌공간계획및재생지원","농촌공간계획 수립체계 지원","3236000","3236000","803481","100.0","24.8"
"2026","민간이전","민간경상보조","농림축산식품부","농어촌구조개선특별회계","농어촌특별세사업계정","농림수산","농업·농촌","농촌복지및지역활성화","농촌공간및정주여건개선","농촌생활인구유입지원","농촌 빈집은행 활성화 지원(거래활성화)","120000","120000","200","100.0","0.2"
"2026","민간이전","민간경상보조","농림축산식품부","농업·농촌공익기능증진직접지불기금"," ","농림수산","농업·농촌","농가경영안정","농가소득보전(직불기금)","직불제이행점검","직불제이행점검(민간)","1867000","1237000","764938","66.3","61.8"
"2026","민간이전","민간경상보조","농림축산식품부","농업·농촌공익기능증진직접지불기금"," ","농림수산","농업·농촌","농가경영안정","농가소득보전(직불기금)","공익기능증진직불","친환경축산직불","4085000","450000","245433","11.0","54.5"
"2026","민간이전","민간경상보조","농림축산식품부","농업·농촌공익기능증진직접지불기금"," ","농림수산","농업·농촌","농가경영안정","농가소득보전(직불기금)","공익기능증진직불","저탄소 농업 프로그램 시범사업(경종 분야)","2026000","1418000","292021","70.0","20.6"
"2026","민간이전","민간경상보조","농림축산식품부","농업·농촌공익기능증진직접지불기금"," ","농림수산","농업·농촌","농가경영안정","농가소득보전(직불기금)","공익기능증진직불","저탄소 농업 프로그램 시범사업(축산 분야)","603000","603000","358538","100.0","59.5"
"2026","민간이전","민간경상보조","농림축산식품부","농지관리기금"," ","농림수산","농업·농촌","농업인력육성및창업지원","맞춤형농지지원(농지기금)","맞춤형농지지원(융자)","맞춤형농지지원 활성화","420000","200000","200000","47.6","100.0"
"2026","민간이전","민간경상보조","농림축산식품부","농지관리기금"," ","농림수산","농업·농촌","농업인력육성및창업지원","맞춤형농지지원(농지기금)","농지관리기능강화구축","농지관리기능강화구축","39278000","22336000","17179912","56.9","76.9"
"2026","민간이전","민간경상보조","농림축산식품부","농지관리기금"," ","농림수산","농업·농촌","농업생산기반정비","대단위농업개발(농지)","대단위농업개발(농지)","간척농지영농편의","6300000","2550000","2550000","40.5","100.0"
"2026","민간이전","민간경상보조","농림축산식품부","농지관리기금"," ","농림수산","농업·농촌","농업생산기반정비","대단위농업개발(농지)","대단위농업개발(농지)","간척농지활용지원","2700000","1080000","1080000","40.0","100.0"
"2026","민간이전","민간경상보조","농림축산식품부","농지관리기금"," ","농림수산","농업·농촌","농촌복지및지역활성화","농가소득안정(복지)(농지기금)","농지이용관리지원","농지이용관리지원","6547000","4582900","137937","70.0","3.0"
"2026","민간이전","민간경상보조","농림축산식품부","농지관리기금"," ","농림수산","농업·농촌","국제협력협상","농식품산업 해외진출지원","농식품산업 해외진출지원","농식품산업 해외진출지원","2710000","1897000","721333","70.0","38.0"
"2026","민간이전","민간경상보조","농림축산식품부","농지관리기금"," ","농림수산","농업·농촌","농림축산식품행정지원","기금운영비(농지기금)","농지은행교육지원","농지은행교육지원","315000","157000","73102","49.8","46.6"
"2026","민간이전","민간경상보조","농림축산식품부","농지관리기금"," ","농림수산","농업·농촌","농림축산식품행정지원","기금운영비(농지기금)","농지은행사업관리비","농지은행사업관리비","58812000","22010000","22010000","37.4","100.0"
"2026","민간이전","민간경상보조","농림축산식품부","농지관리기금"," ","농림수산","농업·농촌","농림축산식품행정지원","기금운영비(농지기금)","조성토지관리 처분비","조성토지관리처분비(민간)","1995000","0","0","0.0","0"
"2026","민간이전","민간경상보조","농림축산식품부","양곡관리특별회계","손익계정","농림수산","농업·농촌","양곡관리","양곡매입 및 관리","정부양곡관리비","품종검정비","1511000","0","0","0.0","0"
"2026","민간이전","민간경상보조","농림축산식품부","양곡관리특별회계","손익계정","농림수산","농업·농촌","양곡관리","양곡매입 및 관리","정부양곡관리비","공공비축 및 정부관리양곡 교육비","150000","100000","68685","66.7","68.7"
"2026","민간이전","민간경상보조","농림축산식품부","양곡관리특별회계","손익계정","농림수산","농업·농촌","양곡관리","양곡매입 및 관리","쌀소비기반구축","쌀 소비촉진지원","3570000","2859000","1981677","80.1","69.3"
"2026","민간이전","민간경상보조","농림축산식품부","양곡관리특별회계","손익계정","농림수산","농업·농촌","양곡관리","양곡매입 및 관리","쌀소비기반구축","천원의 아침밥","11126000","7788200","7468882","70.0","95.9"
"2026","민간이전","민간경상보조","농림축산식품부","양곡관리특별회계","손익계정","농림수산","농업·농촌","양곡관리","양곡매입 및 관리","쌀소비기반구축","가루쌀소비촉진","110000","110000","0","100.0","0.0"
"2026","민간이전","민간경상보조","농림축산식품부","양곡관리특별회계","손익계정","농림수산","농업·농촌","양곡관리","양곡매입 및 관리","쌀소비기반구축","쌀가공식품자조금","0","0","0","0","0"
"2026","민간이전","민간경상보조","농림축산식품부","일반회계"," ","농림수산","농업·농촌","농업신산업육성","스마트농업육성","국가 농업 AX플랫폼","국가 농업 AX 플랫폼 운영지원","500000","500000","92450","100.0","18.5"
"2026","민간이전","민간경상보조","농림축산식품부","일반회계"," ","농림수산","농업·농촌","농업신산업육성","스마트농업육성","국가 농업 AX플랫폼","국가 농업AX플랫폼 운영지원 ","0","0","0","0","0"
"2026","민간이전","민간경상보조","농림축산식품부","일반회계"," ","농림수산","농업·농촌","농산물수급안정및유통효율화","농산물소비활성화및식생활개선","어린이 과일간식","어린이 과일간식(민간)","90000","90000","24077","100.0","26.8"
"2026","민간이전","민간경상보조","농림축산식품부","일반회계"," ","농림수산","농업·농촌","국제협력협상","국제협력협상","국제농업협력(ODA)","개도국 농업발전 기획협력사업","40420000","25812000","18866788","63.9","73.1"
"2026","민간이전","민간경상보조","농림축산식품부","일반회계"," ","농림수산","농업·농촌","국제협력협상","국제협력협상","농업협상대응","FTA정보조사 시스템구축","500000","350000","345118","70.0","98.6"
"2026","민간이전","민간경상보조","농림축산식품부","일반회계"," ","농림수산","농업·농촌","국제협력협상","국제협력협상","농업협상대응","국제통상지원","450000","315000","169491","70.0","53.8"
"2026","민간이전","민간경상보조","농림축산식품부","일반회계"," ","농림수산","농업·농촌","국제협력협상","국제협력협상","국제기구분담금","FAO 한국협회 지원","662000","463400","338787","70.0","73.1"
"2026","민간이전","민간경상보조","농림축산식품부","일반회계"," ","농림수산","식품업","식품외식산업육성","한식및외식산업육성","직장인 든든한 한끼","산단근로자 천원의 아침밥","1948000","1363600","1136938","70.0","83.4"
"2026","민간이전","민간경상보조","농림축산식품부","일반회계"," ","농림수산","식품업","식품외식산업육성","한식및외식산업육성","직장인 든든한 한끼","직장인 든든한 점심밥","1000000","1000000","356939","100.0","35.7"
"2026","민간이전","민간경상보조","농림축산식품부","자유무역협정이행지원기금"," ","농림수산","농업·농촌","농가경영안정","직접피해지원(FTA기금)","자유무역협정이행지원센터운영","FTA분야 교육·홍보 사업","1289000","87942","13006","6.8","14.8"
"2026","민간이전","민간경상보조","농림축산식품부","자유무역협정이행지원기금"," ","농림수산","농업·농촌","농가경영안정","직접피해지원(FTA기금)","자유무역협정이행지원센터운영","지식정보소통체제구축","0","0","0","0","0"
"2026","민간이전","민간경상보조","농림축산식품부","자유무역협정이행지원기금"," ","농림수산","농업·농촌","농업신산업육성","농기자재산업육성(FTA기금)","종자산업기반구축","종자가치 홍보","471000","471000","122912","100.0","26.1"
"2026","민간이전","민간경상보조","농림축산식품부","자유무역협정이행지원기금"," ","농림수산","농업·농촌","농업신산업육성","농기자재산업육성(FTA기금)","종자산업기반구축","종자산업진흥센터 운영","1325000","1325000","500372","100.0","37.8"
"2026","민간이전","민간경상보조","농림축산식품부","자유무역협정이행지원기금"," ","농림수산","농업·농촌","농업신산업육성","농기자재산업육성(FTA기금)","종자산업기반구축","디지털육종전환지원","2000000","2000000","736872","100.0","36.8"
"2026","민간이전","민간경상보조","농림축산식품부","자유무역협정이행지원기금"," ","농림수산","농업·농촌","농산물수급안정및유통효율화","원예산업경쟁력강화(FTA기금)","과수 생산유통지원","과실전문생산단지 조사 및 설계 지원","313000","0","0","0.0","0"
"2026","민간이전","민간경상보조","농림축산식품부","자유무역협정이행지원기금"," ","농림수산","농업·농촌","농산물수급안정및유통효율화","원예산업경쟁력강화(FTA기금)","과수 생산유통지원","과수분야 전국공동브랜드육성 지원","440000","100000","23753","22.7","23.8"
"2026","민간이전","민간경상보조","농림축산식품부","자유무역협정이행지원기금"," ","농림수산","농업·농촌","농산물수급안정및유통효율화","원예산업경쟁력강화(FTA기금)","과수 생산유통지원","한국농어촌공사 과원규모화사업 운영","1867000","0","0","0.0","0"
"2026","민간이전","민간경상보조","농림축산식품부","자유무역협정이행지원기금"," ","농림수산","농업·농촌","농산물수급안정및유통효율화","원예산업경쟁력강화(FTA기금)","과수 생산유통지원","한국농어촌공사 과원규모화사업 제세공과금","784000","0","0","0.0","0"
"2026","민간이전","민간경상보조","농림축산식품부","자유무역협정이행지원기금"," ","농림수산","농업·농촌","농산물수급안정및유통효율화","원예산업경쟁력강화(FTA기금)","스마트팜 ICT융복합확산","스마트팜 ICT융복합확산(사업운영비 및 컨설팅)","400000","200000","57900","50.0","29.0"
"2026","민간이전","민간경상보조","농림축산식품부","자유무역협정이행지원기금"," ","농림수산","농업·농촌","축산업진흥 및 동물복지향상","축사시설현대화(FTA)","축사시설현대화","축사시설현대화(민간)","500000","250000","126601","50.0","50.6"
"2026","민간이전","민간경상보조","농림축산식품부","자유무역협정이행지원기금"," ","농림수산","농업·농촌","축산업진흥 및 동물복지향상","축사시설현대화(FTA)","축사시설현대화","축산분야 ICT 융복합 지원(민간)","5425000","2500000","1018474","46.1","40.7"
"2026","민간이전","민간경상보조","농림축산식품부","자유무역협정이행지원기금"," ","농림수산","농업·농촌","농림축산식품행정지원","기금운영비(FTA기금)","관세할당물량수입관리비","수입권공매 입찰시행위탁","172000","137600","0","80.0","0.0"
"2026","민간이전","민간경상보조","농림축산식품부","자유무역협정이행지원기금"," ","농림수산","농업·농촌","농림축산식품행정지원","기금운영비(FTA기금)","FTA사업계획수립및관리비","FTA 사업성과평가","80000","48000","47568","60.0","99.1"
"2026","민간이전","민간경상보조","농림축산식품부","지역균형발전특별회계","지역지원계정","농림수산","농업·농촌","농가경영안정","농업기계장비","농기계임대","국제농기계박람회","400000","400000","272234","100.0","68.1"
"2026","민간이전","민간경상보조","농림축산식품부","지역균형발전특별회계","지역지원계정","농림수산","농업·농촌","농업인력육성및창업지원","농촌정착지원","청년농업인영농정착지원","사후관리홍보","1233000","1233000","677831","100.0","55.0"
"2026","민간이전","민간경상보조","농림축산식품부","지역균형발전특별회계","지역지원계정","농림수산","농업·농촌","농업인력육성및창업지원","농촌정착지원","청년농업인영농정착지원","청년창업농장학금","9917000","7801000","3796632","78.7","48.7"
"2026","민간이전","민간경상보조","농림축산식품부","지역균형발전특별회계","지역지원계정","농림수산","농업·농촌","농업인력육성및창업지원","귀농귀촌활성화지원","귀농귀촌활성화지원(정보화)","귀농귀촌 통합플랫폼 구축","1940000","1261000","967144","65.0","76.7"
"2026","민간이전","민간경상보조","농림축산식품부","지역균형발전특별회계","지역지원계정","농림수산","농업·농촌","농업신산업육성","스마트농업육성","스마트팜 실증단지(지원)","실증기업 지원","2000000","1000000","539141","50.0","53.9"
"2026","민간이전","민간경상보조","농림축산식품부","지역균형발전특별회계","지역지원계정","농림수산","농업·농촌","농업신산업육성","친환경농자재","친환경농자재지원","친환경비료 교육·홍보 지원","175000","157100","105435","89.8","67.1"
"2026","민간이전","민간경상보조","농림축산식품부","지역균형발전특별회계","지역지원계정","농림수산","농업·농촌","농업신산업육성","친환경농자재","친환경농자재지원","비료품질관리시스템","110000","88000","0","80.0","0.0"
"2026","민간이전","민간경상보조","농림축산식품부","지역균형발전특별회계","지역지원계정","농림수산","농업·농촌","농업신산업육성","친환경농자재","곤충미생물산업육성지원(지원)","곤충유통활성화","545000","545000","93257","100.0","17.1"
"2026","민간이전","민간경상보조","농림축산식품부","지역균형발전특별회계","지역지원계정","농림수산","농업·농촌","농업신산업육성","친환경농자재","곤충미생물산업육성지원(지원)","생명자원정보서비스","600000","390000","198362","65.0","50.9"
"2026","민간이전","민간경상보조","농림축산식품부","지역균형발전특별회계","지역지원계정","농림수산","농업·농촌","농촌복지및지역활성화","농촌일자리및경제활성화","농촌경제활성화지원(지원)","농촌형 비즈니스 생태계 구축(농촌 혁신 아이디어 콘테스트)","225000","225000","71786","100.0","31.9"
"2026","민간이전","민간경상보조","농림축산식품부","지역균형발전특별회계","지역지원계정","농림수산","농업·농촌","농촌복지및지역활성화","농촌일자리및경제활성화","농촌경제활성화지원(지원)","인증제도 지원 및 홍보","185000","185000","62449","100.0","33.8"
"2026","민간이전","민간경상보조","농림축산식품부","지역균형발전특별회계","지역지원계정","농림수산","농업·농촌","농촌복지및지역활성화","농촌일자리및경제활성화","농촌경제활성화지원(지원)","농촌휴양·서비스 산업육성(민간경상보조)","7397000","6099950","3384946","82.5","55.5"
"2026","민간이전","민간경상보조","농림축산식품부","지역균형발전특별회계","지역지원계정","농림수산","농업·농촌","농촌복지및지역활성화","농촌일자리및경제활성화","농촌경제활성화지원(지원)","농촌형 비즈니스 생태계 구축(농촌산업 혁신지원)","300000","300000","111732","100.0","37.2"
"2026","민간이전","민간경상보조","농림축산식품부","지역균형발전특별회계","지역지원계정","농림수산","농업·농촌","농촌복지및지역활성화","농촌일자리및경제활성화","농촌경제활성화지원(지원)","농촌경제활성화 지원 전문기관 운영","3526000","3526000","1656282","100.0","47.0"
"2026","민간이전","민간경상보조","농림축산식품부","지역균형발전특별회계","지역지원계정","농림수산","농업·농촌","농촌복지및지역활성화","농촌복지증진","농어촌 기본소득 시범사업","농어촌 기본소득 시범사업(운영비)","337000","337000","53965","100.0","16.0"
"2026","민간이전","민간경상보조","농림축산식품부","지역균형발전특별회계","지역지원계정","농림수산","식품업","식품외식산업육성","식품산업육성","그린바이오산업인프라구축(지원)","그린바이오 제품 상용화 지원","975000","750000","690264","76.9","92.0"
"2026","민간이전","민간경상보조","농림축산식품부","지역균형발전특별회계","지역지원계정","농림수산","식품업","식품외식산업육성","식품산업육성","그린바이오산업인프라구축(지원)","그린바이오 산업 생태계 조성","350000","270000","113594","77.1","42.1"
"2026","민간이전","민간경상보조","농림축산식품부","지역균형발전특별회계","지역지원계정","농림수산","식품업","식품외식산업육성","식품산업육성","그린바이오산업인프라구축(지원)","그린바이오 벤처 캠퍼스(지원)","1840000","1670000","893728","90.8","53.5"
"2026","민간이전","민간경상보조","농림축산식품부","지역균형발전특별회계","지역지원계정","농림수산","식품업","식품외식산업육성","식품산업육성","전통발효식품육성(지원)","전통주산업진흥","2929000","2929000","1415271","100.0","48.3"
"2026","민간이전","민간경상보조","농림축산식품부","지역균형발전특별회계","지역지원계정","농림수산","식품업","식품외식산업육성","식품산업육성","전통발효식품육성(지원)","김치산업육성","1385000","1385000","47630","100.0","3.4"
"2026","민간이전","민간경상보조","농림축산식품부","지역균형발전특별회계","지역지원계정","농림수산","식품업","식품외식산업육성","식품산업육성","전통발효식품육성(지원)","김치 우수종균 보급","400000","400000","38792","100.0","9.7"
"2026","민간이전","민간경상보조","농림축산식품부","지역균형발전특별회계","지역지원계정","농림수산","식품업","식품외식산업육성","식품산업육성","전통발효식품육성(지원)","전통식품산업육성","1800000","1758000","310734","97.7","17.7"
"2026","민간이전","민간경상보조","농림축산식품부","지역균형발전특별회계","지역지원계정","농림수산","식품업","식품외식산업육성","식품산업육성","전통발효식품육성(지원)","장류 안전성 모니터링","1200000","1200000","591565","100.0","49.3"
"2026","민간이전","민간경상보조","농림축산식품부","지역균형발전특별회계","지역지원계정","농림수산","식품업","식품외식산업육성","식품산업육성","전통발효식품육성(지원)","종균활용발효식품산업지원","454000","454000","40064","100.0","8.8"
"2026","민간이전","민간경상보조","농림축산식품부","축산발전기금"," ","농림수산","농업·농촌","축산업진흥 및 동물복지향상","축산물수급관리","축산자조금","축산자조금 운영","26678000","15511800","7253440","58.1","46.8"
"2026","민간이전","민간경상보조","농림축산식품부","축산발전기금"," ","농림수산","농업·농촌","축산업진흥 및 동물복지향상","축산물수급관리","축산물수급관리","낙농통계관리시스템운영","650000","200000","0","30.8","0.0"
"2026","민간이전","민간경상보조","농림축산식품부","축산발전기금"," ","농림수산","농업·농촌","축산업진흥 및 동물복지향상","축산물수급관리","축산물수급관리","축산물수급안정","43202000","29100000","25144070","67.4","86.4"
"2026","민간이전","민간경상보조","농림축산식품부","축산발전기금"," ","농림수산","농업·농촌","축산업진흥 및 동물복지향상","축산물수급관리","축산물도매시장온라인경매플랫폼구축","축산물도매시장온라인경매플랫폼구축","682000","501000","143412","73.5","28.6"
"2026","민간이전","민간경상보조","농림축산식품부","축산발전기금"," ","농림수산","농업·농촌","축산업진흥 및 동물복지향상","축산기술보급","가축개량지원","한우젖소개량지원(민간)","43665000","32022543","22699973","73.3","70.9"
"2026","민간이전","민간경상보조","농림축산식품부","축산발전기금"," ","농림수산","농업·농촌","축산업진흥 및 동물복지향상","축산기술보급","가축개량지원","돼지경제능력검정 지원(민간)","1461000","1054200","188278","72.2","17.9"
"2026","민간이전","민간경상보조","농림축산식품부","축산발전기금"," ","농림수산","농업·농촌","축산업진흥 및 동물복지향상","축산기술보급","가축개량지원","종축등록사업지원","279000","174000","26033","62.4","15.0"
"2026","민간이전","민간경상보조","농림축산식품부","축산발전기금"," ","농림수산","농업·농촌","축산업진흥 및 동물복지향상","축산기술보급","가축개량지원","가공용 원유생산 젖소 품종 보급","500000","0","0","0.0","0"
"2026","민간이전","민간경상보조","농림축산식품부","축산발전기금"," ","농림수산","농업·농촌","축산업진흥 및 동물복지향상","축산업경쟁력제고(축발)","말산업육성지원","생활승마 활성화(기승능력인증제)","350000","245000","150179","70.0","61.3"
"2026","민간이전","민간경상보조","농림축산식품부","축산발전기금"," ","농림수산","농업·농촌","축산업진흥 및 동물복지향상","축산업경쟁력제고(축발)","말산업육성지원","생활승마 활성화(승마대회 활성화)","1200000","840000","222879","70.0","26.5"
"2026","민간이전","민간경상보조","농림축산식품부","축산발전기금"," ","농림수산","농업·농촌","축산업진흥 및 동물복지향상","축산업경쟁력제고(축발)","말산업육성지원","말산업 경쟁력 제고(승용마 품평회)","435000","304500","10279","70.0","3.4"
"2026","민간이전","민간경상보조","농림축산식품부","축산발전기금"," ","농림수산","농업·농촌","축산업진흥 및 동물복지향상","축산업경쟁력제고(축발)","말산업육성지원","말산업 경쟁력 제고(승용마 개량지원)","130000","91000","20130","70.0","22.1"
"2026","민간이전","민간경상보조","농림축산식품부","축산발전기금"," ","농림수산","농업·농촌","축산업진흥 및 동물복지향상","축산업경쟁력제고(축발)","말산업육성지원","말 보호 재활(퇴역마 승용전환 등 지원)","450000","315000","97148","70.0","30.8"
"2026","민간이전","민간경상보조","농림축산식품부","축산발전기금"," ","농림수산","농업·농촌","축산업진흥 및 동물복지향상","축산업경쟁력제고(축발)","말산업육성지원","전문인력 양성 및 취창업지원(전문인력 교육 및 취창업)","952000","666400","306087","70.0","45.9"
"2026","민간이전","민간경상보조","농림축산식품부","축산발전기금"," ","농림수산","농업·농촌","축산업진흥 및 동물복지향상","축산업경쟁력제고(축발)","말산업육성지원","산업기반 강화(말산업 정책 수립관리)","243000","170100","85275","70.0","50.1"
"2026","민간이전","민간경상보조","농림축산식품부","축산발전기금"," ","농림수산","농업·농촌","축산업진흥 및 동물복지향상","축산업경쟁력제고(축발)","말산업육성지원","말산업 경쟁력 제고(생산농가 역량강화)","56000","39200","19316","70.0","49.3"
"2026","민간이전","민간경상보조","농림축산식품부","축산발전기금"," ","농림수산","농업·농촌","축산업진흥 및 동물복지향상","축산업경쟁력제고(축발)","말산업육성지원","전문인력 양성 및 취창업지원(말산업 전문 자격제도 운영)","465000","325500","115280","70.0","35.4"
"2026","민간이전","민간경상보조","농림축산식품부","축산발전기금"," ","농림수산","농업·농촌","축산업진흥 및 동물복지향상","축산업경쟁력제고(축발)","말산업육성지원","산업기반 강화(말산업실태조사)","450000","315000","8108","70.0","2.6"
"2026","민간이전","민간경상보조","농림축산식품부","축산발전기금"," ","농림수산","농업·농촌","축산업진흥 및 동물복지향상","축산업경쟁력제고(축발)","말산업육성지원","말 보호 재활(말 등록 및 이력관리)","410000","287000","183929","70.0","64.1"
"2026","민간이전","민간경상보조","농림축산식품부","축산발전기금"," ","농림수산","농업·농촌","축산업진흥 및 동물복지향상","축산업경쟁력제고(축발)","말산업육성지원","말 보호 재활(말 긴급 구호 시스템_말 보호 모니터링 센터 운영)","33000","23100","1800","70.0","7.8"
"2026","민간이전","민간경상보조","농림축산식품부","축산발전기금"," ","농림수산","농업·농촌","축산업진흥 및 동물복지향상","축산업경쟁력제고(축발)","축산발전기금차세대종합정보시스템구축","축산발전기금차세대종합정보시스템구축","0","0","0","0","0"
"2026","민간이전","민간경상보조","농림축산식품부","축산발전기금"," ","농림수산","농업·농촌","축산업진흥 및 동물복지향상","친환경축산(축발)","조사료생산기반확충","방목태축산농장 교육 등 지원","100000","60000","14220","60.0","23.7"
"2026","민간이전","민간경상보조","농림축산식품부","축산발전기금"," ","농림수산","농업·농촌","축산업진흥 및 동물복지향상","친환경축산(축발)","조사료생산기반확충","조사료 유통 지원","1769000","1150000","645087","65.0","56.1"
"2026","민간이전","민간경상보조","농림축산식품부","축산발전기금"," ","농림수산","농업·농촌","축산업진흥 및 동물복지향상","친환경축산(축발)","가축분뇨처리지원","축산환경관리원 운영지원","8151000","5935000","3847540","72.8","64.8"
"2026","민간이전","민간경상보조","농림축산식품부","축산발전기금"," ","농림수산","농업·농촌","축산업진흥 및 동물복지향상","축산물품질관리(축발)","축산물품질관리","축산물이력관리 지원(민간)","25543000","18527000","11836041","72.5","63.9"
"2026","민간이전","민간경상보조","농림축산식품부","축산발전기금"," ","농림수산","농업·농촌","축산업진흥 및 동물복지향상","축산물품질관리(축발)","축산물품질관리","축산업정보통합관리시스템","1148000","700000","183440","61.0","26.2"
"2026","민간이전","민간경상보조","농림축산식품부","축산발전기금"," ","농림수산","농업·농촌","가축방역및축산물안전관리","축산물위생안전성(축발)","축산물위생안전검사운영","도축검사원 운영비","2571000","1864180","864285","72.5","46.4"
"2026","민간이전","민간경상보조","농림축산식품부","축산발전기금"," ","농림수산","농업·농촌","가축방역및축산물안전관리","축산물위생안전성(축발)","축산물위생안전검사운영","도축검사교육","423000","423000","54820","100.0","13.0"
"2026","민간이전","민간경상보조","농림축산식품부","축산발전기금"," ","농림수산","농업·농촌","가축방역및축산물안전관리","축산물위생안전성(축발)","축산물HACCP지원","축산물HACCP운영지원","524000","524000","293020","100.0","55.9"
"2026","민간이전","민간경상보조","농림축산식품부","축산발전기금"," ","농림수산","농업·농촌","가축방역및축산물안전관리","축산물위생안전성(축발)","축산물HACCP지원","스마트HACCP지원(시스템 개발)","1419000","1419000","540065","100.0","38.1"
"2026","민간이전","민간경상보조","농림축산식품부","축산발전기금"," ","농림수산","농업·농촌","가축방역및축산물안전관리","가축방역(축발)","가축위생방역지원","가축위생방역지원본부 운영비 지원","36765000","33088500","17464043","90.0","52.8"
"2026","민간이전","민간경상보조","농촌진흥청","일반회계"," ","농림수산","농업·농촌","농업신기술 보급","신기술보급사업(일반)","스마트영농지원체계구축(보조)","농업용 로봇 실증지원","2000000","1400000","193172","70.0","13.8"
"2026","민간이전","민간경상보조","농촌진흥청","지역균형발전특별회계","지역지원계정","농림수산","농업·농촌","전문인력양성","농업인력양성및지원(지특,지역지원)","농산업교육훈련지원(보조, 지역지원)","민관협력 농촌 공익활동 지원사업(신규)","1000000","1000000","511144","100.0","51.1"
"2026","민간이전","민간경상보조","대법원","사법서비스진흥기금"," ","공공질서및안전","법원및헌재","재판활동지원","사법제도개선 및 사법서비스진흥","법률구조단체 사업지원","대한법률구조공단 법률구조사건 비용지원","3548000","1774000","1773998","50.0","100.0"
"2026","민간이전","민간경상보조","대법원","사법서비스진흥기금"," ","공공질서및안전","법원및헌재","재판활동지원","사법제도개선 및 사법서비스진흥","법률구조단체 사업지원","대한변협 법률구조재단 법률구조사건 비용지원","118000","59000","25831","50.0","43.8"
"2026","민간이전","민간경상보조","대법원","사법서비스진흥기금"," ","공공질서및안전","법원및헌재","재판활동지원","사법제도개선 및 사법서비스진흥","법률구조단체 사업지원","한국가정법률상담소 법률구조사건 비용지원","82000","41000","41000","50.0","100.0"
"2026","민간이전","민간경상보조","대법원","사법서비스진흥기금"," ","공공질서및안전","법원및헌재","재판활동지원","사법제도개선 및 사법서비스진흥","사법서비스 향상","한국법학원 지원","350000","175000","175000","50.0","100.0"
"2026","민간이전","민간경상보조","문화체육관광부","관광진흥개발기금"," ","문화및관광","관광","국내관광활성화","관광인프라 조성","전통문화체험 지원","템플스테이 운영지원","0","0","0","0","0"
"2026","민간이전","민간경상보조","문화체육관광부","관광진흥개발기금"," ","문화및관광","관광","국내관광활성화","관광인프라 조성","전통문화체험 지원","전통문화 활용 활성화","0","0","0","0","0"
"2026","민간이전","민간경상보조","문화체육관광부","관광진흥개발기금"," ","문화및관광","관광","국내관광활성화","관광인프라 조성","한국형 지역관광 활성화","DMZ 접경지역 관광 활성화","1736000","1415000","269607","81.5","19.1"
"2026","민간이전","민간경상보조","문화체육관광부","관광진흥개발기금"," ","문화및관광","관광","국내관광활성화","관광인프라 조성","한국형 지역관광 활성화","걷기여행 활성화","2099000","2099000","862533","100.0","41.1"
"2026","민간이전","민간경상보조","문화체육관광부","관광진흥개발기금"," ","문화및관광","관광","국내관광활성화","관광인프라 조성","한국형 지역관광 활성화","반려동물 동반여행 활성화","0","0","0","0","0"
"2026","민간이전","민간경상보조","문화체육관광부","관광진흥개발기금"," ","문화및관광","관광","국내관광활성화","관광인프라 조성","한국형 지역관광 활성화","인천공항 내 K-관광·컬처존 조성","835000","835000","185794","100.0","22.3"
"2026","민간이전","민간경상보조","문화체육관광부","관광진흥개발기금"," ","문화및관광","관광","국내관광활성화","관광인프라 조성","한국형 지역관광 활성화","자전거 여행 활성화(민간경상)","570000","570000","153686","100.0","27.0"
"2026","민간이전","민간경상보조","문화체육관광부","관광진흥개발기금"," ","문화및관광","관광","국내관광활성화","관광인프라 조성","한국형 지역관광 활성화","이종산업 협업기반 관광 활성화","6300000","4409000","1610956","70.0","36.5"
"2026","민간이전","민간경상보조","문화체육관광부","관광진흥개발기금"," ","문화및관광","관광","국내관광활성화","관광인프라 조성","한국형 지역관광 활성화","스포츠 연계 체류형 관광 지원","1950000","1950000","160990","100.0","8.3"
"2026","민간이전","민간경상보조","문화체육관광부","관광진흥개발기금"," ","문화및관광","관광","국내관광활성화","관광인프라 조성","한국형 지역관광 활성화","한국형 장기체류 관광 육성","0","0","0","0","0"
"2026","민간이전","민간경상보조","문화체육관광부","관광진흥개발기금"," ","문화및관광","관광","국내관광활성화","관광인프라 조성","한국형 지역관광 활성화","전국일주 지역여행 활성화","0","0","0","0","0"
"2026","민간이전","민간경상보조","문화체육관광부","관광진흥개발기금"," ","문화및관광","관광","국내관광활성화","관광인프라 조성","한국형 지역관광 활성화","핫스팟 가이드","1000000","610000","247348","61.0","40.5"
"2026","민간이전","민간경상보조","문화체육관광부","관광진흥개발기금"," ","문화및관광","관광","국내관광활성화","국내관광육성지원","관광안내체계구축지원","관광안내소 운영","1000000","665000","437906","66.5","65.9"
"2026","민간이전","민간경상보조","문화체육관광부","관광진흥개발기금"," ","문화및관광","관광","국내관광활성화","국내관광육성지원","관광안내체계구축지원","관광안내서비스 개선","5095000","2697500","1794574","52.9","66.5"
"2026","민간이전","민간경상보조","문화체육관광부","관광진흥개발기금"," ","문화및관광","관광","국내관광활성화","국내관광육성지원","관광안내체계구축지원","관광안내표지 개선","90000","45000","4848","50.0","10.8"
"2026","민간이전","민간경상보조","문화체육관광부","관광진흥개발기금"," ","문화및관광","관광","국내관광활성화","국내관광육성지원","문화관광축제지원(보조)","지역축제 평가 및 육성(민간경상보조)","0","0","0","0","0"
"2026","민간이전","민간경상보조","문화체육관광부","관광진흥개발기금"," ","문화및관광","관광","국내관광활성화","국내관광육성지원","문화관광축제지원(보조)","축제 경쟁력 강화 지원","0","0","0","0","0"
"2026","민간이전","민간경상보조","문화체육관광부","관광진흥개발기금"," ","문화및관광","관광","국내관광활성화","국내관광육성지원","문화관광축제지원(보조)","글로벌 축제 육성 지원","2200000","1400000","748158","63.6","53.4"
"2026","민간이전","민간경상보조","문화체육관광부","관광진흥개발기금"," ","문화및관광","관광","국내관광활성화","국내관광육성지원","문화관광축제지원(보조)","문화관광축제 활성화 지원","288000","188000","138413","65.3","73.6"
"2026","민간이전","민간경상보조","문화체육관광부","관광진흥개발기금"," ","문화및관광","관광","국내관광활성화","국내관광육성지원","국내관광 역량 강화","국내관광 캠페인","24759000","24759000","5802700","100.0","23.4"
"2026","민간이전","민간경상보조","문화체육관광부","관광진흥개발기금"," ","문화및관광","관광","국내관광활성화","국내관광육성지원","국내관광 역량 강화","내나라 여행박람회","410000","410000","408685","100.0","99.7"
"2026","민간이전","민간경상보조","문화체육관광부","관광진흥개발기금"," ","문화및관광","관광","국내관광활성화","국내관광육성지원","국내관광 역량 강화","국내 대표관광지 육성","775000","593000","63459","76.5","10.7"
"2026","민간이전","민간경상보조","문화체육관광부","관광진흥개발기금"," ","문화및관광","관광","국내관광활성화","국내관광육성지원","국내관광 역량 강화","청소년관광","1500000","1500000","614786","100.0","41.0"
"2026","민간이전","민간경상보조","문화체육관광부","관광진흥개발기금"," ","문화및관광","관광","국내관광활성화","국내관광육성지원","국내관광 역량 강화","시니어관광","1600000","1600000","1060509","100.0","66.3"
"2026","민간이전","민간경상보조","문화체육관광부","관광진흥개발기금"," ","문화및관광","관광","국내관광활성화","국내관광육성지원","국내관광 역량 강화","근로자 휴가지원","14900000","14900000","4945019","100.0","33.2"
"2026","민간이전","민간경상보조","문화체육관광부","관광진흥개발기금"," ","문화및관광","관광","국내관광활성화","국내관광육성지원","국내관광 역량 강화","지역관광 추진조직(DMO) 육성 지원","2840000","1988000","526990","70.0","26.5"
"2026","민간이전","민간경상보조","문화체육관광부","관광진흥개발기금"," ","문화및관광","관광","국내관광활성화","국내관광육성지원","국내관광 역량 강화","열린관광 환경조성","3536000","3536000","1573996","100.0","44.5"
"2026","민간이전","민간경상보조","문화체육관광부","관광진흥개발기금"," ","문화및관광","관광","국내관광활성화","국내관광육성지원","국내관광 역량 강화","야간관광 활성화","490000","356300","57369","72.7","16.1"
"2026","민간이전","민간경상보조","문화체육관광부","관광진흥개발기금"," ","문화및관광","관광","국내관광활성화","국내관광육성지원","국내관광 역량 강화","워케이션 활성화 지원","820000","600000","161309","73.2","26.9"
"2026","민간이전","민간경상보조","문화체육관광부","관광진흥개발기금"," ","문화및관광","관광","국내관광활성화","국내관광육성지원","국내관광 역량 강화","디지털관광주민증 운영","3000000","2100000","1065853","70.0","50.8"
"2026","민간이전","민간경상보조","문화체육관광부","관광진흥개발기금"," ","문화및관광","관광","국내관광활성화","국내관광육성지원","국내관광 역량 강화","비활성화 관광자원 스토리텔링 관광지화","0","0","0","0","0"
"2026","민간이전","민간경상보조","문화체육관광부","관광진흥개발기금"," ","문화및관광","관광","국내관광활성화","국내관광육성지원","국내관광 역량 강화"," ‘숨-핫’ 제작 홍보지원","1000000","700000","631310","70.0","90.2"
"2026","민간이전","민간경상보조","문화체육관광부","관광진흥개발기금"," ","문화및관광","관광","국내관광활성화","국내관광육성지원","국내관광 역량 강화","지역사랑 휴가지원","10500000","10408500","3916381","99.1","37.6"
"2026","민간이전","민간경상보조","문화체육관광부","관광진흥개발기금"," ","문화및관광","관광","국내관광활성화","국내관광육성지원","스마트관광 활성화","관광마케팅 통합시스템 운영","6060000","6060000","2869973","100.0","47.4"
"2026","민간이전","민간경상보조","문화체육관광부","관광진흥개발기금"," ","문화및관광","관광","국내관광활성화","국내관광육성지원","스마트관광 활성화","스마트관광 기반 조성","0","0","1342750","0","0"
"2026","민간이전","민간경상보조","문화체육관광부","관광진흥개발기금"," ","문화및관광","관광","국내관광활성화","국내관광육성지원","스마트관광 활성화","AI 기술활용 방한 수요 전환 마케팅","0","0","0","0","0"
"2026","민간이전","민간경상보조","문화체육관광부","관광진흥개발기금"," ","문화및관광","관광","국내관광활성화","국내관광육성지원","스마트관광 활성화","AI 기반 지역관광 선도 프로젝트","3000000","2000000","220020","66.7","11.0"
"2026","민간이전","민간경상보조","문화체육관광부","관광진흥개발기금"," ","문화및관광","관광","국내관광활성화","국내관광육성지원","스마트관광 활성화","민관 협업 한국관광 데이터 구축","17845000","16063000","7564151","90.0","47.1"
"2026","민간이전","민간경상보조","문화체육관광부","관광진흥개발기금"," ","문화및관광","관광","국내관광활성화","관광사업체 융자지원","관광산업 융자지원(융자)","융자이차보전 지원센터 운영","263000","213000","116424","81.0","54.7"
"2026","민간이전","민간경상보조","문화체육관광부","관광진흥개발기금"," ","문화및관광","관광","외래관광객유치","해외관광객유치활동사업","외래관광객유치 마케팅 활성화 지원","일본시장 유치 확대","3464000","2424800","1292150","70.0","53.3"
"2026","민간이전","민간경상보조","문화체육관광부","관광진흥개발기금"," ","문화및관광","관광","외래관광객유치","해외관광객유치활동사업","외래관광객유치 마케팅 활성화 지원","아중동시장 유치 확대","3846000","3076800","1451052","80.0","47.2"
"2026","민간이전","민간경상보조","문화체육관광부","관광진흥개발기금"," ","문화및관광","관광","외래관광객유치","해외관광객유치활동사업","외래관광객유치 마케팅 활성화 지원","구주대양주시장 유치 확대","2888000","2888000","1396943","100.0","48.4"
"2026","민간이전","민간경상보조","문화체육관광부","관광진흥개발기금"," ","문화및관광","관광","외래관광객유치","해외관광객유치활동사업","외래관광객유치 마케팅 활성화 지원","미주시장 유치 확대","1519000","1519000","704889","100.0","46.4"
"2026","민간이전","민간경상보조","문화체육관광부","관광진흥개발기금"," ","문화및관광","관광","외래관광객유치","해외관광객유치활동사업","외래관광객유치 마케팅 활성화 지원","시장 맞춤형 마케팅 전략","981000","686000","231794","69.9","33.8"
"2026","민간이전","민간경상보조","문화체육관광부","관광진흥개발기금"," ","문화및관광","관광","외래관광객유치","해외관광객유치활동사업","외래관광객유치 마케팅 활성화 지원","한국관광통계 관리 및 조사","364000","262000","110826","72.0","42.3"
"2026","민간이전","민간경상보조","문화체육관광부","관광진흥개발기금"," ","문화및관광","관광","외래관광객유치","해외관광객유치활동사업","외래관광객유치 마케팅 활성화 지원","국제관광기구 협력(한국관광공사)","1031000","281000","64104","27.3","22.8"
"2026","민간이전","민간경상보조","문화체육관광부","관광진흥개발기금"," ","문화및관광","관광","외래관광객유치","해외관광객유치활동사업","외래관광객유치 마케팅 활성화 지원","관광-항공 연계 외래객 유치 활성화","750000","750000","155867","100.0","20.8"
"2026","민간이전","민간경상보조","문화체육관광부","관광진흥개발기금"," ","문화및관광","관광","외래관광객유치","해외관광객유치활동사업","외래관광객유치 마케팅 활성화 지원","중화권 시장 유치 확대","32753000","25925400","5999390","79.2","23.1"
"2026","민간이전","민간경상보조","문화체육관광부","관광진흥개발기금"," ","문화및관광","관광","외래관광객유치","해외관광객유치활동사업","외래관광객유치 마케팅 활성화 지원","중국 전담여행사 관리 및 시장 건전화","907000","563000","380571","62.1","67.6"
"2026","민간이전","민간경상보조","문화체육관광부","관광진흥개발기금"," ","문화및관광","관광","외래관광객유치","해외관광객유치활동사업","외래관광객유치 마케팅 활성화 지원","K-관광 로드쇼 개최","3040000","3034900","2344981","99.8","77.3"
"2026","민간이전","민간경상보조","문화체육관광부","관광진흥개발기금"," ","문화및관광","관광","외래관광객유치","해외관광객유치활동사업","외래관광객유치 마케팅 활성화 지원","신흥 잠재시장 현지 방한 유치 전선 확대","3600000","3600000","1503979","100.0","41.8"
"2026","민간이전","민간경상보조","문화체육관광부","관광진흥개발기금"," ","문화및관광","관광","외래관광객유치","해외관광객유치활동사업","외래관광객유치 마케팅 활성화 지원","주요 외교계기 활용 관광객 유치 마케팅(구미주)","800000","800000","566988","100.0","70.9"
"2026","민간이전","민간경상보조","문화체육관광부","관광진흥개발기금"," ","문화및관광","관광","외래관광객유치","해외관광객유치활동사업","외래관광객유치 마케팅 활성화 지원","교육여행 활성화","2000000","1690000","828593","84.5","49.0"
"2026","민간이전","민간경상보조","문화체육관광부","관광진흥개발기금"," ","문화및관광","관광","외래관광객유치","해외관광객유치활동사업","외래관광객유치 마케팅 활성화 지원","외래관광객 체험콘텐츠 다변화","11210000","10053100","5026517","89.7","50.0"
"2026","민간이전","민간경상보조","문화체육관광부","관광진흥개발기금"," ","문화및관광","관광","외래관광객유치","해외관광객유치활동사업","외래관광객유치 마케팅 활성화 지원","한중일 역내외 관광협력","2500000","0","0","0.0","0"
"2026","민간이전","민간경상보조","문화체육관광부","관광진흥개발기금"," ","문화및관광","관광","외래관광객유치","해외관광객유치활동사업","외래관광객유치 마케팅 활성화 지원","주요 외교계기 활용 관광객 유치 마케팅(중화권)","3000000","2610000","2250582","87.0","86.2"
"2026","민간이전","민간경상보조","문화체육관광부","관광진흥개발기금"," ","문화및관광","관광","외래관광객유치","해외관광객유치활동사업","외래관광객유치 마케팅 활성화 지원","외국인 단체관광객 활성화 지원","0","0","0","0","0"
"2026","민간이전","민간경상보조","문화체육관광부","관광진흥개발기금"," ","문화및관광","관광","외래관광객유치","해외관광객유치활동사업","한국관광 해외광고","한국관광 온라인홍보","3546000","2658000","1359306","75.0","51.1"
"2026","민간이전","민간경상보조","문화체육관광부","관광진흥개발기금"," ","문화및관광","관광","외래관광객유치","해외관광객유치활동사업","한국관광 해외광고","홍보간행물 활용 한국관광홍보","1109000","546000","264540","49.2","48.5"
"2026","민간이전","민간경상보조","문화체육관광부","관광진흥개발기금"," ","문화및관광","관광","외래관광객유치","해외관광객유치활동사업","한국관광 해외광고","한국관광 이미지 광고","29875000","24400000","8482317","81.7","34.8"
"2026","민간이전","민간경상보조","문화체육관광부","관광진흥개발기금"," ","문화및관광","관광","외래관광객유치","해외관광객유치활동사업","한국관광 해외광고","글로벌 네트워크 활용 한국관광 홍보","0","0","0","0","0"
"2026","민간이전","민간경상보조","문화체육관광부","관광진흥개발기금"," ","문화및관광","관광","외래관광객유치","해외관광객유치활동사업","한국관광 해외광고","K-브랜드 활용 한국관광 협업광고","0","0","0","0","0"
"2026","민간이전","민간경상보조","문화체육관광부","관광진흥개발기금"," ","문화및관광","관광","외래관광객유치","해외관광객유치활동사업","한국관광공사 운영지원","한국관광공사 운영지원","94000000","65800000","50489585","70.0","76.7"
"2026","민간이전","민간경상보조","문화체육관광부","관광진흥개발기금"," ","문화및관광","관광","외래관광객유치","해외관광객유치활동사업","외래관광객유치 관광기반 조성","관광거점 조성 및 운영(하이커(HiKR) 운영)","4648000","3253600","1667462","70.0","51.2"
"2026","민간이전","민간경상보조","문화체육관광부","관광진흥개발기금"," ","문화및관광","관광","외래관광객유치","해외관광객유치활동사업","외래관광객유치 관광기반 조성","고품격관광 활성화(스마트관광안내시스템)","1275000","892500","417876","70.0","46.8"
"2026","민간이전","민간경상보조","문화체육관광부","관광진흥개발기금"," ","문화및관광","관광","외래관광객유치","해외관광객유치활동사업","외래관광객유치 관광기반 조성","관광거점 조성 및 운영(테마관광 거점 조성)","0","0","0","0","0"
"2026","민간이전","민간경상보조","문화체육관광부","관광진흥개발기금"," ","문화및관광","관광","외래관광객유치","해외관광객유치활동사업","외래관광객유치 관광기반 조성","한국관광 품질 관리(구 한국관광품질인증제운영)","1000000","1000000","144886","100.0","14.5"
"2026","민간이전","민간경상보조","문화체육관광부","관광진흥개발기금"," ","문화및관광","관광","외래관광객유치","해외관광객유치활동사업","외래관광객유치 관광기반 조성","여행업 경쟁력 강화 및 건전여행 풍토조성","3707000","2912000","1695081","78.6","58.2"
"2026","민간이전","민간경상보조","문화체육관광부","관광진흥개발기금"," ","문화및관광","관광","외래관광객유치","해외관광객유치활동사업","외래관광객유치 관광기반 조성","관광 편의성 제고(관광교통 편의성 제고)","8463000","4231500","295125","50.0","7.0"
"2026","민간이전","민간경상보조","문화체육관광부","관광진흥개발기금"," ","문화및관광","관광","외래관광객유치","해외관광객유치활동사업","외래관광객유치 관광기반 조성","관광 편의성 제고(쇼핑관광 활성화)","2350000","1645000","153722","70.0","9.3"
"2026","민간이전","민간경상보조","문화체육관광부","관광진흥개발기금"," ","문화및관광","관광","외래관광객유치","해외관광객유치활동사업","외래관광객유치 관광기반 조성","관광기념품 공모전 개최 및 유통활성화 지원","2160000","1512000","1169545","70.0","77.4"
"2026","민간이전","민간경상보조","문화체육관광부","관광진흥개발기금"," ","문화및관광","관광","외래관광객유치","해외관광객유치활동사업","외래관광객유치 관광기반 조성","관광 서비스 품질개선","836000","836000","349513","100.0","41.8"
"2026","민간이전","민간경상보조","문화체육관광부","관광진흥개발기금"," ","문화및관광","관광","외래관광객유치","해외관광객유치활동사업","외래관광객유치 관광기반 조성","고품격 관광 활성화(K-콘텐츠 연계 쇼핑문화관광 활성화 - 코리아뷰티페스티벌 개최지원)","3270000","2477000","1883558","75.7","76.0"
"2026","민간이전","민간경상보조","문화체육관광부","관광진흥개발기금"," ","문화및관광","관광","외래관광객유치","해외관광객유치활동사업","외래관광객유치 관광기반 조성","고품격 관광 활성화(K-콘텐츠 연계 쇼핑문화관광 활성화 - 코리아그랜드세일 개최지원) ","3606000","2524200","149330","70.0","5.9"
"2026","민간이전","민간경상보조","문화체육관광부","관광진흥개발기금"," ","문화및관광","관광","외래관광객유치","해외관광객유치활동사업","외래관광객유치 관광기반 조성","고품격 관광 활성화(K-콘텐츠 연계 쇼핑문화관광 활성화 - 외국인 관광객 대상 웰컴센터 운영)","1084000","758800","726939","70.0","95.8"
"2026","민간이전","민간경상보조","문화체육관광부","관광진흥개발기금"," ","문화및관광","관광","외래관광객유치","해외관광객유치활동사업","외래관광객유치 관광기반 조성","고품격 관광 활성화(K-콘텐츠 연계 쇼핑문화관광 활성화 - K-관광협력단 구성 및 운영) ","650000","455000","213559","70.0","46.9"
"2026","민간이전","민간경상보조","문화체육관광부","관광진흥개발기금"," ","문화및관광","관광","외래관광객유치","해외관광객유치활동사업","외래관광객유치 관광기반 조성","지역문화 관광융합 프로젝트 지원","0","0","0","0","0"
"2026","민간이전","민간경상보조","문화체육관광부","관광진흥개발기금"," ","문화및관광","관광","외래관광객유치","해외관광객유치활동사업","외래관광객유치 관광기반 조성","글로벌 관광특구 육성(민간경상보조)","0","0","0","0","0"
"2026","민간이전","민간경상보조","문화체육관광부","관광진흥개발기금"," ","문화및관광","관광","관광산업 활성화","관광산업 활성화 지원","관광활성화 기반구축","관광호텔 체인화 기반조성","45000","45000","21569","100.0","47.9"
"2026","민간이전","민간경상보조","문화체육관광부","관광진흥개발기금"," ","문화및관광","관광","관광산업 활성화","관광산업 활성화 지원","관광활성화 기반구축","호텔업 통계발간","100000","100000","18300","100.0","18.3"
"2026","민간이전","민간경상보조","문화체육관광부","관광진흥개발기금"," ","문화및관광","관광","관광산업 활성화","관광산업 활성화 지원","관광활성화 기반구축","안전캠핑 기반조성","665000","478000","121709","71.9","25.5"
"2026","민간이전","민간경상보조","문화체육관광부","관광진흥개발기금"," ","문화및관광","관광","관광산업 활성화","관광산업 활성화 지원","관광활성화 기반구축","관광두레 조성","12453000","8717000","2960577","70.0","34.0"
"2026","민간이전","민간경상보조","문화체육관광부","관광진흥개발기금"," ","문화및관광","관광","관광산업 활성화","관광산업 활성화 지원","관광활성화 기반구축","안전민박 활성화","748000","525000","278949","70.2","53.1"
"2026","민간이전","민간경상보조","문화체육관광부","관광진흥개발기금"," ","문화및관광","관광","관광산업 활성화","관광산업 활성화 지원","관광산업 인재발굴 및 전문역량강화","관광전문인력 양성","2785000","2570300","741365","92.3","28.8"
"2026","민간이전","민간경상보조","문화체육관광부","관광진흥개발기금"," ","문화및관광","관광","관광산업 활성화","관광산업 활성화 지원","관광산업 인재발굴 및 전문역량강화","종사원 전문역량 강화","499000","340000","206200","68.1","60.6"
"2026","민간이전","민간경상보조","문화체육관광부","관광진흥개발기금"," ","문화및관광","관광","관광산업 활성화","관광산업 활성화 지원","관광산업 인재발굴 및 전문역량강화","관광단체 및 연구지원 사업","280000","260000","186684","92.9","71.8"
"2026","민간이전","민간경상보조","문화체육관광부","관광진흥개발기금"," ","문화및관광","관광","관광산업 활성화","관광산업 활성화 지원","관광산업 인재발굴 및 전문역량강화","관광산업 일자리 활성화","11850000","8295000","2228303","70.0","26.9"
"2026","민간이전","민간경상보조","문화체육관광부","관광진흥개발기금"," ","문화및관광","관광","관광산업 활성화","관광산업 활성화 지원","관광산업 인재발굴 및 전문역량강화","유원시설 안전관리","1053000","718000","393541","68.2","54.8"
"2026","민간이전","민간경상보조","문화체육관광부","관광진흥개발기금"," ","문화및관광","관광","관광산업 활성화","관광산업 활성화 지원","관광사업 창업 지원 및 벤처 육성","관광사업 도약 및 성장 지원","37809000","37809000","23212480","100.0","61.4"
"2026","민간이전","민간경상보조","문화체육관광부","관광진흥개발기금"," ","문화및관광","관광","관광산업 활성화","관광산업 활성화 지원","관광사업 창업 지원 및 벤처 육성","관광사업 발굴 및 지원","0","0","0","0","0"
"2026","민간이전","민간경상보조","문화체육관광부","관광진흥개발기금"," ","문화및관광","관광","관광산업 활성화","관광산업 활성화 지원","관광사업 창업 지원 및 벤처 육성","관광사업 지원기반 구축","2300000","2300000","1157537","100.0","50.3"
"2026","민간이전","민간경상보조","문화체육관광부","관광진흥개발기금"," ","문화및관광","관광","관광산업 활성화","고부가가치 관광산업육성","MICE산업육성지원","2026 기업회의·인센티브 관광 활성화","6944000","6931000","3236542","99.8","46.7"
"2026","민간이전","민간경상보조","문화체육관광부","관광진흥개발기금"," ","문화및관광","관광","관광산업 활성화","고부가가치 관광산업육성","MICE산업육성지원","2026 마이스산업 인력양성","560000","410000","174929","73.2","42.7"
"2026","민간이전","민간경상보조","문화체육관광부","관광진흥개발기금"," ","문화및관광","관광","관광산업 활성화","고부가가치 관광산업육성","MICE산업육성지원","2026 PCO업계 경쟁력 강화","440000","330000","211571","75.0","64.1"
"2026","민간이전","민간경상보조","문화체육관광부","관광진흥개발기금"," ","문화및관광","관광","관광산업 활성화","고부가가치 관광산업육성","MICE산업육성지원","2026 글로벌 MICE 인사이트 발간","40000","20000","4462","50.0","22.3"
"2026","민간이전","민간경상보조","문화체육관광부","관광진흥개발기금"," ","문화및관광","관광","관광산업 활성화","고부가가치 관광산업육성","MICE산업육성지원","2026 MICE 학술연구 지원","40000","29000","20912","72.5","72.1"
"2026","민간이전","민간경상보조","문화체육관광부","관광진흥개발기금"," ","문화및관광","관광","관광산업 활성화","고부가가치 관광산업육성","MICE산업육성지원","2026 컨벤션 유치·개최 지원 활성화","7920000","5549900","1074937","70.1","19.4"
"2026","민간이전","민간경상보조","문화체육관광부","관광진흥개발기금"," ","문화및관광","관광","관광산업 활성화","고부가가치 관광산업육성","MICE산업육성지원","2026 해외마켓 참가·국제이벤트 활성화","1462000","1018000","532848","69.6","52.3"
"2026","민간이전","민간경상보조","문화체육관광부","관광진흥개발기금"," ","문화및관광","관광","관광산업 활성화","고부가가치 관광산업육성","MICE산업육성지원","2026 MICE 산업통계조사 및 운영","950000","693400","270009","73.0","38.9"
"2026","민간이전","민간경상보조","문화체육관광부","관광진흥개발기금"," ","문화및관광","관광","관광산업 활성화","고부가가치 관광산업육성","MICE산업육성지원","2026 지역 MICE산업 활성화 지원","5306000","3186800","1150198","60.1","36.1"
"2026","민간이전","민간경상보조","문화체육관광부","관광진흥개발기금"," ","문화및관광","관광","관광산업 활성화","고부가가치 관광산업육성","융합관광콘텐츠 활성화","한류관광 활성화","9500000","7600000","1236626","80.0","16.3"
"2026","민간이전","민간경상보조","문화체육관광부","관광진흥개발기금"," ","문화및관광","관광","관광산업 활성화","고부가가치 관광산업육성","융합관광콘텐츠 활성화","음식관광 활성화","3780000","880000","347268","23.3","39.5"
"2026","민간이전","민간경상보조","문화체육관광부","관광진흥개발기금"," ","문화및관광","관광","관광산업 활성화","고부가가치 관광산업육성","융합관광콘텐츠 활성화","전통시장 관광활성화","1088000","865000","397087","79.5","45.9"
"2026","민간이전","민간경상보조","문화체육관광부","관광진흥개발기금"," ","문화및관광","관광","관광산업 활성화","고부가가치 관광산업육성","융합관광콘텐츠 활성화","스포츠관광 활성화","2000000","2000000","1275446","100.0","63.8"
"2026","민간이전","민간경상보조","문화체육관광부","관광진흥개발기금"," ","문화및관광","관광","관광산업 활성화","고부가가치 관광산업육성","융합관광콘텐츠 활성화","고급관광 육성","2293000","2293000","1676289","100.0","73.1"
"2026","민간이전","민간경상보조","문화체육관광부","관광진흥개발기금"," ","문화및관광","관광","관광산업 활성화","고부가가치 관광산업육성","융합관광콘텐츠 활성화","공연관광 활성화","3387000","2412000","905146","71.2","37.5"
"2026","민간이전","민간경상보조","문화체육관광부","관광진흥개발기금"," ","문화및관광","관광","관광산업 활성화","고부가가치 관광산업육성","융합관광콘텐츠 활성화","크루즈관광 활성화","505000","505000","381992","100.0","75.6"
"2026","민간이전","민간경상보조","문화체육관광부","관광진흥개발기금"," ","문화및관광","관광","관광산업 활성화","고부가가치 관광산업육성","융합관광콘텐츠 활성화","방한 의료관광 유치 지원(의료관광 육성)","4788000","3351600","1417582","70.0","42.3"
"2026","민간이전","민간경상보조","문화체육관광부","관광진흥개발기금"," ","문화및관광","관광","관광산업 활성화","고부가가치 관광산업육성","융합관광콘텐츠 활성화","웰니스관광산업 육성(웰니스관광 육성)","4228000","2958000","891534","70.0","30.1"
"2026","민간이전","민간경상보조","문화체육관광부","관광진흥개발기금"," ","문화및관광","관광","관광산업 활성화","고부가가치 관광산업육성","융합관광콘텐츠 활성화","신산업관광 육성","900000","900000","409446","100.0","45.5"
"2026","민간이전","민간경상보조","문화체육관광부","국민체육진흥기금","국민체육진흥계정","문화및관광","체육","생활체육육성","생활체육 활성화","스포츠강좌이용권 지원","장애인스포츠강좌이용권 지원(민간보조)","761000","506000","150748","66.5","29.8"
"2026","민간이전","민간경상보조","문화체육관광부","국민체육진흥기금","국민체육진흥계정","문화및관광","체육","생활체육육성","생활체육 활성화","스포츠강좌이용권 지원","시스템관리 및 사업운영","692000","692000","340090","100.0","49.1"
"2026","민간이전","민간경상보조","문화체육관광부","국민체육진흥기금","국민체육진흥계정","문화및관광","체육","생활체육육성","생활체육 활성화","생활체육 프로그램 지원","생활체육정보제공","1108000","783000","539203","70.7","68.9"
"2026","민간이전","민간경상보조","문화체육관광부","국민체육진흥기금","국민체육진흥계정","문화및관광","체육","생활체육육성","생활체육 활성화","생활체육 프로그램 지원","생활체육국제교류 지원","414000","409000","316407","98.8","77.4"
"2026","민간이전","민간경상보조","문화체육관광부","국민체육진흥기금","국민체육진흥계정","문화및관광","체육","생활체육육성","생활체육 활성화","생활체육 프로그램 지원","기타 생활체육단체 지원","180000","180000","95598","100.0","53.1"
"2026","민간이전","민간경상보조","문화체육관광부","국민체육진흥기금","국민체육진흥계정","문화및관광","체육","생활체육육성","생활체육 활성화","생활체육 프로그램 지원","생활체육대회 지원","3065000","2647500","1932695","86.4","73.0"
"2026","민간이전","민간경상보조","문화체육관광부","국민체육진흥기금","국민체육진흥계정","문화및관광","체육","생활체육육성","생활체육 활성화","생활체육 프로그램 지원","스포츠클럽디비전","27443000","19235100","9424244","70.1","49.0"
"2026","민간이전","민간경상보조","문화체육관광부","국민체육진흥기금","국민체육진흥계정","문화및관광","체육","생활체육육성","생활체육 활성화","생활체육 프로그램 지원","스포츠클럽 육성","21308000","21180000","8259668","99.4","39.0"
"2026","민간이전","민간경상보조","문화체육관광부","국민체육진흥기금","국민체육진흥계정","문화및관광","체육","생활체육육성","생활체육 활성화","생활체육 프로그램 지원","맞춤형생활체육활동 지원","13905000","13041680","1426696","93.8","10.9"
"2026","민간이전","민간경상보조","문화체육관광부","국민체육진흥기금","국민체육진흥계정","문화및관광","체육","생활체육육성","생활체육 활성화","생활체육 프로그램 지원","스포츠주간 계기 대국민 스포츠장려","250000","250000","210438","100.0","84.2"
"2026","민간이전","민간경상보조","문화체육관광부","국민체육진흥기금","국민체육진흥계정","문화및관광","체육","생활체육육성","생활체육 활성화","생활체육 프로그램 지원","생활체육지도자 활동 지원","1748000","1573000","849943","90.0","54.0"
"2026","민간이전","민간경상보조","문화체육관광부","국민체육진흥기금","국민체육진흥계정","문화및관광","체육","생활체육육성","생활체육 활성화","생활체육 프로그램 지원","파크골프장 표준모델 연구용역","150000","150000","15307","100.0","10.2"
"2026","민간이전","민간경상보조","문화체육관광부","국민체육진흥기금","국민체육진흥계정","문화및관광","체육","생활체육육성","생활체육 활성화","국민체력인증","국민체력인증 기반구축","1731000","1731000","814579","100.0","47.1"
"2026","민간이전","민간경상보조","문화체육관광부","국민체육진흥기금","국민체육진흥계정","문화및관광","체육","생활체육육성","생활체육 활성화","국민체력인증","국민체력인증제 운영(민간)","4388000","4388000","2348938","100.0","53.5"
"2026","민간이전","민간경상보조","문화체육관광부","국민체육진흥기금","국민체육진흥계정","문화및관광","체육","생활체육육성","생활체육 활성화","체육·문화예술사업의 지원","학교,직장운동경기부 활성화","5066000","4671000","1064857","92.2","22.8"
"2026","민간이전","민간경상보조","문화체육관광부","국민체육진흥기금","국민체육진흥계정","문화및관광","체육","생활체육육성","생활체육 활성화","체육·문화예술사업의 지원","심판양성 및 지원","7138000","4335000","2541469","60.7","58.6"
"2026","민간이전","민간경상보조","문화체육관광부","국민체육진흥기금","국민체육진흥계정","문화및관광","체육","생활체육육성","생활체육 활성화","체육·문화예술사업의 지원","전문 인력 양성","18827000","16485000","7133558","87.6","43.3"
"2026","민간이전","민간경상보조","문화체육관광부","국민체육진흥기금","국민체육진흥계정","문화및관광","체육","생활체육육성","생활체육 활성화","체육·문화예술사업의 지원","기타 체육문화예술의 진흥","11406000","8262000","2703448","72.4","32.7"
"2026","민간이전","민간경상보조","문화체육관광부","국민체육진흥기금","국민체육진흥계정","문화및관광","체육","생활체육육성","생활체육 활성화","체육·문화예술사업의 지원","학교체육활성화","10300000","9095000","2020926","88.3","22.2"
"2026","민간이전","민간경상보조","문화체육관광부","국민체육진흥기금","국민체육진흥계정","문화및관광","체육","생활체육육성","생활체육 활성화","체육·문화예술사업의 지원","문화예술 취약 분야 육성","6835000","5762000","2536775","84.3","44.0"
"2026","민간이전","민간경상보조","문화체육관광부","국민체육진흥기금","국민체육진흥계정","문화및관광","체육","생활체육육성","생활체육 활성화","스포츠활동 인센티브","스포츠활동 인센티브 운영","1154000","1154000","172855","100.0","15.0"
"2026","민간이전","민간경상보조","문화체육관광부","국민체육진흥기금","국민체육진흥계정","문화및관광","체육","생활체육육성","생활체육 활성화","스포츠활동 인센티브","스포츠활동 인센티브 지원시스템 구축","500000","500000","0","100.0","0.0"
"2026","민간이전","민간경상보조","문화체육관광부","국민체육진흥기금","국민체육진흥계정","문화및관광","체육","생활체육육성","생활체육 활성화","스포츠활동 인센티브","스포츠활동 인센티브 지원금","8000000","8000000","6725745","100.0","84.1"
"2026","민간이전","민간경상보조","문화체육관광부","국민체육진흥기금","국민체육진흥계정","문화및관광","체육","생활체육육성","생활체육 활성화","안전한 스포츠 활동 지원","체육시설 안전시스템 구축","3098000","2170000","753806","70.0","34.7"
"2026","민간이전","민간경상보조","문화체육관광부","국민체육진흥기금","국민체육진흥계정","문화및관광","체육","생활체육육성","생활체육 활성화","안전한 스포츠 활동 지원","안전한 스포츠 환경 구축","2667000","2000000","1224404","75.0","61.2"
"2026","민간이전","민간경상보조","문화체육관광부","국민체육진흥기금","국민체육진흥계정","문화및관광","체육","생활체육육성","생활체육 활성화","스포츠 종목 보급","전통무예 진흥","1134000","790000","174184","69.7","22.0"
"2026","민간이전","민간경상보조","문화체육관광부","국민체육진흥기금","국민체육진흥계정","문화및관광","체육","생활체육육성","생활체육 활성화","스포츠 종목 보급","민속씨름 진흥","5000000","5000000","1992312","100.0","39.8"
"2026","민간이전","민간경상보조","문화체육관광부","국민체육진흥기금","국민체육진흥계정","문화및관광","체육","생활체육육성","생활체육 활성화","스포츠 종목 보급","레저스포츠 보급","708000","534500","66737","75.5","12.5"
"2026","민간이전","민간경상보조","문화체육관광부","국민체육진흥기금","국민체육진흥계정","문화및관광","체육","생활체육육성","생활체육 활성화","스포츠 종목 보급","유네스코 국제무예센터 운영","846000","600000","468545","70.9","78.1"
"2026","민간이전","민간경상보조","문화체육관광부","국민체육진흥기금","국민체육진흥계정","문화및관광","체육","생활체육육성","생활체육 활성화","스포츠 종목 보급","바둑보급사업","1310000","916000","309009","69.9","33.7"
"2026","민간이전","민간경상보조","문화체육관광부","국민체육진흥기금","국민체육진흥계정","문화및관광","체육","생활체육육성","생활체육 활성화","스포츠 종목 보급","동계스포츠 활성화(평창올림픽 테마 스포츠관광 활성화 프로그램)","0","0","0","0","0"
"2026","민간이전","민간경상보조","문화체육관광부","국민체육진흥기금","국민체육진흥계정","문화및관광","체육","생활체육육성","생활체육시설 지원","국민체육센터 건립지원","체육센터 조사 분석 연구","400000","300000","102166","75.0","34.1"
"2026","민간이전","민간경상보조","문화체육관광부","국민체육진흥기금","국민체육진흥계정","문화및관광","체육","생활체육육성","학교체육 육성","신나는 주말체육 프로그램 지원","신나는 주말체육 프로그램 지원","0","0","0","0","0"
"2026","민간이전","민간경상보조","문화체육관광부","국민체육진흥기금","국민체육진흥계정","문화및관광","체육","생활체육육성","학교체육 육성","국립체육영재학교 건립 및 공립체육영재학교 전환","국립체육영재학교 건립","0","0","0","0","0"
"2026","민간이전","민간경상보조","문화체육관광부","국민체육진흥기금","국민체육진흥계정","문화및관광","체육","전문체육육성","전문체육 육성","대한체육회 운영지원","대한체육회 인건비","17119000","17119000","9304041","100.0","54.3"
"2026","민간이전","민간경상보조","문화체육관광부","국민체육진흥기금","국민체육진흥계정","문화및관광","체육","전문체육육성","전문체육 육성","대한체육회 운영지원","대한체육회 기관운영비","9334000","9334000","4805766","100.0","51.5"
"2026","민간이전","민간경상보조","문화체육관광부","국민체육진흥기금","국민체육진흥계정","문화및관광","체육","전문체육육성","전문체육 육성","종목단체 및 지방체육회 지원","체육정보망 구축","832000","645340","401709","77.6","62.2"
"2026","민간이전","민간경상보조","문화체육관광부","국민체육진흥기금","국민체육진흥계정","문화및관광","체육","전문체육육성","전문체육 육성","종목단체 및 지방체육회 지원","종목단체 및 지방체육회 운영","25326000","25125600","12652095","99.2","50.4"
"2026","민간이전","민간경상보조","문화체육관광부","국민체육진흥기금","국민체육진흥계정","문화및관광","체육","전문체육육성","전문체육 육성","종목단체 및 지방체육회 지원","스포츠ICT통합체계 운영관리","1204000","1045650","714546","86.8","68.3"
"2026","민간이전","민간경상보조","문화체육관광부","국민체육진흥기금","국민체육진흥계정","문화및관광","체육","전문체육육성","전문체육 육성","종목단체 및 지방체육회 지원","사격실탄 통합관리시스템 구축","920000","920000","37794","100.0","4.1"
"2026","민간이전","민간경상보조","문화체육관광부","국민체육진흥기금","국민체육진흥계정","문화및관광","체육","전문체육육성","전문체육 육성","우수선수양성지원","국가대표 훈련지원","68850000","52540852","28554729","76.3","54.3"
"2026","민간이전","민간경상보조","문화체육관광부","국민체육진흥기금","국민체육진흥계정","문화및관광","체육","전문체육육성","전문체육 육성","우수선수양성지원","선수촌 운영","41825000","35139967","19354744","84.0","55.1"
"2026","민간이전","민간경상보조","문화체육관광부","국민체육진흥기금","국민체육진흥계정","문화및관광","체육","전문체육육성","전문체육 육성","우수선수양성지원","한국동계스포츠 육성","1365000","550000","0","40.3","0.0"
"2026","민간이전","민간경상보조","문화체육관광부","국민체육진흥기금","국민체육진흥계정","문화및관광","체육","전문체육육성","전문체육 육성","우수선수양성지원","후보선수육성","15056000","12056000","6991130","80.1","58.0"
"2026","민간이전","민간경상보조","문화체육관광부","국민체육진흥기금","국민체육진흥계정","문화및관광","체육","전문체육육성","전문체육 육성","우수선수양성지원","청소년대표육성","6335000","6018000","1656126","95.0","27.5"
"2026","민간이전","민간경상보조","문화체육관광부","국민체육진흥기금","국민체육진흥계정","문화및관광","체육","전문체육육성","전문체육 육성","우수선수양성지원","꿈나무선수육성","6876000","5844600","480690","85.0","8.2"
"2026","민간이전","민간경상보조","문화체육관광부","국민체육진흥기금","국민체육진흥계정","문화및관광","체육","전문체육육성","전문체육 육성","우수선수양성지원","예비국가대표 육성","3040000","3040000","217229","100.0","7.1"
"2026","민간이전","민간경상보조","문화체육관광부","국민체육진흥기금","국민체육진흥계정","문화및관광","체육","전문체육육성","전문체육 육성","국립체육박물관 건립","대한민국 스포츠 역사보존 ","5580000","3906000","845851","70.0","21.7"
"2026","민간이전","민간경상보조","문화체육관광부","국민체육진흥기금","국민체육진흥계정","문화및관광","체육","전문체육육성","전문체육 육성","주최단체지원","프로스포츠 활성화 지원","46535000","37318200","13610623","80.2","36.5"
"2026","민간이전","민간경상보조","문화체육관광부","국민체육진흥기금","국민체육진흥계정","문화및관광","체육","전문체육육성","전문체육 육성","주최단체지원","유소년·아마추어 스포츠 활성화 지원","49344000","32618800","19391370","66.1","59.4"
"2026","민간이전","민간경상보조","문화체육관광부","국민체육진흥기금","국민체육진흥계정","문화및관광","체육","전문체육육성","전문체육 육성","주최단체지원","체육진흥투표권 비발행대상 종목 지원","42301000","33311731","7470299","78.7","22.4"
"2026","민간이전","민간경상보조","문화체육관광부","국민체육진흥기금","국민체육진흥계정","문화및관광","체육","전문체육육성","전문체육 육성","주최단체지원","프로스포츠 정책 및 공통사업 지원","30215000","19896800","7829372","65.9","39.3"
"2026","민간이전","민간경상보조","문화체육관광부","국민체육진흥기금","국민체육진흥계정","문화및관광","체육","전문체육육성","전문체육 육성","스포츠윤리센터 운영","스포츠윤리센터 운영지원","7516000","5261000","3311397","70.0","62.9"
"2026","민간이전","민간경상보조","문화체육관광부","국민체육진흥기금","국민체육진흥계정","문화및관광","체육","전문체육육성","전문체육 육성","스포츠윤리센터 운영","스포츠윤리센터 사업지원","387000","270000","155663","69.8","57.7"
"2026","민간이전","민간경상보조","문화체육관광부","국민체육진흥기금","국민체육진흥계정","문화및관광","체육","전문체육육성","전문체육육성 기반구축","전국(소년)체전 지원","전국체전 지원","5721000","5721000","442867","100.0","7.7"
"2026","민간이전","민간경상보조","문화체육관광부","국민체육진흥기금","국민체육진흥계정","문화및관광","체육","전문체육육성","전문체육육성 기반구축","전국(소년)체전 지원","전국소년체전 지원","7074000","7074000","6463479","100.0","91.4"
"2026","민간이전","민간경상보조","문화체육관광부","국민체육진흥기금","국민체육진흥계정","문화및관광","체육","전문체육육성","체육인복지사업","체육인복지사업","체육인 복지지원","22109000","15343000","8694633","69.4","56.7"
"2026","민간이전","민간경상보조","문화체육관광부","국민체육진흥기금","국민체육진흥계정","문화및관광","체육","전문체육육성","체육인복지사업","체육인복지사업","체육인복지지원시스템 구축","1421000","995000","184002","70.0","18.5"
"2026","민간이전","민간경상보조","문화체육관광부","국민체육진흥기금","국민체육진흥계정","문화및관광","체육","전문체육육성","체육인복지사업","체육인복지사업","체육요원복무관리시스템 운영","38000","22300","16282","58.7","73.0"
"2026","민간이전","민간경상보조","문화체육관광부","국민체육진흥기금","국민체육진흥계정","문화및관광","체육","전문체육육성","체육인복지사업","장애체육인 복지사업","장애체육인복지사업","5318000","5318000","2602114","100.0","48.9"
"2026","민간이전","민간경상보조","문화체육관광부","국민체육진흥기금","국민체육진흥계정","문화및관광","체육","스포츠산업 육성","스포츠산업 연구 및 기술개발(R&D)","스포츠과학 지원","지역스포츠 과학거점 운영","4508000","3381000","2247122","75.0","66.5"
"2026","민간이전","민간경상보조","문화체육관광부","국민체육진흥기금","국민체육진흥계정","문화및관광","체육","스포츠산업 육성","기금조성 기반시설 지원","국민체육진흥공단 운영지원","국민체육진흥공단 운영지원","46856000","40856000","21282286","87.2","52.1"
"2026","민간이전","민간경상보조","문화체육관광부","국민체육진흥기금","국민체육진흥계정","문화및관광","체육","스포츠산업 육성","기금조성 기반시설 지원","올림픽스포츠콤플렉스 조성","국민체육진흥공단 스포츠가치센터 운영","4523000","3500000","1128473","77.4","32.2"
"2026","민간이전","민간경상보조","문화체육관광부","국민체육진흥기금","국민체육진흥계정","문화및관광","체육","스포츠산업 육성","기금조성 기반시설 지원","올림픽스포츠콤플렉스 조성","체육인재 양성","798000","560000","244746","70.2","43.7"
"2026","민간이전","민간경상보조","문화체육관광부","국민체육진흥기금","국민체육진흥계정","문화및관광","체육","스포츠산업 육성","기금조성 기반시설 지원","올림픽스포츠콤플렉스 조성","차세대 기금관리시스템 구축","900000","700000","482474","77.8","68.9"
"2026","민간이전","민간경상보조","문화체육관광부","국민체육진흥기금","국민체육진흥계정","문화및관광","체육","스포츠산업 육성","기금조성 기반시설 지원","올림픽스포츠콤플렉스 조성","스포츠 복합문화시설 건립 타당성 조사","800000","450000","253642","56.3","56.4"
"2026","민간이전","민간경상보조","문화체육관광부","국민체육진흥기금","국민체육진흥계정","문화및관광","체육","스포츠산업 육성","기금조성 기반시설 지원","올림픽스포츠콤플렉스 조성","아웃도어 스포츠를 결합한 스포츠콤플렉스 조성","150000","105000","0","70.0","0.0"
"2026","민간이전","민간경상보조","문화체육관광부","국민체육진흥기금","국민체육진흥계정","문화및관광","체육","스포츠산업 육성","스포츠산업 활성화","스포츠산업활성화지원","기업경영지원","19618000","15496400","2764045","79.0","17.8"
"2026","민간이전","민간경상보조","문화체육관광부","국민체육진흥기금","국민체육진흥계정","문화및관광","체육","스포츠산업 육성","스포츠산업 활성화","스포츠산업활성화지원","일자리·창업지원","13795000","11035000","2347003","80.0","21.3"
"2026","민간이전","민간경상보조","문화체육관광부","국민체육진흥기금","국민체육진흥계정","문화및관광","체육","스포츠산업 육성","스포츠산업 활성화","스포츠산업활성화지원","첨단기술기반산업혁신","6700000","4738700","2547319","70.7","53.8"
"2026","민간이전","민간경상보조","문화체육관광부","국민체육진흥기금","국민체육진흥계정","문화및관광","체육","스포츠산업 육성","스포츠산업 활성화","스포츠산업활성화지원","스마트기술 활용 종목 활성화","400000","300000","110594","75.0","36.9"
"2026","민간이전","민간경상보조","문화체육관광부","국민체육진흥기금","국민체육진흥계정","문화및관광","체육","국제스포츠역량강화","국제스포츠 교류 활성화","국제체육교류 지원","청소년 스포츠교류","2200000","1700000","415418","77.3","24.4"
"2026","민간이전","민간경상보조","문화체육관광부","국민체육진흥기금","국민체육진흥계정","문화및관광","체육","국제스포츠역량강화","국제스포츠 교류 활성화","국제체육교류 지원","국제체육교류","1816000","1431000","531226","78.8","37.1"
"2026","민간이전","민간경상보조","문화체육관광부","국민체육진흥기금","국민체육진흥계정","문화및관광","체육","국제스포츠역량강화","국제스포츠 교류 활성화","국제체육교류 지원","국제대회 참가 지원","17386000","13862450","7207062","79.7","52.0"
"2026","민간이전","민간경상보조","문화체육관광부","국민체육진흥기금","국민체육진흥계정","문화및관광","체육","국제스포츠역량강화","국제스포츠 교류 활성화","도핑방지활동지원","한국도핑방지위원회 운영 지원","4520000","3164000","2311545","70.0","73.1"
"2026","민간이전","민간경상보조","문화체육관광부","국민체육진흥기금","국민체육진흥계정","문화및관광","체육","국제스포츠역량강화","국제스포츠 교류 활성화","도핑방지활동지원","도핑방지위원회 활동 지원","4794000","3355800","1416862","70.0","42.2"
"2026","민간이전","민간경상보조","문화체육관광부","국민체육진흥기금","국민체육진흥계정","문화및관광","체육","국제스포츠역량강화","국제스포츠 교류 활성화","도핑방지활동지원","도핑컨트롤센터 기능보강(민간보조)","369000","369000","50857","100.0","13.8"
"2026","민간이전","민간경상보조","문화체육관광부","국민체육진흥기금","국민체육진흥계정","문화및관광","체육","국제스포츠역량강화","국제스포츠 교류 활성화","국제대회 국내개최 지원","종목별 국제대회 개최지원","3600000","3600000","1454728","100.0","40.4"
"2026","민간이전","민간경상보조","문화체육관광부","국민체육진흥기금","국민체육진흥계정","문화및관광","체육","국제스포츠역량강화","국제스포츠 교류 활성화","국제대회 국내개최 지원","국제대회 유치, 개최 역량 강화","450000","350000","273523","77.8","78.1"
"2026","민간이전","민간경상보조","문화체육관광부","국민체육진흥기금","국민체육진흥계정","문화및관광","체육","국제스포츠역량강화","국제스포츠 교류 활성화","국제대회 국내개최 지원","올림픽 유치지원","900000","900000","117108","100.0","13.0"
"2026","민간이전","민간경상보조","문화체육관광부","국민체육진흥기금","국민체육진흥계정","문화및관광","체육","국제스포츠역량강화","국제스포츠 교류 활성화","국제대회 국내개최 지원","2027 충청권하계세계대학경기대회 지원(조직위)","39342000","27540000","3834263","70.0","13.9"
"2026","민간이전","민간경상보조","문화체육관광부","국민체육진흥기금","국민체육진흥계정","문화및관광","체육","국제스포츠역량강화","국제스포츠 교류 활성화","국제대회 국내개최 지원","2026 대구세계마스터즈육상경기대회 지원","594000","476000","0","80.1","0.0"
"2026","민간이전","민간경상보조","문화체육관광부","국민체육진흥기금","국민체육진흥계정","문화및관광","체육","국제스포츠역량강화","국제스포츠 교류 활성화","태권도 진흥","태권도 교육·연구 ","330000","230000","34291","69.7","14.9"
"2026","민간이전","민간경상보조","문화체육관광부","국민체육진흥기금","국민체육진흥계정","문화및관광","체육","국제스포츠역량강화","국제스포츠 교류 활성화","태권도 진흥","태권도 세계화","9738000","8138000","6385302","83.6","78.5"
"2026","민간이전","민간경상보조","문화체육관광부","국민체육진흥기금","국민체육진흥계정","문화및관광","체육","국제스포츠역량강화","국제스포츠 교류 활성화","태권도 진흥","태권도 산업화","1300000","1300000","47851","100.0","3.7"
"2026","민간이전","민간경상보조","문화체육관광부","국민체육진흥기금","국민체육진흥계정","문화및관광","체육","국제스포츠역량강화","국제스포츠 교류 활성화","태권도 진흥","생활태권도 활성화","0","0","0","0","0"
"2026","민간이전","민간경상보조","문화체육관광부","국민체육진흥기금","국민체육진흥계정","문화및관광","체육","국제스포츠역량강화","국제스포츠 교류 활성화","태권도 진흥","태권도 관광 육성 ","400000","400000","232423","100.0","58.1"
"2026","민간이전","민간경상보조","문화체육관광부","국민체육진흥기금","국민체육진흥계정","문화및관광","체육","국제스포츠역량강화","국제스포츠 교류 활성화","태권도진흥재단 운영(보조) 지원","태권도진흥재단 운영","7189000","7189000","3423418","100.0","47.6"
"2026","민간이전","민간경상보조","문화체육관광부","국민체육진흥기금","국민체육진흥계정","문화및관광","체육","국제스포츠역량강화","국제스포츠 교류 활성화","태권도진흥재단 운영(보조) 지원","태권도 진흥기반 조성","12850000","12850000","7109769","100.0","55.3"
"2026","민간이전","민간경상보조","문화체육관광부","국민체육진흥기금","국민체육진흥계정","문화및관광","체육","국제스포츠역량강화","국제스포츠 교류 활성화","개도국 스포츠 발전지원","개도국선수 합동 훈련과정","583000","583000","275985","100.0","47.3"
"2026","민간이전","민간경상보조","문화체육관광부","국민체육진흥기금","국민체육진흥계정","문화및관광","체육","국제스포츠역량강화","국제스포츠 교류 활성화","개도국 스포츠 발전지원","개도국 스포츠 지도자 교육과정","1218000","1218000","135972","100.0","11.2"
"2026","민간이전","민간경상보조","문화체육관광부","국민체육진흥기금","국민체육진흥계정","문화및관광","체육","국제스포츠역량강화","국제스포츠 교류 활성화","개도국 스포츠 발전지원","개도국 스포츠행정가 교육과정","1888000","1338000","602798","70.9","45.1"
"2026","민간이전","민간경상보조","문화체육관광부","국민체육진흥기금","국민체육진흥계정","문화및관광","체육","국제스포츠역량강화","국제스포츠 교류 활성화","개도국 스포츠 발전지원","스포츠 동반자프로그램","1219000","1219000","381722","100.0","31.3"
"2026","민간이전","민간경상보조","문화체육관광부","국민체육진흥기금","국민체육진흥계정","문화및관광","체육","장애인체육육성","장애인체육 육성","장애인체육단체 운영지원","대한장애인체육회 운영지원","10227000","7990173","5569096","78.1","69.7"
"2026","민간이전","민간경상보조","문화체육관광부","국민체육진흥기금","국민체육진흥계정","문화및관광","체육","장애인체육육성","장애인체육 육성","장애인체육단체 운영지원","이천선수촌 지원","7522000","5995714","2924443","79.7","48.8"
"2026","민간이전","민간경상보조","문화체육관광부","국민체육진흥기금","국민체육진흥계정","문화및관광","체육","장애인체육육성","장애인체육 육성","장애인체육단체 운영지원","장애인체육 가맹단체 지원","8116000","8116000","4005236","100.0","49.3"
"2026","민간이전","민간경상보조","문화체육관광부","국민체육진흥기금","국민체육진흥계정","문화및관광","체육","장애인체육육성","장애인체육 육성","장애인체육단체 운영지원","장애인체육 시도지회 지원","2151000","1674000","1090209","77.8","65.1"
"2026","민간이전","민간경상보조","문화체육관광부","국민체육진흥기금","국민체육진흥계정","문화및관광","체육","장애인체육육성","장애인체육 육성","장애인체육단체 운영지원","장애인체육 법인단체 지원","6154000","5246600","2020452","85.3","38.5"
"2026","민간이전","민간경상보조","문화체육관광부","국민체육진흥기금","국민체육진흥계정","문화및관광","체육","장애인체육육성","장애인체육 육성","장애인체육단체 운영지원","차세대 종합정보시스템 구축","4405000","1000000","336560","22.7","33.7"
"2026","민간이전","민간경상보조","문화체육관광부","국민체육진흥기금","국민체육진흥계정","문화및관광","체육","장애인체육육성","장애인체육 육성","장애인생활체육지원","장애인 생활체육 활동 지원","5554000","5475500","2183846","98.6","39.9"
"2026","민간이전","민간경상보조","문화체육관광부","국민체육진흥기금","국민체육진흥계정","문화및관광","체육","장애인체육육성","장애인체육 육성","장애인생활체육지원","장애인 생활체육 인식 개선 및 홍보","853000","853000","293365","100.0","34.4"
"2026","민간이전","민간경상보조","문화체육관광부","국민체육진흥기금","국민체육진흥계정","문화및관광","체육","장애인체육육성","장애인체육 육성","장애인생활체육지원","장애인생활체육 지도자 배치 및 관리(민간보조)","1264000","1264000","456804","100.0","36.1"
"2026","민간이전","민간경상보조","문화체육관광부","국민체육진흥기금","국민체육진흥계정","문화및관광","체육","장애인체육육성","장애인체육 육성","장애인생활체육지원","장애인 체력인증센터 운영","2937000","2937000","1657510","100.0","56.4"
"2026","민간이전","민간경상보조","문화체육관광부","국민체육진흥기금","국민체육진흥계정","문화및관광","체육","장애인체육육성","장애인체육 육성","장애인생활체육지원","장애인 국내대회 지원(민간보조)","1568000","1568000","1092265","100.0","69.7"
"2026","민간이전","민간경상보조","문화체육관광부","국민체육진흥기금","국민체육진흥계정","문화및관광","체육","장애인체육육성","장애인체육 육성","장애인전문체육 및 국제체육지원","장애인선수 육성지원","22139000","18540343","8329038","83.7","44.9"
"2026","민간이전","민간경상보조","문화체육관광부","국민체육진흥기금","국민체육진흥계정","문화및관광","체육","장애인체육육성","장애인체육 육성","장애인전문체육 및 국제체육지원","장애인동계스포츠 육성","2124000","2124000","1176570","100.0","55.4"
"2026","민간이전","민간경상보조","문화체육관광부","국민체육진흥기금","국민체육진흥계정","문화및관광","체육","장애인체육육성","장애인체육 육성","장애인전문체육 및 국제체육지원","장애인전국체전 및 국제대회지원(민간경상보조)","3003000","2868000","1646534","95.5","57.4"
"2026","민간이전","민간경상보조","문화체육관광부","국민체육진흥기금","국민체육진흥계정","문화및관광","체육","장애인체육육성","장애인체육 육성","장애인전문체육 및 국제체육지원","국제대회 참가 등 지원","16708000","13092000","6018890","78.4","46.0"
"2026","민간이전","민간경상보조","문화체육관광부","국민체육진흥기금","국민체육진흥계정","문화및관광","체육","장애인체육육성","장애인체육 육성","장애인전문체육 및 국제체육지원","장애인실업팀 육성","1508000","1456000","417136","96.6","28.6"
"2026","민간이전","민간경상보조","문화체육관광부","국민체육진흥기금","국민체육진흥계정","문화및관광","체육","장애인체육육성","장애인체육 육성","장애인전문체육 및 국제체육지원","전임지도자 배치","0","0","0","0","0"
"2026","민간이전","민간경상보조","문화체육관광부","국민체육진흥기금","국민체육진흥계정","문화및관광","체육","장애인체육육성","장애인체육 육성","장애인전문체육 및 국제체육지원","장애인 스포츠과학화 지원","894000","894000","276628","100.0","30.9"
"2026","민간이전","민간경상보조","문화체육관광부","국민체육진흥기금","국민체육진흥계정","문화및관광","체육","장애인체육육성","장애인체육 육성","장애인전문체육 및 국제체육지원","장애인은퇴선수 지원","343000","250100","165295","72.9","66.1"
"2026","민간이전","민간경상보조","문화체육관광부","국민체육진흥기금","국민체육진흥계정","문화및관광","체육","장애인체육육성","장애인체육 육성","장애인전문체육 및 국제체육지원","장애인국제스포츠 교류","455000","455000","85731","100.0","18.8"
"2026","민간이전","민간경상보조","문화체육관광부","국민체육진흥기금","국민체육진흥계정","문화및관광","체육","장애인체육육성","장애인체육 육성","장애인전문체육 및 국제체육지원","스포츠등급분류 지원","486000","486000","198321","100.0","40.8"
"2026","민간이전","민간경상보조","문화체육관광부","국민체육진흥기금","사행산업중독예방치유계정","문화및관광","체육","생활체육육성","도박문제 예방 치유","도박문제 예방치유사업","도박문제 예방홍보","1920000","1593600","522270","83.0","32.8"
"2026","민간이전","민간경상보조","문화체육관광부","국민체육진흥기금","사행산업중독예방치유계정","문화및관광","체육","생활체육육성","도박문제 예방 치유","도박문제 예방치유사업","도박중독 치유재활","11932000","9903600","5817315","83.0","58.7"
"2026","민간이전","민간경상보조","문화체육관광부","국민체육진흥기금","사행산업중독예방치유계정","문화및관광","체육","생활체육육성","도박문제 예방 치유","도박문제 예방치유사업","한국도박문제예방치유원 운영","8644000","7174500","4434289","83.0","61.8"
"2026","민간이전","민간경상보조","문화체육관광부","문화예술진흥기금"," ","문화및관광","문화예술","창의적문화정책구현","전통문화 진흥","한스타일 육성지원","전통문화포털 운영 및 활성화","200000","200000","31276","100.0","15.6"
"2026","민간이전","민간경상보조","문화체육관광부","문화예술진흥기금"," ","문화및관광","문화예술","창의적문화정책구현","전통문화 진흥","한스타일 육성지원","한지분야 육성지원","1215000","1215000","417786","100.0","34.4"
"2026","민간이전","민간경상보조","문화체육관광부","문화예술진흥기금"," ","문화및관광","문화예술","창의적문화정책구현","전통문화 진흥","한스타일 육성지원","한복 분야 육성 지원","5987000","5987000","2859899","100.0","47.8"
"2026","민간이전","민간경상보조","문화체육관광부","문화예술진흥기금"," ","문화및관광","문화예술","창의적문화정책구현","전통문화 진흥","한스타일 육성지원","한식분야 육성지원","630000","630000","156232","100.0","24.8"
"2026","민간이전","민간경상보조","문화체육관광부","문화예술진흥기금"," ","문화및관광","문화예술","창의적문화정책구현","국제문화교류","문화예술 해외교류","한중일 문화교류","792000","576000","59104","72.7","10.3"
"2026","민간이전","민간경상보조","문화체육관광부","문화예술진흥기금"," ","문화및관광","문화예술","창의적문화정책구현","국제문화교류","문화예술 해외교류","국제문화교류 및 민간협업지원","30000","21000","5658","70.0","26.9"
"2026","민간이전","민간경상보조","문화체육관광부","문화예술진흥기금"," ","문화및관광","문화예술","예술의 진흥 및 생활화, 산업화","기초예술역량강화","예술산업 금융지원시범사업(융자)","예술산업 금융지원(예술경영지원센터)","0","0","0","0","0"
"2026","민간이전","민간경상보조","문화체육관광부","문화예술진흥기금"," ","문화및관광","문화예술","예술의 진흥 및 생활화, 산업화","시각예술 진흥기반 구축","공예문화산업육성","공예산업진흥기반 구축","4220000","3000000","1157601","71.1","38.6"
"2026","민간이전","민간경상보조","문화체육관광부","문화예술진흥기금"," ","문화및관광","문화예술","예술의 창작역량 및 사회적 가치 제고","예술창작역량강화","예술창작 지원","시각예술창작산실","1123000","884800","553278","78.8","62.5"
"2026","민간이전","민간경상보조","문화체육관광부","문화예술진흥기금"," ","문화및관광","문화예술","예술의 창작역량 및 사회적 가치 제고","예술창작역량강화","예술창작 지원","베니스비엔날레한국관운영","1000000","735000","534847","73.5","72.8"
"2026","민간이전","민간경상보조","문화체육관광부","문화예술진흥기금"," ","문화및관광","문화예술","예술의 창작역량 및 사회적 가치 제고","예술창작역량강화","예술창작 지원","ARKO한국창작음악제","500000","500000","77292","100.0","15.5"
"2026","민간이전","민간경상보조","문화체육관광부","문화예술진흥기금"," ","문화및관광","문화예술","예술의 창작역량 및 사회적 가치 제고","예술창작역량강화","예술창작 지원","문학창작주체지원","648000","442148","305240","68.2","69.0"
"2026","민간이전","민간경상보조","문화체육관광부","문화예술진흥기금"," ","문화및관광","문화예술","예술의 창작역량 및 사회적 가치 제고","예술창작역량강화","예술창작 지원","공연예술창작산실","10103000","5084460","3916658","50.3","77.0"
"2026","민간이전","민간경상보조","문화체육관광부","문화예술진흥기금"," ","문화및관광","문화예술","예술의 창작역량 및 사회적 가치 제고","예술창작역량강화","예술창작 지원","기초예술다양성증진지원","1554000","810600","340693","52.2","42.0"
"2026","민간이전","민간경상보조","문화체육관광부","문화예술진흥기금"," ","문화및관광","문화예술","예술의 창작역량 및 사회적 가치 제고","예술창작역량강화","예술창작 지원","창작공간활성화지원(문학)","400000","309070","217282","77.3","70.3"
"2026","민간이전","민간경상보조","문화체육관광부","문화예술진흥기금"," ","문화및관광","문화예술","예술의 창작역량 및 사회적 가치 제고","예술창작역량강화","예술창작 지원","창작공간활성화지원(시각예술)","2800000","1859500","1186599","66.4","63.8"
"2026","민간이전","민간경상보조","문화체육관광부","문화예술진흥기금"," ","문화및관광","문화예술","예술의 창작역량 및 사회적 가치 제고","예술창작역량강화","예술창작 지원","공연예술창작주체(창작공간)","2500000","1708900","1121730","68.4","65.6"
"2026","민간이전","민간경상보조","문화체육관광부","문화예술진흥기금"," ","문화및관광","문화예술","예술의 창작역량 및 사회적 가치 제고","예술창작역량강화","예술창작 지원","공연예술창작주체(공연제작)","8428000","6389620","4067250","75.8","63.7"
"2026","민간이전","민간경상보조","문화체육관광부","문화예술진흥기금"," ","문화및관광","문화예술","예술의 창작역량 및 사회적 가치 제고","예술창작역량강화","예술창작 지원","대한민국공연예술제지원","8567000","5947250","3485164","69.4","58.6"
"2026","민간이전","민간경상보조","문화체육관광부","문화예술진흥기금"," ","문화및관광","문화예술","예술의 창작역량 및 사회적 가치 제고","예술창작역량강화","예술창작 지원","해외레지던시참가지원","200000","163709","136645","81.9","83.5"
"2026","민간이전","민간경상보조","문화체육관광부","문화예술진흥기금"," ","문화및관광","문화예술","예술의 창작역량 및 사회적 가치 제고","예술창작역량강화","예술창작 지원","국제협업지원","900000","673868","404125","74.9","60.0"
"2026","민간이전","민간경상보조","문화체육관광부","문화예술진흥기금"," ","문화및관광","문화예술","예술의 창작역량 및 사회적 가치 제고","예술창작역량강화","예술창작 지원","인바운드국제협력강화","700000","443195","236352","63.3","53.3"
"2026","민간이전","민간경상보조","문화체육관광부","문화예술진흥기금"," ","문화및관광","문화예술","예술의 창작역량 및 사회적 가치 제고","예술창작역량강화","예술창작 지원","공연장대관료지원","5168000","1784600","62385","34.5","3.5"
"2026","민간이전","민간경상보조","문화체육관광부","문화예술진흥기금"," ","문화및관광","문화예술","예술의 창작역량 및 사회적 가치 제고","예술창작역량강화","예술창작 지원","지역예술도약지원","900000","268300","51124","29.8","19.1"
"2026","민간이전","민간경상보조","문화체육관광부","문화예술진흥기금"," ","문화및관광","문화예술","예술의 창작역량 및 사회적 가치 제고","예술창작역량강화","예술창작 지원","예술창작실 운영","300000","200000","176515","66.7","88.3"
"2026","민간이전","민간경상보조","문화체육관광부","문화예술진흥기금"," ","문화및관광","문화예술","예술의 창작역량 및 사회적 가치 제고","예술창작역량강화","예술창작 지원","대한민국공연예술제지원(소년소녀합창단해외공연)","300000","147000","64100","49.0","43.6"
"2026","민간이전","민간경상보조","문화체육관광부","문화예술진흥기금"," ","문화및관광","문화예술","예술의 창작역량 및 사회적 가치 제고","예술창작역량강화","예술창작 지원","공연예술창작산실(1차추경)","250000","160000","18427","64.0","11.5"
"2026","민간이전","민간경상보조","문화체육관광부","문화예술진흥기금"," ","문화및관광","문화예술","예술의 창작역량 및 사회적 가치 제고","예술창작역량강화","예술창작 지원","공연예술창작주체(창작공간_1차추경)","750000","437500","64322","58.3","14.7"
"2026","민간이전","민간경상보조","문화체육관광부","문화예술진흥기금"," ","문화및관광","문화예술","예술의 창작역량 및 사회적 가치 제고","예술창작역량강화","예술창작 지원","시각예술창작산실(1차추경)","250000","175000","19962","70.0","11.4"
"2026","민간이전","민간경상보조","문화체육관광부","문화예술진흥기금"," ","문화및관광","문화예술","예술의 창작역량 및 사회적 가치 제고","예술창작역량강화","예술창작 지원","창작공간활성화지원(시각예술_1차추경)","750000","490000","107259","65.3","21.9"
"2026","민간이전","민간경상보조","문화체육관광부","문화예술진흥기금"," ","문화및관광","문화예술","예술의 창작역량 및 사회적 가치 제고","예술창작역량강화","예술인력 육성","문화예술기관연수단원지원","8121000","7799200","3717553","96.0","47.7"
"2026","민간이전","민간경상보조","문화체육관광부","문화예술진흥기금"," ","문화및관광","문화예술","예술의 창작역량 및 사회적 가치 제고","예술창작역량강화","예술인력 육성","전문무용수지원센터운영지원","1319000","924000","567485","70.1","61.4"
"2026","민간이전","민간경상보조","문화체육관광부","문화예술진흥기금"," ","문화및관광","문화예술","예술의 창작역량 및 사회적 가치 제고","예술창작역량강화","예술인력 육성","무대기술인턴십지원","1247680","1236400","542553","99.1","43.9"
"2026","민간이전","민간경상보조","문화체육관광부","문화예술진흥기금"," ","문화및관광","문화예술","예술의 창작역량 및 사회적 가치 제고","예술창작역량강화","예술인력 육성","아르코청년예술가지원","1610000","885748","499700","55.0","56.4"
"2026","민간이전","민간경상보조","문화체육관광부","문화예술진흥기금"," ","문화및관광","문화예술","예술의 창작역량 및 사회적 가치 제고","예술창작역량강화","예술인력 육성","예비예술인 현장역량 및 예술생태계 강화","5524000","3059800","1599697","55.4","52.3"
"2026","민간이전","민간경상보조","문화체육관광부","문화예술진흥기금"," ","문화및관광","문화예술","예술의 창작역량 및 사회적 가치 제고","예술창작역량강화","예술인력 육성","문화예술기관연수단원지원(1차추경)","3435000","1736640","183424","50.6","10.6"
"2026","민간이전","민간경상보조","문화체육관광부","문화예술진흥기금"," ","문화및관광","문화예술","예술의 창작역량 및 사회적 가치 제고","예술창작역량강화","예술인 생활안정자금","예술인생활안정자금(한국예술인복지재단)","780000","780000","370746","100.0","47.5"
"2026","민간이전","민간경상보조","문화체육관광부","문화예술진흥기금"," ","문화및관광","문화예술","예술의 창작역량 및 사회적 가치 제고","예술창작역량강화","예술인 생활안정자금","예술인생활안정자금(한국예술인복지재단_1차추경)","780000","780000","213859","100.0","27.4"
"2026","민간이전","민간경상보조","문화체육관광부","문화예술진흥기금"," ","문화및관광","문화예술","예술의 창작역량 및 사회적 가치 제고","지역문화예술진흥","예술의 관광자원화","전통공연예술활성화","2353000","1647000","821646","70.0","49.9"
"2026","민간이전","민간경상보조","문화체육관광부","문화예술진흥기금"," ","문화및관광","문화예술","예술의 창작역량 및 사회적 가치 제고","지역문화예술진흥","예술의 관광자원화","아시아최대마켓형공연예술축제운영지원","2170000","1953000","476378","90.0","24.4"
"2026","민간이전","민간경상보조","문화체육관광부","문화예술진흥기금"," ","문화및관광","문화예술","예술의 창작역량 및 사회적 가치 제고","예술향유기회 확대","예술가치의사회적확산","문화예술후원매개단체지원","284000","0","0","0.0","0"
"2026","민간이전","민간경상보조","문화체육관광부","문화예술진흥기금"," ","문화및관광","문화예술","예술의 창작역량 및 사회적 가치 제고","예술향유기회 확대","예술가치의사회적확산","민간후원활성화지원(한국메세나협회)","3500000","3473000","1069466","99.2","30.8"
"2026","민간이전","민간경상보조","문화체육관광부","문화예술진흥기금"," ","문화및관광","문화예술","예술의 창작역량 및 사회적 가치 제고","예술향유기회 확대","예술가치의사회적확산","공연예술조사(예술경영지원센터)","287000","287000","184133","100.0","64.2"
"2026","민간이전","민간경상보조","문화체육관광부","문화예술진흥기금"," ","문화및관광","문화예술","예술의 창작역량 및 사회적 가치 제고","예술향유기회 확대","예술가치의사회적확산","민간후원활성화지원(지역중심 예술과 기업 동반성장)","4000000","1094450","79680","27.4","7.3"
"2026","민간이전","민간경상보조","문화체육관광부","문화예술진흥기금"," ","문화및관광","문화예술","예술의 창작역량 및 사회적 가치 제고","예술향유기회 확대","문화예술향유 지원","통합문화이용권(주관처지원)","1200000","908750","310497","75.7","34.2"
"2026","민간이전","민간경상보조","문화체육관광부","문화예술진흥기금"," ","문화및관광","문화예술","예술의 창작역량 및 사회적 가치 제고","예술향유기회 확대","문화예술향유 지원","공연예술관람료지원(1차추경)","4100000","4100000","855552","100.0","20.9"
"2026","민간이전","민간경상보조","문화체육관광부","아시아문화중심도시조성특별회계"," ","문화및관광","문화예술","아시아문화중심도시조성","문화중심도시조성","아시아문화전당 콘텐츠 및 운영","(아시아문화전당 재단 지원) 콘텐츠 활용, 유통","10571000","4850000","3188600","45.9","65.7"
"2026","민간이전","민간경상보조","문화체육관광부","아시아문화중심도시조성특별회계"," ","문화및관광","문화예술","아시아문화중심도시조성","문화중심도시조성","아시아문화전당 콘텐츠 및 운영","(아시아문화전당 재단 지원) 국립아시아문화전당재단 운영","9411000","6200000","5242432","65.9","84.6"
"2026","민간이전","민간경상보조","문화체육관광부","아시아문화중심도시조성특별회계"," ","문화및관광","문화예술","아시아문화중심도시조성","문화중심도시조성","아시아문화전당 콘텐츠 및 운영","(아시아문화전당재단 지원) 문화관광 상품의 개발 및 제작, 보급","805000","550000","154360","68.3","28.1"
"2026","민간이전","민간경상보조","문화체육관광부","언론진흥기금"," ","문화및관광","문화예술","문화미디어산업육성및지원","언론발전지원","뉴스정보 유통활성화","정보접근권확산지원","670000","589981","344751","88.1","58.4"
"2026","민간이전","민간경상보조","문화체육관광부","언론진흥기금"," ","문화및관광","문화예술","문화미디어산업육성및지원","언론발전지원","뉴스미디어 저널리즘 신뢰성 제고","신문윤리심의지원","2900000","2500000","1521029","86.2","60.8"
"2026","민간이전","민간경상보조","문화체육관광부","언론진흥기금"," ","문화및관광","문화예술","문화미디어산업육성및지원","언론발전지원","뉴스미디어 저널리즘 신뢰성 제고","저널리즘교육통합지원","0","0","0","0","0"
"2026","민간이전","민간경상보조","문화체육관광부","언론진흥기금"," ","문화및관광","문화예술","문화미디어산업육성및지원","언론발전지원","뉴스미디어 디지털 혁신 지원","뉴스콘텐츠생산지원","1385000","1123957","104903","81.2","9.3"
"2026","민간이전","민간경상보조","문화체육관광부","영화발전기금"," ","문화및관광","문화예술","콘텐츠산업 육성","영화산업 육성 및 지원","영화 창제작 지원","제작지원(장편극영화)","8897000","3679984","506377","41.4","13.8"
"2026","민간이전","민간경상보조","문화체육관광부","영화발전기금"," ","문화및관광","문화예술","콘텐츠산업 육성","영화산업 육성 및 지원","영화 창제작 지원","기획개발지원 작가부문","850000","440000","440000","51.8","100.0"
"2026","민간이전","민간경상보조","문화체육관광부","영화발전기금"," ","문화및관광","문화예술","콘텐츠산업 육성","영화산업 육성 및 지원","영화 창제작 지원","제작지원(단편)","500000","367400","169631","73.5","46.2"
"2026","민간이전","민간경상보조","문화체육관광부","영화발전기금"," ","문화및관광","문화예술","콘텐츠산업 육성","영화산업 육성 및 지원","영화 창제작 지원","제작지원(다큐)","1428000","694100","598484","48.6","86.2"
"2026","민간이전","민간경상보조","문화체육관광부","영화발전기금"," ","문화및관광","문화예술","콘텐츠산업 육성","영화산업 육성 및 지원","영화 창제작 지원","기획개발지원 제작사부문(초기기획/영화화)","2700000","1650000","1341978","61.1","81.3"
"2026","민간이전","민간경상보조","문화체육관광부","영화발전기금"," ","문화및관광","문화예술","콘텐츠산업 육성","영화산업 육성 및 지원","영화 창제작 지원","중예산영화 제작지원","40214000","2070000","1719947","5.1","83.1"
"2026","민간이전","민간경상보조","문화체육관광부","영화발전기금"," ","문화및관광","문화예술","콘텐츠산업 육성","영화산업 육성 및 지원","영화 창제작 지원","AI 기반 영화 제작지원(장편)","1600000","1085000","95720","67.8","8.8"
"2026","민간이전","민간경상보조","문화체육관광부","영화발전기금"," ","문화및관광","문화예술","콘텐츠산업 육성","영화산업 육성 및 지원","영화 창제작 지원","AI 기반 영화 제작지원(단편)","600000","412700","166433","68.8","40.3"
"2026","민간이전","민간경상보조","문화체육관광부","영화발전기금"," ","문화및관광","문화예술","콘텐츠산업 육성","영화산업 육성 및 지원","영화 창제작 지원","영화 국제공동제작 시범사업","3000000","0","0","0.0","0"
"2026","민간이전","민간경상보조","문화체육관광부","영화발전기금"," ","문화및관광","문화예술","콘텐츠산업 육성","영화산업 육성 및 지원","영화 창제작 지원","국제공동제작 기획개발지원","0","0","0","0","0"
"2026","민간이전","민간경상보조","문화체육관광부","영화발전기금"," ","문화및관광","문화예술","콘텐츠산업 육성","영화산업 육성 및 지원","영화 창제작 지원","한국영화 제작사 라인업 기획개발지원","1000000","800000","442944","80.0","55.4"
"2026","민간이전","민간경상보조","문화체육관광부","영화발전기금"," ","문화및관광","문화예술","콘텐츠산업 육성","영화산업 육성 및 지원","영화 창제작 지원","제작지원(중소규모 장편극영화)","800000","0","0","0.0","0"
"2026","민간이전","민간경상보조","문화체육관광부","영화발전기금"," ","문화및관광","문화예술","콘텐츠산업 육성","영화산업 육성 및 지원","영화 창제작 지원","중예산영화 제작지원(100억~150억) ","6000000","0","0","0.0","0"
"2026","민간이전","민간경상보조","문화체육관광부","영화발전기금"," ","문화및관광","문화예술","콘텐츠산업 육성","영화산업 육성 및 지원","영화 창제작 지원","한국영화 첨단제작 집중지원","7900000","0","0","0.0","0"
"2026","민간이전","민간경상보조","문화체육관광부","영화발전기금"," ","문화및관광","문화예술","콘텐츠산업 육성","영화산업 육성 및 지원","영화유통 지원","예술영화전용관지원","1584000","1584000","622349","100.0","39.3"
"2026","민간이전","민간경상보조","문화체육관광부","영화발전기금"," ","문화및관광","문화예술","콘텐츠산업 육성","영화산업 육성 및 지원","영화유통 지원","시네마테크전용관 운영","420000","420000","284410","100.0","67.7"
"2026","민간이전","민간경상보조","문화체육관광부","영화발전기금"," ","문화및관광","문화예술","콘텐츠산업 육성","영화산업 육성 및 지원","영화유통 지원","독립영화전용관 지원","855000","855000","355703","100.0","41.6"
"2026","민간이전","민간경상보조","문화체육관광부","영화발전기금"," ","문화및관광","문화예술","콘텐츠산업 육성","영화산업 육성 및 지원","영화유통 지원","국제영화제 참가활동지원","132000","53471","55391","40.5","103.6"
"2026","민간이전","민간경상보조","문화체육관광부","영화발전기금"," ","문화및관광","문화예술","콘텐츠산업 육성","영화산업 육성 및 지원","영화유통 지원","독립영화제 개최 지원","400000","320000","13239","80.0","4.1"
"2026","민간이전","민간경상보조","문화체육관광부","영화발전기금"," ","문화및관광","문화예술","콘텐츠산업 육성","영화산업 육성 및 지원","영화유통 지원","국내 및 국제영화제 지원","4261000","3713600","1930986","87.2","52.0"
"2026","민간이전","민간경상보조","문화체육관광부","영화발전기금"," ","문화및관광","문화예술","콘텐츠산업 육성","영화산업 육성 및 지원","영화유통 지원","영화촬영지정보네트워크구축(해외영화 국내촬영 유치지원)","225000","180000","103223","80.0","57.3"
"2026","민간이전","민간경상보조","문화체육관광부","영화발전기금"," ","문화및관광","문화예술","콘텐츠산업 육성","영화산업 육성 및 지원","영화유통 지원","독립예술영화 개봉지원","1452000","1189600","387005","81.9","32.5"
"2026","민간이전","민간경상보조","문화체육관광부","영화발전기금"," ","문화및관광","문화예술","콘텐츠산업 육성","영화산업 육성 및 지원","영화유통 지원","필름마켓 참가활동지원 (해외세일즈 지원)","300000","254500","162416","84.8","63.8"
"2026","민간이전","민간경상보조","문화체육관광부","영화발전기금"," ","문화및관광","문화예술","콘텐츠산업 육성","영화산업 육성 및 지원","영화유통 지원","JIMFF 뮤직필름마켓 지원","50000","0","0","0.0","0"
"2026","민간이전","민간경상보조","문화체육관광부","영화발전기금"," ","문화및관광","문화예술","콘텐츠산업 육성","영화산업 육성 및 지원","영화정책지원","한글자막 및 화면해설 컨텐츠 지원","1300000","400000","231719","30.8","57.9"
"2026","민간이전","민간경상보조","문화체육관광부","영화발전기금"," ","문화및관광","문화예술","콘텐츠산업 육성","영화산업 육성 및 지원","영화정책지원","장애인영화제 지원","100000","80000","12513","80.0","15.6"
"2026","민간이전","민간경상보조","문화체육관광부","영화발전기금"," ","문화및관광","문화예술","콘텐츠산업 육성","영화산업 육성 및 지원","영화영상 로케이션 지원","영화영상 로케이션 인센티브 지원","354621","0","0","0.0","0"
"2026","민간이전","민간경상보조","문화체육관광부","일반회계"," ","문화및관광","문화예술","종교문화지원","종교문화활동 및 보존지원","종교문화활동지원","종교문화행사 지원(민족종교)","850000","600000","337905","70.6","56.3"
"2026","민간이전","민간경상보조","문화체육관광부","일반회계"," ","문화및관광","문화예술","종교문화지원","종교문화활동 및 보존지원","종교문화활동지원","생명문화존중사업(기독교)","304000","241000","169707","79.3","70.4"
"2026","민간이전","민간경상보조","문화체육관광부","일반회계"," ","문화및관광","문화예술","종교문화지원","종교문화활동 및 보존지원","종교문화활동지원","청소년 인성교육 활성화(기독교)","423000","221500","59816","52.4","27.0"
"2026","민간이전","민간경상보조","문화체육관광부","일반회계"," ","문화및관광","문화예술","종교문화지원","종교문화활동 및 보존지원","종교문화활동지원","종교문화행사 지원(기독교)","5761000","3780000","1516718","65.6","40.1"
"2026","민간이전","민간경상보조","문화체육관광부","일반회계"," ","문화및관광","문화예술","종교문화지원","종교문화활동 및 보존지원","종교문화활동지원","종교문화행사 지원(원불교)","476000","320000","255807","67.2","79.9"
"2026","민간이전","민간경상보조","문화체육관광부","일반회계"," ","문화및관광","문화예술","종교문화지원","종교문화활동 및 보존지원","종교문화활동지원","종교문화행사 지원(천도교)","650000","0","0","0.0","0"
"2026","민간이전","민간경상보조","문화체육관광부","일반회계"," ","문화및관광","문화예술","종교문화지원","종교문화활동 및 보존지원","종교문화활동지원","종교문화행사 지원(유교)","1330000","896000","176901","67.4","19.7"
"2026","민간이전","민간경상보조","문화체육관광부","일반회계"," ","문화및관광","문화예술","종교문화지원","종교문화활동 및 보존지원","종교문화활동지원","국제종교교류협력(불교)","1295000","930000","681633","71.8","73.3"
"2026","민간이전","민간경상보조","문화체육관광부","일반회계"," ","문화및관광","문화예술","종교문화지원","종교문화활동 및 보존지원","종교문화활동지원","청소년 인성교육 활성화(불교)","220000","142000","16136","64.5","11.4"
"2026","민간이전","민간경상보조","문화체육관광부","일반회계"," ","문화및관광","문화예술","종교문화지원","종교문화활동 및 보존지원","종교문화활동지원","종교문화행사 지원(불교)","8050000","7245000","3798479","90.0","52.4"
"2026","민간이전","민간경상보조","문화체육관광부","일반회계"," ","문화및관광","문화예술","종교문화지원","종교문화활동 및 보존지원","종교문화활동지원","국제종교교류협력(종교연합)","273000","181400","95682","66.4","52.7"
"2026","민간이전","민간경상보조","문화체육관광부","일반회계"," ","문화및관광","문화예술","종교문화지원","종교문화활동 및 보존지원","종교문화활동지원","이웃종교이해 및 종교연합활동 지원","640000","308000","42234","48.1","13.7"
"2026","민간이전","민간경상보조","문화체육관광부","일반회계"," ","문화및관광","문화예술","종교문화지원","종교문화활동 및 보존지원","종교문화활동지원","생명문화존중사업(불교)","80000","0","0","0.0","0"
"2026","민간이전","민간경상보조","문화체육관광부","일반회계"," ","문화및관광","문화예술","종교문화지원","종교문화활동 및 보존지원","종교문화활동지원","종교문화행사 지원(겨레얼)","650000","290000","138886","44.6","47.9"
"2026","민간이전","민간경상보조","문화체육관광부","일반회계"," ","문화및관광","문화예술","종교문화지원","종교문화활동 및 보존지원","종교문화활동지원","청소년 인성교육 활성화(원불교)","345000","241500","164014","70.0","67.9"
"2026","민간이전","민간경상보조","문화체육관광부","일반회계"," ","문화및관광","문화예술","종교문화지원","종교문화활동 및 보존지원","종교문화활동지원","청소년 인성교육 활성화(천도교)","84000","0","0","0.0","0"
"2026","민간이전","민간경상보조","문화체육관광부","일반회계"," ","문화및관광","문화예술","종교문화지원","종교문화활동 및 보존지원","종교문화활동지원","청소년 인성교육 활성화(유교)","84000","50000","5589","59.5","11.2"
"2026","민간이전","민간경상보조","문화체육관광부","일반회계"," ","문화및관광","문화예술","종교문화지원","종교문화활동 및 보존지원","종교문화활동지원","청소년 인성교육 활성화(민족종교)","84000","42000","11900","50.0","28.3"
"2026","민간이전","민간경상보조","문화체육관광부","일반회계"," ","문화및관광","문화예술","종교문화지원","종교문화활동 및 보존지원","종교문화활동지원","생명문화존중사업(원불교)","100000","100000","63211","100.0","63.2"
"2026","민간이전","민간경상보조","문화체육관광부","일반회계"," ","문화및관광","문화예술","종교문화지원","종교문화활동 및 보존지원","종교문화활동지원","이웃종교이해 및 종교연합활동 지원(종교평화 문화프로그램 지원)","0","0","0","0","0"
"2026","민간이전","민간경상보조","문화체육관광부","일반회계"," ","문화및관광","문화예술","종교문화지원","종교문화활동 및 보존지원","전통종교문화유산보존","한국천주교 사료 목록화 ","400000","280000","166313","70.0","59.4"
"2026","민간이전","민간경상보조","문화체육관광부","일반회계"," ","문화및관광","문화예술","종교문화지원","종교문화활동 및 보존지원","전통종교문화유산보존","천주교 조선교구 200주년 기념 신학대전 발간","230000","161000","100253","70.0","62.3"
"2026","민간이전","민간경상보조","문화체육관광부","일반회계"," ","문화및관광","문화예술","종교문화지원","종교문화활동 및 보존지원","전통종교문화유산보존","언해불전 음석 자전연구 및 편찬","0","0","0","0","0"
"2026","민간이전","민간경상보조","문화체육관광부","일반회계"," ","문화및관광","문화예술","종교문화지원","종교문화활동 및 보존지원","전통종교문화유산보존","한국 기독교 기록문화 유산발굴 ","300000","210000","114676","70.0","54.6"
"2026","민간이전","민간경상보조","문화체육관광부","일반회계"," ","문화및관광","문화예술","종교문화지원","종교문화활동 및 보존지원","전통종교문화유산보존","한국불교문화콘텐츠 플랫폼 구축","1800000","1800000","523283","100.0","29.1"
"2026","민간이전","민간경상보조","문화체육관광부","일반회계"," ","문화및관광","문화예술","종교문화지원","종교문화활동 및 보존지원","전통종교문화유산보존","불교기록문화유산 디지털화 사업","480000","480000","290365","100.0","60.5"
"2026","민간이전","민간경상보조","문화체육관광부","일반회계"," ","문화및관광","문화예술","종교문화지원","종교문화활동 및 보존지원","전통종교문화유산보존","고대 그리스도 문헌총서 번역","220000","154000","98398","70.0","63.9"
"2026","민간이전","민간경상보조","문화체육관광부","일반회계"," ","문화및관광","문화예술","종교문화지원","종교문화활동 및 보존지원","전통종교문화유산보존","한국전승문화대계결집 편찬지원","594000","594000","248185","100.0","41.8"
"2026","민간이전","민간경상보조","문화체육관광부","일반회계"," ","문화및관광","문화예술","종교문화지원","종교문화활동 및 보존지원","전통종교문화유산보존","원불교 기록유산 DB 및 활용시스템 구축","200000","200000","200000","100.0","100.0"
"2026","민간이전","민간경상보조","문화체육관광부","일반회계"," ","문화및관광","문화예술","종교문화지원","종교문화활동 및 보존지원","전통종교문화유산보존","K-불교 세계화 3D 디지털 아카이브 구축","700000","0","0","0.0","0"
"2026","민간이전","민간경상보조","문화체육관광부","일반회계"," ","문화및관광","문화예술","종교문화지원","종교문화활동 및 보존지원","전통종교문화유산보존","언해불전 21세기 우리말 역해와 전산화 사업","450000","300000","207074","66.7","69.0"
"2026","민간이전","민간경상보조","문화체육관광부","일반회계"," ","문화및관광","문화예술","종교문화지원","종교문화활동 및 보존지원","전통종교문화유산보존","한국밀교문화 집성 및 진호국가 의례 복원","215000","150000","100000","69.8","66.7"
"2026","민간이전","민간경상보조","문화체육관광부","일반회계"," ","문화및관광","문화예술","종교문화지원","종교문화활동 및 보존지원","법난심의위원회 운영","10.27 법난 기념행사 지원","180000","126000","64083","70.0","50.9"
"2026","민간이전","민간경상보조","문화체육관광부","일반회계"," ","문화및관광","문화예술","콘텐츠산업 육성","문화콘텐츠산업 진흥 환경 조성","문화산업정책개발 및 평가","콘텐츠산업정보포털 운영","550000","550000","317327","100.0","57.7"
"2026","민간이전","민간경상보조","문화체육관광부","일반회계"," ","문화및관광","문화예술","콘텐츠산업 육성","문화콘텐츠산업 진흥 환경 조성","문화산업정책개발 및 평가","콘텐츠산업 정책연구","1080000","812000","716428","75.2","88.2"
"2026","민간이전","민간경상보조","문화체육관광부","일반회계"," ","문화및관광","문화예술","콘텐츠산업 육성","문화콘텐츠산업 진흥 환경 조성","문화산업정책개발 및 평가","콘텐츠 공정상생환경 조성","1679000","1587200","763939","94.5","48.1"
"2026","민간이전","민간경상보조","문화체육관광부","일반회계"," ","문화및관광","문화예술","콘텐츠산업 육성","문화콘텐츠산업 진흥 환경 조성","문화콘텐츠 투자활성화","콘텐츠기업 투융자기반조성","4488000","3490000","2437772","77.8","69.9"
"2026","민간이전","민간경상보조","문화체육관광부","일반회계"," ","문화및관광","문화예술","콘텐츠산업 육성","문화콘텐츠산업 진흥 환경 조성","콘텐츠산업 생태계 조성","콘텐츠 분야 인재양성","43242000","34130000","12383505","78.9","36.3"
"2026","민간이전","민간경상보조","문화체육관광부","일반회계"," ","문화및관광","문화예술","콘텐츠산업 육성","문화콘텐츠산업 진흥 환경 조성","콘텐츠산업 생태계 조성","콘텐츠 기업육성 지원","8874000","8344000","2444852","94.0","29.3"
"2026","민간이전","민간경상보조","문화체육관광부","일반회계"," ","문화및관광","문화예술","콘텐츠산업 육성","문화콘텐츠산업 진흥 환경 조성","콘텐츠산업 생태계 조성","인프라 운영","12722000","9448000","6421272","74.3","68.0"
"2026","민간이전","민간경상보조","문화체육관광부","일반회계"," ","문화및관광","문화예술","콘텐츠산업 육성","문화콘텐츠산업 진흥 환경 조성","콘텐츠산업 생태계 조성","K-글로벌 방송영상콘텐츠 교육과정 운영","0","0","0","0","0"
"2026","민간이전","민간경상보조","문화체육관광부","일반회계"," ","문화및관광","문화예술","콘텐츠산업 육성","문화콘텐츠산업 진흥 환경 조성","콘텐츠산업 생태계 조성","OTTㆍ콘텐츠 특성화 대학원 지원","0","0","0","0","0"
"2026","민간이전","민간경상보조","문화체육관광부","일반회계"," ","문화및관광","문화예술","콘텐츠산업 육성","문화콘텐츠산업 진흥 환경 조성","콘텐츠산업 생태계 조성","OTT·방송영상콘텐츠 전문인력 양성","0","0","0","0","0"
"2026","민간이전","민간경상보조","문화체육관광부","일반회계"," ","문화및관광","문화예술","콘텐츠산업 육성","문화콘텐츠산업 육성","영상콘텐츠산업 육성","우수영상물 다국어 자막 제작 및 활용 지원","249000","149000","55344","59.8","37.1"
"2026","민간이전","민간경상보조","문화체육관광부","일반회계"," ","문화및관광","문화예술","콘텐츠산업 육성","문화콘텐츠산업 육성","영상콘텐츠산업 육성","애니메이션 제작지원","23266000","16377650","10177488","70.4","62.1"
"2026","민간이전","민간경상보조","문화체육관광부","일반회계"," ","문화및관광","문화예술","콘텐츠산업 육성","문화콘텐츠산업 육성","영상콘텐츠산업 육성","애니메이션 유통 및 홍보 활성화","1100000","780000","175409","70.9","22.5"
"2026","민간이전","민간경상보조","문화체육관광부","일반회계"," ","문화및관광","문화예술","콘텐츠산업 육성","문화콘텐츠산업 육성","영상콘텐츠산업 육성","애니메이션 해외진출 지원","1930000","1544000","679515","80.0","44.0"
"2026","민간이전","민간경상보조","문화체육관광부","일반회계"," ","문화및관광","문화예술","콘텐츠산업 육성","문화콘텐츠산업 육성","영상콘텐츠산업 육성","IP 융복합 라이선싱 기반 구축","134000","94000","50743","70.1","54.0"
"2026","민간이전","민간경상보조","문화체육관광부","일반회계"," ","문화및관광","문화예술","콘텐츠산업 육성","문화콘텐츠산업 육성","영상콘텐츠산업 육성","캐릭터 유통 활성화 지원","1826000","1360000","1337766","74.5","98.4"
"2026","민간이전","민간경상보조","문화체육관광부","일반회계"," ","문화및관광","문화예술","콘텐츠산업 육성","문화콘텐츠산업 육성","영상콘텐츠산업 육성","IP 융복합 라이선싱 사업화 지원","3967000","2696000","1441585","68.0","53.5"
"2026","민간이전","민간경상보조","문화체육관광부","일반회계"," ","문화및관광","문화예술","콘텐츠산업 육성","문화콘텐츠산업 육성","영상콘텐츠산업 육성","국제 다큐멘터리 마켓 지원","224000","100800","1600","45.0","1.6"
"2026","민간이전","민간경상보조","문화체육관광부","일반회계"," ","문화및관광","문화예술","콘텐츠산업 육성","문화콘텐츠산업 육성","영상콘텐츠산업 육성","애니메이션 기초역량 강화 지원","673000","450000","264665","66.9","58.8"
"2026","민간이전","민간경상보조","문화체육관광부","일반회계"," ","문화및관광","문화예술","콘텐츠산업 육성","문화콘텐츠산업 육성","영상콘텐츠산업 육성","영상콘텐츠 소스데이터 공유 기반 구축","1500000","1200000","643929","80.0","53.7"
"2026","민간이전","민간경상보조","문화체육관광부","일반회계"," ","문화및관광","문화예술","콘텐츠산업 육성","문화콘텐츠산업 육성","영상콘텐츠산업 육성","애니메이션 기획개발","3000000","2400000","1415457","80.0","59.0"
"2026","민간이전","민간경상보조","문화체육관광부","일반회계"," ","문화및관광","문화예술","콘텐츠산업 육성","문화콘텐츠산업 육성","영상콘텐츠산업 육성","만화산업 육성","27596000","19322620","11620070","70.0","60.1"
"2026","민간이전","민간경상보조","문화체육관광부","일반회계"," ","문화및관광","문화예술","콘텐츠산업 육성","문화콘텐츠산업 육성","음악산업 및 대중문화산업 육성","대중음악 제작 지원","26379000","12554000","1923301","47.6","15.3"
"2026","민간이전","민간경상보조","문화체육관광부","일반회계"," ","문화및관광","문화예술","콘텐츠산업 육성","문화콘텐츠산업 육성","음악산업 및 대중문화산업 육성","대중음악 유통 및 홍보 지원","15260000","5677000","2832415","37.2","49.9"
"2026","민간이전","민간경상보조","문화체육관광부","일반회계"," ","문화및관광","문화예술","콘텐츠산업 육성","문화콘텐츠산업 육성","음악산업 및 대중문화산업 육성","대중음악 해외진출 지원","13230000","10340000","6523454","78.2","63.1"
"2026","민간이전","민간경상보조","문화체육관광부","일반회계"," ","문화및관광","문화예술","콘텐츠산업 육성","문화콘텐츠산업 육성","음악산업 및 대중문화산업 육성","원로 대중문화예술인 활동지원","2000000","1500000","5116","75.0","0.3"
"2026","민간이전","민간경상보조","문화체육관광부","일반회계"," ","문화및관광","문화예술","콘텐츠산업 육성","문화콘텐츠산업 육성","음악산업 및 대중문화산업 육성","대중문화예술인 지원","382000","282000","281633","73.8","99.9"
"2026","민간이전","민간경상보조","문화체육관광부","일반회계"," ","문화및관광","문화예술","콘텐츠산업 육성","문화콘텐츠산업 육성","음악산업 및 대중문화산업 육성","성장기 디자이너 해외 진출 지원","5862000","4103000","3095928","70.0","75.5"
"2026","민간이전","민간경상보조","문화체육관광부","일반회계"," ","문화및관광","문화예술","콘텐츠산업 육성","문화콘텐츠산업 육성","음악산업 및 대중문화산업 육성","형성기 디자이너 사업화 지원","924000","646800","446086","70.0","69.0"
"2026","민간이전","민간경상보조","문화체육관광부","일반회계"," ","문화및관광","문화예술","콘텐츠산업 육성","문화콘텐츠산업 육성","음악산업 및 대중문화산업 육성","성장기 디자이너 창작 지원","1840000","1288000","860243","70.0","66.8"
"2026","민간이전","민간경상보조","문화체육관광부","일반회계"," ","문화및관광","문화예술","콘텐츠산업 육성","문화콘텐츠산업 육성","음악산업 및 대중문화산업 육성","패션 콘텐츠 랩 운영","3000000","2100000","1957763","70.0","93.2"
"2026","민간이전","민간경상보조","문화체육관광부","일반회계"," ","문화및관광","문화예술","콘텐츠산업 육성","문화콘텐츠산업 육성","음악산업 및 대중문화산업 육성","대중문화예술 명예의 전당 구축","5500000","5500000","1315336","100.0","23.9"
"2026","민간이전","민간경상보조","문화체육관광부","일반회계"," ","문화및관광","문화예술","콘텐츠산업 육성","문화콘텐츠산업 육성","게임산업육성","건전 게임문화 확산 지원","5210000","5210000","2806571","100.0","53.9"
"2026","민간이전","민간경상보조","문화체육관광부","일반회계"," ","문화및관광","문화예술","콘텐츠산업 육성","문화콘텐츠산업 육성","게임산업육성","게임상용화 제작지원","24067000","21385147","8849386","88.9","41.4"
"2026","민간이전","민간경상보조","문화체육관광부","일반회계"," ","문화및관광","문화예술","콘텐츠산업 육성","문화콘텐츠산업 육성","게임산업육성","대한민국게임대상 개최지원","120000","120000","0","100.0","0.0"
"2026","민간이전","민간경상보조","문화체육관광부","일반회계"," ","문화및관광","문화예술","콘텐츠산업 육성","문화콘텐츠산업 육성","게임산업육성","게임활성화 생태계 조성(게임 국가기술자격검정)","270000","200000","129696","74.1","64.8"
"2026","민간이전","민간경상보조","문화체육관광부","일반회계"," ","문화및관광","문화예술","콘텐츠산업 육성","문화콘텐츠산업 육성","게임산업육성","글로벌게임허브센터 운영","3560000","3560000","2046551","100.0","57.5"
"2026","민간이전","민간경상보조","문화체육관광부","일반회계"," ","문화및관광","문화예술","콘텐츠산업 육성","문화콘텐츠산업 육성","게임산업육성","이스포츠 활성화 지원(한국콘텐츠진흥원)","3010000","2260000","751041","75.1","33.2"
"2026","민간이전","민간경상보조","문화체육관광부","일반회계"," ","문화및관광","문화예술","콘텐츠산업 육성","문화콘텐츠산업 육성","게임산업육성","이스포츠 활성화 지원(한국이스포츠협회)","4484000","3100000","1519504","69.1","49.0"
"2026","민간이전","민간경상보조","문화체육관광부","일반회계"," ","문화및관광","문화예술","콘텐츠산업 육성","문화콘텐츠산업 육성","게임산업육성","이스포츠 활성화 지원(국제이스포츠연맹)","360000","252000","0","70.0","0.0"
"2026","민간이전","민간경상보조","문화체육관광부","일반회계"," ","문화및관광","문화예술","콘텐츠산업 육성","문화콘텐츠산업 육성","게임산업육성","기타 게임정책 지원(게임정책 연구)","1800000","1300000","894572","72.2","68.8"
"2026","민간이전","민간경상보조","문화체육관광부","일반회계"," ","문화및관광","문화예술","콘텐츠산업 육성","문화콘텐츠산업 육성","게임산업육성","인재양성(게임인재원 운영)","0","0","0","0","0"
"2026","민간이전","민간경상보조","문화체육관광부","일반회계"," ","문화및관광","문화예술","콘텐츠산업 육성","문화콘텐츠산업 육성","게임산업육성","게임유통 지원","10711000","9356000","7364054","87.3","78.7"
"2026","민간이전","민간경상보조","문화체육관광부","일반회계"," ","문화및관광","문화예술","콘텐츠산업 육성","문화콘텐츠산업 육성","게임산업육성","게임기획 지원","9300000","9300000","3916452","100.0","42.1"
"2026","민간이전","민간경상보조","문화체육관광부","일반회계"," ","문화및관광","문화예술","콘텐츠산업 육성","문화콘텐츠산업 육성","게임산업육성","게임제작환경 인공지능 전환(AX) 지원","7500000","5801000","144213","77.3","2.5"
"2026","민간이전","민간경상보조","문화체육관광부","일반회계"," ","문화및관광","문화예술","콘텐츠산업 육성","문화콘텐츠산업 육성","게임산업육성","대한민국 게임박물관 조성","1499000","0","0","0.0","0"
"2026","민간이전","민간경상보조","문화체육관광부","일반회계"," ","문화및관광","문화예술","콘텐츠산업 육성","문화콘텐츠산업 육성","신기술융합콘텐츠산업 육성","신기술융합콘텐츠 향유 인프라 조성","8586000","6868000","4603937","80.0","67.0"
"2026","민간이전","민간경상보조","문화체육관광부","일반회계"," ","문화및관광","문화예술","콘텐츠산업 육성","문화콘텐츠산업 육성","신기술융합콘텐츠산업 육성","인공지능 콘텐츠 제작 지원","23800000","19840000","6368495","83.4","32.1"
"2026","민간이전","민간경상보조","문화체육관광부","일반회계"," ","문화및관광","문화예술","콘텐츠산업 육성","문화콘텐츠산업 육성","신기술융합콘텐츠산업 육성","한국형 콘텐츠 제작 기반 조성","0","0","0","0","0"
"2026","민간이전","민간경상보조","문화체육관광부","일반회계"," ","문화및관광","문화예술","콘텐츠산업 육성","문화콘텐츠산업 육성","신기술융합콘텐츠산업 육성","인공지능 기반 콘텐츠 건전 생태계 조성","0","0","0","0","0"
"2026","민간이전","민간경상보조","문화체육관광부","일반회계"," ","문화및관광","문화예술","콘텐츠산업 육성","문화콘텐츠산업 육성","한국콘텐츠진흥원 지원","한국콘텐츠진흥원 지원","44022000","35744000","21123449","81.2","59.1"
"2026","민간이전","민간경상보조","문화체육관광부","일반회계"," ","문화및관광","문화예술","콘텐츠산업 육성","문화콘텐츠산업 육성","한국영상자료원 지원","한국영상자료원 지원","15259000","9303000","7316367","61.0","78.6"
"2026","민간이전","민간경상보조","문화체육관광부","일반회계"," ","문화및관광","문화예술","콘텐츠산업 육성","문화콘텐츠산업 육성","영상물등급위원회 지원","영상물등급위원회 지원","6296000","5036800","2725938","80.0","54.1"
"2026","민간이전","민간경상보조","문화체육관광부","일반회계"," ","문화및관광","문화예술","콘텐츠산업 육성","문화콘텐츠산업 육성","게임물관리위원회 지원","게임물관리위원회 지원","15431000","14779000","7473444","95.8","50.6"
"2026","민간이전","민간경상보조","문화체육관광부","일반회계"," ","문화및관광","문화예술","콘텐츠산업 육성","문화콘텐츠산업 육성","이야기산업활성화","글로벌 스토리 발굴 육성","900000","719800","382795","80.0","53.2"
"2026","민간이전","민간경상보조","문화체육관광부","일반회계"," ","문화및관광","문화예술","콘텐츠산업 육성","문화콘텐츠산업 육성","이야기산업활성화","스토리텔러 양성","0","0","0","0","0"
"2026","민간이전","민간경상보조","문화체육관광부","일반회계"," ","문화및관광","문화예술","콘텐츠산업 육성","문화콘텐츠산업 육성","이야기산업활성화","국내외 스토리 유통 지원","1021000","817000","807933","80.0","98.9"
"2026","민간이전","민간경상보조","문화체육관광부","일반회계"," ","문화및관광","문화예술","콘텐츠산업 육성","문화콘텐츠산업 육성","이야기산업활성화","스토리 창작클러스터 운영 지원","400000","320000","228386","80.0","71.4"
"2026","민간이전","민간경상보조","문화체육관광부","일반회계"," ","문화및관광","문화예술","콘텐츠산업 육성","문화콘텐츠산업 육성","한국콘텐츠진흥원 통합정보시스템 구축(정보화)","한국콘텐츠진흥원 통합정보시스템 구축","0","0","0","0","0"
"2026","민간이전","민간경상보조","문화체육관광부","일반회계"," ","문화및관광","문화예술","건강한 저작권 생태계 조성","저작권 인식제고 및 보호활동 강화","한국저작권위원회 지원","한국저작권위원회 운영 지원(인건비)","10876000","7086200","5145941","65.2","72.6"
"2026","민간이전","민간경상보조","문화체육관광부","일반회계"," ","문화및관광","문화예술","건강한 저작권 생태계 조성","저작권 인식제고 및 보호활동 강화","한국저작권위원회 지원","한국저작권위원회 운영 지원(경상비)","1528000","1221600","864178","79.9","70.7"
"2026","민간이전","민간경상보조","문화체육관광부","일반회계"," ","문화및관광","문화예술","건강한 저작권 생태계 조성","저작권 인식제고 및 보호활동 강화","한국저작권위원회 지원","한국저작권위원회 고유사업비 지원","3883000","3105800","1703797","80.0","54.9"
"2026","민간이전","민간경상보조","문화체육관광부","일반회계"," ","문화및관광","문화예술","건강한 저작권 생태계 조성","저작권 인식제고 및 보호활동 강화","저작권 문화기반 조성","저작권 공정거래 환경조성","400000","320000","145978","80.0","45.6"
"2026","민간이전","민간경상보조","문화체육관광부","일반회계"," ","문화및관광","문화예술","건강한 저작권 생태계 조성","저작권 인식제고 및 보호활동 강화","저작권 문화기반 조성","저작권 교육 강화","2005000","2005000","823718","100.0","41.1"
"2026","민간이전","민간경상보조","문화체육관광부","일반회계"," ","문화및관광","문화예술","건강한 저작권 생태계 조성","저작권 인식제고 및 보호활동 강화","저작권 문화기반 조성","저작권 홍보 강화","894000","894000","548034","100.0","61.3"
"2026","민간이전","민간경상보조","문화체육관광부","일반회계"," ","문화및관광","문화예술","건강한 저작권 생태계 조성","저작권 인식제고 및 보호활동 강화","저작권 문화기반 조성","저작권 원격교육 콘텐츠 개발·운영","928000","928000","603700","100.0","65.1"
"2026","민간이전","민간경상보조","문화체육관광부","일반회계"," ","문화및관광","문화예술","건강한 저작권 생태계 조성","저작권 인식제고 및 보호활동 강화","저작권 문화기반 조성","저작권박물관 운영 ","930000","930000","541170","100.0","58.2"
"2026","민간이전","민간경상보조","문화체육관광부","일반회계"," ","문화및관광","문화예술","건강한 저작권 생태계 조성","저작권 인식제고 및 보호활동 강화","저작권 문화기반 조성","AI 저작권 역량 강화","648000","648000","374994","100.0","57.9"
"2026","민간이전","민간경상보조","문화체육관광부","일반회계"," ","문화및관광","문화예술","건강한 저작권 생태계 조성","저작권 인식제고 및 보호활동 강화","저작권보호활동 활성화","해외 저작권사무소 구축 운영","1180000","1180000","52359","100.0","4.4"
"2026","민간이전","민간경상보조","문화체육관광부","일반회계"," ","문화및관광","문화예술","건강한 저작권 생태계 조성","저작권 인식제고 및 보호활동 강화","저작권보호활동 활성화","해외 진출 저작권 인증 서비스 운영","108000","108000","76436","100.0","70.8"
"2026","민간이전","민간경상보조","문화체육관광부","일반회계"," ","문화및관광","문화예술","건강한 저작권 생태계 조성","저작권 인식제고 및 보호활동 강화","저작권보호활동 활성화","민간주도 해외저작권 보호체계 기반 구축","1800000","1800000","777700","100.0","43.2"
"2026","민간이전","민간경상보조","문화체육관광부","일반회계"," ","문화및관광","문화예술","건강한 저작권 생태계 조성","저작권 인식제고 및 보호활동 강화","저작권보호활동 활성화","한국저작권보호원 지원","9664000","8550000","4189543","88.5","49.0"
"2026","민간이전","민간경상보조","문화체육관광부","일반회계"," ","문화및관광","문화예술","건강한 저작권 생태계 조성","저작권 인식제고 및 보호활동 강화","저작권보호활동 활성화","저작권보호심의위원회 운영","806000","489600","355676","60.7","72.6"
"2026","민간이전","민간경상보조","문화체육관광부","일반회계"," ","문화및관광","문화예술","건강한 저작권 생태계 조성","저작권 인식제고 및 보호활동 강화","저작권보호활동 활성화","온라인 저작권침해 재택모니터링","3022000","2122000","1621897","70.2","76.4"
"2026","민간이전","민간경상보조","문화체육관광부","일반회계"," ","문화및관광","문화예술","건강한 저작권 생태계 조성","저작권 인식제고 및 보호활동 강화","저작권보호활동 활성화","불법복제물 현장단속 및 디지털 과학수사 지원","1804000","1340000","829235","74.3","61.9"
"2026","민간이전","민간경상보조","문화체육관광부","일반회계"," ","문화및관광","문화예술","건강한 저작권 생태계 조성","저작권 인식제고 및 보호활동 강화","저작권보호활동 활성화","K-콘텐츠 내돈내산 프로젝트","1422000","1000000","706414","70.3","70.6"
"2026","민간이전","민간경상보조","문화체육관광부","일반회계"," ","문화및관광","문화예술","건강한 저작권 생태계 조성","저작권 인식제고 및 보호활동 강화","저작권보호활동 활성화","맞춤형 해외 저작권 바우처 지원","1805000","1439374","835947","79.7","58.1"
"2026","민간이전","민간경상보조","문화체육관광부","일반회계"," ","문화및관광","문화예술","건강한 저작권 생태계 조성","저작권 인식제고 및 보호활동 강화","저작권보호활동 활성화","한류콘텐츠 불법복제물 유통실태조사","454000","454000","103665","100.0","22.8"
"2026","민간이전","민간경상보조","문화체육관광부","일반회계"," ","문화및관광","문화예술","건강한 저작권 생태계 조성","저작권 인식제고 및 보호활동 강화","저작권보호활동 활성화","디지털 불법복제 국제공조체계 지원","250000","180000","4703","72.0","2.6"
"2026","민간이전","민간경상보조","문화체육관광부","일반회계"," ","문화및관광","문화예술","건강한 저작권 생태계 조성","저작권 인식제고 및 보호활동 강화","저작권보호활동 활성화","저작권 침해대응 법률컨설팅 지원","450000","450000","156926","100.0","34.9"
"2026","민간이전","민간경상보조","문화체육관광부","일반회계"," ","문화및관광","문화예술","건강한 저작권 생태계 조성","저작권 인식제고 및 보호활동 강화","저작권보호활동 활성화","K-저작권 글로벌 협력체계 구축","479000","347000","131327","72.4","37.8"
"2026","민간이전","민간경상보조","문화체육관광부","일반회계"," ","문화및관광","문화예술","건강한 저작권 생태계 조성","저작권 인식제고 및 보호활동 강화","저작권보호활동 활성화","해외저작권 보호체계 강화","974000","595000","569001","61.1","95.6"
"2026","민간이전","민간경상보조","문화체육관광부","일반회계"," ","문화및관광","문화예술","건강한 저작권 생태계 조성","저작권 인식제고 및 보호활동 강화","저작권보호활동 활성화","해외 한류 저작권 지킴이 교육","170000","120000","105160","70.6","87.6"
"2026","민간이전","민간경상보조","문화체육관광부","일반회계"," ","문화및관광","문화예술","건강한 저작권 생태계 조성","저작권 인식제고 및 보호활동 강화","저작권보호활동 활성화","저작권침해 종합대응시스템 운영","1362000","873825","696909","64.2","79.8"
"2026","민간이전","민간경상보조","문화체육관광부","일반회계"," ","문화및관광","문화예술","건강한 저작권 생태계 조성","저작권 인식제고 및 보호활동 강화","저작권보호활동 활성화","저작권 침해 사각지대 모니터링 강화","0","0","0","0","0"
"2026","민간이전","민간경상보조","문화체육관광부","일반회계"," ","문화및관광","문화예술","건강한 저작권 생태계 조성","저작권 인식제고 및 보호활동 강화","저작권보호활동 활성화","생성형 AI 활용 선진 저작권 보호  종합대응시스템 구축","1000000","720000","551571","72.0","76.6"
"2026","민간이전","민간경상보조","문화체육관광부","일반회계"," ","문화및관광","문화예술","건강한 저작권 생태계 조성","저작권 인식제고 및 보호활동 강화","저작권 기술 및 표준화 지원","저작권기술 성능평가 및 표준화 지원 ","998000","998000","593408","100.0","59.5"
"2026","민간이전","민간경상보조","문화체육관광부","일반회계"," ","문화및관광","문화예술","건강한 저작권 생태계 조성","저작권 인식제고 및 보호활동 강화","AI활용 저작권 서비스 지원","AI 기반 문화서비스 통상분쟁 예방 및 대응","0","0","0","0","0"
"2026","민간이전","민간경상보조","문화체육관광부","일반회계"," ","문화및관광","문화예술","건강한 저작권 생태계 조성","저작권 인식제고 및 보호활동 강화","AI활용 저작권 서비스 지원","생성형 AI활용 저작권 컨설팅 운영","0","0","0","0","0"
"2026","민간이전","민간경상보조","문화체육관광부","일반회계"," ","문화및관광","문화예술","건강한 저작권 생태계 조성","저작물 이용 및 유통환경 조성","저작권 유통 지원 및 이용활성화","저작권 비즈니스 활성화 지원","1419000","1150000","891274","81.0","77.5"
"2026","민간이전","민간경상보조","문화체육관광부","일반회계"," ","문화및관광","문화예술","건강한 저작권 생태계 조성","저작물 이용 및 유통환경 조성","저작권 유통 지원 및 이용활성화","자유이용저작물 창조자원화","2782000","2441500","1491688","87.8","61.1"
"2026","민간이전","민간경상보조","문화체육관광부","일반회계"," ","문화및관광","문화예술","건강한 저작권 생태계 조성","저작물 이용 및 유통환경 조성","저작권 유통 지원 및 이용활성화","오픈소스SW 활용기반 구축","683000","683000","429536","100.0","62.9"
"2026","민간이전","민간경상보조","문화체육관광부","일반회계"," ","문화및관광","문화예술","건강한 저작권 생태계 조성","저작물 이용 및 유통환경 조성","저작권 유통 지원 및 이용활성화","저작권 이용정보 수집체계 구축 ","1843000","1475000","1234524","80.0","83.7"
"2026","민간이전","민간경상보조","문화체육관광부","일반회계"," ","문화및관광","문화예술","건강한 저작권 생태계 조성","저작물 이용 및 유통환경 조성","저작권 유통 지원 및 이용활성화","저작권 상생협의체 운영 지원 및 제도개선 연구","81000","30000","12594","37.0","42.0"
"2026","민간이전","민간경상보조","문화체육관광부","일반회계"," ","문화및관광","문화예술","건강한 저작권 생태계 조성","저작물 이용 및 유통환경 조성","저작권 유통 지원 및 이용활성화","매장음악 공연권 지원 체계 구축","70000","49000","2303","70.0","4.7"
"2026","민간이전","민간경상보조","문화체육관광부","일반회계"," ","문화및관광","문화예술","건강한 저작권 생태계 조성","저작물 이용 및 유통환경 조성","저작권 및 AI 산업 상생협력 지원","공공저작물 AI 학습데이터 개방 활성화","995000","979000","606553","98.4","62.0"
"2026","민간이전","민간경상보조","문화체육관광부","일반회계"," ","문화및관광","문화예술","건강한 저작권 생태계 조성","저작물 이용 및 유통환경 조성","저작권 및 AI 산업 상생협력 지원","저작권 권리정보 제공·유통 플랫폼 구축","1000000","900000","558193","90.0","62.0"
"2026","민간이전","민간경상보조","문화체육관광부","일반회계"," ","문화및관광","문화예술","건강한 저작권 생태계 조성","저작물 이용 및 유통환경 조성","국가디지털콘텐츠식별체계구축(정보화)","국가디지털콘텐츠식별체계(UCI) 운영 및 활성화 ","906000","906000","465517","100.0","51.4"
"2026","민간이전","민간경상보조","문화체육관광부","일반회계"," ","문화및관광","문화예술","건강한 저작권 생태계 조성","저작물 이용 및 유통환경 조성","국가디지털콘텐츠식별체계구축(정보화)","국가디지털콘텐츠식별체계(UCI)와 국제식별체계 연계","100000","100000","55000","100.0","55.0"
"2026","민간이전","민간경상보조","문화체육관광부","일반회계"," ","문화및관광","문화예술","건강한 저작권 생태계 조성","저작물 이용 및 유통환경 조성","저작권 정보관리 및 서비스(정보화)","등록저작물 영구보존환경 구축","1120000","1120000","662124","100.0","59.1"
"2026","민간이전","민간경상보조","문화체육관광부","일반회계"," ","문화및관광","문화예술","건강한 저작권 생태계 조성","저작물 이용 및 유통환경 조성","저작권 정보관리 및 서비스(정보화)","저작권 정보관리시스템 통합 및 연계","662000","662000","428669","100.0","64.8"
"2026","민간이전","민간경상보조","문화체육관광부","일반회계"," ","문화및관광","문화예술","문화미디어산업육성및지원","미디어산업육성","미디어산업 기반구축","미디어시장조사","90000","60000","52361","66.7","87.3"
"2026","민간이전","민간경상보조","문화체육관광부","일반회계"," ","문화및관광","문화예술","문화미디어산업육성및지원","미디어산업육성","미디어산업 기반구축","우수콘텐츠 보급","1670000","1247000","811005","74.7","65.0"
"2026","민간이전","민간경상보조","문화체육관광부","일반회계"," ","문화및관광","문화예술","문화미디어산업육성및지원","방송영상콘텐츠 및 광고산업 활성화","방송영상콘텐츠 산업 육성","서울드라마어워즈 개최지원","700000","700000","403101","100.0","57.6"
"2026","민간이전","민간경상보조","문화체육관광부","일반회계"," ","문화및관광","문화예술","문화미디어산업육성및지원","방송영상콘텐츠 및 광고산업 활성화","방송영상콘텐츠 산업 육성","방송 외주제작 실태조사","706000","706000","449056","100.0","63.6"
"2026","민간이전","민간경상보조","문화체육관광부","일반회계"," ","문화및관광","문화예술","문화미디어산업육성및지원","방송영상콘텐츠 및 광고산업 활성화","방송영상콘텐츠 산업 육성","K-글로벌 방송영상콘텐츠 교육과정 운영","0","0","0","0","0"
"2026","민간이전","민간경상보조","문화체육관광부","일반회계"," ","문화및관광","문화예술","문화미디어산업육성및지원","방송영상콘텐츠 및 광고산업 활성화","방송영상콘텐츠 산업 육성","방송영상콘텐츠 기획개발지원","5685000","3979500","1595863","70.0","40.1"
"2026","민간이전","민간경상보조","문화체육관광부","일반회계"," ","문화및관광","문화예술","문화미디어산업육성및지원","방송영상콘텐츠 및 광고산업 활성화","방송영상콘텐츠 산업 육성","방송영상콘텐츠 제작지원","64310000","45707000","11642326","71.1","25.5"
"2026","민간이전","민간경상보조","문화체육관광부","일반회계"," ","문화및관광","문화예술","문화미디어산업육성및지원","방송영상콘텐츠 및 광고산업 활성화","방송영상콘텐츠 산업 육성","OTTㆍ콘텐츠 특성화 대학원 지원","0","0","0","0","0"
"2026","민간이전","민간경상보조","문화체육관광부","일반회계"," ","문화및관광","문화예술","문화미디어산업육성및지원","방송영상콘텐츠 및 광고산업 활성화","방송영상콘텐츠 산업 육성","방송영상콘텐츠 해외진출 활성화 지원","3284000","2298800","1916200","70.0","83.4"
"2026","민간이전","민간경상보조","문화체육관광부","일반회계"," ","문화및관광","문화예술","문화미디어산업육성및지원","방송영상콘텐츠 및 광고산업 활성화","방송영상콘텐츠 산업 육성","국제방송문화교류 지원","1325000","927500","146037","70.0","15.7"
"2026","민간이전","민간경상보조","문화체육관광부","일반회계"," ","문화및관광","문화예술","문화미디어산업육성및지원","방송영상콘텐츠 및 광고산업 활성화","방송영상콘텐츠 산업 육성","방송 제작현장 안전교육 및 응급의료 지원","412000","288400","224480","70.0","77.8"
"2026","민간이전","민간경상보조","문화체육관광부","일반회계"," ","문화및관광","문화예술","문화미디어산업육성및지원","방송영상콘텐츠 및 광고산업 활성화","방송영상콘텐츠 산업 육성","OTT·방송영상콘텐츠 전문인력 양성","0","0","0","0","0"
"2026","민간이전","민간경상보조","문화체육관광부","일반회계"," ","문화및관광","문화예술","문화미디어산업육성및지원","방송영상콘텐츠 및 광고산업 활성화","방송영상콘텐츠 산업 육성","국내OTT 글로벌 유통 활성화","5000000","3500000","1485453","70.0","42.4"
"2026","민간이전","민간경상보조","문화체육관광부","일반회계"," ","문화및관광","문화예술","문화미디어산업육성및지원","방송영상콘텐츠 및 광고산업 활성화","방송영상콘텐츠 산업 육성","버추얼 스튜디오 디지털 에셋 구축","3000000","2100000","12706","70.0","0.6"
"2026","민간이전","민간경상보조","문화체육관광부","일반회계"," ","문화및관광","문화예술","문화미디어산업육성및지원","방송영상콘텐츠 및 광고산업 활성화","국제방송 지원","국제방송 지원","36496000","29227000","20775272","80.1","71.1"
"2026","민간이전","민간경상보조","문화체육관광부","일반회계"," ","문화및관광","문화예술","문화미디어산업육성및지원","방송영상콘텐츠 및 광고산업 활성화","광고산업 활성화","광고 전문인력 양성(1인 광고콘텐츠 창작자 양성)","500000","500000","188945","100.0","37.8"
"2026","민간이전","민간경상보조","문화체육관광부","일반회계"," ","문화및관광","문화예술","문화미디어산업육성및지원","방송영상콘텐츠 및 광고산업 활성화","광고산업 활성화","광고 거래 활성화 지원 (광고산업 실태조사)","159000","127200","85468","80.0","67.2"
"2026","민간이전","민간경상보조","문화체육관광부","일반회계"," ","문화및관광","문화예술","문화미디어산업육성및지원","방송영상콘텐츠 및 광고산업 활성화","광고산업 활성화","광고 전문인력 양성 (광고 창작경연 지원)","500000","500000","291195","100.0","58.2"
"2026","민간이전","민간경상보조","문화체육관광부","일반회계"," ","문화및관광","문화예술","문화미디어산업육성및지원","출판산업육성","출판산업 활성화","우수 출판콘텐츠 육성","19919000","10648000","1534062","53.5","14.4"
"2026","민간이전","민간경상보조","문화체육관광부","일반회계"," ","문화및관광","문화예술","문화미디어산업육성및지원","출판산업육성","출판산업 활성화","출판산업 유통지원","6259000","4544000","1252934","72.6","27.6"
"2026","민간이전","민간경상보조","문화체육관광부","일반회계"," ","문화및관광","문화예술","문화미디어산업육성및지원","출판산업육성","출판산업 활성화","출판산업 기반조성","10164000","7192200","3346660","70.8","46.5"
"2026","민간이전","민간경상보조","문화체육관광부","일반회계"," ","문화및관광","문화예술","문화미디어산업육성및지원","출판산업육성","출판산업 활성화","한국출판문화산업진흥원 지원","6786000","4797702","3217546","70.7","67.1"
"2026","민간이전","민간경상보조","문화체육관광부","일반회계"," ","문화및관광","문화예술","문화미디어산업육성및지원","출판산업육성","출판산업 활성화","출판산업 성장 동력 조성","10293000","9047500","2062459","87.9","22.8"
"2026","민간이전","민간경상보조","문화체육관광부","일반회계"," ","문화및관광","문화예술","창의적문화정책구현","문화·인문 진흥","문화정책개발 및 진흥","여가친화기업 선정·지원","355000","355000","62334","100.0","17.6"
"2026","민간이전","민간경상보조","문화체육관광부","일반회계"," ","문화및관광","문화예술","창의적문화정책구현","문화·인문 진흥","문화정책개발 및 진흥","세계경주포럼","2100000","1500000","41978","71.4","2.8"
"2026","민간이전","민간경상보조","문화체육관광부","일반회계"," ","문화및관광","문화예술","창의적문화정책구현","문화·인문 진흥","인문정신문화 사회적 확산 지원","인문정신문화 진흥 전담기관 운영 지원","500000","500000","88569","100.0","17.7"
"2026","민간이전","민간경상보조","문화체육관광부","일반회계"," ","문화및관광","문화예술","창의적문화정책구현","문화·인문 진흥","인문정신문화 사회적 확산 지원","한국형 클레멘트 코스 운영","500000","500000","7575","100.0","1.5"
"2026","민간이전","민간경상보조","문화체육관광부","일반회계"," ","문화및관광","문화예술","창의적문화정책구현","문화·인문 진흥","인문정신문화 사회적 확산 지원","디지털과몰입청소년 인문 치유 프로그램 운영","800000","800000","304645","100.0","38.1"
"2026","민간이전","민간경상보조","문화체육관광부","일반회계"," ","문화및관광","문화예술","창의적문화정책구현","문화·인문 진흥","인문정신문화 사회적 확산 지원","청년인문교실","1500000","1050000","24602","70.0","2.3"
"2026","민간이전","민간경상보조","문화체육관광부","일반회계"," ","문화및관광","문화예술","창의적문화정책구현","문화·인문 진흥","인문정신문화 사회적 확산 지원","실천적 지역인문활동 활성화 지원","3400000","3400000","112417","100.0","3.3"
"2026","민간이전","민간경상보조","문화체육관광부","일반회계"," ","문화및관광","문화예술","창의적문화정책구현","문화·인문 진흥","인문정신문화 사회적 확산 지원","사회문화시설 활용 인문프로그램 운영","14760000","10325000","1382642","70.0","13.4"
"2026","민간이전","민간경상보조","문화체육관광부","일반회계"," ","문화및관광","문화예술","창의적문화정책구현","문화·인문 진흥","인문정신문화 사회적 확산 지원","인문아카데미 운영","400000","280000","142171","70.0","50.8"
"2026","민간이전","민간경상보조","문화체육관광부","일반회계"," ","문화및관광","문화예술","창의적문화정책구현","국어문화진흥","한국어 진흥기반 조성 및 확산","세종학당 운영 지원","61825000","46425000","16023069","75.1","34.5"
"2026","민간이전","민간경상보조","문화체육관광부","일반회계"," ","문화및관광","문화예술","창의적문화정책구현","국어문화진흥","한국어 진흥기반 조성 및 확산","세종학당재단 운영지원","5780000","3555000","2931876","61.5","82.5"
"2026","민간이전","민간경상보조","문화체육관광부","일반회계"," ","문화및관광","문화예술","창의적문화정책구현","국어문화진흥","한국어 진흥기반 조성 및 확산","쉬운 우리말 쓰기 지원","2689000","2689000","1021007","100.0","38.0"
"2026","민간이전","민간경상보조","문화체육관광부","일반회계"," ","문화및관광","문화예술","창의적문화정책구현","국어문화진흥","한국어 진흥기반 조성 및 확산","범국민 언어문화개선 지원 사업","676000","676000","185801","100.0","27.5"
"2026","민간이전","민간경상보조","문화체육관광부","일반회계"," ","문화및관광","문화예술","창의적문화정책구현","국어문화진흥","한국어 진흥기반 조성 및 확산","국어문화원 활동 지원","500000","500000","164444","100.0","32.9"
"2026","민간이전","민간경상보조","문화체육관광부","일반회계"," ","문화및관광","문화예술","창의적문화정책구현","국어문화진흥","한국어 진흥기반 조성 및 확산","특수언어 진흥기반 조성","2960000","1585000","542078","53.5","34.2"
"2026","민간이전","민간경상보조","문화체육관광부","일반회계"," ","문화및관광","문화예술","창의적문화정책구현","국어문화진흥","한국어 진흥기반 조성 및 확산","한글문화상품 및 콘텐츠 개발 지원","2000000","1000000","158101","50.0","15.8"
"2026","민간이전","민간경상보조","문화체육관광부","일반회계"," ","문화및관광","문화예술","창의적문화정책구현","국어문화진흥","한국어 진흥기반 조성 및 확산","한글문화예술행사 단체 지원","400000","300000","68058","75.0","22.7"
"2026","민간이전","민간경상보조","문화체육관광부","일반회계"," ","문화및관광","문화예술","창의적문화정책구현","국어문화진흥","한국어 진흥기반 조성 및 확산","국립세계문자박물관 운영","12891000","6600000","4944995","51.2","74.9"
"2026","민간이전","민간경상보조","문화체육관광부","일반회계"," ","문화및관광","문화예술","창의적문화정책구현","전통문화 진흥","국학진흥 정책기반 조성","영남 국학진흥 지원","2330000","1026000","583067","44.0","56.8"
"2026","민간이전","민간경상보조","문화체육관광부","일반회계"," ","문화및관광","문화예술","창의적문화정책구현","전통문화 진흥","국학진흥 정책기반 조성","호남 국학진흥 지원","2080000","1463000","892850","70.3","61.0"
"2026","민간이전","민간경상보조","문화체육관광부","일반회계"," ","문화및관광","문화예술","창의적문화정책구현","전통문화 진흥","국학진흥 정책기반 조성","충청 국학진흥 지원","1756000","1193000","496990","67.9","41.7"
"2026","민간이전","민간경상보조","문화체육관광부","일반회계"," ","문화및관광","문화예술","창의적문화정책구현","전통문화 진흥","국학진흥 정책기반 조성","국학자료 활용 및 확산","2874000","1906000","948980","66.3","49.8"
"2026","민간이전","민간경상보조","문화체육관광부","일반회계"," ","문화및관광","문화예술","창의적문화정책구현","전통문화 진흥","국학진흥 정책기반 조성","강원 국학진흥 지원","1892000","822000","475667","43.4","57.9"
"2026","민간이전","민간경상보조","문화체육관광부","일반회계"," ","문화및관광","문화예술","창의적문화정책구현","전통문화 진흥","국학진흥 정책기반 조성","퇴계학 진흥 연구","770000","570000","196683","74.0","34.5"
"2026","민간이전","민간경상보조","문화체육관광부","일반회계"," ","문화및관광","문화예술","창의적문화정책구현","전통문화 진흥","동학농민혁명 정신선양","동학농민혁명기념 정신선양사업 지원","0","0","0","0","0"
"2026","민간이전","민간경상보조","문화체육관광부","일반회계"," ","문화및관광","문화예술","창의적문화정책구현","전통문화 진흥","전통스토리 계승 및 활용","전통스토리 계승 및 활용(민간경상)","3200000","2800000","1615007","87.5","57.7"
"2026","민간이전","민간경상보조","문화체육관광부","일반회계"," ","문화및관광","문화예술","창의적문화정책구현","전통문화 진흥","전통스토리 계승 및 활용","이야기콘텐츠 활용 확산","1080000","860438","314870","79.7","36.6"
"2026","민간이전","민간경상보조","문화체육관광부","일반회계"," ","문화및관광","문화예술","창의적문화정책구현","전통문화 진흥","전통스토리 계승 및 활용","전통나눔 할아버지","61000","51000","28493","83.6","55.9"
"2026","민간이전","민간경상보조","문화체육관광부","일반회계"," ","문화및관광","문화예술","창의적문화정책구현","전통문화 진흥","전통문화 창업 및 융합 활성화","전통문화 창업 활성화","7473000","6639600","1607279","88.8","24.2"
"2026","민간이전","민간경상보조","문화체육관광부","일반회계"," ","문화및관광","문화예술","창의적문화정책구현","전통문화 진흥","전통문화 창업 및 융합 활성화","전통문화 융합 활성화","3515000","2812000","1458710","80.0","51.9"
"2026","민간이전","민간경상보조","문화체육관광부","일반회계"," ","문화및관광","문화예술","창의적문화정책구현","문화예술교육지원","문화예술교육 활성화","취약계층 아동·청소년 '꿈의 예술단' 지원","17090000","17090000","4845698","100.0","28.4"
"2026","민간이전","민간경상보조","문화체육관광부","일반회계"," ","문화및관광","문화예술","창의적문화정책구현","문화예술교육지원","문화예술교육 활성화","학교예술강사지원","16500000","14660000","4564607","88.8","31.1"
"2026","민간이전","민간경상보조","문화체육관광부","일반회계"," ","문화및관광","문화예술","창의적문화정책구현","문화예술교육지원","문화예술교육 활성화","문화취약계층 문화예술교육","7000000","5800000","1628852","82.9","28.1"
"2026","민간이전","민간경상보조","문화체육관광부","일반회계"," ","문화및관광","문화예술","창의적문화정책구현","문화예술교육지원","문화예술교육 활성화","문화예술교육 전문인력 양성","3936000","2555000","808034","64.9","31.6"
"2026","민간이전","민간경상보조","문화체육관광부","일반회계"," ","문화및관광","문화예술","창의적문화정책구현","문화예술교육지원","문화예술교육 활성화","한국문화예술교육진흥원 지원","12292000","9000000","6662692","73.2","74.0"
"2026","민간이전","민간경상보조","문화체육관광부","일반회계"," ","문화및관광","문화예술","창의적문화정책구현","문화예술교육지원","문화예술교육 활성화","생애주기별 문화예술교육","2990000","2990000","919272","100.0","30.7"
"2026","민간이전","민간경상보조","문화체육관광부","일반회계"," ","문화및관광","문화예술","창의적문화정책구현","문화예술교육지원","문화예술교육 활성화","늘봄학교 문화예술교육 프로그램 및 연수지원","0","0","0","0","0"
"2026","민간이전","민간경상보조","문화체육관광부","일반회계"," ","문화및관광","문화예술","창의적문화정책구현","문화예술교육지원","문화예술교육 활성화","문화예술교육 국제교류","500000","500000","202241","100.0","40.4"
"2026","민간이전","민간경상보조","문화체육관광부","일반회계"," ","문화및관광","문화예술","창의적문화정책구현","문화예술교육지원","문화예술교육 활성화","문화로 치유 지원","5000000","5000000","1652287","100.0","33.0"
"2026","민간이전","민간경상보조","문화체육관광부","일반회계"," ","문화및관광","문화예술","창의적문화정책구현","문화예술교육지원","문화예술교육 활성화","생활밀착형 문화예술교육 지원","3000000","3000000","722566","100.0","24.1"
"2026","민간이전","민간경상보조","문화체육관광부","일반회계"," ","문화및관광","문화예술","창의적문화정책구현","문화예술교육지원","문화예술교육 활성화","아동·청소년 예술교육 거점 운영","0","0","0","0","0"
"2026","민간이전","민간경상보조","문화체육관광부","일반회계"," ","문화및관광","문화예술","창의적문화정책구현","문화예술교육지원","문화예술교육 활성화","아동·청소년 예술교육 거점 조성","0","0","0","0","0"
"2026","민간이전","민간경상보조","문화체육관광부","일반회계"," ","문화및관광","문화예술","창의적문화정책구현","문화예술교육지원","문화예술교육 활성화","문화예술클럽 교육 지원","0","0","0","0","0"
"2026","민간이전","민간경상보조","문화체육관광부","일반회계"," ","문화및관광","문화예술","창의적문화정책구현","문화예술교육지원","문화예술교육(ODA)","문화예술교육 ODA","1050000","787500","322448","75.0","40.9"
"2026","민간이전","민간경상보조","문화체육관광부","일반회계"," ","문화및관광","문화예술","예술의 진흥 및 생활화, 산업화","문화예술단체지원","문화예술단체 운영지원","국립현대무용단 운영","6313000","4983000","3312957","78.9","66.5"
"2026","민간이전","민간경상보조","문화체육관광부","일반회계"," ","문화및관광","문화예술","예술의 진흥 및 생활화, 산업화","문화예술단체지원","문화예술단체 운영지원","국립오페라단 운영","12497000","9500000","5889174","76.0","62.0"
"2026","민간이전","민간경상보조","문화체육관광부","일반회계"," ","문화및관광","문화예술","예술의 진흥 및 생활화, 산업화","문화예술단체지원","문화예술단체 운영지원","국립발레단 운영","12891000","9202000","5649594","71.4","61.4"
"2026","민간이전","민간경상보조","문화체육관광부","일반회계"," ","문화및관광","문화예술","예술의 진흥 및 생활화, 산업화","문화예술단체지원","문화예술단체 운영지원","국립합창단 운영","6504000","5000000","3168984","76.9","63.4"
"2026","민간이전","민간경상보조","문화체육관광부","일반회계"," ","문화및관광","문화예술","예술의 진흥 및 생활화, 산업화","문화예술단체지원","문화예술단체 운영지원","서울예술단 운영","7688000","7688000","4541221","100.0","59.1"
"2026","민간이전","민간경상보조","문화체육관광부","일반회계"," ","문화및관광","문화예술","예술의 진흥 및 생활화, 산업화","문화예술단체지원","문화예술단체 운영지원","국립심포니오케스트라 운영","9899000","8200000","4524022","82.8","55.2"
"2026","민간이전","민간경상보조","문화체육관광부","일반회계"," ","문화및관광","문화예술","예술의 진흥 및 생활화, 산업화","문화예술단체지원","문화예술단체 운영지원","국립정동극장 운영","8385000","6982000","4966832","83.3","71.1"
"2026","민간이전","민간경상보조","문화체육관광부","일반회계"," ","문화및관광","문화예술","예술의 진흥 및 생활화, 산업화","문화예술단체지원","문화예술단체 운영지원","국립극단 운영","14976000","13800000","7992001","92.1","57.9"
"2026","민간이전","민간경상보조","문화체육관광부","일반회계"," ","문화및관광","문화예술","예술의 진흥 및 생활화, 산업화","문화예술단체지원","문화예술단체 운영지원","국립예술단 공연연습장 관리","2058000","1058000","768525","51.4","72.6"
"2026","민간이전","민간경상보조","문화체육관광부","일반회계"," ","문화및관광","문화예술","예술의 진흥 및 생활화, 산업화","문화예술단체지원","문화예술단체 운영지원","한국문화예술회관연합회 지원","1030000","1030000","476428","100.0","46.3"
"2026","민간이전","민간경상보조","문화체육관광부","일반회계"," ","문화및관광","문화예술","예술의 진흥 및 생활화, 산업화","문화예술단체지원","문화예술단체 운영지원","국악방송 지원","16094000","8825000","7942801","54.8","90.0"
"2026","민간이전","민간경상보조","문화체육관광부","일반회계"," ","문화및관광","문화예술","예술의 진흥 및 생활화, 산업화","문화예술단체지원","예술의전당 지원","예술의전당 지원(시설물유지관리)","9575000","7887000","6218139","82.4","78.8"
"2026","민간이전","민간경상보조","문화체육관광부","일반회계"," ","문화및관광","문화예술","예술의 진흥 및 생활화, 산업화","문화예술단체지원","예술의전당 지원","예술의전당 지원(예술사업)","2290000","2055000","835055","89.7","40.6"
"2026","민간이전","민간경상보조","문화체육관광부","일반회계"," ","문화및관광","문화예술","예술의 진흥 및 생활화, 산업화","문화예술단체지원","예술의전당 지원","예술의전당 지원(인건비)","3939000","3939000","3939000","100.0","100.0"
"2026","민간이전","민간경상보조","문화체육관광부","일반회계"," ","문화및관광","문화예술","예술의 진흥 및 생활화, 산업화","문화예술단체지원","예술의전당 지원","예술의전당 지원(공익사업)","1666000","1666000","769968","100.0","46.2"
"2026","민간이전","민간경상보조","문화체육관광부","일반회계"," ","문화및관광","문화예술","예술의 진흥 및 생활화, 산업화","공연 및 전통예술 진흥기반 구축","공연예술 진흥기반 조성","전통공연예술 저변확대","3830000","3830000","1704906","100.0","44.5"
"2026","민간이전","민간경상보조","문화체육관광부","일반회계"," ","문화및관광","문화예술","예술의 진흥 및 생활화, 산업화","공연 및 전통예술 진흥기반 구축","공연예술 진흥기반 조성","공연장 안전 선진화 시스템 구축","4392240","4392240","983943","100.0","22.4"
"2026","민간이전","민간경상보조","문화체육관광부","일반회계"," ","문화및관광","문화예술","예술의 진흥 및 생활화, 산업화","공연 및 전통예술 진흥기반 구축","공연예술 진흥기반 조성","공연연습공간 조성 및 운영","309000","309000","104141","100.0","33.7"
"2026","민간이전","민간경상보조","문화체육관광부","일반회계"," ","문화및관광","문화예술","예술의 진흥 및 생활화, 산업화","공연 및 전통예술 진흥기반 구축","공연예술 진흥기반 조성","공연예술통합전산망 운영","1800000","1800000","759039","100.0","42.2"
"2026","민간이전","민간경상보조","문화체육관광부","일반회계"," ","문화및관광","문화예술","예술의 진흥 및 생활화, 산업화","공연 및 전통예술 진흥기반 구축","공연예술 진흥기반 조성","공연예술 시장 활성화 기반 구축","26079000","20700000","3432885","79.4","16.6"
"2026","민간이전","민간경상보조","문화체육관광부","일반회계"," ","문화및관광","문화예술","예술의 진흥 및 생활화, 산업화","공연 및 전통예술 진흥기반 구축","공연예술 진흥기반 조성","창극중심 세계음악극축제 개최지원","1080000","1080000","148092","100.0","13.7"
"2026","민간이전","민간경상보조","문화체육관광부","일반회계"," ","문화및관광","문화예술","예술의 진흥 및 생활화, 산업화","공연 및 전통예술 진흥기반 구축","공연예술 진흥기반 조성","K-WAVE 댄스 페스티벌","500000","300000","159650","60.0","53.2"
"2026","민간이전","민간경상보조","문화체육관광부","일반회계"," ","문화및관광","문화예술","예술의 진흥 및 생활화, 산업화","공연 및 전통예술 진흥기반 구축","공연예술 진흥기반 조성","서울국제무용콩쿠르","500000","300000","210850","60.0","70.3"
"2026","민간이전","민간경상보조","문화체육관광부","일반회계"," ","문화및관광","문화예술","예술의 진흥 및 생활화, 산업화","공연 및 전통예술 진흥기반 구축","공연예술 진흥기반 조성","서울 발레 페스티벌 개최 지원 ","100000","0","0","0.0","0"
"2026","민간이전","민간경상보조","문화체육관광부","일반회계"," ","문화및관광","문화예술","예술의 진흥 및 생활화, 산업화","공연 및 전통예술 진흥기반 구축","공연예술 진흥기반 조성","뮤지컬 콘텐츠 캠퍼스 운영(대구)","349000","349000","103865","100.0","29.8"
"2026","민간이전","민간경상보조","문화체육관광부","일반회계"," ","문화및관광","문화예술","예술의 진흥 및 생활화, 산업화","공연 및 전통예술 진흥기반 구축","문화예술 창제작 거점 조성","전통공연예술 창작거점 조성","1440000","1440000","891111","100.0","61.9"
"2026","민간이전","민간경상보조","문화체육관광부","일반회계"," ","문화및관광","문화예술","예술의 진흥 및 생활화, 산업화","공연 및 전통예술 진흥기반 구축","문화예술 창제작 거점 조성","전통공연예술 청년 성장동력 지원","380000","380000","217544","100.0","57.2"
"2026","민간이전","민간경상보조","문화체육관광부","일반회계"," ","문화및관광","문화예술","예술의 진흥 및 생활화, 산업화","공연 및 전통예술 진흥기반 구축","문화예술 창제작 거점 조성","문화예술 전국 유통 지원","87870000","70111000","23163739","79.8","33.0"
"2026","민간이전","민간경상보조","문화체육관광부","일반회계"," ","문화및관광","문화예술","예술의 진흥 및 생활화, 산업화","기초예술역량강화","예술창작활동 지원","문학진흥기반 구축","603000","252000","93592","41.8","37.1"
"2026","민간이전","민간경상보조","문화체육관광부","일반회계"," ","문화및관광","문화예술","예술의 진흥 및 생활화, 산업화","기초예술역량강화","예술창작활동 지원","국립한국문학관 콘텐츠 구축","4375000","3000000","654202","68.6","21.8"
"2026","민간이전","민간경상보조","문화체육관광부","일반회계"," ","문화및관광","문화예술","예술의 진흥 및 생활화, 산업화","기초예술역량강화","예술창작활동 지원","국립한국문학관 법인 운영","801000","801000","449965","100.0","56.2"
"2026","민간이전","민간경상보조","문화체육관광부","일반회계"," ","문화및관광","문화예술","예술의 진흥 및 생활화, 산업화","기초예술역량강화","예술창작활동 지원","문학관 청년인턴십 지원","748000","748000","72529","100.0","9.7"
"2026","민간이전","민간경상보조","문화체육관광부","일반회계"," ","문화및관광","문화예술","예술의 진흥 및 생활화, 산업화","기초예술역량강화","예술인 창작안전망 구축","예술인 창작안전망 구축","80064000","66470000","60173008","83.0","90.5"
"2026","민간이전","민간경상보조","문화체육관광부","일반회계"," ","문화및관광","문화예술","예술의 진흥 및 생활화, 산업화","기초예술역량강화","예술인 창작안전망 구축","예술인복지재단 운영","4430000","4430000","2010815","100.0","45.4"
"2026","민간이전","민간경상보조","문화체육관광부","일반회계"," ","문화및관광","문화예술","예술의 진흥 및 생활화, 산업화","기초예술역량강화","K-Art 청년 창작자 지원","K-Art 청년 창작자 지원","18000000","14938000","11637243","83.0","77.9"
"2026","민간이전","민간경상보조","문화체육관광부","일반회계"," ","문화및관광","문화예술","예술의 진흥 및 생활화, 산업화","기초예술역량강화","함께누리 지원","장애인 예술 역량강화","14513000","12772000","5173969","88.0","40.5"
"2026","민간이전","민간경상보조","문화체육관광부","일반회계"," ","문화및관광","문화예술","예술의 진흥 및 생활화, 산업화","기초예술역량강화","함께누리 지원","한국장애인문화예술원 지원","2774000","1685750","1318591","60.8","78.2"
"2026","민간이전","민간경상보조","문화체육관광부","일반회계"," ","문화및관광","문화예술","예술의 진흥 및 생활화, 산업화","기초예술역량강화","함께누리 지원","장애예술인 활동 전문공간 운영","9620000","5610000","4649839","58.3","82.9"
"2026","민간이전","민간경상보조","문화체육관광부","일반회계"," ","문화및관광","문화예술","예술의 진흥 및 생활화, 산업화","기초예술역량강화","함께누리 지원","장애인 대표예술단체 활동지원","5310000","4095000","2102829","77.1","51.4"
"2026","민간이전","민간경상보조","문화체육관광부","일반회계"," ","문화및관광","문화예술","예술의 진흥 및 생활화, 산업화","기초예술역량강화","예술의 산업화 추진","예술경영지원센터 운영","5901000","5901000","2434865","100.0","41.3"
"2026","민간이전","민간경상보조","문화체육관광부","일반회계"," ","문화및관광","문화예술","예술의 진흥 및 생활화, 산업화","기초예술역량강화","예술의 산업화 추진","예술산업 기반 조성 지원","9600000","6100000","4778227","63.5","78.3"
"2026","민간이전","민간경상보조","문화체육관광부","일반회계"," ","문화및관광","문화예술","예술의 진흥 및 생활화, 산업화","기초예술역량강화","예술의 산업화 추진","예술 산업 인력 양성","1600000","1600000","610633","100.0","38.2"
"2026","민간이전","민간경상보조","문화체육관광부","일반회계"," ","문화및관광","문화예술","예술의 진흥 및 생활화, 산업화","기초예술역량강화","예술의 산업화 추진","예술 기업 지원","6519000","4361000","771741","66.9","17.7"
"2026","민간이전","민간경상보조","문화체육관광부","일반회계"," ","문화및관광","문화예술","예술의 진흥 및 생활화, 산업화","기초예술역량강화","예술의 산업화 추진","예술산업 정책운영지원","4938000","4938000","552721","100.0","11.2"
"2026","민간이전","민간경상보조","문화체육관광부","일반회계"," ","문화및관광","문화예술","예술의 진흥 및 생활화, 산업화","기초예술역량강화","한국문학번역원 지원","한국문학번역원 지원","23497000","18797600","10204432","80.0","54.3"
"2026","민간이전","민간경상보조","문화체육관광부","일반회계"," ","문화및관광","문화예술","예술의 진흥 및 생활화, 산업화","시각예술 진흥기반 구축","공공디자인 및 공예문화 진흥","공공디자인 진흥","7278000","5500000","1438243","75.6","26.1"
"2026","민간이전","민간경상보조","문화체육관광부","일반회계"," ","문화및관광","문화예술","예술의 진흥 및 생활화, 산업화","시각예술 진흥기반 구축","공공디자인 및 공예문화 진흥","공간 및 건축문화 진흥","548000","0","0","0.0","0"
"2026","민간이전","민간경상보조","문화체육관광부","일반회계"," ","문화및관광","문화예술","예술의 진흥 및 생활화, 산업화","시각예술 진흥기반 구축","공공디자인 및 공예문화 진흥","공예디자인문화진흥원 지원","6823000","4487000","3307668","65.8","73.7"
"2026","민간이전","민간경상보조","문화체육관광부","일반회계"," ","문화및관광","문화예술","예술의 진흥 및 생활화, 산업화","시각예술 진흥기반 구축","미술진흥기반구축","문화창작 공간조성(당인리 문화창작발전소 개관준비)","2790000","1355000","739758","48.6","54.6"
"2026","민간이전","민간경상보조","문화체육관광부","일반회계"," ","문화및관광","문화예술","예술의 진흥 및 생활화, 산업화","시각예술 진흥기반 구축","미술진흥기반구축","공예진흥","4775000","4775000","1717434","100.0","36.0"
"2026","민간이전","민간경상보조","문화체육관광부","일반회계"," ","문화및관광","문화예술","예술의 진흥 및 생활화, 산업화","시각예술 진흥기반 구축","미술진흥기반구축","미술 생태계 기반 조성 ","2035000","1705000","658607","83.8","38.6"
"2026","민간이전","민간경상보조","문화체육관광부","일반회계"," ","문화및관광","문화예술","예술의 진흥 및 생활화, 산업화","시각예술 진흥기반 구축","미술진흥기반구축","미술 작가 육성 ","3999000","3999000","1683187","100.0","42.1"
"2026","민간이전","민간경상보조","문화체육관광부","일반회계"," ","문화및관광","문화예술","예술의 진흥 및 생활화, 산업화","시각예술 진흥기반 구축","미술진흥기반구축","미술시장 지원 ","4514000","3350000","1569513","74.2","46.9"
"2026","민간이전","민간경상보조","문화체육관광부","일반회계"," ","문화및관광","문화예술","예술의 진흥 및 생활화, 산업화","시각예술 진흥기반 구축","미술진흥기반구축","미술향유 ","1283000","933000","265766","72.7","28.5"
"2026","민간이전","민간경상보조","문화체육관광부","일반회계"," ","문화및관광","문화예술","예술의 진흥 및 생활화, 산업화","시각예술 진흥기반 구축","미술진흥기반구축","공공미술은행 설치 및 운영지원 ","0","0","0","0","0"
"2026","민간이전","민간경상보조","문화체육관광부","일반회계"," ","문화및관광","문화예술","지역문화 진흥 및 문화기반 조성","도서관정보·정책 체계 활성화","도서관 정책개발 및 서비스환경개선","큰글자책 보급 및 활성화","122000","61000","1760","50.0","2.9"
"2026","민간이전","민간경상보조","문화체육관광부","일반회계"," ","문화및관광","문화예술","지역문화 진흥 및 문화기반 조성","도서관정보·정책 체계 활성화","도서관 정책개발 및 서비스환경개선","사서자격증 발급 업무","140000","140000","66800","100.0","47.7"
"2026","민간이전","민간경상보조","문화체육관광부","일반회계"," ","문화및관광","문화예술","지역문화 진흥 및 문화기반 조성","도서관정보·정책 체계 활성화","도서관 정책개발 및 서비스환경개선","세계도서관정보대회","1260000","1260000","831938","100.0","66.0"
"2026","민간이전","민간경상보조","문화체육관광부","일반회계"," ","문화및관광","문화예술","지역문화 진흥 및 문화기반 조성","도서관정보·정책 체계 활성화","해외 공공도서관 조성(ODA)","해외 공공도서관 조성","1218000","1218000","672484","100.0","55.2"
"2026","민간이전","민간경상보조","문화체육관광부","일반회계"," ","문화및관광","문화예술","지역문화 진흥 및 문화기반 조성","박물관 정책 활성화","박물관·미술관 진흥지원","박물관 소장 국가문화유산 DB화 사업","730000","730000","361688","100.0","49.5"
"2026","민간이전","민간경상보조","문화체육관광부","일반회계"," ","문화및관광","문화예술","지역문화 진흥 및 문화기반 조성","박물관 정책 활성화","박물관·미술관 진흥지원","대학박물관 진흥지원","339000","300000","119602","88.5","39.9"
"2026","민간이전","민간경상보조","문화체육관광부","일반회계"," ","문화및관광","문화예술","지역문화 진흥 및 문화기반 조성","박물관 정책 활성화","박물관·미술관 진흥지원","사립 박물관 전문인력지원","0","0","0","0","0"
"2026","민간이전","민간경상보조","문화체육관광부","일반회계"," ","문화및관광","문화예술","지역문화 진흥 및 문화기반 조성","박물관 정책 활성화","박물관·미술관 진흥지원","박물관?미술관 예비 학예인력 단기 체험형 일자리 지원(미술관)","1033000","826400","552495","80.0","66.9"
"2026","민간이전","민간경상보조","문화체육관광부","일반회계"," ","문화및관광","문화예술","지역문화 진흥 및 문화기반 조성","박물관 정책 활성화","박물관·미술관 진흥지원","박물관 운영역량 강화","180000","180000","42641","100.0","23.7"
"2026","민간이전","민간경상보조","문화체육관광부","일반회계"," ","문화및관광","문화예술","지역문화 진흥 및 문화기반 조성","박물관 정책 활성화","박물관·미술관 진흥지원","박물관?미술관 예비 학예인력 단기 체험형 일자리 지원(박물관)","1292000","1292000","604625","100.0","46.8"
"2026","민간이전","민간경상보조","문화체육관광부","일반회계"," ","문화및관광","문화예술","지역문화 진흥 및 문화기반 조성","박물관 정책 활성화","박물관·미술관 진흥지원","사립미술관 전문인력 지원","1397000","1117600","761138","80.0","68.1"
"2026","민간이전","민간경상보조","문화체육관광부","일반회계"," ","문화및관광","문화예술","지역문화 진흥 및 문화기반 조성","박물관 정책 활성화","박물관·미술관 진흥지원","박물관미술관 주간 운영","1268000","1268000","889192","100.0","70.1"
"2026","민간이전","민간경상보조","문화체육관광부","일반회계"," ","문화및관광","문화예술","지역문화 진흥 및 문화기반 조성","박물관 정책 활성화","박물관·미술관 진흥지원","K-뮤지엄 지역 순회 전시 및 투어 지원","10150000","7000000","2618820","69.0","37.4"
"2026","민간이전","민간경상보조","문화체육관광부","일반회계"," ","문화및관광","문화예술","지역문화 진흥 및 문화기반 조성","박물관 정책 활성화","박물관·미술관 진흥지원","박물관·미술관 박람회 개최","700000","700000","343655","100.0","49.1"
"2026","민간이전","민간경상보조","문화체육관광부","일반회계"," ","문화및관광","문화예술","지역문화 진흥 및 문화기반 조성","박물관 정책 활성화","박물관·미술관 진흥지원","사립 박물관 전문인력 지원(학예사)","1809000","1509000","1006565","83.4","66.7"
"2026","민간이전","민간경상보조","문화체육관광부","일반회계"," ","문화및관광","문화예술","지역문화 진흥 및 문화기반 조성","박물관 정책 활성화","박물관·미술관 진흥지원","사립 박물관 전문인력 지원(교육사)","1760000","1475000","902686","83.8","61.2"
"2026","민간이전","민간경상보조","문화체육관광부","일반회계"," ","문화및관광","문화예술","지역문화 진흥 및 문화기반 조성","지역문화 진흥","지역문화통합정보시스템 구축 및 운영(정보화)","지역문화통합정보시스템 구축 및 운영","1316000","1316000","491571","100.0","37.4"
"2026","민간이전","민간경상보조","문화체육관광부","일반회계"," ","문화및관광","문화예술","국립박물관운영","국립박물관 운영","박물관문화재단지원","박물관문화재단 지원","7016000","5893000","3155259","84.0","53.5"
"2026","민간이전","민간경상보조","문화체육관광부","일반회계"," ","문화및관광","문화예술","국제문화홍보","글로벌 중추국가 홍보","국가이미지 홍보","주한외국인대상 홍보사업","800000","800000","496366","100.0","62.0"
"2026","민간이전","민간경상보조","문화체육관광부","일반회계"," ","문화및관광","문화예술","국제문화홍보","글로벌 중추국가 홍보","국가이미지 홍보","한국문화 홍보 유튜브 채널 운영","3296000","2307200","1835889","70.0","79.6"
"2026","민간이전","민간경상보조","문화체육관광부","일반회계"," ","문화및관광","문화예술","국제문화홍보","글로벌 중추국가 홍보","국가이미지 홍보","K산업 컬처 연계콘텐츠 해외송출 홍보","3578000","2504600","1635403","70.0","65.3"
"2026","민간이전","민간경상보조","문화체육관광부","일반회계"," ","문화및관광","문화예술","국제문화홍보","국제문화교류 및 한류확산 기반조성","콘텐츠산업 전문인력 양성지원(ODA)","인도네시아 디지털콘텐츠 전문인력 양성지원","1190000","1190000","817294","100.0","68.7"
"2026","민간이전","민간경상보조","문화체육관광부","일반회계"," ","문화및관광","문화예술","국제문화홍보","국제문화교류 및 한류확산 기반조성","문화콘텐츠 국제협력 및 수출기반 조성","콘텐츠 수출지원","40055000","30728000","18183913","76.7","59.2"
"2026","민간이전","민간경상보조","문화체육관광부","일반회계"," ","문화및관광","문화예술","국제문화홍보","국제문화교류 및 한류확산 기반조성","문화콘텐츠 국제협력 및 수출기반 조성","한류 교류 및 확산 지원","8450000","7910000","5351203","93.6","67.7"
"2026","민간이전","민간경상보조","문화체육관광부","일반회계"," ","문화및관광","문화예술","국제문화홍보","국제문화교류 및 한류확산 기반조성","문화콘텐츠 국제협력 및 수출기반 조성","한류 연관산업 지원","42772000","31454000","15454454","73.5","49.1"
"2026","민간이전","민간경상보조","문화체육관광부","일반회계"," ","문화및관광","문화예술","국제문화홍보","국제문화교류 및 한류확산 기반조성","문화콘텐츠 국제협력 및 수출기반 조성","해외진출 정책지원","52000","52000","0","100.0","0.0"
"2026","민간이전","민간경상보조","문화체육관광부","일반회계"," ","문화및관광","문화예술","국제문화홍보","국제문화교류 및 한류확산 기반조성","재외 한국문화원 운영","K-아츠 순회 협업 지원","6984000","6984000","4004211","100.0","57.3"
"2026","민간이전","민간경상보조","문화체육관광부","일반회계"," ","문화및관광","문화예술","국제문화홍보","국제문화교류 및 한류확산 기반조성","재외 한국문화원 운영","글로벌 K-존","787000","787000","147011","100.0","18.7"
"2026","민간이전","민간경상보조","문화체육관광부","일반회계"," ","문화및관광","문화예술","국제문화홍보","국제문화교류 및 한류확산 기반조성","재외 한국문화원 운영","융복합 국제문화교류지원","2700000","2700000","1721067","100.0","63.7"
"2026","민간이전","민간경상보조","문화체육관광부","일반회계"," ","문화및관광","문화예술","국제문화홍보","국제문화교류 및 한류확산 기반조성","재외 한국문화원 운영","K-콘텐츠 진출 협업지원","5400000","3780000","2024899","70.0","53.6"
"2026","민간이전","민간경상보조","문화체육관광부","일반회계"," ","문화및관광","문화예술","국제문화홍보","국제문화교류 및 한류확산 기반조성","재외 한국문화원 운영","유관기관 연계 K-콘텐츠 B2C 문화행사","2500000","1750000","1194610","70.0","68.3"
"2026","민간이전","민간경상보조","문화체육관광부","일반회계"," ","문화및관광","문화예술","국제문화홍보","국제문화교류 및 한류확산 기반조성","재외 한국문화원 운영","해외문화 전진기지화(콘진원)","388000","0","0","0.0","0"
"2026","민간이전","민간경상보조","문화체육관광부","일반회계"," ","문화및관광","문화예술","국제문화홍보","국제문화교류 및 한류확산 기반조성","재외 한국문화원 운영","K-브랜드 글로벌 연계 및 융합(한류 융합 확산_K-컬처 융복합 비수기 방한관광 특별홍보)","3000000","2720000","708458","90.7","26.0"
"2026","민간이전","민간경상보조","문화체육관광부","일반회계"," ","문화및관광","문화예술","국제문화홍보","국제문화교류 및 한류확산 기반조성","재외 한국문화원 운영","K-브랜드 글로벌 연계 및 융합(K-관광 활성화 협업)","9800000","7697600","4453602","78.5","57.9"
"2026","민간이전","민간경상보조","문화체육관광부","일반회계"," ","문화및관광","문화예술","국제문화홍보","국제문화교류 및 한류확산 기반조성","재외 한국문화원 운영","해외문화 전진기지화(통합임차료_관광공사 해외지사)","212000","0","0","0.0","0"
"2026","민간이전","민간경상보조","문화체육관광부","일반회계"," ","문화및관광","문화예술","국제문화홍보","국제문화교류 및 한류확산 기반조성","국제문화정책지원","미래혁신 문화교류 지원","1000000","800000","500691","80.0","62.6"
"2026","민간이전","민간경상보조","문화체육관광부","일반회계"," ","문화및관광","문화예술","국제문화홍보","국제문화교류 및 한류확산 기반조성","국제문화정책지원","상호문화교류의 해 추진","2000000","1200000","378546","60.0","31.5"
"2026","민간이전","민간경상보조","문화체육관광부","일반회계"," ","문화및관광","문화예술","국제문화홍보","국제문화교류 및 한류확산 기반조성","국제문화정책지원","코리아 시즌 추진","4000000","4000000","2329898","100.0","58.2"
"2026","민간이전","민간경상보조","문화체육관광부","일반회계"," ","문화및관광","문화예술","국제문화홍보","국제문화교류 및 한류확산 기반조성","국제문화정책지원","한중일 문화장관회의 개최","0","0","0","0","0"
"2026","민간이전","민간경상보조","문화체육관광부","일반회계"," ","문화및관광","문화예술","국제문화홍보","국제문화교류 및 한류확산 기반조성","국제문화정책지원","쌍방향 국제문화협업 지원","1000000","1000000","661836","100.0","66.2"
"2026","민간이전","민간경상보조","문화체육관광부","일반회계"," ","문화및관광","문화예술","국제문화홍보","국제문화교류 및 한류확산 기반조성","국제문화정책지원","청년 K-컬처 글로벌 프런티어","5000000","4250000","1549088","85.0","36.4"
"2026","민간이전","민간경상보조","문화체육관광부","일반회계"," ","문화및관광","문화예술","국제문화홍보","국제문화교류 및 한류확산 기반조성","국제문화교류 전담기관 운영지원","국제문화교류 전담기관 운영지원","4133000","3719700","1939304","90.0","52.1"
"2026","민간이전","민간경상보조","문화체육관광부","일반회계"," ","문화및관광","관광","외래관광객유치","국제관광교류","개발도상국 관광지도자 벤치마킹 사업연수(ODA)","개발도상국 관광지도자 벤치마킹 사업연수(ODA)","1080000","1080000","343525","100.0","31.8"
"2026","민간이전","민간경상보조","문화체육관광부","일반회계"," ","문화및관광","관광","외래관광객유치","국제관광교류","지속가능관광 발전지원 사업(ODA)","필리핀 루손섬 관광두레 시범마을 조성","486000","0","0","0.0","0"
"2026","민간이전","민간경상보조","문화체육관광부","일반회계"," ","문화및관광","문화및관광일반","문화·관광행정지원","종합정책연구","문화체육관광 분야 양성평등 환경 조성","양성평등 문화상 시상","71000","71000","14746","100.0","20.8"
"2026","민간이전","민간경상보조","문화체육관광부","일반회계"," ","문화및관광","문화및관광일반","문화·관광행정지원","종합정책연구","문화체육관광 분야 양성평등 환경 조성","양성평등 인식 제고 ","95000","76000","24878","80.0","32.7"
"2026","민간이전","민간경상보조","문화체육관광부","일반회계"," ","문화및관광","문화및관광일반","문화·관광행정지원","문화정보화체계구축","한국문화정보원 운영(정보화)","문화정보화 전담기관 운영 지원","3691000","2884000","1792517","78.1","62.2"
"2026","민간이전","민간경상보조","문화체육관광부","일반회계"," ","문화및관광","문화및관광일반","문화·관광행정지원","문화정보화체계구축","한국문화정보원 운영(정보화)","문화데이터 개방 체계 구축","2670000","1869000","1422739","70.0","76.1"
"2026","민간이전","민간경상보조","문화체육관광부","일반회계"," ","문화및관광","문화및관광일반","문화·관광행정지원","문화정보화체계구축","한국문화정보원 운영(정보화)","문화정보서비스 운영지원","2309000","1917000","1155627","83.0","60.3"
"2026","민간이전","민간경상보조","문화체육관광부","일반회계"," ","문화및관광","문화및관광일반","문화·관광행정지원","문화정보화체계구축","한국문화정보원 운영(정보화)","문화정보화 기반 구축","552000","552000","292212","100.0","52.9"
"2026","민간이전","민간경상보조","문화체육관광부","일반회계"," ","문화및관광","문화및관광일반","문화·관광행정지원","문화정보화체계구축","한국문화정보원 운영(정보화)","문화정보 다부처 연계 서비스 플랫폼 구축","830000","581000","286385","70.0","49.3"
"2026","민간이전","민간경상보조","문화체육관광부","일반회계"," ","문화및관광","문화및관광일반","문화·관광행정지원","문화정보화체계구축","한국문화정보원 운영(정보화)","AI기반 문화생활지원 통합서비스 플랫폼 구축","5214000","4228800","1754869","81.1","41.5"
"2026","민간이전","민간경상보조","문화체육관광부","일반회계"," ","문화및관광","문화및관광일반","문화·관광행정지원","문화정보화체계구축","문화정보자원 안전관리체계 구축(정보화)","사이버안전센터 전담운영","700000","490000","292782","70.0","59.8"
"2026","민간이전","민간경상보조","문화체육관광부","일반회계"," ","문화및관광","문화및관광일반","문화·관광행정지원","문화정보화체계구축","디지털 신기술 기반 문화향유 서비스 개발 및 확산(정보화)","지능형 멀티 문화정보 큐레이팅봇 구축","1368000","1368000","284479","100.0","20.8"
"2026","민간이전","민간경상보조","문화체육관광부","일반회계"," ","문화및관광","문화및관광일반","문화·관광행정지원","문화정보화체계구축","디지털 신기술 기반 문화향유 서비스 개발 및 확산(정보화)","문화기반 가상융합세계 조성","875000","875000","32198","100.0","3.7"
"2026","민간이전","민간경상보조","문화체육관광부","지역균형발전특별회계","지역지원계정","문화및관광","문화예술","콘텐츠산업 육성","문화콘텐츠산업 진흥 환경 조성","지역콘텐츠산업 균형발전 지원","지역기반 게임산업 육성","13728000","13382000","3938393","97.5","29.4"
"2026","민간이전","민간경상보조","문화체육관광부","지역균형발전특별회계","지역지원계정","문화및관광","문화예술","콘텐츠산업 육성","문화콘텐츠산업 진흥 환경 조성","지역콘텐츠산업 균형발전 지원","지역특화콘텐츠 개발 지원","18090000","11768000","3594586","65.1","30.5"
"2026","민간이전","민간경상보조","문화체육관광부","지역균형발전특별회계","지역지원계정","문화및관광","문화예술","콘텐츠산업 육성","문화콘텐츠산업 진흥 환경 조성","지역콘텐츠산업 균형발전 지원","콘텐츠 창작창업 지역 확산","18200000","11740000","2796455","64.5","23.8"
"2026","민간이전","민간경상보조","문화체육관광부","지역균형발전특별회계","지역지원계정","문화및관광","문화예술","콘텐츠산업 육성","문화콘텐츠산업 진흥 환경 조성","지역콘텐츠산업 균형발전 지원","지역대표 글로컬 콘텐츠 기업 육성","7000000","4600000","356650","65.7","7.8"
"2026","민간이전","민간경상보조","문화체육관광부","지역균형발전특별회계","지역지원계정","문화및관광","문화예술","지역문화 진흥 및 문화기반 조성","지역문화 진흥","국민문화활동지원","문화가 있는 날 기획프로그램 운영","6923000","5436000","3199787","78.5","58.9"
"2026","민간이전","민간경상보조","문화체육관광부","지역균형발전특별회계","지역지원계정","문화및관광","문화예술","지역문화 진흥 및 문화기반 조성","지역문화 진흥","국민문화활동지원","지역문화진흥원 지원","2625000","2400000","1501107","91.4","62.5"
"2026","민간이전","민간경상보조","문화체육관광부","지역균형발전특별회계","지역지원계정","문화및관광","문화예술","지역문화 진흥 및 문화기반 조성","지역문화 진흥","국민문화활동지원","문화균형발전 증진 지원","4063000","3600000","1795200","88.6","49.9"
"2026","민간이전","민간경상보조","문화체육관광부","지역균형발전특별회계","지역지원계정","문화및관광","문화예술","지역문화 진흥 및 문화기반 조성","지역문화 진흥","국민문화활동지원","예술마을 프로젝트","0","0","0","0","0"
"2026","민간이전","민간경상보조","문화체육관광부","지역균형발전특별회계","지역지원계정","문화및관광","문화예술","지역문화 진흥 및 문화기반 조성","지역문화 진흥","국민문화활동지원","문화선도산단 지원","3600000","1700000","2524","47.2","0.1"
"2026","민간이전","민간경상보조","문화체육관광부","지역균형발전특별회계","지역지원계정","문화및관광","문화예술","지역문화 진흥 및 문화기반 조성","문화도시 조성(지역지원)","대한민국 문화도시 조성(지역지원)","문화도시 관리 및 홍보 지원","400000","300000","5898","75.0","2.0"
"2026","민간이전","민간경상보조","문화체육관광부","지역균형발전특별회계","지역지원계정","문화및관광","관광","관광진흥기반확충","관광자원활성화","관광자원 기반조성","관광투자유치 지원","0","0","0","0","0"
"2026","민간이전","민간경상보조","문화체육관광부","지역균형발전특별회계","지역지원계정","문화및관광","관광","관광진흥기반확충","관광자원활성화","관광자원 기반조성","지역관광 개발지원체계 구축","500000","500000","211079","100.0","42.2"
"2026","민간이전","민간경상보조","문화체육관광부","지역균형발전특별회계","지역지원계정","문화및관광","관광","국내관광활성화","관광인프라 조성","전통문화체험 지원","템플스테이 지원(운영지원)","16000000","13247000","7599860","82.8","57.4"
"2026","민간이전","민간경상보조","문화체육관광부","지역균형발전특별회계","지역지원계정","문화및관광","관광","국내관광활성화","관광인프라 조성","전통문화체험 지원","전통문화체험시설 지원(서원향교 문화관광 프로그램 운영 및 활성화 지원)","700000","490000","162426","70.0","33.1"
"2026","민간이전","민간경상보조","문화체육관광부","지역균형발전특별회계","지역지원계정","문화및관광","관광","국내관광활성화","관광인프라 조성","전통문화체험 지원","서당문화체험","1100000","880000","500789","80.0","56.9"
"2026","민간이전","민간경상보조","문화체육관광부","지역균형발전특별회계","지역지원계정","문화및관광","관광","국내관광활성화","관광인프라 조성","전통문화체험 지원","전통문화 활용 활성화","2110000","2110000","1148679","100.0","54.4"
"2026","민간이전","민간경상보조","문화체육관광부","지역신문발전기금"," ","문화및관광","문화예술","문화미디어산업육성및지원","지역신문발전지원","지역신문발전 지원","지역신문역량지원(지역신문제안사업)","2000000","1131092","476515","56.6","42.1"
"2026","민간이전","민간경상보조","문화체육관광부","지역신문발전기금"," ","문화및관광","문화예술","문화미디어산업육성및지원","지역신문발전지원","지역신문발전 지원","지역공헌활동지원(소외계층구독료 지원)","2547000","1961651","914590","77.0","46.6"
"2026","민간이전","민간경상보조","문화체육관광부","지역신문발전기금"," ","문화및관광","문화예술","문화미디어산업육성및지원","지역신문발전지원","지역신문발전 지원","지역공헌활동지원(지역신문활용교육구독료지원)","1005000","742307","406228","73.9","54.7"
"2026","민간이전","민간경상보조","문화체육관광부","지역신문발전기금"," ","문화및관광","문화예술","문화미디어산업육성및지원","지역신문발전지원","지역신문발전 지원","지역신문역량지원(지역민참여보도지원)","128000","112921","45422","88.2","40.2"
"2026","민간이전","민간경상보조","문화체육관광부","지역신문발전기금"," ","문화및관광","문화예술","문화미디어산업육성및지원","지역신문발전지원","지역신문발전 지원","지역신문역량지원(기획취재지원)","1000000","884933","384653","88.5","43.5"
"2026","민간이전","민간경상보조","문화체육관광부","지역신문발전기금"," ","문화및관광","문화예술","문화미디어산업육성및지원","지역신문발전지원","지역신문발전 지원","지역신문역량지원(지역인재인턴프로그램지원)","610000","535350","212315","87.8","39.7"
"2026","민간이전","민간경상보조","문화체육관광부","지역신문발전기금"," ","문화및관광","문화예술","문화미디어산업육성및지원","지역신문발전지원","지역신문발전 지원","지역신문역량지원(공동주제심층보도지원)","200000","92447","18779","46.2","20.3"
"2026","민간이전","민간경상보조","문화체육관광부","지역신문발전기금"," ","문화및관광","문화예술","문화미디어산업육성및지원","지역신문발전지원","지역신문발전 지원","지역신문역량지원(지역공동체활성화프로젝트)","210000","174148","101426","82.9","58.2"
"2026","민간이전","민간경상보조","민주평화통일자문회의","일반회계"," ","통일·외교","통일","통일논의플랫폼 기능강화","지역협의회 활동지원","자문위원 역량강화","해외 청년·여성위원 역량지원","168000","168000","0","100.0","0.0"
"2026","민간이전","민간경상보조","민주평화통일자문회의","일반회계"," ","통일·외교","통일","통일논의플랫폼 기능강화","지역협의회 활동지원","지역협의회 운영","국내 협의회 운영비","1495222","1486942","1466923","99.4","98.7"
"2026","민간이전","민간경상보조","민주평화통일자문회의","일반회계"," ","통일·외교","통일","통일논의플랫폼 기능강화","지역협의회 활동지원","지역협의회 운영","해외 협의회 운영비","1521540","1142710","0","75.1","0.0"
"2026","민간이전","민간경상보조","민주평화통일자문회의","일반회계"," ","통일·외교","통일","통일논의플랫폼 기능강화","지역협의회 활동지원","지역협의회 활동추진","정기회의","866580","686989","641769","79.3","93.4"
"2026","민간이전","민간경상보조","민주평화통일자문회의","일반회계"," ","통일·외교","통일","통일논의플랫폼 기능강화","지역협의회 활동지원","지역협의회 활동추진","국내 통일특화사업","1001209","534595","530380","53.4","99.2"
"2026","민간이전","민간경상보조","민주평화통일자문회의","일반회계"," ","통일·외교","통일","통일논의플랫폼 기능강화","지역협의회 활동지원","지역협의회 활동추진","해외 통일특화사업","1149970","499509","84081","43.4","16.8"
"2026","민간이전","민간경상보조","민주평화통일자문회의","일반회계"," ","통일·외교","통일","통일논의플랫폼 기능강화","지역협의회 활동지원","지역협의회 활동추진","청소년 통일공감사업","463341","311700","134680","67.3","43.2"
"2026","민간이전","민간경상보조","민주평화통일자문회의","일반회계"," ","통일·외교","통일","통일논의플랫폼 기능강화","지역협의회 활동지원","지역협의회 활동추진","평화통일 시민교실","384000","230228","230228","60.0","100.0"
"2026","민간이전","민간경상보조","민주평화통일자문회의","일반회계"," ","통일·외교","통일","통일논의플랫폼 기능강화","지역협의회 활동지원","지역협의회 활동추진","평화통일포럼","199220","170050","50050","85.4","29.4"
"2026","민간이전","민간경상보조","민주평화통일자문회의","일반회계"," ","통일·외교","통일","통일논의플랫폼 기능강화","지역협의회 활동지원","지역협의회 활동추진","해외 통일정책강연회","149500","76961","25450","51.5","33.1"
"2026","민간이전","민간경상보조","민주평화통일자문회의","일반회계"," ","통일·외교","통일","통일논의플랫폼 기능강화","지역협의회 활동지원","지역협의회 활동추진","국내 청년 통일활동사업","99000","36000","33236","36.4","92.3"
"2026","민간이전","민간경상보조","민주평화통일자문회의","일반회계"," ","통일·외교","통일","통일논의플랫폼 기능강화","지역협의회 활동지원","지역협의회 활동추진","국내 여성 통일활동사업","99000","42000","41897","42.4","99.8"
"2026","민간이전","민간경상보조","민주평화통일자문회의","일반회계"," ","통일·외교","통일","통일논의플랫폼 기능강화","지역협의회 활동지원","지역협의회 활동추진","평화통일 사회적 대화","918000","171300","171300","18.7","100.0"
"2026","민간이전","민간경상보조","방송미디어통신위원회","일반회계"," ","문화및관광","문화예술","콘텐츠방송산업육성","콘텐츠 진흥","1인 미디어 콤플렉스 조성","1인 미디어 콤플렉스 조성","4157000","3600000","3298670","86.6","91.6"
"2026","민간이전","민간경상보조","방송미디어통신위원회","일반회계"," ","통신","방송통신","공정하고 안전한 방송통신 환경조성","공정하고 안전한 방송통신 기반구축","방송통신 이용자 보호 환경조성","통신분쟁조정제도 운영을 통한 이용자 피해구제 강화","755000","604000","332952","80.0","55.1"
"2026","민간이전","민간경상보조","방송미디어통신위원회","일반회계"," ","통신","방송통신","공정하고 안전한 방송통신 환경조성","공정하고 안전한 방송통신 기반구축","방송통신 이용자 보호 환경조성","방송통신서비스 이용자 역량강화 및 보호","1376000","1032000","534580","75.0","51.8"
"2026","민간이전","민간경상보조","방송미디어통신위원회","일반회계"," ","통신","방송통신","공정하고 안전한 방송통신 환경조성","공정하고 안전한 방송통신 기반구축","방송통신시장 조사분석","방송통신시장 서비스분야별 시장모니터링 실시","1298000","973500","588633","75.0","60.5"
"2026","민간이전","민간경상보조","방송미디어통신위원회","일반회계"," ","통신","방송통신","공정하고 안전한 방송통신 환경조성","공정하고 안전한 방송통신 기반구축","방송통신시장 조사분석","인터넷 불편광고 금지행위 모니터링","100000","75000","21411","75.0","28.5"
"2026","민간이전","민간경상보조","방송미디어통신위원회","일반회계"," ","통신","방송통신","공정하고 안전한 방송통신 환경조성","공정하고 안전한 방송통신 기반구축","방송통신시장 조사분석","모바일 앱결제 피해예방 및 이용자 보호","417000","312750","211691","75.0","67.7"
"2026","민간이전","민간경상보조","방송미디어통신위원회","일반회계"," ","통신","방송통신","공정하고 안전한 방송통신 환경조성","공정하고 안전한 방송통신 기반구축","안전한위치정보이용환경조성(정보화)","위치정보의안전한활용지원","125000","93750","61952","75.0","66.1"
"2026","민간이전","민간경상보조","방송미디어통신위원회","일반회계"," ","통신","방송통신","공정하고 안전한 방송통신 환경조성","방송인프라지원","KBS대외방송송출지원","송출비 지원","5057000","3792750","2521098","75.0","66.5"
"2026","민간이전","민간경상보조","방송통신위원회","일반회계"," ","통신","방송통신","공정하고 안전한 방송통신 환경조성","공정하고 안전한 방송통신 기반구축","방송통신 이용자 보호 환경조성","통신분쟁조정제도 운영을 통한 이용자 피해구제 강화","0","0","0","0","0"
"2026","민간이전","민간경상보조","방송통신위원회","일반회계"," ","통신","방송통신","공정하고 안전한 방송통신 환경조성","공정하고 안전한 방송통신 기반구축","방송통신 이용자 보호 환경조성","방송통신서비스 이용자 역량강화 및 보호","0","0","0","0","0"
"2026","민간이전","민간경상보조","방송통신위원회","일반회계"," ","통신","방송통신","공정하고 안전한 방송통신 환경조성","공정하고 안전한 방송통신 기반구축","방송통신시장 조사분석","방송통신시장 서비스분야별 시장모니터링 실시","0","0","0","0","0"
"2026","민간이전","민간경상보조","방송통신위원회","일반회계"," ","통신","방송통신","공정하고 안전한 방송통신 환경조성","공정하고 안전한 방송통신 기반구축","방송통신시장 조사분석","인터넷 불편광고 금지행위 모니터링","0","0","0","0","0"
"2026","민간이전","민간경상보조","방송통신위원회","일반회계"," ","통신","방송통신","공정하고 안전한 방송통신 환경조성","공정하고 안전한 방송통신 기반구축","방송통신시장 조사분석","모바일 앱결제 피해예방 및 이용자 보호","0","0","0","0","0"
"2026","민간이전","민간경상보조","방송통신위원회","일반회계"," ","통신","방송통신","공정하고 안전한 방송통신 환경조성","공정하고 안전한 방송통신 기반구축","안전한위치정보이용환경조성(정보화)","위치정보의안전한활용지원","0","0","0","0","0"
"2026","민간이전","민간경상보조","방송통신위원회","일반회계"," ","통신","방송통신","공정하고 안전한 방송통신 환경조성","방송인프라지원","KBS대외방송송출지원","송출비 지원","0","0","0","0","0"
"2026","민간이전","민간경상보조","방송통신위원회","일반회계"," ","통신","방송통신","방송통신행정지원","방송통신운영지원","방송분야 재난관리 지원","재난방송 수신환경 개선","0","0","0","0","0"
"2026","민간이전","민간경상보조","방위사업청","일반회계"," ","국방","방위력개선","방위사업정책지원","방위산업육성지원","방위산업 수출지원","방산물자교역지원센터","373000","186500","153075","50.0","82.1"
"2026","민간이전","민간경상보조","방위사업청","일반회계"," ","국방","방위력개선","방위사업정책지원","방위산업기술지원","방산기술보호","방산중소중견기업 통합보안장비 임차료 지원사업","90000","0","0","0.0","0"
"2026","민간이전","민간경상보조","방위사업청","일반회계"," ","국방","방위력개선","방위사업정책지원","방위산업기술지원","방산기술보호","방산중소중견기업 기술유출방지시스템 구축 지원사업","802000","0","0","0.0","0"
"2026","민간이전","민간경상보조","법무부","범죄피해자보호기금"," ","공공질서및안전","법무및검찰","인권활동","강력범죄등피해자보호및지원","범죄피해자치료및자립지원","취업 및 치료부대비용 지원","708000","531000","339161","75.0","63.9"
"2026","민간이전","민간경상보조","법무부","범죄피해자보호기금"," ","공공질서및안전","법무및검찰","인권활동","강력범죄등피해자보호및지원","범죄피해자치료및자립지원","범죄피해자 법률지원","412000","309000","233670","75.0","75.6"
"2026","민간이전","민간경상보조","법무부","범죄피해자보호기금"," ","공공질서및안전","법무및검찰","인권활동","강력범죄등피해자보호및지원","범죄피해자치료및자립지원","범죄피해자지원센터 운영","5338000","3983953","2997283","74.6","75.2"
"2026","민간이전","민간경상보조","법무부","범죄피해자보호기금"," ","공공질서및안전","법무및검찰","인권활동","강력범죄등피해자보호및지원","범죄피해자치료및자립지원","스마일센터 운영","11375000","8700021","5856860","76.5","67.3"
"2026","민간이전","민간경상보조","법무부","범죄피해자보호기금"," ","공공질서및안전","법무및검찰","인권활동","성폭력피해자 보호 및 지원","진술조력인 양성 및 배치","진술조력인 배치(상근)","852000","639000","483798","75.0","75.7"
"2026","민간이전","민간경상보조","법무부","범죄피해자보호기금"," ","공공질서및안전","법무및검찰","인권활동","성폭력피해자 보호 및 지원","피해자 국선변호사 지원","피해자 국선전담변호사 배치","5550860","4163145","3006067","75.0","72.2"
"2026","민간이전","민간경상보조","법무부","일반회계"," ","공공질서및안전","법무및검찰","법무활동","국가송무수행","정부법무공단운영지원","정부법무공단 운영 지원(인건비)","702000","702000","671159","100.0","95.6"
"2026","민간이전","민간경상보조","법무부","일반회계"," ","공공질서및안전","법무및검찰","법무활동","국제법무운영및외국법제연구","기업환경지수 개선","기업환경평가대응 분쟁해결분야 역량강화(국제중재센터 지원)","2400000","2400000","1145315","100.0","47.7"
"2026","민간이전","민간경상보조","법무부","일반회계"," ","공공질서및안전","법무및검찰","법무활동","민상사법령의 선진화","성장동력 확충을 위한 기업법제선진화","대한상사중재원 지원(국제중재사건유치활동)","3628541","3628541","2025916","100.0","55.8"
"2026","민간이전","민간경상보조","법무부","일반회계"," ","공공질서및안전","법무및검찰","법무활동","법률서비스산업의선진화 및 법조인선발","변호사제도의선진화","법조윤리협의회 운영지원","220080","220080","115131","100.0","52.3"
"2026","민간이전","민간경상보조","법무부","일반회계"," ","공공질서및안전","법무및검찰","인권활동","법률구조","법률구조","대한법률구조공단 법률구조사업 지원","63888000","51110400","41374119","80.0","81.0"
"2026","민간이전","민간경상보조","법무부","일반회계"," ","공공질서및안전","법무및검찰","인권활동","법률구조","법률구조","한국가정법률상담소 법률구조사업 지원","1596000","1596000","992486","100.0","62.2"
"2026","민간이전","민간경상보조","법무부","일반회계"," ","공공질서및안전","법무및검찰","인권활동","법률구조","법률구조","대한가정법률복지상담원 법률구조사업 지원","380000","380000","247703","100.0","65.2"
"2026","민간이전","민간경상보조","법무부","일반회계"," ","공공질서및안전","법무및검찰","인권활동","법률구조","법률구조","대한변협법률구조재단 법률구조사업 지원","500000","500000","153492","100.0","30.7"
"2026","민간이전","민간경상보조","법무부","일반회계"," ","공공질서및안전","법무및검찰","출입국관리","국제이민협력","이민정책연구원운영","이민정책연구원 운영","3786000","3786000","1537585","100.0","40.6"
"2026","민간이전","민간경상보조","법무부","일반회계"," ","공공질서및안전","법무및검찰","출입국관리","외국인체류관리","외국인사회통합지원","이민자 조기적응프로그램 운영","3561000","2181136","712263","61.3","32.7"
"2026","민간이전","민간경상보조","법무부","일반회계"," ","공공질서및안전","법무및검찰","출입국관리","외국인체류관리","외국인사회통합지원","동포체류지원센터 운영","2020000","943702","638043","46.7","67.6"
"2026","민간이전","민간경상보조","법무부","일반회계"," ","공공질서및안전","법무및검찰","출입국관리","외국인체류관리","외국인사회통합지원","계절근로 전문기관 운영","646000","0","0","0.0","0"
"2026","민간이전","민간경상보조","법무부","일반회계"," ","공공질서및안전","법무및검찰","범죄예방활동","소년보호","소년원생수용","청소년자립생활관 운영","1745072","1745072","947460","100.0","54.3"
"2026","민간이전","민간경상보조","법무부","일반회계"," ","공공질서및안전","법무및검찰","범죄예방활동","소년보호","소년원생수용","화성청소년창업비전센터 운영","1017300","1017300","639214","100.0","62.8"
"2026","민간이전","민간경상보조","법무부","일반회계"," ","공공질서및안전","법무및검찰","범죄예방활동","소년보호","소년원생수용","안산청소년창업비전센터 운영","202120","202120","111888","100.0","55.4"
"2026","민간이전","민간경상보조","법무부","일반회계"," ","공공질서및안전","법무및검찰","범죄예방활동","갱생보호","갱생보호활동","민간 갱생보호법인 출소자 갱생보호활동 지원","1827000","1827000","1058692","100.0","57.9"
"2026","민간이전","민간경상보조","법무부","일반회계"," ","공공질서및안전","법무및검찰","범죄예방활동","갱생보호","갱생보호활동","한국법무보호복지공단 출소자 갱생보호활동 지원","46641000","46641000","24419629","100.0","52.4"
"2026","민간이전","민간경상보조","법무부","일반회계"," ","공공질서및안전","법무및검찰","법무교육훈련","연수원운영","연수원시설관리및운영","공동직장 어린이집 운영보조금 지원","40000","18839","17327","47.1","92.0"
"2026","민간이전","민간경상보조","보건복지부","국민건강증진기금","국민건강증진계정","사회복지","취약계층지원","장애인생활안정 및 재활 지원","장애인의료재활지원(국민건강증진기금)","공공어린이재활병원?센터 지원","공공어린이 재활의료기관 건립사업 지원","0","0","0","0","0"
"2026","민간이전","민간경상보조","보건복지부","국민건강증진기금","국민건강증진계정","사회복지","아동·보육","저출산대응및인구정책지원","모자보건사업","모자보건사업","임신·출산·육아 종합정보제공 포털사이트 운영","415000","415000","221745","100.0","53.4"
"2026","민간이전","민간경상보조","보건복지부","국민건강증진기금","국민건강증진계정","사회복지","아동·보육","저출산대응및인구정책지원","모자보건사업","모자보건사업","임산부의 날 행사 개최 및 배려 캠페인","78000","78000","5300","100.0","6.8"
"2026","민간이전","민간경상보조","보건복지부","국민건강증진기금","국민건강증진계정","사회복지","아동·보육","저출산대응및인구정책지원","모자보건사업","모자보건사업","성·생식건강증진","736000","736000","380503","100.0","51.7"
"2026","민간이전","민간경상보조","보건복지부","국민건강증진기금","국민건강증진계정","사회복지","아동·보육","저출산대응및인구정책지원","모자보건사업","모자보건사업","산후조리원 평가 및 관리","801000","801000","123353","100.0","15.4"
"2026","민간이전","민간경상보조","보건복지부","국민건강증진기금","국민건강증진계정","사회복지","아동·보육","저출산대응및인구정책지원","모자보건사업","모자보건사업","생애 초기 건강관리 시범사업 운영 지원","382000","382000","185760","100.0","48.6"
"2026","민간이전","민간경상보조","보건복지부","국민건강증진기금","국민건강증진계정","사회복지","아동·보육","저출산대응및인구정책지원","모자보건사업","모자보건사업","임신·출산 모바일앱 운영 및 고도화","82000","82000","24121","100.0","29.4"
"2026","민간이전","민간경상보조","보건복지부","국민건강증진기금","국민건강증진계정","사회복지","아동·보육","저출산대응및인구정책지원","모자보건사업","모자보건사업","난임 극복 지원 운영 및 모니터링 등","200000","200000","67034","100.0","33.5"
"2026","민간이전","민간경상보조","보건복지부","국민건강증진기금","국민건강증진계정","사회복지","아동·보육","저출산대응및인구정책지원","모자보건사업","영유아 사전예방적 건강관리","미숙아 및 선천성이상아 의료비 지원(민간경상보조)","1220000","1220000","505593","100.0","41.4"
"2026","민간이전","민간경상보조","보건복지부","국민건강증진기금","국민건강증진계정","사회복지","노인","노인의료보장","치매관리사업지원","치매관리체계 구축","국민건강보험 공단 위탁수수료","322000","322000","322000","100.0","100.0"
"2026","민간이전","민간경상보조","보건복지부","국민건강증진기금","국민건강증진계정","사회복지","노인","노인의료보장","치매관리사업지원","치매관리체계 구축","치매환자 재산관리지원서비스 시범사업 운영","1874000","1874000","323169","100.0","17.2"
"2026","민간이전","민간경상보조","보건복지부","국민건강증진기금","국민건강증진계정","사회복지","노인","노인의료보장","노인건강관리","노인건강관리","노인실명예방사업","2811000","2811000","1930191","100.0","68.7"
"2026","민간이전","민간경상보조","보건복지부","국민건강증진기금","국민건강증진계정","사회복지","노인","노인의료보장","노인건강관리","노인건강관리","노인무릎관절 수술 지원","4092000","4092000","2490714","100.0","60.9"
"2026","민간이전","민간경상보조","보건복지부","국민건강증진기금","국민건강증진계정","사회복지","노인","노인의료보장","노인건강관리","노인건강관리","전립선질환 예방관리","182000","182000","113181","100.0","62.2"
"2026","민간이전","민간경상보조","보건복지부","국민건강증진기금","국민건강증진계정","보건","보건의료","공공보건의료확충","장기기증활성화지원","골수기증희망자검사지원","조혈모세포 기증희망자 검사비 지원","3862000","3090000","1798146","80.0","58.2"
"2026","민간이전","민간경상보조","보건복지부","국민건강증진기금","국민건강증진계정","보건","보건의료","공공보건의료확충","장기기증활성화지원","골수기증희망자검사지원","기증제대혈은행 지정 및 지원","1369000","1095200","555774","80.0","50.7"
"2026","민간이전","민간경상보조","보건복지부","국민건강증진기금","국민건강증진계정","보건","보건의료","공공보건의료확충","장기기증활성화지원","골수기증희망자검사지원","기증제대혈 보관 사업","450000","360000","192952","80.0","53.6"
"2026","민간이전","민간경상보조","보건복지부","국민건강증진기금","국민건강증진계정","보건","보건의료","공공보건의료확충","혈액안전관리","혈액안전관리","헌혈자의 날 기념행사","50000","50000","0","100.0","0.0"
"2026","민간이전","민간경상보조","보건복지부","국민건강증진기금","국민건강증진계정","보건","보건의료","공공보건의료확충","혈액안전관리","혈액안전관리","헌혈자 예우증진 사업","100000","70000","0","70.0","0.0"
"2026","민간이전","민간경상보조","보건복지부","국민건강증진기금","국민건강증진계정","보건","보건의료","공공보건의료확충","국가암관리사업지원","국가암관리","암생존자통합지지사업(암센터 민간경상보조)","510000","510000","243112","100.0","47.7"
"2026","민간이전","민간경상보조","보건복지부","국민건강증진기금","국민건강증진계정","보건","보건의료","공공보건의료확충","국가암관리사업지원","국가암관리","호스피스완화의료 지원(민간경상보조)","9208000","9208000","4112098","100.0","44.7"
"2026","민간이전","민간경상보조","보건복지부","국민건강증진기금","국민건강증진계정","보건","보건의료","국민건강생활실천","금연사업","국가금연지원서비스","금연상담전화","3006000","3006000","1775463","100.0","59.1"
"2026","민간이전","민간경상보조","보건복지부","국민건강증진기금","국민건강증진계정","보건","보건의료","국민건강생활실천","금연사업","국가금연지원서비스","온라인금연지원서비스","546000","546000","197210","100.0","36.1"
"2026","민간이전","민간경상보조","보건복지부","국민건강증진기금","국민건강증진계정","보건","보건의료","국민건강생활실천","금연사업","국가금연지원서비스","국가금연지원센터 운영 지원","3468000","3468000","1082990","100.0","31.2"
"2026","민간이전","민간경상보조","보건복지부","국민건강증진기금","국민건강증진계정","보건","보건의료","국민건강생활실천","건강증진사업지원기구운영","한국건강증진개발원 운영","한국건강증진개발원 운영","20349000","18314100","10748862","90.0","58.7"
"2026","민간이전","민간경상보조","보건복지부","국민건강증진기금","국민건강증진계정","보건","보건의료","국민건강생활실천","정신건강증진사업","정신건강 증진사업","정신건강사례관리시스템 운영","440000","440000","186250","100.0","42.3"
"2026","민간이전","민간경상보조","보건복지부","국민건강증진기금","국민건강증진계정","보건","보건의료","국민건강생활실천","정신건강증진사업","자살예방 및 생명존중 문화조성","자살 유족 지원사업","147000","147000","58663","100.0","39.9"
"2026","민간이전","민간경상보조","보건복지부","국민건강증진기금","국민건강증진계정","보건","보건의료","국민건강생활실천","정신건강증진사업","자살예방 및 생명존중 문화조성","응급실 기반 자살시도자 사후관리사업","15693000","15693000","6339548","100.0","40.4"
"2026","민간이전","민간경상보조","보건복지부","국민건강증진기금","국민건강증진계정","보건","보건의료","국민건강생활실천","정신건강증진사업","자살예방 및 생명존중 문화조성","심리부검체계구축","467000","467000","193753","100.0","41.5"
"2026","민간이전","민간경상보조","보건복지부","국민건강증진기금","국민건강증진계정","보건","보건의료","국민건강생활실천","정신건강증진사업","자살예방 및 생명존중 문화조성","민관협력자살예방사업","703000","703000","161915","100.0","23.0"
"2026","민간이전","민간경상보조","보건복지부","국민건강증진기금","국민건강증진계정","보건","보건의료","국민건강생활실천","정신건강증진사업","자살예방 및 생명존중 문화조성","자살예방교육 및  홍보 활성화","4456000","4456000","1704431","100.0","38.3"
"2026","민간이전","민간경상보조","보건복지부","국민건강증진기금","국민건강증진계정","보건","보건의료","국민건강생활실천","정신건강증진사업","자살예방 및 생명존중 문화조성","자살 고위험군 치료비 지원사업","1373000","1373000","1237270","100.0","90.1"
"2026","민간이전","민간경상보조","보건복지부","국민건강증진기금","국민건강증진계정","보건","보건의료","국민건강생활실천","정신건강증진사업","자살예방 및 생명존중 문화조성","자살예방상담전화 운영 지원 ","5241017","5241017","1508455","100.0","28.8"
"2026","민간이전","민간경상보조","보건복지부","국민건강증진기금","국민건강증진계정","보건","보건의료","국민건강생활실천","정신건강증진사업","자살예방 및 생명존중 문화조성","청년 소외계층 온라인 돌봄 시범사업","971000","971000","299927","100.0","30.9"
"2026","민간이전","민간경상보조","보건복지부","국민건강증진기금","국민건강증진계정","보건","보건의료","국민건강생활실천","정신건강증진사업","자살예방 및 생명존중 문화조성","한국생명존중희망재단 운영","7722000","7722000","4018570","100.0","52.0"
"2026","민간이전","민간경상보조","보건복지부","국민건강증진기금","국민건강증진계정","보건","보건의료","국민건강생활실천","정신건강증진사업","자살예방 및 생명존중 문화조성","자살고위험군 정보연계 시스템 구축(MHIS 기능개선)","100000","100000","47245","100.0","47.2"
"2026","민간이전","민간경상보조","보건복지부","국민건강증진기금","국민건강증진계정","보건","보건의료","국민건강생활실천","정신건강증진사업","자살예방 및 생명존중 문화조성","자살고위험군 정보연계 시스템 구축(인력 및 사업 운영)","174000","174000","39256","100.0","22.6"
"2026","민간이전","민간경상보조","보건복지부","국민건강증진기금","국민건강증진계정","보건","보건의료","감염병정책관리","감염병관리 및 지원","감염병예방관리 및 지원","진드기매개 감염병 예방관리(민간)","80000","56000","27337","70.0","48.8"
"2026","민간이전","민간경상보조","보건복지부","국민건강증진기금","국민건강증진계정","보건","보건의료","감염병정책관리","감염병관리 및 지원","감염병예방관리 및 지원","감염병 예방행태 개선","180000","180000","57220","100.0","31.8"
"2026","민간이전","민간경상보조","보건복지부","국민건강증진기금","국민건강증진계정","보건","보건의료","감염병정책관리","감염병관리 및 지원","감염병예방관리 및 지원","CJD 부검센터 운영","68000","47600","23283","70.0","48.9"
"2026","민간이전","민간경상보조","보건복지부","국민건강증진기금","국민건강증진계정","보건","보건의료","감염병정책관리","감염병관리 및 지원","감염병예방관리 및 지원","동물병원 기반 SFTS 감시사업","100000","70000","16338","70.0","23.3"
"2026","민간이전","민간경상보조","보건복지부","국민건강증진기금","국민건강증진계정","보건","보건의료","감염병정책관리","성매개감염병 및 에이즈관리","에이즈 및 성병예방","에이즈 및 성병예방 민간경상보조사업 지원","3700000","2773000","1846764","74.9","66.6"
"2026","민간이전","민간경상보조","보건복지부","국민건강증진기금","국민건강증진계정","보건","보건의료","감염병진단분석","감염병진단인프라구축","매개체 및 기생충 진단·감시·분석","장내기생충 감염 검사비 지원","67000","67000","39212","100.0","58.5"
"2026","민간이전","민간경상보조","보건복지부","국민건강증진기금","국민건강증진계정","보건","보건의료","감염병진단분석","감염병진단인프라구축","매개체 및 기생충 진단·감시·분석","기후변화 대응 매개체 및 병원체 감시","260000","260000","111040","100.0","42.7"
"2026","민간이전","민간경상보조","보건복지부","국민건강증진기금","국민건강증진계정","보건","보건의료","만성질환관리","만성질환예방관리","만성질환 예방관리","2차 표준물질 생산 및 표준화사업 지원","507000","354900","182914","70.0","51.5"
"2026","민간이전","민간경상보조","보건복지부","국민건강증진기금","국민건강증진계정","보건","보건의료","만성질환관리","만성질환예방관리","만성질환 예방관리","국가건강검진항목 근거생산","100000","100000","48956","100.0","49.0"
"2026","민간이전","민간경상보조","보건복지부","국민건강증진기금","국민건강증진계정","보건","보건의료","만성질환관리","만성질환예방관리","만성질환 예방관리","국가건강정보포털 운영(건강정보 의학전문감수단 운영)","90000","90000","50363","100.0","56.0"
"2026","민간이전","민간경상보조","보건복지부","국민건강증진기금","국민건강증진계정","보건","보건의료","만성질환관리","희귀질환자지원","희귀질환자지원","희귀질환자 쉼터 운영지원","152000","152000","56269","100.0","37.0"
"2026","민간이전","민간경상보조","보건복지부","국민건강증진기금","국민건강증진계정","보건","보건의료","만성질환관리","희귀질환자지원","희귀질환자지원","희귀질환 전문기관 지정 운영","2332000","2332000","922678","100.0","39.6"
"2026","민간이전","민간경상보조","보건복지부","국민건강증진기금","국민건강증진계정","보건","보건의료","만성질환관리","희귀질환자지원","희귀질환자지원","희귀질환 진단지원 사업","1251000","1251000","471214","100.0","37.7"
"2026","민간이전","민간경상보조","보건복지부","국민건강증진기금","국민건강증진계정","보건","보건의료","만성질환관리","희귀질환자지원","희귀질환자지원","국민건강보험공단 위탁 수수료","350000","350000","350000","100.0","100.0"
"2026","민간이전","민간경상보조","보건복지부","국민건강증진기금","국민건강증진계정","보건","보건의료","만성질환관리","희귀질환자지원","희귀질환자지원","희귀질환 등록사업","651000","617281","204217","94.8","33.1"
"2026","민간이전","민간경상보조","보건복지부","응급의료기금"," ","보건","보건의료","응급의료체계운영지원","응급의료 안전망 및 생활화 지원","응급처치 활성화 지원","아동 응급처치교육","292000","200000","101273","68.5","50.6"
"2026","민간이전","민간경상보조","보건복지부","응급의료기금"," ","보건","보건의료","응급의료체계운영지원","응급의료 안전망 및 생활화 지원","국가 재난의료체계 운영","응급실 기반 급성중독환자 치료지원","1671000","1671000","587333","100.0","35.1"
"2026","민간이전","민간경상보조","보건복지부","응급의료기금"," ","보건","보건의료","응급의료체계운영지원","응급의료기관 지원","중증외상 전문진료체계 구축","권역외상센터 운영지원(외상체계관리운영)","470000","470000","43461","100.0","9.2"
"2026","민간이전","민간경상보조","보건복지부","응급의료기금"," ","보건","보건의료","응급의료체계운영지원","응급의료기관 지원","중증외상 전문진료체계 구축","외과계전공의 등 전문외상교육","0","0","0","0","0"
"2026","민간이전","민간경상보조","보건복지부","응급의료기금"," ","보건","보건의료","응급의료체계운영지원","응급의료기관 지원","중증외상 전문진료체계 구축","외상학 전문인력 양성","940000","656000","165346","69.8","25.2"
"2026","민간이전","민간경상보조","보건복지부","응급의료기금"," ","보건","보건의료","응급의료체계운영지원","응급의료기관 지원","고위험 산모·신생아 지원","중앙모자보건의료센터 운영","205000","164000","118395","80.0","72.2"
"2026","민간이전","민간경상보조","보건복지부","응급의료기금"," ","보건","보건의료","응급의료체계운영지원","응급의료기관 지원","고위험 산모·신생아 지원","모자의료 전원이송 체계 구축 및 운영 지원","1536000","1228800","653367","80.0","53.2"
"2026","민간이전","민간경상보조","보건복지부","일반회계"," ","사회복지","기초생활보장","기초생활보장","의료급여","의료급여","의료급여 전산시스템 ISP","560000","560000","2000","100.0","0.4"
"2026","민간이전","민간경상보조","보건복지부","일반회계"," ","사회복지","기초생활보장","기초생활보장","자활지원","자활사업","한국자활복지개발원운영","16544000","14889600","7557463","90.0","50.8"
"2026","민간이전","민간경상보조","보건복지부","일반회계"," ","사회복지","기초생활보장","기초생활보장","자활지원","근로능력있는수급자의탈수급지원","자산형성지원사업","320000","320000","106135","100.0","33.2"
"2026","민간이전","민간경상보조","보건복지부","일반회계"," ","사회복지","취약계층지원","장애인생활안정 및 재활 지원","장애인소득보장","장애정도심사제도 운영","장애등록제도 지원","391000","391000","159235","100.0","40.7"
"2026","민간이전","민간경상보조","보건복지부","일반회계"," ","사회복지","취약계층지원","장애인생활안정 및 재활 지원","장애인사회참여 기반조성","장애인지원관리","장애인 법률구조","607000","607000","285069","100.0","47.0"
"2026","민간이전","민간경상보조","보건복지부","일반회계"," ","사회복지","취약계층지원","장애인생활안정 및 재활 지원","장애인선택적복지","발달장애인 지원","발달장애인 공공후견법인 운영 지원","618000","618000","429906","100.0","69.6"
"2026","민간이전","민간경상보조","보건복지부","일반회계"," ","사회복지","취약계층지원","장애인생활안정 및 재활 지원","장애인선택적복지","발달장애인 지원","중앙장애아동?발달장애인지원센터 운영 지원","1333000","1333000","575039","100.0","43.1"
"2026","민간이전","민간경상보조","보건복지부","일반회계"," ","사회복지","취약계층지원","장애인생활안정 및 재활 지원","장애인선택적복지","발달장애인 지원","발달장애인 부모교육지원 교육운영비(영유아기, 성인전환기, 성인권) ","340000","340000","145420","100.0","42.8"
"2026","민간이전","민간경상보조","보건복지부","일반회계"," ","사회복지","취약계층지원","장애인생활안정 및 재활 지원","장애인선택적복지","발달장애인 지원","발달장애인  거점병원·행동발달지원센터 운영지원","8045000","5787000","2117646","71.9","36.6"
"2026","민간이전","민간경상보조","보건복지부","일반회계"," ","사회복지","취약계층지원","장애인생활안정 및 재활 지원","장애인선택적복지","발달장애인 지원","발달장애인 재산관리지원","1122000","1122000","533136","100.0","47.5"
"2026","민간이전","민간경상보조","보건복지부","일반회계"," ","사회복지","취약계층지원","장애인생활안정 및 재활 지원","장애인선택적복지","발달장애인 지원","주간활동서비스 운영인력 지원(중앙)","148000","148000","67459","100.0","45.6"
"2026","민간이전","민간경상보조","보건복지부","일반회계"," ","사회복지","취약계층지원","장애인생활안정 및 재활 지원","장애인선택적복지","발달장애인 지원","바우처 시스템 개발 및 운영","446000","446000","63299","100.0","14.2"
"2026","민간이전","민간경상보조","보건복지부","일반회계"," ","사회복지","취약계층지원","장애인생활안정 및 재활 지원","장애인선택적복지","발달장애인 지원","발달장애인 긴급돌봄 운영지원(중앙)","107000","107000","47037","100.0","44.0"
"2026","민간이전","민간경상보조","보건복지부","일반회계"," ","사회복지","취약계층지원","장애인생활안정 및 재활 지원","장애인선택적복지","발달장애인 지원","중앙센터 품질관리 운영지원","0","0","0","0","0"
"2026","민간이전","민간경상보조","보건복지부","일반회계"," ","사회복지","취약계층지원","장애인생활안정 및 재활 지원","장애인선택적복지","장애인 개인예산제 운영","시스템 기능개선 및 운영(한국사회보장정보원)","659000","659000","112075","100.0","17.0"
"2026","민간이전","민간경상보조","보건복지부","일반회계"," ","사회복지","취약계층지원","장애인생활안정 및 재활 지원","장애인복지시설지원","장애인복지시설 기능보강","장애인직업재활시설 기능보강 선정 및 사후관리 지원","131000","131000","42989","100.0","32.8"
"2026","민간이전","민간경상보조","보건복지부","일반회계"," ","사회복지","취약계층지원","장애인생활안정 및 재활 지원","장애인복지시설지원","장애인거주시설 운영 지원","장애인거주시설 인권실태조사","100000","0","0","0.0","0"
"2026","민간이전","민간경상보조","보건복지부","일반회계"," ","사회복지","취약계층지원","장애인생활안정 및 재활 지원","장애인복지시설지원","장애인거주시설 운영 지원","장애인거주시설 IoT,AI활용 돌봄사업 운영 지원","330000","330000","34861","100.0","10.6"
"2026","민간이전","민간경상보조","보건복지부","일반회계"," ","사회복지","취약계층지원","장애인생활안정 및 재활 지원","장애인복지시설지원","장애인거주시설 운영 지원","인권지킴이 지원센터 운영","90000","90000","53687","100.0","59.7"
"2026","민간이전","민간경상보조","보건복지부","일반회계"," ","사회복지","취약계층지원","장애인생활안정 및 재활 지원","장애인단체지원","한국장애인개발원지원","한국장애인개발원 지원 경상보조","12963000","10370400","6485361","80.0","62.5"
"2026","민간이전","민간경상보조","보건복지부","일반회계"," ","사회복지","취약계층지원","장애인생활안정 및 재활 지원","장애인단체지원","장애인단체","국제키비탄","71250","21000","19479","29.5","92.8"
"2026","민간이전","민간경상보조","보건복지부","일반회계"," ","사회복지","취약계층지원","장애인생활안정 및 재활 지원","장애인단체지원","장애인단체","장애우권익문제연구소","292000","292000","133095","100.0","45.6"
"2026","민간이전","민간경상보조","보건복지부","일반회계"," ","사회복지","취약계층지원","장애인생활안정 및 재활 지원","장애인단체지원","장애인단체","장애인먼저실천운동본부","341000","341000","215367","100.0","63.2"
"2026","민간이전","민간경상보조","보건복지부","일반회계"," ","사회복지","취약계층지원","장애인생활안정 및 재활 지원","장애인단체지원","장애인단체","전국장애인부모연대","57000","57000","18250","100.0","32.0"
"2026","민간이전","민간경상보조","보건복지부","일반회계"," ","사회복지","취약계층지원","장애인생활안정 및 재활 지원","장애인단체지원","장애인단체","한국농아인협회","323000","0","0","0.0","0"
"2026","민간이전","민간경상보조","보건복지부","일반회계"," ","사회복지","취약계층지원","장애인생활안정 및 재활 지원","장애인단체지원","장애인단체","한국뇌병변장애인인권협회","297000","297000","153040","100.0","51.5"
"2026","민간이전","민간경상보조","보건복지부","일반회계"," ","사회복지","취약계층지원","장애인생활안정 및 재활 지원","장애인단체지원","장애인단체","한국시각장애인연합회","396000","396000","175558","100.0","44.3"
"2026","민간이전","민간경상보조","보건복지부","일반회계"," ","사회복지","취약계층지원","장애인생활안정 및 재활 지원","장애인단체지원","장애인단체","한국신장장애인협회","68000","68000","32653","100.0","48.0"
"2026","민간이전","민간경상보조","보건복지부","일반회계"," ","사회복지","취약계층지원","장애인생활안정 및 재활 지원","장애인단체지원","장애인단체","한국여성장애인연합","308000","308000","158840","100.0","51.6"
"2026","민간이전","민간경상보조","보건복지부","일반회계"," ","사회복지","취약계층지원","장애인생활안정 및 재활 지원","장애인단체지원","장애인단체","한국자폐인사랑협회","87000","87000","41970","100.0","48.2"
"2026","민간이전","민간경상보조","보건복지부","일반회계"," ","사회복지","취약계층지원","장애인생활안정 및 재활 지원","장애인단체지원","장애인단체","한국장루장애인협회","61000","61000","34773","100.0","57.0"
"2026","민간이전","민간경상보조","보건복지부","일반회계"," ","사회복지","취약계층지원","장애인생활안정 및 재활 지원","장애인단체지원","장애인단체","한국장애인단체총연맹","552000","552000","248608","100.0","45.0"
"2026","민간이전","민간경상보조","보건복지부","일반회계"," ","사회복지","취약계층지원","장애인생활안정 및 재활 지원","장애인단체지원","장애인단체","한국장애인단체총연합회","379000","379000","212078","100.0","56.0"
"2026","민간이전","민간경상보조","보건복지부","일반회계"," ","사회복지","취약계층지원","장애인생활안정 및 재활 지원","장애인단체지원","장애인단체","한국장애인복지관협회","241000","241000","200545","100.0","83.2"
"2026","민간이전","민간경상보조","보건복지부","일반회계"," ","사회복지","취약계층지원","장애인생활안정 및 재활 지원","장애인단체지원","장애인단체","한국장애인복지시설협회","306000","306000","159490","100.0","52.1"
"2026","민간이전","민간경상보조","보건복지부","일반회계"," ","사회복지","취약계층지원","장애인생활안정 및 재활 지원","장애인단체지원","장애인단체","한국장애인부모회","284000","284000","183340","100.0","64.6"
"2026","민간이전","민간경상보조","보건복지부","일반회계"," ","사회복지","취약계층지원","장애인생활안정 및 재활 지원","장애인단체지원","장애인단체","한국장애인연맹","272000","272000","109889","100.0","40.4"
"2026","민간이전","민간경상보조","보건복지부","일반회계"," ","사회복지","취약계층지원","장애인생활안정 및 재활 지원","장애인단체지원","장애인단체","한국장애인인권포럼","133000","133000","52230","100.0","39.3"
"2026","민간이전","민간경상보조","보건복지부","일반회계"," ","사회복지","취약계층지원","장애인생활안정 및 재활 지원","장애인단체지원","장애인단체","한국장애인재활협회","449000","449000","219326","100.0","48.8"
"2026","민간이전","민간경상보조","보건복지부","일반회계"," ","사회복지","취약계층지원","장애인생활안정 및 재활 지원","장애인단체지원","장애인단체","한국장애인직업재활시설협회","160000","160000","76875","100.0","48.0"
"2026","민간이전","민간경상보조","보건복지부","일반회계"," ","사회복지","취약계층지원","장애인생활안정 및 재활 지원","장애인단체지원","장애인단체","한국지적발달장애인복지협회","221000","0","0","0.0","0"
"2026","민간이전","민간경상보조","보건복지부","일반회계"," ","사회복지","취약계층지원","장애인생활안정 및 재활 지원","장애인단체지원","장애인단체","한국지체장애인협회","558000","558000","370319","100.0","66.4"
"2026","민간이전","민간경상보조","보건복지부","일반회계"," ","사회복지","취약계층지원","장애인생활안정 및 재활 지원","장애인단체지원","장애인단체","한국척수장애인협회","526000","526000","250456","100.0","47.6"
"2026","민간이전","민간경상보조","보건복지부","일반회계"," ","사회복지","취약계층지원","장애인생활안정 및 재활 지원","장애인단체지원","장애인단체","해냄복지회","62000","62000","25245","100.0","40.7"
"2026","민간이전","민간경상보조","보건복지부","일반회계"," ","사회복지","취약계층지원","장애인생활안정 및 재활 지원","장애인단체지원","장애인단체","한국장애인주간이용시설협회","76000","76000","22770","100.0","30.0"
"2026","민간이전","민간경상보조","보건복지부","일반회계"," ","사회복지","취약계층지원","장애인생활안정 및 재활 지원","장애인단체지원","장애인단체","한국장애인재활상담사협회","49000","49000","19952","100.0","40.7"
"2026","민간이전","민간경상보조","보건복지부","일반회계"," ","사회복지","취약계층지원","장애인생활안정 및 재활 지원","장애인단체지원","장애인단체","한국뇌성마비복지회","21000","21000","14750","100.0","70.2"
"2026","민간이전","민간경상보조","보건복지부","일반회계"," ","사회복지","취약계층지원","장애인생활안정 및 재활 지원","장애인단체지원","장애인단체","한국장애인보건의료협의회","95850","95850","33494","100.0","34.9"
"2026","민간이전","민간경상보조","보건복지부","일반회계"," ","사회복지","취약계층지원","장애인생활안정 및 재활 지원","장애인단체지원","장애인단체","한국장애인자립생활센터총연합회","136900","136900","95578","100.0","69.8"
"2026","민간이전","민간경상보조","보건복지부","일반회계"," ","사회복지","취약계층지원","장애인생활안정 및 재활 지원","장애인단체지원","장애인단체","한국근육장애인협회","20000","20000","7223","100.0","36.1"
"2026","민간이전","민간경상보조","보건복지부","일반회계"," ","사회복지","취약계층지원","장애인생활안정 및 재활 지원","장애인권익증진 및 자립생활 지원","중증장애인자립생활지원","중도시각장애인재활훈련 지원","383000","383000","175065","100.0","45.7"
"2026","민간이전","민간경상보조","보건복지부","일반회계"," ","사회복지","취약계층지원","장애인생활안정 및 재활 지원","장애인권익증진 및 자립생활 지원","중증장애인자립생활지원","척수장애인재활훈련 지원","878000","878000","480787","100.0","54.8"
"2026","민간이전","민간경상보조","보건복지부","일반회계"," ","사회복지","취약계층지원","장애인생활안정 및 재활 지원","장애인권익증진 및 자립생활 지원","중증장애인자립생활지원","장애인보조견전문훈련기관 지원","149000","0","0","0.0","0"
"2026","민간이전","민간경상보조","보건복지부","일반회계"," ","사회복지","취약계층지원","장애인생활안정 및 재활 지원","장애인권익증진 및 자립생활 지원","중증장애인자립생활지원","시각장애인음악재활센터 지원","206000","206000","114161","100.0","55.4"
"2026","민간이전","민간경상보조","보건복지부","일반회계"," ","사회복지","취약계층지원","장애인생활안정 및 재활 지원","장애인권익증진 및 자립생활 지원","중증장애인자립생활지원","시청각장애인 전담기관지원","267000","267000","158855","100.0","59.5"
"2026","민간이전","민간경상보조","보건복지부","일반회계"," ","사회복지","취약계층지원","장애인생활안정 및 재활 지원","장애인권익증진 및 자립생활 지원","장애인차별금지 모니터링 및 인식개선","중앙 장애인권익옹호기관 운영지원","514174","514174","318689","100.0","62.0"
"2026","민간이전","민간경상보조","보건복지부","일반회계"," ","사회복지","취약계층지원","장애인생활안정 및 재활 지원","장애인권익증진 및 자립생활 지원","장애인차별금지 모니터링 및 인식개선","장애인모니터링센터지원","350000","350000","178853","100.0","51.1"
"2026","민간이전","민간경상보조","보건복지부","일반회계"," ","사회복지","취약계층지원","장애인생활안정 및 재활 지원","장애인권익증진 및 자립생활 지원","장애인차별금지 모니터링 및 인식개선","장애인식개선 및 장애인차별금지 확산(장애인식개선 교육 지원)","350000","350000","50439","100.0","14.4"
"2026","민간이전","민간경상보조","보건복지부","일반회계"," ","사회복지","취약계층지원","장애인생활안정 및 재활 지원","장애인권익증진 및 자립생활 지원","장애인차별금지 모니터링 및 인식개선","장애인식개선 및 장애인차별금지 확산(장애인식개선 및 차별금지 홍보)","200000","200000","3781","100.0","1.9"
"2026","민간이전","민간경상보조","보건복지부","일반회계"," ","사회복지","취약계층지원","장애인생활안정 및 재활 지원","장애인권익증진 및 자립생활 지원","장애인차별금지 모니터링 및 인식개선","글로벌장애청소년 IT챌린지 한국대회 개최","150000","105000","78329","70.0","74.6"
"2026","민간이전","민간경상보조","보건복지부","일반회계"," ","사회복지","취약계층지원","장애인생활안정 및 재활 지원","장애인권익증진 및 자립생활 지원","장애인 편의증진","장애인편의증진센터운영","529000","529000","312422","100.0","59.1"
"2026","민간이전","민간경상보조","보건복지부","일반회계"," ","사회복지","취약계층지원","장애인생활안정 및 재활 지원","장애인권익증진 및 자립생활 지원","장애인 편의증진","시각장애인편의시설지원센터 운영","231000","231000","103115","100.0","44.6"
"2026","민간이전","민간경상보조","보건복지부","일반회계"," ","사회복지","취약계층지원","장애인생활안정 및 재활 지원","장애인권익증진 및 자립생활 지원","장애인 편의증진","편의증진 인식 확산 사업","0","0","0","0","0"
"2026","민간이전","민간경상보조","보건복지부","일반회계"," ","사회복지","취약계층지원","장애인생활안정 및 재활 지원","장애인직업재활지원","중증장애인직업재활 지원","직업재활수행기관 지원","20972000","18874800","10710053","90.0","56.7"
"2026","민간이전","민간경상보조","보건복지부","일반회계"," ","사회복지","취약계층지원","장애인생활안정 및 재활 지원","장애인직업재활지원","중증장애인직업재활 지원","정책지원 및 개발","463000","416700","119195","90.0","28.6"
"2026","민간이전","민간경상보조","보건복지부","일반회계"," ","사회복지","취약계층지원","장애인생활안정 및 재활 지원","장애인직업재활지원","중증장애인생산품우선구매 촉진","중증장애인생산품 우선구매 촉진","3030000","2410000","1434569","79.5","59.5"
"2026","민간이전","민간경상보조","보건복지부","일반회계"," ","사회복지","사회복지일반","사회복지기반조성","사회복지사업지원","사회복지사관리","사회복지사 정책조사 연구","28000","28000","15750","100.0","56.3"
"2026","민간이전","민간경상보조","보건복지부","일반회계"," ","사회복지","사회복지일반","사회복지기반조성","사회복지사업지원","사회복지협의회 육성지원","사회복지협의회 고유목적사업(사회복지조사, 연구, 홍보, 교육 등) 수행","3434000","3434000","1353137","100.0","39.4"
"2026","민간이전","민간경상보조","보건복지부","일반회계"," ","사회복지","사회복지일반","사회복지기반조성","사회복지사업지원","복지소외계층 발굴 및 민간자원 연계지원","복지소외계층 발굴 및 민간자원 연계사업 실시 중앙(한국사회복지협의회) 사업비","164000","164000","103479","100.0","63.1"
"2026","민간이전","민간경상보조","보건복지부","일반회계"," ","사회복지","사회복지일반","사회복지기반조성","사회복지사업지원","복지소외계층 발굴 및 민간자원 연계지원","복지소외계층 발굴 및 민간자원 연계사업 실시 사업수행기관(지역별) 사업비","3429000","3429000","1612896","100.0","47.0"
"2026","민간이전","민간경상보조","보건복지부","일반회계"," ","사회복지","사회복지일반","사회복지기반조성","사회복지사업지원","민간사회복지자원육성 지원","사회복지 자원봉사 활성화","1459000","1459000","830707","100.0","56.9"
"2026","민간이전","민간경상보조","보건복지부","일반회계"," ","사회복지","사회복지일반","사회복지기반조성","사회복지사업지원","민간사회복지자원육성 지원","사회공헌활동 기부은행 제도 확산","1324000","1324000","718877","100.0","54.3"
"2026","민간이전","민간경상보조","보건복지부","일반회계"," ","사회복지","사회복지일반","사회복지기반조성","사회복지사업지원","민간사회복지자원육성 지원","멘토링 사업","534000","534000","205960","100.0","38.6"
"2026","민간이전","민간경상보조","보건복지부","일반회계"," ","사회복지","사회복지일반","사회복지기반조성","사회복지사업지원","민간사회복지자원육성 지원","사랑나눔실천운동(1인1나눔계좌갖기)","23000","23000","14325","100.0","62.3"
"2026","민간이전","민간경상보조","보건복지부","일반회계"," ","사회복지","사회복지일반","사회복지기반조성","사회복지사업지원","민간사회복지자원육성 지원","사업단 인건비","1747000","1747000","991139","100.0","56.7"
"2026","민간이전","민간경상보조","보건복지부","일반회계"," ","사회복지","사회복지일반","사회복지기반조성","사회복지사업지원","민간사회복지자원육성 지원","기업사회공헌활동 지원","762000","762000","329637","100.0","43.3"
"2026","민간이전","민간경상보조","보건복지부","일반회계"," ","사회복지","사회복지일반","사회복지기반조성","사회복지사업지원","민간사회복지자원육성 지원","기부식품등 제공사업 육성지원","1393000","1393000","648038","100.0","46.5"
"2026","민간이전","민간경상보조","보건복지부","일반회계"," ","사회복지","사회복지일반","사회복지기반조성","사회복지사업지원","민간사회복지자원육성 지원","먹거리 기본보장 사업(민간)","1532000","1532000","367494","100.0","24.0"
"2026","민간이전","민간경상보조","보건복지부","일반회계"," ","사회복지","사회복지일반","사회복지기반조성","사회복지사업지원","사회복지종사자 상해보험 가입지원","사회복지종사자 상해보험 가입지원","2950000","2950000","2826649","100.0","95.8"
"2026","민간이전","민간경상보조","보건복지부","일반회계"," ","사회복지","사회복지일반","사회복지기반조성","사회복지사업지원","사회복지시설 종사자 대체인력 지원","대체인력지원센터 관리운영비","127000","127000","59115","100.0","46.5"
"2026","민간이전","민간경상보조","보건복지부","일반회계"," ","사회복지","사회복지일반","사회복지기반조성","사회복지사업지원","AI응용제품 신속 상용화 지원(복지)","AI응용제품 신속 상용화 지원(복지)_고독사 등 AI 심리케어","6500000","6500000","349204","100.0","5.4"
"2026","민간이전","민간경상보조","보건복지부","일반회계"," ","사회복지","사회복지일반","사회복지기반조성","사회복지사업지원","AI응용제품 신속 상용화 지원(복지)","AI응용제품 신속 상용화 지원(복지)_RAG 기반","2000000","2000000","236211","100.0","11.8"
"2026","민간이전","민간경상보조","보건복지부","일반회계"," ","사회복지","사회복지일반","사회복지기반조성","사회복지사업지원","AI응용제품 신속 상용화 지원(복지)","AI응용제품 신속 상용화 지원(복지)_에이지테크 기반","1000000","1000000","4554","100.0","0.5"
"2026","민간이전","민간경상보조","보건복지부","일반회계"," ","사회복지","사회복지일반","사회복지기반조성","사회복지사업지원","AI응용제품 신속 상용화 지원(복지)","AI응용제품 신속 상용화 지원(복지)_스마트 홈","6500000","6500000","50613","100.0","0.8"
"2026","민간이전","민간경상보조","보건복지부","일반회계"," ","사회복지","사회복지일반","사회복지기반조성","사회복지사업지원","AI응용제품 신속 상용화 지원(복지)","AI응용제품 신속 상용화 지원(복지)_AX 활용기술 상용화","4000000","4000000","41263","100.0","1.0"
"2026","민간이전","민간경상보조","보건복지부","일반회계"," ","사회복지","사회복지일반","사회복지기반조성","사회복지전달체계","사회서비스원 설립 및 운영","중앙사회서비스원 설립 및 운영","15781000","15781000","5367249","100.0","34.0"
"2026","민간이전","민간경상보조","보건복지부","일반회계"," ","사회복지","사회복지일반","사회복지기반조성","사회복지전달체계","사회서비스원 설립 및 운영","사회서비스원 업무지원시스템 구축·운영","151000","151000","62325","100.0","41.3"
"2026","민간이전","민간경상보조","보건복지부","일반회계"," ","사회복지","사회복지일반","사회복지기반조성","사회복지전달체계","AI 복지·돌봄 혁신","선도지역 시범사업운영(복지행정 안내도우미)","550000","550000","169500","100.0","30.8"
"2026","민간이전","민간경상보조","보건복지부","일반회계"," ","사회복지","사회복지일반","사회복지기반조성","사회복지전달체계","AI 복지·돌봄 혁신","선도지역 시범사업운영(AI 복지상담)","1350000","1350000","224280","100.0","16.6"
"2026","민간이전","민간경상보조","보건복지부","일반회계"," ","사회복지","사회복지일반","사회복지기반조성","사회보장시스템 및 사회보장 정보원 운영","사회보장정보원 운영","사회보장정보원 운영","73897000","73897000","38030151","100.0","51.5"
"2026","민간이전","민간경상보조","보건복지부","일반회계"," ","사회복지","사회복지일반","사회복지기반조성","사회보장시스템 및 사회보장 정보원 운영","사회보장정보원 운영(정보화)","사회보장정보원 운영(정보화)","33336000","33336000","14086347","100.0","42.3"
"2026","민간이전","민간경상보조","보건복지부","일반회계"," ","사회복지","사회복지일반","일반보건복지행정지원","국제협력관리","국제협력관리","FTA 통상 자문단(통상 지원체계 구축)","67000","67000","2793","100.0","4.2"
"2026","민간이전","민간경상보조","보건복지부","일반회계"," ","사회복지","아동·보육","아동보호 및 복지 강화","아동자립지원","보호대상아동 발달지원","보호대상아동 행사지원","200000","200000","55752","100.0","27.9"
"2026","민간이전","민간경상보조","보건복지부","일반회계"," ","사회복지","아동·보육","아동보호 및 복지 강화","아동자립지원","자립준비청년 자립지원 체계 구축","자립지원 운영비(전담인력 교육, 시스템 운영비)","100000","100000","58625","100.0","58.6"
"2026","민간이전","민간경상보조","보건복지부","일반회계"," ","사회복지","아동·보육","아동보호 및 복지 강화","아동자립지원","자립준비청년 자립지원 체계 구축","자립준비청년 의료비 지원","360000","360000","207338","100.0","57.6"
"2026","민간이전","민간경상보조","보건복지부","일반회계"," ","사회복지","아동·보육","아동보호 및 복지 강화","아동자립지원","자립준비청년 자립지원 체계 구축","자립지원 사업비(보호연장아동 자립지원 프로그램 운영)","300000","300000","124693","100.0","41.6"
"2026","민간이전","민간경상보조","보건복지부","일반회계"," ","사회복지","아동·보육","아동보호 및 복지 강화","아동자립지원","자립준비청년 자립지원 체계 구축","자립지원 운영비(시스템 운영비)","41000","32800","0","80.0","0.0"
"2026","민간이전","민간경상보조","보건복지부","일반회계"," ","사회복지","아동·보육","아동보호 및 복지 강화","아동자립지원","자립준비청년 자립지원 체계 구축","자립수당 시스템 개선 및 운영","80000","80000","36142","100.0","45.2"
"2026","민간이전","민간경상보조","보건복지부","일반회계"," ","사회복지","아동·보육","아동보호 및 복지 강화","가정입양 및 위탁 지원","가정위탁 지원·운영","위탁부모 교육 등 가정위탁사업 운영지원","136000","106000","81140","77.9","76.5"
"2026","민간이전","민간경상보조","보건복지부","일반회계"," ","사회복지","아동·보육","아동보호 및 복지 강화","가정입양 및 위탁 지원","공적 입양체계 관리·운영","입양정책위원회 사무국 운영","501000","501000","294926","100.0","58.9"
"2026","민간이전","민간경상보조","보건복지부","일반회계"," ","사회복지","아동·보육","아동보호 및 복지 강화","가정입양 및 위탁 지원","공적 입양체계 관리·운영","입양인식개선 홍보교육","870000","870000","496666","100.0","57.1"
"2026","민간이전","민간경상보조","보건복지부","일반회계"," ","사회복지","아동·보육","아동보호 및 복지 강화","가정입양 및 위탁 지원","공적 입양체계 관리·운영","입양업무관리시스템 운영","109000","109000","8400","100.0","7.7"
"2026","민간이전","민간경상보조","보건복지부","일반회계"," ","사회복지","아동·보육","아동보호 및 복지 강화","아동발달지원계좌 지원","아동발달지원계좌(보조)","아동자산형성 및 자산관리 사업","0","0","0","0","0"
"2026","민간이전","민간경상보조","보건복지부","일반회계"," ","사회복지","아동·보육","아동보호 및 복지 강화","아동ㆍ청소년 참여.인권증진","아동정책조정 및 인권증진","아동학대전담의료기관 활성화 사업","200000","200000","50073","100.0","25.0"
"2026","민간이전","민간경상보조","보건복지부","일반회계"," ","사회복지","아동·보육","아동보호 및 복지 강화","아동보호 및 권리보장","아동권리보장원 운영 지원","아동권리보장원 운영지원","31580000","28446800","15196864","90.1","53.4"
"2026","민간이전","민간경상보조","보건복지부","일반회계"," ","사회복지","아동·보육","아동보호 및 복지 강화","아동보호 및 권리보장","아동학대 예방 및 피해아동 보호","방문형 가정회복 프로그램","26000","26000","3414","100.0","13.1"
"2026","민간이전","민간경상보조","보건복지부","일반회계"," ","사회복지","아동·보육","아동보호 및 복지 강화","아동보호 및 권리보장","아동학대 예방 및 피해아동 보호","e아동행복지원시스템 운영","1261000","1041188","184424","82.6","17.7"
"2026","민간이전","민간경상보조","보건복지부","일반회계"," ","사회복지","아동·보육","저출산대응및인구정책지원","저출산대응인구정책","첫만남 이용권 지원","사업운영관리","0","0","0","0","0"
"2026","민간이전","민간경상보조","보건복지부","일반회계"," ","사회복지","아동·보육","저출산대응및인구정책지원","저출산대응인구정책","위기임신 및 보호출산 지원","위기임산부 상담기관운영지원(중앙상담기관 운영지원)","286000","228800","15543","80.0","6.8"
"2026","민간이전","민간경상보조","보건복지부","일반회계"," ","사회복지","아동·보육","저출산대응및인구정책지원","저출산대응인구정책","위기임신 및 보호출산 지원","보호출산 산모 지원","480000","480000","480000","100.0","100.0"
"2026","민간이전","민간경상보조","보건복지부","일반회계"," ","사회복지","아동·보육","저출산대응및인구정책지원","저출산대응인구정책","위기임신 및 보호출산 지원","보호출산 시스템 운영지원(사회보장정보원 운영지원)","289000","289000","118116","100.0","40.9"
"2026","민간이전","민간경상보조","보건복지부","일반회계"," ","사회복지","아동·보육","저출산대응및인구정책지원","저출산대응인구정책","위기임신 및 보호출산 지원","보호출산 시스템 운영지원(건강보험심사평가원 운영지원)","20000","20000","16034","100.0","80.2"
"2026","민간이전","민간경상보조","보건복지부","일반회계"," ","사회복지","아동·보육","저출산대응및인구정책지원","저출산대응인구정책","위기임신 및 보호출산 지원","보호출산 시스템 운영지원(국민건강보험공단 운영지원)","20000","20000","2000","100.0","10.0"
"2026","민간이전","민간경상보조","보건복지부","일반회계"," ","사회복지","아동·보육","저출산대응및인구정책지원","저출산대응인구정책","위기임신 및 보호출산 지원","보호출산 시스템 운영지원(아동권리보장원 운영지원)","20000","20000","14441","100.0","72.2"
"2026","민간이전","민간경상보조","보건복지부","일반회계"," ","사회복지","아동·보육","저출산대응및인구정책지원","저출산고령사회정책개발관리","저출산고령사회정책개발 및 관리체계 구축","민간 선도 저출산 대응 인식 개선 사업 ","870000","870000","117291","100.0","13.5"
"2026","민간이전","민간경상보조","보건복지부","일반회계"," ","사회복지","아동·보육","저출산대응및인구정책지원","저출산고령사회정책개발관리","저출산고령사회정책개발 및 관리체계 구축","인구위기 대응 인구교육 추진 지원","950000","665000","377199","70.0","56.7"
"2026","민간이전","민간경상보조","보건복지부","일반회계"," ","사회복지","아동·보육","저출산대응및인구정책지원","아동수당 지원","아동수당 지급","사업운영관리","150000","150000","76188","100.0","50.8"
"2026","민간이전","민간경상보조","보건복지부","일반회계"," ","사회복지","노인","노인생활안정","노인일자리지원","노인일자리 및 사회활동지원","노인일자리 및 사회활동지원 확대(민간보조)","0","0","0","0","0"
"2026","민간이전","민간경상보조","보건복지부","일반회계"," ","사회복지","노인","노인생활안정","노인일자리지원","노인일자리 및 사회활동지원","노인자원봉사","0","0","0","0","0"
"2026","민간이전","민간경상보조","보건복지부","일반회계"," ","사회복지","노인","노인생활안정","고령친화산업육성","에이지테크 기반 고령친화산업지원","고령친화산업 정책기반 강화","570000","570000","296757","100.0","52.1"
"2026","민간이전","민간경상보조","보건복지부","일반회계"," ","사회복지","노인","노인생활안정","고령친화산업육성","에이지테크 기반 고령친화산업지원","고령친화산업 혁신기반 강화","950000","950000","91927","100.0","9.7"
"2026","민간이전","민간경상보조","보건복지부","일반회계"," ","사회복지","노인","노인의료보장","노인장기요양보험지원","노인장기요양보험 사업운영","재무회계 프로그램 운영","1026000","1026000","514772","100.0","50.2"
"2026","민간이전","민간경상보조","보건복지부","일반회계"," ","보건","보건의료","공공보건의료확충","장기 및 인체조직 기증 활성화 지원","장기·조직기증원 운영","장기조직기증원 운영지원","11575000","11575000","5586199","100.0","48.3"
"2026","민간이전","민간경상보조","보건복지부","일반회계"," ","보건","보건의료","공공보건의료확충","장기 및 인체조직 기증 활성화 지원","공공조직은행 운영","공공조직은행 운영","5532000","5532000","2854307","100.0","51.6"
"2026","민간이전","민간경상보조","보건복지부","일반회계"," ","보건","보건의료","공공보건의료확충","장기 및 인체조직 기증 활성화 지원","장기 및 인체조직기증 관리","장기·인체조직기증 활성화 홍보 지원(공모)","370000","259000","154952","70.0","59.8"
"2026","민간이전","민간경상보조","보건복지부","일반회계"," ","보건","보건의료","공공보건의료확충","장기 및 인체조직 기증 활성화 지원","장기 및 인체조직기증 관리","장기·인체조직 기증활성화 홍보·교육(지정)","210000","147000","46258","70.0","31.5"
"2026","민간이전","민간경상보조","보건복지부","일반회계"," ","보건","보건의료","공공보건의료확충","공공보건의료정보화","국립병원 정보화(정보화)","EMR시스템 유지관리 및 운영","2500000","2500000","1068553","100.0","42.7"
"2026","민간이전","민간경상보조","보건복지부","일반회계"," ","보건","보건의료","공공보건의료확충","공공보건의료정보화","국립병원 정보화(정보화)","차세대 정보시스템 구축","422000","422000","171732","100.0","40.7"
"2026","민간이전","민간경상보조","보건복지부","일반회계"," ","보건","보건의료","공공보건의료확충","공공보건의료정보화","국립병원 정보화(정보화)","EMR 시스템 운영 인건비","216000","216000","127775","100.0","59.2"
"2026","민간이전","민간경상보조","보건복지부","일반회계"," ","보건","보건의료","공공보건의료확충","공공보건의료지원","뇌전증 지원체계 구축","뇌전증 지원체계 구축","610000","488000","298940","80.0","61.3"
"2026","민간이전","민간경상보조","보건복지부","일반회계"," ","보건","보건의료","공공보건의료확충","공공보건의료지원","긴급치료병상 운영보조","긴급치료병상 운영보조","1591000","1591000","55520","100.0","3.5"
"2026","민간이전","민간경상보조","보건복지부","일반회계"," ","보건","보건의료","공공보건의료확충","의료취약지 지원","취약지 등 전문의료인력 양성 및 지원","시니어의사 지원(센터 운영지원)","0","0","0","0","0"
"2026","민간이전","민간경상보조","보건복지부","일반회계"," ","보건","보건의료","공공보건의료확충","생명윤리및안전정책","생명윤리및안전관리","국가 시체자원 연구관리 지원체계 운영","808000","566000","190854","70.0","33.7"
"2026","민간이전","민간경상보조","보건복지부","일반회계"," ","보건","보건의료","공공보건의료확충","생명윤리및안전정책","생명윤리및안전관리","생명윤리연구체계 지원","5918000","4734400","2946936","80.0","62.2"
"2026","민간이전","민간경상보조","보건복지부","일반회계"," ","보건","보건의료","공공보건의료확충","생명윤리및안전정책","생명윤리및안전관리","공용기관생명윤리위원회 운영","502000","401600","301315","80.0","75.0"
"2026","민간이전","민간경상보조","보건복지부","일반회계"," ","보건","보건의료","공공보건의료확충","생명윤리및안전정책","생명윤리및안전관리","연명의료결정제도 운영","3280000","2624000","2411221","80.0","91.9"
"2026","민간이전","민간경상보조","보건복지부","일반회계"," ","보건","보건의료","공공보건의료확충","국립암센터운영","국가암빅데이터구축(정보화)","국가암빅데이터구축","0","0","0","0","0"
"2026","민간이전","민간경상보조","보건복지부","일반회계"," ","보건","보건의료","공공보건의료확충","원폭및한센인피해자지원","원폭피해자진료비장제비등 지원","원폭피해자 위탁진료 및 원폭복지회관 지원(대한적십자사)","4432000","4432000","3284532","100.0","74.1"
"2026","민간이전","민간경상보조","보건복지부","일반회계"," ","보건","보건의료","보건산업육성","보건산업정책","융합형 의사과학자 양성","의사과학자 연구비 지원","8855000","8855000","1713647","100.0","19.4"
"2026","민간이전","민간경상보조","보건복지부","일반회계"," ","보건","보건의료","보건산업육성","보건산업정책","보건의료 빅데이터 플랫폼 구축사업(정보화)","보건의료 빅데이터 플랫폼 구축사업","1748000","1311000","1021263","75.0","77.9"
"2026","민간이전","민간경상보조","보건복지부","일반회계"," ","보건","보건의료","보건산업육성","보건산업정책","재생의료 안전관리체계 구축","첨단재생의료기술 진흥 지원사업","3861000","2895750","1798731","75.0","62.1"
"2026","민간이전","민간경상보조","보건복지부","일반회계"," ","보건","보건의료","보건산업육성","보건산업정책","AI응용제품 신속 상용화 지원(보건)","의료 AI 상용화 지원","9000000","9000000","69870","100.0","0.8"
"2026","민간이전","민간경상보조","보건복지부","일반회계"," ","보건","보건의료","보건산업육성","보건산업정책","AI응용제품 신속 상용화 지원(보건)","AI 응용제품  신속 상용화 지원 사업 계획 (보건-디지털 의료기기)","4000000","4000000","23368","100.0","0.6"
"2026","민간이전","민간경상보조","보건복지부","일반회계"," ","보건","보건의료","보건산업육성","보건산업정책","의사과학자 도약 프로그램","의사과학자 도약 프로그램","9570000","9570000","1739623","100.0","18.2"
"2026","민간이전","민간경상보조","보건복지부","일반회계"," ","보건","보건의료","보건산업육성","의료정보 활용 정책 지원","한국보건의료정보원 운영","인건비","6819000","6819000","3159363","100.0","46.3"
"2026","민간이전","민간경상보조","보건복지부","일반회계"," ","보건","보건의료","보건산업육성","의료정보 활용 정책 지원","한국보건의료정보원 운영","운영비","2147000","2147000","1092514","100.0","50.9"
"2026","민간이전","민간경상보조","보건복지부","일반회계"," ","보건","보건의료","보건산업육성","의료정보 활용 정책 지원","원격 중환자실(e-ICU) 협력 네트워크 구축","사업관리 및 운영 ","100000","100000","4987","100.0","5.0"
"2026","민간이전","민간경상보조","보건복지부","일반회계"," ","보건","보건의료","보건산업육성","오송생명과학단지지원센터 운영","오송보건의료행정타운관리운영","오송보건의료행정타운 청사어린이집 운영","1968000","1494000","1142000","75.9","76.4"
"2026","민간이전","민간경상보조","보건복지부","일반회계"," ","보건","보건의료","보건산업육성","오송생명과학단지지원센터 운영","오송보건의료행정타운관리운영","오송보건의료행정타운 청아어린이집 운영","1200000","916800","683067","76.4","74.5"
"2026","민간이전","민간경상보조","보건복지부","일반회계"," ","보건","보건의료","보건산업육성","글로벌헬스케어 육성","의료시스템 수출 지원","의료시스템 수출 지원(보건산업진흥원)","0","0","0","0","0"
"2026","민간이전","민간경상보조","보건복지부","일반회계"," ","보건","보건의료","보건산업육성","글로벌헬스케어 육성","의료시스템 수출 지원","의료 해외진출 컨설팅 지원","0","0","0","0","0"
"2026","민간이전","민간경상보조","보건복지부","일반회계"," ","보건","보건의료","보건산업육성","글로벌헬스케어 육성","의료시스템 수출 지원","의료 해외진출 프로젝트 지원","0","0","0","0","0"
"2026","민간이전","민간경상보조","보건복지부","일반회계"," ","보건","보건의료","보건산업육성","글로벌헬스케어 육성","의료시스템 수출 지원","ICT 기반 의료시스템 진출 시범사업(보건산업진흥원)","0","0","0","0","0"
"2026","민간이전","민간경상보조","보건복지부","일반회계"," ","보건","보건의료","보건산업육성","글로벌헬스케어 육성","의료시스템 수출 지원","국제입찰 지원사업","0","0","0","0","0"
"2026","민간이전","민간경상보조","보건복지부","일반회계"," ","보건","보건의료","보건산업육성","글로벌헬스케어 육성","의료시스템 수출 지원","홍보 지원","0","0","0","0","0"
"2026","민간이전","민간경상보조","보건복지부","일반회계"," ","보건","보건의료","보건산업육성","보건산업진흥","바이오헬스산업 육성 지원","K-바이오헬스 글로벌 진출 및 수출 다변화 지원","8872000","8872000","1152815","100.0","13.0"
"2026","민간이전","민간경상보조","보건복지부","일반회계"," ","보건","보건의료","보건산업육성","보건산업진흥","바이오헬스산업 육성 지원","글로벌 오픈이노베이션 활성화 지원","10400000","10400000","1244219","100.0","12.0"
"2026","민간이전","민간경상보조","보건복지부","일반회계"," ","보건","보건의료","보건산업육성","보건산업진흥","바이오헬스산업 육성 지원","화장품산업 경쟁력 강화","24475000","24475000","12963490","100.0","53.0"
"2026","민간이전","민간경상보조","보건복지부","일반회계"," ","보건","보건의료","보건산업육성","보건산업진흥","바이오헬스산업 육성 지원","한국형 NIBRT 프로그램 운영","2304000","1612800","953392","70.0","59.1"
"2026","민간이전","민간경상보조","보건복지부","일반회계"," ","보건","보건의료","보건산업육성","보건산업진흥","바이오헬스산업 육성 지원","바이오렐스산업 특성화대학원 지원","2500000","1750000","748453","70.0","42.8"
"2026","민간이전","민간경상보조","보건복지부","일반회계"," ","보건","보건의료","보건산업육성","보건산업진흥","바이오헬스산업 육성 지원","AI 첨단바이오 미래인재 양성","1000000","700000","366422","70.0","52.3"
"2026","민간이전","민간경상보조","보건복지부","일반회계"," ","보건","보건의료","보건산업육성","보건산업진흥","바이오헬스산업 육성 지원","화장품산업 전문인력 양성","463000","463000","194220","100.0","41.9"
"2026","민간이전","민간경상보조","보건복지부","일반회계"," ","보건","보건의료","보건산업육성","보건산업진흥","바이오헬스산업 육성 지원","중소화장품 해외진출 지원","5400000","5400000","2925791","100.0","54.2"
"2026","민간이전","민간경상보조","보건복지부","일반회계"," ","보건","보건의료","보건산업육성","보건산업진흥","바이오헬스산업 육성 지원","바이오헬스 전문인력양성 관리·운영","2948000","2948000","917071","100.0","31.1"
"2026","민간이전","민간경상보조","보건복지부","일반회계"," ","보건","보건의료","보건산업육성","보건산업진흥","바이오헬스산업 육성 지원","바이오헬스 아카데미","2000000","1400000","639794","70.0","45.7"
"2026","민간이전","민간경상보조","보건복지부","일반회계"," ","보건","보건의료","보건산업육성","보건산업진흥","바이오헬스산업 육성 지원","제약산업 경쟁력 강화(혁신형 제약기업 육성지원)","190000","133000","42003","70.0","31.6"
"2026","민간이전","민간경상보조","보건복지부","일반회계"," ","보건","보건의료","보건산업육성","보건산업진흥","바이오헬스산업 육성 지원","제약산업 경쟁력 강화(국내·외 제약산업 정보 수집 및 제공)","152000","106400","78074","70.0","73.4"
"2026","민간이전","민간경상보조","보건복지부","일반회계"," ","보건","보건의료","보건산업육성","보건산업진흥","바이오헬스산업 육성 지원","제약산업 경쟁력 강화(글로벌 액셀러레이터 플랫폼 구축)","7669000","5368300","3614743","70.0","67.3"
"2026","민간이전","민간경상보조","보건복지부","일반회계"," ","보건","보건의료","보건산업육성","보건산업진흥","바이오헬스산업 육성 지원","제약산업 경쟁력 강화(글로벌 임상시험 허브구축)","7027000","4198900","3015260","59.8","71.8"
"2026","민간이전","민간경상보조","보건복지부","일반회계"," ","보건","보건의료","보건산업육성","보건산업진흥","바이오헬스산업 육성 지원","제약산업 경쟁력 강화(수출 유망 의약품 제조 선진화 지원)","4100000","2870000","170330","70.0","5.9"
"2026","민간이전","민간경상보조","보건복지부","일반회계"," ","보건","보건의료","보건산업육성","보건산업진흥","바이오헬스산업 육성 지원","제약산업 경쟁력 강화(바이오헬스산업 공급망 안정 지원-바이오 원부자재 공급 안정화)","5000000","3500000","2203399","70.0","63.0"
"2026","민간이전","민간경상보조","보건복지부","일반회계"," ","보건","보건의료","보건산업육성","보건산업진흥","바이오헬스산업 육성 지원","제약산업 경쟁력 강화(바이오헬스산업 공급망 안정 지원-원료구매 다변화 지원)","500000","350000","0","70.0","0.0"
"2026","민간이전","민간경상보조","보건복지부","일반회계"," ","보건","보건의료","보건산업육성","보건산업진흥","바이오헬스산업 육성 지원","제약산업 경쟁력 강화(바이오헬스산업 공급망 안정 지원-수급불안정의약품 생산 지원)","180000","126000","15233","70.0","12.1"
"2026","민간이전","민간경상보조","보건복지부","일반회계"," ","보건","보건의료","보건산업육성","보건산업진흥","바이오헬스산업 육성 지원","제약산업 경쟁력 강화(바이오헬스산업 공급망 안정 지원-핵심의약품 비축 지원)","500000","350000","38338","70.0","11.0"
"2026","민간이전","민간경상보조","보건복지부","일반회계"," ","보건","보건의료","보건산업육성","보건산업진흥","바이오헬스산업 육성 지원","의료기기산업 종합지원센터","988000","691000","439924","69.9","63.7"
"2026","민간이전","민간경상보조","보건복지부","일반회계"," ","보건","보건의료","보건산업육성","보건산업진흥","바이오헬스산업 육성 지원","국산의료기기 사용활성화 지원","10016000","7001000","3253500","69.9","46.5"
"2026","민간이전","민간경상보조","보건복지부","일반회계"," ","보건","보건의료","보건산업육성","보건산업진흥","바이오헬스산업 육성 지원","AI활용 신약개발 교육 및 홍보 지원","3116000","2492800","683390","80.0","27.4"
"2026","민간이전","민간경상보조","보건복지부","일반회계"," ","보건","보건의료","보건산업육성","보건산업진흥","바이오헬스산업 육성 지원","K-바이오헬스 글로벌 진출 및 수출 다변화 지원-의료기기","15651000","11738250","2405949","75.0","20.5"
"2026","민간이전","민간경상보조","보건복지부","일반회계"," ","보건","보건의료","보건산업육성","보건산업진흥","바이오헬스산업 육성 지원","바이오헬스산업 특성화대학원 지원(의료기기)","0","0","0","0","0"
"2026","민간이전","민간경상보조","보건복지부","일반회계"," ","보건","보건의료","보건산업육성","보건산업진흥","보건의료 인프라 연계 창업지원","병원기반 기술사업화 지원","5536000","4428800","1361090","80.0","30.7"
"2026","민간이전","민간경상보조","보건복지부","일반회계"," ","보건","보건의료","보건산업육성","보건산업진흥","보건의료 인프라 연계 창업지원","K-바이오헬스 지역센터, 전략센터 운영","5799000","4639200","1608309","80.0","34.7"
"2026","민간이전","민간경상보조","보건복지부","일반회계"," ","보건","보건의료","보건산업육성","보건산업진흥","보건의료 인프라 연계 창업지원","K-BIC 플랫폼 강화","1914000","1531200","653353","80.0","42.7"
"2026","민간이전","민간경상보조","보건복지부","일반회계"," ","보건","보건의료","보건산업육성","보건산업진흥","보건의료 인프라 연계 창업지원","바이오벤처 유망기술 사업화 지원","2685000","2148000","497806","80.0","23.2"
"2026","민간이전","민간경상보조","보건복지부","일반회계"," ","보건","보건의료","보건산업육성","보건산업진흥","의료데이터 중심병원 지원사업","의료데이터 중심병원 기반구축 지원","5320000","3724000","1132496","70.0","30.4"
"2026","민간이전","민간경상보조","보건복지부","일반회계"," ","보건","보건의료","보건산업육성","보건산업진흥","의료데이터 중심병원 지원사업","데이터인공지능활용센터 운영","0","0","0","0","0"
"2026","민간이전","민간경상보조","보건복지부","일반회계"," ","보건","보건의료","보건산업육성","보건산업진흥","의료데이터 중심병원 지원사업","K-CURE 임상데이터 네트워크 구축","2696785","1887750","481523","70.0","25.5"
"2026","민간이전","민간경상보조","보건복지부","일반회계"," ","보건","보건의료","보건산업육성","보건산업진흥","의료데이터 중심병원 지원사업","의료 AI 데이터 활용 플랫폼 구축","11892000","8324400","7477647","70.0","89.8"
"2026","민간이전","민간경상보조","보건복지부","일반회계"," ","보건","보건의료","보건산업육성","보건산업진흥","백신 원부자재 시장 경쟁력 강화","국산 백신 원부자재 성능시험 지원","2100000","2100000","616683","100.0","29.4"
"2026","민간이전","민간경상보조","보건복지부","일반회계"," ","보건","보건의료","보건산업육성","보건산업진흥","백신 원부자재 시장 경쟁력 강화","국내외 백신 원부자재 실태조사 및 정보제공","400000","400000","136432","100.0","34.1"
"2026","민간이전","민간경상보조","보건복지부","일반회계"," ","보건","보건의료","보건산업육성","보건산업진흥","백신 원부자재 시장 경쟁력 강화","WHO 글로벌 바이오 인력양성 허브 지정","9670000","9670000","947533","100.0","9.8"
"2026","민간이전","민간경상보조","보건복지부","일반회계"," ","보건","보건의료","한의학연구및정책개발","한의약 세계화 및 홍보","한의약의 해외진출 지원","한의약 해외환자유치 지원","368000","368000","36124","100.0","9.8"
"2026","민간이전","민간경상보조","보건복지부","일반회계"," ","보건","보건의료","한의학연구및정책개발","한의약 세계화 및 홍보","한의약의 해외진출 지원","한의약 해외진출·수출 지원","640000","640000","22577","100.0","3.5"
"2026","민간이전","민간경상보조","보건복지부","일반회계"," ","보건","보건의료","한의학연구및정책개발","한의약산업지원","한의약산업육성","한약 인공지능 플랫폼 구축","230000","230000","30794","100.0","13.4"
"2026","민간이전","민간경상보조","보건복지부","일반회계"," ","보건","보건의료","한의학연구및정책개발","한의약산업지원","한의약산업육성","의·한 협진 모니터링센터 운영지원","365000","200000","143959","54.8","72.0"
"2026","민간이전","민간경상보조","보건복지부","일반회계"," ","보건","보건의료","한의학연구및정책개발","한의약산업지원","한의약산업육성","한약(탕약) 현대화","780000","780000","371290","100.0","47.6"
"2026","민간이전","민간경상보조","보건복지부","일반회계"," ","보건","보건의료","한의학연구및정책개발","한의약산업지원","한의약산업육성","한의약산업 전주기 지원체계 구축(한의의료기기실증 및 창업교육지원)","560000","560000","172154","100.0","30.7"
"2026","민간이전","민간경상보조","보건복지부","일반회계"," ","보건","보건의료","한의학연구및정책개발","한의약산업지원","한의약산업육성","한의약산업 전주기 지원체계 구축(한의약 특허기술은행 운영 및 상용화 지원)","167000","167000","112892","100.0","67.6"
"2026","민간이전","민간경상보조","보건복지부","일반회계"," ","보건","보건의료","한의학연구및정책개발","한의약산업지원","한의약산업육성","한의약 임상정보 빅데이터 지원센터 구축","0","0","0","0","0"
"2026","민간이전","민간경상보조","보건복지부","일반회계"," ","보건","보건의료","한의학연구및정책개발","한의약산업지원","한의약산업육성","한의약산업 전주기 지원체계 구축(한의약기술활용 제형개발)","100000","100000","8033","100.0","8.0"
"2026","민간이전","민간경상보조","보건복지부","일반회계"," ","보건","보건의료","한의학연구및정책개발","한의약산업지원","한국한의약진흥원 운영지원","한국한의약진흥원 운영지원","13929000","13929000","6528453","100.0","46.9"
"2026","민간이전","민간경상보조","보건복지부","일반회계"," ","보건","보건의료","국민건강생활실천","정신보건시설기능보강","정신건강 지원체계 구축","당사자 · 가족 지원(공공후견활동지원)","1376000","1100800","742713","80.0","67.5"
"2026","민간이전","민간경상보조","보건복지부","일반회계"," ","보건","보건의료","국민건강생활실천","정신보건시설기능보강","정신건강 지원체계 구축","정신의료기관 통합정보시스템 구축 · 운영","262000","183400","182708","70.0","99.6"
"2026","민간이전","민간경상보조","보건복지부","일반회계"," ","보건","보건의료","국민건강생활실천","정신보건시설기능보강","정신건강 지원체계 구축","정신질환자 복지서비스 지원(지역재활서비스 확충)","910000","900000","487704","98.9","54.2"
"2026","민간이전","민간경상보조","보건복지부","일반회계"," ","보건","보건의료","국민건강생활실천","정신보건시설기능보강","정신건강 지원체계 구축","정신질환자 복지서비스 지원(절차보조)","600000","480000","304779","80.0","63.5"
"2026","민간이전","민간경상보조","보건복지부","일반회계"," ","보건","보건의료","국민건강생활실천","정신보건시설기능보강","정신건강 지원체계 구축","정신질환자 복지서비스 지원(동료지원인 양성 및 활동지원)","0","0","0","0","0"
"2026","민간이전","민간경상보조","보건복지부","일반회계"," ","보건","보건의료","국민건강생활실천","정신보건시설기능보강","정신건강 지원체계 구축","당사자 · 가족 지원(정신질환자 가족단체 지원사업)","50000","0","0","0.0","0"
"2026","민간이전","민간경상보조","보건복지부","일반회계"," ","보건","보건의료","국민건강생활실천","정신보건시설기능보강","심리상담 바우처사업","바우처시스템 보강 및 신규 전달체계 구축 및 운영","2610000","2610000","1769607","100.0","67.8"
"2026","민간이전","민간경상보조","보건복지부","일반회계"," ","보건","보건의료","보건의료서비스지원","의료인력 양성","의료인력 양성 및 적정 수급관리","전공의 수련체계 구축","105369000","68100000","1093701","64.6","1.6"
"2026","민간이전","민간경상보조","보건복지부","일반회계"," ","보건","보건의료","보건의료서비스지원","의료인력 양성","의료인력 양성 및 적정 수급관리","간호조무사 교육훈련기관 지정평가 ","63000","44400","39925","70.5","89.9"
"2026","민간이전","민간경상보조","보건복지부","일반회계"," ","보건","보건의료","보건의료서비스지원","의료인력 양성","의료인력 양성 및 적정 수급관리","간호대학 실습교육 지원","3900000","2730000","1869481","70.0","68.5"
"2026","민간이전","민간경상보조","보건복지부","일반회계"," ","보건","보건의료","보건의료서비스지원","의료인력 양성","의료인력 양성 및 적정 수급관리","간호조무사 직무교육 개발 및 지원","500000","350000","204791","70.0","58.5"
"2026","민간이전","민간경상보조","보건복지부","일반회계"," ","보건","보건의료","보건의료서비스지원","의료인력 양성","의료인력 양성 및 적정 수급관리","전공의 등 수련수당 지급","39736000","26490000","24466309","66.7","92.4"
"2026","민간이전","민간경상보조","보건복지부","일반회계"," ","보건","보건의료","보건의료서비스지원","의료인력 양성","의료인력 양성 및 적정 수급관리","진료지원 간호사 교육지원","1400000","0","0","0.0","0"
"2026","민간이전","민간경상보조","보건복지부","일반회계"," ","보건","보건의료","보건의료서비스지원","의료인력 양성","의료인력 양성 및 적정 수급관리","필수의료 간호사 양성지원","10092000","10092000","4261680","100.0","42.2"
"2026","민간이전","민간경상보조","보건복지부","일반회계"," ","보건","보건의료","보건의료서비스지원","의료기관 질관리 및 정책지원","의료기관안전 및 질관리","의료기관평가인증원 지원","11910000","8932500","7431173","75.0","83.2"
"2026","민간이전","민간경상보조","보건복지부","일반회계"," ","보건","보건의료","보건의료서비스지원","의료기관 질관리 및 정책지원","보건의료정책개발지원 등","공적전자처방전 전송시스템 구축 및 활용","667000","471000","457000","70.6","97.0"
"2026","민간이전","민간경상보조","보건복지부","일반회계"," ","보건","보건의료","보건의료서비스지원","의료기관 질관리 및 정책지원","공공야간.심야약국 운영 지원","공공야간·심야약국 관리운영비 ","198000","138600","56877","70.0","41.0"
"2026","민간이전","민간경상보조","보건복지부","일반회계"," ","보건","보건의료","보건의료서비스지원","의료기관 질관리 및 정책지원","요양병원 간병지원 시범사업(한시)","요양병원 간병지원 시범사업","4135000","4135000","2732530","100.0","66.1"
"2026","민간이전","민간경상보조","보건복지부","일반회계"," ","보건","보건의료","보건의료서비스지원","의약품관리종합정보센터구축운영","의약품ㆍ의료기기 리베이트 관리시스템 개발 및 운영(정보화)","지출보고서 관리시스템 구축 및 운영비","32000","32000","13973","100.0","43.7"
"2026","민간이전","민간경상보조","보건복지부","일반회계"," ","보건","보건의료","보건의료서비스지원","의료분쟁 조정 및 중재","필수의료 보험료 지원","필수의료 보험료 지원","8239000","5767300","33850","70.0","0.6"
"2026","민간이전","민간경상보조","보건복지부","일반회계"," ","보건","보건의료","소록도병원","소록도병원 지원","한센환자치료","협력병원 입원환자 간병비 지원","21310","0","0","0.0","0"
"2026","민간이전","민간경상보조","보건복지부","일반회계"," ","보건","건강보험","건강보험제도 운영","건강보험 지원","보험정책사업관리","국민지원금 선별지급 지원(민원대응인력 지원)","3202000","3202000","25382","100.0","0.8"
"2026","민간이전","민간경상보조","보건복지부","일반회계"," ","보건","건강보험","건강보험제도 운영","건강보험 지원","재난적의료비 지원사업","재난적의료비 지원사업","10464000","10464000","10463979","100.0","100.0"
"2026","민간이전","민간경상보조","보건복지부","일반회계"," ","보건","건강보험","건강보험제도 운영","건강보험 지원","한국형 상병수당 시범사업","한국형 상병수당 시범사업","4524000","1809000","1460065","40.0","80.7"
"2026","민간이전","민간경상보조","보건복지부","지역균형발전특별회계","지역지원계정","사회복지","취약계층지원","장애인생활안정 및 재활 지원","장애인권익증진 및 자립생활 지원","장애인 자립지원 시범사업","장애인 자립지원 시범사업(전산)","690000","487000","1930","70.6","0.4"
"2026","민간이전","민간경상보조","보건복지부","지역균형발전특별회계","지역지원계정","사회복지","노인","노인생활안정","노인관련기관지원","노인단체 지원(지원)","대한노인회 운영 지원","4132000","4132000","1624345","100.0","39.3"
"2026","민간이전","민간경상보조","보건복지부","지역균형발전특별회계","지역지원계정","사회복지","노인","노인생활안정","노인관련기관지원","노인단체 지원(지원)","노인복지 민간단체 지원","900000","763312","368440","84.8","48.3"
"2026","민간이전","민간경상보조","보건복지부","지역균형발전특별회계","지역지원계정","사회복지","노인","노인생활안정","노인일자리지원","노인일자리 및 사회활동지원(지원)","노인일자리 및 사회활동지원 확대(지원) 민간보조","186890000","140314568","68649258","75.1","48.9"
"2026","민간이전","민간경상보조","보건복지부","지역균형발전특별회계","지역지원계정","사회복지","노인","노인생활안정","노인일자리지원","노인일자리 및 사회활동지원(지원)","노인일자리 및 사회활동지원 확대(지원) 노인자원봉사","9600000","9600000","4974235","100.0","51.8"
"2026","민간이전","민간경상보조","보건복지부","지역균형발전특별회계","지역지원계정","보건","보건의료","공공보건의료확충","지방의료원 등 육성","지역거점병원공공성강화","적십자병원 기능보강사업(필수의료 강화지원)","23400000","16000000","12802900","68.4","80.0"
"2026","민간이전","민간경상보조","보건복지부","지역균형발전특별회계","지역지원계정","보건","보건의료","공공보건의료확충","지방의료원 등 육성","지역거점병원공공성강화","적십자 파견 의료인력 인건비 지원","500000","350000","266667","70.0","76.2"
"2026","민간이전","민간경상보조","보건복지부","지역균형발전특별회계","지역지원계정","보건","보건의료","보건산업육성","첨단의료복합단지조성","첨단의료복합단지조성(지역지원)","첨단의료산업진흥재단 인건비","25353000","19790620","19120162","78.1","96.6"
"2026","민간이전","민간경상보조","보건복지부","지역균형발전특별회계","지역지원계정","보건","보건의료","보건산업육성","첨단의료복합단지조성","첨단의료복합단지조성(지역지원)","첨단의료산업진흥재단 운영비","16269000","11984980","10004998","73.7","83.5"
"2026","민간이전","민간경상보조","보건복지부","지역균형발전특별회계","지역지원계정","보건","보건의료","보건산업육성","첨단의료복합단지조성","첨단의료복합단지조성(지역지원)","데이터 완전성 구축","2010000","2010000","65062","100.0","3.2"
"2026","민간이전","민간경상보조","보건복지부","지역균형발전특별회계","지역지원계정","보건","보건의료","보건산업육성","첨단의료복합단지조성","첨단의료복합단지조성(지역지원)","첨단의료복합단지 혁신창업 생태계 지원","100000","100000","10824","100.0","10.8"
"2026","민간이전","민간경상보조","산림청","농어촌구조개선특별회계","임업진흥사업계정","농림수산","임업·산촌","국제산림협력","임산물수출촉진","임산물수출촉진","임산물글로벌경쟁력강화(민간경상)","580000","320000","30047","55.2","9.4"
"2026","민간이전","민간경상보조","산림청","농어촌구조개선특별회계","임업진흥사업계정","농림수산","임업·산촌","국제산림협력","임산물수출촉진","임산물수출촉진","임산물글로벌판로개척","2425000","1680000","172508","69.3","10.3"
"2026","민간이전","민간경상보조","산림청","농어촌구조개선특별회계","임업진흥사업계정","농림수산","임업·산촌","국제산림협력","임산물수출촉진","임산물수출촉진","임산물글로벌기반구축","1168122","1168122","262924","100.0","22.5"
"2026","민간이전","민간경상보조","산림청","농어촌구조개선특별회계","임업진흥사업계정","농림수산","임업·산촌","국제산림협력","임산물수출촉진","임산물수출촉진","(이월)_2025년 글로벌 경쟁력강화(민간경상)","177000","177000","168352","100.0","95.1"
"2026","민간이전","민간경상보조","산림청","농어촌구조개선특별회계","임업진흥사업계정","농림수산","임업·산촌","국제산림협력","임산물수출촉진","임산물수출촉진","(이월)_2025년 글로벌 판로개척(민간경상)","180000","180000","177377","100.0","98.5"
"2026","민간이전","민간경상보조","산림청","농어촌구조개선특별회계","임업진흥사업계정","농림수산","임업·산촌","국제산림협력","임산물수출촉진","임산물수출촉진","(이월)_2025년 글로벌 기반구축(민간경상)","3179","3179","3179","100.0","100.0"
"2026","민간이전","민간경상보조","산림청","농어촌구조개선특별회계","임업진흥사업계정","농림수산","임업·산촌","산림자원 및 산업육성","목재 및 임산물활용(농특)","청정임산물이용증진","청정임산물 소비촉진 및 홍보","1021000","944000","401734","92.5","42.6"
"2026","민간이전","민간경상보조","산림청","농어촌구조개선특별회계","임업진흥사업계정","농림수산","임업·산촌","산림자원 및 산업육성","목재 및 임산물활용(농특)","청정임산물이용증진","임산물 유통정보시스템운영","401000","401000","167805","100.0","41.8"
"2026","민간이전","민간경상보조","산림청","농어촌구조개선특별회계","임업진흥사업계정","농림수산","임업·산촌","산림자원 및 산업육성","목재 및 임산물활용(농특)","임산물생산기반조성","산림경영지도원 운영","16855370","14770000","8439021","87.6","57.1"
"2026","민간이전","민간경상보조","산림청","농어촌구조개선특별회계","임업진흥사업계정","농림수산","임업·산촌","산림자원 및 산업육성","목재 및 임산물활용(농특)","목재산업육성","산림바이오매스에너지 유통관리","0","0","0","0","0"
"2026","민간이전","민간경상보조","산림청","농어촌구조개선특별회계","임업진흥사업계정","농림수산","임업·산촌","산림자원 및 산업육성","목재 및 임산물활용(농특)","목재이용증진","전문인력 양성기관 운영 지원","24000","24000","4646","100.0","19.4"
"2026","민간이전","민간경상보조","산림청","농어촌구조개선특별회계","임업진흥사업계정","농림수산","임업·산촌","산림자원 및 산업육성","목재 및 임산물활용(농특)","목재이용증진","목재산업박람회","146000","100000","36197","68.5","36.2"
"2026","민간이전","민간경상보조","산림청","농어촌구조개선특별회계","임업진흥사업계정","농림수산","임업·산촌","산림자원 및 산업육성","임업정책자금 지원(농특)","임업직불금 이행점검 및 사업관리","이행점검 및 사업관리","30000","21000","2808","70.0","13.4"
"2026","민간이전","민간경상보조","산림청","농어촌구조개선특별회계","임업진흥사업계정","농림수산","임업·산촌","산림자원 및 산업육성","산림경영 경쟁력 강화(농특)","임업기능인양성","임업훈련원 운영","1750000","1190000","1086552","68.0","91.3"
"2026","민간이전","민간경상보조","산림청","농어촌구조개선특별회계","임업진흥사업계정","농림수산","임업·산촌","산림자원 및 산업육성","산림경영 경쟁력 강화(농특)","임업기능인양성","산림기술개발, 전문인력 양성","50000","30000","16665","60.0","55.6"
"2026","민간이전","민간경상보조","산림청","농어촌구조개선특별회계","임업진흥사업계정","농림수산","임업·산촌","산림자원 및 산업육성","산림경영 경쟁력 강화(농특)","임업용 면세경유 유가연동보조금 한시지원('26년)","임업용 면세경유 유가연동보조금 한시 지원('26년)","300000","75000","0","25.0","0.0"
"2026","민간이전","민간경상보조","산림청","일반회계"," ","농림수산","임업·산촌","국제산림협력","국제산림협력(일반)","국제산림개발협력(ODA)","몽골 민간사막화방지 조림사업","300000","300000","92181","100.0","30.7"
"2026","민간이전","민간경상보조","산림청","일반회계"," ","농림수산","임업·산촌","국제산림협력","국제산림협력(일반)","국제산림개발협력(ODA)","엘살바도르 수원함양지의 황폐림 복원사업","720000","720000","716489","100.0","99.5"
"2026","민간이전","민간경상보조","산림청","일반회계"," ","농림수산","임업·산촌","국제산림협력","국제산림협력(일반)","국제산림개발협력(ODA)","온두라스 기후변화에 대한 적응과 탄력성 대책으로서 산림의 생산적 복원과 보전 촉진사업","715000","715000","701062","100.0","98.1"
"2026","민간이전","민간경상보조","산림청","일반회계"," ","농림수산","임업·산촌","국제산림협력","국제산림협력(일반)","국제산림개발협력(ODA)","과테말라 기후변화 영향 완화 및 적응을 위한 산림복원 및 역량강화 사업","670000","670000","668113","100.0","99.7"
"2026","민간이전","민간경상보조","산림청","일반회계"," ","농림수산","임업·산촌","국제산림협력","국제산림협력(일반)","국제산림개발협력(ODA)","키르기스스탄 양묘장 개발 및 지역 맞춤형 조림 사업","621000","621000","95215","100.0","15.3"
"2026","민간이전","민간경상보조","산림청","일반회계"," ","농림수산","임업·산촌","산림자원 및 산업육성","산림정책 지원(일반)","산림탄소관리 및 활용 기반구축","산림특성화대학원지원을통한인재양성","450000","270000","171352","60.0","63.5"
"2026","민간이전","민간경상보조","산림청","일반회계"," ","농림수산","임업·산촌","산림자원 및 산업육성","한국임업진흥원 지원","한국임업진흥원 지원","한국임업진흥원 지원","23186000","18733380","12839160","80.8","68.5"
"2026","민간이전","민간경상보조","산림청","일반회계"," ","농림수산","임업·산촌","산림이용 및 복지증진","한국산림복지진흥원 지원(일반)","한국산림복지진흥원 지원","한국산림복지진흥원 지원(경상)","43755000","35233294","23827359","80.5","67.6"
"2026","민간이전","민간경상보조","산림청","일반회계"," ","농림수산","임업·산촌","산림이용 및 복지증진","산림복지서비스 제공·운영","한국등산·트레킹지원센터 지원","한국등산트레킹지원센터 인건비","3053000","2380000","1793133","78.0","75.3"
"2026","민간이전","민간경상보조","산림청","일반회계"," ","농림수산","임업·산촌","산림이용 및 복지증진","산림복지서비스 제공·운영","한국등산·트레킹지원센터 지원","한국등산트레킹지원센터 경상경비","454000","369000","213908","81.3","58.0"
"2026","민간이전","민간경상보조","산림청","일반회계"," ","농림수산","임업·산촌","산림이용 및 복지증진","산림복지서비스 제공·운영","한국등산·트레킹지원센터 지원","한국등산트레킹지원센터 사업비","2307000","1848000","709608","80.1","38.4"
"2026","민간이전","민간경상보조","산림청","일반회계"," ","농림수산","임업·산촌","산림환경 보전 및 증진","산림생태보전(일반)","산림복원","자생식물 공급체계 구축 운영","0","0","0","0","0"
"2026","민간이전","민간경상보조","산림청","일반회계"," ","농림수산","임업·산촌","산림환경 보전 및 증진","한국수목원관리원 지원(일반)","한국수목원정원관리원 지원","한국수목원관리원 지원(민간경상보조)","53370000","53175000","29332024","99.6","55.2"
"2026","민간이전","민간경상보조","산림청","일반회계"," ","농림수산","임업·산촌","산림환경 보전 및 증진","정원 조성 및 관리","정원 조성관리","정원자원 유통 촉진 및 산업 활성화","0","0","0","0","0"
"2026","민간이전","민간경상보조","산림청","일반회계"," ","농림수산","임업·산촌","산림재난관리","산불 예방 및 대응","산불방지대책","산불방지대책(민간경상)","200000","200000","37950","100.0","19.0"
"2026","민간이전","민간경상보조","산림청","일반회계"," ","농림수산","임업·산촌","산림재난관리","한국산림재난안전기술공단 지원(일반)","한국산림재난안전기술공단 지원","한국산림재난안전기술공단 지원","3511000","1738552","1477528","49.5","85.0"
"2026","민간이전","민간경상보조","산림청","지역균형발전특별회계","지역지원계정","농림수산","임업·산촌","산림환경 보전 및 증진","정원조성 및 관리(지특, 지원)","정원 조성관리(지원)","국제정원박람회 한국정원 조성","770000","442613","262366","57.5","59.3"
"2026","민간이전","민간경상보조","산업통상부","고등·평생교육지원특별회계"," ","산업·중소기업및에너지","무역및투자유치","무역진흥","수출역량강화","지역전문가양성및공급","지역특화청년무역전문가양성사업","2287000","2287000","1173750","100.0","51.3"
"2026","민간이전","민간경상보조","산업통상부","산업기술진흥및사업화촉진기금","산업기술혁신계정","산업·중소기업및에너지","산업혁신지원","산업기술진흥및사업화촉진","산업기술진흥및사업화촉진","산업기술혁신문화환경조성","기술혁신문화환경조성","1472000","1472000","551023","100.0","37.4"
"2026","민간이전","민간경상보조","산업통상부","산업기술진흥및사업화촉진기금","산업기술혁신계정","산업·중소기업및에너지","산업혁신지원","산업기술진흥및사업화촉진","산업기술진흥및사업화촉진","산업기술혁신문화환경조성","기술혁신문화확산","3404000","3404000","1810938","100.0","53.2"
"2026","민간이전","민간경상보조","산업통상부","산업기술진흥및사업화촉진기금","특정물질사용합리화계정","산업·중소기업및에너지","산업혁신지원","주력산업진흥","대체물질활용지원","몬트리올의정서대응","몬트리올의정서대응지원","202000","202000","70887","100.0","35.1"
"2026","민간이전","민간경상보조","산업통상부","산업기술진흥및사업화촉진기금","특정물질사용합리화계정","산업·중소기업및에너지","산업혁신지원","주력산업진흥","대체물질활용지원","몬트리올의정서대응","특정물질 기술지원 및 관리체계 구축","605000","605000","234155","100.0","38.7"
"2026","민간이전","민간경상보조","산업통상부","에너지및자원사업특별회계","투자계정","산업·중소기업및에너지","에너지및자원개발","에너지자원정책","에너지이용합리화","분산에너지활성화지원","AI 기반 분산에너지 특화지역 지원","0","0","0","0","0"
"2026","민간이전","민간경상보조","산업통상부","에너지및자원사업특별회계","투자계정","산업·중소기업및에너지","에너지및자원개발","에너지자원정책","에너지이용합리화","분산에너지활성화지원","AI 기반 마이크로그리드 구축","0","0","0","0","0"
"2026","민간이전","민간경상보조","산업통상부","에너지및자원사업특별회계","투자계정","산업·중소기업및에너지","에너지및자원개발","에너지자원정책","에너지복지지원","에너지바우처","연탄쿠폰","23140000","15145000","0","65.4","0.0"
"2026","민간이전","민간경상보조","산업통상부","에너지및자원사업특별회계","투자계정","산업·중소기업및에너지","에너지및자원개발","재생에너지및에너지신산업활성화","에너지신산업","수소산업진흥 기반구축사업","수소기업성장지원","0","0","0","0","0"
"2026","민간이전","민간경상보조","산업통상부","에너지및자원사업특별회계","투자계정","산업·중소기업및에너지","에너지및자원개발","재생에너지및에너지신산업활성화","에너지신산업","수소산업진흥 기반구축사업","수소산업통계조사및종합정보포털유지보수","0","0","0","0","0"
"2026","민간이전","민간경상보조","산업통상부","에너지및자원사업특별회계","투자계정","산업·중소기업및에너지","에너지및자원개발","재생에너지및에너지신산업활성화","에너지신산업","수소산업진흥 기반구축사업","수소경제사회적공감대형성사업","0","0","0","0","0"
"2026","민간이전","민간경상보조","산업통상부","에너지및자원사업특별회계","투자계정","산업·중소기업및에너지","에너지및자원개발","재생에너지및에너지신산업활성화","에너지신산업","수소산업진흥 기반구축사업","수소국제협력사업","0","0","0","0","0"
"2026","민간이전","민간경상보조","산업통상부","에너지및자원사업특별회계","투자계정","산업·중소기업및에너지","에너지및자원개발","재생에너지및에너지신산업활성화","에너지신산업","수소산업진흥 기반구축사업","청정수소시험평가및실증화지원기반구축사업","0","0","0","0","0"
"2026","민간이전","민간경상보조","산업통상부","에너지및자원사업특별회계","투자계정","산업·중소기업및에너지","에너지및자원개발","재생에너지및에너지신산업활성화","에너지신산업","수소저장·운송클러스터구축사업","수소저장·운송클러스터구축사업","0","0","0","0","0"
"2026","민간이전","민간경상보조","산업통상부","에너지및자원사업특별회계","투자계정","산업·중소기업및에너지","에너지및자원개발","재생에너지및에너지신산업활성화","에너지신산업","수소연료전지 고도화지원센터 플랫폼 구축","수소연료전지고도화지원센터플랫폼구축","0","0","0","0","0"
"2026","민간이전","민간경상보조","산업통상부","에너지및자원사업특별회계","투자계정","산업·중소기업및에너지","에너지및자원개발","에너지공급체계구축","석유안정공급","석유품질관리사업지원","석유품질관리사업지원(경상보조)","18296000","15134905","10580368","82.7","69.9"
"2026","민간이전","민간경상보조","산업통상부","에너지및자원사업특별회계","투자계정","산업·중소기업및에너지","에너지및자원개발","에너지공급체계구축","석유안정공급","석유유통구조개선","석유유통시장경쟁촉진(주유소 가격 안정화 지원)","163000","90000","0","55.2","0.0"
"2026","민간이전","민간경상보조","산업통상부","에너지및자원사업특별회계","투자계정","산업·중소기업및에너지","에너지및자원개발","에너지공급체계구축","석유안정공급","석유유통구조개선","석유유통정보고도화 사업","136000","136000","49483","100.0","36.4"
"2026","민간이전","민간경상보조","산업통상부","에너지및자원사업특별회계","투자계정","산업·중소기업및에너지","에너지및자원개발","에너지공급체계구축","석유안정공급","석유유통구조개선","오피넷 운영 및 개선","2162000","1907000","302101","88.2","15.8"
"2026","민간이전","민간경상보조","산업통상부","에너지및자원사업특별회계","투자계정","산업·중소기업및에너지","에너지및자원개발","에너지공급체계구축","석유안정공급","석유유통구조개선","석유시장 감시단","280000","238000","33531","85.0","14.1"
"2026","민간이전","민간경상보조","산업통상부","에너지및자원사업특별회계","투자계정","산업·중소기업및에너지","에너지및자원개발","에너지공급체계구축","석유안정공급","친환경석유대체연료보급기반구축사업","LCA 탄소감축평가 시스템 구축","95000","66500","61224","70.0","92.1"
"2026","민간이전","민간경상보조","산업통상부","에너지및자원사업특별회계","투자계정","산업·중소기업및에너지","에너지및자원개발","에너지공급체계구축","석유안정공급","친환경석유대체연료보급기반구축사업","신규 석유대체연료의 품질?안전성 확보","100000","70000","15498","70.0","22.1"
"2026","민간이전","민간경상보조","산업통상부","에너지및자원사업특별회계","투자계정","산업·중소기업및에너지","에너지및자원개발","에너지공급체계구축","광산지역진흥","폐광대책비","근로자 대책비","12492000","12226000","3565004","97.9","29.2"
"2026","민간이전","민간경상보조","산업통상부","에너지및자원사업특별회계","투자계정","산업·중소기업및에너지","에너지및자원개발","에너지공급체계구축","광산지역진흥","폐광대책비","출수피해방지비","7273000","7273000","3509322","100.0","48.3"
"2026","민간이전","민간경상보조","산업통상부","에너지및자원사업특별회계","투자계정","산업·중소기업및에너지","에너지및자원개발","에너지공급체계구축","광산지역진흥","폐광대책비","광해복구비","22741000","22741000","8163833","100.0","35.9"
"2026","민간이전","민간경상보조","산업통상부","에너지및자원사업특별회계","투자계정","산업·중소기업및에너지","에너지및자원개발","에너지공급체계구축","광산지역진흥","폐광대책비","조기폐광지역  경제진흥개발사업","15100000","2450000","617867","16.2","25.2"
"2026","민간이전","민간경상보조","산업통상부","에너지및자원사업특별회계","투자계정","산업·중소기업및에너지","에너지및자원개발","에너지공급체계구축","광해광업공단","탄가안정대책보조","탄가안정대책보조","50895000","46509500","45858258","91.4","98.6"
"2026","민간이전","민간경상보조","산업통상부","에너지및자원사업특별회계","투자계정","산업·중소기업및에너지","에너지및자원개발","에너지공급체계구축","가스수급안정","LPG 소형 저장탱크 보급","사회복지시설 지원(민간경상보조)","150000","112500","0","75.0","0.0"
"2026","민간이전","민간경상보조","산업통상부","에너지및자원사업특별회계","투자계정","산업·중소기업및에너지","에너지및자원개발","에너지공급체계구축","광물안정공급","일반광업육성지원","광량확보","3518000","2462600","472710","70.0","19.2"
"2026","민간이전","민간경상보조","산업통상부","에너지및자원사업특별회계","투자계정","산업·중소기업및에너지","에너지및자원개발","에너지공급체계구축","광물안정공급","일반광업육성지원","광업선진화(경상)","512000","358400","0","70.0","0.0"
"2026","민간이전","민간경상보조","산업통상부","에너지및자원사업특별회계","투자계정","산업·중소기업및에너지","에너지및자원개발","에너지공급체계구축","광물안정공급","일반광업육성지원","광산안전시설(경상)","1987000","1390900","510894","70.0","36.7"
"2026","민간이전","민간경상보조","산업통상부","에너지및자원사업특별회계","투자계정","산업·중소기업및에너지","에너지및자원개발","에너지공급체계구축","광물안정공급","일반광업육성지원","국가광물정보센터(경상)","508000","355600","203942","70.0","57.4"
"2026","민간이전","민간경상보조","산업통상부","에너지및자원사업특별회계","투자계정","산업·중소기업및에너지","에너지및자원개발","에너지공급체계구축","광물안정공급","일반광업육성지원","광업분쟁해소","62000","43400","26629","70.0","61.4"
"2026","민간이전","민간경상보조","산업통상부","에너지및자원사업특별회계","투자계정","산업·중소기업및에너지","에너지및자원개발","에너지공급체계구축","광물안정공급","해외자원개발조사","조사사업","2596000","2208000","234027","85.1","10.6"
"2026","민간이전","민간경상보조","산업통상부","에너지및자원사업특별회계","투자계정","산업·중소기업및에너지","에너지및자원개발","에너지공급체계구축","광물안정공급","해외자원개발조사","기반구축사업","509000","411000","258846","80.7","63.0"
"2026","민간이전","민간경상보조","산업통상부","에너지및자원사업특별회계","투자계정","산업·중소기업및에너지","에너지및자원개발","에너지공급체계구축","광물안정공급","광산물비축자산관리보조","광산물비축자산관리보조","1352000","1352000","816046","100.0","60.4"
"2026","민간이전","민간경상보조","산업통상부","에너지및자원사업특별회계","투자계정","산업·중소기업및에너지","에너지및자원개발","에너지공급체계구축","광물안정공급","핵심광물재자원화산업육성지원","재자원화 국내외 거버넌스 운영","150000","149000","32635","99.3","21.9"
"2026","민간이전","민간경상보조","산업통상부","에너지및자원사업특별회계","투자계정","산업·중소기업및에너지","에너지및자원개발","에너지공급체계구축","광물안정공급","핵심광물재자원화산업육성지원","희토류 재자원화 원료관리","80000","80000","0","100.0","0.0"
"2026","민간이전","민간경상보조","산업통상부","일반회계"," ","산업·중소기업및에너지","무역및투자유치","무역진흥","전략물자수출입통제기반구축","전략물자수출입통제기반구축","무역안보관리원 기관운영","6039000","4500810","3217289","74.5","71.5"
"2026","민간이전","민간경상보조","산업통상부","일반회계"," ","산업·중소기업및에너지","무역및투자유치","무역진흥","전략물자수출입통제기반구축","전략물자수출입통제기반구축","전략물자 안전수출 지원","1507000","1140000","733568","75.6","64.3"
"2026","민간이전","민간경상보조","산업통상부","일반회계"," ","산업·중소기업및에너지","무역및투자유치","무역진흥","전략물자수출입통제기반구축","전략물자수출입통제기반구축","전략기술 수출관리 선진화","619000","449000","344769","72.5","76.8"
"2026","민간이전","민간경상보조","산업통상부","일반회계"," ","산업·중소기업및에너지","무역및투자유치","무역진흥","전략물자수출입통제기반구축","전략물자수출입통제기반구축","전략물자 수출관리 제도 확산","806000","530000","339846","65.8","64.1"
"2026","민간이전","민간경상보조","산업통상부","일반회계"," ","산업·중소기업및에너지","무역및투자유치","무역진흥","전략물자수출입통제기반구축","전략물자수출입통제기반구축","온라인 시스템의 안정적 운영","2858000","2211295","713828","77.4","32.3"
"2026","민간이전","민간경상보조","산업통상부","일반회계"," ","산업·중소기업및에너지","무역및투자유치","무역진흥","대한상사중재원지원","대한상사중재원지원","알선상담사업지원비","130000","130000","99164","100.0","76.3"
"2026","민간이전","민간경상보조","산업통상부","일반회계"," ","산업·중소기업및에너지","무역및투자유치","무역진흥","대한상사중재원지원","대한상사중재원지원","중재사업지원비","539000","539000","291905","100.0","54.2"
"2026","민간이전","민간경상보조","산업통상부","일반회계"," ","산업·중소기업및에너지","무역및투자유치","무역진흥","수출역량강화","전시산업경쟁력강화지원사업","국내전시회 개최지원","5332000","4616100","1842947","86.6","39.9"
"2026","민간이전","민간경상보조","산업통상부","일반회계"," ","산업·중소기업및에너지","무역및투자유치","무역진흥","수출역량강화","전시산업경쟁력강화지원사업","전시산업 기반구축","1634000","1555100","963811","95.2","62.0"
"2026","민간이전","민간경상보조","산업통상부","일반회계"," ","산업·중소기업및에너지","무역및투자유치","무역진흥","수출역량강화","수출경쟁력 강화지원","해외전시회 지원(단체)","31733000","23452200","17672835","73.9","75.4"
"2026","민간이전","민간경상보조","산업통상부","일반회계"," ","산업·중소기업및에너지","무역및투자유치","무역진흥","수출역량강화","수출경쟁력 강화지원","경제사절단 파견 및 상시비즈니스 지원","2325000","2325000","1926278","100.0","82.9"
"2026","민간이전","민간경상보조","산업통상부","일반회계"," ","산업·중소기업및에너지","무역및투자유치","무역진흥","수출역량강화","수출경쟁력 강화지원","해외전시회 지원(개별)","7346000","7346000","3820992","100.0","52.0"
"2026","민간이전","민간경상보조","산업통상부","일반회계"," ","산업·중소기업및에너지","무역및투자유치","무역진흥","수출역량강화","수출지원기반활용","개별지원사업","34262000","33362000","19121936","97.4","57.3"
"2026","민간이전","민간경상보조","산업통상부","일반회계"," ","산업·중소기업및에너지","무역및투자유치","무역진흥","수출역량강화","수출지원기반활용","통합지원사업","179812000","173631840","0","96.6","0.0"
"2026","민간이전","민간경상보조","산업통상부","일반회계"," ","산업·중소기업및에너지","무역및투자유치","무역진흥","수출역량강화","세계엑스포참가지원","세계엑스포참가지원","14048000","11768010","5149667","83.8","43.8"
"2026","민간이전","민간경상보조","산업통상부","일반회계"," ","산업·중소기업및에너지","무역및투자유치","무역진흥","수출역량강화","해외진출기반구축","해외진출기업지원","540000","540000","320555","100.0","59.4"
"2026","민간이전","민간경상보조","산업통상부","일반회계"," ","산업·중소기업및에너지","무역및투자유치","무역진흥","수출역량강화","해외진출기반구축","중소중견기업 해외M&A 지원","206000","206000","28936","100.0","14.0"
"2026","민간이전","민간경상보조","산업통상부","일반회계"," ","산업·중소기업및에너지","무역및투자유치","무역진흥","수출역량강화","대한무역투자진흥공사","대한무역투자진흥공사 조직망운영비","73122000","73122000","48357274","100.0","66.1"
"2026","민간이전","민간경상보조","산업통상부","일반회계"," ","산업·중소기업및에너지","무역및투자유치","무역진흥","수출역량강화","대한무역투자진흥공사","대한무역투자진흥공사 인건비","174020000","166449309","99405064","95.6","59.7"
"2026","민간이전","민간경상보조","산업통상부","일반회계"," ","산업·중소기업및에너지","무역및투자유치","무역진흥","수출역량강화","대한무역투자진흥공사","대한무역투자진흥공사 경상운영비","4520000","4520000","2172885","100.0","48.1"
"2026","민간이전","민간경상보조","산업통상부","일반회계"," ","산업·중소기업및에너지","무역및투자유치","무역진흥","수출역량강화","대한무역투자진흥공사","중소중견기업 수출지원 사업비","81620000","73502513","46056359","90.1","62.7"
"2026","민간이전","민간경상보조","산업통상부","일반회계"," ","산업·중소기업및에너지","무역및투자유치","무역진흥","수출역량강화","대한무역투자진흥공사","대한무역투자진흥공사 예비비","5893000","5893000","698525","100.0","11.9"
"2026","민간이전","민간경상보조","산업통상부","일반회계"," ","산업·중소기업및에너지","무역및투자유치","무역진흥","수출역량강화","대한무역투자진흥공사","정보화경비","8159000","8159000","1624872","100.0","19.9"
"2026","민간이전","민간경상보조","산업통상부","일반회계"," ","산업·중소기업및에너지","무역및투자유치","무역진흥","수출역량강화","해외플랜트진출확대","조선기자재및중소형선박해외시장개척지원","3753000","2628000","1352721","70.0","51.5"
"2026","민간이전","민간경상보조","산업통상부","일반회계"," ","산업·중소기업및에너지","무역및투자유치","무역진흥","수출역량강화","해외플랜트진출확대","해외플랜트시장개척지원","3170000","3170000","1454006","100.0","45.9"
"2026","민간이전","민간경상보조","산업통상부","일반회계"," ","산업·중소기업및에너지","무역및투자유치","무역진흥","수출역량강화","해외플랜트진출확대","플랜트해외진출플랫폼운영","637000","637000","262040","100.0","41.1"
"2026","민간이전","민간경상보조","산업통상부","일반회계"," ","산업·중소기업및에너지","무역및투자유치","무역진흥","수출역량강화","해외플랜트진출확대","플랜트수주지원센터 운영","440000","440000","419100","100.0","95.3"
"2026","민간이전","민간경상보조","산업통상부","일반회계"," ","산업·중소기업및에너지","무역및투자유치","무역진흥","수출역량강화","해외플랜트진출확대","플랜트기자재수출지원","200000","100000","0","50.0","0.0"
"2026","민간이전","민간경상보조","산업통상부","일반회계"," ","산업·중소기업및에너지","무역및투자유치","통상협력지원","양자간통상협력지원","양자산업협력","산업통상협력네트워크구축","5648000","3494305","1964456","61.9","56.2"
"2026","민간이전","민간경상보조","산업통상부","일반회계"," ","산업·중소기업및에너지","무역및투자유치","통상협력지원","양자간통상협력지원","양자산업협력","산업통상협력기반구축","0","0","0","0","0"
"2026","민간이전","민간경상보조","산업통상부","일반회계"," ","산업·중소기업및에너지","무역및투자유치","통상협력지원","양자간통상협력지원","산업통상협력개발지원(ODA)","에티오피아 농기계 R&D 센터 조성","0","0","0","0","0"
"2026","민간이전","민간경상보조","산업통상부","일반회계"," ","산업·중소기업및에너지","무역및투자유치","통상협력지원","양자간통상협력지원","산업통상협력개발지원(ODA)","파라과이 자동차부품 TASK센터 조성 및 e-vehicle 시범보급","0","0","0","0","0"
"2026","민간이전","민간경상보조","산업통상부","일반회계"," ","산업·중소기업및에너지","무역및투자유치","통상협력지원","양자간통상협력지원","산업통상협력개발지원(ODA)","우즈베키스탄 스마트팜 산업기술혁신센터 조성 지원","0","0","0","0","0"
"2026","민간이전","민간경상보조","산업통상부","일반회계"," ","산업·중소기업및에너지","무역및투자유치","통상협력지원","양자간통상협력지원","산업통상협력개발지원(ODA)","우즈베키스탄 친환경(CNG) 농기계 보급지원","0","0","0","0","0"
"2026","민간이전","민간경상보조","산업통상부","일반회계"," ","산업·중소기업및에너지","무역및투자유치","통상협력지원","양자간통상협력지원","산업통상협력개발지원(ODA)","인도네시아 온실가스 감축용 태양광 충전 e-vehicle 시스템 구축","0","0","0","0","0"
"2026","민간이전","민간경상보조","산업통상부","일반회계"," ","산업·중소기업및에너지","무역및투자유치","통상협력지원","양자간통상협력지원","산업통상협력개발지원(ODA)","몽골 희소금속센터 조성","0","0","0","0","0"
"2026","민간이전","민간경상보조","산업통상부","일반회계"," ","산업·중소기업및에너지","무역및투자유치","통상협력지원","양자간통상협력지원","산업통상협력개발지원(ODA)","우즈베키스탄 희소금속센터 상용화 생산 지원","0","0","0","0","0"
"2026","민간이전","민간경상보조","산업통상부","일반회계"," ","산업·중소기업및에너지","무역및투자유치","통상협력지원","양자간통상협력지원","산업통상협력개발지원(ODA)","캄보디아 식품가공 TASK센터 조성","0","0","0","0","0"
"2026","민간이전","민간경상보조","산업통상부","일반회계"," ","산업·중소기업및에너지","무역및투자유치","통상협력지원","양자간통상협력지원","산업통상협력개발지원(ODA)","개도국 생산현장 애로기술지도(TASK)","0","0","0","0","0"
"2026","민간이전","민간경상보조","산업통상부","일반회계"," ","산업·중소기업및에너지","무역및투자유치","통상협력지원","양자간통상협력지원","산업통상협력개발지원(ODA)","이집트 수에즈 운하 그린 에너지 인프라 구축","0","0","0","0","0"
"2026","민간이전","민간경상보조","산업통상부","일반회계"," ","산업·중소기업및에너지","무역및투자유치","통상협력지원","양자간통상협력지원","산업통상협력개발지원(ODA)","카자흐스탄 엘리베이터 R&D 파크 조성 ","0","0","0","0","0"
"2026","민간이전","민간경상보조","산업통상부","일반회계"," ","산업·중소기업및에너지","무역및투자유치","통상협력지원","양자간통상협력지원","산업통상협력개발지원(ODA)","과테말라 섬유 TASK 센터 조성","0","0","0","0","0"
"2026","민간이전","민간경상보조","산업통상부","일반회계"," ","산업·중소기업및에너지","무역및투자유치","통상협력지원","양자간통상협력지원","산업통상협력개발지원(ODA)","우즈베키스탄 디지털제조기술센터 건립","0","0","0","0","0"
"2026","민간이전","민간경상보조","산업통상부","일반회계"," ","산업·중소기업및에너지","무역및투자유치","통상협력지원","양자간통상협력지원","산업통상협력개발지원(ODA)","베트남 핵심광물 공급망 기술협력센터 조성","0","0","0","0","0"
"2026","민간이전","민간경상보조","산업통상부","일반회계"," ","산업·중소기업및에너지","무역및투자유치","통상협력지원","양자간통상협력지원","산업통상협력개발지원(ODA)","라오스 에너지자립형 친환경 에너지타운 조성 사후관리","0","0","0","0","0"
"2026","민간이전","민간경상보조","산업통상부","일반회계"," ","산업·중소기업및에너지","무역및투자유치","통상협력지원","양자간통상협력지원","산업통상협력개발지원(ODA)","카자흐스탄 희소금속 기술협력센터 조성","0","0","0","0","0"
"2026","민간이전","민간경상보조","산업통상부","일반회계"," ","산업·중소기업및에너지","무역및투자유치","통상협력지원","양자간통상협력지원","산업통상협력개발지원(ODA)","인도네시아 자카르타 뿌리기술 인력 역량 강화 지원","0","0","0","0","0"
"2026","민간이전","민간경상보조","산업통상부","일반회계"," ","산업·중소기업및에너지","무역및투자유치","통상협력지원","양자간통상협력지원","산업통상협력개발지원(ODA)","인도네시아 광업폐기물 내 핵심광물 재자원화 시스템 구축","0","0","0","0","0"
"2026","민간이전","민간경상보조","산업통상부","일반회계"," ","산업·중소기업및에너지","무역및투자유치","통상협력지원","양자간통상협력지원","산업통상협력개발지원(ODA)","알제리 시멘트산업 첨단 저탄소경영 혁신역량강화","0","0","0","0","0"
"2026","민간이전","민간경상보조","산업통상부","일반회계"," ","산업·중소기업및에너지","무역및투자유치","통상협력지원","다자간통상협력지원","통상기반조성및역량강화","디지털통상기반조성","963000","689100","460930","71.6","66.9"
"2026","민간이전","민간경상보조","산업통상부","일반회계"," ","산업·중소기업및에너지","무역및투자유치","통상협력지원","통상협정국내대책추진","통상협정국내대책추진지원","FTA 실무인력 양성과정","489000","342300","189929","70.0","55.5"
"2026","민간이전","민간경상보조","산업통상부","일반회계"," ","산업·중소기업및에너지","무역및투자유치","통상협력지원","통상협정국내대책추진","통상협정국내대책추진지원","지역 FTA 통상진흥센터 운영","2000000","2000000","962109","100.0","48.1"
"2026","민간이전","민간경상보조","산업통상부","일반회계"," ","산업·중소기업및에너지","무역및투자유치","통상협력지원","통상협정국내대책추진","통상협정국내대책추진지원","FTA해외활용지원센터 지원","1090000","1090000","722931","100.0","66.3"
"2026","민간이전","민간경상보조","산업통상부","일반회계"," ","산업·중소기업및에너지","무역및투자유치","통상협력지원","통상협정국내대책추진","통상협정국내대책추진지원","원산지관리시스템 종합컨설팅 지원","810000","486000","266931","60.0","54.9"
"2026","민간이전","민간경상보조","산업통상부","일반회계"," ","산업·중소기업및에너지","무역및투자유치","통상협력지원","통상협정국내대책추진","통상협정국내대책추진지원","전주기 FTA 통합관리시스템","100000","70000","35000","70.0","50.0"
"2026","민간이전","민간경상보조","산업통상부","일반회계"," ","산업·중소기업및에너지","무역및투자유치","통상협력지원","통상협정국내대책추진","통상협정국내대책추진지원","비관세장벽 컨설팅 운영","400000","280000","37559","70.0","13.4"
"2026","민간이전","민간경상보조","산업통상부","일반회계"," ","산업·중소기업및에너지","무역및투자유치","통상협력지원","통상협정국내대책추진","통상협정국내대책추진지원","차이나데스크 지원","580000","406000","138318","70.0","34.1"
"2026","민간이전","민간경상보조","산업통상부","일반회계"," ","산업·중소기업및에너지","무역및투자유치","통상협력지원","통상협정국내대책추진","통상협정국내대책추진지원","OK FTA 컨설팅 지원","1300000","910000","153535","70.0","16.9"
"2026","민간이전","민간경상보조","산업통상부","일반회계"," ","산업·중소기업및에너지","무역및투자유치","통상협력지원","통상협정국내대책추진","통상협정국내대책추진지원","찾아가는 FTA 컨설팅 지원","2742000","2742000","1204927","100.0","43.9"
"2026","민간이전","민간경상보조","산업통상부","일반회계"," ","산업·중소기업및에너지","무역및투자유치","통상협력지원","통상협정국내대책추진","통상협정국내대책추진지원","통상변화대응지원기업 지원","376000","376000","22705","100.0","6.0"
"2026","민간이전","민간경상보조","산업통상부","일반회계"," ","산업·중소기업및에너지","무역및투자유치","통상협력지원","통상분쟁대응","통상분쟁대응","중소기업 수입규제 대응지원 사업","2000000","1400000","194090","70.0","13.9"
"2026","민간이전","민간경상보조","산업통상부","일반회계"," ","산업·중소기업및에너지","무역및투자유치","통상협력지원","통상분쟁대응","통상분쟁대응","국제분쟁해결 지원기관 국내 인프라 확충","700000","0","0","0.0","0"
"2026","민간이전","민간경상보조","산업통상부","일반회계"," ","산업·중소기업및에너지","무역및투자유치","중견기업육성","유통물류기반조성","유통기업 해외진출 지원","유통기업 해외진출 지원","38000000","25800000","2201665","67.9","8.5"
"2026","민간이전","민간경상보조","산업통상부","일반회계"," ","산업·중소기업및에너지","무역및투자유치","중견기업육성","유통물류기반조성","유통기업 해외진출 지원","해외 역직구 활성화 지원","7200000","3030000","690522","42.1","22.8"
"2026","민간이전","민간경상보조","산업통상부","일반회계"," ","산업·중소기업및에너지","무역및투자유치","중견기업육성","유통물류기반조성","유통기업 해외진출 지원","사업운영비","4000000","3000000","1289207","75.0","43.0"
"2026","민간이전","민간경상보조","산업통상부","일반회계"," ","산업·중소기업및에너지","에너지및자원개발","에너지자원정책","전기안전관리(기금)","전기차충전시설통합관리시스템구축(정보화)","전기차충전시설통합관리시스템구축(정보화)","0","0","0","0","0"
"2026","민간이전","민간경상보조","산업통상부","일반회계"," ","산업·중소기업및에너지","산업·중소기업일반","산업통상자원부행정지원","국가기술표준원정책수립운영","국가기술표준원기관운영","공동 보육시설(어린이집) 운영비","70000","48125","32834","68.7","68.2"
"2026","민간이전","민간경상보조","산업통상부","일반회계"," ","산업·중소기업및에너지","산업·중소기업일반","산업통상자원부행정지원","소속기관기타행정지원","자유무역지역관리","자유무역지역 기업지원 사업","2850000","2000000","496723","70.2","24.8"
"2026","민간이전","민간경상보조","산업통상부","일반회계"," ","산업·중소기업및에너지","산업혁신지원","산업경쟁력기반구축","산업경쟁력분석","산업통계및동향분석기반사업","산업통계 콘텐츠 개발/확대","127000","88900","0","70.0","0.0"
"2026","민간이전","민간경상보조","산업통상부","일반회계"," ","산업·중소기업및에너지","산업혁신지원","산업경쟁력기반구축","산업경쟁력분석","산업통계및동향분석기반사업","산업통계포털 및 분석시스템 확충?강화","349000","244300","0","70.0","0.0"
"2026","민간이전","민간경상보조","산업통상부","일반회계"," ","산업·중소기업및에너지","산업혁신지원","산업경쟁력기반구축","산업경쟁력분석","산업통계및동향분석기반사업","미시산업통계(ISDB) 및 시스템 활용","120000","84000","0","70.0","0.0"
"2026","민간이전","민간경상보조","산업통상부","일반회계"," ","산업·중소기업및에너지","산업혁신지원","산업경쟁력기반구축","생산성향상지원","국가생산성혁신기반구축","국가생산성통계","0","0","0","0","0"
"2026","민간이전","민간경상보조","산업통상부","일반회계"," ","산업·중소기업및에너지","산업혁신지원","산업경쟁력기반구축","생산성향상지원","국가생산성혁신기반구축","APO국제협력","0","0","0","0","0"
"2026","민간이전","민간경상보조","산업통상부","일반회계"," ","산업·중소기업및에너지","산업혁신지원","산업경쟁력기반구축","생산성향상지원","국가생산성혁신기반구축","광융합산업혁신생태계기반구축","1968000","1968000","939545","100.0","47.7"
"2026","민간이전","민간경상보조","산업통상부","일반회계"," ","산업·중소기업및에너지","산업혁신지원","산업경쟁력기반구축","생산성향상지원","IoT가전 빅데이터 활용지원 사업(정보화)","IoT가전 빅데이터 활용지원 사업","1321000","1321000","602259","100.0","45.6"
"2026","민간이전","민간경상보조","산업통상부","일반회계"," ","산업·중소기업및에너지","산업혁신지원","산업경쟁력기반구축","인력양성(일반회계)","해외인재유치사업","육성형 해외전문기술인력 활용지원 ","2471000","1758967","765636","71.2","43.5"
"2026","민간이전","민간경상보조","산업통상부","일반회계"," ","산업·중소기업및에너지","산업혁신지원","산업경쟁력기반구축","인력양성(일반회계)","해외인재유치사업","첨단분야 우수인재 유치","977000","552140","523157","56.5","94.8"
"2026","민간이전","민간경상보조","산업통상부","일반회계"," ","산업·중소기업및에너지","산업혁신지원","산업경쟁력기반구축","대중소생산성혁신파트너십지원","지속가능경영확산사업","K-ESG 기반조성","263000","180000","138492","68.4","76.9"
"2026","민간이전","민간경상보조","산업통상부","일반회계"," ","산업·중소기업및에너지","산업혁신지원","산업경쟁력기반구축","대중소생산성혁신파트너십지원","지속가능경영확산사업","K-ESG 역량강화","341000","232100","104732","68.1","45.1"
"2026","민간이전","민간경상보조","산업통상부","일반회계"," ","산업·중소기업및에너지","산업혁신지원","산업경쟁력기반구축","대중소생산성혁신파트너십지원","지속가능경영확산사업","K-ESG 인센티브","67000","35000","7555","52.2","21.6"
"2026","민간이전","민간경상보조","산업통상부","일반회계"," ","산업·중소기업및에너지","산업혁신지원","산업경쟁력기반구축","대중소생산성혁신파트너십지원","지속가능경영확산사업","ESG 공급망 실사 대응력 향상","1325000","950000","661982","71.7","69.7"
"2026","민간이전","민간경상보조","산업통상부","일반회계"," ","산업·중소기업및에너지","산업혁신지원","산업경쟁력기반구축","산업기술기반구축","산업기술보안기반구축","산업기술보안기반구축","2040000","2040000","999606","100.0","49.0"
"2026","민간이전","민간경상보조","산업통상부","일반회계"," ","산업·중소기업및에너지","산업혁신지원","산업경쟁력기반구축","산업기술기반구축","전기차 배터리 통합관리체계 고도화 사업(정보화)","전기차 배터리 통합관리체계 고도화 사업(정보화)","0","0","0","0","0"
"2026","민간이전","민간경상보조","산업통상부","일반회계"," ","산업·중소기업및에너지","산업혁신지원","주력산업진흥","섬유패션생활용품산업육성","섬유패션산업활성화기반마련","섬유생산기업 정보시스템 구축","67000","45000","29425","67.2","65.4"
"2026","민간이전","민간경상보조","산업통상부","일반회계"," ","산업·중소기업및에너지","산업혁신지원","주력산업진흥","섬유패션생활용품산업육성","섬유패션산업활성화기반마련","기획평가관리비","200000","200000","82202","100.0","41.1"
"2026","민간이전","민간경상보조","산업통상부","일반회계"," ","산업·중소기업및에너지","산업혁신지원","주력산업진흥","섬유패션생활용품산업육성","섬유패션산업활성화기반마련","지속가능한 발전 추진","3315000","3315000","1272491","100.0","38.4"
"2026","민간이전","민간경상보조","산업통상부","일반회계"," ","산업·중소기업및에너지","산업혁신지원","주력산업진흥","섬유패션생활용품산업육성","섬유패션산업활성화기반마련","디지털 전환 촉진","8160000","7874659","2120336","96.5","26.9"
"2026","민간이전","민간경상보조","산업통상부","일반회계"," ","산업·중소기업및에너지","산업혁신지원","주력산업진흥","섬유패션생활용품산업육성","섬유패션산업활성화기반마련","글로벌 선도 지원","8460000","8460000","3893175","100.0","46.0"
"2026","민간이전","민간경상보조","산업통상부","일반회계"," ","산업·중소기업및에너지","산업혁신지원","주력산업진흥","섬유패션생활용품산업육성","섬유패션산업활성화기반마련","균형잡힌 스트림 경쟁력 확보","2845000","2845000","1366765","100.0","48.0"
"2026","민간이전","민간경상보조","산업통상부","일반회계"," ","산업·중소기업및에너지","산업혁신지원","주력산업진흥","방산수출 및 민·군협력 기반조성","방산물자교역지원센터운영","방산물자교역지원센터운영","1267000","1267000","637171","100.0","50.3"
"2026","민간이전","민간경상보조","산업통상부","일반회계"," ","산업·중소기업및에너지","산업혁신지원","주력산업진흥","뿌리산업육성지원","소부장공급망안정종합지원","수입선다변화 지원","9127000","4817000","66811","52.8","1.4"
"2026","민간이전","민간경상보조","산업통상부","일반회계"," ","산업·중소기업및에너지","산업혁신지원","주력산업진흥","뿌리산업육성지원","소부장공급망안정종합지원","글로벌 공급망 정보분석","436000","436000","244365","100.0","56.0"
"2026","민간이전","민간경상보조","산업통상부","일반회계"," ","산업·중소기업및에너지","산업혁신지원","주력산업진흥","뿌리산업육성지원","소부장공급망안정종합지원","공급망컨설팅 지원","300000","300000","20354","100.0","6.8"
"2026","민간이전","민간경상보조","산업통상부","일반회계"," ","산업·중소기업및에너지","산업혁신지원","주력산업진흥","뿌리산업육성지원","소부장공급망안정종합지원","고위험 경제안보품목 국내생산 촉진지원","29116000","29116000","0","100.0","0.0"
"2026","민간이전","민간경상보조","산업통상부","일반회계"," ","산업·중소기업및에너지","산업혁신지원","주력산업진흥","뿌리산업육성지원","소부장공급망안정종합지원","나프타 수급안정 지원","674366000","674366000","448349160","100.0","66.5"
"2026","민간이전","민간경상보조","산업통상부","일반회계"," ","산업·중소기업및에너지","산업혁신지원","신산업진흥","바이오산업육성","바이오산업개방형생태계조성촉진","바이오사업화지원","10994000","10994000","2764456","100.0","25.1"
"2026","민간이전","민간경상보조","산업통상부","일반회계"," ","산업·중소기업및에너지","산업혁신지원","신산업진흥","바이오산업육성","바이오산업개방형생태계조성촉진","바이오인력양성지원","3800000","3800000","1675080","100.0","44.1"
"2026","민간이전","민간경상보조","산업통상부","일반회계"," ","산업·중소기업및에너지","산업혁신지원","신산업진흥","산업융합및창의산업진흥","엔지니어링산업진흥","표준품셈 제개정","1802000","1241730","869795","68.9","70.0"
"2026","민간이전","민간경상보조","산업통상부","일반회계"," ","산업·중소기업및에너지","산업혁신지원","신산업진흥","산업융합및창의산업진흥","나노융합산업생태계조성촉진","나노융합기술인력양성","826000","826000","382563","100.0","46.3"
"2026","민간이전","민간경상보조","산업통상부","일반회계"," ","산업·중소기업및에너지","산업혁신지원","산업기술표준및제품안전관리","국가표준혁신및국제협력","개도국표준체계보급지원(ODA)","표준체계 전수협력","600000","420000","139569","70.0","33.2"
"2026","민간이전","민간경상보조","산업통상부","일반회계"," ","산업·중소기업및에너지","산업혁신지원","산업기술표준및제품안전관리","국가표준혁신및국제협력","개도국표준체계보급지원(ODA)","라오스 국가표준역량 강화를 위한 시험검사 인프라 구축 지원","300000","210000","106263","70.0","50.6"
"2026","민간이전","민간경상보조","산업통상부","일반회계"," ","산업·중소기업및에너지","산업혁신지원","산업기술표준및제품안전관리","국가표준혁신및국제협력","개도국표준체계보급지원(ODA)","인도네시아 미세먼지 대응제품 시험인증 기반구축 사업","620000","434000","91427","70.0","21.1"
"2026","민간이전","민간경상보조","산업통상부","일반회계"," ","산업·중소기업및에너지","산업혁신지원","산업기술표준및제품안전관리","국가표준혁신및국제협력","개도국표준체계보급지원(ODA)","베트남 K-건물일체형 태양광 실증단지 및 국제공인시험소 구축지원","500000","350000","73834","70.0","21.1"
"2026","민간이전","민간경상보조","산업통상부","일반회계"," ","산업·중소기업및에너지","산업혁신지원","산업기술표준및제품안전관리","국가표준혁신및국제협력","국제적합성평가기반구축","국제공인기관 인정업무 지원","300000","300000","134709","100.0","44.9"
"2026","민간이전","민간경상보조","산업통상부","일반회계"," ","산업·중소기업및에너지","산업혁신지원","산업기술표준및제품안전관리","국가표준혁신및국제협력","국가인증제도혁신기반구축","1381 인증표준정보센터 운영지원","902000","735000","487537","81.5","66.3"
"2026","민간이전","민간경상보조","산업통상부","일반회계"," ","산업·중소기업및에너지","산업혁신지원","산업기술표준및제품안전관리","국가표준혁신및국제협력","시험인증산업 경쟁력 및 신뢰성 제고","한제품 다수인증 원스톱처리 플랫폼 구축·운영","555000","300000","229932","54.1","76.6"
"2026","민간이전","민간경상보조","산업통상부","일반회계"," ","산업·중소기업및에너지","산업혁신지원","산업기술표준및제품안전관리","국가표준혁신및국제협력","해외인증지원체계기반구축","해외인증 종합지원체계 구축?운영","360000","252000","176765","70.0","70.1"
"2026","민간이전","민간경상보조","산업통상부","일반회계"," ","산업·중소기업및에너지","산업혁신지원","산업기술표준및제품안전관리","제품안전관리기반조성","제품시장감시역량강화","위해상품판매차단시스템 구축 및 확산","340000","238000","55764","70.0","23.4"
"2026","민간이전","민간경상보조","산업통상부","일반회계"," ","산업·중소기업및에너지","산업혁신지원","산업기술표준및제품안전관리","제품안전관리기반조성","제품시장감시역량강화","시중유통제품 안전성조사","330000","231000","161075","70.0","69.7"
"2026","민간이전","민간경상보조","산업통상부","일반회계"," ","산업·중소기업및에너지","산업혁신지원","산업기술표준및제품안전관리","제품안전관리기반조성","제품사고조사및수입제품안전관리","소비자 위해정보 수집,분석,보급","147000","102900","77747","70.0","75.6"
"2026","민간이전","민간경상보조","산업통상부","일반회계"," ","산업·중소기업및에너지","산업혁신지원","산업기술표준및제품안전관리","제품안전관리기반조성","제품사고조사및수입제품안전관리","통관단계 수입제품 안전관리","488000","341600","231136","70.0","67.7"
"2026","민간이전","민간경상보조","산업통상부","일반회계"," ","산업·중소기업및에너지","산업혁신지원","산업기술표준및제품안전관리","제품안전관리기반조성","어린이제품안전관리생태계조성","어린이제품 안전확보 역량 강화","358000","250600","225702","70.0","90.1"
"2026","민간이전","민간경상보조","산업통상부","일반회계"," ","산업·중소기업및에너지","산업혁신지원","산업기술표준및제품안전관리","제품안전관리기반조성","어린이제품안전관리생태계조성","어린이제품 안전교육 프로그램","278000","194600","64079","70.0","32.9"
"2026","민간이전","민간경상보조","산업통상부","일반회계"," ","산업·중소기업및에너지","산업혁신지원","산업기술표준및제품안전관리","제품안전관리기반조성","한국제품안전관리원지원","기관운영 지원","6386000","5108000","3248438","80.0","63.6"
"2026","민간이전","민간경상보조","산업통상부","일반회계"," ","산업·중소기업및에너지","산업혁신지원","산업기술표준및제품안전관리","제품안전관리기반조성","한국제품안전관리원지원","제품안전관리원 사업지원","1260000","882000","492315","70.0","55.8"
"2026","민간이전","민간경상보조","산업통상부","일반회계"," ","산업·중소기업및에너지","산업혁신지원","중견기업육성","중견기업역량강화","글로벌중견기업육성인프라구축","혁신형 중견기업 육성관리","1494000","1087000","314245","72.8","28.9"
"2026","민간이전","민간경상보조","산업통상부","일반회계"," ","산업·중소기업및에너지","산업혁신지원","중견기업육성","중견기업역량강화","글로벌중견기업육성인프라구축","중견기업 정책기반구축 및 인식개선","1319000","1279400","418401","97.0","32.7"
"2026","민간이전","민간경상보조","산업통상부","일반회계"," ","산업·중소기업및에너지","산업혁신지원","중견기업육성","유통물류기반조성(일반)","유통물류기반조성","Korea Sale FESTA","1452000","380000","13780","26.2","3.6"
"2026","민간이전","민간경상보조","산업통상부","일반회계"," ","산업·중소기업및에너지","산업혁신지원","중견기업육성","유통물류기반조성(일반)","유통물류기반조성","가맹사업 선진화 기반 구축","74000","44400","20400","60.0","45.9"
"2026","민간이전","민간경상보조","산업통상부","지역균형발전특별회계","지역지원계정","산업·중소기업및에너지","에너지및자원개발","에너지기술기반확충","기반구축","수소생산기지 구축 지원","탄소포집형 수소생산기지구축(지원계정)","0","0","0","0","0"
"2026","민간이전","민간경상보조","산업통상부","지역균형발전특별회계","지역지원계정","산업·중소기업및에너지","산업혁신지원","지역경제활성화","지역투자유치활성화","지역투자촉진","지역투자촉진사업 지원","1064000","904400","405632","85.0","44.9"
"2026","민간이전","민간경상보조","산업통상부","지역균형발전특별회계","지역지원계정","산업·중소기업및에너지","산업혁신지원","외국인투자유치활성화","외국인투자유치활성화","투자유치기반조성","국내복귀기업지원","1636000","1145200","618554","70.0","54.0"
"2026","민간이전","민간경상보조","성평등가족부","양성평등기금"," ","사회복지","성평등·청소년·가족","여성·아동인권보호","가정폭력·성폭력피해회복및재발방지사업","가정폭력·스토킹 방지 및 피해자 지원","가정폭력·성폭력 무료법률지원","2305000","1152500","1075184","50.0","93.3"
"2026","민간이전","민간경상보조","성평등가족부","양성평등기금"," ","사회복지","성평등·청소년·가족","가족정책 및 돌봄 지원","가족서비스지원","건강가정 및 다문화가족 지원","가족전용상담전화","5947000","5947000","3088361","100.0","51.9"
"2026","민간이전","민간경상보조","성평등가족부","일반회계"," ","사회복지","성평등·청소년·가족","성평등청소년가족정책일반","정보화추진(정보화)","성평등가족부 정보화추진(정보화)","민간 아이돌봄서비스제공기관 등록시스템 구축","1010000","707000","297524","70.0","42.1"
"2026","민간이전","민간경상보조","성평등가족부","일반회계"," ","사회복지","성평등·청소년·가족","성평등정책기반강화및여성경제활동지원","성평등문화확산 및 국내협력네트워크 강화","성평등문화확산","양성평등주간 기념행사","0","0","0","0","0"
"2026","민간이전","민간경상보조","성평등가족부","일반회계"," ","사회복지","성평등·청소년·가족","성평등정책기반강화및여성경제활동지원","성평등문화확산 및 국내협력네트워크 강화","성평등문화확산","청년세대 성별균형 문화확산","647000","452900","271528","70.0","60.0"
"2026","민간이전","민간경상보조","성평등가족부","일반회계"," ","사회복지","성평등·청소년·가족","성평등정책기반강화및여성경제활동지원","성평등문화확산 및 국내협력네트워크 강화","여성사전시관","여성사전시관 운영","1061000","796000","220924","75.0","27.8"
"2026","민간이전","민간경상보조","성평등가족부","일반회계"," ","사회복지","성평등·청소년·가족","청소년정책및역량강화","청소년정책 기반강화","청소년정책 추진기반 구축","청소년의 달 행사","465000","465000","287844","100.0","61.9"
"2026","민간이전","민간경상보조","성평등가족부","일반회계"," ","사회복지","성평등·청소년·가족","청소년정책및역량강화","청소년정책 기반강화","청소년정책 추진기반 구축","지역 컨설팅 및 모니터링 등 지원","121000","121000","51156","100.0","42.3"
"2026","민간이전","민간경상보조","성평등가족부","일반회계"," ","사회복지","성평등·청소년·가족","청소년정책및역량강화","청소년정책 기반강화","청소년정책 추진기반 구축","청소년 그룹활동 지원 총괄 운영지원비","100000","50000","25150","50.0","50.3"
"2026","민간이전","민간경상보조","성평등가족부","일반회계"," ","사회복지","성평등·청소년·가족","청소년정책및역량강화","청소년정책 기반강화","여성청소년 생리용품 지원","여성청소년 생리용품 지원(시스템)","325000","325000","189806","100.0","58.4"
"2026","민간이전","민간경상보조","성평등가족부","일반회계"," ","사회복지","성평등·청소년·가족","청소년정책및역량강화","청소년관련 산하기관 등 지원","한국청소년활동진흥원 운영지원","한국청소년활동진흥원 운영지원","37484000","30230363","22920027","80.6","75.8"
"2026","민간이전","민간경상보조","성평등가족부","일반회계"," ","사회복지","성평등·청소년·가족","가족정책 및 돌봄 지원","아이돌봄지원","아이돌봄지원","시스템 운영 지원(舊 바우처시스템 운영)","190000","136340","71584","71.8","52.5"
"2026","민간이전","민간경상보조","성평등가족부","지역균형발전특별회계","지역지원계정","사회복지","성평등·청소년·가족","청소년정책및역량강화","청소년참여 및 활동 지원","청소년방과후활동 지원","방과후아카데미 지원단 운영","373000","250000","129479","67.0","51.8"
"2026","민간이전","민간경상보조","성평등가족부","청소년육성기금"," ","사회복지","성평등·청소년·가족","청소년정책및역량강화","청소년참여 및 활동 지원","청소년방과후활동 지원","방과후아카데미 지원단 운영 ","0","0","0","0","0"
"2026","민간이전","민간경상보조","성평등가족부","청소년육성기금"," ","사회복지","성평등·청소년·가족","청소년정책및역량강화","청소년 사회안전망구축","청소년 사회안전망구축","청소년상담1388 운영 ","3117000","3117000","1524795","100.0","48.9"
"2026","민간이전","민간경상보조","성평등가족부","청소년육성기금"," ","사회복지","성평등·청소년·가족","청소년정책및역량강화","청소년 사회안전망구축","청소년 사회안전망구축","학교 밖 청소년 지원 중앙운영기관 운영","0","0","0","0","0"
"2026","민간이전","민간경상보조","성평등가족부","청소년육성기금"," ","사회복지","성평등·청소년·가족","청소년정책및역량강화","청소년 사회안전망구축","청소년 사회안전망구축","학교 밖 청소년 건강검진","762000","762000","0","100.0","0.0"
"2026","민간이전","민간경상보조","성평등가족부","청소년육성기금"," ","사회복지","성평등·청소년·가족","청소년정책및역량강화","청소년 사회안전망구축","청소년 사회안전망구축","청소년상담복지센터 평가 및 컨설팅","0","0","0","0","0"
"2026","민간이전","민간경상보조","성평등가족부","청소년육성기금"," ","사회복지","성평등·청소년·가족","청소년정책및역량강화","청소년 사회안전망구축","청소년복지시설 운영지원","청소년복지시설 내실화","0","0","0","0","0"
"2026","민간이전","민간경상보조","식품의약품안전처","일반회계"," ","보건","식품의약안전","식품안전성제고","식품 안전기반 구축","식품 사전관리 제도 운영","식품이력관리제도 운영 지원","326000","228200","128452","70.0","56.3"
"2026","민간이전","민간경상보조","식품의약품안전처","일반회계"," ","보건","식품의약안전","식생활영양 안전성 제고","건강한 식생활 환경조성","국민영양 안전관리","건강 위해가능 영양성분 관리 주관기관 운영","200000","140000","46095","70.0","32.9"
"2026","민간이전","민간경상보조","식품의약품안전처","일반회계"," ","보건","식품의약안전","식생활영양 안전성 제고","집단급식소 위생강화","급식안전 지원 및 관리 강화","식생활안전관리원 운영","2672000","2672000","1330041","100.0","49.8"
"2026","민간이전","민간경상보조","식품의약품안전처","일반회계"," ","보건","식품의약안전","의약품안전성제고","의약품 안전기반 구축","희귀ㆍ필수의약품센터 지원","희귀의약품센터 운영 지원","4220000","4220000","2169095","100.0","51.4"
"2026","민간이전","민간경상보조","식품의약품안전처","일반회계"," ","보건","식품의약안전","바이오생약 안전성 제고","바이오생약 안전기반 구축","천연물의약품 안전관리","천연물안전관리연구원 지원(경상보조)","1772100","500000","349466","28.2","69.9"
"2026","민간이전","민간경상보조","식품의약품안전처","일반회계"," ","보건","식품의약안전","바이오생약 안전성 제고","바이오생약 안전기반 구축","백신안전기술지원센터 지원","인건비","3105000","2328750","1547725","75.0","66.5"
"2026","민간이전","민간경상보조","식품의약품안전처","일반회계"," ","보건","식품의약안전","바이오생약 안전성 제고","바이오생약 안전기반 구축","백신안전기술지원센터 지원","백신 등 시험분석 및 제품화 지원","1121000","560500","223481","50.0","39.9"
"2026","민간이전","민간경상보조","식품의약품안전처","일반회계"," ","보건","식품의약안전","바이오생약 안전성 제고","바이오생약 안전기반 구축","백신안전기술지원센터 지원","기본운영비","1775000","1331250","839816","75.0","63.1"
"2026","민간이전","민간경상보조","식품의약품안전처","일반회계"," ","보건","식품의약안전","바이오생약 안전성 제고","바이오생약 안전기반 구축","백신안전기술지원센터 지원","백신 등 전문인력 양성 교육","880000","440000","204273","50.0","46.4"
"2026","민간이전","민간경상보조","식품의약품안전처","일반회계"," ","보건","식품의약안전","바이오생약 안전성 제고","바이오생약 안전기반 구축","백신안전기술지원센터 지원","국가 셀뱅크 운영","450000","225000","57650","50.0","25.6"
"2026","민간이전","민간경상보조","식품의약품안전처","일반회계"," ","보건","식품의약안전","바이오생약 안전성 제고","바이오생약 안전기반 구축","백신안전기술지원센터 지원","정보화 시스템 고도화","90000","90000","59720","100.0","66.4"
"2026","민간이전","민간경상보조","식품의약품안전처","일반회계"," ","보건","식품의약안전","식의약품행정지원","창의행정 활성화","AI응용제품 신속 상용화 지원사업(식품·의료기기 등)","AI응용제품 신속 상용화 지원사업(식품·의료기기 등)","15000000","10500000","1380741","70.0","13.1"
"2026","민간이전","민간경상보조","식품의약품안전처","일반회계"," ","보건","식품의약안전","식의약품행정지원","식의약품 안전지원","식품관리운영","식품안전의 날 행사","100000","70000","70000","70.0","100.0"
"2026","민간이전","민간경상보조","외교부","일반회계"," ","통일·외교","외교·통상","한반도 평화 조성","평화체제 구축지원","국제평화재단 및 제주포럼 지원","제주평화연구원 연구사업비 지원","91000","70000","49127","76.9","70.2"
"2026","민간이전","민간경상보조","외교부","일반회계"," ","통일·외교","외교·통상","역내국가와의 협력 강화 및 지역별 협력 네트워크 구축","유럽지역국가와의 교류협력강화","유럽지역국가와의 교류협력 강화","한러간 교류협력 사업","269000","188300","103560","70.0","55.0"
"2026","민간이전","민간경상보조","외교부","일반회계"," ","통일·외교","외교·통상","글로벌 네트워크 구축","아중동지역국가와의 교류협력강화","아중동지역국가와의 교류협력 강화","중동지역 국가와의 교류협력 강화","1090000","545000","86798","50.0","15.9"
"2026","민간이전","민간경상보조","외교부","일반회계"," ","통일·외교","외교·통상","다자관계 협력","국제기구 협력강화","글로벌 다자외교강화 및 유엔과의 파트너십 증진","아시아정당국제회의(ICAPP) 사무국 지원","1269000","888300","440058","70.0","49.5"
"2026","민간이전","민간경상보조","외교부","일반회계"," ","통일·외교","외교·통상","국제개발협력","개발협력 및 인도적 지원","인도적지원(ODA)","해외긴급구호","318756000","259067000","182089029","81.3","70.3"
"2026","민간이전","민간경상보조","우주항공청","일반회계"," ","과학기술","과학기술인력및문화","우주항공진흥","우주항공혁신인재양성","한국과학우주청소년단지원","한국과학우주청소년단","343000","240000","145869","70.0","60.8"
"2026","민간이전","민간경상보조","재외동포청","일반회계"," ","통일·외교","외교·통상","재외동포 지원","재외동포 보듬기","역사적 특수동포 지원","다문화 동포 지원","130000","130000","87976","100.0","67.7"
"2026","민간이전","민간경상보조","재외동포청","일반회계"," ","통일·외교","외교·통상","재외동포 지원","국내동포 정착지원","국내 정착 인프라 구축","국내동포 관련단체 지원","151000","62650","11990","41.5","19.1"
"2026","민간이전","민간경상보조","재정경제부","일반회계"," ","일반·지방행정","재정·금융","경제정책","소비자물가관리","소비자물가관리","소비자물가관리","754000","549794","267181","72.9","48.6"
"2026","민간이전","민간경상보조","재정경제부","일반회계"," ","일반·지방행정","재정·금융","국제금융","국제금융센터보조","국제금융센터보조","국제금융센터보조","2150000","1650000","1345294","76.7","81.5"
"2026","민간이전","민간경상보조","재정경제부","일반회계"," ","일반·지방행정","재정·금융","경제협력","경제협력강화지원","통상연계형경협사업","통상연계형경협사업","664000","464800","292398","70.0","62.9"
"2026","민간이전","민간경상보조","재정경제부","일반회계"," ","일반·지방행정","재정·금융","경제협력","경제협력강화지원","대외경제정보 통합 플랫폼 구축(정보화)","대외경제정보 통합 플랫폼 구축(정보화)","1315300","855000","657241","65.0","76.9"
"2026","민간이전","민간경상보조","조달청","조달특별회계","손익계정","일반·지방행정","일반행정","조달사업 운영","정부조달 국제협력체제 구축","정부조달 국제협력체제 구축","우리기업의 해외시장 진출 지원","1800000","16575","16575","0.9","100.0"
"2026","민간이전","민간경상보조","중소벤처기업부","소상공인시장진흥기금"," ","산업·중소기업및에너지","산업·중소기업일반","중소기업행정지원","기금운영비(소진기금)","소진기금 기본경비","소진기금 기본경비(경상)","9626000","6738200","4833316","70.0","71.7"
"2026","민간이전","민간경상보조","중소벤처기업부","소상공인시장진흥기금"," ","산업·중소기업및에너지","산업·중소기업일반","중소기업행정지원","기금운영비(소진기금)","소진기금 정보화 경비(정보화)","소진기금 정보화 경비(정보화)","8325000","8325000","4143229","100.0","49.8"
"2026","민간이전","민간경상보조","중소벤처기업부","소상공인시장진흥기금"," ","산업·중소기업및에너지","중소기업및소상공인육성","소상공인·전통시장지원","소상공인지원(기금)","기업가형 소상공인 육성","혁신소상공인도약지원","34122000","34122000","1673180","100.0","4.9"
"2026","민간이전","민간경상보조","중소벤처기업부","소상공인시장진흥기금"," ","산업·중소기업및에너지","중소기업및소상공인육성","소상공인·전통시장지원","소상공인지원(기금)","기업가형 소상공인 육성","혁신소상공인창업지원(민간경상보조)","66370000","51735000","1715299","77.9","3.3"
"2026","민간이전","민간경상보조","중소벤처기업부","소상공인시장진흥기금"," ","산업·중소기업및에너지","중소기업및소상공인육성","소상공인·전통시장지원","소상공인지원(기금)","기업가형 소상공인 육성","혁신소상공인투자연계지원","49000000","44000000","3359793","89.8","7.6"
"2026","민간이전","민간경상보조","중소벤처기업부","소상공인시장진흥기금"," ","산업·중소기업및에너지","중소기업및소상공인육성","소상공인·전통시장지원","소상공인지원(기금)","기업가형 소상공인 육성","혁신소상공인글로벌화지원","9520000","9520000","182192","100.0","1.9"
"2026","민간이전","민간경상보조","중소벤처기업부","소상공인시장진흥기금"," ","산업·중소기업및에너지","중소기업및소상공인육성","소상공인·전통시장지원","소상공인지원(기금)","기업가형 소상공인 육성","혁신소상공인AI활용지원","14360000","14360000","201393","100.0","1.4"
"2026","민간이전","민간경상보조","중소벤처기업부","소상공인시장진흥기금"," ","산업·중소기업및에너지","중소기업및소상공인육성","소상공인·전통시장지원","소상공인지원(기금)","기업가형 소상공인 육성","소상공인온오프라인교육","15000000","15000000","2571697","100.0","17.1"
"2026","민간이전","민간경상보조","중소벤처기업부","소상공인시장진흥기금"," ","산업·중소기업및에너지","중소기업및소상공인육성","소상공인·전통시장지원","소상공인지원(기금)","기업가형 소상공인 육성","백년소상공인육성","1472000","1472000","366718","100.0","24.9"
"2026","민간이전","민간경상보조","중소벤처기업부","소상공인시장진흥기금"," ","산업·중소기업및에너지","중소기업및소상공인육성","소상공인·전통시장지원","소상공인지원(기금)","소상공인성장지원","소상공인협업물류지원(소상공인 유통물류지원)","2400000","2400000","1139692","100.0","47.5"
"2026","민간이전","민간경상보조","중소벤처기업부","소상공인시장진흥기금"," ","산업·중소기업및에너지","중소기업및소상공인육성","소상공인·전통시장지원","소상공인지원(기금)","소상공인성장지원","소상공인협업물류지원(소상공인협업활성화(경상))","4825000","4825000","789420","100.0","16.4"
"2026","민간이전","민간경상보조","중소벤처기업부","소상공인시장진흥기금"," ","산업·중소기업및에너지","중소기업및소상공인육성","소상공인·전통시장지원","소상공인지원(기금)","소상공인성장지원","소상공인역량강화(재난지원금 사후관리)","333000","333000","199097","100.0","59.8"
"2026","민간이전","민간경상보조","중소벤처기업부","소상공인시장진흥기금"," ","산업·중소기업및에너지","중소기업및소상공인육성","소상공인·전통시장지원","소상공인지원(기금)","소상공인성장지원","소상공인역량강화(브랜드 소상공인 육성사업)","21000000","18900000","4643397","90.0","24.6"
"2026","민간이전","민간경상보조","중소벤처기업부","소상공인시장진흥기금"," ","산업·중소기업및에너지","중소기업및소상공인육성","소상공인·전통시장지원","소상공인지원(기금)","소상공인성장지원","소상공인경영안정바우처","579005000","579005000","550045897","100.0","95.0"
"2026","민간이전","민간경상보조","중소벤처기업부","소상공인시장진흥기금"," ","산업·중소기업및에너지","중소기업및소상공인육성","소상공인·전통시장지원","소상공인지원(기금)","소상공인성장지원","소상공인 소비데이터 분석 및 활용","1760000","1760000","1681873","100.0","95.6"
"2026","민간이전","민간경상보조","중소벤처기업부","소상공인시장진흥기금"," ","산업·중소기업및에너지","중소기업및소상공인육성","소상공인·전통시장지원","소상공인지원(기금)","소상공인성장지원","소상공인생활문화혁신지원","40000000","40000000","61654","100.0","0.2"
"2026","민간이전","민간경상보조","중소벤처기업부","소상공인시장진흥기금"," ","산업·중소기업및에너지","중소기업및소상공인육성","소상공인·전통시장지원","소상공인지원(기금)","소공인특화지원","지역소공인육성","13400000","13400000","3751427","100.0","28.0"
"2026","민간이전","민간경상보조","중소벤처기업부","소상공인시장진흥기금"," ","산업·중소기업및에너지","중소기업및소상공인육성","소상공인·전통시장지원","소상공인지원(기금)","소공인특화지원","클린제조환경조성","12600000","10080000","25343","80.0","0.3"
"2026","민간이전","민간경상보조","중소벤처기업부","소상공인시장진흥기금"," ","산업·중소기업및에너지","중소기업및소상공인육성","소상공인·전통시장지원","소상공인지원(기금)","소공인특화지원","판로개척지원","6694000","6694000","335574","100.0","5.0"
"2026","민간이전","민간경상보조","중소벤처기업부","소상공인시장진흥기금"," ","산업·중소기업및에너지","중소기업및소상공인육성","소상공인·전통시장지원","소상공인지원(기금)","소공인특화지원","소공인 스마트제조지원(민간경상)","25200000","20160000","483612","80.0","2.4"
"2026","민간이전","민간경상보조","중소벤처기업부","소상공인시장진흥기금"," ","산업·중소기업및에너지","중소기업및소상공인육성","소상공인·전통시장지원","소상공인지원(기금)","소상공인재기지원","희망리턴패키지 ","330150000","298680000","147918734","90.5","49.5"
"2026","민간이전","민간경상보조","중소벤처기업부","소상공인시장진흥기금"," ","산업·중소기업및에너지","중소기업및소상공인육성","소상공인·전통시장지원","소상공인지원(기금)","소상공인재기지원","소상공인 고용보험료 지원","15312000","10718400","6904492","70.0","64.4"
"2026","민간이전","민간경상보조","중소벤처기업부","소상공인시장진흥기금"," ","산업·중소기업및에너지","중소기업및소상공인육성","소상공인·전통시장지원","소상공인지원(기금)","소상공인재기지원","소상공인 손실보상 제도화","8800000","6520000","3287356","74.1","50.4"
"2026","민간이전","민간경상보조","중소벤처기업부","소상공인시장진흥기금"," ","산업·중소기업및에너지","중소기업및소상공인육성","소상공인·전통시장지원","소상공인지원(기금)","소상공인재기지원","회복지원애로상담","4569000","3198300","2635993","70.0","82.4"
"2026","민간이전","민간경상보조","중소벤처기업부","소상공인시장진흥기금"," ","산업·중소기업및에너지","중소기업및소상공인육성","소상공인·전통시장지원","소상공인지원(기금)","소상공인재기지원","코로나 피해 소상공인 분할상환 지원","12418000","12418000","8836436","100.0","71.2"
"2026","민간이전","민간경상보조","중소벤처기업부","소상공인시장진흥기금"," ","산업·중소기업및에너지","중소기업및소상공인육성","소상공인·전통시장지원","소상공인지원(기금)","소상공인재기지원","소상공인원스톱지원","5000000","3500000","83401","70.0","2.4"
"2026","민간이전","민간경상보조","중소벤처기업부","소상공인시장진흥기금"," ","산업·중소기업및에너지","중소기업및소상공인육성","소상공인·전통시장지원","소상공인지원(기금)","소상공인지원인프라","소상공인주간 활성화","691000","691000","72603","100.0","10.5"
"2026","민간이전","민간경상보조","중소벤처기업부","소상공인시장진흥기금"," ","산업·중소기업및에너지","중소기업및소상공인육성","소상공인·전통시장지원","소상공인지원(기금)","소상공인지원인프라","소상공인연합회지원","2560000","1700000","1199105","66.4","70.5"
"2026","민간이전","민간경상보조","중소벤처기업부","소상공인시장진흥기금"," ","산업·중소기업및에너지","중소기업및소상공인육성","소상공인·전통시장지원","소상공인지원(기금)","소상공인지원인프라","정책자금운영지원(경상)","6863000","6863000","2211785","100.0","32.2"
"2026","민간이전","민간경상보조","중소벤처기업부","소상공인시장진흥기금"," ","산업·중소기업및에너지","중소기업및소상공인육성","소상공인·전통시장지원","소상공인지원(기금)","소상공인지원인프라","소상공인상생협업화","1500000","1050000","200521","70.0","19.1"
"2026","민간이전","민간경상보조","중소벤처기업부","소상공인시장진흥기금"," ","산업·중소기업및에너지","중소기업및소상공인육성","소상공인·전통시장지원","소상공인지원(기금)","소상공인스마트화지원","소상공인 온라인 판로지원","76619000","62429000","15380792","81.5","24.6"
"2026","민간이전","민간경상보조","중소벤처기업부","소상공인시장진흥기금"," ","산업·중소기업및에너지","중소기업및소상공인육성","소상공인·전통시장지원","소상공인지원(기금)","소상공인스마트화지원","소상공인 스마트상점 기술보급","34882000","27905600","1961102","80.0","7.0"
"2026","민간이전","민간경상보조","중소벤처기업부","소상공인시장진흥기금"," ","산업·중소기업및에너지","중소기업및소상공인육성","소상공인·전통시장지원","소상공인지원(기금)","소상공인 빅데이터 플랫폼 구축(정보화)","소상공인빅데이터 플랫폼구축(정보화)(민간경상)","2110000","2110000","1453635","100.0","68.9"
"2026","민간이전","민간경상보조","중소벤처기업부","소상공인시장진흥기금"," ","산업·중소기업및에너지","중소기업및소상공인육성","소상공인·전통시장지원","전통시장활성화지원(기금)","시장상권경영혁신지원","온누리상품권 발행","457958000","369400000","235722965","80.7","63.8"
"2026","민간이전","민간경상보조","중소벤처기업부","소상공인시장진흥기금"," ","산업·중소기업및에너지","중소기업및소상공인육성","소상공인·전통시장지원","전통시장활성화지원(기금)","시장상권경영혁신지원","전통시장육성","31450000","22029450","9587619","70.0","43.5"
"2026","민간이전","민간경상보조","중소벤처기업부","소상공인시장진흥기금"," ","산업·중소기업및에너지","중소기업및소상공인육성","소상공인·전통시장지원","전통시장활성화지원(기금)","시장상권경영혁신지원","시장상권인프라 조성","33994000","28736800","7476521","84.5","26.0"
"2026","민간이전","민간경상보조","중소벤처기업부","소상공인시장진흥기금"," ","산업·중소기업및에너지","중소기업및소상공인육성","소상공인·전통시장지원","전통시장활성화지원(기금)","시장상권경영혁신지원","지역상권육성","27800000","22240000","389364","80.0","1.8"
"2026","민간이전","민간경상보조","중소벤처기업부","일반회계"," ","산업·중소기업및에너지","무역및투자유치","중소기업수출촉진지원","중소기업수출역량강화","수출지원기반활용","수출바우처","250051000","245996851","837784","98.4","0.3"
"2026","민간이전","민간경상보조","중소벤처기업부","일반회계"," ","산업·중소기업및에너지","무역및투자유치","중소기업수출촉진지원","중소기업해외시장개척지원","중소기업해외시장진출","전자상거래수출시장진출","18278000","14178000","4519845","77.6","31.9"
"2026","민간이전","민간경상보조","중소벤처기업부","일반회계"," ","산업·중소기업및에너지","무역및투자유치","중소기업수출촉진지원","중소기업해외시장개척지원","국제 중소기업 협력ODA(ODA)","인도네시아 산업전환을 위한 스마트팩토리화 도입 및 전문인력 양성사업","2021000","1732000","1287651","85.7","74.3"
"2026","민간이전","민간경상보조","중소벤처기업부","일반회계"," ","산업·중소기업및에너지","무역및투자유치","중소기업수출촉진지원","중소기업해외시장개척지원","국제 중소기업 협력ODA(ODA)","콜롬비아 청년창업사관학교 설립·운영","67000","39500","8858","59.0","22.4"
"2026","민간이전","민간경상보조","중소벤처기업부","일반회계"," ","산업·중소기업및에너지","무역및투자유치","중소기업수출촉진지원","중소기업해외시장개척지원","국제 중소기업 협력ODA(ODA)","콜롬비아 디지털 역량강화를 위한 테크노파크 조성 및 전문인력 양성 지원","403000","300000","171627","74.4","57.2"
"2026","민간이전","민간경상보조","중소벤처기업부","일반회계"," ","산업·중소기업및에너지","무역및투자유치","중소기업수출촉진지원","중소기업해외시장개척지원","국제 중소기업 협력ODA(ODA)","인도네시아 스마트시티용 친환경 전기버스 충전인프라 플랫폼 구축","3079000","2418500","1034638","78.5","42.8"
"2026","민간이전","민간경상보조","중소벤처기업부","일반회계"," ","산업·중소기업및에너지","무역및투자유치","중소기업수출촉진지원","중소기업해외시장개척지원","국제 중소기업 협력ODA(ODA)","베트남 스마트공장 실증데모센터 구축 및 제조혁신 전문인력 양성","600000","520000","0","86.7","0.0"
"2026","민간이전","민간경상보조","중소벤처기업부","일반회계"," ","산업·중소기업및에너지","무역및투자유치","중소기업수출촉진지원","중소기업해외시장개척지원","국제 중소기업 협력ODA(ODA)","몽골 울란바타르 스타트업 타운조성 및 액셀러레이팅","707000","500000","76173","70.7","15.2"
"2026","민간이전","민간경상보조","중소벤처기업부","일반회계"," ","산업·중소기업및에너지","창업및벤처","창업환경조성","창업활성화지원","창업저변확대","혁신창업가 양성","6707000","5974444","2180642","89.1","36.5"
"2026","민간이전","민간경상보조","중소벤처기업부","일반회계"," ","산업·중소기업및에너지","창업및벤처","창업환경조성","창업활성화지원","창업저변확대","도전K스타트업","2415000","2195000","374366","90.9","17.1"
"2026","민간이전","민간경상보조","중소벤처기업부","일반회계"," ","산업·중소기업및에너지","창업및벤처","창업환경조성","창업활성화지원","창업저변확대","글로벌스타트업페스티벌","4500000","4053000","2146880","90.1","53.0"
"2026","민간이전","민간경상보조","중소벤처기업부","일반회계"," ","산업·중소기업및에너지","창업및벤처","창업환경조성","창업활성화지원","창업저변확대","창업관리시스템 등","4896000","4505000","1831651","92.0","40.7"
"2026","민간이전","민간경상보조","중소벤처기업부","일반회계"," ","산업·중소기업및에너지","창업및벤처","창업환경조성","창업활성화지원","창업저변확대","공공구매 및 규제해소 지원","344000","328000","199343","95.3","60.8"
"2026","민간이전","민간경상보조","중소벤처기업부","일반회계"," ","산업·중소기업및에너지","창업및벤처","창업환경조성","창업활성화지원","창업사업화지원","초격차 스타트업 1000+ 프로젝트","145622000","123066000","112126641","84.5","91.1"
"2026","민간이전","민간경상보조","중소벤처기업부","일반회계"," ","산업·중소기업및에너지","창업및벤처","창업환경조성","창업활성화지원","민관협력창업자육성","글로벌기업협업프로그램","80000000","62000000","52718983","77.5","85.0"
"2026","민간이전","민간경상보조","중소벤처기업부","일반회계"," ","산업·중소기업및에너지","창업및벤처","창업환경조성","중소기업재기지원","중소기업 재기지원","재도전성공패키지","24966000","22223500","20449903","89.0","92.0"
"2026","민간이전","민간경상보조","중소벤처기업부","일반회계"," ","산업·중소기업및에너지","창업및벤처","창업환경조성","창업생태계기반조성","창업생태계활성화지원","제조창업활성화(메이커스페이스 운영)","15442300","13195500","12662366","85.5","96.0"
"2026","민간이전","민간경상보조","중소벤처기업부","일반회계"," ","산업·중소기업및에너지","창업및벤처","창업환경조성","창업생태계기반조성","창업생태계활성화지원","지역창업특화지원","5916000","5834000","3472985","98.6","59.5"
"2026","민간이전","민간경상보조","중소벤처기업부","일반회계"," ","산업·중소기업및에너지","창업및벤처","창업환경조성","창업생태계기반조성","창업생태계활성화지원","창조경제혁신센터 지원(창조경제혁신센터(경상))","0","0","0","0","0"
"2026","민간이전","민간경상보조","중소벤처기업부","일반회계"," ","산업·중소기업및에너지","창업및벤처","창업환경조성","창업생태계기반조성","창업생태계활성화지원","창조경제혁신센터 지원(창업존)","0","0","0","0","0"
"2026","민간이전","민간경상보조","중소벤처기업부","일반회계"," ","산업·중소기업및에너지","창업및벤처","창업환경조성","창업생태계기반조성","창업생태계활성화지원","스타트업파크(민간경상)","20000","16000","9337","80.0","58.4"
"2026","민간이전","민간경상보조","중소벤처기업부","일반회계"," ","산업·중소기업및에너지","창업및벤처","창업환경조성","창업생태계기반조성","창업생태계활성화지원","제조창업활성화(제조창업 공유공장 구축)(경상)","20000","19000","15633","95.0","82.3"
"2026","민간이전","민간경상보조","중소벤처기업부","일반회계"," ","산업·중소기업및에너지","창업및벤처","창업환경조성","창업생태계기반조성","창업생태계활성화지원","제품화 All-In-One 팩","6000000","3900225","569168","65.0","14.6"
"2026","민간이전","민간경상보조","중소벤처기업부","일반회계"," ","산업·중소기업및에너지","창업및벤처","창업환경조성","창업생태계기반조성","그린창업생태계기반구축","그린스타트업타운 조성(경상자본)","200000","150000","40085","75.0","26.7"
"2026","민간이전","민간경상보조","중소벤처기업부","일반회계"," ","산업·중소기업및에너지","창업및벤처","벤처기업활성화지원","벤처성장인프라지원","벤처기업경쟁력강화","벤처기업일자리지원","1970000","1970000","696091","100.0","35.3"
"2026","민간이전","민간경상보조","중소벤처기업부","일반회계"," ","산업·중소기업및에너지","창업및벤처","벤처기업활성화지원","벤처성장인프라지원","벤처기업경쟁력강화","벤처기업인프라지원","1600000","1600000","682050","100.0","42.6"
"2026","민간이전","민간경상보조","중소벤처기업부","일반회계"," ","산업·중소기업및에너지","창업및벤처","벤처기업활성화지원","벤처성장인프라지원","벤처기업경쟁력강화","여성벤처활성화지원","1350000","1350000","697549","100.0","51.7"
"2026","민간이전","민간경상보조","중소벤처기업부","일반회계"," ","산업·중소기업및에너지","중소기업및소상공인육성","중소기업기술개발지원","중소기업경쟁력강화","ICT융합스마트공장보급확산","제조혁신 인프라조성","8620000","8620000","373688","100.0","4.3"
"2026","민간이전","민간경상보조","중소벤처기업부","일반회계"," ","산업·중소기업및에너지","중소기업및소상공인육성","중소기업기술개발지원","중소기업경쟁력강화","ICT융합스마트공장보급확산","제조혁신 구축","2000000","2000000","627561","100.0","31.4"
"2026","민간이전","민간경상보조","중소벤처기업부","일반회계"," ","산업·중소기업및에너지","중소기업및소상공인육성","중소기업기술개발지원","기술개발인프라구축","기술혁신기반조성","지역중소기업 밸류체인 컨버전스지원","2936000","2468500","984141","84.1","39.9"
"2026","민간이전","민간경상보조","중소벤처기업부","일반회계"," ","산업·중소기업및에너지","중소기업및소상공인육성","중소기업기술개발지원","기술개발인프라구축","기술혁신기반조성","중소기업 기술탈취 근절","7838000","7838000","3288742","100.0","42.0"
"2026","민간이전","민간경상보조","중소벤처기업부","일반회계"," ","산업·중소기업및에너지","중소기업및소상공인육성","중소기업기술개발지원","기술개발인프라구축","기술혁신기반조성","혁신형기업경쟁력강화","1407000","1407000","580067","100.0","41.2"
"2026","민간이전","민간경상보조","중소벤처기업부","일반회계"," ","산업·중소기업및에너지","중소기업및소상공인육성","중소기업기술개발지원","기술개발인프라구축","기술혁신기반조성","기술사업화패키지","30250000","30250000","189568","100.0","0.6"
"2026","민간이전","민간경상보조","중소벤처기업부","일반회계"," ","산업·중소기업및에너지","중소기업및소상공인육성","지역중소기업육성","특구제도운영","지역특구제도 운영","글로벌혁신특구육성","16611000","14949900","119033","90.0","0.8"
"2026","민간이전","민간경상보조","중소벤처기업부","일반회계"," ","산업·중소기업및에너지","중소기업및소상공인육성","동반성장지원","대중소기업간협력","대중소기업동반성장생태계구축","상생거래 환경조성","3945000","2861500","1301711","72.5","45.5"
"2026","민간이전","민간경상보조","중소벤처기업부","일반회계"," ","산업·중소기업및에너지","중소기업및소상공인육성","동반성장지원","대중소기업간협력","대중소기업동반성장생태계구축","중소기업사업영역 보호","3135850","2121253","1096447","67.6","51.7"
"2026","민간이전","민간경상보조","중소벤처기업부","일반회계"," ","산업·중소기업및에너지","중소기업및소상공인육성","동반성장지원","대중소기업간협력","대중소기업동반성장생태계구축","동반성장 문화조성","9350000","7959600","4055140","85.1","50.9"
"2026","민간이전","민간경상보조","중소벤처기업부","일반회계"," ","산업·중소기업및에너지","중소기업및소상공인육성","동반성장지원","취약계층중소기업지원","여성기업육성","여성 창업지원(경상)","4286000","3708505","1965936","86.5","53.0"
"2026","민간이전","민간경상보조","중소벤처기업부","일반회계"," ","산업·중소기업및에너지","중소기업및소상공인육성","동반성장지원","취약계층중소기업지원","여성기업육성","여성기업 판로지원","2572000","2063000","1539116","80.2","74.6"
"2026","민간이전","민간경상보조","중소벤처기업부","일반회계"," ","산업·중소기업및에너지","중소기업및소상공인육성","동반성장지원","취약계층중소기업지원","여성기업육성","여성기업 인력지원","2355000","2076850","929483","88.2","44.8"
"2026","민간이전","민간경상보조","중소벤처기업부","일반회계"," ","산업·중소기업및에너지","중소기업및소상공인육성","동반성장지원","취약계층중소기업지원","여성기업육성","조사연구 등","494000","494000","247272","100.0","50.1"
"2026","민간이전","민간경상보조","중소벤처기업부","일반회계"," ","산업·중소기업및에너지","중소기업및소상공인육성","동반성장지원","취약계층중소기업지원","여성기업육성","펨테크산업 육성","1780000","1698500","79969","95.4","4.7"
"2026","민간이전","민간경상보조","중소벤처기업부","일반회계"," ","산업·중소기업및에너지","중소기업및소상공인육성","동반성장지원","취약계층중소기업지원","장애인기업육성","장애인기업종합지원센터운영","4462000","3785000","2343744","84.8","61.9"
"2026","민간이전","민간경상보조","중소벤처기업부","일반회계"," ","산업·중소기업및에너지","중소기업및소상공인육성","동반성장지원","취약계층중소기업지원","장애인기업육성","장애인기업 성장기반구축","5725000","3990146","1795758","69.7","45.0"
"2026","민간이전","민간경상보조","중소벤처기업부","일반회계"," ","산업·중소기업및에너지","중소기업및소상공인육성","동반성장지원","취약계층중소기업지원","장애인기업육성","장애인 창업육성","3019000","3019000","1541166","100.0","51.0"
"2026","민간이전","민간경상보조","중소벤처기업부","일반회계"," ","산업·중소기업및에너지","중소기업및소상공인육성","중소기업육성지원","중소기업판로및컨설팅지원","중소기업 혁신바우처 지원사업","중소기업 혁신바우처 지원사업","65034000","52093000","51246640","80.1","98.4"
"2026","민간이전","민간경상보조","중소벤처기업부","일반회계"," ","산업·중소기업및에너지","중소기업및소상공인육성","중소기업육성지원","중소기업판로및컨설팅지원","마케팅지원사업","판로진출지원","20771665","20696007","6130904","99.6","29.6"
"2026","민간이전","민간경상보조","중소벤처기업부","일반회계"," ","산업·중소기업및에너지","중소기업및소상공인육성","중소기업육성지원","중소기업판로및컨설팅지원","마케팅지원사업","대한민국 동행축제","7643000","7643000","3351902","100.0","43.9"
"2026","민간이전","민간경상보조","중소벤처기업부","일반회계"," ","산업·중소기업및에너지","중소기업및소상공인육성","중소기업육성지원","중소기업판로및컨설팅지원","마케팅지원사업","K-뷰티 클러스터","3000000","2900000","104981","96.7","3.6"
"2026","민간이전","민간경상보조","중소벤처기업부","일반회계"," ","산업·중소기업및에너지","중소기업및소상공인육성","중소기업육성지원","중소기업판로및컨설팅지원","공공구매제도운영","공공기관 문제해결 매칭지원","900000","885000","138314","98.3","15.6"
"2026","민간이전","민간경상보조","중소벤처기업부","일반회계"," ","산업·중소기업및에너지","중소기업및소상공인육성","중소기업육성지원","중소기업간협력","중소기업협동조합육성","중소기업중앙회 보조","11971000","9740200","7058862","81.4","72.5"
"2026","민간이전","민간경상보조","중소벤처기업부","일반회계"," ","산업·중소기업및에너지","중소기업및소상공인육성","중소기업육성지원","중소기업간협력","중소기업협동조합육성","중소기업협동조합 활성화 지원 ","4833000","3978200","2339274","82.3","58.8"
"2026","민간이전","민간경상보조","중소벤처기업부","일반회계"," ","산업·중소기업및에너지","중소기업및소상공인육성","중소기업육성지원","중소기업간협력","중소기업협동조합육성","가업승계","704000","596818","209864","84.8","35.2"
"2026","민간이전","민간경상보조","중소벤처기업부","일반회계"," ","산업·중소기업및에너지","중소기업및소상공인육성","중소기업육성지원","중소기업조사평가","중소기업규제영향평가 및 옴부즈만운영","중소기업 규제영향평가","709000","709000","411917","100.0","58.1"
"2026","민간이전","민간경상보조","중소벤처기업부","일반회계"," ","산업·중소기업및에너지","중소기업및소상공인육성","중소기업육성지원","중소기업조사평가","중소기업조사연구평가","중소벤처기업연구원 운영","7924000","7132000","4069488","90.0","57.1"
"2026","민간이전","민간경상보조","중소벤처기업부","일반회계"," ","산업·중소기업및에너지","중소기업및소상공인육성","중소기업육성지원","중소기업조사평가","중소기업조사연구평가","중소기업지원사업분석","4129000","3305075","1975966","80.0","59.8"
"2026","민간이전","민간경상보조","중소벤처기업부","일반회계"," ","산업·중소기업및에너지","중소기업및소상공인육성","중소기업인력지원","중소기업인력양성및취업촉진","산학협력인력양성","중소기업 인력양성 대학","22482000","17272700","5239394","76.8","30.3"
"2026","민간이전","민간경상보조","중소벤처기업부","일반회계"," ","산업·중소기업및에너지","중소기업및소상공인육성","중소기업인력지원","중소기업인력양성및취업촉진","산학협력인력양성","중소기업특성화고인력양성","27310000","27310000","7574681","100.0","27.7"
"2026","민간이전","민간경상보조","중소벤처기업부","일반회계"," ","산업·중소기업및에너지","중소기업및소상공인육성","중소기업인력지원","중소기업인력양성및취업촉진","산학협력인력양성","중소기업 외국전문인력 활용 지원","2301000","2300000","645261","100.0","28.1"
"2026","민간이전","민간경상보조","중소벤처기업부","일반회계"," ","산업·중소기업및에너지","중소기업및소상공인육성","중소기업인력지원","중소기업인력양성및취업촉진","인력유입인프라조성","중소기업 핵심인력 성과보상기금","8686000","6430270","4270434","74.0","66.4"
"2026","민간이전","민간경상보조","중소벤처기업부","일반회계"," ","산업·중소기업및에너지","중소기업및소상공인육성","중소기업인력지원","중소기업인력양성및취업촉진","인력유입인프라조성","중소기업 인식개선 및 성과공유확산","1354000","1015000","281176","75.0","27.7"
"2026","민간이전","민간경상보조","중소벤처기업부","중소벤처기업창업및진흥기금"," ","산업·중소기업및에너지","창업및벤처","창업환경조성","재도약지원(기금)","재도약촉진","사업전환촉진","50000000","50000000","14856766","100.0","29.7"
"2026","민간이전","민간경상보조","중소벤처기업부","중소벤처기업창업및진흥기금"," ","산업·중소기업및에너지","중소기업및소상공인육성","중소기업인력지원","기업인력애로센터 운영(기금)","기업인력애로센터 활용 취업 지원","기업인력애로센터 활용 취업 지원","3000000","2800000","1126657","93.3","40.2"
"2026","민간이전","민간경상보조","중소벤처기업부","지역균형발전특별회계","세종특별자치시계정","산업·중소기업및에너지","창업및벤처","창업환경조성","창업인프라지원(지특)","창업인프라지원(세종)","창업보육센터 지원(세종)","50000","50000","35000","100.0","70.0"
"2026","민간이전","민간경상보조","중소벤처기업부","지역균형발전특별회계","제주특별자치도계정","산업·중소기업및에너지","창업및벤처","창업환경조성","창업인프라지원(지특)","창업인프라지원(제주)","창업보육센터 지원(제주)","100000","100000","70000","100.0","70.0"
"2026","민간이전","민간경상보조","중소벤처기업부","지역균형발전특별회계","지역지원계정","산업·중소기업및에너지","창업및벤처","창업환경조성","창업인프라지원(지특)","창업인프라지원","창업보육센터 지원(민간경상)","7079000","6411106","5238358","90.6","81.7"
"2026","민간이전","민간경상보조","중소벤처기업부","지역균형발전특별회계","지역지원계정","산업·중소기업및에너지","중소기업및소상공인육성","지역중소기업육성","지역산업경쟁력강화","중소기업 밀집지역 위기대응 기반구축","중소기업 밀집지역 위기대응 체계구축","3315000","3083500","950797","93.0","30.8"
"2026","민간이전","민간경상보조","중소벤처기업부","지역균형발전특별회계","지역지원계정","산업·중소기업및에너지","중소기업및소상공인육성","지역중소기업육성","규제자유특구제도","규제자유특구혁신사업육성","특구 활성화 및 육성기반 조성","5972000","5958220","533131","99.8","8.9"
"2026","민간이전","민간경상보조","중소벤처기업부","지역균형발전특별회계","지역지원계정","산업·중소기업및에너지","중소기업및소상공인육성","지역중소기업육성","규제자유특구제도","규제자유특구혁신사업육성","규제자유특구혁신사업육성(과제발굴 등)","2520000","2520000","165545","100.0","6.6"
"2026","민간이전","민간경상보조","중앙선거관리위원회","일반회계"," ","일반·지방행정","입법및선거관리","선거의공정한관리","정당발전지원","정당보조금","정당보조금","116987000","83741262","83741262","71.6","100.0"
"2026","민간이전","민간경상보조","중앙선거관리위원회","일반회계"," ","일반·지방행정","입법및선거관리","선거관리행정지원","기관운영지원","국제교류협력","A-WEB 운영지원","710000","601000","346951","84.6","57.7"
"2026","민간이전","민간경상보조","지식재산처","고등·평생교육지원특별회계"," ","산업·중소기업및에너지","지식재산일반","지식재산 창출기반 강화","대학 지식재산 교육","지식재산 전문인력 양성 중점대학","지식재산 전문인력 양성 중점대학","7220000","5956500","2789640","82.5","46.8"
"2026","민간이전","민간경상보조","지식재산처","일반회계"," ","산업·중소기업및에너지","지식재산일반","지식재산 창출기반 강화","지식재산창출 기반조성","지식재산 창출지원","중소기업 IP 창출지원","19682000","16354000","4675000","83.1","28.6"
"2026","민간이전","민간경상보조","지식재산처","일반회계"," ","산업·중소기업및에너지","지식재산일반","지식재산 창출기반 강화","지식재산창출 기반조성","지식재산 창출지원","소상공인 IP 창출지원","4491000","3732500","1196623","83.1","32.1"
"2026","민간이전","민간경상보조","지식재산처","일반회계"," ","산업·중소기업및에너지","지식재산일반","지식재산 창출기반 강화","지식재산창출 기반조성","지식재산연구 활성화","한국지식재산연구원 운영지원","4385000","4385000","2534391","100.0","57.8"
"2026","민간이전","민간경상보조","지식재산처","일반회계"," ","산업·중소기업및에너지","지식재산일반","지식재산 창출기반 강화","지식재산창출 기반조성","IP활용 창업·성장 지원","IP 디딤돌 프로그램","2024000","1764000","638599","87.2","36.2"
"2026","민간이전","민간경상보조","지식재산처","일반회계"," ","산업·중소기업및에너지","지식재산일반","지식재산 창출기반 강화","지식재산창출 기반조성","IP활용 창업·성장 지원","IP 나래 프로그램","6150000","5360300","1338128","87.2","25.0"
"2026","민간이전","민간경상보조","지식재산처","일반회계"," ","산업·중소기업및에너지","지식재산일반","지식재산 창출기반 강화","지식재산 인력양성","발명교육 활성화(초중고)","발명교육활성화(발명교육 인프라 구축, 발명영재교육 강화, 발명창의력대회)","11015000","9801000","2746000","89.0","28.0"
"2026","민간이전","민간경상보조","지식재산처","일반회계"," ","산업·중소기업및에너지","지식재산일반","지식재산 금융 및 거래시장 활성화","지식재산 활용촉진","지식재산 활용(사업화, 거래, 평가) 지원","지식재산사업화 지원","4494000","4494000","981377","100.0","21.8"
"2026","민간이전","민간경상보조","지식재산처","일반회계"," ","산업·중소기업및에너지","지식재산일반","지식재산 금융 및 거래시장 활성화","지식재산 활용촉진","지식재산 활용(사업화, 거래, 평가) 지원","지식재산 거래 지원사업","4640000","3480000","2362251","75.0","67.9"
"2026","민간이전","민간경상보조","지식재산처","일반회계"," ","산업·중소기업및에너지","지식재산일반","지식재산 금융 및 거래시장 활성화","지식재산 활용촉진","지식재산 활용(사업화, 거래, 평가) 지원","지식재산 평가 지원사업","12690000","10954941","1768678","86.3","16.1"
"2026","민간이전","민간경상보조","지식재산처","일반회계"," ","산업·중소기업및에너지","지식재산일반","지식재산 보호 기반 강화","지식재산권 보호 기반조성","수출기업 지식재산 역량 강화","해외지식재산센터 운영","4960000","2976000","2640","60.0","0.1"
"2026","민간이전","민간경상보조","지식재산처","특허청","손익계정","산업·중소기업및에너지","지식재산일반","지식재산 창출기반 강화","지식재산창출 기반조성","지식재산 창출지원","중소기업 IP 창출지원","0","0","0","0","0"
"2026","민간이전","민간경상보조","지식재산처","특허청","손익계정","산업·중소기업및에너지","지식재산일반","지식재산 창출기반 강화","지식재산창출 기반조성","지식재산 창출지원","소상공인 IP 창출지원","0","0","0","0","0"
"2026","민간이전","민간경상보조","지식재산처","특허청","손익계정","산업·중소기업및에너지","지식재산일반","지식재산 창출기반 강화","지식재산창출 기반조성","IP활용 창업·성장 지원","IP 디딤돌 프로그램","0","0","0","0","0"
"2026","민간이전","민간경상보조","지식재산처","특허청","손익계정","산업·중소기업및에너지","지식재산일반","지식재산 창출기반 강화","지식재산창출 기반조성","IP활용 창업·성장 지원","IP 나래 프로그램","0","0","0","0","0"
"2026","민간이전","민간경상보조","지식재산처","특허청","손익계정","산업·중소기업및에너지","지식재산일반","지식재산 창출기반 강화","지식재산 인력양성","발명교육 활성화(초중고)","발명교육활성화(발명교육 인프라 구축, 발명영재교육 강화, 발명창의력대회)","0","0","0","0","0"
"2026","민간이전","민간경상보조","지식재산처","특허청","손익계정","산업·중소기업및에너지","지식재산일반","지식재산 금융 및 거래시장 활성화","지식재산 활용촉진","지식재산 활용(사업화, 거래, 평가) 지원","지식재산 평가 지원사업","0","0","0","0","0"
"2026","민간이전","민간경상보조","지식재산처","특허청","손익계정","산업·중소기업및에너지","지식재산일반","지식재산 금융 및 거래시장 활성화","지식재산 활용촉진","지식재산 활용(사업화, 거래, 평가) 지원","지식재산 거래 지원사업","0","0","0","0","0"
"2026","민간이전","민간경상보조","지식재산처","특허청","손익계정","산업·중소기업및에너지","지식재산일반","지식재산 금융 및 거래시장 활성화","지식재산 활용촉진","지식재산 활용(사업화, 거래, 평가) 지원","지식재산사업화 지원","0","0","0","0","0"
"2026","민간이전","민간경상보조","질병관리청","일반회계"," ","보건","보건의료","감염병정책관리","한센병관리","한센병환자관리지원","한센병환자관리지원 민간단체 지원","5100000","5100000","2714503","100.0","53.2"
"2026","민간이전","민간경상보조","질병관리청","일반회계"," ","보건","보건의료","감염병위기대응","위기대응관리","신종감염병 위기상황 종합관리","신종감염병 대비 의료대응체계 구축","479000","335300","165616","70.0","49.4"
"2026","민간이전","민간경상보조","질병관리청","일반회계"," ","보건","보건의료","감염병위기대응","위기대응관리","신종감염병 위기상황 종합관리","범부처 신종/재출현 감염병 대응훈련","0","0","0","0","0"
"2026","민간이전","민간경상보조","질병관리청","일반회계"," ","보건","보건의료","만성질환관리","건강위해대응관리","손상예방관리","중앙손상관리센터 설치 및 운영","875000","612500","389165","70.0","63.5"
"2026","민간이전","민간경상보조","질병관리청","일반회계"," ","보건","보건의료","만성질환관리","건강위해대응관리","손상예방관리","구급기반 급성심장정지조사 데이터베이스 구축","375000","375000","147680","100.0","39.4"
"2026","민간이전","민간경상보조","질병관리청","일반회계"," ","보건","보건의료","만성질환관리","건강위해대응관리","손상예방관리","응급실손상환자심층조사","939000","939000","458604","100.0","48.8"
"2026","민간이전","민간경상보조","질병관리청","일반회계"," ","보건","보건의료","만성질환관리","건강위해대응관리","손상예방관리","지역사회기반 중증외상조사","527000","527000","223236","100.0","42.4"
"2026","민간이전","민간경상보조","질병관리청","일반회계"," ","보건","보건의료","보건의료연구관리","감염병연구관리","국가 면역도 조사체계 구축 및 운영","백신 첨단 공정기반 구축 및 운영","1300000","1300000","647029","100.0","49.8"
"2026","민간이전","민간경상보조","질병관리청","일반회계"," ","보건","보건의료","보건의료연구관리","감염병연구관리","병원체 자원은행 운영관리","분야별병원체자원전문은행보조사업(운영비)","600000","420000","269937","70.0","64.3"
"2026","민간이전","민간경상보조","질병관리청","일반회계"," ","보건","보건의료","보건의료연구관리","국가 보건의료연구 인프라 구축","보건의료생물자원종합관리(R&D)","인체자원은행 특성화 지원(민간경상보조)","4500000","3150000","245068","70.0","7.8"
"2026","민간이전","민간경상보조","질병관리청","일반회계"," ","보건","보건의료","질병관리행정지원","보건관련 전산운영경비","질병관리청 정보화 기반운영(정보화)","국립결핵병원 EMR시스템 운영","688000","481600","298306","70.0","61.9"
"2026","민간이전","민간경상보조","통일부","남북협력기금"," ","통일·외교","통일","남북사회문화교류","남북사회문화교류","사회문화교류 지원","교육·학술 협력사업 지원","2604313","1992469","1311437","76.5","65.8"
"2026","민간이전","민간경상보조","통일부","남북협력기금"," ","통일·외교","통일","남북사회문화교류","남북사회문화교류","사회문화교류 지원","인적왕래·기타 협력 사업 지원(민간)","6863687","766739","622924","11.2","81.2"
"2026","민간이전","민간경상보조","통일부","남북협력기금"," ","통일·외교","통일","인도적 문제해결","이산가족교류지원","이산가족교류지원","이산가족교류지원","9224000","3000","3000","0.0","100.0"
"2026","민간이전","민간경상보조","통일부","남북협력기금"," ","통일·외교","통일","인도적 문제해결","대북인도적지원","구호지원","구호지원","112230000","0","0","0.0","0"
"2026","민간이전","민간경상보조","통일부","남북협력기금"," ","통일·외교","통일","인도적 문제해결","대북인도적지원","민생협력지원","보건의료협력","82929000","0","0","0.0","0"
"2026","민간이전","민간경상보조","통일부","남북협력기금"," ","통일·외교","통일","인도적 문제해결","대북인도적지원","민생협력지원","농축산 산림 환경 협력","198229000","0","0","0.0","0"
"2026","민간이전","민간경상보조","통일부","남북협력기금"," ","통일·외교","통일","인도적 문제해결","대북인도적지원","민생협력지원","북한영유아 등 지원","39019000","0","0","0.0","0"
"2026","민간이전","민간경상보조","통일부","남북협력기금"," ","통일·외교","통일","인도적 문제해결","대북인도적지원","민생협력지원","인도지원 협력체계 구축 지원","300000","0","0","0.0","0"
"2026","민간이전","민간경상보조","통일부","남북협력기금"," ","통일·외교","통일","남북관계 기반구축","남북경제협력기반조성","경협기반(무상)","경협기반(무상)","214227000","341","341","0.0","100.0"
"2026","민간이전","민간경상보조","통일부","남북협력기금"," ","통일·외교","통일","남북관계 기반구축","남북경제협력기반조성","경협기반(무상)","경협기반(무상)-공모","350000","0","0","0.0","0"
"2026","민간이전","민간경상보조","통일부","남북협력기금"," ","통일·외교","통일","남북관계 기반구축","개성공단 조성","개성공단 기반조성","개성공단 기반조성","3485000","667925","667925","19.2","100.0"
"2026","민간이전","민간경상보조","통일부","일반회계"," ","통일·외교","통일","통일정책","평화통일기반조성","국내통일기반조성","민간통일운동 활성화 지원","500000","290577","125315","58.1","43.1"
"2026","민간이전","민간경상보조","통일부","일반회계"," ","통일·외교","통일","인도적 문제해결","이산가족 및 납북피해자 지원","이산가족문제 해결지원","이산가족 교류단체 지원","82000","47850","27931","58.4","58.4"
"2026","민간이전","민간경상보조","통일부","일반회계"," ","통일·외교","통일","인도적 문제해결","이산가족 및 납북피해자 지원","납북피해자문제 해결 및 인도적 송환업무 지원","전후납북자피해가족연합회 지원","185000","101810","89079","55.0","87.5"
"2026","민간이전","민간경상보조","통일부","일반회계"," ","통일·외교","통일","인도적 문제해결","북한인권개선 기반구축","북한인권 및 자유민주평화통일 공론화","민간단체 자유민주평화통일 활동 지원","0","0","0","0","0"
"2026","민간이전","민간경상보조","통일부","일반회계"," ","통일·외교","통일","인도적 문제해결","전시납북 진상규명 및 명예회복","6.25전쟁납북자기념관 운영","6.25납북자가족단체 지원","100000","75000","51326","75.0","68.4"
"2026","민간이전","민간경상보조","통일부","일반회계"," ","통일·외교","통일","북한이탈주민 정착지원","북한이탈주민 정착 행정지원","북한이탈주민 정책 및 지원체계 운영","한겨레중학교 운영 지원","818000","700000","301450","85.6","43.1"
"2026","민간이전","민간경상보조","통일부","일반회계"," ","통일·외교","통일","북한이탈주민 정착지원","북한이탈주민 정착 행정지원","북한이탈주민 정책 및 지원체계 운영","여명학교 운영 지원","832000","624000","455371","75.0","73.0"
"2026","민간이전","민간경상보조","통일부","일반회계"," ","통일·외교","통일","북한이탈주민 정착지원","북한이탈주민 정착 행정지원","북한이탈주민 정책 및 지원체계 운영","하늘꿈학교 운영 지원","833000","624000","401047","74.9","64.3"
"2026","민간이전","민간경상보조","통일부","일반회계"," ","통일·외교","통일","북한이탈주민 정착지원","북한이탈주민 정착 행정지원","북한이탈주민 정책 및 지원체계 운영","한겨레고등학교 운영 지원","1151000","910000","517327","79.1","56.8"
"2026","민간이전","민간경상보조","통일부","일반회계"," ","통일·외교","통일","북한이탈주민 정착지원","북한이탈주민 정착 행정지원","북한이탈주민 정책 및 지원체계 운영","드림학교 운영지원","591000","336000","210517","56.9","62.7"
"2026","민간이전","민간경상보조","통일부","일반회계"," ","통일·외교","통일","북한이탈주민 정착지원","북한이탈주민 정착 행정지원","북한이탈주민 정책 및 지원체계 운영","장대현중고등학교 운영 지원","216000","162000","101026","75.0","62.4"
"2026","민간이전","민간경상보조","통일부","일반회계"," ","통일·외교","통일","통일교육","통일교육추진","학교 통일교육 강화","통일교육 연구학교","108800","108800","43693","100.0","40.2"
"2026","민간이전","민간경상보조","통일부","일반회계"," ","통일·외교","통일","통일교육","통일교육추진","학교 통일교육 강화","통일교육 선도대학 지정 육성","2052000","2052000","635003","100.0","30.9"
"2026","민간이전","민간경상보조","통일부","일반회계"," ","통일·외교","통일","통일교육","통일교육추진","사회 통일교육 내실화","통일교육 민간단체 활동 지원","320000","196789","98500","61.5","50.1"
"2026","민간이전","민간경상보조","통일부","일반회계"," ","통일·외교","통일","통일교육","통일교육추진","사회 통일교육 내실화","사회통일교육 거버넌스 구축","1188000","1188000","569988","100.0","48.0"
"2026","민간이전","민간경상보조","해양경찰청","일반회계"," ","공공질서및안전","해경","구조안전활동","구조안전활동","연안안전사고예방활동","연안안전지킴이 운영","1567000","1567000","493692","100.0","31.5"
"2026","민간이전","민간경상보조","해양수산부","교통시설특별회계","항만계정","교통및물류","해운·항만","항만개발 및 관리","민자유치 및 글로벌기업유치","항만 민자유치 및 해외개발 협력","해외항만개발 시장 진출 지원","900000","50000","2216","5.6","4.4"
"2026","민간이전","민간경상보조","해양수산부","교통시설특별회계","항만계정","교통및물류","해운·항만","항만개발 및 관리","민자유치 및 글로벌기업유치","해운물류기업해외시장개척지원","해외 물류시장 개척지원","1042000","1042000","633786","100.0","60.8"
"2026","민간이전","민간경상보조","해양수산부","교통시설특별회계","항만계정","교통및물류","해운·항만","항만개발 및 관리","민자유치 및 글로벌기업유치","해운물류기업해외시장개척지원","북방물류 교육협력 및 인력양성","300000","210000","4000","70.0","1.9"
"2026","민간이전","민간경상보조","해양수산부","교통시설특별회계","항만계정","교통및물류","해운·항만","항만개발 및 관리","민자유치 및 글로벌기업유치","해운물류기업해외시장개척지원","국적선사 긴급경영 지원 ","1350000","1350000","0","100.0","0.0"
"2026","민간이전","민간경상보조","해양수산부","교통시설특별회계","항만계정","교통및물류","해운·항만","해양 및 해상교통관리","항로표지시설 확충 및 안전관리","표지시설","항로표지 장비용품등 연구개발사업","443000","443000","277071","100.0","62.5"
"2026","민간이전","민간경상보조","해양수산부","교통시설특별회계","항만계정","교통및물류","해운·항만","해양 및 해상교통관리","항로표지시설 확충 및 안전관리","표지시설","항로표지 전문교육센터 운영","199000","199000","107008","100.0","53.8"
"2026","민간이전","민간경상보조","해양수산부","농어촌구조개선특별회계","구조개선사업계정","농림수산","수산·어촌","수산식품고부가가치화","식품산업육성","수산식품산업육성","수산식품인력양성","0","0","0","0","0"
"2026","민간이전","민간경상보조","해양수산부","농어촌구조개선특별회계","구조개선사업계정","농림수산","수산·어촌","수산식품고부가가치화","식품산업육성","수산식품산업육성","우수수산식품 등 인증활성화","0","0","0","0","0"
"2026","민간이전","민간경상보조","해양수산부","농어촌구조개선특별회계","구조개선사업계정","농림수산","수산·어촌","수산식품고부가가치화","식품산업육성","수산식품산업육성","수산식품명인 발굴육성","0","0","0","0","0"
"2026","민간이전","민간경상보조","해양수산부","농어촌구조개선특별회계","구조개선사업계정","농림수산","수산·어촌","수산식품고부가가치화","식품산업육성","수산식품산업육성","수산식품산업  통계조사","0","0","0","0","0"
"2026","민간이전","민간경상보조","해양수산부","농어촌구조개선특별회계","구조개선사업계정","농림수산","수산·어촌","수산식품고부가가치화","수산물 수출지원","수산물해외시장개척","공동물류센터","4995000","4995000","2039971","100.0","40.8"
"2026","민간이전","민간경상보조","해양수산부","농어촌구조개선특별회계","구조개선사업계정","농림수산","수산·어촌","수산식품고부가가치화","수산물 수출지원","수산물해외시장개척","리스크안전망구축","1650000","1650000","1517939","100.0","92.0"
"2026","민간이전","민간경상보조","해양수산부","농어촌구조개선특별회계","구조개선사업계정","농림수산","수산·어촌","수산식품고부가가치화","수산물 수출지원","수산물해외시장개척","해외시장분석센터","2400000","2400000","1015589","100.0","42.3"
"2026","민간이전","민간경상보조","해양수산부","농어촌구조개선특별회계","구조개선사업계정","농림수산","수산·어촌","수산식품고부가가치화","수산물 수출지원","수산물해외시장개척","수출바우처(기존 무역애로해소)","24872000","24872000","7364688","100.0","29.6"
"2026","민간이전","민간경상보조","해양수산부","농어촌구조개선특별회계","구조개선사업계정","농림수산","수산·어촌","수산식품고부가가치화","수산물 수출지원","수산물해외시장개척","수산물 국가통합브랜드","2889000","2889000","1717088","100.0","59.4"
"2026","민간이전","민간경상보조","해양수산부","농어촌구조개선특별회계","구조개선사업계정","농림수산","수산·어촌","수산식품고부가가치화","수산물 수출지원","수산물해외시장개척","무역지원센터","6504000","6504000","3991977","100.0","61.4"
"2026","민간이전","민간경상보조","해양수산부","농어촌구조개선특별회계","구조개선사업계정","농림수산","수산·어촌","수산식품고부가가치화","수산물 수출지원","수산물해외시장개척","수산식품앵커숍","1023000","1023000","33446","100.0","3.3"
"2026","민간이전","민간경상보조","해양수산부","농어촌구조개선특별회계","구조개선사업계정","농림수산","수산·어촌","수산식품고부가가치화","수산물 수출지원","수산물해외시장개척","국제박람회","5104000","5104000","2509937","100.0","49.2"
"2026","민간이전","민간경상보조","해양수산부","농어촌구조개선특별회계","구조개선사업계정","농림수산","수산·어촌","수산식품고부가가치화","수산물 수출지원","수산물해외시장개척","무역상담회","1600000","1600000","881093","100.0","55.1"
"2026","민간이전","민간경상보조","해양수산부","농어촌구조개선특별회계","구조개선사업계정","농림수산","수산·어촌","수산식품고부가가치화","수산물 수출지원","수산물해외시장개척","수산물통합마케팅","17990000","17990000","7961267","100.0","44.3"
"2026","민간이전","민간경상보조","해양수산부","농어촌구조개선특별회계","구조개선사업계정","농림수산","수산·어촌","수산식품고부가가치화","수산물 수출지원","수산물해외시장개척","한류 연계 K브랜드 확산","3100000","3100000","360962","100.0","11.6"
"2026","민간이전","민간경상보조","해양수산부","농어촌구조개선특별회계","구조개선사업계정","농림수산","수산·어촌","수산식품고부가가치화","수산물 수출지원","수산물해외시장개척","기업 맞춤형 해외시장조사","200000","200000","2011","100.0","1.0"
"2026","민간이전","민간경상보조","해양수산부","농어촌구조개선특별회계","구조개선사업계정","농림수산","수산·어촌","수산식품고부가가치화","수산물 수출지원","수산물해외시장개척","수산식품산업 해외진출지원","0","0","0","0","0"
"2026","민간이전","민간경상보조","해양수산부","농어촌구조개선특별회계","구조개선사업계정","농림수산","수산·어촌","수산식품고부가가치화","수산물 수출지원","수산물해외시장개척","해외 외식업계 지출 지원","1600000","1600000","608762","100.0","38.0"
"2026","민간이전","민간경상보조","해양수산부","농어촌구조개선특별회계","구조개선사업계정","농림수산","수산·어촌","수산식품고부가가치화","수산물 수출지원","수산물해외시장개척","수출인증취득지원","3942000","3942000","506905","100.0","12.9"
"2026","민간이전","민간경상보조","해양수산부","농어촌구조개선특별회계","구조개선사업계정","농림수산","수산·어촌","수산식품고부가가치화","수산물 수출지원","수산물해외시장개척","수출패키징","1500000","1500000","417723","100.0","27.8"
"2026","민간이전","민간경상보조","해양수산부","농어촌구조개선특별회계","구조개선사업계정","농림수산","수산·어촌","수산물 유통 및 안전관리","수산물유통개선(농특)","수산물 물류환경 개선","수산물 물류환경 개선","0","0","0","0","0"
"2026","민간이전","민간경상보조","해양수산부","농어촌구조개선특별회계","구조개선사업계정","농림수산","수산·어촌","수산물 유통 및 안전관리","수산물유통개선(농특)","수급 위기관리체계 구축","온라인 구매 시스템 확충","0","0","0","0","0"
"2026","민간이전","민간경상보조","해양수산부","농어촌구조개선특별회계","구조개선사업계정","농림수산","수산·어촌","수산물 유통 및 안전관리","수산물유통개선(농특)","수급 위기관리체계 구축","수산물 직매장 설치 및 창업 지원 플랫폼 구축","0","0","0","0","0"
"2026","민간이전","민간경상보조","해양수산부","농어촌구조개선특별회계","구조개선사업계정","농림수산","수산·어촌","수산물 유통 및 안전관리","수산어촌알리기","수산업가치및소비촉진제고","어식백세 캠페인 및 판로확대","0","0","0","0","0"
"2026","민간이전","민간경상보조","해양수산부","농어촌구조개선특별회계","구조개선사업계정","농림수산","수산·어촌","수산물 유통 및 안전관리","수산어촌알리기","수산업가치및소비촉진제고","수산인의 날","0","0","0","0","0"
"2026","민간이전","민간경상보조","해양수산부","농어촌구조개선특별회계","구조개선사업계정","농림수산","수산·어촌","수산물 유통 및 안전관리","수산어촌알리기","수산업가치및소비촉진제고","수산물상생할인지원(민간경상)","0","0","0","0","0"
"2026","민간이전","민간경상보조","해양수산부","농어촌구조개선특별회계","구조개선사업계정","농림수산","수산·어촌","수산물 유통 및 안전관리","수산어촌알리기","수산식품 바우처","수산식품 바우처 운영","0","0","0","0","0"
"2026","민간이전","민간경상보조","해양수산부","농어촌구조개선특별회계","구조개선사업계정","농림수산","수산·어촌","수산자원 관리 및 조성","친환경양식육성(농특)","수산종자산업육성","수산종자산업진흥 지원","338000","338000","142596","100.0","42.2"
"2026","민간이전","민간경상보조","해양수산부","농어촌구조개선특별회계","구조개선사업계정","농림수산","수산·어촌","수산자원 관리 및 조성","친환경양식육성(농특)","양식수산물 전략품목 육성","스마트수산업 빅데이터플랫폼 구축","2000000","1400000","94738","70.0","6.8"
"2026","민간이전","민간경상보조","해양수산부","농어촌구조개선특별회계","구조개선사업계정","농림수산","수산·어촌","수산자원 관리 및 조성","자율관리어업육성","자율관리어업육성","자율관리어업 활성화 지원","0","0","0","0","0"
"2026","민간이전","민간경상보조","해양수산부","농어촌구조개선특별회계","구조개선사업계정","농림수산","수산·어촌","수산자원 관리 및 조성","수산자원조성","수산자원조성사업지원","경상운영비","2580000","2218000","1174141","86.0","52.9"
"2026","민간이전","민간경상보조","해양수산부","농어촌구조개선특별회계","구조개선사업계정","농림수산","수산·어촌","수산자원 관리 및 조성","수산자원조성","수산자원조성사업지원","인건비","17798000","13472773","7972436","75.7","59.2"
"2026","민간이전","민간경상보조","해양수산부","농어촌구조개선특별회계","구조개선사업계정","농림수산","수산·어촌","수산자원 관리 및 조성","수산자원조성","수산자원조성사업지원","바다숲 조성(탄소거래 시범사업)","1000000","1000000","652834","100.0","65.3"
"2026","민간이전","민간경상보조","해양수산부","농어촌구조개선특별회계","구조개선사업계정","농림수산","수산·어촌","수산자원 관리 및 조성","수산자원조성","지속가능한어업생산체계구축","어선어업 생산자단체 육성","800000","557000","345259","69.6","62.0"
"2026","민간이전","민간경상보조","해양수산부","농어촌구조개선특별회계","구조개선사업계정","농림수산","수산·어촌","어촌어항활성화","어촌어항관광기반조성(농특)","어촌발전기반조성지원","어촌종합개발사업지원","385000","385000","191265","100.0","49.7"
"2026","민간이전","민간경상보조","해양수산부","농어촌구조개선특별회계","구조개선사업계정","농림수산","수산·어촌","어업인소득안정지원","수산경영안정","어업인교육훈련 및 기술지원","수산계고교특성화(민간)","2205000","2135000","943980","96.8","44.2"
"2026","민간이전","민간경상보조","해양수산부","농어촌구조개선특별회계","구조개선사업계정","농림수산","수산·어촌","어업인소득안정지원","수산경영안정","어업인교육훈련 및 기술지원","어업인일자리지원센터","343000","240000","165912","70.0","69.1"
"2026","민간이전","민간경상보조","해양수산부","농어촌구조개선특별회계","구조개선사업계정","농림수산","수산·어촌","어업인소득안정지원","수산경영안정","어업인교육훈련 및 기술지원","어업인단체 역량강화 교육","162000","113400","0","70.0","0.0"
"2026","민간이전","민간경상보조","해양수산부","농어촌구조개선특별회계","구조개선사업계정","농림수산","수산·어촌","어업인소득안정지원","수산경영안정","어업인교육훈련 및 기술지원","여성어업인 포럼","21000","14000","0","66.7","0.0"
"2026","민간이전","민간경상보조","해양수산부","농어촌구조개선특별회계","구조개선사업계정","농림수산","수산·어촌","어업인소득안정지원","수산경영안정","어업인교육훈련 및 기술지원","청년창업어업인장학금","296000","207000","107970","69.9","52.2"
"2026","민간이전","민간경상보조","해양수산부","농어촌구조개선특별회계","구조개선사업계정","농림수산","수산·어촌","어업인소득안정지원","수산경영안정","어업인교육훈련 및 기술지원","여성어업인의 날 기념식 지원","0","0","0","0","0"
"2026","민간이전","민간경상보조","해양수산부","농어촌구조개선특별회계","구조개선사업계정","농림수산","수산·어촌","어업인소득안정지원","수산경영안정","어업인교육훈련 및 기술지원","여성어업인 전문인력 육성","200000","145000","0","72.5","0.0"
"2026","민간이전","민간경상보조","해양수산부","농어촌구조개선특별회계","구조개선사업계정","농림수산","수산·어촌","어업인소득안정지원","수산경영안정","어업인교육훈련 및 기술지원","고용허가제 외국인 어선원 현지 교육","0","0","0","0","0"
"2026","민간이전","민간경상보조","해양수산부","농어촌구조개선특별회계","구조개선사업계정","농림수산","수산·어촌","어업인소득안정지원","수산경영안정","어업인삶의질향상","전문지원기관 지정운영(한국해양수산개발원)","300000","210000","94967","70.0","45.2"
"2026","민간이전","민간경상보조","해양수산부","농어촌구조개선특별회계","구조개선사업계정","농림수산","수산·어촌","어업인소득안정지원","수산경영안정","어업인삶의질향상","어촌생활돌봄지원","0","0","0","0","0"
"2026","민간이전","민간경상보조","해양수산부","농어촌구조개선특별회계","구조개선사업계정","농림수산","수산·어촌","어업인소득안정지원","수산경영안정","어업인삶의질향상","여성어업인 특화건강검진","475000","367000","190535","77.3","51.9"
"2026","민간이전","민간경상보조","해양수산부","농어촌구조개선특별회계","구조개선사업계정","농림수산","수산·어촌","어업인소득안정지원","수산경영안정","어업인삶의질향상","어복버스(민간)","1377000","963900","411659","70.0","42.7"
"2026","민간이전","민간경상보조","해양수산부","농어촌구조개선특별회계","구조개선사업계정","농림수산","수산·어촌","어업인소득안정지원","수산경영안정","양식어업인 전기료 한시지원","양식어업인 전기료 한시지원","0","0","0","0","0"
"2026","민간이전","민간경상보조","해양수산부","농어촌구조개선특별회계","구조개선사업계정","농림수산","수산·어촌","원양협력","원양어업기반구축(농특)","원양어업활성화","해외어장자원조사","1750000","1225000","242742","70.0","19.8"
"2026","민간이전","민간경상보조","해양수산부","농어촌구조개선특별회계","구조개선사업계정","농림수산","수산·어촌","원양협력","원양어업기반구축(농특)","원양어업활성화","원양어업 국제규제 대응","1780000","1780000","1030586","100.0","57.9"
"2026","민간이전","민간경상보조","해양수산부","농어촌구조개선특별회계","구조개선사업계정","농림수산","수산·어촌","원양협력","원양어업기반구축(농특)","원양어업활성화","한·러 어업협정 이행","4344000","4344000","3488532","100.0","80.3"
"2026","민간이전","민간경상보조","해양수산부","농어촌구조개선특별회계","구조개선사업계정","농림수산","수산·어촌","원양협력","원양어업기반구축(농특)","원양어업활성화","해외선원묘지 관리","74000","74000","59397","100.0","80.3"
"2026","민간이전","민간경상보조","해양수산부","농어촌구조개선특별회계","구조개선사업계정","농림수산","수산·어촌","원양협력","원양어업기반구축(농특)","원양어업활성화","원양산업 통계조사","90000","90000","53375","100.0","59.3"
"2026","민간이전","민간경상보조","해양수산부","농어촌구조개선특별회계","구조개선사업계정","농림수산","수산·어촌","원양협력","원양어업기반구축(농특)","국제수산기구 협상 및 대응","한-뉴질랜드 수산협력사업","382000","305600","6477","80.0","2.1"
"2026","민간이전","민간경상보조","해양수산부","농어촌구조개선특별회계","구조개선사업계정","농림수산","수산·어촌","원양협력","원양어업기반구축(농특)","연안국과의 협력(ODA)","키르기즈스탄 국립수산양식개발센터 설립 및 역량강화","350000","350000","89154","100.0","25.5"
"2026","민간이전","민간경상보조","해양수산부","농어촌구조개선특별회계","구조개선사업계정","농림수산","수산·어촌","원양협력","원양어업기반구축(농특)","연안국과의 협력(ODA)","가나 여성어업인 가공 및 유통 역량강화사업 ","900000","630000","0","70.0","0.0"
"2026","민간이전","민간경상보조","해양수산부","농어촌구조개선특별회계","구조개선사업계정","농림수산","수산·어촌","원양협력","원양어업기반구축(농특)","연안국과의 협력(ODA)","키리바시의 지속가능한 어업을 위한 수산커뮤니티 개발","1760000","1760000","871663","100.0","49.5"
"2026","민간이전","민간경상보조","해양수산부","농어촌구조개선특별회계","구조개선사업계정","농림수산","수산·어촌","원양협력","원양어업기반구축(농특)","연안국과의 협력(ODA)","피지 선박 항행정보 인프라 개선사업","1056000","700000","351020","66.3","50.1"
"2026","민간이전","민간경상보조","해양수산부","농어촌구조개선특별회계","농어촌특별세사업계정","농림수산","수산·어촌","수산자원 관리 및 조성","연근해어업구조조정","어선청년임대","어선임대비지원","1520000","1216000","433316","80.0","35.6"
"2026","민간이전","민간경상보조","해양수산부","농어촌구조개선특별회계","농어촌특별세사업계정","농림수산","수산·어촌","수산자원 관리 및 조성","연근해어업구조조정","어선청년임대","사업관리비","525000","420000","150981","80.0","35.9"
"2026","민간이전","민간경상보조","해양수산부","농어촌구조개선특별회계","농어촌특별세사업계정","농림수산","수산·어촌","어촌어항활성화","귀어귀촌지원","양식장임대","양식장임대","832000","582400","180078","70.0","30.9"
"2026","민간이전","민간경상보조","해양수산부","농어촌구조개선특별회계","농어촌특별세사업계정","농림수산","수산·어촌","어업인소득안정지원","수산경영안정","어업인 면세경유 유가연동보조금 한시 지원('24년)","어업인 면세경유 유가연동보조금 한시지원","0","0","0","0","0"
"2026","민간이전","민간경상보조","해양수산부","농어촌구조개선특별회계","농어촌특별세사업계정","농림수산","수산·어촌","어업인소득안정지원","수산경영안정","어업인 면세경유 유가연동보조금 한시 지원('26년)","어업인 면세경유 유가연동보조금 한시지원","56199000","56199000","20636774","100.0","36.7"
"2026","민간이전","민간경상보조","해양수산부","수산발전기금"," ","농림수산","수산·어촌","수산식품고부가가치화","식품산업육성(기금)","수산식품산업육성","우수수산식품 등 인증활성화","30000","30000","0","100.0","0.0"
"2026","민간이전","민간경상보조","해양수산부","수산발전기금"," ","농림수산","수산·어촌","수산식품고부가가치화","식품산업육성(기금)","수산식품산업육성","수산식품산업 통계조사","200000","200000","22245","100.0","11.1"
"2026","민간이전","민간경상보조","해양수산부","수산발전기금"," ","농림수산","수산·어촌","수산물 유통 및 안전관리","수산물유통개선(기금)","수급 위기관리체계 구축","온라인 구매시스템 확충","810000","567000","338183","70.0","59.6"
"2026","민간이전","민간경상보조","해양수산부","수산발전기금"," ","농림수산","수산·어촌","수산물 유통 및 안전관리","수산물유통개선(기금)","수급 위기관리체계 구축","수산물 직매장 설치 및 창업지원 플랫폼 구축","150000","105000","0","70.0","0.0"
"2026","민간이전","민간경상보조","해양수산부","수산발전기금"," ","농림수산","수산·어촌","수산물 유통 및 안전관리","수산어촌알리기(기금)","수산업가치및소비촉진제고","어식백세 캠페인 및 판로확대","1417000","1417000","660968","100.0","46.6"
"2026","민간이전","민간경상보조","해양수산부","수산발전기금"," ","농림수산","수산·어촌","수산물 유통 및 안전관리","수산어촌알리기(기금)","수산업가치및소비촉진제고","수산인의 날","100000","100000","100000","100.0","100.0"
"2026","민간이전","민간경상보조","해양수산부","수산발전기금"," ","농림수산","수산·어촌","수산물 유통 및 안전관리","수산어촌알리기(기금)","수산업가치및소비촉진제고","수산물상생할인지원(민간경상)","128980000","103825000","78765993","80.5","75.9"
"2026","민간이전","민간경상보조","해양수산부","수산발전기금"," ","농림수산","수산·어촌","수산물 유통 및 안전관리","수산물가격안정(기금)","수산물자조금지원","수산물자조금지원","4098000","2516600","953649","61.4","37.9"
"2026","민간이전","민간경상보조","해양수산부","수산발전기금"," ","농림수산","수산·어촌","수산물 유통 및 안전관리","수산물가격안정(기금)","수산관측","수산관측","420000","294000","139007","70.0","47.3"
"2026","민간이전","민간경상보조","해양수산부","에너지및자원사업특별회계","투자계정","교통및물류","해운·항만","해운산업 선진화","해운물류지원(에특)","글로벌 저탄소선박 정책 대응 지원","글로벌 저탄소선박 정책 대응 지원","28000000","26168006","0","93.5","0.0"
"2026","민간이전","민간경상보조","해양수산부","에너지및자원사업특별회계","투자계정","교통및물류","해운·항만","해운산업 선진화","해운물류지원(에특)","글로벌 저탄소선박 정책 대응 지원","쇄빙ㆍ내빙선 신조 지원","11000000","11000000","0","100.0","0.0"
"2026","민간이전","민간경상보조","해양수산부","에너지및자원사업특별회계","투자계정","교통및물류","해운·항만","해운산업 선진화","연안선사 유류비 지원","연안화물선유류비보조(에특)","연안화물선 유류비 보조","31547000","18453382","17365799","58.5","94.1"
"2026","민간이전","민간경상보조","해양수산부","일반회계"," ","환경","해양환경","해양환경보전","해양오염 피해복구","방제선 건조 및 운영","다목적 대형 방제선 운영","4697000","3287900","3287900","70.0","100.0"
"2026","민간이전","민간경상보조","해양수산부","일반회계"," ","농림수산","수산·어촌","수산자원 관리 및 조성","어업안전지도강화","어업협정이행","민간어업협력사업(회의, 어장청소 등)","2785000","2785000","2026432","100.0","72.8"
"2026","민간이전","민간경상보조","해양수산부","일반회계"," ","농림수산","수산·어촌","수산자원 관리 및 조성","어업안전지도강화","어업협정이행","민간어업협력사업(수산자원조사 및 수산종자방류)","2160000","2160000","753102","100.0","34.9"
"2026","민간이전","민간경상보조","해양수산부","일반회계"," ","농림수산","수산·어촌","수산자원 관리 및 조성","어업안전지도강화","어선원안전보건관리체계구축","중대재해 대응 지원사업","1844000","1844000","252618","100.0","13.7"
"2026","민간이전","민간경상보조","해양수산부","일반회계"," ","농림수산","수산·어촌","수산자원 관리 및 조성","어업안전지도강화","어선원안전보건관리체계구축","어선 클린사업장 조성 지원","1480000","1480000","35418","100.0","2.4"
"2026","민간이전","민간경상보조","해양수산부","일반회계"," ","농림수산","수산·어촌","어업인소득안정지원","수협경제사업활성화","수협지도경제사업활성화","어업경영통계조사","330000","264000","152451","80.0","57.7"
"2026","민간이전","민간경상보조","해양수산부","일반회계"," ","농림수산","수산·어촌","어업인소득안정지원","수협경제사업활성화","수협지도경제사업활성화","단위수협감사지원","1000000","800000","800000","80.0","100.0"
"2026","민간이전","민간경상보조","해양수산부","일반회계"," ","농림수산","수산·어촌","어업인소득안정지원","수협경제사업활성화","수협지도경제사업활성화","유통정보시스템 운영지원","414000","330000","241500","79.7","73.2"
"2026","민간이전","민간경상보조","해양수산부","일반회계"," ","농림수산","수산·어촌","어업인소득안정지원","수협경제사업활성화","수협지도경제사업활성화","어촌계통계조사","250000","200000","81315","80.0","40.7"
"2026","민간이전","민간경상보조","해양수산부","일반회계"," ","농림수산","수산·어촌","어업인소득안정지원","수협경제사업활성화","수협지도경제사업활성화","어촌지역활성화 조사연구","200000","160000","83264","80.0","52.0"
"2026","민간이전","민간경상보조","해양수산부","일반회계"," ","교통및물류","해운·항만","해운산업 선진화","선원근로 복지 향상","선원복지고용센터운영","선원복지고용센터 경상운영비","2582000","2323800","1388486","90.0","59.8"
"2026","민간이전","민간경상보조","해양수산부","일반회계"," ","교통및물류","해운·항만","해운산업 선진화","선원근로 복지 향상","선원복지고용센터운영","선원직업안정사업","2113000","1901700","1346816","90.0","70.8"
"2026","민간이전","민간경상보조","해양수산부","일반회계"," ","교통및물류","해운·항만","해운산업 선진화","선원근로 복지 향상","선원복지고용센터운영","선원복지증진사업","2448000","2203200","1342160","90.0","60.9"
"2026","민간이전","민간경상보조","해양수산부","일반회계"," ","교통및물류","해운·항만","해운산업 선진화","선원근로 복지 향상","선원복지고용센터운영","해양원격의료지원사업","889000","800100","446365","90.0","55.8"
"2026","민간이전","민간경상보조","해양수산부","일반회계"," ","교통및물류","해운·항만","해운산업 선진화","선원근로 복지 향상","선원정책 및 선원인력 역량강화","선박관리산업 실태조사","50000","50000","9749","100.0","19.5"
"2026","민간이전","민간경상보조","해양수산부","일반회계"," ","교통및물류","해운·항만","해운산업 선진화","해운인력양성 지원","해양수산연수원 지원","해양수산연수원 지원(경상보조)","37953000","32233000","25682756","84.9","79.7"
"2026","민간이전","민간경상보조","해양수산부","일반회계"," ","교통및물류","해운·항만","해운산업 선진화","해운물류지원","전환교통지원","전환교통지원","2700000","2700000","40503","100.0","1.5"
"2026","민간이전","민간경상보조","해양수산부","일반회계"," ","교통및물류","해운·항만","해운산업 선진화","해운물류지원","국가필수선대제도 운영","국가필수선대제도 운영","0","0","0","0","0"
"2026","민간이전","민간경상보조","해양수산부","일반회계"," ","교통및물류","해운·항만","해운산업 선진화","해운물류지원","해운물류전문인력양성지원","해운항만물류전문인력양성사업","1440000","1008000","374041","70.0","37.1"
"2026","민간이전","민간경상보조","해양수산부","일반회계"," ","교통및물류","해운·항만","해운산업 선진화","해운물류지원","해운물류전문인력양성지원","실무형 해상물류 일자리 지원사업","1100000","770000","158548","70.0","20.6"
"2026","민간이전","민간경상보조","해양수산부","일반회계"," ","교통및물류","해운·항만","해운산업 선진화","해운물류지원","친환경 항만하역장비 구축 지원","하역장비 배출저감장치(DPF) 부착사업","368000","264058","99628","71.8","37.7"
"2026","민간이전","민간경상보조","해양수산부","일반회계"," ","교통및물류","해운·항만","해운산업 선진화","해운물류지원","항만서비스 산업 선진화 지원","선박연료 정량공급 운영지원(정량공급 운영지원)","250000","175000","10491","70.0","6.0"
"2026","민간이전","민간경상보조","해양수산부","일반회계"," ","교통및물류","해운·항만","해운산업 선진화","해운물류지원","항만재난 및 안전사고 예방활동 지원","재해예방시설 지원","1702000","1191400","141257","70.0","11.9"
"2026","민간이전","민간경상보조","해양수산부","일반회계"," ","교통및물류","해운·항만","해양 및 해상교통관리","해양안전관리시스템 구축.운영(일반)","한국해양교통안전공단 지원","한국해양교통안전공단 지원","48348000","48348000","26640045","100.0","55.1"
"2026","민간이전","민간경상보조","해양수산부","일반회계"," ","교통및물류","해운·항만","해양 및 해상교통관리","해양안전관리시스템 구축.운영(일반)","해양사고 예방활동 지원","여객선 전기차 화재대응 장비 보급","550000","440000","9784","80.0","2.2"
"2026","민간이전","민간경상보조","해양수산부","일반회계"," ","교통및물류","해운·항만","해양 및 해상교통관리","해양안전관리시스템 구축.운영(일반)","스마트 해양안전 교통망 구축운영","e-Nav 선박단말기 보급·관리체계 구축 및 운영","88500","61950","27913","70.0","45.1"
"2026","민간이전","민간경상보조","해양수산부","일반회계"," ","교통및물류","해운·항만","해양 및 해상교통관리","해양안전관리시스템 구축.운영(일반)","스마트 해양안전 교통망 구축운영","2026년 내항선 해상원격 의료지원 시범사업","434000","303800","194539","70.0","64.0"
"2026","민간이전","민간경상보조","해양수산부","일반회계"," ","교통및물류","해운·항만","해양 및 해상교통관리","해양안전관리시스템 구축.운영(일반)","세월호 인양 및 추모사업 지원","4.16재단 운영 지원","1484000","1484000","1041374","100.0","70.2"
"2026","민간이전","민간경상보조","해양수산부","일반회계"," ","교통및물류","해운·항만","해양 및 해상교통관리","해양안전관리시스템 구축.운영(일반)","친환경선박 보급 촉진","친환경선박 보급 및 운영지원","13500000","13500000","50537","100.0","0.4"
"2026","민간이전","민간경상보조","해양수산부","일반회계"," ","교통및물류","물류등기타","해양산업육성및영토관리","해양문화활성화","해양정책및문화육성","해양법 해양영토 토론대회","90000","63000","28031","70.0","44.5"
"2026","민간이전","민간경상보조","해양수산부","일반회계"," ","교통및물류","물류등기타","해양산업육성및영토관리","해양문화활성화","해양정책및문화육성","세계해양포럼","397000","277900","119100","70.0","42.9"
"2026","민간이전","민간경상보조","해양수산부","일반회계"," ","교통및물류","물류등기타","해양산업육성및영토관리","해양문화활성화","해양정책및문화육성","인천동북아해양포럼","360000","252000","214200","70.0","85.0"
"2026","민간이전","민간경상보조","해양수산부","일반회계"," ","교통및물류","물류등기타","해양산업육성및영토관리","해양문화활성화","해양정책및문화육성","전국해양과학포럼","8000","0","0","0.0","0"
"2026","민간이전","민간경상보조","해양수산부","일반회계"," ","교통및물류","물류등기타","해양산업육성및영토관리","해양영토관리기반구축","독도 지속가능이용 및 관리","독도탐방","464000","324800","195070","70.0","60.1"
"2026","민간이전","민간경상보조","해양수산부","일반회계"," ","교통및물류","물류등기타","해양산업육성및영토관리","해양영토관리기반구축","독도 지속가능이용 및 관리","독도 민간단체 지원","194000","135800","90625","70.0","66.7"
"2026","민간이전","민간경상보조","해양수산부","일반회계"," ","교통및물류","물류등기타","해양산업육성및영토관리","해양지형조사 및 정보제공","해양지명조사 및 알리기","이어도 홍보를 위한 이어도 연구회 지원","450000","315000","178434","70.0","56.6"
"2026","민간이전","민간경상보조","해양수산부","일반회계"," ","교통및물류","물류등기타","해양산업육성및영토관리","해양관광육성","해양관광육성","해양레저스포츠지원","0","0","0","0","0"
"2026","민간이전","민간경상보조","해양수산부","일반회계"," ","교통및물류","물류등기타","해양산업육성및영토관리","해양관광육성","해양관광육성","국제보트쇼 육성지원","0","0","0","0","0"
"2026","민간이전","민간경상보조","해양수산부","일반회계"," ","교통및물류","물류등기타","해양산업육성및영토관리","해양관광육성","해양관광육성","해양소년단연맹 지원","0","0","0","0","0"
"2026","민간이전","민간경상보조","해양수산부","일반회계"," ","교통및물류","물류등기타","해양산업육성및영토관리","해양관광육성","해양관광육성","해양관광 콘텐츠 개발 지원","0","0","0","0","0"
"2026","민간이전","민간경상보조","해양수산부","일반회계"," ","교통및물류","물류등기타","해양산업육성및영토관리","해양관광육성","해양관광육성","마리나업 전문인력 양성교육","0","0","0","0","0"
"2026","민간이전","민간경상보조","해양수산부","일반회계"," ","교통및물류","물류등기타","해양산업육성및영토관리","해양관광육성","해양관광육성","무인도서 국민탐사단","0","0","0","0","0"
"2026","민간이전","민간경상보조","해양수산부","일반회계"," ","교통및물류","물류등기타","해양수산행정지원","청사확보 및 시설개선","해양수산부부산이전","어린이집 운영","830000","508739","343877","61.3","67.6"
"2026","민간이전","민간경상보조","해양수산부","지역균형발전특별회계","지역지원계정","농림수산","수산·어촌","수산자원 관리 및 조성","내수면어업(지역지원)","내수면자원조성(지원)","국가어도정보시스템 운영","350000","245000","87111","70.0","35.6"
"2026","민간이전","민간경상보조","해양수산부","지역균형발전특별회계","지역지원계정","농림수산","수산·어촌","수산자원 관리 및 조성","친환경양식육성(지역지원)","친환경양식어업육성(지원)","양식창업및시설지원(스마트양식해챌린지)","500000","500000","72169","100.0","14.4"
"2026","민간이전","민간경상보조","해양수산부","지역균형발전특별회계","지역지원계정","교통및물류","해운·항만","해운산업 선진화","도서지역 해상교통 지원(지특)","국가보조항로결손보상금","국가보조항로결손보상금","23416820","15242011","15434688","65.1","101.3"
"2026","민간이전","민간경상보조","해양수산부","지역균형발전특별회계","지역지원계정","교통및물류","해운·항만","해운산업 선진화","도서지역 해상교통 지원(지특)","국가보조항로결손보상금","연안여객항로 안정화 지원","11477639","2449748","2449748","21.3","100.0"
"2026","민간이전","민간경상보조","해양수산부","지역균형발전특별회계","지역지원계정","교통및물류","물류등기타","해양산업육성및영토관리","해양관광육성","해양관광육성(지원)","국제보트쇼 육성지원","730000","730000","633047","100.0","86.7"
"2026","민간이전","민간경상보조","해양수산부","지역균형발전특별회계","지역지원계정","교통및물류","물류등기타","해양산업육성및영토관리","해양관광육성","해양관광육성(지원)","해양관광 콘텐츠 개발 지원","300000","300000","57865","100.0","19.3"
"2026","민간이전","민간경상보조","해양수산부","지역균형발전특별회계","지역지원계정","교통및물류","물류등기타","해양산업육성및영토관리","해양관광육성","해양관광육성(지원)","마리나업 전문인력 양성교육","650000","650000","134556","100.0","20.7"
"2026","민간이전","민간경상보조","해양수산부","지역균형발전특별회계","지역지원계정","교통및물류","물류등기타","해양산업육성및영토관리","해양관광육성","해양관광육성(지원)","해양소년단연맹 지원","300000","200000","77064","66.7","38.5"
"2026","민간이전","민간경상보조","해양수산부","지역균형발전특별회계","지역지원계정","교통및물류","물류등기타","해양산업육성및영토관리","해양관광육성","해양관광육성(지원)","무인도서 국민탐사단","300000","210000","71531","70.0","34.1"
"2026","민간이전","민간경상보조","해양수산부","지역균형발전특별회계","지역지원계정","교통및물류","물류등기타","해양산업육성및영토관리","해양관광육성","해양관광육성(지원)","해양레저스포츠지원","200000","160000","57515","80.0","35.9"
"2026","민간이전","민간경상보조","행정안전부","일반회계"," ","일반·지방행정","지방행정·재정지원","지방자치분권","비영리민간단체지원","비영리민간단체지원","비영리민간단체 공익사업","3298000","2345531","0","71.1","0.0"
"2026","민간이전","민간경상보조","행정안전부","일반회계"," ","일반·지방행정","지방행정·재정지원","지방자치분권","새마을운동지원","새마을운동지원","새마을지도자 교육 및 홍보 ","421000","421000","99122","100.0","23.5"
"2026","민간이전","민간경상보조","행정안전부","일반회계"," ","일반·지방행정","지방행정·재정지원","지방자치분권","새마을운동지원","새마을운동지원","새마을 지역공동체 실현 운동","99000","99000","15125","100.0","15.3"
"2026","민간이전","민간경상보조","행정안전부","일반회계"," ","일반·지방행정","지방행정·재정지원","지방자치분권","새마을운동지원","새마을운동지원","MZ세대와 함께하는 새마을운동","140000","140000","1737","100.0","1.2"
"2026","민간이전","민간경상보조","행정안전부","일반회계"," ","일반·지방행정","지방행정·재정지원","지방자치분권","새마을운동지원","맞춤형 새마을운동 지원사업(ODA)","새마을 지도자 양성","1140000","1140000","180226","100.0","15.8"
"2026","민간이전","민간경상보조","행정안전부","일반회계"," ","일반·지방행정","지방행정·재정지원","지방자치분권","새마을운동지원","맞춤형 새마을운동 지원사업(ODA)","새마을 시범마을 운영","3309000","3309000","2056912","100.0","62.2"
"2026","민간이전","민간경상보조","행정안전부","일반회계"," ","일반·지방행정","지방행정·재정지원","지방자치분권","새마을운동지원","맞춤형 새마을운동 지원사업(ODA)","새마을금고 조성 연수","160000","160000","129314","100.0","80.8"
"2026","민간이전","민간경상보조","행정안전부","일반회계"," ","일반·지방행정","지방행정·재정지원","지방자치분권","성숙하고따뜻한사회구현","행복한선진시민사회구현","한국자유총연맹 지원","80000","32000","700","40.0","2.2"
"2026","민간이전","민간경상보조","행정안전부","일반회계"," ","일반·지방행정","지방행정·재정지원","지방자치분권","성숙하고따뜻한사회구현","지속가능한 지역사회 구축","바르게살기운동중앙협의회 지원","170000","136000","46108","80.0","33.9"
"2026","민간이전","민간경상보조","행정안전부","일반회계"," ","일반·지방행정","지방행정·재정지원","이북5도","이북도민관련지원","이북도민관련단체및행사지원","이북7도민회 지원","239000","238999","80400","100.0","33.6"
"2026","민간이전","민간경상보조","행정안전부","일반회계"," ","일반·지방행정","지방행정·재정지원","이북5도","이북도민관련지원","이북도민관련단체및행사지원","이북7도 도민의 날 행사 지원","96000","96000","96000","100.0","100.0"
"2026","민간이전","민간경상보조","행정안전부","일반회계"," ","일반·지방행정","정부자원관리","전자정부","행정정보화지원및관리조정(정보화)","행정정보화지원및관리조정(정보화)","국가지원 정보화사업관리 전문기관지원","3485000","3485000","2181439","100.0","62.6"
"2026","민간이전","민간경상보조","행정안전부","일반회계"," ","일반·지방행정","일반행정","정부의전","국가의정관리","전직대통령및유족예우","전직대통령 묘지관리 지원","245592","244469","156296","99.5","63.9"
"2026","민간이전","민간경상보조","행정안전부","일반회계"," ","일반·지방행정","일반행정","기록물관리","기록관리정책및교육","기록관리정책및교육","유네스코 국제기록유산센터 설립 준비 및 운영","2511000","2011000","707371","80.1","35.2"
"2026","민간이전","민간경상보조","행정안전부","일반회계"," ","일반·지방행정","일반행정","민주화지원및과거사정리","강제동원진상규명","대일항쟁기강제동원조사지원 및 운영","일제강제동원피해자지원재단 지원","4210000","4210000","1525435","100.0","36.2"
"2026","민간이전","민간경상보조","행정안전부","일반회계"," ","일반·지방행정","일반행정","민주화지원및과거사정리","민주화관련자명예회복","부마민주항쟁명예회복지원","부마민주항쟁재단지원","1850000","1665000","748356","90.0","44.9"
"2026","민간이전","민간경상보조","행정안전부","일반회계"," ","일반·지방행정","일반행정","민주화지원및과거사정리","민주화운동기념사업회지원","민주화운동기념사업회지원","민주화운동기념사업회지원","8205000","8205000","4060166","100.0","49.5"
"2026","민간이전","민간경상보조","행정안전부","일반회계"," ","공공질서및안전","재난관리","안전관리","생활안전개선 추진","4.16재단지원","4.16재단 지원","330000","330000","125043","100.0","37.9"
"2026","민간이전","민간경상보조","행정안전부","일반회계"," ","공공질서및안전","재난관리","안전관리","생활안전개선 추진","승강기안전관리개선","승강기 안전주간 행사","24000","24000","0","100.0","0.0"
"2026","민간이전","민간경상보조","행정안전부","일반회계"," ","공공질서및안전","재난관리","안전관리","생활안전개선 추진","승강기안전관리개선","승강기 안전산업 진흥","32000","32000","32000","100.0","100.0"
"2026","민간이전","민간경상보조","행정안전부","일반회계"," ","공공질서및안전","재난관리","재난관리","재난관리인프라구축","중앙재난안전대책본부운영","지역자율방재 역량 강화","45000","31500","0","70.0","0.0"
"2026","민간이전","민간경상보조","행정안전부","일반회계"," ","공공질서및안전","재난관리","재난관리","재난관리인프라구축","재난관리전문인력양성","'26 지진방재 전문인력 양성","720000","720000","302232","100.0","42.0"
"2026","민간이전","민간경상보조","행정안전부","일반회계"," ","공공질서및안전","재난관리","재난관리","재난관리인프라구축","재난관리전문인력양성","'25 지진방재 전문인력 양성","720000","720000","306990","100.0","42.6"
"2026","민간이전","민간경상보조","행정안전부","일반회계"," ","공공질서및안전","재난관리","재난관리","재난관리인프라구축","재난관리전문인력양성","재난관리 분야 전문인력 양성(2차년도, '25.9.1.~'26.8.31.)","225000","225000","128621","100.0","57.2"
"2026","민간이전","민간경상보조","행정안전부","일반회계"," ","공공질서및안전","재난관리","재난관리","재난관리인프라구축","재난관리전문인력양성","재난관리 분야 전문인력 양성(신규(1차년도), '26 . 9. 1~'27. 8. 31)","225000","0","0","0.0","0"
"2026","민간이전","민간경상보조","행정안전부","일반회계"," ","공공질서및안전","재난관리","재난관리","재난복구지원","풍수해·지진재해보험","풍수해보험 보험료 지원","48580000","40947377","41236809","84.3","100.7"
"2026","민간이전","민간경상보조","행정안전부","일반회계"," ","공공질서및안전","재난관리","재난관리","재난관리지원","10.29참사피해자지원단 운영지원","추모재단 운영지원","1029000","0","0","0.0","0"
"2026","민간이전","민간경상보조","행정안전부","일반회계"," ","공공질서및안전","재난관리","재난관리","재난관리지원","10.29참사피해자지원단 운영지원","법률지원","100000","80000","11900","80.0","14.9"
"2026","민간이전","민간경상보조","행정안전부","지역균형발전특별회계","지역지원계정","일반·지방행정","지방행정·재정지원","지방자치분권","자원봉사활성화지원","자원봉사활성화지원","자원봉사활동 참여·촉진 확산","657000","399000","371679","60.7","93.2"
"2026","민간이전","민간경상보조","행정안전부","지역균형발전특별회계","지역지원계정","일반·지방행정","지방행정·재정지원","지방자치분권","자원봉사활성화지원","자원봉사활성화지원","한국중앙자원봉사센터 운영","2418000","2084000","1189594","86.2","57.1"
"2026","민간이전","민간자본보조","고용노동부","일반회계"," ","사회복지","노동","노사정책","노사협력","취약노동자지원","한국노총 시설개선 지원","5100000","1530000","80770","30.0","5.3"
"2026","민간이전","민간자본보조","고용노동부","일반회계"," ","사회복지","노동","노사정책","노사협력","취약노동자지원","민주노총 임차보증금 지원","5100000","5100000","5100000","100.0","100.0"
"2026","민간이전","민간자본보조","과학기술정보통신부","방송통신발전기금"," ","문화및관광","문화예술","행복한방송통신환경조성(KMCC)","시청자 권익보호 및 참여 활성화","시청자미디어재단지원","시청자권익증진 인프라 운영(민간자본보조)","2996000","1498000","92023","50.0","6.1"
"2026","민간이전","민간자본보조","과학기술정보통신부","지역균형발전특별회계","지역지원계정","과학기술","과학기술연구개발","원자력 진흥","혁신원자력연구개발기반조성","혁신원자력연구개발기반조성","혁신원자력연구개발기반조성","10738000","9145884","8380406","85.2","91.6"
"2026","민간이전","민간자본보조","국가보훈부","일반회계"," ","사회복지","보훈","보훈단체지원","보훈단체지원","보훈단체운영및선양활동등","특수임무유공자회 재난구조단 노후장비 교체","0","0","0","0","0"
"2026","민간이전","민간자본보조","국가보훈부","일반회계"," ","사회복지","보훈","보훈의료복지","의료지원","보훈병원진료","차세대 보훈병원 정보시스템 구축","8907000","3862250","3719050","43.4","96.3"
"2026","민간이전","민간자본보조","국가보훈부","일반회계"," ","사회복지","보훈","보훈의료복지","의료환경개선","대구보훈병원 외래시설 개선","대구보훈병원 서관동 증축","6221000","3000000","0","48.2","0.0"
"2026","민간이전","민간자본보조","국가보훈부","일반회계"," ","사회복지","보훈","보훈의료복지","의료환경개선","보훈병원의료환경개선","중앙보훈병원 시설 재배치","3941000","422000","67938","10.7","16.1"
"2026","민간이전","민간자본보조","국가보훈부","일반회계"," ","사회복지","보훈","보훈의료복지","의료환경개선","보훈병원의료환경개선","광주보훈병원 시설 확충","5391000","0","0","0.0","0"
"2026","민간이전","민간자본보조","국가보훈부","일반회계"," ","사회복지","보훈","보훈문화","독립기념관","독립기념관운영및활성화","독립기념관환경개선사업등","9004000","9004000","2517053","100.0","28.0"
"2026","민간이전","민간자본보조","국가보훈부","일반회계"," ","사회복지","보훈","보훈문화","독립기념관","독립기념관운영및활성화","광복80주년 특별관 건립","971000","507000","3920","52.2","0.8"
"2026","민간이전","민간자본보조","국가보훈부","일반회계"," ","사회복지","보훈","보훈문화","현충시설","현충시설건립","장성군 월남전 참전기념탑 건립 지원","200000","0","0","0.0","0"
"2026","민간이전","민간자본보조","국가유산청","국가유산보호기금"," ","문화및관광","국가유산","문화유산","문화유산 보존관리","일반문화유산 조사 및 보존관리 지원","한국의 불교회화 보존처리 장비 구축 지원","2800000","1000000","0","35.7","0.0"
"2026","민간이전","민간자본보조","국방부","일반회계"," ","국방","전력유지","군인사및교육훈련","정훈문화활동","전쟁기념사업회","전쟁기념사업회","3424894","3424894","1680550","100.0","49.1"
"2026","민간이전","민간자본보조","국토교통부","교통시설특별회계","공항계정","교통및물류","항공·공항","일반공항건설및관리","일반공항관리","일반공항시설관리","김해공항 시설개선","1203000","370000","0","30.8","0.0"
"2026","민간이전","민간자본보조","국토교통부","교통시설특별회계","공항계정","교통및물류","항공·공항","일반공항건설및관리","일반공항관리","일반공항시설관리","김포공항 시설개선","7657000","325000","149526","4.2","46.0"
"2026","민간이전","민간자본보조","국토교통부","교통시설특별회계","공항계정","교통및물류","항공·공항","일반공항건설및관리","일반공항관리","일반공항시설관리","제주공항 시설개선","8848000","1444000","0","16.3","0.0"
"2026","민간이전","민간자본보조","국토교통부","교통시설특별회계","공항계정","교통및물류","항공·공항","일반공항건설및관리","일반공항관리","일반공항시설관리","대구공항 시설개선","690000","397000","45526","57.5","11.5"
"2026","민간이전","민간자본보조","국토교통부","교통시설특별회계","공항계정","교통및물류","항공·공항","일반공항건설및관리","일반공항관리","일반공항시설관리","청주공항 시설개선","789000","491000","0","62.2","0.0"
"2026","민간이전","민간자본보조","국토교통부","교통시설특별회계","공항계정","교통및물류","항공·공항","일반공항건설및관리","일반공항관리","일반공항시설관리","무안공항 시설개선","4410100","225000","60766","5.1","27.0"
"2026","민간이전","민간자본보조","국토교통부","교통시설특별회계","공항계정","교통및물류","항공·공항","일반공항건설및관리","일반공항관리","일반공항시설관리","양양공항 시설개선","4255500","144000","0","3.4","0.0"
"2026","민간이전","민간자본보조","국토교통부","교통시설특별회계","공항계정","교통및물류","항공·공항","일반공항건설및관리","일반공항관리","일반공항시설관리","광주공항 시설개선","309000","36000","0","11.7","0.0"
"2026","민간이전","민간자본보조","국토교통부","교통시설특별회계","공항계정","교통및물류","항공·공항","일반공항건설및관리","일반공항관리","일반공항시설관리","울산공항 시설개선","28032500","12021000","0","42.9","0.0"
"2026","민간이전","민간자본보조","국토교통부","교통시설특별회계","공항계정","교통및물류","항공·공항","일반공항건설및관리","일반공항관리","일반공항시설관리","여수공항 시설개선","4170500","63000","0","1.5","0.0"
"2026","민간이전","민간자본보조","국토교통부","교통시설특별회계","공항계정","교통및물류","항공·공항","일반공항건설및관리","일반공항관리","일반공항시설관리","포항경주공항 시설개선","15885000","7763000","0","48.9","0.0"
"2026","민간이전","민간자본보조","국토교통부","교통시설특별회계","공항계정","교통및물류","항공·공항","일반공항건설및관리","일반공항관리","일반공항시설관리","사천공항 시설개선","15818000","7763000","0","49.1","0.0"
"2026","민간이전","민간자본보조","국토교통부","교통시설특별회계","공항계정","교통및물류","항공·공항","일반공항건설및관리","일반공항관리","일반공항시설관리","원주공항 시설개선","24410000","12263000","0","50.2","0.0"
"2026","민간이전","민간자본보조","국토교통부","교통시설특별회계","공항계정","교통및물류","항공·공항","일반공항건설및관리","일반공항관리","일반공항시설관리","군산공항 시설개선","228000","0","0","0.0","0"
"2026","민간이전","민간자본보조","국토교통부","교통시설특별회계","공항계정","교통및물류","항공·공항","일반공항건설및관리","일반공항관리","일반공항시설관리","울진비행장 시설개선","0","0","0","0","0"
"2026","민간이전","민간자본보조","국토교통부","교통시설특별회계","공항계정","교통및물류","항공·공항","일반공항건설및관리","일반공항관리","무안공항 차세대 전력망 구축","무안공항 차세대 전력망 구축","3035000","3035000","724241","100.0","23.9"
"2026","민간이전","민간자본보조","국토교통부","교통시설특별회계","공항계정","교통및물류","항공·공항","항공발전지원","항행안전시설","항행안전시설운영및구축","방위각 시설 개선","3100000","1700000","0","54.8","0.0"
"2026","민간이전","민간자본보조","국토교통부","교통시설특별회계","공항계정","교통및물류","항공·공항","항공발전지원","항공산업지원","인천공항 해안경계보강사업비 대납금상환","인천공항 해안경계보강사업비 대납금상환","15000000","0","0","0.0","0"
"2026","민간이전","민간자본보조","국토교통부","교통시설특별회계","도로계정","교통및물류","도로","도로관리","디지털도로 AI 신기술 지원사업","디지털도로 AI 신기술 지원사업","디지털도로 AI 신기술 지원사업","0","0","0","0","0"
"2026","민간이전","민간자본보조","국토교통부","교통시설특별회계","도로계정","교통및물류","도로","민자도로건설및관리","민자유치사업지원","민자도로건설지원","안전시설 개량","0","0","0","0","0"
"2026","민간이전","민간자본보조","국토교통부","교통시설특별회계","도로계정","교통및물류","도로","민자도로건설및관리","민자유치사업지원","민자도로건설지원","광명-서울 고속도로","149795000","51230000","51230000","34.2","100.0"
"2026","민간이전","민간자본보조","국토교통부","교통시설특별회계","철도계정","교통및물류","철도","광역철도건설","광역철도건설지원","수도권광역급행철도B노선","수도권광역급행철도B노선 건설보조금","51660000","0","0","0.0","0"
"2026","민간이전","민간자본보조","국토교통부","교통시설특별회계","철도계정","교통및물류","철도","광역철도건설","광역철도건설지원","신안산선복선전철","신안산선 복선전철  건설지원","234821000","96677296","92807296","41.2","96.0"
"2026","민간이전","민간자본보조","국토교통부","일반회계"," ","교통및물류","철도","철도안전및운영","철도안전(일반)","일반철도안전 및 시설개량","노후출자역사개량","15847000","15847000","4289509","100.0","27.1"
"2026","민간이전","민간자본보조","국토교통부","일반회계"," ","교통및물류","물류등기타","물류정책","물류산업지원","스마트물류센터조성지원","물류AI기술 도입지원","0","0","0","0","0"
"2026","민간이전","민간자본보조","국토교통부","일반회계"," ","국토및지역개발","산업단지","산업단지개발및지원","산업단지지원(일반)","기후변화대응산단조성지원","기후변화대응산단조성지원","975000","875000","0","89.7","0.0"
"2026","민간이전","민간자본보조","국토교통부","지역균형발전특별회계","지역지원계정","교통및물류","철도","광역철도건설","광역철도건설지원","신분당선(용산-강남)","신분당선(용산-강남) 건설지원","2100000","425958","425958","20.3","100.0"
"2026","민간이전","민간자본보조","국토교통부","지역균형발전특별회계","지역지원계정","국토및지역개발","산업단지","산업단지개발및지원","산업단지지원(지원)","캠퍼스 혁신파크조성","캠퍼스혁신파크 조성","14150000","10393552","10393552","73.5","100.0"
"2026","민간이전","민간자본보조","금융위원회","일반회계"," ","일반·지방행정","재정·금융","금융정책","핀테크 지원 사업","핀테크 지원 사업","핀테크 지원 사업(업무공간 제공)","110000","110000","84071","100.0","76.4"
"2026","민간이전","민간자본보조","기획예산처","복권기금"," ","사회복지","취약계층지원","복권기금운영(취약계층지원)","금융소외자 신용회복 법률 지원","개인회생,파산 종합지원센터 구축","개인회생, 파산 종합지원센터 구축","2570000","2570000","2570000","100.0","100.0"
"2026","민간이전","민간자본보조","기획예산처","복권기금"," ","사회복지","취약계층지원","복권기금운영(취약계층지원)","청소년자립생활관 지원","청소년자립생활관 지원","청소년자립생활관 지원","210000","210000","210000","100.0","100.0"
"2026","민간이전","민간자본보조","기후에너지환경부","기후대응기금"," ","환경","자원순환및환경경제","온실가스감축","산업저탄소화","탄소중립 설비투자 지원(환경부)","스마트생태공장구축","74120000","51884000","476544","70.0","0.9"
"2026","민간이전","민간자본보조","기후에너지환경부","기후대응기금"," ","환경","자원순환및환경경제","온실가스감축","산업저탄소화","탄소중립 설비투자 지원(환경부)","할당대상업체 탄소중립설비 지원사업(민간보조)","120000000","74000000","7558711","61.7","10.2"
"2026","민간이전","민간자본보조","기후에너지환경부","기후대응기금"," ","환경","자원순환및환경경제","온실가스감축","산업저탄소화","탄소중립 설비투자 지원(환경부)","친환경 냉매사용기기 지원","0","0","0","0","0"
"2026","민간이전","민간자본보조","기후에너지환경부","기후대응기금"," ","환경","기후대기및환경안전","온실가스감축","산업저탄소화","온실가스관리인프라구축(환경부)","목표관리업체 온실가스 감축 지원","1500000","1100000","0","73.3","0.0"
"2026","민간이전","민간자본보조","기후에너지환경부","기후대응기금"," ","환경","기후대기및환경안전","온실가스감축","산업저탄소화","온실가스관리인프라구축(환경부)","공공부문 온실가스 감축설비 지원사업","4500000","3150000","68406","70.0","2.2"
"2026","민간이전","민간자본보조","기후에너지환경부","기후대응기금"," ","환경","기후대기및환경안전","온실가스감축","산업저탄소화","재활용 가능 자원 수거 선별 인프라 확충","영농폐기물 재활용 촉진(재활용시설 설치 개선)","6189000","4951200","709532","80.0","14.3"
"2026","민간이전","민간자본보조","기후에너지환경부","기후대응기금"," ","환경","기후대기및환경안전","저탄소생태계조성","순환경제","청정수소 활용 수소모빌리티 보급기반 구축사업","바이오가스 기반 청정수소 생산","6500000","4200000","250000","64.6","6.0"
"2026","민간이전","민간자본보조","기후에너지환경부","기후대응기금"," ","농림수산","농업·농촌","탄소중립기반구축","제도운영","온실가스관리인프라구축","배출권거래제 할당대상업체 지원사업","1659000","1244250","710534","75.0","57.1"
"2026","민간이전","민간자본보조","기후에너지환경부","기후대응기금"," ","산업·중소기업및에너지","산업혁신지원","온실가스감축","산업저탄소화","탄소중립 설비투자 지원(산업부)","생태산업개발을통한미세먼지및온실가스감축(산단친환경설비인프라지원)","2800000","2800000","469140","100.0","16.8"
"2026","민간이전","민간자본보조","기후에너지환경부","기후대응기금"," ","국토및지역개발","지역및도시","온실가스감축","도시국토저탄소화","공공건축물 그린리모델링 2.0","공공건축물 그린리모델링 2.0","148500600","148500600","0","100.0","0.0"
"2026","민간이전","민간자본보조","기후에너지환경부","에너지및자원사업특별회계","투자계정","환경","기후대기및환경안전","대기환경 보전","대기오염 발생원 관리","무공해차 충전 인프라 구축 사업","수소충전소(민간자본보조)","174300000","165300000","466593","94.8","0.3"
"2026","민간이전","민간자본보조","기후에너지환경부","에너지및자원사업특별회계","투자계정","환경","기후대기및환경안전","대기환경 보전","대기오염 발생원 관리","무공해차 충전 인프라 구축 사업","급속(초고속)충전기 설치지원(민간자본보조)","284250000","30000000","0","10.6","0.0"
"2026","민간이전","민간자본보조","기후에너지환경부","에너지및자원사업특별회계","투자계정","환경","기후대기및환경안전","대기환경 보전","대기오염 발생원 관리","무공해차 충전 인프라 구축 사업","전기이륜차 배터리 교환형 충전기 보조사업(민간자본보조)","5000000","3500000","0","70.0","0.0"
"2026","민간이전","민간자본보조","기후에너지환경부","에너지및자원사업특별회계","투자계정","환경","기후대기및환경안전","대기환경 보전","대기오염 발생원 관리","무공해차 충전 인프라 구축 사업","스마트 제어 완속충전기 설치 지원사업(민간자본보조)","110000000","50000000","0","45.5","0.0"
"2026","민간이전","민간자본보조","기후에너지환경부","에너지및자원사업특별회계","투자계정","환경","기후대기및환경안전","대기환경 보전","대기오염 발생원 관리","무공해차 충전 인프라 구축 사업","스마트 제어 완속충전기 교체 지원사업(민간자본보조)","22500000","0","0","0.0","0"
"2026","민간이전","민간자본보조","기후에너지환경부","에너지및자원사업특별회계","투자계정","환경","기후대기및환경안전","대기환경 보전","대기오염 발생원 관리","무공해차 충전 인프라 구축 사업","중속충전기 보조사업","30000000","0","0","0.0","0"
"2026","민간이전","민간자본보조","기후에너지환경부","에너지및자원사업특별회계","투자계정","산업·중소기업및에너지","에너지및자원개발","에너지자원정책","에너지복지지원","에너지바우처","에너지바우처","0","0","0","0","0"
"2026","민간이전","민간자본보조","기후에너지환경부","에너지및자원사업특별회계","투자계정","산업·중소기업및에너지","에너지및자원개발","재생에너지및에너지신산업활성화","에너지신산업","수소산업진흥 기반구축사업","청정수소시험평가및실증화지원기반구축사업","21350000","7687000","267956","36.0","3.5"
"2026","민간이전","민간자본보조","기후에너지환경부","에너지및자원사업특별회계","투자계정","산업·중소기업및에너지","에너지및자원개발","재생에너지및에너지신산업활성화","에너지신산업","수소저장·운송클러스터구축사업","수소저장·운송클러스터구축사업","4884000","3418800","0","70.0","0.0"
"2026","민간이전","민간자본보조","기후에너지환경부","에너지및자원사업특별회계","투자계정","산업·중소기업및에너지","에너지및자원개발","재생에너지및에너지신산업활성화","에너지신산업","수소터빈시험연구센터구축","수소터빈시험연구센터구축","20900000","14900000","142259","71.3","1.0"
"2026","민간이전","민간자본보조","기후에너지환경부","전력산업기반기금"," ","산업·중소기업및에너지","에너지및자원개발","재생에너지및에너지신산업활성화","재생에너지지원","가파도RE100마을(Net-Zeroisland)조성","공급설비 지원","7116000","4625000","0","65.0","0.0"
"2026","민간이전","민간자본보조","기후에너지환경부","전력산업기반기금"," ","산업·중소기업및에너지","에너지및자원개발","재생에너지및에너지신산업활성화","재생에너지지원","가파도RE100마을(Net-Zeroisland)조성","공용설비 지원","200000","130000","0","65.0","0.0"
"2026","민간이전","민간자본보조","기후에너지환경부","전력산업기반기금"," ","산업·중소기업및에너지","에너지및자원개발","재생에너지및에너지신산업활성화","재생에너지지원","가파도RE100마을(Net-Zeroisland)조성","시스템 설치 지원","684000","445000","0","65.1","0.0"
"2026","민간이전","민간자본보조","기후에너지환경부","전력산업기반기금"," ","산업·중소기업및에너지","에너지및자원개발","재생에너지및에너지신산업활성화","에너지신산업","수소연료전지발전클러스터구축사업","수소연료전지발전클러스터구축사업","12942000","12942000","0","100.0","0.0"
"2026","민간이전","민간자본보조","기후에너지환경부","전력산업기반기금"," ","산업·중소기업및에너지","에너지및자원개발","에너지공급체계구축","농어촌전기공급지원(기금)","농어촌전기공급사업","농어촌전기공급지원","27013000","17559000","3149267","65.0","17.9"
"2026","민간이전","민간자본보조","기후에너지환경부","지역균형발전특별회계","지역지원계정","환경","자원순환및환경경제","자원순환사회 형성 촉진","폐기물 발생원 관리","자원순환촉진지원(지원)","순환경제 성과관리제도 운영(순환경제 성과관리 이행지원사업)","2000000","2000000","471049","100.0","23.6"
"2026","민간이전","민간자본보조","기후에너지환경부","환경개선특별회계"," ","환경","자원순환및환경경제","자원순환사회 형성 촉진","폐기물 발생원 관리","자원순환 기반구축","재생원료 종량제봉투 제작 지원","13818000","0","0","0.0","0"
"2026","민간이전","민간자본보조","기후에너지환경부","환경개선특별회계"," ","환경","자원순환및환경경제","자원순환사회 형성 촉진","폐기물 발생원 관리","자원순환촉진지원","순환경제 성과관리제도 운영(순환경제 성과관리 이행지원사업)","0","0","0","0","0"
"2026","민간이전","민간자본보조","기후에너지환경부","환경개선특별회계"," ","환경","자원순환및환경경제","친환경경제사회 활성화","친환경산업 육성·지원","중소환경기업 사업화 지원사업","상생협력 실증 프로그램","14960000","13810000","224698","92.3","1.6"
"2026","민간이전","민간자본보조","기후에너지환경부","환경개선특별회계"," ","환경","기후대기및환경안전","대기환경 보전","대기오염 발생원 관리","지하역사공기질 개선대책","지하역사 미세먼지 개선대책","781000","0","0","0.0","0"
"2026","민간이전","민간자본보조","기후에너지환경부","환경개선특별회계"," ","환경","기후대기및환경안전","화학물질 안전관리","화학사고 대응","화학물질 취급 안전관리, 지원","화학안전 사업장 조성 지원사업","4593000","3600000","204010","78.4","5.7"
"2026","민간이전","민간자본보조","기후에너지환경부","환경개선특별회계"," ","환경","자연환경","자연생태 보전","자연의 보전·관리","야생동식물보호 및 관리","야생동물 구조관리센터 설치 지원","150000","120000","49733","80.0","41.4"
"2026","민간이전","민간자본보조","기후에너지환경부","환경개선특별회계"," ","환경","자연환경","자연생태 보전","자연의 보전·관리","야생동식물보호 및 관리","사육곰 보호관리 지원(자본)","1400000","0","0","0.0","0"
"2026","민간이전","민간자본보조","농림축산식품부","농산물가격안정기금"," ","농림수산","농업·농촌","농산물수급안정및유통효율화","농산물유통개선(농안기금)","농산물산지유통활성화","인삼특용작물유통시설지원(인삼검사소현대화-자본)","77000","77000","0","100.0","0.0"
"2026","민간이전","민간자본보조","농림축산식품부","농어촌구조개선특별회계","구조개선사업계정","농림수산","농업·농촌","농업신산업육성","스마트농업육성","노지 스마트농업 ICT 융복합 확산","스마트 기반조성","2400000","2000000","0","83.3","0.0"
"2026","민간이전","민간자본보조","농림축산식품부","농어촌구조개선특별회계","구조개선사업계정","농림수산","농업·농촌","가축방역및축산물안전관리","가축방역(농특)","가축방역대응지원","소독자원 지원(지역축협 소독차량 교체 지원)","100000","0","0","0.0","0"
"2026","민간이전","민간자본보조","농림축산식품부","농어촌구조개선특별회계","구조개선사업계정","농림수산","농업·농촌","농업생산기반정비","대단위농업개발 및 시설정비","농업기반시설 치수능력확대","농업기반시설치수능력확대","13250000","9900000","9900000","74.7","100.0"
"2026","민간이전","민간자본보조","농림축산식품부","농어촌구조개선특별회계","구조개선사업계정","농림수산","농업·농촌","농업생산기반정비","농업시설개선(농특)","농촌용수관리","농업용수관리자동화","2000000","1600000","968504","80.0","60.5"
"2026","민간이전","민간자본보조","농림축산식품부","농어촌구조개선특별회계","구조개선사업계정","농림수산","농업·농촌","농업생산기반정비","농업시설개선(농특)","농촌용수관리","지하수자원관리","6000000","4810000","2749792","80.2","57.2"
"2026","민간이전","민간자본보조","농림축산식품부","농어촌구조개선특별회계","구조개선사업계정","농림수산","농업·농촌","농업생산기반정비","농업시설개선(농특)","농촌용수관리","농업용수 수질조사 및 개선(수질개선-민간자본)","21840000","15972000","1235737","73.1","7.7"
"2026","민간이전","민간자본보조","농림축산식품부","농어촌구조개선특별회계","구조개선사업계정","농림수산","농업·농촌","농업생산기반정비","농업시설개선(농특)","수리시설개보수","수리시설개보수","756902000","493800000","443422511","65.2","89.8"
"2026","민간이전","민간자본보조","농림축산식품부","농어촌구조개선특별회계","구조개선사업계정","농림수산","농업·농촌","농업생산기반정비","다목적 용수개발","농촌용수개발","다목적농촌용수개발","151939000","115660000","93643570","76.1","81.0"
"2026","민간이전","민간자본보조","농림축산식품부","농어촌구조개선특별회계","구조개선사업계정","농림수산","농업·농촌","농업생산기반정비","다목적 용수개발","농촌용수개발","농촌용수이용체계재편","46081000","33340000","27554592","72.4","82.6"
"2026","민간이전","민간자본보조","농림축산식품부","농어촌구조개선특별회계","구조개선사업계정","농림수산","농업·농촌","농업생산기반정비","다목적 용수개발","농촌용수개발","논범용화용수공급체계구축(민간)","900000","600000","0","66.7","0.0"
"2026","민간이전","민간자본보조","농림축산식품부","농어촌구조개선특별회계","구조개선사업계정","농림수산","농업·농촌","농업생산기반정비","다목적 용수개발","농촌용수개발","지하수원개발","0","0","0","0","0"
"2026","민간이전","민간자본보조","농림축산식품부","농어촌구조개선특별회계","구조개선사업계정","농림수산","농업·농촌","종자관리","종자산업육성(농특)","과수무병묘목생산공급지원","과수우량묘목(원종)생산 지원","300000","300000","46831","100.0","15.6"
"2026","민간이전","민간자본보조","농림축산식품부","농어촌구조개선특별회계","구조개선사업계정","농림수산","농업·농촌","종자관리","종자산업육성(농특)","과수무병묘목생산공급지원","과수무병묘목(보급종)생산공급지원(민간자본)","160000","0","40000","0.0","0"
"2026","민간이전","민간자본보조","농림축산식품부","농어촌구조개선특별회계","구조개선사업계정","농림수산","식품업","식품외식산업육성","농식품 글로벌 진출 확대","농식품글로벌경쟁력강화","우수농식품신선도제고","460000","345000","0","75.0","0.0"
"2026","민간이전","민간자본보조","농림축산식품부","농어촌구조개선특별회계","구조개선사업계정","농림수산","식품업","식품외식산업육성","식품산업기반조성","국가식품산업클러스터","국가식품산업클러스터(자본)","500000","30000","11200","6.0","37.3"
"2026","민간이전","민간자본보조","농림축산식품부","농어촌구조개선특별회계","구조개선사업계정","농림수산","식품업","식품외식산업육성","한식및외식산업육성","한식진흥 및 음식관광활성화","향토음식 진흥센터 조성","2675000","2140000","405639","80.0","19.0"
"2026","민간이전","민간자본보조","농림축산식품부","농지관리기금"," ","농림수산","농업·농촌","농업인력육성및창업지원","맞춤형농지지원(농지기금)","맞춤형농지지원(융자)","공공임대용 농지매입(훼손농지 복구비)","3234000","2156000","2156000","66.7","100.0"
"2026","민간이전","민간자본보조","농림축산식품부","일반회계"," ","농림수산","농업·농촌","농업인력육성및창업지원","한국농수산대학교교육운영(책임운영)","한국농수산대학교교육운영(책임운영)","졸업생 영농영어정착 우수과제사업 공모 지원","131250","0","0","0.0","0"
"2026","민간이전","민간자본보조","농림축산식품부","지역균형발전특별회계","지역지원계정","농림수산","농업·농촌","농업신산업육성","스마트농업육성","임대형 스마트팜(지원)","비축농지 임대형 스마트팜","3000000","1500000","0","50.0","0.0"
"2026","민간이전","민간자본보조","농림축산식품부","지역균형발전특별회계","지역지원계정","농림수산","농업·농촌","농업생산기반정비","재해예방(지특)","배수개선","배수개선(민간)","6452000","0","0","0.0","0"
"2026","민간이전","민간자본보조","농림축산식품부","축산발전기금"," ","농림수산","농업·농촌","축산업진흥 및 동물복지향상","축산물수급관리","축산물도매시장온라인경매플랫폼구축","축산물도매시장온라인경매플랫폼구축(자본보조)","118000","118000","1000","100.0","0.8"
"2026","민간이전","민간자본보조","농림축산식품부","축산발전기금"," ","농림수산","농업·농촌","축산업진흥 및 동물복지향상","축산기술보급","가축개량지원","한우젖소개량지원(민간자본)","300000","0","0","0.0","0"
"2026","민간이전","민간자본보조","농림축산식품부","축산발전기금"," ","농림수산","농업·농촌","축산업진흥 및 동물복지향상","축산기술보급","가축개량지원","돼지능력검정지원(민간자본)","174000","174000","0","100.0","0.0"
"2026","민간이전","민간자본보조","농림축산식품부","축산발전기금"," ","농림수산","농업·농촌","축산업진흥 및 동물복지향상","축산업경쟁력제고(축발)","사료산업종합지원","사료 검정장비 지원","900000","0","0","0.0","0"
"2026","민간이전","민간자본보조","농림축산식품부","축산발전기금"," ","농림수산","농업·농촌","축산업진흥 및 동물복지향상","축산물품질관리(축발)","축산물품질관리","축산물이력관리 장비지원(민간)","1751000","1568000","476444","89.5","30.4"
"2026","민간이전","민간자본보조","농림축산식품부","축산발전기금"," ","농림수산","농업·농촌","가축방역및축산물안전관리","가축방역(축발)","가축위생방역지원","가축위생방역지원본부 방역장비 구입지원","1554000","1398600","1189399","90.0","85.0"
"2026","민간이전","민간자본보조","문화체육관광부","관광진흥개발기금"," ","문화및관광","관광","국내관광활성화","관광인프라 조성","전통문화체험 지원","템플스테이 시설지원","0","0","0","0","0"
"2026","민간이전","민간자본보조","문화체육관광부","국민체육진흥기금","국민체육진흥계정","문화및관광","체육","전문체육육성","전문체육 육성","우수선수양성지원","유소년스포츠콤플렉스 건립","5180000","3885000","263","75.0","0.0"
"2026","민간이전","민간자본보조","문화체육관광부","국민체육진흥기금","국민체육진흥계정","문화및관광","체육","전문체육육성","전문체육 육성","우수선수양성지원","동계종목 훈련시설 조성","3000000","2400000","770","80.0","0.0"
"2026","민간이전","민간자본보조","문화체육관광부","국민체육진흥기금","국민체육진흥계정","문화및관광","체육","스포츠산업 육성","스포츠산업 연구 및 기술개발(R&D)","스포츠과학 지원","평창 동계 스포츠과학센터 구축","500000","0","0","0.0","0"
"2026","민간이전","민간자본보조","문화체육관광부","국민체육진흥기금","국민체육진흥계정","문화및관광","체육","스포츠산업 육성","기금조성 기반시설 지원","올림픽스포츠콤플렉스 조성","올림픽수영장 구역 주차 개선사업","338000","0","0","0.0","0"
"2026","민간이전","민간자본보조","문화체육관광부","국민체육진흥기금","국민체육진흥계정","문화및관광","체육","스포츠산업 육성","기금조성 기반시설 지원","올림픽스포츠콤플렉스 조성","미사조정공원 안전·노후시설 정비","1498000","946000","0","63.2","0.0"
"2026","민간이전","민간자본보조","문화체육관광부","국민체육진흥기금","국민체육진흥계정","문화및관광","체육","스포츠산업 육성","기금조성 기반시설 지원","올림픽스포츠콤플렉스 조성","올림픽공원 안전·노후시설 정비","3611000","2527700","86101","70.0","3.4"
"2026","민간이전","민간자본보조","문화체육관광부","국민체육진흥기금","국민체육진흥계정","문화및관광","체육","국제스포츠역량강화","국제스포츠 교류 활성화","도핑방지활동지원","도핑콘트롤센터 기능 보강","600000","400000","11990","66.7","3.0"
"2026","민간이전","민간자본보조","문화체육관광부","일반회계"," ","문화및관광","문화예술","종교문화지원","종교문화활동 및 보존지원","종교문화시설건립","10.27법난기념관 건립 ","8820000","5720000","231780","64.9","4.1"
"2026","민간이전","민간자본보조","문화체육관광부","일반회계"," ","문화및관광","문화예술","콘텐츠산업 육성","문화콘텐츠산업 육성","음악산업 및 대중문화산업 육성","대중문화예술 명예의 전당 구축","10000000","1105000","0","11.1","0.0"
"2026","민간이전","민간자본보조","문화체육관광부","일반회계"," ","문화및관광","문화예술","콘텐츠산업 육성","문화콘텐츠산업 육성","게임산업육성","인재양성(게임인재원 운영)","0","0","0","0","0"
"2026","민간이전","민간자본보조","문화체육관광부","일반회계"," ","문화및관광","문화예술","콘텐츠산업 육성","문화콘텐츠산업 육성","게임산업육성","이스포츠 활성화 지원(한국콘텐츠진흥원 민자보)","2446000","2446000","93851","100.0","3.8"
"2026","민간이전","민간자본보조","문화체육관광부","일반회계"," ","문화및관광","문화예술","콘텐츠산업 육성","문화콘텐츠산업 육성","게임산업육성","글로벌게임허브센터 운영","550000","550000","0","100.0","0.0"
"2026","민간이전","민간자본보조","문화체육관광부","일반회계"," ","문화및관광","문화예술","문화미디어산업육성및지원","방송영상콘텐츠 및 광고산업 활성화","방송영상콘텐츠 산업 육성","방송영상콘텐츠 제작인프라 지원","6690000","4683000","107903","70.0","2.3"
"2026","민간이전","민간자본보조","문화체육관광부","일반회계"," ","문화및관광","문화예술","창의적문화정책구현","문화예술교육지원","문화예술교육 활성화","문화예술교육 허브 구축","6762000","3720000","2037335","55.0","54.8"
"2026","민간이전","민간자본보조","문화체육관광부","일반회계"," ","문화및관광","문화예술","예술의 진흥 및 생활화, 산업화","공연 및 전통예술 진흥기반 구축","예술의전당 리모델링","예술의전당 리모델링(노후시설 개보수)","2809000","2300000","1001992","81.9","43.6"
"2026","민간이전","민간자본보조","문화체육관광부","일반회계"," ","문화및관광","문화예술","예술의 진흥 및 생활화, 산업화","공연 및 전통예술 진흥기반 구축","예술의전당 리모델링","예술의전당 리모델링(한가람미술관 리모델링)","11264000","8044000","2555823","71.4","31.8"
"2026","민간이전","민간자본보조","문화체육관광부","일반회계"," ","문화및관광","문화예술","예술의 진흥 및 생활화, 산업화","공연 및 전통예술 진흥기반 구축","예술의전당 리모델링","예술의전당 리모델링(오페라하우스 리모델링)","200000","200000","0","100.0","0.0"
"2026","민간이전","민간자본보조","문화체육관광부","일반회계"," ","문화및관광","문화예술","예술의 진흥 및 생활화, 산업화","공연 및 전통예술 진흥기반 구축","문화예술 인프라 구축","어린이 복합문화공간 조성","0","0","0","0","0"
"2026","민간이전","민간자본보조","문화체육관광부","일반회계"," ","문화및관광","문화예술","예술의 진흥 및 생활화, 산업화","기초예술역량강화","한국문학번역원 지원","한국문학번역원 지원","1452000","1161600","155350","80.0","13.4"
"2026","민간이전","민간자본보조","문화체육관광부","일반회계"," ","문화및관광","문화예술","국제문화홍보","국제문화교류 및 한류확산 기반조성","재외 한국문화원 운영","해외문화 전진기지화 통합이전비(콘진원)","1124000","0","0","0.0","0"
"2026","민간이전","민간자본보조","문화체육관광부","일반회계"," ","문화및관광","문화예술","국제문화홍보","국제문화교류 및 한류확산 기반조성","재외 한국문화원 운영","해외문화 전진기지화","380000","20000","0","5.3","0.0"
"2026","민간이전","민간자본보조","문화체육관광부","일반회계"," ","문화및관광","문화예술","국제문화홍보","국제문화교류 및 한류확산 기반조성","재외 한국문화원 운영","해외문화 전진기지화(통합이전비_관광공사 해외지사)","691000","0","0","0.0","0"
"2026","민간이전","민간자본보조","문화체육관광부","지역균형발전특별회계","지역지원계정","문화및관광","관광","국내관광활성화","관광인프라 조성","전통문화체험 지원","템플스테이 지원(시설지원)","11000000","7700000","2181968","70.0","28.3"
"2026","민간이전","민간자본보조","방송미디어통신위원회","일반회계"," ","통신","방송통신","공정하고 안전한 방송통신 환경조성","방송인프라지원","KBS대외방송송출지원","송신시설 교체비 ","423000","372240","165607","88.0","44.5"
"2026","민간이전","민간자본보조","방송미디어통신위원회","일반회계"," ","통신","방송통신","공정하고 안전한 방송통신 환경조성","방송인프라지원","EBS방송인프라개선","방송제작시스템","589000","461000","0","78.3","0.0"
"2026","민간이전","민간자본보조","방송미디어통신위원회","일반회계"," ","통신","방송통신","공정하고 안전한 방송통신 환경조성","방송인프라지원","EBS방송인프라개선","네트워크시스템","555000","397000","0","71.5","0.0"
"2026","민간이전","민간자본보조","방송통신위원회","일반회계"," ","통신","방송통신","공정하고 안전한 방송통신 환경조성","방송인프라지원","KBS대외방송송출지원","송신시설 교체비 지원","0","0","0","0","0"
"2026","민간이전","민간자본보조","방송통신위원회","일반회계"," ","통신","방송통신","공정하고 안전한 방송통신 환경조성","방송인프라지원","EBS방송인프라개선","방송제작시스템","0","0","0","0","0"
"2026","민간이전","민간자본보조","방송통신위원회","일반회계"," ","통신","방송통신","공정하고 안전한 방송통신 환경조성","방송인프라지원","EBS방송인프라개선","네트워크시스템","0","0","0","0","0"
"2026","민간이전","민간자본보조","법무부","범죄피해자보호기금"," ","공공질서및안전","법무및검찰","인권활동","강력범죄등피해자보호및지원","범죄피해자치료및자립지원","스마일센터 설치 및 기능보강","35000","0","0","0.0","0"
"2026","민간이전","민간자본보조","보건복지부","국민건강증진기금","공공보건의료계정","보건","보건의료","공공보건의료확충","국립중앙의료원 지원","국립중앙의료원 현대화사업 지원","국립중앙의료원 현대화사업 지원","28126000","21095000","5440","75.0","0.0"
"2026","민간이전","민간자본보조","보건복지부","국민건강증진기금","공공보건의료계정","보건","보건의료","공공보건의료확충","국립중앙의료원 지원","국립중앙의료원 현대화사업 지원","국립중앙의료원 정책지원센터 구축","1298000","973000","0","75.0","0.0"
"2026","민간이전","민간자본보조","보건복지부","국민건강증진기금","국민건강증진계정","보건","보건의료","공공보건의료확충","혈액안전관리","혈액안전관리","혈액원 노후장비 교체등 구입지원","3959000","3959000","0","100.0","0.0"
"2026","민간이전","민간자본보조","보건복지부","국민건강증진기금","국민건강증진계정","보건","보건의료","공공보건의료확충","혈액안전관리","혈액안전관리","헌혈의집 설치 지원","1600000","1600000","53895","100.0","3.4"
"2026","민간이전","민간자본보조","보건복지부","국민건강증진기금","국민건강증진계정","보건","보건의료","공공보건의료확충","혈액안전관리","혈액안전관리","혈액원 소방공사(스프링클러) 설치 지원","1480000","1480000","96661","100.0","6.5"
"2026","민간이전","민간자본보조","보건복지부","국민건강증진기금","국민건강증진계정","보건","보건의료","공공보건의료확충","혈액안전관리","혈액안전관리","혈액원 현대화 지원","1698000","0","0","0.0","0"
"2026","민간이전","민간자본보조","보건복지부","국민건강증진기금","국민건강증진계정","보건","보건의료","공공보건의료확충","혈액안전관리","혈액안전관리","부산혈액원 노후화 개선 사업","1377000","1377000","0","100.0","0.0"
"2026","민간이전","민간자본보조","보건복지부","응급의료기금"," ","보건","보건의료","응급의료체계운영지원","응급의료기관 지원","중증외상 전문진료체계 구축","권역외상센터 설치지원","18426000","2906000","0","15.8","0.0"
"2026","민간이전","민간자본보조","보건복지부","응급의료기금"," ","보건","보건의료","응급의료체계운영지원","응급의료기관 지원","중증-응급 심뇌혈관질환 대응체계 지원","권역심뇌혈관질환센터 설치지원","1500000","0","0","0.0","0"
"2026","민간이전","민간자본보조","보건복지부","일반회계"," ","사회복지","취약계층지원","장애인생활안정 및 재활 지원","장애인권익증진 및 자립생활 지원","장애인차별금지 모니터링 및 인식개선","장애인권익옹호기관 장애인학대정보시스템 구축지원","250000","250000","164125","100.0","65.6"
"2026","민간이전","민간자본보조","보건복지부","일반회계"," ","보건","보건의료","공공보건의료확충","공공보건의료지원","뇌전증 지원체계 구축","뇌전증 지원체계 구축(자본)","0","0","0","0","0"
"2026","민간이전","민간자본보조","보건복지부","일반회계"," ","보건","보건의료","공공보건의료확충","공공보건의료지원","공공전문진료센터 지원","공공전문진료센터 진료기능 강화","4900000","4900000","190415","100.0","3.9"
"2026","민간이전","민간자본보조","보건복지부","일반회계"," ","보건","보건의료","공공보건의료확충","생명윤리및안전정책","생명윤리및안전관리","생명윤리연구체계 지원 망 분리","300000","240000","57048","80.0","23.8"
"2026","민간이전","민간자본보조","보건복지부","일반회계"," ","보건","보건의료","공공보건의료확충","생명윤리및안전정책","생명윤리및안전관리","연명의료정보시스템 유지관리 및 고도화","1364000","1091200","581835","80.0","53.3"
"2026","민간이전","민간자본보조","보건복지부","일반회계"," ","보건","보건의료","보건산업육성","오송생명과학단지지원센터 운영","오송보건의료행정타운관리운영","오송보건의료행정타운 청아어린이집 환경개선","20000","20000","0","100.0","0.0"
"2026","민간이전","민간자본보조","보건복지부","일반회계"," ","보건","보건의료","보건산업육성","오송생명과학단지지원센터 운영","오송보건의료행정타운관리운영","오송보건의료행정타운 청사어린이집 환경개선","56000","56000","0","100.0","0.0"
"2026","민간이전","민간자본보조","보건복지부","일반회계"," ","보건","보건의료","보건산업육성","보건산업진흥","바이오헬스산업 육성 지원","화장품산업 경쟁력 강화(시설 및 장비 구축)","2500000","2500000","7822","100.0","0.3"
"2026","민간이전","민간자본보조","보건복지부","일반회계"," ","보건","보건의료","보건산업육성","보건산업진흥","바이오헬스산업 육성 지원","제약산업 경쟁력 강화(수출 유망 의약품 제조 선진화 지원)","4000000","2800000","567599","70.0","20.3"
"2026","민간이전","민간자본보조","보건복지부","일반회계"," ","보건","보건의료","보건산업육성","보건산업진흥","바이오헬스산업 육성 지원","제약산업 경쟁력 강화(바이오헬스산업 공급망 안정 지원-바이오 원부자재 공급 안정화)","5000000","3499818","713159","70.0","20.4"
"2026","민간이전","민간자본보조","보건복지부","일반회계"," ","보건","보건의료","보건산업육성","보건산업진흥","바이오헬스산업 육성 지원","제약산업 경쟁력 강화(바이오헬스산업 공급망 안정 지원-원료구매 다변화 지원)","1000000","699160","0","69.9","0.0"
"2026","민간이전","민간자본보조","보건복지부","일반회계"," ","보건","보건의료","보건산업육성","보건산업진흥","바이오헬스산업 육성 지원","제약산업 경쟁력 강화(바이오헬스산업 공급망 안정 지원-수급불안정의약품 생산 지원)","3600000","2519809","0","70.0","0.0"
"2026","민간이전","민간자본보조","보건복지부","일반회계"," ","보건","보건의료","보건산업육성","보건산업진흥","바이오헬스산업 육성 지원","AI활용 신약개발 교육 및 홍보 지원","3000000","2400000","0","80.0","0.0"
"2026","민간이전","민간자본보조","보건복지부","일반회계"," ","보건","보건의료","보건산업육성","보건산업진흥","백신 원부자재 시장 경쟁력 강화","WHO 글로벌 바이오 인력양성 허브 지정","7035000","7035000","131935","100.0","1.9"
"2026","민간이전","민간자본보조","보건복지부","일반회계"," ","보건","보건의료","한의학연구및정책개발","한의약산업지원","한국한의약진흥원 운영지원","한국한의약진흥원 한약공공인프라구축","490000","490000","29354","100.0","6.0"
"2026","민간이전","민간자본보조","보건복지부","일반회계"," ","보건","보건의료","국민건강생활실천","정신보건시설기능보강","정신건강증진시설 확충","정신의료기관 환경개선(입원실 환경개선 지원)","1500000","1050000","470790","70.0","44.8"
"2026","민간이전","민간자본보조","보건복지부","일반회계"," ","보건","건강보험","건강보험제도 운영","건강보험 지원","보험정책사업관리","국민지원금 선별지급 지원(전산인프라)","1770000","1770000","282710","100.0","16.0"
"2026","민간이전","민간자본보조","보건복지부","지역균형발전특별회계","지역지원계정","보건","보건의료","공공보건의료확충","지방의료원 등 육성","지역거점병원공공성강화","권역책임의료기관 AI 기반 진료시스템 도입 지원","10800000","8592750","59873","79.6","0.7"
"2026","민간이전","민간자본보조","보건복지부","지역균형발전특별회계","지역지원계정","보건","보건의료","공공보건의료확충","지방의료원 등 육성","지역거점병원공공성강화","적십자병원 기능보강사업(자본)","13928000","13928000","2145127","100.0","15.4"
"2026","민간이전","민간자본보조","보건복지부","지역균형발전특별회계","지역지원계정","보건","보건의료","공공보건의료확충","지방의료원 등 육성","지역거점병원공공성강화","공공의료 AI 고속도로 시범 실증 사업","3400000","2380000","0","70.0","0.0"
"2026","민간이전","민간자본보조","보건복지부","지역균형발전특별회계","지역지원계정","보건","보건의료","보건산업육성","첨단의료복합단지조성","첨단의료복합단지조성(지역지원)","핵심연구시설 노후장비 고도화","1000000","1000000","204600","100.0","20.5"
"2026","민간이전","민간자본보조","산림청","농어촌구조개선특별회계","임업진흥사업계정","농림수산","임업·산촌","국제산림협력","임산물수출촉진","임산물수출촉진","임산물글로벌경쟁력강화(민간자본)","25187","25187","25187","100.0","100.0"
"2026","민간이전","민간자본보조","산림청","농어촌구조개선특별회계","임업진흥사업계정","농림수산","임업·산촌","산림자원 및 산업육성","산림자원 육성·관리(농특)","조림","중앙식목일행사 기념조림지 조성관리","0","0","0","0","0"
"2026","민간이전","민간자본보조","산림청","농어촌구조개선특별회계","임업진흥사업계정","농림수산","임업·산촌","산림자원 및 산업육성","목재 및 임산물활용(농특)","임산물생산기반조성","표고종균생산연구지원","1700000","1700000","1033529","100.0","60.8"
"2026","민간이전","민간자본보조","산림청","농어촌구조개선특별회계","임업진흥사업계정","농림수산","임업·산촌","산림자원 및 산업육성","목재 및 임산물활용(농특)","임산물생산기반조성","산림 미래혁신센터 조성","393000","393000","0","100.0","0.0"
"2026","민간이전","민간자본보조","산림청","농어촌구조개선특별회계","임업진흥사업계정","농림수산","임업·산촌","산림자원 및 산업육성","산림경영 경쟁력 강화(농특)","임업기능인양성","임업기계지원센터 임업기계장비보급","181000","181000","0","100.0","0.0"
"2026","민간이전","민간자본보조","산림청","농어촌구조개선특별회계","임업진흥사업계정","농림수산","임업·산촌","산림자원 및 산업육성","산림경영 경쟁력 강화(농특)","임업기능인양성","임업훈련원 차량(기자재)지원","108000","30000","0","27.8","0.0"
"2026","민간이전","민간자본보조","산림청","농어촌구조개선특별회계","임업진흥사업계정","농림수산","임업·산촌","산림자원 및 산업육성","산림경영 경쟁력 강화(농특)","임업기능인양성","임업훈련원 시설보수","210000","30000","0","14.3","0.0"
"2026","민간이전","민간자본보조","산림청","일반회계"," ","농림수산","임업·산촌","산림자원 및 산업육성","한국임업진흥원 지원","한국임업진흥원 지원","한국임업진흥원 지원","1098000","1098000","582501","100.0","53.1"
"2026","민간이전","민간자본보조","산림청","일반회계"," ","농림수산","임업·산촌","산림이용 및 복지증진","한국산림복지진흥원 지원(일반)","한국산림복지진흥원 지원","한국산림복지진흥원 지원(자본)","411000","411000","0","100.0","0.0"
"2026","민간이전","민간자본보조","산림청","일반회계"," ","농림수산","임업·산촌","산림이용 및 복지증진","산림복지서비스 제공·운영","한국등산·트레킹지원센터 지원","한국등산트레킹지원센터 사업비","930000","820000","0","88.2","0.0"
"2026","민간이전","민간자본보조","산림청","일반회계"," ","농림수산","임업·산촌","산림환경 보전 및 증진","산림생태보전(일반)","산림복원","자생식물 공급체계 구축 운영","0","0","0","0","0"
"2026","민간이전","민간자본보조","산림청","일반회계"," ","농림수산","임업·산촌","산림환경 보전 및 증진","한국수목원관리원 지원(일반)","한국수목원정원관리원 지원","한국수목원관리원 지원(민간자본보조)","3699000","3079000","874327","83.2","28.4"
"2026","민간이전","민간자본보조","산림청","일반회계"," ","농림수산","임업·산촌","산림환경 보전 및 증진","정원 조성 및 관리","정원 조성관리","정원소재 실용화센터 건립","0","0","0","0","0"
"2026","민간이전","민간자본보조","산림청","지역균형발전특별회계","지역지원계정","농림수산","임업·산촌","산림자원 및 산업육성","산림자원 육성·관리(지특, 지원)","조림(지원)","중앙식목일행사 기념조림지 조성관리","100000","50000","0","50.0","0.0"
"2026","민간이전","민간자본보조","산림청","지역균형발전특별회계","지역지원계정","농림수산","임업·산촌","산림환경 보전 및 증진","정원조성 및 관리(지특, 지원)","정원 조성관리(지원)","정원소재 실용화센터 건립","3866000","3866000","2649422","100.0","68.5"
"2026","민간이전","민간자본보조","산업통상부","에너지및자원사업특별회계","투자계정","산업·중소기업및에너지","에너지및자원개발","재생에너지및에너지신산업활성화","에너지신산업","수소산업진흥 기반구축사업","청정수소시험평가및실증화지원기반구축사업","0","0","0","0","0"
"2026","민간이전","민간자본보조","산업통상부","에너지및자원사업특별회계","투자계정","산업·중소기업및에너지","에너지및자원개발","재생에너지및에너지신산업활성화","에너지신산업","수소저장·운송클러스터구축사업","수소저장·운송클러스터구축사업","0","0","0","0","0"
"2026","민간이전","민간자본보조","산업통상부","에너지및자원사업특별회계","투자계정","산업·중소기업및에너지","에너지및자원개발","재생에너지및에너지신산업활성화","에너지신산업","수소터빈시험연구센터구축","수소터빈시험연구센터구축","0","0","0","0","0"
"2026","민간이전","민간자본보조","산업통상부","에너지및자원사업특별회계","투자계정","산업·중소기업및에너지","에너지및자원개발","재생에너지및에너지신산업활성화","에너지신산업","수소연료전지 고도화지원센터 플랫폼 구축","수소연료전지고도화지원센터플랫폼구축","0","0","0","0","0"
"2026","민간이전","민간자본보조","산업통상부","에너지및자원사업특별회계","투자계정","산업·중소기업및에너지","에너지및자원개발","에너지공급체계구축","석유안정공급","석유품질관리사업지원","석유품질관리사업지원(자본보조)","20358000","18582000","31315","91.3","0.2"
"2026","민간이전","민간자본보조","산업통상부","에너지및자원사업특별회계","투자계정","산업·중소기업및에너지","에너지및자원개발","에너지공급체계구축","석유안정공급","친환경석유대체연료보급기반구축사업","석유대체연료 검증시설 구축","5503000","3852100","19670","70.0","0.5"
"2026","민간이전","민간자본보조","산업통상부","에너지및자원사업특별회계","투자계정","산업·중소기업및에너지","에너지및자원개발","에너지공급체계구축","가스수급안정","LPG 소형 저장탱크 보급","사회복지시설 지원(민간자본보조)","1638000","1407300","27750","85.9","2.0"
"2026","민간이전","민간자본보조","산업통상부","에너지및자원사업특별회계","투자계정","산업·중소기업및에너지","에너지및자원개발","에너지공급체계구축","광물안정공급","일반광업육성지원","광업선진화(자본)","5027000","3518900","257621","70.0","7.3"
"2026","민간이전","민간자본보조","산업통상부","에너지및자원사업특별회계","투자계정","산업·중소기업및에너지","에너지및자원개발","에너지공급체계구축","광물안정공급","일반광업육성지원","광산안전시설(자본)","11370000","7959000","2019738","70.0","25.4"
"2026","민간이전","민간자본보조","산업통상부","에너지및자원사업특별회계","투자계정","산업·중소기업및에너지","에너지및자원개발","에너지공급체계구축","광물안정공급","핵심광물재자원화산업육성지원","재자원화 시설 지원","3627000","2355000","0","64.9","0.0"
"2026","민간이전","민간자본보조","산업통상부","에너지및자원사업특별회계","투자계정","산업·중소기업및에너지","에너지및자원개발","에너지공급체계구축","광물안정공급","핵심광물재자원화산업육성지원","희토류 재자원화 양산능력 검증","2000000","2000000","0","100.0","0.0"
"2026","민간이전","민간자본보조","산업통상부","일반회계"," ","산업·중소기업및에너지","무역및투자유치","무역진흥","수출역량강화","킨텍스 3단계 건립","킨텍스 3단계 건립","36000000","36000000","0","100.0","0.0"
"2026","민간이전","민간자본보조","산업통상부","일반회계"," ","산업·중소기업및에너지","산업혁신지원","주력산업진흥","뿌리산업육성지원","소부장공급망안정종합지원","국가첨단전략산업 소부장 중소·중견기업 투자지원금","100000000","99877000","211724","99.9","0.2"
"2026","민간이전","민간자본보조","산업통상부","지역균형발전특별회계","지역지원계정","산업·중소기업및에너지","산업혁신지원","외국인투자유치활성화","외국인투자유치활성화","투자유치기반조성","외국인투자 현금지원","315630900","86670400","86670400","27.5","100.0"
"2026","민간이전","민간자본보조","새만금개발청","일반회계"," ","국토및지역개발","지역및도시","새만금 개발","새만금개발사업지원","새만금 이차전지 특화단지 전력인프라 구축","새만금 이차전지 특화단지 전력인프라 구축","4404000","2246000","0","51.0","0.0"
"2026","민간이전","민간자본보조","성평등가족부","일반회계"," ","사회복지","성평등·청소년·가족","청소년정책및역량강화","청소년관련 산하기관 등 지원","한국청소년활동진흥원 운영지원","국립수련원 시설안전강화","4748000","4748000","2208538","100.0","46.5"
"2026","민간이전","민간자본보조","식품의약품안전처","일반회계"," ","보건","식품의약안전","식품안전성제고","식품 안전기반 구축","HACCP제도 활성화","HACCP 인증지원(HACCP 의무적용 대상업체 위생안전시설 지원)","3000000","3000000","970548","100.0","32.4"
"2026","민간이전","민간자본보조","식품의약품안전처","일반회계"," ","보건","식품의약안전","식품안전성제고","식품 안전기반 구축","한국식품안전관리인증원 지원","한국식품안전관리인증원 신청사 이전 착공 및 감리비","14012000","2950000","0","21.1","0.0"
"2026","민간이전","민간자본보조","식품의약품안전처","일반회계"," ","보건","식품의약안전","의약품안전성제고","의약품 안전기반 구축","희귀ㆍ필수의약품센터 지원","희귀필수의약품센터 지원","3247000","3247000","1487942","100.0","45.8"
"2026","민간이전","민간자본보조","식품의약품안전처","일반회계"," ","보건","식품의약안전","바이오생약 안전성 제고","바이오생약 안전기반 구축","천연물의약품 안전관리","천연물안전관리연구원 지원(자본보조)","2535900","2535900","392960","100.0","15.5"
"2026","민간이전","민간자본보조","식품의약품안전처","일반회계"," ","보건","식품의약안전","바이오생약 안전성 제고","바이오생약 안전기반 구축","백신안전기술지원센터 지원","백신 등 시험분석 및 제품화 지원","749000","749000","334413","100.0","44.6"
"2026","민간이전","민간자본보조","식품의약품안전처","일반회계"," ","보건","식품의약안전","바이오생약 안전성 제고","바이오생약 안전기반 구축","백신안전기술지원센터 지원","백신 등 전문인력 양성 교육","30000","30000","20912","100.0","69.7"
"2026","민간이전","민간자본보조","중소벤처기업부","소상공인시장진흥기금"," ","산업·중소기업및에너지","산업·중소기업일반","중소기업행정지원","기금운영비(소진기금)","소진기금 기본경비","소진기금 기본경비(자본)","386000","270200","94412","70.0","34.9"
"2026","민간이전","민간자본보조","중소벤처기업부","소상공인시장진흥기금"," ","산업·중소기업및에너지","산업·중소기업일반","중소기업행정지원","기금운영비(소진기금)","소진기금 정보화 경비(정보화)","소진기금 정보화 경비(자본보조)","389000","389000","292675","100.0","75.2"
"2026","민간이전","민간자본보조","중소벤처기업부","소상공인시장진흥기금"," ","산업·중소기업및에너지","중소기업및소상공인육성","소상공인·전통시장지원","소상공인지원(기금)","기업가형 소상공인 육성","혁신소상공인창업지원(민간자본보조)","1500000","1500000","0","100.0","0.0"
"2026","민간이전","민간자본보조","중소벤처기업부","소상공인시장진흥기금"," ","산업·중소기업및에너지","중소기업및소상공인육성","소상공인·전통시장지원","소상공인지원(기금)","소상공인성장지원","소상공인협업물류지원(소상공인협업활성화(자본))","2000000","2000000","49655","100.0","2.5"
"2026","민간이전","민간자본보조","중소벤처기업부","소상공인시장진흥기금"," ","산업·중소기업및에너지","중소기업및소상공인육성","소상공인·전통시장지원","소상공인지원(기금)","소공인특화지원","소공인 스마트제조지원(민간자본)","72800000","58240000","0","80.0","0.0"
"2026","민간이전","민간자본보조","중소벤처기업부","소상공인시장진흥기금"," ","산업·중소기업및에너지","중소기업및소상공인육성","소상공인·전통시장지원","소상공인지원(기금)","소상공인스마트화지원","소상공인 온라인 판로지원","1800000","1440000","559090","80.0","38.8"
"2026","민간이전","민간자본보조","중소벤처기업부","일반회계"," ","산업·중소기업및에너지","창업및벤처","창업환경조성","창업생태계기반조성","창업생태계활성화지원","제조창업활성화(충북 혁신기술 제조창업 공유공장 구축)","0","0","0","0","0"
"2026","민간이전","민간자본보조","중소벤처기업부","일반회계"," ","산업·중소기업및에너지","창업및벤처","창업환경조성","창업생태계기반조성","창업생태계활성화지원","스타트업파크(민간자본)","3500000","2453000","0","70.1","0.0"
"2026","민간이전","민간자본보조","중소벤처기업부","일반회계"," ","산업·중소기업및에너지","창업및벤처","창업환경조성","창업생태계기반조성","창업생태계활성화지원","창조경제혁신센터 지원(창조경제혁신센터(자본))","0","0","0","0","0"
"2026","민간이전","민간자본보조","중소벤처기업부","일반회계"," ","산업·중소기업및에너지","창업및벤처","창업환경조성","창업생태계기반조성","창업생태계활성화지원","제조창업활성화(제조창업 인큐베이팅센터 구축)","0","0","0","0","0"
"2026","민간이전","민간자본보조","중소벤처기업부","일반회계"," ","산업·중소기업및에너지","창업및벤처","창업환경조성","창업생태계기반조성","창업생태계활성화지원","제조창업활성화(제조창업 공유공장 구축)(자본)","5000000","3895000","1894986","77.9","48.7"
"2026","민간이전","민간자본보조","중소벤처기업부","일반회계"," ","산업·중소기업및에너지","창업및벤처","창업환경조성","창업생태계기반조성","그린창업생태계기반구축","그린스타트업타운 조성(민간자본)","22300000","20848254","9078188","93.5","43.5"
"2026","민간이전","민간자본보조","중소벤처기업부","일반회계"," ","산업·중소기업및에너지","중소기업및소상공인육성","동반성장지원","취약계층중소기업지원","장애인기업육성","장애인기업종합지원센터운영","95000","95000","51275","100.0","54.0"
"2026","민간이전","민간자본보조","중소벤처기업부","일반회계"," ","산업·중소기업및에너지","중소기업및소상공인육성","동반성장지원","취약계층중소기업지원","장애인기업육성","장애인기업 성장기반구축","500000","500000","244390","100.0","48.9"
"2026","민간이전","민간자본보조","질병관리청","일반회계"," ","보건","보건의료","보건의료연구관리","감염병연구관리","국가 면역도 조사체계 구축 및 운영","백신 첨단 공정기반 구축 및 운영","400000","400000","30288","100.0","7.6"
"2026","민간이전","민간자본보조","질병관리청","일반회계"," ","보건","보건의료","보건의료연구관리","국가 보건의료연구 인프라 구축","보건의료생물자원종합관리(R&D)","인체자원은행 특성화 지원(민간자본보조)","500000","500000","22690","100.0","4.5"
"2026","민간이전","민간자본보조","해양수산부","교통시설특별회계","항만계정","교통및물류","해운·항만","항만개발 및 관리","신항만 개발","광양항(3단계)","광양항 북측배후단지 조성공사","200000","200000","19342","100.0","9.7"
"2026","민간이전","민간자본보조","해양수산부","교통시설특별회계","항만계정","교통및물류","해운·항만","항만개발 및 관리","신항만 개발","광양항(3단계)","광양항 항만자동화 테스트베드","65825000","65825000","0","100.0","0.0"
"2026","민간이전","민간자본보조","해양수산부","교통시설특별회계","항만계정","교통및물류","해운·항만","항만개발 및 관리","신항만 개발","인천북항","인천북항 민자부두 운영수입보장금","3500000","1299678","1299678","37.1","100.0"
"2026","민간이전","민간자본보조","해양수산부","교통시설특별회계","항만계정","교통및물류","해운·항만","항만개발 및 관리","신항만 개발","목포신항","목포신항 민자부두 운영수입보장금","6000","5894","5894","98.2","100.0"
"2026","민간이전","민간자본보조","해양수산부","교통시설특별회계","항만계정","교통및물류","해운·항만","항만개발 및 관리","신항만 개발","포항영일만신항","포항 영일만항 민자사업 정부지급금","7020000","2835048","2835048","40.4","100.0"
"2026","민간이전","민간자본보조","해양수산부","교통시설특별회계","항만계정","교통및물류","해운·항만","항만개발 및 관리","일반항 건설","일반항","마산항 민자부두 사업비용보전금","9011000","4673818","4673818","51.9","100.0"
"2026","민간이전","민간자본보조","해양수산부","교통시설특별회계","항만계정","교통및물류","해운·항만","항만개발 및 관리","항만 재개발","부산북항 재개발","부산북항 2단계 재개발","1000000","0","0","0.0","0"
"2026","민간이전","민간자본보조","해양수산부","교통시설특별회계","항만계정","교통및물류","해운·항만","항만개발 및 관리","항만 재개발","기타항만 재개발","광양항 묘도 항만재개발 폐수종말처리시설 설치","1968000","1968000","1968000","100.0","100.0"
"2026","민간이전","민간자본보조","해양수산부","교통시설특별회계","항만계정","교통및물류","해운·항만","항만개발 및 관리","항만 재개발","기타항만 재개발","광양항 3단계 항만재개발 폐수종말처리시설 설치","534000","0","0","0.0","0"
"2026","민간이전","민간자본보조","해양수산부","교통시설특별회계","항만계정","교통및물류","해운·항만","항만개발 및 관리","그린포트 구축","항만 육상전력공급설비 구축","항만육상전원공급설비 구축 보조","237000","202819","0","85.6","0.0"
"2026","민간이전","민간자본보조","해양수산부","교통시설특별회계","항만계정","교통및물류","해운·항만","항만개발 및 관리","항만운영 및 관리","여객터미널 운영","교통약자 승하선 편의시설 확충","508000","0","0","0.0","0"
"2026","민간이전","민간자본보조","해양수산부","교통시설특별회계","항만계정","교통및물류","해운·항만","항만개발 및 관리","민자유치 및 글로벌기업유치","물류기업유치지원","항만배후단지 스마트공동물류센터 건립지원","6096000","6096000","4267000","100.0","70.0"
"2026","민간이전","민간자본보조","해양수산부","교통시설특별회계","항만계정","교통및물류","해운·항만","항만개발 및 관리","민자유치 및 글로벌기업유치","물류기업유치지원","스마트 물류시스템 전환 지원","2100000","0","0","0.0","0"
"2026","민간이전","민간자본보조","해양수산부","농어촌구조개선특별회계","구조개선사업계정","농림수산","수산·어촌","수산물 유통 및 안전관리","수산물유통개선(농특)","수급 위기관리체계 구축","수산물 직매장 설치 및 창업 지원 플랫폼 구축","0","0","0","0","0"
"2026","민간이전","민간자본보조","해양수산부","농어촌구조개선특별회계","구조개선사업계정","농림수산","수산·어촌","수산물 유통 및 안전관리","안전한수산물공급관리(농특)","수산물 위생관리","유해물질 안전관리 강화","245000","245000","0","100.0","0.0"
"2026","민간이전","민간자본보조","해양수산부","농어촌구조개선특별회계","구조개선사업계정","농림수산","수산·어촌","수산자원 관리 및 조성","친환경양식육성(농특)","양식수산물 전략품목 육성","스마트수산업 빅데이터플랫폼 구축(장비)","4000000","2800000","51827","70.0","1.9"
"2026","민간이전","민간자본보조","해양수산부","농어촌구조개선특별회계","구조개선사업계정","농림수산","수산·어촌","수산자원 관리 및 조성","수산자원조성","수산자원조성사업지원","바다숲 조성관리","29018000","22343860","5521699","77.0","24.7"
"2026","민간이전","민간자본보조","해양수산부","농어촌구조개선특별회계","구조개선사업계정","농림수산","수산·어촌","수산자원 관리 및 조성","수산자원조성","수산자원조성사업지원","수산종자 자원관리","4822000","3761160","1766545","78.0","47.0"
"2026","민간이전","민간자본보조","해양수산부","농어촌구조개선특별회계","구조개선사업계정","농림수산","수산·어촌","수산자원 관리 및 조성","수산자원조성","수산자원조성사업지원","총허용어획량제도 운영","612000","612000","336722","100.0","55.0"
"2026","민간이전","민간자본보조","해양수산부","농어촌구조개선특별회계","구조개선사업계정","농림수산","수산·어촌","수산자원 관리 및 조성","수산자원조성","수산자원조성사업지원","수산자원 증대사업","10681000","8331180","5353075","78.0","64.3"
"2026","민간이전","민간자본보조","해양수산부","농어촌구조개선특별회계","구조개선사업계정","농림수산","수산·어촌","수산자원 관리 및 조성","수산자원조성","수산자원조성사업지원","건설비","1030000","1030000","70979","100.0","6.9"
"2026","민간이전","민간자본보조","해양수산부","농어촌구조개선특별회계","농어촌특별세사업계정","농림수산","수산·어촌","수산자원 관리 및 조성","어업안전지도강화","어선사고 예방시스템 구축","어선건조기반구축","0","0","0","0","0"
"2026","민간이전","민간자본보조","해양수산부","농어촌구조개선특별회계","농어촌특별세사업계정","농림수산","수산·어촌","어업인소득안정지원","수산경영안정","어업인 면세경유 유가연동보조금 한시 지원('26년)","어업인 면세경유 유가연동보조금 한시지원","0","0","0","0","0"
"2026","민간이전","민간자본보조","해양수산부","수산발전기금"," ","농림수산","수산·어촌","수산물 유통 및 안전관리","수산물유통개선(기금)","수급 위기관리체계 구축","수산물 직매장 설치 및 창업지원 플랫폼 구축","1200000","840000","0","70.0","0.0"
"2026","민간이전","민간자본보조","해양수산부","일반회계"," ","환경","해양환경","해양환경보전","해양오염 피해복구","방제선 건조 및 운영","국고지원 방제선 대체건조","9000000","6299940","6299000","70.0","100.0"
"2026","민간이전","민간자본보조","해양수산부","일반회계"," ","농림수산","수산·어촌","수산자원 관리 및 조성","어업안전지도강화","어선사고 예방시스템 구축","어선안전건조지원","600000","0","0","0.0","0"
"2026","민간이전","민간자본보조","해양수산부","일반회계"," ","농림수산","수산·어촌","어업인소득안정지원","수협경제사업활성화","수협지도경제사업활성화","어업용면세유공급시설 개선","378000","378000","38051","100.0","10.1"
"2026","민간이전","민간자본보조","해양수산부","일반회계"," ","농림수산","수산·어촌","어업인소득안정지원","수협경제사업활성화","수협지도경제사업활성화","차세대 바다로시스템  구축","5703000","3610600","0","63.3","0.0"
"2026","민간이전","민간자본보조","해양수산부","일반회계"," ","교통및물류","해운·항만","해운산업 선진화","해운인력양성 지원","해양수산연수원 지원","해양수산연수원 지원(자본보조)","11172000","10272000","1010150","91.9","9.8"
"2026","민간이전","민간자본보조","해양수산부","일반회계"," ","교통및물류","해운·항만","해운산업 선진화","해운물류지원","항만서비스 산업 선진화 지원","선박연료 정량공급 운영지원(질량유량계 설치지원)","4200000","2940000","0","70.0","0.0"
"2026","민간이전","민간자본보조","해양수산부","일반회계"," ","교통및물류","해운·항만","해양 및 해상교통관리","해양안전관리시스템 구축.운영(일반)","한국해양교통안전공단 지원","한국해양교통안전공단 지원","3388000","3388000","50605","100.0","1.5"
"2026","민간이전","민간자본보조","해양수산부","일반회계"," ","교통및물류","해운·항만","해양 및 해상교통관리","해양안전관리시스템 구축.운영(일반)","스마트 해양안전 교통망 구축운영","e-Nav 선박단말기 보급","1162500","813750","0","70.0","0.0"
"2026","민간이전","민간자본보조","행정안전부","일반회계"," ","일반·지방행정","지방행정·재정지원","지방자치분권","새마을운동지원","새마을운동지원","새마을운동중앙회 연수원 생활관 리모델링","3050000","1043000","20000","34.2","1.9"
"2026","자치단체이전","자치단체경상보조","경찰청","일반회계"," ","공공질서및안전","경찰","교통안전·소통확보","교통사고예방","교통안전활동","고령운전자 운전면허 자진반납 활성화 사업 지원","3300000","3300000","2646233","100.0","80.2"
"2026","자치단체이전","자치단체경상보조","경찰청","지역균형발전특별회계","제주특별자치도계정","공공질서및안전","경찰","경찰행정지원","제주이관인력지원","제주자치경찰인력지원","제주자치경찰 운영지원(인건비,운영비)","5146000","5062008","790868","98.4","15.6"
"2026","자치단체이전","자치단체경상보조","고용노동부","고용보험기금"," ","사회복지","고용","고용노동행정지원","기금운영비","고용안정사업운영","고용안정사업운영","20955","20955","4955","100.0","23.6"
"2026","자치단체이전","자치단체경상보조","고용노동부","고용보험기금"," ","사회복지","고용","고용노동행정지원","기금운영비","실업급여운영 기타경비","실업급여운영 기타경비","107053","95290","63323","89.0","66.5"
"2026","자치단체이전","자치단체경상보조","고용노동부","고용보험기금"," ","사회복지","고용","고용노동행정지원","기금운영비","직업능력개발사업운영","직업능력개발사업운영","7333","7333","7333","100.0","100.0"
"2026","자치단체이전","자치단체경상보조","고용노동부","산업재해보상보험및예방기금"," ","사회복지","노동","산업재해예방","안전보건기술지원","업종별재해예방","지역 중대재해 사각지대 해소 지원","14000000","10368795","2675419","74.1","25.8"
"2026","자치단체이전","자치단체경상보조","고용노동부","일반회계"," ","사회복지","고용","고용창출","고용지원인프라운영","청년고용지원인프라 운영","대학일자리플러스센터(자경보)","400000","400000","88962","100.0","22.2"
"2026","자치단체이전","자치단체경상보조","고용노동부","일반회계"," ","사회복지","고용","고용창출","고용지원인프라운영","청년고용지원인프라 운영","대학일자리플러스센터(졸업생 특화프로그램 자경보)","180000","143000","25924","79.4","18.1"
"2026","자치단체이전","자치단체경상보조","고용노동부","일반회계"," ","사회복지","고용","고용창출","사회적기업육성","사회적기업 지원","전략사업별 지역생태계 활성화","13720000","6676215","819493","48.7","12.3"
"2026","자치단체이전","자치단체경상보조","고용노동부","일반회계"," ","사회복지","고용","고용창출","사회적기업육성","사회적기업 지원","사회적가치 창출 활성화","4977000","3398800","255913","68.3","7.5"
"2026","자치단체이전","자치단체경상보조","고용노동부","일반회계"," ","사회복지","고용","고용창출","청년진로및취업지원(일반)","청년취업진로 및 일경험 지원","청년 일경험 지원 ","0","0","0","0","0"
"2026","자치단체이전","자치단체경상보조","고용노동부","일반회계"," ","사회복지","고용","고용창출","청년진로및취업지원(일반)","청년취업진로 및 일경험 지원","청년도전지원사업","61096000","60836570","28095777","99.6","46.2"
"2026","자치단체이전","자치단체경상보조","고용노동부","일반회계"," ","사회복지","고용","고용창출","청년진로및취업지원(일반)","청년취업진로 및 일경험 지원","청년성장프로젝트(청년카페)","17056000","17044347","7677008","99.9","45.0"
"2026","자치단체이전","자치단체경상보조","고용노동부","일반회계"," ","사회복지","고용","고용창출","취약계층취업촉진","취업취약계층 고용지원","취업역량강화프로그램(제주)","81000","81000","43464","100.0","53.7"
"2026","자치단체이전","자치단체경상보조","고용노동부","일반회계"," ","사회복지","고용","고용창출","취약계층취업촉진","취업취약계층 고용지원","심리안정지원(제주)","40000","40000","24804","100.0","62.0"
"2026","자치단체이전","자치단체경상보조","고용노동부","일반회계"," ","사회복지","고용","고용창출","취약계층취업촉진","경력단절여성취업지원","집단상담프로그램운영(자치단체새일센터)","0","0","0","0","0"
"2026","자치단체이전","자치단체경상보조","고용노동부","일반회계"," ","사회복지","고용","고용평등증진","모성보호육아지원","고용보험 미적용자 출산급여","고용보험 미적용자 출산급여(제주도)","458000","458000","258300","100.0","56.4"
"2026","자치단체이전","자치단체경상보조","고용노동부","일반회계"," ","사회복지","고용","고용평등증진","고용평등사각지대보호","경계선지능청년지원","경계선지능청년지원","160000","119000","28460","74.4","23.9"
"2026","자치단체이전","자치단체경상보조","고용노동부","일반회계"," ","사회복지","노동","노사정책","노사협력","상생협력 확산지원","지역노사민정상생협력 지원","2060000","1429894","329201","69.4","23.0"
"2026","자치단체이전","자치단체경상보조","고용노동부","일반회계"," ","사회복지","노동","노사정책","노사협력","상생협력 확산지원","임금복지격차완화프로젝트(상생일터조성지원)","0","0","0","0","0"
"2026","자치단체이전","자치단체경상보조","고용노동부","일반회계"," ","사회복지","노동","노사정책","노사협력","상생협력 확산지원","임금복지격차완화프로젝트(조선업재직자희망공제)","0","0","0","0","0"
"2026","자치단체이전","자치단체경상보조","고용노동부","일반회계"," ","사회복지","노동","노사정책","노사협력","취약노동자지원","취약노동자 보호(취약노동자 교육 및 법률구조상담 지원)","1060000","1029100","493836","97.1","48.0"
"2026","자치단체이전","자치단체경상보조","고용노동부","일반회계"," ","사회복지","노동","노사정책","노사협력","취약노동자지원","취약노동자 일터개선 지원(자치단체경상보조)","1521000","760288","309874","50.0","40.8"
"2026","자치단체이전","자치단체경상보조","고용노동부","일반회계"," ","사회복지","노동","근로조건보호및복지증진","근로감독행정","근로감독역량강화","근로감독지방위임","962870","0","0","0.0","0"
"2026","자치단체이전","자치단체경상보조","고용노동부","일반회계"," ","사회복지","노동","근로조건보호및복지증진","외국인력관리지원","외국인근로자고용관리","외국인근로자 지역정착 지원","2900000","2179000","992755","75.1","45.6"
"2026","자치단체이전","자치단체경상보조","고용노동부","지역균형발전특별회계","세종특별자치시계정","사회복지","고용","고용창출","지역고용촉진지원(세종)","지역산업맞춤형일자리지원(세종)","지역산업맞춤형 자치단체 지원 사업(경상보조)(세종)","1500000","840000","178255","56.0","21.2"
"2026","자치단체이전","자치단체경상보조","고용노동부","지역균형발전특별회계","제주특별자치도계정","사회복지","고용","고용창출","지역고용촉진지원(제주)","지역산업맞춤형일자리지원(제주)","지역산업맞춤형 자치단체 지원 사업(경상보조)(제주)","6000000","4664090","1526751","77.7","32.7"
"2026","자치단체이전","자치단체경상보조","고용노동부","지역균형발전특별회계","제주특별자치도계정","사회복지","고용","고용노동행정지원","제주이관업무지원","직업안정기관운영(지특)","직업안정기관운영","1016000","1016000","503166","100.0","49.5"
"2026","자치단체이전","자치단체경상보조","고용노동부","지역균형발전특별회계","제주특별자치도계정","사회복지","고용","고용노동행정지원","제주이관업무지원","내일배움카드운영지원(지특)","내일배움카드운영지원(지특)","109000","109000","59953","100.0","55.0"
"2026","자치단체이전","자치단체경상보조","고용노동부","지역균형발전특별회계","제주특별자치도계정","사회복지","고용","고용노동행정지원","제주이관업무지원","국민취업지원제도(지특)","국민취업지원제도(지특)","9957000","5256600","4983604","52.8","94.8"
"2026","자치단체이전","자치단체경상보조","고용노동부","지역균형발전특별회계","제주특별자치도계정","사회복지","고용","고용노동행정지원","제주이관업무지원","제주노동위원회지원","제주지방노동위원회전문성강화(회의수당 등)지원","263000","203900","102985","77.5","50.5"
"2026","자치단체이전","자치단체경상보조","고용노동부","지역균형발전특별회계","제주특별자치도계정","사회복지","고용","고용노동행정지원","제주이관업무지원","제주노동위원회지원","제주지방노동위원회 인력지원","1002000","796600","0","79.5","0.0"
"2026","자치단체이전","자치단체경상보조","고용노동부","지역균형발전특별회계","제주특별자치도계정","사회복지","고용","고용노동행정지원","제주이관업무지원","제주노동위원회지원","제주지방노동위원회 기본경비지원","100000","77500","48187","77.5","62.2"
"2026","자치단체이전","자치단체경상보조","고용노동부","지역균형발전특별회계","제주특별자치도계정","사회복지","고용","고용노동행정지원","제주이관업무지원","제주노동위원회지원","제주지방노동위원회 청사관리 지원","86000","67700","65615","78.7","96.9"
"2026","자치단체이전","자치단체경상보조","고용노동부","지역균형발전특별회계","제주특별자치도계정","사회복지","고용","고용노동행정지원","제주이관업무지원","제주고용센터업무지원","제주고용센터업무지원","3720000","2402000","65021","64.6","2.7"
"2026","자치단체이전","자치단체경상보조","고용노동부","지역균형발전특별회계","지역자율계정","사회복지","고용","고용창출","지역고용촉진지원","지역산업맞춤형일자리지원(자율)","지역산업맞춤형 자치단체 지원 사업(경상보조)(자율)","60025000","50134250","15885642","83.5","31.7"
"2026","자치단체이전","자치단체경상보조","고용노동부","지역균형발전특별회계","지역지원계정","사회복지","고용","고용창출","사회적기업육성","사회적기업육성(지특)","일자리창출사업","32100000","2422000","4830","7.5","0.2"
"2026","자치단체이전","자치단체경상보조","고용노동부","지역균형발전특별회계","지역지원계정","사회복지","고용","고용창출","지역고용촉진지원","지역산업맞춤형일자리지원","지역산업맞춤형 자치단체 지원 사업(경상보조)","148410000","115522000","33707283","77.8","29.2"
"2026","자치단체이전","자치단체경상보조","과학기술정보통신부","지역균형발전특별회계","세종특별자치시계정","일반·지방행정","정부자원관리","국가사회정보화","생산적정보문화조성(정보화)","디지털배움터(세종)","디지털배움터 운영(세종)","0","0","0","0","0"
"2026","자치단체이전","자치단체경상보조","과학기술정보통신부","지역균형발전특별회계","세종특별자치시계정","일반·지방행정","정부자원관리","국가사회정보화","생산적정보문화조성(정보화)","정보통신보조기기 보급 활성화(세종)","정보통신보조기기 보급(세종)","53000","51432","2750","97.0","5.3"
"2026","자치단체이전","자치단체경상보조","과학기술정보통신부","지역균형발전특별회계","세종특별자치시계정","일반·지방행정","정부자원관리","국가사회정보화","생산적정보문화조성(정보화)","디지털배움터(세종)","디지털배움터 운영(세종)","816000","792091","217986","97.1","27.5"
"2026","자치단체이전","자치단체경상보조","과학기술정보통신부","지역균형발전특별회계","세종특별자치시계정","일반·지방행정","정부자원관리","국가사회정보화","생산적정보문화조성(정보화)","정보통신보조기기 보급 활성화(세종)","정보통신보조기기 보급(세종)","0","0","0","0","0"
"2026","자치단체이전","자치단체경상보조","과학기술정보통신부","지역균형발전특별회계","세종특별자치시계정","교육","평생·직업교육","공공연구성과활성화","산학연협력 활성화 지원","연구개발지원단 육성지원(세종)(R&D)","연구개발지원단 육성 지원","328000","240000","0","73.2","0.0"
"2026","자치단체이전","자치단체경상보조","과학기술정보통신부","지역균형발전특별회계","세종특별자치시계정","산업·중소기업및에너지","산업혁신지원","지역경제활성화","광역경제권산업경쟁력강화(세종)","지역 디지털 기초체력 지원(세종)","지역주도디지털혁신지원(세종)","146000","109500","23557","75.0","21.5"
"2026","자치단체이전","자치단체경상보조","과학기술정보통신부","지역균형발전특별회계","세종특별자치시계정","산업·중소기업및에너지","산업혁신지원","지역경제활성화","광역경제권산업경쟁력강화(세종)","지역주도디지털혁신지원(세종)","지역주도디지털혁신지원(세종)","0","0","0","0","0"
"2026","자치단체이전","자치단체경상보조","과학기술정보통신부","지역균형발전특별회계","제주특별자치도계정","일반·지방행정","정부자원관리","국가사회정보화","생산적정보문화조성(정보화)","디지털배움터(제주)","디지털배움터 운영(제주)","2169000","2152176","1492134","99.2","69.3"
"2026","자치단체이전","자치단체경상보조","과학기술정보통신부","지역균형발전특별회계","제주특별자치도계정","일반·지방행정","정부자원관리","국가사회정보화","생산적정보문화조성(정보화)","정보통신보조기기 보급 활성화(제주)","정보통신보조기기 보급(제주)","85000","82532","7452","97.1","9.0"
"2026","자치단체이전","자치단체경상보조","과학기술정보통신부","지역균형발전특별회계","제주특별자치도계정","일반·지방행정","정부자원관리","국가사회정보화","생산적정보문화조성(정보화)","정보통신보조기기 보급 활성화(제주)","정보통신보조기기 보급(제주)","0","0","0","0","0"
"2026","자치단체이전","자치단체경상보조","과학기술정보통신부","지역균형발전특별회계","제주특별자치도계정","교육","평생·직업교육","공공연구성과활성화","산학연협력 활성화 지원","연구개발지원단 육성지원(제주)(R&D)","연구개발지원단 육성 지원","240000","221686","31490","92.4","14.2"
"2026","자치단체이전","자치단체경상보조","과학기술정보통신부","지역균형발전특별회계","제주특별자치도계정","교육","평생·직업교육","공공연구성과활성화","산학연협력 활성화 지원","지역의 미래를 여는 과학기술 프로젝트(제주)(R&D)","지역의 미래를 여는 과학기술 프로젝트","625000","625000","625000","100.0","100.0"
"2026","자치단체이전","자치단체경상보조","과학기술정보통신부","지역균형발전특별회계","제주특별자치도계정","산업·중소기업및에너지","산업혁신지원","지역경제활성화","광역경제권산업경쟁력강화(제주)","지역 디지털 기초체력 지원(제주)","지역주도디지털혁신지원(제주)","146000","109500","24511","75.0","22.4"
"2026","자치단체이전","자치단체경상보조","과학기술정보통신부","지역균형발전특별회계","지역자율계정","일반·지방행정","정부자원관리","국가사회정보화","생산적정보문화조성(정보화)","디지털배움터(자율)","디지털배움터 운영(자율)","38121000","37878145","18912370","99.4","49.9"
"2026","자치단체이전","자치단체경상보조","과학기술정보통신부","지역균형발전특별회계","지역자율계정","일반·지방행정","정부자원관리","국가사회정보화","생산적정보문화조성(정보화)","정보통신보조기기 보급 활성화(자율)","정보통신보조기기 보급(자율)","3418000","3316717","65759","97.0","2.0"
"2026","자치단체이전","자치단체경상보조","과학기술정보통신부","지역균형발전특별회계","지역자율계정","교육","평생·직업교육","공공연구성과활성화","산학연협력활성화지원","연구개발지원단 육성지원(자율)(R&D)","연구개발지원단 육성 지원","5694000","5694000","1656450","100.0","29.1"
"2026","자치단체이전","자치단체경상보조","과학기술정보통신부","지역균형발전특별회계","지역자율계정","교육","평생·직업교육","공공연구성과활성화","산학연협력활성화지원","연구개발지원단 육성지원(자율)(R&D)","지역산업연계 대학 Open-Lab 육성 지원","1630000","1630000","333911","100.0","20.5"
"2026","자치단체이전","자치단체경상보조","과학기술정보통신부","지역균형발전특별회계","지역자율계정","교육","평생·직업교육","공공연구성과활성화","산학연협력활성화지원","지역산업연계 대학 Open_Lab 육성지원(자율)(R&D)","지역산업연계 대학 Open-Lab 육성 지원","4890000","4890000","1068850","100.0","21.9"
"2026","자치단체이전","자치단체경상보조","과학기술정보통신부","지역균형발전특별회계","지역자율계정","교육","평생·직업교육","공공연구성과활성화","산학연협력활성화지원","지역의 미래를 여는 과학기술 프로젝트(자율)(R&D)","지역의 미래를 여는 과학기술 프로젝트","1275000","1275000","135943","100.0","10.7"
"2026","자치단체이전","자치단체경상보조","과학기술정보통신부","지역균형발전특별회계","지역자율계정","산업·중소기업및에너지","산업혁신지원","지역경제활성화","광역경제권산업경쟁력강화","지역주도디지털혁신지원(자율)","지역주도디지털혁신지원(자율)","1800000","1350000","457649","75.0","33.9"
"2026","자치단체이전","자치단체경상보조","과학기술정보통신부","지역균형발전특별회계","지역지원계정","일반·지방행정","정부자원관리","국가사회정보화","생산적정보문화조성(정보화)","디지털역량강화교육","장애인 집합 정보화교육","560000","560000","242074","100.0","43.2"
"2026","자치단체이전","자치단체경상보조","과학기술정보통신부","지역균형발전특별회계","지역지원계정","산업·중소기업및에너지","산업혁신지원","지역경제활성화","광역경제권산업경쟁력강화(지역지원)","지역 디지털 기초체력 지원(지역지원)","지역주도디지털혁신지원(지역지원)","0","0","0","0","0"
"2026","자치단체이전","자치단체경상보조","과학기술정보통신부","지역균형발전특별회계","지역지원계정","과학기술","과학기술인력및문화","과학문화창달","과학기술문화창달사업","지역과학관활성화기반조성","공립과학관 전시환경 개선 지원","0","0","0","0","0"
"2026","자치단체이전","자치단체경상보조","과학기술정보통신부","지역균형발전특별회계","지역지원계정","과학기술","과학기술인력및문화","과학문화창달","과학관건립지원","BTL 전문과학관 지원","BTL전문과학관 지원(창원)","1150000","531324","531324","46.2","100.0"
"2026","자치단체이전","자치단체경상보조","과학기술정보통신부","지역균형발전특별회계","지역지원계정","과학기술","과학기술인력및문화","과학문화창달","과학관건립지원","BTL 전문과학관 지원","BTL전문과학관 지원(제천)","808000","365977","365977","45.3","100.0"
"2026","자치단체이전","자치단체경상보조","과학기술정보통신부","지역균형발전특별회계","지역지원계정","과학기술","과학기술인력및문화","과학문화창달","과학관건립지원","BTL 전문과학관 지원","BTL전문과학관 지원(아산)","633000","270670","408593","42.8","151.0"
"2026","자치단체이전","자치단체경상보조","과학기술정보통신부","지역균형발전특별회계","지역지원계정","과학기술","과학기술인력및문화","과학문화창달","과학관건립지원","BTL 전문과학관 지원","BTL전문과학관 지원(사천)","635000","316618","316618","49.9","100.0"
"2026","자치단체이전","자치단체경상보조","과학기술정보통신부","지역균형발전특별회계","지역지원계정","과학기술","과학기술인력및문화","과학문화창달","과학관건립지원","BTL 전문과학관 지원","BTL전문과학관 지원(김천)","1400000","699564","699564","50.0","100.0"
"2026","자치단체이전","자치단체경상보조","과학기술정보통신부","지역균형발전특별회계","지역지원계정","과학기술","과학기술인력및문화","과학문화창달","과학관건립지원","BTL 전문과학관 지원","BTL전문과학관 지원(천안)","872000","435629","435629","50.0","100.0"
"2026","자치단체이전","자치단체경상보조","교육부","고등·평생교육지원특별회계"," ","교육","고등교육","대학자율역량강화","대학혁신지원","지역혁신중심 대학지원체계(RISE)","지역혁신중심 대학지원체계","2135335000","1244210000","195350268","58.3","15.7"
"2026","자치단체이전","자치단체경상보조","교육부","영유아특별회계"," ","교육","영유아및초중등교육","지방교육정책 지원","영유아보육료지원","영유아보육료 지원","영유아보육료 지원","3663432000","2936891518","2432647256","80.2","82.8"
"2026","자치단체이전","자치단체경상보조","교육부","영유아특별회계"," ","교육","영유아및초중등교육","지방교육정책 지원","영유아보육료지원","시간제보육 지원","시간제보육서비스 제공지원","34613000","27560072","16423662","79.6","59.6"
"2026","자치단체이전","자치단체경상보조","교육부","영유아특별회계"," ","교육","영유아및초중등교육","지방교육정책 지원","어린이집 관리","어린이집 교원 양성 지원 사업","보육교직원 보수교육","2108000","1581000","530979","75.0","33.6"
"2026","자치단체이전","자치단체경상보조","교육부","영유아특별회계"," ","교육","영유아및초중등교육","지방교육정책 지원","어린이집 지원","보육교직원 인건비 및 운영지원","보육교직원 인건비 지원","1329289000","994176237","758925910","74.8","76.3"
"2026","자치단체이전","자치단체경상보조","교육부","영유아특별회계"," ","교육","영유아및초중등교육","지방교육정책 지원","어린이집 지원","보육교직원 인건비 및 운영지원","어린이집 운영지원","31189000","26818000","11876807","86.0","44.3"
"2026","자치단체이전","자치단체경상보조","교육부","영유아특별회계"," ","교육","영유아및초중등교육","지방교육정책 지원","어린이집 지원","보육교직원 인건비 및 운영지원","보육교직원 처우개선 지원","295471000","214408000","157902377","72.6","73.6"
"2026","자치단체이전","자치단체경상보조","교육부","영유아특별회계"," ","교육","영유아및초중등교육","지방교육정책 지원","어린이집 지원","보육교직원 인건비 및 운영지원","보조교사, 대체교사 지원","528486000","389953000","283586922","73.8","72.7"
"2026","자치단체이전","자치단체경상보조","교육부","영유아특별회계"," ","교육","영유아및초중등교육","지방교육정책 지원","가정양육수당 지원사업","가정양육수당 지원사업","가정양육수당지원사업","68330000","51247500","49060073","75.0","95.7"
"2026","자치단체이전","자치단체경상보조","교육부","일반회계"," ","교육","영유아및초중등교육","지방교육정책 지원","어린이집 관리","어린이집 교원 양성 지원 사업","어린이집 보육교직원 보수교육","0","0","0","0","0"
"2026","자치단체이전","자치단체경상보조","교육부","일반회계"," ","교육","영유아및초중등교육","지방교육정책 지원","어린이집 지원","보육교직원 인건비 및 운영지원","보육교직원 처우개선 지원","0","0","0","0","0"
"2026","자치단체이전","자치단체경상보조","교육부","일반회계"," ","교육","영유아및초중등교육","지방교육정책 지원","어린이집 지원","보육교직원 인건비 및 운영지원","어린이집 운영지원","0","0","0","0","0"
"2026","자치단체이전","자치단체경상보조","교육부","일반회계"," ","교육","영유아및초중등교육","지방교육정책 지원","어린이집 지원","보육교직원 인건비 및 운영지원","보조교사,대체교사 지원","0","0","0","0","0"
"2026","자치단체이전","자치단체경상보조","교육부","일반회계"," ","교육","평생·직업교육","평생직업교육 체제 구축","평생교육 기반구축","국가장애인평생교육진흥센터 운영","장애인 평생학습도시 운영","3110000","3110000","1371500","100.0","44.1"
"2026","자치단체이전","자치단체경상보조","교육부","일반회계"," ","교육","평생·직업교육","평생직업교육 체제 구축","평생교육 기반구축","평생교육이용권 지원사업","평생교육바우처 지원금(장애인)","2646000","2646000","2603460","100.0","98.4"
"2026","자치단체이전","자치단체경상보조","교육부","일반회계"," ","교육","평생·직업교육","평생직업교육 체제 구축","평생교육 기반구축","평생교육이용권 지원사업","평생교육바우처 지원금(일반)","20948000","20948000","18353599","100.0","87.6"
"2026","자치단체이전","자치단체경상보조","교육부","일반회계"," ","교육","평생·직업교육","평생직업교육 체제 구축","평생교육 기반구축","평생교육이용권 지원사업","노인 평생교육바우처 지원금","1764000","1764000","1499965","100.0","85.0"
"2026","자치단체이전","자치단체경상보조","교육부","일반회계"," ","교육","평생·직업교육","평생직업교육 체제 구축","지역평생교육활성화지원","지역평생교육활성화지원","특성화 사업 운영 지원","509000","509000","284965","100.0","56.0"
"2026","자치단체이전","자치단체경상보조","교육부","일반회계"," ","사회복지","기초생활보장","기초생활보장","교육급여","교육급여","교육급여","168836502","155547604","51131650","92.1","32.9"
"2026","자치단체이전","자치단체경상보조","교육부","지역균형발전특별회계","지역지원계정","교육","영유아및초중등교육","지방교육정책 지원","그린스마트 스쿨 조성","그린스마트 스쿨 조성","그린스마트 스쿨 조성(BTL 임대료)","29108000","14557000","8312753","50.0","57.1"
"2026","자치단체이전","자치단체경상보조","교육부","지역균형발전특별회계","지역지원계정","교육","고등교육","대학자율역량강화","대학혁신지원","지역인재육성지원","지역인재육성지원","1720000","1290000","196083","75.0","15.2"
"2026","자치단체이전","자치단체경상보조","국가보훈부","일반회계"," ","사회복지","보훈","보훈단체지원","보훈단체지원","보훈단체운영및선양활동등","보훈단체 복지지원","1789000","520150","275946","29.1","53.1"
"2026","자치단체이전","자치단체경상보조","국가보훈부","지역균형발전특별회계","제주특별자치도계정","사회복지","보훈","보훈행정","제주이관업무지원","제주보훈업무지원","제주보훈업무지원","2453000","2384384","232705","97.2","9.8"
"2026","자치단체이전","자치단체경상보조","국가유산청","국가유산보호기금"," ","문화및관광","국가유산","유산정책","국가유산안전체계관리강화","국가유산 재난안전 관리","국가유산 안전경비원 배치 및 활용","10709000","8567200","6201774","80.0","72.4"
"2026","자치단체이전","자치단체경상보조","국가유산청","국가유산보호기금"," ","문화및관광","국가유산","유산정책","국가유산안전체계관리강화","국가유산 재난안전 관리","국가유산 방재시설 유지관리 지원","3902000","3331600","1500156","85.4","45.0"
"2026","자치단체이전","자치단체경상보조","국가유산청","국가유산보호기금"," ","문화및관광","국가유산","유산정책","국가유산안전체계관리강화","국가유산 돌봄사업","국가유산돌봄사업(전국)","18912000","15129600","10212141","80.0","67.5"
"2026","자치단체이전","자치단체경상보조","국가유산청","국가유산보호기금"," ","문화및관광","국가유산","유산정책","국가유산활용활성화","국가유산교육 활성화","지역국가유산교육 활성화","826000","823750","440411","99.7","53.5"
"2026","자치단체이전","자치단체경상보조","국가유산청","국가유산보호기금"," ","문화및관광","국가유산","문화유산","역사유적 보존강화","소규모·긴급 매장유산 조사 지원","매장유산 긴급발굴조사 지원","1087000","575000","160528","52.9","27.9"
"2026","자치단체이전","자치단체경상보조","국가유산청","일반회계"," ","문화및관광","국가유산","유산정책","국가유산활용기반조성","국가유산보존관리정책강화","국가유산 산업 및 일자리 박람회","299000","299000","24173","100.0","8.1"
"2026","자치단체이전","자치단체경상보조","국가유산청","일반회계"," ","문화및관광","국가유산","유산정책","국가유산활용기반조성","국유유산관리","국유유산관리 지원(인건비,경상비)","211000","211000","148238","100.0","70.3"
"2026","자치단체이전","자치단체경상보조","국가유산청","일반회계"," ","문화및관광","국가유산","유산정책","국가유산안전체계관리강화","국가유산예방관리강화","국가유산 방재드론 시스템 운영 관리","280000","280000","107172","100.0","38.3"
"2026","자치단체이전","자치단체경상보조","국가유산청","일반회계"," ","문화및관광","국가유산","유산정책","국가유산활용활성화","국가유산 교육활용 진흥","국가유산 야행 사업(전국)","7885000","7885000","2283865","100.0","29.0"
"2026","자치단체이전","자치단체경상보조","국가유산청","일반회계"," ","문화및관광","국가유산","유산정책","국가유산활용활성화","국가유산 교육활용 진흥","전통산사 국가유산 활용사업(전국)","1341000","1341000","578287","100.0","43.1"
"2026","자치단체이전","자치단체경상보조","국가유산청","일반회계"," ","문화및관광","국가유산","유산정책","국가유산활용활성화","국가유산 교육활용 진흥","지역별 국가유산 방문의 해(경상)","500000","300000","180000","60.0","60.0"
"2026","자치단체이전","자치단체경상보조","국가유산청","일반회계"," ","문화및관광","국가유산","유산정책","국가유산활용활성화","국가유산 교육활용 진흥","생생 국가유산 사업(전국)","5000000","4960000","2158838","99.2","43.5"
"2026","자치단체이전","자치단체경상보조","국가유산청","일반회계"," ","문화및관광","국가유산","유산정책","국가유산활용활성화","국가유산 교육활용 진흥","향교서원 국가유산 활용사업(전국)","4400000","4400000","2016231","100.0","45.8"
"2026","자치단체이전","자치단체경상보조","국가유산청","일반회계"," ","문화및관광","국가유산","유산정책","국가유산활용활성화","국가유산 교육활용 진흥","고택 종갓집 활용사업(전국)","2050000","2038000","926177","99.4","45.4"
"2026","자치단체이전","자치단체경상보조","국가유산청","일반회계"," ","문화및관광","국가유산","유산정책","국제교류및세계유산등재","세계유산등재 및 보존관리","세계유산 홍보 지원(세계기록유산)","600000","550000","191544","91.7","34.8"
"2026","자치단체이전","자치단체경상보조","국가유산청","일반회계"," ","문화및관광","국가유산","유산정책","국제교류및세계유산등재","세계유산등재 및 보존관리","세계유산 잠정목록 연구 지원","296000","296000","43209","100.0","14.6"
"2026","자치단체이전","자치단체경상보조","국가유산청","일반회계"," ","문화및관광","국가유산","유산정책","국제교류및세계유산등재","세계유산등재 및 보존관리","세계유산 홍보 지원","1279000","1279000","384971","100.0","30.1"
"2026","자치단체이전","자치단체경상보조","국가유산청","일반회계"," ","문화및관광","국가유산","유산정책","국제교류및세계유산등재","세계유산등재 및 보존관리","세계유산 홍보 지원(신규등재유산)","250000","250000","187171","100.0","74.9"
"2026","자치단체이전","자치단체경상보조","국가유산청","일반회계"," ","문화및관광","국가유산","유산정책","국제교류및세계유산등재","세계유산등재 및 보존관리","세계유산 활용 프로그램","2625000","2625000","1369805","100.0","52.2"
"2026","자치단체이전","자치단체경상보조","국가유산청","일반회계"," ","문화및관광","국가유산","문화유산","역사유적 보존강화","사적관리","사적 예비 문화유산 조사 지원","250000","250000","141000","100.0","56.4"
"2026","자치단체이전","자치단체경상보조","국가유산청","일반회계"," ","문화및관광","국가유산","문화유산","역사유적 보존강화","사적관리"," 국가유산 호국선열 기념행사 지원","0","0","0","0","0"
"2026","자치단체이전","자치단체경상보조","국가유산청","일반회계"," ","문화및관광","국가유산","문화유산","역사유적 보존강화","매장유산보호및관리지원","매장유산 유존지역 정보 고도화","0","0","881560","0","0"
"2026","자치단체이전","자치단체경상보조","국가유산청","일반회계"," ","문화및관광","국가유산","문화유산","역사유적 보존강화","매장유산보호및관리지원","보존유적 관리지원(비용지원)","193000","0","0","0.0","0"
"2026","자치단체이전","자치단체경상보조","국가유산청","일반회계"," ","문화및관광","국가유산","문화유산","역사유적 보존강화","매장유산보호및관리지원","보존유적 관리지원(보수정비)","825000","0","0","0.0","0"
"2026","자치단체이전","자치단체경상보조","국가유산청","일반회계"," ","문화및관광","국가유산","문화유산","문화유산 보존관리","동산문화유산보존관리","국가유산 이음버스","0","0","0","0","0"
"2026","자치단체이전","자치단체경상보조","국가유산청","일반회계"," ","문화및관광","국가유산","문화유산","문화유산 보존관리","근현대 및 국가민속문화유산 관리","국가민속유산 관련 민속의례 지원","0","0","0","0","0"
"2026","자치단체이전","자치단체경상보조","국가유산청","일반회계"," ","문화및관광","국가유산","문화유산","문화유산 보존관리","근현대 및 국가민속문화유산 관리","근현대문화유산지구 관리 지원사업","0","0","0","0","0"
"2026","자치단체이전","자치단체경상보조","국가유산청","일반회계"," ","문화및관광","국가유산","문화유산","문화유산 보존관리","근현대 및 국가민속문화유산 관리","예비문화유산 관리ㆍ활용","0","0","0","0","0"
"2026","자치단체이전","자치단체경상보조","국가유산청","일반회계"," ","문화및관광","국가유산","문화유산","국가유산보수정비","국가유산보존기반구축","국가유산보존기반구축","0","0","0","0","0"
"2026","자치단체이전","자치단체경상보조","국가유산청","일반회계"," ","문화및관광","국가유산","자연유산","자연유산보호","자연유산보존관리","자연유산자원 보존 및 활용","0","0","0","0","0"
"2026","자치단체이전","자치단체경상보조","국가유산청","일반회계"," ","문화및관광","국가유산","자연유산","자연유산보호","명승?전통조경 보존관리","명승마을 지역상생 방안 마련 및 공동체 사업 지원","0","0","0","0","0"
"2026","자치단체이전","자치단체경상보조","국가유산청","일반회계"," ","문화및관광","국가유산","무형유산","무형유산전승","무형유산보호","전승공동체 활성화 지원","500000","485000","226032","97.0","46.6"
"2026","자치단체이전","자치단체경상보조","국가유산청","일반회계"," ","문화및관광","국가유산","무형유산","무형유산전승","무형유산보호","미래 무형유산 발굴 육성","600000","591000","230360","98.5","39.0"
"2026","자치단체이전","자치단체경상보조","국가유산청","일반회계"," ","문화및관광","국가유산","무형유산","무형유산전승","무형유산보호","2026년 전수교육관 활성화 사업","567000","567000","314375","100.0","55.4"
"2026","자치단체이전","자치단체경상보조","국가유산청","일반회계"," ","문화및관광","국가유산","무형유산","무형유산전승","무형유산보호","2026년 전수교육관 문화예술사 배치 사업","794000","794000","392524","100.0","49.4"
"2026","자치단체이전","자치단체경상보조","국가유산청","지역균형발전특별회계","세종특별자치시계정","문화및관광","국가유산","문화자원개발","지역문화유산개발(세종)","매장유산 유존지역 정보 고도화(세종)","매장유산 유존지역 정보 고도화","466000","397613","0","85.3","0.0"
"2026","자치단체이전","자치단체경상보조","국가유산청","지역균형발전특별회계","지역자율계정","문화및관광","국가유산","문화자원개발","문화유산관광자원개발","매장유산 유존지역 정보 고도화(자율)","매장유산 유존지역 정보 고도화","8474000","8438944","2855862","99.6","33.8"
"2026","자치단체이전","자치단체경상보조","국가유산청","지역균형발전특별회계","지역지원계정","문화및관광","국가유산","문화자원개발","지역문화유산개발","고도 보존 및 육성","고도역사도시조성(고도주민활동지원사업)","200000","200000","71124","100.0","35.6"
"2026","자치단체이전","자치단체경상보조","국무조정실 및 국무총리비서실","일반회계"," ","일반·지방행정","국정운영","국무총리실 행정지원","국가적중장기 추진과제 지원","청년정책총괄 조정 및 지원","청년친화도시 지정 및 운영","1500000","1200000","216073","80.0","18.0"
"2026","자치단체이전","자치단체경상보조","국방부","군인복지기금","복지계정","국방","전력유지","장병보건및복지향상","장학및취업활동지원","장학사업","군인자녀 자율형 공립고 교육지원","100000","0","15599","0.0","0"
"2026","자치단체이전","자치단체경상보조","국토교통부","교통시설특별회계","공항계정","교통및물류","항공·공항","항공발전지원","항공산업지원","도심항공교통산업활성화지원","시범사업 지원","1000000","0","227380","0.0","0"
"2026","자치단체이전","자치단체경상보조","국토교통부","교통시설특별회계","교통체계관리계정","교통및물류","물류등기타","대중교통육성","대중교통체계구축","택시산업지원","택시감차보상","3643000","3529500","1600147","96.9","45.3"
"2026","자치단체이전","자치단체경상보조","국토교통부","교통시설특별회계","교통체계관리계정","교통및물류","물류등기타","대중교통육성","대중교통체계구축","택시산업지원","택시공영차고지지원","0","0","0","0","0"
"2026","자치단체이전","자치단체경상보조","국토교통부","교통시설특별회계","교통체계관리계정","교통및물류","물류등기타","대중교통육성","대중교통체계구축","광역버스 공공성 강화 지원","출퇴근시간대 증차 운행 지원","3792000","1031982","411514","27.2","39.9"
"2026","자치단체이전","자치단체경상보조","국토교통부","교통시설특별회계","교통체계관리계정","교통및물류","물류등기타","대중교통육성","대중교통체계구축","광역버스 공공성 강화 지원","광역버스 준공영제 사업","196813000","196500000","158157048","99.8","80.5"
"2026","자치단체이전","자치단체경상보조","국토교통부","교통시설특별회계","교통체계관리계정","교통및물류","물류등기타","대중교통육성","대중교통체계구축","모빌리티활성화지원","모빌리티특화도시(자치단체 경상보조)","0","0","11700","0","0"
"2026","자치단체이전","자치단체경상보조","국토교통부","교통시설특별회계","교통체계관리계정","교통및물류","물류등기타","대중교통육성","대중교통체계구축","대중교통비 환급 지원","환급금 지원","744462000","482552234","198973574","64.8","41.2"
"2026","자치단체이전","자치단체경상보조","국토교통부","교통시설특별회계","교통체계관리계정","교통및물류","물류등기타","대중교통육성","교통약자이동편의증진","교통약자 이동편의 증진","저상버스 도입보조","162864000","144201911","52336391","88.5","36.3"
"2026","자치단체이전","자치단체경상보조","국토교통부","교통시설특별회계","교통체계관리계정","교통및물류","물류등기타","대중교통육성","교통약자이동편의증진","교통약자 이동편의 증진","특별교통수단 도입보조","70083000","65380580","41378080","93.3","63.3"
"2026","자치단체이전","자치단체경상보조","국토교통부","교통시설특별회계","교통체계관리계정","교통및물류","물류등기타","대중교통육성","교통약자이동편의증진","교통약자 이동편의 증진","BF인증사업","360000","310500","0","86.3","0.0"
"2026","자치단체이전","자치단체경상보조","국토교통부","교통시설특별회계","교통체계관리계정","교통및물류","물류등기타","대중교통육성","교통약자이동편의증진","교통약자 이동편의 증진","교통약자 장거리 이동지원","400000","0","0","0.0","0"
"2026","자치단체이전","자치단체경상보조","국토교통부","교통시설특별회계","도로계정","교통및물류","도로","도로관리","첨단도로교통체계","첨단도로교통체계","지자체 ITS 구축 지원","4500000","4500000","817920","100.0","18.2"
"2026","자치단체이전","자치단체경상보조","국토교통부","교통시설특별회계","도로계정","교통및물류","도로","민자도로건설및관리","민자유치사업지원","민자도로운영지원","일산대교 지원방안 연구용역","500000","0","0","0.0","0"
"2026","자치단체이전","자치단체경상보조","국토교통부","일반회계"," ","사회복지","기초생활보장","기초주거생활보장","주택정책지원","주거급여지원","주거급여","3175881000","2404111000","2342758040","75.7","97.4"
"2026","자치단체이전","자치단체경상보조","국토교통부","일반회계"," ","사회복지","기초생활보장","기초주거생활보장","주택정책지원","주거급여지원","주거취약계층 주거상향지원","5000000","3906400","2134080","78.1","54.6"
"2026","자치단체이전","자치단체경상보조","국토교통부","일반회계"," ","사회복지","기초생활보장","기초주거생활보장","주택정책지원","주거급여지원","장애인주택 개조사업","2850000","2850000","901615","100.0","31.6"
"2026","자치단체이전","자치단체경상보조","국토교통부","일반회계"," ","사회복지","기초생활보장","기초주거생활보장","주택정책지원","주거급여지원","이사비지원사업","3000000","1803680","1159521","60.1","64.3"
"2026","자치단체이전","자치단체경상보조","국토교통부","일반회계"," ","사회복지","주택","주택시장안정및주거복지향상","주택가격조사지원","주택공시가격조사","개별주택가격조사","21445000","19300500","17716545","90.0","91.8"
"2026","자치단체이전","자치단체경상보조","국토교통부","일반회계"," ","사회복지","주택","주택시장안정및주거복지향상","주택정책지원","청년월세지원","청년월세 한시 특별지원","0","0","0","0","0"
"2026","자치단체이전","자치단체경상보조","국토교통부","일반회계"," ","사회복지","주택","주택시장안정및주거복지향상","주택정책지원","청년월세지원","청년월세 지원","129862000","92091790","50373188","70.9","54.7"
"2026","자치단체이전","자치단체경상보조","국토교통부","일반회계"," ","사회복지","주택","주택시장안정및주거복지향상","주택정책지원","전세보증금 반환보증 보증료 지원","전세보증금반환보증 보증료지원","0","0","0","0","0"
"2026","자치단체이전","자치단체경상보조","국토교통부","일반회계"," ","사회복지","주택","주택시장안정및주거복지향상","주택정책지원","전세보증금 반환보증 보증료 지원","전세보증금반환보증 보증료지원","7980000","5646450","4333454","70.8","76.7"
"2026","자치단체이전","자치단체경상보조","국토교통부","일반회계"," ","사회복지","주택","주택시장안정및주거복지향상","주거환경개선지원","층간소음예방및저감지원사업","노이즈가드 설치지원(민간기축)","0","0","0","0","0"
"2026","자치단체이전","자치단체경상보조","국토교통부","일반회계"," ","교통및물류","물류등기타","국토교통정보화","국토공간정보체계구축및지원(정보화)","지하시설물 전산화(보조, 정보화)","지하시설물(상·하수도) 전산화(보조)","5200000","5200000","1414837","100.0","27.2"
"2026","자치단체이전","자치단체경상보조","국토교통부","일반회계"," ","교통및물류","물류등기타","건설정책 및 기술지원","건설시설안전관리","건설및지하안전관리","지반탐사 지원","4360000","4360000","1026182","100.0","23.5"
"2026","자치단체이전","자치단체경상보조","국토교통부","일반회계"," ","국토및지역개발","지역및도시","국토정보관리","부동산공시","지가조사","개별공시지가조사","11620000","10458000","10081499","90.0","96.4"
"2026","자치단체이전","자치단체경상보조","국토교통부","일반회계"," ","국토및지역개발","지역및도시","국토정보관리","국토정보제도선진화","지적관리","지적관리 국고보조금","939500","939500","546604","100.0","58.2"
"2026","자치단체이전","자치단체경상보조","국토교통부","일반회계"," ","국토및지역개발","지역및도시","국토정보관리","국토정보제도선진화","지적관리","연속지적도 정비사업","2800000","2800000","1584194","100.0","56.6"
"2026","자치단체이전","자치단체경상보조","국토교통부","일반회계"," ","국토및지역개발","지역및도시","국토정보관리","국토정보제도선진화","지적재조사","지적재조사사업 추진","38792000","38792000","37428331","100.0","96.5"
"2026","자치단체이전","자치단체경상보조","국토교통부","일반회계"," ","국토및지역개발","지역및도시","건축정책","도시경관및건축문화품격향상","건축문화진흥","민간전문가제도 운영지원","450000","270000","256940","60.0","95.2"
"2026","자치단체이전","자치단체경상보조","국토교통부","일반회계"," ","국토및지역개발","지역및도시","건축정책","건축서비스산업지원","건축안전","지역건축안전센터 설치운영","90761","90761","65619","100.0","72.3"
"2026","자치단체이전","자치단체경상보조","국토교통부","주택도시기금","주택계정","사회복지","주택","임대주택지원(출자)","임대주택지원","전세·매입임대 경상보조","전세임대경상보조사업 자금지원","35081000","0","609330","0.0","0"
"2026","자치단체이전","자치단체경상보조","국토교통부","주택도시기금","주택계정","사회복지","주택","임대주택지원(출자)","임대주택지원","노후공공임대주택 리모델링 및 서비스 개선","주거복지사 배치(지자체)","1809000","0","8367","0.0","0"
"2026","자치단체이전","자치단체경상보조","국토교통부","지역균형발전특별회계","세종특별자치시계정","교통및물류","물류등기타","광역교통정책","도시형교통모델","도시형교통모델(세종)","공공형택시지원(세종)","300000","300000","131439","100.0","43.8"
"2026","자치단체이전","자치단체경상보조","국토교통부","지역균형발전특별회계","세종특별자치시계정","교통및물류","물류등기타","광역교통정책","도시형교통모델","도시형교통모델(세종)","공공형버스지원(세종)","7200000","4886500","2376669","67.9","48.6"
"2026","자치단체이전","자치단체경상보조","국토교통부","지역균형발전특별회계","제주특별자치도계정","교통및물류","도로","도로관리","제주 구국도 유지관리","제주구국도유지관리","제주구국도유지운영","3215000","1500000","1534923","46.7","102.3"
"2026","자치단체이전","자치단체경상보조","국토교통부","지역균형발전특별회계","제주특별자치도계정","교통및물류","도로","도로관리","제주 구국도 유지관리","제주구국도공무원부담금","제주구국도공무원부담금","8000","6000","0","75.0","0.0"
"2026","자치단체이전","자치단체경상보조","국토교통부","지역균형발전특별회계","제주특별자치도계정","교통및물류","물류등기타","광역교통정책","도시형교통모델","도시형교통모델(제주)","공공형택시지원(제주)","100000","100000","100000","100.0","100.0"
"2026","자치단체이전","자치단체경상보조","국토교통부","지역균형발전특별회계","제주특별자치도계정","교통및물류","물류등기타","국토교통행정지원","제주 도로관리단 지원","제주 도로관리단 지원","제주 도로관리단 지원","4326000","4326000","192001","100.0","4.4"
"2026","자치단체이전","자치단체경상보조","국토교통부","지역균형발전특별회계","제주특별자치도계정","국토및지역개발","지역및도시","도시정책","도시개발","장기미집행공원지방채이자지원(제주)","장기미집행공원지방채이자지원(제주)","6706000","5800000","4424678","86.5","76.3"
"2026","자치단체이전","자치단체경상보조","국토교통부","지역균형발전특별회계","지역자율계정","교통및물류","물류등기타","광역교통정책","대중교통지원(지역자율)","벽지노선지원(자율)","벽지노선 지원","40298000","40297730","22697167","100.0","56.3"
"2026","자치단체이전","자치단체경상보조","국토교통부","지역균형발전특별회계","지역자율계정","교통및물류","물류등기타","광역교통정책","도시형교통모델","도시형교통모델(지역자율)","공공형택시지원(지역자율)","9152000","9152000","6154136","100.0","67.2"
"2026","자치단체이전","자치단체경상보조","국토교통부","지역균형발전특별회계","지역자율계정","교통및물류","물류등기타","광역교통정책","도시형교통모델","도시형교통모델(지역자율)","공공형버스지원(지역자율)","28467000","23600383","13440043","82.9","56.9"
"2026","자치단체이전","자치단체경상보조","국토교통부","지역균형발전특별회계","지역자율계정","국토및지역개발","지역및도시","도시정책","도시활력증진지역개발","도시활력증진지역개발","빈집철거지원사업","15000000","14676000","1865006","97.8","12.7"
"2026","자치단체이전","자치단체경상보조","국토교통부","지역균형발전특별회계","지역지원계정","교통및물류","물류등기타","자동차및교통정책","첨단미래형자동차활성화","충청권 자율주행 모빌리티 고도화 사업","충청권 자율주행 모빌리티 고도화 사업","1380000","1380000","105616","100.0","7.7"
"2026","자치단체이전","자치단체경상보조","국토교통부","지역균형발전특별회계","지역지원계정","국토및지역개발","지역및도시","지역개발","개발제한구역지원","개발제한구역관리","개발제한구역 관리(보조)","1601000","1601000","1102641","100.0","68.9"
"2026","자치단체이전","자치단체경상보조","국토교통부","지역균형발전특별회계","지역지원계정","국토및지역개발","지역및도시","도시정책","도시개발","장기미집행공원지방채이자지원","장기미집행공원지방채이자지원","18972000","15371131","11812833","81.0","76.9"
"2026","자치단체이전","자치단체경상보조","국토교통부","지역균형발전특별회계","지역지원계정","국토및지역개발","산업단지","산업단지개발및지원","산업단지지원(지원)","도심융합특구지원","도심융합특구지원","0","0","0","0","0"
"2026","자치단체이전","자치단체경상보조","국토교통부","혁신도시건설특별회계"," ","국토및지역개발","지역및도시","지역개발","혁신도시","혁신도시 건설지원","공공기관 연관산업 기업유치 및 지원","2668000","2013000","1222266","75.4","60.7"
"2026","자치단체이전","자치단체경상보조","국토교통부","혁신도시건설특별회계"," ","국토및지역개발","지역및도시","지역개발","혁신도시","혁신도시 건설지원","혁신기업 공유오피스 조성지원","984000","984000","382467","100.0","38.9"
"2026","자치단체이전","자치단체경상보조","국토교통부","혁신도시건설특별회계"," ","국토및지역개발","지역및도시","지역개발","혁신도시","혁신도시정주여건개선및활성화지원","혁신융합캠퍼스 조성 지원","759000","759000","34529","100.0","4.5"
"2026","자치단체이전","자치단체경상보조","기획예산처","복권기금"," ","사회복지","취약계층지원","복권기금운영(취약계층지원)","입양아동 가족지원","입양아동 가족지원","입양아동 가족지원","19358000","11528000","12138456","59.6","105.3"
"2026","자치단체이전","자치단체경상보조","기후에너지환경부","금강수계관리기금"," ","환경","환경일반","환경행정 지원","기금운영비(금강수계관리기금)","운영경비","금강수계기금운영비(관리비)","36000","0","7905","0.0","0"
"2026","자치단체이전","자치단체경상보조","기후에너지환경부","금강수계관리기금"," ","환경","물환경","4대강유역관리","주민지원사업(금강)","관리청별주민지원","일반 및 직접지원사업","17758000","0","5473897","0.0","0"
"2026","자치단체이전","자치단체경상보조","기후에너지환경부","금강수계관리기금"," ","환경","물환경","4대강유역관리","주민지원사업(금강)","관리청별주민지원","특별지원사업","4440000","0","0","0.0","0"
"2026","자치단체이전","자치단체경상보조","기후에너지환경부","금강수계관리기금"," ","환경","물환경","4대강유역관리","주민지원사업(금강)","관리청별주민지원","주민지원사업 평가 및 DB지원","807051","0","0","0.0","0"
"2026","자치단체이전","자치단체경상보조","기후에너지환경부","금강수계관리기금"," ","환경","물환경","4대강유역관리","환경기초시설(금강)","환경기초시설운영","환경기초시설 운영","33699000","0","9945538","0.0","0"
"2026","자치단체이전","자치단체경상보조","기후에너지환경부","금강수계관리기금"," ","환경","물환경","4대강유역관리","기타수질개선지원(금강)","상수원관리지역관리","상수원관리지역 관리기구 지원","917000","0","17851","0.0","0"
"2026","자치단체이전","자치단체경상보조","기후에너지환경부","금강수계관리기금"," ","환경","물환경","4대강유역관리","기타수질개선지원(금강)","상수원관리지역관리","대청호 유입하천 쓰레기 수거사업","353000","0","42078","0.0","0"
"2026","자치단체이전","자치단체경상보조","기후에너지환경부","금강수계관리기금"," ","환경","물환경","4대강유역관리","기타수질개선지원(금강)","상수원관리지역관리","호소 부유쓰레기 운반처리비 지원","276000","0","200000","0.0","0"
"2026","자치단체이전","자치단체경상보조","기후에너지환경부","금강수계관리기금"," ","환경","물환경","4대강유역관리","기타수질개선지원(금강)","상수원관리지역관리","대청호용담호 주변도로 친환경 제설제 지원","45000","0","2140","0.0","0"
"2026","자치단체이전","자치단체경상보조","기후에너지환경부","금강수계관리기금"," ","환경","물환경","4대강유역관리","기타수질개선지원(금강)","상수원관리지역관리","대청호 상류 가축분뇨 수거사업","367000","0","246830","0.0","0"
"2026","자치단체이전","자치단체경상보조","기후에너지환경부","금강수계관리기금"," ","환경","물환경","4대강유역관리","기타수질개선지원(금강)","상수원관리지역관리","대청호용담호 녹조 제거사업","177892","0","137892","0.0","0"
"2026","자치단체이전","자치단체경상보조","기후에너지환경부","금강수계관리기금"," ","환경","물환경","4대강유역관리","기타수질개선지원(금강)","비점오염 저감사업","비점오염저감시설 운영비","1036000","0","164610","0.0","0"
"2026","자치단체이전","자치단체경상보조","기후에너지환경부","금강수계관리기금"," ","환경","물환경","4대강유역관리","오염총량관리(금강)","오염총량관리사업","오염총량관리사업","2456000","0","175982","0.0","0"
"2026","자치단체이전","자치단체경상보조","기후에너지환경부","기후대응기금"," ","환경","자원순환및환경경제","공정한전환","지역공정전환","탄소중립그린도시","탄소중립그린도시_경상보조","840000","630000","216521","75.0","34.4"
"2026","자치단체이전","자치단체경상보조","기후에너지환경부","기후대응기금"," ","환경","자원순환및환경경제","공정한전환","지역공정전환","탄소중립그린도시","탄소중립도시_경상보조","0","0","0","0","0"
"2026","자치단체이전","자치단체경상보조","기후에너지환경부","기후대응기금"," ","환경","기후대기및환경안전","온실가스감축","산업저탄소화","수열에너지 활성화 지원","충주댐 수열에너지 특화단지 시범사업 타당성조사","500000","350000","0","70.0","0.0"
"2026","자치단체이전","자치단체경상보조","기후에너지환경부","기후대응기금"," ","환경","기후대기및환경안전","온실가스감축","산업저탄소화","재활용 가능 자원 수거 선별 인프라 확충","영농폐기물 재활용 촉진(농촌폐비닐 수거보상금)","4440000","3552000","2155935","80.0","60.7"
"2026","자치단체이전","자치단체경상보조","기후에너지환경부","기후대응기금"," ","환경","기후대기및환경안전","공정한전환","지역공정전환","기후변화적응 및 국민실천","탄소중립 지원센터 운영지원","6720000","6620000","2674924","98.5","40.4"
"2026","자치단체이전","자치단체경상보조","기후에너지환경부","기후대응기금"," ","환경","기후대기및환경안전","공정한전환","적응및인식제고","친환경소비생활및저탄소생산기반구축지원","탄소중립포인트 에너지 분야 운영","9896000","9896000","4154446","100.0","42.0"
"2026","자치단체이전","자치단체경상보조","기후에너지환경부","기후대응기금"," ","환경","기후대기및환경안전","공정한전환","적응및인식제고","친환경소비생활및저탄소생산기반구축지원","탄소중립포인트 자동차 분야 운영","1826000","1826000","8780","100.0","0.5"
"2026","자치단체이전","자치단체경상보조","기후에너지환경부","기후대응기금"," ","농림수산","임업·산촌","온실가스감축","탄소흡수원조성","탄소중립도시숲조성","도시숲 등 관리지표 측정평가","1760000","1760000","320336","100.0","18.2"
"2026","자치단체이전","자치단체경상보조","기후에너지환경부","낙동강수계관리기금"," ","환경","환경일반","환경행정 지원","기금운영비(낙동강수계관리기금)","운영경비","기금관리기타경비","60000","0","37803","0.0","0"
"2026","자치단체이전","자치단체경상보조","기후에너지환경부","낙동강수계관리기금"," ","환경","물환경","4대강유역관리","주민지원사업(낙동강)","관리청별 주민지원","일반지원사업","16852000","0","6090658","0.0","0"
"2026","자치단체이전","자치단체경상보조","기후에너지환경부","낙동강수계관리기금"," ","환경","물환경","4대강유역관리","주민지원사업(낙동강)","관리청별 주민지원","특별지원사업","5617000","0","445472","0.0","0"
"2026","자치단체이전","자치단체경상보조","기후에너지환경부","낙동강수계관리기금"," ","환경","물환경","4대강유역관리","주민지원사업(낙동강)","관리청별 주민지원","주민지원사업 평가 및 DB지원","445646","0","104634","0.0","0"
"2026","자치단체이전","자치단체경상보조","기후에너지환경부","낙동강수계관리기금"," ","환경","물환경","4대강유역관리","환경기초시설(낙동강)","환경기초시설 운영","환경기초시설 운영","74888000","0","11751432","0.0","0"
"2026","자치단체이전","자치단체경상보조","기후에너지환경부","낙동강수계관리기금"," ","환경","물환경","4대강유역관리","기타수질개선지원(낙동강)","상수원관리지역관리사업","상수원관리지역관리","2209000","0","662576","0.0","0"
"2026","자치단체이전","자치단체경상보조","기후에너지환경부","낙동강수계관리기금"," ","환경","물환경","4대강유역관리","기타수질개선지원(낙동강)","정수비용지원","정수비용지원","3895000","0","0","0.0","0"
"2026","자치단체이전","자치단체경상보조","기후에너지환경부","낙동강수계관리기금"," ","환경","물환경","4대강유역관리","기타수질개선지원(낙동강)","하천하구쓰레기 정화사업","하천하구쓰레기정화사업","1260000","0","302857","0.0","0"
"2026","자치단체이전","자치단체경상보조","기후에너지환경부","낙동강수계관리기금"," ","환경","물환경","4대강유역관리","오염총량관리(낙동강)","오염총량관리","오염총량관리","2787000","0","520316","0.0","0"
"2026","자치단체이전","자치단체경상보조","기후에너지환경부","에너지및자원사업특별회계","투자계정","산업·중소기업및에너지","에너지및자원개발","재생에너지및에너지신산업활성화","에너지신산업","수소산업진흥 기반구축사업","제주그린수소글로벌포럼개최지원","250000","250000","0","100.0","0.0"
"2026","자치단체이전","자치단체경상보조","기후에너지환경부","영산강·섬진강수계관리기금"," ","환경","환경일반","환경행정 지원","기금운영비(영산강섬진강수계관리기금)","운영경비","기금사업관리비 지원","18000","0","5220","0.0","0"
"2026","자치단체이전","자치단체경상보조","기후에너지환경부","영산강·섬진강수계관리기금"," ","환경","물환경","4대강유역관리","주민지원사업(영산강)","관리청별 주민지원","일반지원사업","14404000","0","4422822","0.0","0"
"2026","자치단체이전","자치단체경상보조","기후에너지환경부","영산강·섬진강수계관리기금"," ","환경","물환경","4대강유역관리","주민지원사업(영산강)","관리청별 주민지원","주민지원사업평가 및 DB지원","792000","0","0","0.0","0"
"2026","자치단체이전","자치단체경상보조","기후에너지환경부","영산강·섬진강수계관리기금"," ","환경","물환경","4대강유역관리","주민지원사업(영산강)","관리청별 주민지원","특별지원사업","4801000","0","1064097","0.0","0"
"2026","자치단체이전","자치단체경상보조","기후에너지환경부","영산강·섬진강수계관리기금"," ","환경","물환경","4대강유역관리","환경기초시설(영산강)","환경기초시설 운영","환경기초시설 운영","4393000","0","0","0.0","0"
"2026","자치단체이전","자치단체경상보조","기후에너지환경부","영산강·섬진강수계관리기금"," ","환경","물환경","4대강유역관리","기타수질개선지원(영산강)","상수원관리지역관리","상수원관리지역관리","3114279","0","833640","0.0","0"
"2026","자치단체이전","자치단체경상보조","기후에너지환경부","영산강·섬진강수계관리기금"," ","환경","물환경","4대강유역관리","기타수질개선지원(영산강)","비점오염 저감사업","비점오염 저감사업(운영)","272912","0","263152","0.0","0"
"2026","자치단체이전","자치단체경상보조","기후에너지환경부","영산강·섬진강수계관리기금"," ","환경","물환경","4대강유역관리","기타수질개선지원(영산강)","퇴적물 준설사업","퇴적물 준설사업","0","0","0","0","0"
"2026","자치단체이전","자치단체경상보조","기후에너지환경부","영산강·섬진강수계관리기금"," ","환경","물환경","4대강유역관리","오염총량관리(영산강)","오염총량관리사업","영산강섬진강수계 수질오염총량제 지원","1818000","0","86105","0.0","0"
"2026","자치단체이전","자치단체경상보조","기후에너지환경부","전력산업기반기금"," ","산업·중소기업및에너지","에너지및자원개발","에너지자원정책","전력수요관리(기금)","전력효율향상","취약계층 LED보급지원","6570000","6451420","3007546","98.2","46.6"
"2026","자치단체이전","자치단체경상보조","기후에너지환경부","전력산업기반기금"," ","산업·중소기업및에너지","에너지및자원개발","에너지자원정책","전선로 지중화 지원","전선로 지중화 지원","전선로 지중화사업 지원","0","0","4266073","0","0"
"2026","자치단체이전","자치단체경상보조","기후에너지환경부","전력산업기반기금"," ","산업·중소기업및에너지","에너지및자원개발","재생에너지및에너지신산업활성화","재생에너지지원","신재생에너지보급지원","세계태양광총회 개최 지원","1450000","1450000","1000000","100.0","69.0"
"2026","자치단체이전","자치단체경상보조","기후에너지환경부","전력산업기반기금"," ","산업·중소기업및에너지","에너지및자원개발","에너지공급체계구축","발전소주변지역지원(기금)","발전소주변지역기본지원사업","발전소주변지역 공공사회복지 등","88176000","86627857","35663485","98.2","41.2"
"2026","자치단체이전","자치단체경상보조","기후에너지환경부","전력산업기반기금"," ","산업·중소기업및에너지","에너지및자원개발","에너지공급체계구축","발전소주변지역지원(기금)","특별지원사업(발전소주변지역)","발전소주변지역 공공사회복지 등(특별지원)","52897400","49033470","18947965","92.7","38.6"
"2026","자치단체이전","자치단체경상보조","기후에너지환경부","전력산업기반기금"," ","산업·중소기업및에너지","에너지및자원개발","에너지공급체계구축","발전소주변지역지원(기금)","기타지원(발전소주변지역)","발전소주변지역 민간환경감시기구 인건비","2603000","2603000","1473622","100.0","56.6"
"2026","자치단체이전","자치단체경상보조","기후에너지환경부","전력산업기반기금"," ","산업·중소기업및에너지","에너지및자원개발","에너지공급체계구축","발전소주변지역지원(기금)","기타지원(발전소주변지역)","발전소주변지역 민간환경감시기구 장비구입비","216000","216000","100","100.0","0.0"
"2026","자치단체이전","자치단체경상보조","기후에너지환경부","전력산업기반기금"," ","산업·중소기업및에너지","에너지및자원개발","에너지공급체계구축","발전소주변지역지원(기금)","기타지원(발전소주변지역)","발전소주변지역 민간환경감시기구 운영비","695000","695000","365748","100.0","52.6"
"2026","자치단체이전","자치단체경상보조","기후에너지환경부","전력산업기반기금"," ","산업·중소기업및에너지","에너지및자원개발","에너지공급체계구축","발전소주변지역지원(기금)","기타지원(발전소주변지역)","석탄화력발전소 민간환경감시기구 운영","297000","297000","171375","100.0","57.7"
"2026","자치단체이전","자치단체경상보조","기후에너지환경부","전력산업기반기금"," ","산업·중소기업및에너지","에너지및자원개발","에너지공급체계구축","발전소주변지역지원(기금)","기타지원(발전소주변지역)","고창 민간 환경 감시센터 운영","324000","324000","103832","100.0","32.0"
"2026","자치단체이전","자치단체경상보조","기후에너지환경부","지역균형발전특별회계","세종특별자치시계정","환경","자원순환및환경경제","자원순환사회 형성 촉진","최종처리 및 안전관리","다회용기 재사용 촉진 지원(세종)","다회용기 재사용 촉진 지원(세종)","280000","0","0","0.0","0"
"2026","자치단체이전","자치단체경상보조","기후에너지환경부","지역균형발전특별회계","세종특별자치시계정","환경","기후대기및환경안전","대기환경 보전","대기오염 발생원 관리","미세먼지 불법배출 예방감시 지원(세종)","미세먼지 불법배출 예방감시 사업(세종)","180000","180000","99889","100.0","55.5"
"2026","자치단체이전","자치단체경상보조","기후에너지환경부","지역균형발전특별회계","세종특별자치시계정","환경","기후대기및환경안전","환경보건관리","환경피해 사후관리","슬레이트관리(세종)","슬레이트 처리지원","305000","305000","24400","100.0","8.0"
"2026","자치단체이전","자치단체경상보조","기후에너지환경부","지역균형발전특별회계","제주특별자치도계정","환경","환경일반","환경행정 지원","제주 이관업무 지원","제주환경업무지원(제주)","제주이관업무지원","219000","219000","31850","100.0","14.5"
"2026","자치단체이전","자치단체경상보조","기후에너지환경부","지역균형발전특별회계","제주특별자치도계정","환경","자원순환및환경경제","자원순환사회 형성 촉진","최종처리 및 안전관리","다회용기 재사용 촉진 지원(제주)","다회용기 재사용 촉진 지원(제주)","1735000","1735000","750130","100.0","43.2"
"2026","자치단체이전","자치단체경상보조","기후에너지환경부","지역균형발전특별회계","제주특별자치도계정","환경","기후대기및환경안전","대기환경 보전","대기오염 발생원 관리","미세먼지 불법배출 예방감시 지원(제주)","미세먼지 불법배출 예방감시 사업(제주)","124000","124000","53562","100.0","43.2"
"2026","자치단체이전","자치단체경상보조","기후에너지환경부","지역균형발전특별회계","제주특별자치도계정","환경","기후대기및환경안전","환경보건관리","환경피해 사후관리","슬레이트관리(제주)","슬레이트 처리지원","1910000","1910000","450577","100.0","23.6"
"2026","자치단체이전","자치단체경상보조","기후에너지환경부","지역균형발전특별회계","제주특별자치도계정","환경","자연환경","자연생태 보전","자연환경 보전 및 관리(제주)","습지보전관리(제주)","람사르습지도시 인증프로그램 운영 지원_지특(제주)","160000","128000","75211","80.0","58.8"
"2026","자치단체이전","자치단체경상보조","기후에너지환경부","지역균형발전특별회계","제주특별자치도계정","환경","자연환경","자연생태 보전","자연환경 보전 및 관리(제주)","습지보전관리(제주)","람사르습지도시 인증프로그램 운영 지원_지특(자율, 제주)","0","0","0","0","0"
"2026","자치단체이전","자치단체경상보조","기후에너지환경부","지역균형발전특별회계","지역자율계정","환경","자원순환및환경경제","자원순환사회 형성 촉진","폐기물 발생원 관리","다회용기 재사용 촉진 지원(자율)","다회용기 재사용 촉진 지원(자율)","13705000","12980430","5312587","94.7","40.9"
"2026","자치단체이전","자치단체경상보조","기후에너지환경부","지역균형발전특별회계","지역자율계정","환경","기후대기및환경안전","대기환경 보전","대기오염 발생원 관리","미세먼지 불법배출 예방감시 지원(자율)","미세먼지 불법배출 예방감시 사업(경상보조)","17338000","17338000","9509733","100.0","54.8"
"2026","자치단체이전","자치단체경상보조","기후에너지환경부","지역균형발전특별회계","지역자율계정","환경","기후대기및환경안전","환경보건관리","환경피해 사후관리","슬레이트관리(자율)","슬레이트 처리지원","63769000","63769000","13813407","100.0","21.7"
"2026","자치단체이전","자치단체경상보조","기후에너지환경부","지역균형발전특별회계","지역자율계정","환경","자연환경","자연생태 보전","자연생태복원","습지보전관리(자율)","람사르습지도시 인증프로그램 운영 지원_지특(자율)","300000","270000","103961","90.0","38.5"
"2026","자치단체이전","자치단체경상보조","기후에너지환경부","지역균형발전특별회계","지역지원계정","환경","물환경","수질 및 수생태계 관리","산업폐수 및 기타오염원 관리","하천하구 쓰레기 정화사업","자치단체 지원","11787370","11554200","4719607","98.0","40.8"
"2026","자치단체이전","자치단체경상보조","기후에너지환경부","지역균형발전특별회계","지역지원계정","환경","물환경","수질 및 수생태계 관리","하수도 관리","하수관로 정비","하수관로정비(노후하수관로정밀조사지원)","1076000","1076000","0","100.0","0.0"
"2026","자치단체이전","자치단체경상보조","기후에너지환경부","지역균형발전특별회계","지역지원계정","환경","물환경","수질 및 수생태계 관리","하수도 관리","하수관로정비BTL사업임대료지급","하수관로정비BTL사업임대료지급","365516000","277730000","44203441","76.0","15.9"
"2026","자치단체이전","자치단체경상보조","기후에너지환경부","지역균형발전특별회계","지역지원계정","환경","자연환경","자연생태 보전","자연생태복원","국토생태네트워크구축(지원)","DMZ 생태계 보전관리","1000000","805000","116591","80.5","14.5"
"2026","자치단체이전","자치단체경상보조","기후에너지환경부","지역균형발전특별회계","지역지원계정","환경","자연환경","자연생태 보전","자연자원의 이용","생태관광자원 이용기반","생태관광지역 지정·육성","1440000","1440000","578694","100.0","40.2"
"2026","자치단체이전","자치단체경상보조","기후에너지환경부","한강수계관리기금"," ","환경","환경일반","환경행정 지원","기금운영비(한강수계관리기금)","운영경비","기금사업관리비 지원","100000","0","11937","0.0","0"
"2026","자치단체이전","자치단체경상보조","기후에너지환경부","한강수계관리기금"," ","환경","물환경","4대강유역관리","주민지원사업(한강)","관리청별주민지원","주민지원사업추진을 위한 시군 업무지원비","846347","0","59987","0.0","0"
"2026","자치단체이전","자치단체경상보조","기후에너지환경부","한강수계관리기금"," ","환경","물환경","4대강유역관리","주민지원사업(한강)","관리청별주민지원","일반지원사업","70546000","0","11769392","0.0","0"
"2026","자치단체이전","자치단체경상보조","기후에너지환경부","한강수계관리기금"," ","환경","물환경","4대강유역관리","주민지원사업(한강)","관리청별주민지원","특별지원사업","15468000","0","2103351","0.0","0"
"2026","자치단체이전","자치단체경상보조","기후에너지환경부","한강수계관리기금"," ","환경","물환경","4대강유역관리","환경기초시설(한강)","환경기초시설운영","환경기초시설 운영","156336000","0","3519757","0.0","0"
"2026","자치단체이전","자치단체경상보조","기후에너지환경부","한강수계관리기금"," ","환경","물환경","4대강유역관리","기타 수질개선지원(한강)","상수원관리지역관리","춘천물포럼 비용 지원","50000","0","0","0.0","0"
"2026","자치단체이전","자치단체경상보조","기후에너지환경부","한강수계관리기금"," ","환경","물환경","4대강유역관리","기타 수질개선지원(한강)","상수원관리지역관리","하천변 쓰레기 수거사업","1996000","0","0","0.0","0"
"2026","자치단체이전","자치단체경상보조","기후에너지환경부","한강수계관리기금"," ","환경","물환경","4대강유역관리","기타 수질개선지원(한강)","상수원관리지역관리","상수원보호구역관리사업","8070606","0","3877179","0.0","0"
"2026","자치단체이전","자치단체경상보조","기후에너지환경부","한강수계관리기금"," ","환경","물환경","4대강유역관리","기타 수질개선지원(한강)","상수원관리지역관리","댐 부유물 운반 및 처리비용 지원","316000","0","0","0.0","0"
"2026","자치단체이전","자치단체경상보조","기후에너지환경부","한강수계관리기금"," ","환경","물환경","4대강유역관리","기타 수질개선지원(한강)","상수원관리지역관리","충주호 수질오염감시선박 운영비 지원","15000","0","11713","0.0","0"
"2026","자치단체이전","자치단체경상보조","기후에너지환경부","한강수계관리기금"," ","환경","물환경","4대강유역관리","기타 수질개선지원(한강)","퇴적물준설","퇴적물 준설","1204000","0","0","0.0","0"
"2026","자치단체이전","자치단체경상보조","기후에너지환경부","한강수계관리기금"," ","환경","물환경","4대강유역관리","기타 수질개선지원(한강)","비점오염저감사업","비점오염저감사업 운영사업","3701800","0","490622","0.0","0"
"2026","자치단체이전","자치단체경상보조","기후에너지환경부","한강수계관리기금"," ","환경","물환경","4대강유역관리","기타 수질개선지원(한강)","정수비용지원","정수비용지원","795000","0","0","0.0","0"
"2026","자치단체이전","자치단체경상보조","기후에너지환경부","한강수계관리기금"," ","환경","물환경","4대강유역관리","기타 수질개선지원(한강)","상하류 협력지원사업","상하류협력지원사업 경상","8198000","0","2481592","0.0","0"
"2026","자치단체이전","자치단체경상보조","기후에너지환경부","한강수계관리기금"," ","환경","물환경","4대강유역관리","기타 수질개선지원(한강)","수질오염방지시설  운영 지원","수질오염방지시설 운영지원","808000","0","0","0.0","0"
"2026","자치단체이전","자치단체경상보조","기후에너지환경부","한강수계관리기금"," ","환경","물환경","4대강유역관리","오염총량관리(한강)","오염총량관리사업","오염총량관리사업","3311000","0","718009","0.0","0"
"2026","자치단체이전","자치단체경상보조","기후에너지환경부","환경개선특별회계"," ","환경","환경일반","환경연구 및 교육","환경시험연구","국립환경과학원연구사업(R&D)","환경분야시험검사의 국제적 적합성 기반구축사업","1435000","1435000","719934","100.0","50.2"
"2026","자치단체이전","자치단체경상보조","기후에너지환경부","환경개선특별회계"," ","환경","환경일반","환경행정 지원","재해대책","재해대책비","재해복구","35000000","0","40389","0.0","0"
"2026","자치단체이전","자치단체경상보조","기후에너지환경부","환경개선특별회계"," ","환경","물환경","수질 및 수생태계 관리","산업폐수 및 기타오염원 관리","비점오염저감사업","주민참여형 농업비점오염원 집중관리사업","421000","421000","328447","100.0","78.0"
"2026","자치단체이전","자치단체경상보조","기후에너지환경부","환경개선특별회계"," ","환경","물환경","수질 및 수생태계 관리","수질개선기반구축","수질 및 수생태계 측정조사","기타수계 오염총량제 지원","500000","500000","218521","100.0","43.7"
"2026","자치단체이전","자치단체경상보조","기후에너지환경부","환경개선특별회계"," ","환경","물환경","수질 및 수생태계 관리","수질개선기반구축","공공수역 녹조발생 대응","조류피해예방조치 명령 이행보전-총인처리 강화, 친수구간 조류경보제 운영","600000","591400","4100","98.6","0.7"
"2026","자치단체이전","자치단체경상보조","기후에너지환경부","환경개선특별회계"," ","환경","물환경","맑은물 공급·이용","지방상수도 관리","상수원보호구역주민지원","상수원보호구역주민지원","2000000","1386543","491712","69.3","35.5"
"2026","자치단체이전","자치단체경상보조","기후에너지환경부","환경개선특별회계"," ","환경","자원순환및환경경제","자원순환사회 형성 촉진","폐기물 발생원 관리","자원순환촉진지원","자원 재활용 재사용 촉진지원(다회용기 재사용 촉진)","0","0","28235","0","0"
"2026","자치단체이전","자치단체경상보조","기후에너지환경부","환경개선특별회계"," ","환경","자원순환및환경경제","자원순환사회 형성 촉진","최종처리 및 안전관리","유해폐기물처리및대집행","익산 석산복구지 불법폐기물 처리 대집행","1960000","1000000","31334","51.0","3.1"
"2026","자치단체이전","자치단체경상보조","기후에너지환경부","환경개선특별회계"," ","환경","자원순환및환경경제","친환경경제사회 활성화","친환경산업 육성·지원","친환경경제사회 기반구축","녹색구매지원센터 구축운영","400000","400000","185530","100.0","46.4"
"2026","자치단체이전","자치단체경상보조","기후에너지환경부","환경개선특별회계"," ","환경","자원순환및환경경제","친환경경제사회 활성화","지속가능발전위원회","환경교육강화","유아기후환경교육관 조성 지원","600000","480000","166821","80.0","34.8"
"2026","자치단체이전","자치단체경상보조","기후에너지환경부","환경개선특별회계"," ","환경","자원순환및환경경제","친환경경제사회 활성화","지속가능발전위원회","환경교육강화","유아기후환경교육관 운영 지원","300000","168000","116895","56.0","69.6"
"2026","자치단체이전","자치단체경상보조","기후에너지환경부","환경개선특별회계"," ","환경","자원순환및환경경제","친환경경제사회 활성화","지속가능발전위원회","환경교육강화","기후위기 재난 대응교육 강화","2550000","2450000","816343","96.1","33.3"
"2026","자치단체이전","자치단체경상보조","기후에너지환경부","환경개선특별회계"," ","환경","기후대기및환경안전","대기환경 보전","대기오염 발생원 관리","자동차 배출가스 관리사업","보증기간 경과장치 성능유지 관리","5024000","4951821","2059312","98.6","41.6"
"2026","자치단체이전","자치단체경상보조","기후에너지환경부","환경개선특별회계"," ","환경","기후대기및환경안전","환경보건관리","사전예방 보건정책","환경보건기반 강화협력","환경보건센터 운영","3945000","3945000","1901890","100.0","48.2"
"2026","자치단체이전","자치단체경상보조","기후에너지환경부","환경개선특별회계"," ","환경","기후대기및환경안전","환경보건관리","사전예방 보건정책","환경오염취약지역 건강보호대책","주민건강영향조사 및 사후관리","150000","150000","0","100.0","0.0"
"2026","자치단체이전","자치단체경상보조","기후에너지환경부","환경개선특별회계"," ","환경","자연환경","자연생태 보전","자연의 보전·관리","국립공원 및 지질공원사업","지질공원 운영지원","649000","649000","304762","100.0","47.0"
"2026","자치단체이전","자치단체경상보조","기후에너지환경부","환경개선특별회계"," ","환경","자연환경","자연생태 보전","자연의 보전·관리","생물자원보전 종합대책","서식지외보전기관 운영지원","449000","449000","279397","100.0","62.2"
"2026","자치단체이전","자치단체경상보조","기후에너지환경부","환경개선특별회계"," ","환경","자연환경","자연생태 보전","자연의 보전·관리","생물자원보전 종합대책","반달가슴곰 지역사회 상호 안전대책 추진","180000","180000","98785","100.0","54.9"
"2026","자치단체이전","자치단체경상보조","기후에너지환경부","환경개선특별회계"," ","환경","자연환경","자연생태 보전","자연의 보전·관리","생물자원보전 종합대책","생태계교란생물 퇴치사업","3146000","3143000","894730","99.9","28.5"
"2026","자치단체이전","자치단체경상보조","기후에너지환경부","환경개선특별회계"," ","환경","자연환경","자연생태 보전","자연의 보전·관리","생물자원보전 종합대책","생태계서비스지불제","3981000","2358100","1130809","59.2","48.0"
"2026","자치단체이전","자치단체경상보조","기후에너지환경부","환경개선특별회계"," ","환경","자연환경","자연생태 보전","자연의 보전·관리","생물자원보전 종합대책","민통선일원 생태교란종 제거","773000","773000","480138","100.0","62.1"
"2026","자치단체이전","자치단체경상보조","기후에너지환경부","환경개선특별회계"," ","환경","자연환경","자연생태 보전","자연의 보전·관리","생물자원보전 종합대책","거점동물원 지원","0","0","0","0","0"
"2026","자치단체이전","자치단체경상보조","기후에너지환경부","환경개선특별회계"," ","환경","자연환경","자연생태 보전","자연의 보전·관리","야생동식물보호 및 관리","야생동물 구조관리센터 운영 지원","2990000","2825000","1491813","94.5","52.8"
"2026","자치단체이전","자치단체경상보조","기후에너지환경부","환경개선특별회계"," ","환경","자연환경","자연생태 보전","자연의 보전·관리","야생동식물보호 및 관리","시료채취 및 폐사체처리비","2850000","2828378","1726998","99.2","61.1"
"2026","자치단체이전","자치단체경상보조","기후에너지환경부","환경개선특별회계"," ","환경","자연환경","자연생태 보전","자연의 보전·관리","야생동식물보호 및 관리","아프리카돼지열병 대응 사업(울타리 관리)","1000000","1000000","534069","100.0","53.4"
"2026","자치단체이전","자치단체경상보조","기후에너지환경부","환경개선특별회계"," ","환경","자연환경","자연생태 보전","자연의 보전·관리","야생동식물보호 및 관리","사육곰 몰수보호시설 운영","500000","500000","500000","100.0","100.0"
"2026","자치단체이전","자치단체경상보조","기후에너지환경부","환경개선특별회계"," ","환경","자연환경","자연생태 보전","자연의 보전·관리","환경지킴이","생태경관보전지역 주민감시원 운영","1050000","1050000","451361","100.0","43.0"
"2026","자치단체이전","자치단체경상보조","기후에너지환경부","환경개선특별회계"," ","환경","자연환경","자연생태 보전","자연생태 복원","습지보전관리","람사르습지도시 인증프로그램 운영","0","0","0","0","0"
"2026","자치단체이전","자치단체경상보조","농림축산식품부","고등·평생교육지원특별회계"," ","농림수산","농업·농촌","농업인력육성및창업지원","농업인교육지원","영농아카데미","농업마이스터대학 운영 지원","5125000","5125000","2582013","100.0","50.4"
"2026","자치단체이전","자치단체경상보조","농림축산식품부","농산물가격안정기금"," ","농림수산","농업·농촌","농산물수급안정및유통효율화","농산물유통개선(농안기금)","농산물산지유통활성화","인삼특용작물유통시설지원(컨설팅)","0","0","0","0","0"
"2026","자치단체이전","자치단체경상보조","농림축산식품부","농산물가격안정기금"," ","농림수산","농업·농촌","농산물수급안정및유통효율화","농산물유통개선(농안기금)","농산물 공동출하확대 지원","공동선별비지원(자치단체)","5270000","5270000","625033","100.0","11.9"
"2026","자치단체이전","자치단체경상보조","농림축산식품부","농산물가격안정기금"," ","농림수산","농업·농촌","농산물수급안정및유통효율화","농산물유통개선(농안기금)","농산물 공동출하확대 지원","물류기기공동이용지원(자치단체)","9908000","7438250","2030906","75.1","27.3"
"2026","자치단체이전","자치단체경상보조","농림축산식품부","농산물가격안정기금"," ","농림수산","농업·농촌","농산물수급안정및유통효율화","농산물유통개선(농안기금)","농산물 공동출하확대 지원","도서지역내륙거점통합물류운영지원(자치단체)","1850000","1850000","1197565","100.0","64.7"
"2026","자치단체이전","자치단체경상보조","농림축산식품부","농산물가격안정기금"," ","농림수산","농업·농촌","농산물수급안정및유통효율화","농산물유통개선(농안기금)","농산물안정생산공급지원","수급조절지원","21790000","14964000","1815041","68.7","12.1"
"2026","자치단체이전","자치단체경상보조","농림축산식품부","농산물가격안정기금"," ","농림수산","농업·농촌","농산물수급안정및유통효율화","농산물유통개선(농안기금)","농산물안정생산공급지원","논산세계딸기산업엑스포","3583000","1406000","0","39.2","0.0"
"2026","자치단체이전","자치단체경상보조","농림축산식품부","농산물가격안정기금"," ","농림수산","농업·농촌","농산물수급안정및유통효율화","농산물유통개선(농안기금)","농산물안정생산공급지원","국제원예치유박람회지원(태안)","2666000","2666000","2666000","100.0","100.0"
"2026","자치단체이전","자치단체경상보조","농림축산식품부","농산물가격안정기금"," ","농림수산","농업·농촌","농산물수급안정및유통효율화","농산물유통개선(농안기금)","농산물안정생산공급지원","밭작물주산지수급거버넌스운영지원","1934000","1585000","205811","82.0","13.0"
"2026","자치단체이전","자치단체경상보조","농림축산식품부","농산물가격안정기금"," ","농림수산","농업·농촌","농산물수급안정및유통효율화","농산물소비활성화및식생활개선(농안기금)","농식품소비기반조성","농축산물 소비촉진(지자체보조)","1700000","1176000","504260","69.2","42.9"
"2026","자치단체이전","자치단체경상보조","농림축산식품부","농산물가격안정기금"," ","농림수산","농업·농촌","농산물수급안정및유통효율화","농식품품질관리(농안기금)","국가인증 농식품지원","GAP 안전성 분석 지원","2543000","2543000","915809","100.0","36.0"
"2026","자치단체이전","자치단체경상보조","농림축산식품부","농어촌구조개선특별회계","구조개선사업계정","농림수산","농업·농촌","농가경영안정","농업기계장비","노후농업기계미세먼지저감대책지원","노후농기계조기폐차지원","2599000","2599000","893196","100.0","34.4"
"2026","자치단체이전","자치단체경상보조","농림축산식품부","농어촌구조개선특별회계","구조개선사업계정","농림수산","농업·농촌","양곡관리","식량생산유통지원","전략작물산업화","교육컨설팅(두류)","3300000","3180000","1435997","96.4","45.2"
"2026","자치단체이전","자치단체경상보조","농림축산식품부","농어촌구조개선특별회계","구조개선사업계정","농림수산","농업·농촌","양곡관리","식량생산유통지원","전략작물산업화","교육컨설팅지원(밀)","2550500","1313500","817816","51.5","62.3"
"2026","자치단체이전","자치단체경상보조","농림축산식품부","농어촌구조개선특별회계","구조개선사업계정","농림수산","농업·농촌","양곡관리","식량생산유통지원","전략작물산업화","교육컨설팅(가루쌀)","2024500","2009500","853478","99.3","42.5"
"2026","자치단체이전","자치단체경상보조","농림축산식품부","농어촌구조개선특별회계","구조개선사업계정","농림수산","농업·농촌","농업신산업육성","스마트농업육성","스마트과수원특화단지조성","스마트과수원특화단지(교육·컨설팅)","411000","259943","52930","63.2","20.4"
"2026","자치단체이전","자치단체경상보조","농림축산식품부","농어촌구조개선특별회계","구조개선사업계정","농림수산","농업·농촌","농업신산업육성","농업온실가스감축및기후변화대응","농촌재생에너지보급지원","농촌에너지 전환 로드맵 마련 지원","0","0","0","0","0"
"2026","자치단체이전","자치단체경상보조","농림축산식품부","농어촌구조개선특별회계","구조개선사업계정","농림수산","농업·농촌","농업신산업육성","농기자재산업육성","무기질비료가격보조및수급안정지원","무기질비료가격보조 및 수급안정사업","27120000","21696000","5572155","80.0","25.7"
"2026","자치단체이전","자치단체경상보조","농림축산식품부","농어촌구조개선특별회계","구조개선사업계정","농림수산","농업·농촌","농업신산업육성","친환경농자재","곤충미생물산업육성지원","곤충유통활성화(곤충유통사업지원)_이월","0","0","0","0","0"
"2026","자치단체이전","자치단체경상보조","농림축산식품부","농어촌구조개선특별회계","구조개선사업계정","농림수산","농업·농촌","농업신산업육성","친환경농업인프라구축","임산부 친환경 농산물 지원","임산부 친환경 농산물 지원","15360000","14835168","17653","96.6","0.1"
"2026","자치단체이전","자치단체경상보조","농림축산식품부","농어촌구조개선특별회계","구조개선사업계정","농림수산","농업·농촌","농산물수급안정및유통효율화","농산물유통개선(농특)","밭작물산업육성","국제원예치유박람회지원(태안)","0","0","0","0","0"
"2026","자치단체이전","자치단체경상보조","농림축산식품부","농어촌구조개선특별회계","구조개선사업계정","농림수산","농업·농촌","농산물수급안정및유통효율화","농산물유통개선(농특)","농산물 공동출하확대 지원","공동선별비지원(자치단체)","0","0","0","0","0"
"2026","자치단체이전","자치단체경상보조","농림축산식품부","농어촌구조개선특별회계","구조개선사업계정","농림수산","농업·농촌","농산물수급안정및유통효율화","농산물유통개선(농특)","농산물 공동출하확대 지원","도서지역 내륙거점 통합물류운영지원","0","0","0","0","0"
"2026","자치단체이전","자치단체경상보조","농림축산식품부","농어촌구조개선특별회계","구조개선사업계정","농림수산","농업·농촌","농산물수급안정및유통효율화","농산물유통개선(농특)","농산물 공동출하확대 지원","물류기기공동이용지원(자치단체)","0","0","0","0","0"
"2026","자치단체이전","자치단체경상보조","농림축산식품부","농어촌구조개선특별회계","구조개선사업계정","농림수산","농업·농촌","농산물수급안정및유통효율화","농산물소비활성화및식생활개선(농특)","농식품소비기반조성","농축산물 소비촉진(지자체 보조)","0","0","0","0","0"
"2026","자치단체이전","자치단체경상보조","농림축산식품부","농어촌구조개선특별회계","구조개선사업계정","농림수산","농업·농촌","축산업진흥 및 동물복지향상","동물보호및복지","동물복지안전관리강화","길고양이 중성화수술비 지원","4925000","3846436","2511272","78.1","65.3"
"2026","자치단체이전","자치단체경상보조","농림축산식품부","농어촌구조개선특별회계","구조개선사업계정","농림수산","농업·농촌","축산업진흥 및 동물복지향상","동물보호및복지","동물복지안전관리강화","실외사육견 중성화수술 지원","1404000","986880","499415","70.3","50.6"
"2026","자치단체이전","자치단체경상보조","농림축산식품부","농어촌구조개선특별회계","구조개선사업계정","농림수산","농업·농촌","축산업진흥 및 동물복지향상","동물보호및복지","동물복지안전관리강화","입양비 지원","729000","476325","345819","65.3","72.6"
"2026","자치단체이전","자치단체경상보조","농림축산식품부","농어촌구조개선특별회계","구조개선사업계정","농림수산","농업·농촌","축산업진흥 및 동물복지향상","동물보호및복지","동물복지안전관리강화","구조보호비 지원","1260000","856170","582777","68.0","68.1"
"2026","자치단체이전","자치단체경상보조","농림축산식품부","농어촌구조개선특별회계","구조개선사업계정","농림수산","농업·농촌","축산업진흥 및 동물복지향상","동물보호및복지","반려동물연관산업해외수출산업화","One-welfare Valley 조성","100000","80000","49","80.0","0.1"
"2026","자치단체이전","자치단체경상보조","농림축산식품부","농어촌구조개선특별회계","구조개선사업계정","농림수산","농업·농촌","축산업진흥 및 동물복지향상","동물보호및복지","개식용종식폐업전업지원","개사육농장주 폐업·전업지원","21891000","20140000","24235500","92.0","120.3"
"2026","자치단체이전","자치단체경상보조","농림축산식품부","농어촌구조개선특별회계","구조개선사업계정","농림수산","농업·농촌","축산업진흥 및 동물복지향상","동물보호및복지","개식용종식폐업전업지원","개식용도축업자 폐업·전업지원","1845000","1620000","235100","87.8","14.5"
"2026","자치단체이전","자치단체경상보조","농림축산식품부","농어촌구조개선특별회계","구조개선사업계정","농림수산","농업·농촌","가축방역및축산물안전관리","가축방역(농특)","가축방역대응지원","예방약품 등 지원(경상)","78473000","62623000","46772419","79.8","74.7"
"2026","자치단체이전","자치단체경상보조","농림축산식품부","농어촌구조개선특별회계","구조개선사업계정","농림수산","농업·농촌","가축방역및축산물안전관리","가축방역(농특)","가축방역대응지원","신종 해외 가축전염병 유입 차단 예찰(경상)","1450000","1445500","276709","99.7","19.1"
"2026","자치단체이전","자치단체경상보조","농림축산식품부","농어촌구조개선특별회계","구조개선사업계정","농림수산","농업·농촌","가축방역및축산물안전관리","가축방역(농특)","가축방역대응지원","가축질병 관리 우수농장 지원(우수농장 방역비용)","170000","0","0","0.0","0"
"2026","자치단체이전","자치단체경상보조","농림축산식품부","농어촌구조개선특별회계","구조개선사업계정","농림수산","농업·농촌","가축방역및축산물안전관리","가축방역(농특)","가축방역대응지원","공직 수의사 육성 장학 제도","0","0","0","0","0"
"2026","자치단체이전","자치단체경상보조","농림축산식품부","농어촌구조개선특별회계","구조개선사업계정","농림수산","농업·농촌","가축방역및축산물안전관리","가축방역(농특)","살처분보상금","살처분보상금","76378000","66704250","39258122","87.3","58.9"
"2026","자치단체이전","자치단체경상보조","농림축산식품부","농어촌구조개선특별회계","구조개선사업계정","농림수산","농업·농촌","가축방역및축산물안전관리","가축방역(농특)","살처분보상금","생계 및 소득안정","1913000","44299","30232","2.3","68.2"
"2026","자치단체이전","자치단체경상보조","농림축산식품부","농어촌구조개선특별회계","구조개선사업계정","농림수산","농업·농촌","가축방역및축산물안전관리","가축방역(농특)","가축사체처리지원","가축매몰지 관리·소멸","1280000","865500","165056","67.6","19.1"
"2026","자치단체이전","자치단체경상보조","농림축산식품부","농어촌구조개선특별회계","구조개선사업계정","농림수산","농업·농촌","가축방역및축산물안전관리","가축방역(농특)","가축사체처리지원","살처분등 비용 지원","4841000","4650681","577209","96.1","12.4"
"2026","자치단체이전","자치단체경상보조","농림축산식품부","농어촌구조개선특별회계","구조개선사업계정","농림수산","농업·농촌","가축방역및축산물안전관리","가축방역(농특)","가축백신지원","구제역 예방약 등 지원","61566000","58651854","25435946","95.3","43.4"
"2026","자치단체이전","자치단체경상보조","농림축산식품부","농어촌구조개선특별회계","구조개선사업계정","농림수산","농업·농촌","가축방역및축산물안전관리","가축방역(농특)","가축백신지원","럼피스킨병 예방약 등 지원","966000","794679","146085","82.3","18.4"
"2026","자치단체이전","자치단체경상보조","농림축산식품부","농어촌구조개선특별회계","구조개선사업계정","농림수산","농업·농촌","가축방역및축산물안전관리","가축방역(농특)","동물용의약품산업종합지원","GMP 컨설팅 지원","100000","100000","10000","100.0","10.0"
"2026","자치단체이전","자치단체경상보조","농림축산식품부","농어촌구조개선특별회계","구조개선사업계정","농림수산","농업·농촌","가축방역및축산물안전관리","가축방역(농특)","동물용의약품산업종합지원","수출혁신품목육성","560000","560000","172900","100.0","30.9"
"2026","자치단체이전","자치단체경상보조","농림축산식품부","농어촌구조개선특별회계","구조개선사업계정","농림수산","농업·농촌","가축방역및축산물안전관리","가축방역(농특)","동물용의약품산업종합지원","동물용 백신 시드로트 품질시험 지원","216000","216000","25664","100.0","11.9"
"2026","자치단체이전","자치단체경상보조","농림축산식품부","농어촌구조개선특별회계","구조개선사업계정","농림수산","농업·농촌","농림축산검역검사","가축검역(농특)","동물복지축산인증제활성화","동물복지축산인증제활성화(동물복지축산 컨설팅)","48000","48000","0","100.0","0.0"
"2026","자치단체이전","자치단체경상보조","농림축산식품부","농어촌구조개선특별회계","구조개선사업계정","농림수산","농업·농촌","종자관리","종자산업육성(농특)","원원종및원종생산","원원종및원종생산","6328000","6328000","3471321","100.0","54.9"
"2026","자치단체이전","자치단체경상보조","농림축산식품부","농어촌구조개선특별회계","구조개선사업계정","농림수산","농업·농촌","종자관리","종자산업육성(농특)","과수무병묘목생산공급지원","과수무병묘목(보급종)생산공급지원(지자체경상)","200000","200000","148709","100.0","74.4"
"2026","자치단체이전","자치단체경상보조","농림축산식품부","농어촌구조개선특별회계","구조개선사업계정","농림수산","식품업","식품외식산업육성","식품산업육성","전통발효식품육성","소스산업화센터운영지원","0","0","0","0","0"
"2026","자치단체이전","자치단체경상보조","농림축산식품부","농어촌구조개선특별회계","구조개선사업계정","농림수산","식품업","식품외식산업육성","식품산업육성","전통발효식품육성","찾아가는양조장","0","0","0","0","0"
"2026","자치단체이전","자치단체경상보조","농림축산식품부","농어촌구조개선특별회계","구조개선사업계정","농림수산","식품업","식품외식산업육성","식품산업육성","식품산업인프라강화","농업과 기업 간 연계강화(지자체)","2100000","2100000","173404","100.0","8.3"
"2026","자치단체이전","자치단체경상보조","농림축산식품부","농어촌구조개선특별회계","구조개선사업계정","농림수산","식품업","식품외식산업육성","한식및외식산업육성","한식진흥 및 음식관광활성화","K-미식벨트 조성","300000","300000","1065","100.0","0.4"
"2026","자치단체이전","자치단체경상보조","농림축산식품부","농어촌구조개선특별회계","구조개선사업계정","농림수산","식품업","식품외식산업육성","한식및외식산업육성","푸드서비스 선진화","외식업 경쟁력 강화 패키지","1375000","1046000","198132","76.1","18.9"
"2026","자치단체이전","자치단체경상보조","농림축산식품부","농어촌구조개선특별회계","농어촌특별세사업계정","농림수산","농업·농촌","농가경영안정","농업정책보험(농촌계정)","농업인안전재해보험","농기계등화장치 부착지원","600000","600000","224709","100.0","37.5"
"2026","자치단체이전","자치단체경상보조","농림축산식품부","농어촌구조개선특별회계","농어촌특별세사업계정","농림수산","농업·농촌","농업인력육성및창업지원","농업인교육지원","농업·농촌교육훈련지원","권역별현장지원센터(농업농촌교육훈련)","300000","300000","95179","100.0","31.7"
"2026","자치단체이전","자치단체경상보조","농림축산식품부","농어촌구조개선특별회계","농어촌특별세사업계정","농림수산","농업·농촌","농업인력육성및창업지원","농업인교육지원","농업·농촌교육훈련지원","체험마을리더 교육 지원","85000","85000","43114","100.0","50.7"
"2026","자치단체이전","자치단체경상보조","농림축산식품부","농어촌구조개선특별회계","농어촌특별세사업계정","농림수산","농업·농촌","농업인력육성및창업지원","농촌고용인력지원","농촌고용인력지원","농촌인력중개센터","7560000","7560000","3517083","100.0","46.5"
"2026","자치단체이전","자치단체경상보조","농림축산식품부","농어촌구조개선특별회계","농어촌특별세사업계정","농림수산","농업·농촌","농업인력육성및창업지원","농촌고용인력지원","농촌고용인력지원","농촌인력중개센터(공공형 계절근로)","6500000","6500000","2732582","100.0","42.0"
"2026","자치단체이전","자치단체경상보조","농림축산식품부","농어촌구조개선특별회계","농어촌특별세사업계정","농림수산","농업·농촌","농업인력육성및창업지원","농촌고용인력지원","농촌고용인력지원","농어촌 쓰레기 수거 지원","6048000","4134000","562707","68.4","13.6"
"2026","자치단체이전","자치단체경상보조","농림축산식품부","농어촌구조개선특별회계","농어촌특별세사업계정","농림수산","농업·농촌","농산물수급안정및유통효율화","농산물소비활성화및식생활개선(농특)","농식품바우처","농식품바우처 ","68793000","63111535","56437113","91.7","89.4"
"2026","자치단체이전","자치단체경상보조","농림축산식품부","농어촌구조개선특별회계","농어촌특별세사업계정","농림수산","농업·농촌","농산물수급안정및유통효율화","농산물소비활성화및식생활개선(농특)","농식품바우처","농식품바우처 식생활교육 지원","2122000","1120700","149648","52.8","13.4"
"2026","자치단체이전","자치단체경상보조","농림축산식품부","농어촌구조개선특별회계","농어촌특별세사업계정","농림수산","농업·농촌","농촌복지및지역활성화","농촌일자리및경제활성화","농촌경제활성화지원","농촌융복합산업지구 조성_이월","0","0","35835","0","0"
"2026","자치단체이전","자치단체경상보조","농림축산식품부","농어촌구조개선특별회계","농어촌특별세사업계정","농림수산","농업·농촌","농촌복지및지역활성화","농촌일자리및경제활성화","농촌경제활성화지원","농촌휴양·서비스 산업육성(크리에이투어)","0","0","0","0","0"
"2026","자치단체이전","자치단체경상보조","농림축산식품부","농어촌구조개선특별회계","농어촌특별세사업계정","농림수산","농업·농촌","농촌복지및지역활성화","농촌일자리및경제활성화","농촌경제활성화지원","농업유산 발굴 및 보전","0","0","114807","0","0"
"2026","자치단체이전","자치단체경상보조","농림축산식품부","농어촌구조개선특별회계","농어촌특별세사업계정","농림수산","농업·농촌","농촌복지및지역활성화","농촌일자리및경제활성화","농촌경제활성화지원","농촌휴양·서비스 산업육성(지역단위농촌관광)","0","0","0","0","0"
"2026","자치단체이전","자치단체경상보조","농림축산식품부","농어촌구조개선특별회계","농어촌특별세사업계정","농림수산","농업·농촌","농촌복지및지역활성화","농촌복지증진","농촌취약계층복지지원","농촌돌봄서비스활성화지원(농촌돌봄활동지원)","6237000","6231400","2193257","99.9","35.2"
"2026","자치단체이전","자치단체경상보조","농림축산식품부","농어촌구조개선특별회계","농어촌특별세사업계정","농림수산","농업·농촌","농촌복지및지역활성화","농촌복지증진","농촌취약계층복지지원","농촌돌봄서비스활성화지원(거점농장)","840000","840000","218259","100.0","26.0"
"2026","자치단체이전","자치단체경상보조","농림축산식품부","농어촌구조개선특별회계","농어촌특별세사업계정","농림수산","농업·농촌","농촌복지및지역활성화","농촌복지증진","농촌취약계층복지지원","농촌돌봄서비스활성화지원(농촌돌봄마을 조성)","2900000","0","0","0.0","0"
"2026","자치단체이전","자치단체경상보조","농림축산식품부","농어촌구조개선특별회계","농어촌특별세사업계정","농림수산","농업·농촌","농촌복지및지역활성화","농촌복지증진","농촌취약계층복지지원","농촌돌봄서비스활성화지원(농촌취약계층주거개선 사업비-지자체)","3021000","3021000","522486","100.0","17.3"
"2026","자치단체이전","자치단체경상보조","농림축산식품부","농어촌구조개선특별회계","농어촌특별세사업계정","농림수산","농업·농촌","농촌복지및지역활성화","농촌복지증진","농촌취약계층복지지원","농촌형보건의료지원(농촌왕진버스 사업비-지자체)","4320000","4318200","1362272","100.0","31.5"
"2026","자치단체이전","자치단체경상보조","농림축산식품부","농어촌구조개선특별회계","농어촌특별세사업계정","농림수산","농업·농촌","농촌복지및지역활성화","농촌복지증진","농촌취약계층복지지원","농촌형보육서비스지원(농촌아이돌봄지원-지자체)","1836000","1836000","740856","100.0","40.4"
"2026","자치단체이전","자치단체경상보조","농림축산식품부","농어촌구조개선특별회계","농어촌특별세사업계정","농림수산","농업·농촌","농촌복지및지역활성화","농촌복지증진","농촌취약계층복지지원","농촌형보육서비스지원(농번기돌봄지원-지자체)","2330000","2329999","1099819","100.0","47.2"
"2026","자치단체이전","자치단체경상보조","농림축산식품부","농어촌구조개선특별회계","농어촌특별세사업계정","농림수산","농업·농촌","농촌복지및지역활성화","농촌복지증진","여성농업인 특수 건강검진","여성농업인 특수건강검진(검진비-지자체경상보조)","8640000","8640000","1713488","100.0","19.8"
"2026","자치단체이전","자치단체경상보조","농림축산식품부","농어촌구조개선특별회계","농어촌특별세사업계정","농림수산","농업·농촌","농촌복지및지역활성화","농촌공간및정주여건개선","농촌공간계획및재생지원","농업환경보전프로그램","3000000","2100000","808876","70.0","38.5"
"2026","자치단체이전","자치단체경상보조","농림축산식품부","농어촌구조개선특별회계","농어촌특별세사업계정","농림수산","농업·농촌","농촌복지및지역활성화","농촌공간및정주여건개선","농촌공간계획및재생지원","농촌공간계획 수립체계 지원","1600000","1600000","404629","100.0","25.3"
"2026","자치단체이전","자치단체경상보조","농림축산식품부","농어촌구조개선특별회계","농어촌특별세사업계정","농림수산","농업·농촌","농촌복지및지역활성화","농촌공간및정주여건개선","농촌생활인구유입지원","농촌 빈집은행 활성화 지원","910000","471000","53365","51.8","11.3"
"2026","자치단체이전","자치단체경상보조","농림축산식품부","농업·농촌공익기능증진직접지불기금"," ","농림수산","농업·농촌","농가경영안정","농가소득보전(직불기금)","직불제이행점검","직불제이행점검(지자체)","1792000","1792000","1090326","100.0","60.8"
"2026","자치단체이전","자치단체경상보조","농림축산식품부","농업·농촌공익기능증진직접지불기금"," ","농림수산","농업·농촌","농가경영안정","농가소득보전(직불기금)","직불제이행점검","전략작물직불 이행점검","210000","0","0","0.0","0"
"2026","자치단체이전","자치단체경상보조","농림축산식품부","농업·농촌공익기능증진직접지불기금"," ","농림수산","농업·농촌","농가경영안정","농가소득보전(직불기금)","공익기능증진직불","기본형공익직불","2453487000","0","0","0.0","0"
"2026","자치단체이전","자치단체경상보조","농림축산식품부","농업·농촌공익기능증진직접지불기금"," ","농림수산","농업·농촌","농가경영안정","농가소득보전(직불기금)","공익기능증진직불","경관보전직불","16830000","12068721","1802545","71.7","14.9"
"2026","자치단체이전","자치단체경상보조","농림축산식품부","농업·농촌공익기능증진직접지불기금"," ","농림수산","농업·농촌","농가경영안정","농가소득보전(직불기금)","공익기능증진직불","친환경농업직불","40687000","0","0","0.0","0"
"2026","자치단체이전","자치단체경상보조","농림축산식품부","농업·농촌공익기능증진직접지불기금"," ","농림수산","농업·농촌","농가경영안정","농가소득보전(직불기금)","공익기능증진직불","전략작물직불","419600000","0","0","0.0","0"
"2026","자치단체이전","자치단체경상보조","농림축산식품부","농업·농촌공익기능증진직접지불기금"," ","농림수산","농업·농촌","농가경영안정","농가소득보전(직불기금)","공익기능증진직불","저탄소 농업 프로그램 시범사업(경종 분야)","23687000","0","0","0.0","0"
"2026","자치단체이전","자치단체경상보조","농림축산식품부","농업·농촌공익기능증진직접지불기금"," ","농림수산","농업·농촌","농가경영안정","농가소득보전(직불기금)","공익기능증진직불","저탄소 농업 프로그램 시범사업(축산 분야)","9309000","0","4018","0.0","0"
"2026","자치단체이전","자치단체경상보조","농림축산식품부","농업·농촌공익기능증진직접지불기금"," ","농림수산","농업·농촌","농가경영안정","농가소득보전(직불기금)","사업관리비","사업관리비 지자체경상보조","10644000","10609000","7431659","99.7","70.1"
"2026","자치단체이전","자치단체경상보조","농림축산식품부","농지관리기금"," ","농림수산","농업·농촌","농촌복지및지역활성화","농가소득안정(복지)(농지기금)","농지이용관리지원","농지이용관리지원","59842000","41889400","7352808","70.0","17.6"
"2026","자치단체이전","자치단체경상보조","농림축산식품부","농지관리기금"," ","농림수산","농업·농촌","농림축산식품행정지원","기금운영비(농지기금)","조성토지관리 처분비","조성토지관리처분비(지자체)","69000","69000","19000","100.0","27.5"
"2026","자치단체이전","자치단체경상보조","농림축산식품부","양곡관리특별회계","손익계정","농림수산","농업·농촌","양곡관리","양곡매입 및 관리","정부양곡관리비","정부양곡관리비(지자체)","1110000","1110000","704447","100.0","63.5"
"2026","자치단체이전","자치단체경상보조","농림축산식품부","일반회계"," ","농림수산","농업·농촌","농산물수급안정및유통효율화","농산물소비활성화및식생활개선","어린이 과일간식","어린이 과일간식","16940000","9296500","2766194","54.9","29.8"
"2026","자치단체이전","자치단체경상보조","농림축산식품부","일반회계"," ","농림수산","식품업","식품외식산업육성","한식및외식산업육성","직장인 든든한 한끼","직장인 든든한 점심밥","5000000","794800","0","15.9","0.0"
"2026","자치단체이전","자치단체경상보조","농림축산식품부","자유무역협정이행지원기금"," ","농림수산","농업·농촌","농가경영안정","직접피해지원(FTA기금)","피해보전직불","피해보전직불","18000000","0","0","0.0","0"
"2026","자치단체이전","자치단체경상보조","농림축산식품부","자유무역협정이행지원기금"," ","농림수산","농업·농촌","농산물수급안정및유통효율화","원예산업경쟁력강화(FTA기금)","과수 생산유통지원","과실지역공동브랜드육성 지원","100000","50000","21975","50.0","44.0"
"2026","자치단체이전","자치단체경상보조","농림축산식품부","자유무역협정이행지원기금"," ","농림수산","농업·농촌","농림축산식품행정지원","기금운영비(FTA기금)","FTA사업계획수립및관리비","FTA사업 시도사업관리 지원","710000","316000","51296","44.5","16.2"
"2026","자치단체이전","자치단체경상보조","농림축산식품부","지역균형발전특별회계","세종특별자치시계정","농림수산","농업·농촌","농업인력육성및창업지원","농촌정착지원(세종)","청년농업인영농정착지원(세종)","영농정착지원금","497000","465900","0","93.7","0.0"
"2026","자치단체이전","자치단체경상보조","농림축산식품부","지역균형발전특별회계","세종특별자치시계정","농림수산","농업·농촌","농업인력육성및창업지원","농촌정착지원(세종)","청년농업인영농정착지원(세종)","선발운영비","8000","8000","8000","100.0","100.0"
"2026","자치단체이전","자치단체경상보조","농림축산식품부","지역균형발전특별회계","세종특별자치시계정","농림수산","농업·농촌","농업신산업육성","친환경농자재","친환경농자재지원(세종)","토양개량제 지원","176000","168960","0","96.0","0.0"
"2026","자치단체이전","자치단체경상보조","농림축산식품부","지역균형발전특별회계","세종특별자치시계정","농림수산","농업·농촌","농업신산업육성","친환경농자재","친환경농자재지원(세종)","유기농업자재지원","6000","5760","2053","96.0","35.6"
"2026","자치단체이전","자치단체경상보조","농림축산식품부","지역균형발전특별회계","세종특별자치시계정","농림수산","농업·농촌","농촌복지및지역활성화","농촌일자리및경제활성화(세종)","농촌경제활성화지원(세종)","농촌휴양서비스산업육성(서비스기반조성-보험가입지원-세종)","2000","1500","0","75.0","0.0"
"2026","자치단체이전","자치단체경상보조","농림축산식품부","지역균형발전특별회계","세종특별자치시계정","농림수산","농업·농촌","농촌복지및지역활성화","농촌일자리및경제활성화(세종)","농촌경제활성화지원(세종)","농촌휴양·서비스 산업육성(크리에이투어)(세종)","125000","0","0","0.0","0"
"2026","자치단체이전","자치단체경상보조","농림축산식품부","지역균형발전특별회계","세종특별자치시계정","농림수산","농업·농촌","농촌복지및지역활성화","농촌일자리및경제활성화(세종)","농촌경제활성화지원(세종)","인증경영체 성장지원","50000","50000","9919","100.0","19.8"
"2026","자치단체이전","자치단체경상보조","농림축산식품부","지역균형발전특별회계","세종특별자치시계정","농림수산","농업·농촌","농촌복지및지역활성화","일반농산어촌개발(세종)","취약지역생활여건개조사업(세종)","농어촌 빈집정비 지원(세종)","168000","0","0","0.0","0"
"2026","자치단체이전","자치단체경상보조","농림축산식품부","지역균형발전특별회계","제주특별자치도계정","농림수산","농업·농촌","농업인력육성및창업지원","농촌정착지원(제주)","청년농업인영농정착지원(제주)","영농정착지원금","4424000","4145650","12665","93.7","0.3"
"2026","자치단체이전","자치단체경상보조","농림축산식품부","지역균형발전특별회계","제주특별자치도계정","농림수산","농업·농촌","농업인력육성및창업지원","농촌정착지원(제주)","청년농업인영농정착지원(제주)","선발운영비","37000","37000","3500","100.0","9.5"
"2026","자치단체이전","자치단체경상보조","농림축산식품부","지역균형발전특별회계","제주특별자치도계정","농림수산","농업·농촌","농업신산업육성","친환경농자재(제주)","친환경농자재지원(제주)","유기농업자재지원","384000","368200","307200","95.9","83.4"
"2026","자치단체이전","자치단체경상보조","농림축산식품부","지역균형발전특별회계","제주특별자치도계정","농림수산","농업·농촌","농촌복지및지역활성화","농촌일자리및경제활성화(제주)","농촌경제활성화지원(제주)","농촌휴양서비스산업육성(서비스기반조성-보험가입지원-제주)","8000","8000","8000","100.0","100.0"
"2026","자치단체이전","자치단체경상보조","농림축산식품부","지역균형발전특별회계","제주특별자치도계정","농림수산","농업·농촌","농촌복지및지역활성화","농촌일자리및경제활성화(제주)","농촌경제활성화지원(제주)","농촌휴양·서비스 산업육성(크리에이투어)(제주)","250000","244500","47419","97.8","19.4"
"2026","자치단체이전","자치단체경상보조","농림축산식품부","지역균형발전특별회계","제주특별자치도계정","농림수산","농업·농촌","농촌복지및지역활성화","농촌일자리및경제활성화(제주)","농촌경제활성화지원(제주)","농촌휴양·서비스 산업육성(지역단위농촌관광)(제주)","120000","120000","31193","100.0","26.0"
"2026","자치단체이전","자치단체경상보조","농림축산식품부","지역균형발전특별회계","제주특별자치도계정","농림수산","농업·농촌","농촌복지및지역활성화","농촌일자리및경제활성화(제주)","농촌경제활성화지원(제주)","인증경영체 성장지원","371000","366960","172493","98.9","47.0"
"2026","자치단체이전","자치단체경상보조","농림축산식품부","지역균형발전특별회계","제주특별자치도계정","농림수산","식품업","식품외식산업육성","식품산업육성(제주)","전통발효식품육성(제주)","찾아가는양조장(제주)","9000","7000","0","77.8","0.0"
"2026","자치단체이전","자치단체경상보조","농림축산식품부","지역균형발전특별회계","지역자율계정","농림수산","농업·농촌","농업인력육성및창업지원","농촌정착지원","청년농업인영농정착지원(자율)","영농정착지원금","95415000","79921000","85469","83.8","0.1"
"2026","자치단체이전","자치단체경상보조","농림축산식품부","지역균형발전특별회계","지역자율계정","농림수산","농업·농촌","농업인력육성및창업지원","농촌정착지원","청년농업인영농정착지원(자율)","선발운영비","703000","703000","333010","100.0","47.4"
"2026","자치단체이전","자치단체경상보조","농림축산식품부","지역균형발전특별회계","지역자율계정","농림수산","농업·농촌","농업신산업육성","스마트농업육성","스마트팜 실증단지(자율)","청년농 기술지원","460000","460000","208968","100.0","45.4"
"2026","자치단체이전","자치단체경상보조","농림축산식품부","지역균형발전특별회계","지역자율계정","농림수산","농업·농촌","농업신산업육성","스마트농업육성","스마트팜 실증단지(자율)","실증단지 운영 지원","2848000","2848000","1472589","100.0","51.7"
"2026","자치단체이전","자치단체경상보조","농림축산식품부","지역균형발전특별회계","지역자율계정","농림수산","농업·농촌","농업신산업육성","스마트농업육성","스마트팜 실증단지(자율)","실증단지 운영 지원(데이터서비스)","1302000","1302000","735904","100.0","56.5"
"2026","자치단체이전","자치단체경상보조","농림축산식품부","지역균형발전특별회계","지역자율계정","농림수산","농업·농촌","농업신산업육성","친환경농자재","곤충미생물산업육성지원(자율)","농축산용미생물효능평가지원","435000","435000","135520","100.0","31.2"
"2026","자치단체이전","자치단체경상보조","농림축산식품부","지역균형발전특별회계","지역자율계정","농림수산","농업·농촌","농업신산업육성","친환경농자재","곤충미생물산업육성지원(자율)","곤충유통활성화","480000","420000","45112","87.5","10.7"
"2026","자치단체이전","자치단체경상보조","농림축산식품부","지역균형발전특별회계","지역자율계정","농림수산","농업·농촌","농업신산업육성","친환경농자재","곤충미생물산업육성지원(자율)","에코프로바이오틱스 이용활성화","1984000","1984000","726851","100.0","36.6"
"2026","자치단체이전","자치단체경상보조","농림축산식품부","지역균형발전특별회계","지역자율계정","농림수산","농업·농촌","농업신산업육성","친환경농자재","곤충미생물산업육성지원(자율)","식물백신 품질 고도화 지원","525000","525000","113643","100.0","21.6"
"2026","자치단체이전","자치단체경상보조","농림축산식품부","지역균형발전특별회계","지역자율계정","농림수산","농업·농촌","농업신산업육성","친환경농자재","친환경농자재지원(자율)","토양개량제 지원","57595000","50683600","39595365","88.0","78.1"
"2026","자치단체이전","자치단체경상보조","농림축산식품부","지역균형발전특별회계","지역자율계정","농림수산","농업·농촌","농업신산업육성","친환경농자재","친환경농자재지원(자율)","유기농업자재지원","7366000","6459200","1522366","87.7","23.6"
"2026","자치단체이전","자치단체경상보조","농림축산식품부","지역균형발전특별회계","지역자율계정","농림수산","농업·농촌","농촌복지및지역활성화","농촌일자리및경제활성화","농촌경제활성화지원(자율)","농촌융복합산업지구 조성","2200000","2200000","692551","100.0","31.5"
"2026","자치단체이전","자치단체경상보조","농림축산식품부","지역균형발전특별회계","지역자율계정","농림수산","농업·농촌","농촌복지및지역활성화","농촌일자리및경제활성화","농촌경제활성화지원(자율)","농촌휴양서비스산업육성(서비스기반조성-보험가입지원)","412000","362500","247403","88.0","68.2"
"2026","자치단체이전","자치단체경상보조","농림축산식품부","지역균형발전특별회계","지역자율계정","농림수산","농업·농촌","농촌복지및지역활성화","농촌일자리및경제활성화","농촌경제활성화지원(자율)","농촌휴양·서비스 산업육성(크리에이투어)","2625000","2500000","427363","95.2","17.1"
"2026","자치단체이전","자치단체경상보조","농림축산식품부","지역균형발전특별회계","지역자율계정","농림수산","농업·농촌","농촌복지및지역활성화","농촌일자리및경제활성화","농촌경제활성화지원(자율)","농촌휴양·서비스 산업육성(지역단위농촌관광)","475000","475000","100721","100.0","21.2"
"2026","자치단체이전","자치단체경상보조","농림축산식품부","지역균형발전특별회계","지역자율계정","농림수산","농업·농촌","농촌복지및지역활성화","농촌일자리및경제활성화","농촌경제활성화지원(자율)","인증경영체 성장지원","3409000","3409000","1141108","100.0","33.5"
"2026","자치단체이전","자치단체경상보조","농림축산식품부","지역균형발전특별회계","지역자율계정","농림수산","농업·농촌","농촌복지및지역활성화","농촌일자리및경제활성화","농촌경제활성화지원(자율)","농촌형 비즈니스 생태계 구축(농촌 혁신 아이디어 모델 확산)","450000","450000","0","100.0","0.0"
"2026","자치단체이전","자치단체경상보조","농림축산식품부","지역균형발전특별회계","지역자율계정","농림수산","농업·농촌","농촌복지및지역활성화","농촌일자리및경제활성화","농촌경제활성화지원(자율)","농업유산 발굴 및 보전","553000","553000","173600","100.0","31.4"
"2026","자치단체이전","자치단체경상보조","농림축산식품부","지역균형발전특별회계","지역자율계정","농림수산","농업·농촌","농촌복지및지역활성화","농촌형교통모델","농촌형교통모델(자율)","농촌형교통모델","28991000","28991000","20330846","100.0","70.1"
"2026","자치단체이전","자치단체경상보조","농림축산식품부","지역균형발전특별회계","지역자율계정","농림수산","농업·농촌","농촌복지및지역활성화","일반농산어촌개발","취약지역생활여건개조사업","농어촌 빈집정비 지원","10332000","10124000","2128024","98.0","21.0"
"2026","자치단체이전","자치단체경상보조","농림축산식품부","지역균형발전특별회계","지역자율계정","농림수산","식품업","식품외식산업육성","식품산업육성","전통발효식품육성(자율)","찾아가는양조장","606000","486000","46745","80.2","9.6"
"2026","자치단체이전","자치단체경상보조","농림축산식품부","지역균형발전특별회계","지역자율계정","농림수산","식품업","식품외식산업육성","식품산업육성","전통발효식품육성(자율)","소스산업화센터운영지원","680000","680000","347675","100.0","51.1"
"2026","자치단체이전","자치단체경상보조","농림축산식품부","지역균형발전특별회계","지역지원계정","농림수산","농업·농촌","농업인력육성및창업지원","농촌정착지원","청년농업인영농정착지원","청년농업인영농정착지원금","0","0","0","0","0"
"2026","자치단체이전","자치단체경상보조","농림축산식품부","지역균형발전특별회계","지역지원계정","농림수산","농업·농촌","농업인력육성및창업지원","농촌정착지원","청년농업인영농정착지원","선발운영비","0","0","0","0","0"
"2026","자치단체이전","자치단체경상보조","농림축산식품부","지역균형발전특별회계","지역지원계정","농림수산","농업·농촌","농업신산업육성","친환경농자재","친환경농자재지원","유기농업자재지원","0","0","0","0","0"
"2026","자치단체이전","자치단체경상보조","농림축산식품부","지역균형발전특별회계","지역지원계정","농림수산","농업·농촌","농촌복지및지역활성화","농촌일자리및경제활성화","농촌경제활성화지원(지원)","인증경영체 성장지원","0","0","0","0","0"
"2026","자치단체이전","자치단체경상보조","농림축산식품부","지역균형발전특별회계","지역지원계정","농림수산","농업·농촌","농촌복지및지역활성화","농촌일자리및경제활성화","농촌경제활성화지원(지원)","농촌휴양·서비스 산업육성(민간경상보조)","0","0","0","0","0"
"2026","자치단체이전","자치단체경상보조","농림축산식품부","지역균형발전특별회계","지역지원계정","농림수산","농업·농촌","농촌복지및지역활성화","농촌일자리및경제활성화","농촌경제활성화지원(지원)","농촌경제활성화 지원 전문기관 운영","0","0","0","0","0"
"2026","자치단체이전","자치단체경상보조","농림축산식품부","지역균형발전특별회계","지역지원계정","농림수산","농업·농촌","농촌복지및지역활성화","농촌일자리및경제활성화","농촌경제활성화지원(지원)"," 농촌형 비즈니스 생태계 구축(농촌 산업 혁신 지원)","0","0","0","0","0"
"2026","자치단체이전","자치단체경상보조","농림축산식품부","지역균형발전특별회계","지역지원계정","농림수산","농업·농촌","농촌복지및지역활성화","농촌일자리및경제활성화","농촌경제활성화지원(지원)","농촌형 비즈니스 생태계 구축(농촌 혁신 아이디어 콘테스트)","0","0","0","0","0"
"2026","자치단체이전","자치단체경상보조","농림축산식품부","지역균형발전특별회계","지역지원계정","농림수산","농업·농촌","농촌복지및지역활성화","농촌일자리및경제활성화","농촌경제활성화지원(지원)","농촌융복합산업 제주국제박람회","210000","210000","27031","100.0","12.9"
"2026","자치단체이전","자치단체경상보조","농림축산식품부","지역균형발전특별회계","지역지원계정","농림수산","농업·농촌","농촌복지및지역활성화","농촌복지증진","농어촌 기본소득 시범사업","농어촌 기본소득 시범사업","304368000","211118946","161548923","69.4","76.5"
"2026","자치단체이전","자치단체경상보조","농림축산식품부","축산발전기금"," ","농림수산","농업·농촌","축산업진흥 및 동물복지향상","축산물수급관리","축산물수급관리","학교우유급식 지원","35200000","22000000","9651369","62.5","43.9"
"2026","자치단체이전","자치단체경상보조","농림축산식품부","축산발전기금"," ","농림수산","농업·농촌","축산업진흥 및 동물복지향상","축산물수급관리","축산물수급관리","계란유통센터시설현대화(계란공판장활성화지원)","8435000","2042000","1427699","24.2","69.9"
"2026","자치단체이전","자치단체경상보조","농림축산식품부","축산발전기금"," ","농림수산","농업·농촌","축산업진흥 및 동물복지향상","축산물수급관리","축산물수급관리","가축사육제한보상금","4628000","2482566","1848561","53.6","74.5"
"2026","자치단체이전","자치단체경상보조","농림축산식품부","축산발전기금"," ","농림수산","농업·농촌","축산업진흥 및 동물복지향상","축산물수급관리","축산물수급관리","비육용 암소시장 육성","800000","321950","233967","40.2","72.7"
"2026","자치단체이전","자치단체경상보조","농림축산식품부","축산발전기금"," ","농림수산","농업·농촌","축산업진흥 및 동물복지향상","축산기술보급","가축개량지원","한우젖소개량 경상지원(자치단체)","1068000","1068000","506814","100.0","47.5"
"2026","자치단체이전","자치단체경상보조","농림축산식품부","축산발전기금"," ","농림수산","농업·농촌","축산업진흥 및 동물복지향상","축산기술보급","가축개량지원","돼지경제능력검정 경상지원(자치단체)","144000","144000","22100","100.0","15.3"
"2026","자치단체이전","자치단체경상보조","농림축산식품부","축산발전기금"," ","농림수산","농업·농촌","축산업진흥 및 동물복지향상","축산기술보급","가축개량지원","우수 여왕벌 보급 경상지원(자치단체)","0","0","0","0","0"
"2026","자치단체이전","자치단체경상보조","농림축산식품부","축산발전기금"," ","농림수산","농업·농촌","축산업진흥 및 동물복지향상","축산업경쟁력제고(축발)","말산업육성지원","생활승마 활성화(학생승마지원)","5775000","4042500","1247520","70.0","30.9"
"2026","자치단체이전","자치단체경상보조","농림축산식품부","축산발전기금"," ","농림수산","농업·농촌","축산업진흥 및 동물복지향상","축산업경쟁력제고(축발)","말산업육성지원","생활승마 활성화(유소년승마단운영지원)","800000","560000","368688","70.0","65.8"
"2026","자치단체이전","자치단체경상보조","농림축산식품부","축산발전기금"," ","농림수산","농업·농촌","축산업진흥 및 동물복지향상","축산업경쟁력제고(축발)","말산업육성지원","말산업 경쟁력 제고(승용마 조련지원)","250000","175000","38400","70.0","21.9"
"2026","자치단체이전","자치단체경상보조","농림축산식품부","축산발전기금"," ","농림수산","농업·농촌","축산업진흥 및 동물복지향상","축산업경쟁력제고(축발)","말산업육성지원","전문인력 양성 및 취창업지원(말산업 전문인력교육기관 지원_경상)","440000","308000","174740","70.0","56.7"
"2026","자치단체이전","자치단체경상보조","농림축산식품부","축산발전기금"," ","농림수산","농업·농촌","축산업진흥 및 동물복지향상","축산업경쟁력제고(축발)","말산업육성지원","생활승마 활성화(농촌관광승마)","500000","350000","90673","70.0","25.9"
"2026","자치단체이전","자치단체경상보조","농림축산식품부","축산발전기금"," ","농림수산","농업·농촌","축산업진흥 및 동물복지향상","축산업경쟁력제고(축발)","말산업육성지원","말 보호 재활(말 긴급 구호 시스템_말 보호시설 운영)","189000","98000","0","51.9","0.0"
"2026","자치단체이전","자치단체경상보조","농림축산식품부","축산발전기금"," ","농림수산","농업·농촌","축산업진흥 및 동물복지향상","친환경축산(축발)","조사료생산기반확충","방목생태축산농장 초지조성 지원","319000","192000","0","60.2","0.0"
"2026","자치단체이전","자치단체경상보조","농림축산식품부","축산발전기금"," ","농림수산","농업·농촌","축산업진흥 및 동물복지향상","친환경축산(축발)","조사료생산기반확충","조사료 생산 지원","80989000","50946551","25746533","62.9","50.5"
"2026","자치단체이전","자치단체경상보조","농림축산식품부","축산발전기금"," ","농림수산","농업·농촌","축산업진흥 및 동물복지향상","친환경축산(축발)","조사료생산기반확충","방목생태축산농장 초지조성 지원(이월)","0","0","0","0","0"
"2026","자치단체이전","자치단체경상보조","농림축산식품부","축산발전기금"," ","농림수산","농업·농촌","축산업진흥 및 동물복지향상","친환경축산(축발)","가축분뇨처리지원","가축분뇨이용촉진","3200000","3200000","1141307","100.0","35.7"
"2026","자치단체이전","자치단체경상보조","농림축산식품부","축산발전기금"," ","농림수산","농업·농촌","축산업진흥 및 동물복지향상","축산물품질관리(축발)","축산물품질관리","축산물이력관리 지원(자치단체)","5116000","4806000","2467298","93.9","51.3"
"2026","자치단체이전","자치단체경상보조","농림축산식품부","축산발전기금"," ","농림수산","농업·농촌","가축방역및축산물안전관리","축산물위생안전성(축발)","축산물위생안전검사운영","도축검사원 인건비 지원","12403000","9922400","6368226","80.0","64.2"
"2026","자치단체이전","자치단체경상보조","농림축산식품부","축산발전기금"," ","농림수산","농업·농촌","가축방역및축산물안전관리","축산물위생안전성(축발)","축산물위생안전검사운영","축산물 상시검사비","3813000","3050400","2139744","80.0","70.1"
"2026","자치단체이전","자치단체경상보조","농림축산식품부","축산발전기금"," ","농림수산","농업·농촌","가축방역및축산물안전관리","축산물위생안전성(축발)","축산물HACCP지원","축산물HACCP인증관리","256000","252320","12960","98.6","5.1"
"2026","자치단체이전","자치단체경상보조","농림축산식품부","축산발전기금"," ","농림수산","농업·농촌","가축방역및축산물안전관리","가축방역(축발)","가축위생방역지원","가축위생방역지원본부 방역직 인건비 지원","14373000","12935700","7238044","90.0","56.0"
"2026","자치단체이전","자치단체경상보조","농림축산식품부","축산발전기금"," ","농림수산","농업·농촌","가축방역및축산물안전관리","가축방역(축발)","가축위생방역지원","공동방제단 운영","15416000","13874400","8704531","90.0","62.7"
"2026","자치단체이전","자치단체경상보조","농촌진흥청","농어촌구조개선특별회계","구조개선사업계정","농림수산","농업·농촌","지역농업특성화","농촌생활활력증진(농특,구조)","농작업재해예방(보조)","농업인 안전실천 역량강화 지원","417000","417000","294943","100.0","70.7"
"2026","자치단체이전","자치단체경상보조","농촌진흥청","농어촌구조개선특별회계","구조개선사업계정","농림수산","농업·농촌","지역농업특성화","농촌생활활력증진(농특,구조)","농작업재해예방(보조)","농작업 안전재해예방 지원체계 구축(위험성평가 및 안전보건관리체계 구축)","2290000","2290000","1367256","100.0","59.7"
"2026","자치단체이전","자치단체경상보조","농촌진흥청","농어촌구조개선특별회계","구조개선사업계정","농림수산","농업·농촌","지역농업특성화","농촌생활활력증진(농특,구조)","농작업재해예방(보조)","농업인 온열질환 예방사업","1000000","1000000","641565","100.0","64.2"
"2026","자치단체이전","자치단체경상보조","농촌진흥청","농어촌구조개선특별회계","구조개선사업계정","농림수산","농업·농촌","전문인력양성","영농기계화촉진(농특,구조)","농업기계안전교육사업(보조)","농업기계교육(지방)","907000","907000","639594","100.0","70.5"
"2026","자치단체이전","자치단체경상보조","농촌진흥청","일반회계"," ","농림수산","농업·농촌","지역농업특성화","기술농업지원(일반)","과학영농현장기술지원(보조)","꿀벌자원육성품종증식장운영(경상)","375000","375000","182977","100.0","48.8"
"2026","자치단체이전","자치단체경상보조","농촌진흥청","일반회계"," ","농림수산","농업·농촌","지역농업특성화","기술농업지원(일반)","과학영농현장기술지원(보조)","종합분석관리실운영(경상, 토양,과수,축산,조직배양)","1500000","1500000","997031","100.0","66.5"
"2026","자치단체이전","자치단체경상보조","농촌진흥청","일반회계"," ","농림수산","농업·농촌","지역농업특성화","기술농업지원(일반)","농작물병해충 예찰방제사업(보조)","농작물 병해충 관찰포 운영","191000","190800","99500","99.9","52.1"
"2026","자치단체이전","자치단체경상보조","농촌진흥청","일반회계"," ","농림수산","농업·농촌","지역농업특성화","기술농업지원(일반)","농작물병해충 예찰방제사업(보조)","농작물 병해충 진단실 운영","890000","880800","496461","99.0","56.4"
"2026","자치단체이전","자치단체경상보조","농촌진흥청","일반회계"," ","농림수산","농업·농촌","지역농업특성화","기술농업지원(일반)","농작물병해충 예찰방제사업(보조)","농작물 병해충 예찰방제단 운영(지방)","4136000","4136000","2409286","100.0","58.3"
"2026","자치단체이전","자치단체경상보조","농촌진흥청","일반회계"," ","농림수산","농업·농촌","지역농업특성화","기술농업지원(일반)","농작물병해충 예찰방제사업(보조)","농작물 병해충 방제비","22814000","22035479","16049254","96.6","72.8"
"2026","자치단체이전","자치단체경상보조","농촌진흥청","일반회계"," ","농림수산","농업·농촌","지역농업특성화","기술농업지원(일반)","농작물병해충 예찰방제사업(보조)","공적방제 손실보상금","8680000","6500000","410988","74.9","6.3"
"2026","자치단체이전","자치단체경상보조","농촌진흥청","일반회계"," ","농림수산","농업·농촌","지역농업특성화","기술농업지원(일반)","농작물병해충 예찰방제사업(보조)","과수화상병 전염원 사전제거","8743000","8743000","2653826","100.0","30.4"
"2026","자치단체이전","자치단체경상보조","농촌진흥청","일반회계"," ","농림수산","농업·농촌","지역농업특성화","기술농업지원(일반)","농작물병해충 예찰방제사업(보조)","영농부산물 안전처리 지원","5838000","5838000","4135074","100.0","70.8"
"2026","자치단체이전","자치단체경상보조","농촌진흥청","일반회계"," ","농림수산","농업·농촌","지역농업특성화","기술농업지원(일반)","농작물병해충 예찰방제사업(보조)","기후변화 대응 과수 냉해 예방 지원","0","0","6590","0","0"
"2026","자치단체이전","자치단체경상보조","농촌진흥청","일반회계"," ","농림수산","농업·농촌","지역농업특성화","기술농업지원(일반)","농작물병해충 예찰방제사업(보조)","농작물 병해충 긴급방제비","660000","205860","54312","31.2","26.4"
"2026","자치단체이전","자치단체경상보조","농촌진흥청","일반회계"," ","농림수산","농업·농촌","농가경영능력 향상","농촌진흥사업정보화(정보화,일반)","지역농업기술정보화지원(정보화, 보조)","지역특화농업기술정보화인력지원","608000","458000","356265","75.3","77.8"
"2026","자치단체이전","자치단체경상보조","농촌진흥청","일반회계"," ","농림수산","농업·농촌","농가경영능력 향상","농촌진흥사업정보화(정보화,일반)","지역농업기술정보화지원(정보화, 보조)","농업인 정보화경진대회 개최지원","36000","36000","22973","100.0","63.8"
"2026","자치단체이전","자치단체경상보조","농촌진흥청","일반회계"," ","농림수산","농업·농촌","농가경영능력 향상","농가경영지원(일반)","농촌통계조사분석(보조)","농산물소득조사분석(보조)","3460000","3118670","1284111","90.1","41.2"
"2026","자치단체이전","자치단체경상보조","농촌진흥청","일반회계"," ","농림수산","농업·농촌","농가경영능력 향상","농가경영지원(일반)","데이터기반농업활성화","농업재배전주기DB구축","2714000","2714000","1440025","100.0","53.1"
"2026","자치단체이전","자치단체경상보조","농촌진흥청","일반회계"," ","농림수산","농업·농촌","농가경영능력 향상","농가경영지원(일반)","데이터기반농업활성화","AI 기반 경영성과 분석지원","405000","405000","235311","100.0","58.1"
"2026","자치단체이전","자치단체경상보조","농촌진흥청","일반회계"," ","농림수산","농업·농촌","전문인력양성","농업인력양성및지원(일반)","농업전문인력양성(보조)","농업기술전문교육","0","0","0","0","0"
"2026","자치단체이전","자치단체경상보조","농촌진흥청","일반회계"," ","농림수산","농업·농촌","전문인력양성","농업인력양성및지원(일반)","농업전문인력양성(보조)","신규농업인 기초영농기술교육","0","0","0","0","0"
"2026","자치단체이전","자치단체경상보조","농촌진흥청","일반회계"," ","농림수산","농업·농촌","전문인력양성","농업인력양성및지원(일반)","농업전문인력양성(보조)","신규농업인 현장실습교육 ","0","0","0","0","0"
"2026","자치단체이전","자치단체경상보조","농촌진흥청","일반회계"," ","농림수산","농업·농촌","전문인력양성","농업인력양성및지원(일반)","농업전문인력양성(보조)","농업인대학 운영","0","0","0","0","0"
"2026","자치단체이전","자치단체경상보조","농촌진흥청","일반회계"," ","농림수산","농업·농촌","전문인력양성","농업인력양성및지원(일반)","농업전문인력양성(보조)","신규농업인 창업경영 컨설팅","0","0","0","0","0"
"2026","자치단체이전","자치단체경상보조","농촌진흥청","지역균형발전특별회계","세종특별자치시계정","농림수산","농업·농촌","전문인력양성","농업인력양성및지원(지특,세종)","농업전문인력양성(보조, 세종)","신규농업인 영농기술향상(보조, 세종)","15000","15000","6098","100.0","40.7"
"2026","자치단체이전","자치단체경상보조","농촌진흥청","지역균형발전특별회계","세종특별자치시계정","농림수산","농업·농촌","전문인력양성","농업인력양성및지원(지특,세종)","농업전문인력양성(보조, 세종)","우리쌀밀 이용 가공기술교육(보조, 세종)","2000","2000","1500","100.0","75.0"
"2026","자치단체이전","자치단체경상보조","농촌진흥청","지역균형발전특별회계","제주특별자치도계정","농림수산","농업·농촌","농업기초기반 및 실용화 기술개발","지역농업연구기반및전략작목육성(지특, 제주)","지역특화작목기술개발(R&D, 제주, 지역지원)","지역특화작목기술개발","590000","590000","291993","100.0","49.5"
"2026","자치단체이전","자치단체경상보조","농촌진흥청","지역균형발전특별회계","제주특별자치도계정","농림수산","농업·농촌","전문인력양성","농업인력양성및지원(지특,제주)","농업전문인력양성(보조, 제주)","신규농업인 영농기술향상(보조, 제주)","72000","70870","43710","98.4","61.7"
"2026","자치단체이전","자치단체경상보조","농촌진흥청","지역균형발전특별회계","제주특별자치도계정","농림수산","농업·농촌","전문인력양성","농업인력양성및지원(지특,제주)","농업전문인력양성(보조, 제주)","우리쌀밀 이용 가공기술교육(보조, 제주)","3000","3000","2499","100.0","83.3"
"2026","자치단체이전","자치단체경상보조","농촌진흥청","지역균형발전특별회계","지역자율계정","농림수산","농업·농촌","전문인력양성","농업인력양성및지원(지특,지역자율)","농업전문인력양성(보조, 지역자율)","신규농업인 영농기술향상","3323250","3111350","1838484","93.6","59.1"
"2026","자치단체이전","자치단체경상보조","농촌진흥청","지역균형발전특별회계","지역자율계정","농림수산","농업·농촌","전문인력양성","농업인력양성및지원(지특,지역자율)","농업전문인력양성(보조, 지역자율)","우리쌀밀 이용 가공기술교육","279750","279750","173853","100.0","62.1"
"2026","자치단체이전","자치단체경상보조","농촌진흥청","지역균형발전특별회계","지역지원계정","농림수산","농업·농촌","농업기초기반 및 실용화 기술개발","지역농업연구기반및전략작목육성(지특, 지역지원)","지역특화작목기술개발(R&D, 보조, 지역지원)","지역특화작목기술개발","9624000","9624000","4885404","100.0","50.8"
"2026","자치단체이전","자치단체경상보조","농촌진흥청","지역균형발전특별회계","지역지원계정","농림수산","농업·농촌","지역농업특성화","6차산업활성화 지원(지특,지역지원)","농식품가공체험기술보급(보조,지역지원)","농산물가공기술보급(농산물가공기술표준화)","600000","600000","288340","100.0","48.1"
"2026","자치단체이전","자치단체경상보조","농촌진흥청","지역균형발전특별회계","지역지원계정","농림수산","농업·농촌","지역농업특성화","6차산업활성화 지원(지특,지역지원)","농식품가공체험기술보급(보조,지역지원)","농업·농촌프로그램 현장확산 기술지원","0","0","0","0","0"
"2026","자치단체이전","자치단체경상보조","농촌진흥청","지역균형발전특별회계","지역지원계정","농림수산","농업·농촌","전문인력양성","농업인력양성및지원(지특,지역지원)","농산업교육훈련지원(보조, 지역지원)","농업전문인력양성교육(지방)","2368000","2368000","1713841","100.0","72.4"
"2026","자치단체이전","자치단체경상보조","대법원","일반회계"," ","공공질서및안전","법원및헌재","재판활동지원","가족관계등록사무지원","가족관계등록사무","가족관계등록사무처리 경비 지원","9237000","9237000","6551565","100.0","70.9"
"2026","자치단체이전","자치단체경상보조","문화체육관광부","관광진흥개발기금"," ","문화및관광","관광","국내관광활성화","관광인프라 조성","한국형 지역관광 활성화","DMZ 평화의 길 운영","1200000","1200000","557607","100.0","46.5"
"2026","자치단체이전","자치단체경상보조","문화체육관광부","관광진흥개발기금"," ","문화및관광","관광","국내관광활성화","관광인프라 조성","한국형 지역관광 활성화","코리아둘레길 쉼터 및 프로그램 운영","1220000","1110000","461018","91.0","41.5"
"2026","자치단체이전","자치단체경상보조","문화체육관광부","관광진흥개발기금"," ","문화및관광","관광","국내관광활성화","관광인프라 조성","한국형 지역관광 활성화","반려동물 동반여행 활성화","900000","840000","272087","93.3","32.4"
"2026","자치단체이전","자치단체경상보조","문화체육관광부","관광진흥개발기금"," ","문화및관광","관광","국내관광활성화","관광인프라 조성","한국형 지역관광 활성화","자전거 여행 활성화(지자체경상)","415000","400000","203096","96.4","50.8"
"2026","자치단체이전","자치단체경상보조","문화체육관광부","관광진흥개발기금"," ","문화및관광","관광","국내관광활성화","관광인프라 조성","한국형 지역관광 활성화","이종산업 협업기반 관광 활성화","1800000","1015000","198338","56.4","19.5"
"2026","자치단체이전","자치단체경상보조","문화체육관광부","관광진흥개발기금"," ","문화및관광","관광","국내관광활성화","국내관광육성지원","문화관광축제지원(보조)","문화관광축제 지원(지자체보조)","1000000","840000","376280","84.0","44.8"
"2026","자치단체이전","자치단체경상보조","문화체육관광부","관광진흥개발기금"," ","문화및관광","관광","국내관광활성화","국내관광육성지원","문화관광축제지원(보조)","글로벌 축제 육성 지원","4800000","4000000","1730619","83.3","43.3"
"2026","자치단체이전","자치단체경상보조","문화체육관광부","관광진흥개발기금"," ","문화및관광","관광","국내관광활성화","국내관광육성지원","문화관광축제지원(보조)","예비 글로벌축제 육성 지원","2000000","1650000","160000","82.5","9.7"
"2026","자치단체이전","자치단체경상보조","문화체육관광부","관광진흥개발기금"," ","문화및관광","관광","국내관광활성화","국내관광육성지원","국내관광 역량 강화","야간관광 활성화","3200000","2400000","828837","75.0","34.5"
"2026","자치단체이전","자치단체경상보조","문화체육관광부","관광진흥개발기금"," ","문화및관광","관광","외래관광객유치","해외관광객유치활동사업","외래관광객유치 마케팅 활성화 지원","국제관광기구 협력(2026 PATA 연차총회 개최 지원)","500000","500000","400000","100.0","80.0"
"2026","자치단체이전","자치단체경상보조","문화체육관광부","관광진흥개발기금"," ","문화및관광","관광","외래관광객유치","해외관광객유치활동사업","외래관광객유치 관광기반 조성","관광특구 활성화 지원(경상보조)","3000000","0","0","0.0","0"
"2026","자치단체이전","자치단체경상보조","문화체육관광부","관광진흥개발기금"," ","문화및관광","관광","외래관광객유치","해외관광객유치활동사업","외래관광객유치 관광기반 조성","관광 편의성 제고(관광교통 편의성 제고)","0","0","0","0","0"
"2026","자치단체이전","자치단체경상보조","문화체육관광부","관광진흥개발기금"," ","문화및관광","관광","외래관광객유치","해외관광객유치활동사업","외래관광객유치 관광기반 조성","여행업 경쟁력 강화 및 건전여행 풍토조성(여행상품 개발 지원)","600000","600000","600000","100.0","100.0"
"2026","자치단체이전","자치단체경상보조","문화체육관광부","관광진흥개발기금"," ","문화및관광","관광","관광산업 활성화","고부가가치 관광산업육성","MICE산업육성지원","2026 국제회의복합지구 활성화 지원","2100000","1470000","281938","70.0","19.2"
"2026","자치단체이전","자치단체경상보조","문화체육관광부","국민체육진흥기금","국민체육진흥계정","문화및관광","체육","생활체육육성","생활체육 활성화","스포츠강좌이용권 지원","장애인스포츠강좌이용권 지원(지자체 보조)","30092000","16752120","12333781","55.7","73.6"
"2026","자치단체이전","자치단체경상보조","문화체육관광부","국민체육진흥기금","국민체육진흥계정","문화및관광","체육","생활체육육성","생활체육 활성화","스포츠강좌이용권 지원","스포츠강좌이용권 지원","86877000","60813900","46375190","70.0","76.3"
"2026","자치단체이전","자치단체경상보조","문화체육관광부","국민체육진흥기금","국민체육진흥계정","문화및관광","체육","생활체육육성","생활체육 활성화","생활체육 프로그램 지원","생활체육지도자 활동 지원","47434000","35475548","25620593","74.8","72.2"
"2026","자치단체이전","자치단체경상보조","문화체육관광부","국민체육진흥기금","국민체육진흥계정","문화및관광","체육","생활체육육성","생활체육 활성화","생활체육 프로그램 지원","동계스포츠 발전지원","1674000","1171800","8569","70.0","0.7"
"2026","자치단체이전","자치단체경상보조","문화체육관광부","국민체육진흥기금","국민체육진흥계정","문화및관광","체육","생활체육육성","생활체육 활성화","생활체육 프로그램 지원","맞춤형생활체육활동 지원","25400000","9509797","8354388","37.4","87.9"
"2026","자치단체이전","자치단체경상보조","문화체육관광부","국민체육진흥기금","국민체육진흥계정","문화및관광","체육","생활체육육성","생활체육 활성화","국민체력인증","국민체력인증제 운영(자치단체)","9621000","0","3451821","0.0","0"
"2026","자치단체이전","자치단체경상보조","문화체육관광부","국민체육진흥기금","국민체육진흥계정","문화및관광","체육","생활체육육성","생활체육 활성화","체육·문화예술사업의 지원","학교,직장운동경기부 활성화","5327000","2919419","1649468","54.8","56.5"
"2026","자치단체이전","자치단체경상보조","문화체육관광부","국민체육진흥기금","국민체육진흥계정","문화및관광","체육","생활체육육성","생활체육 활성화","스포츠 종목 보급","동계스포츠 활성화(평창올림픽경기장 해외 선수단 전지훈련 유치)","0","0","0","0","0"
"2026","자치단체이전","자치단체경상보조","문화체육관광부","국민체육진흥기금","국민체육진흥계정","문화및관광","체육","생활체육육성","생활체육 활성화","스포츠 종목 보급","바둑보급사업(자치단체 경상보조)","180000","0","0","0.0","0"
"2026","자치단체이전","자치단체경상보조","문화체육관광부","국민체육진흥기금","국민체육진흥계정","문화및관광","체육","생활체육육성","학교체육 육성","신나는 주말체육 프로그램 지원","신나는 주말체육 프로그램 지원","0","0","0","0","0"
"2026","자치단체이전","자치단체경상보조","문화체육관광부","국민체육진흥기금","국민체육진흥계정","문화및관광","체육","전문체육육성","전문체육 육성","종목단체 및 지방체육회 지원","종목단체 및 지방체육회 운영","3905000","2897919","1778374","74.2","61.4"
"2026","자치단체이전","자치단체경상보조","문화체육관광부","국민체육진흥기금","국민체육진흥계정","문화및관광","체육","전문체육육성","전문체육육성 기반구축","전국(소년)체전 지원","전국소년체전 지원","4517000","3694542","3580838","81.8","96.9"
"2026","자치단체이전","자치단체경상보조","문화체육관광부","국민체육진흥기금","국민체육진흥계정","문화및관광","체육","전문체육육성","전문체육육성 기반구축","전국(소년)체전 지원","전국체전 지원","4830000","4830000","1190033","100.0","24.6"
"2026","자치단체이전","자치단체경상보조","문화체육관광부","국민체육진흥기금","국민체육진흥계정","문화및관광","체육","전문체육육성","전문체육육성 기반구축","전국(소년)체전 지원","전국소년체전 개회식 개최","200000","200000","22000","100.0","11.0"
"2026","자치단체이전","자치단체경상보조","문화체육관광부","국민체육진흥기금","국민체육진흥계정","문화및관광","체육","스포츠산업 육성","기금조성 기반시설 지원","올림픽스포츠콤플렉스 조성","남양주 스포츠가치센터 건립","0","0","0","0","0"
"2026","자치단체이전","자치단체경상보조","문화체육관광부","국민체육진흥기금","국민체육진흥계정","문화및관광","체육","스포츠산업 육성","기금조성 기반시설 지원","올림픽스포츠콤플렉스 조성","파주 스포츠가치센터 건립","0","0","0","0","0"
"2026","자치단체이전","자치단체경상보조","문화체육관광부","국민체육진흥기금","국민체육진흥계정","문화및관광","체육","스포츠산업 육성","기금조성 기반시설 지원","올림픽스포츠콤플렉스 조성","전주 스포츠가치센터 건립","200000","0","0","0.0","0"
"2026","자치단체이전","자치단체경상보조","문화체육관광부","국민체육진흥기금","국민체육진흥계정","문화및관광","체육","스포츠산업 육성","기금조성 기반시설 지원","올림픽스포츠콤플렉스 조성","고양시 스포츠가치센터 건립 타당성 조사","100000","0","0","0.0","0"
"2026","자치단체이전","자치단체경상보조","문화체육관광부","국민체육진흥기금","국민체육진흥계정","문화및관광","체육","스포츠산업 육성","기금조성 기반시설 지원","올림픽스포츠콤플렉스 조성","수원 스포츠가치센터 건립 타당성 조사","100000","0","0","0.0","0"
"2026","자치단체이전","자치단체경상보조","문화체육관광부","국민체육진흥기금","국민체육진흥계정","문화및관광","체육","스포츠산업 육성","기금조성 기반시설 지원","올림픽스포츠콤플렉스 조성","내포신도시 스포츠가치센터 건립 타당성 조사","100000","0","0","0.0","0"
"2026","자치단체이전","자치단체경상보조","문화체육관광부","국민체육진흥기금","국민체육진흥계정","문화및관광","체육","스포츠산업 육성","스포츠산업 활성화","스포츠산업활성화지원","지역스포츠산업지원(자치단체경상보조)","1500000","0","359312","0.0","0"
"2026","자치단체이전","자치단체경상보조","문화체육관광부","국민체육진흥기금","국민체육진흥계정","문화및관광","체육","스포츠산업 육성","스포츠산업 활성화","스포츠산업활성화지원","첨단기술 기반 산업혁신","2270000","0","344702","0.0","0"
"2026","자치단체이전","자치단체경상보조","문화체육관광부","국민체육진흥기금","국민체육진흥계정","문화및관광","체육","스포츠산업 육성","스포츠산업 활성화","스포츠산업활성화지원","지역특화 스포츠 산업 거점","400000","0","0","0.0","0"
"2026","자치단체이전","자치단체경상보조","문화체육관광부","국민체육진흥기금","국민체육진흥계정","문화및관광","체육","국제스포츠역량강화","국제스포츠 교류 활성화","국제대회 국내개최 지원","지자체 개최 각종 국제대회","7000000","3821000","2566959","54.6","67.2"
"2026","자치단체이전","자치단체경상보조","문화체육관광부","국민체육진흥기금","국민체육진흥계정","문화및관광","체육","국제스포츠역량강화","국제스포츠 교류 활성화","태권도 진흥","태권도 관광 육성","1525000","1375000","228410","90.2","16.6"
"2026","자치단체이전","자치단체경상보조","문화체육관광부","국민체육진흥기금","국민체육진흥계정","문화및관광","체육","국제스포츠역량강화","국제스포츠 교류 활성화","개도국 스포츠 발전지원","스포츠 동반자프로그램(드림프로그램)","630000","457500","5016","72.6","1.1"
"2026","자치단체이전","자치단체경상보조","문화체육관광부","국민체육진흥기금","국민체육진흥계정","문화및관광","체육","장애인체육육성","장애인체육 육성","장애인생활체육지원","장애인생활체육 지도자 배치 및 관리(지자체 보조)","16206000","7376018","8441530","45.5","114.4"
"2026","자치단체이전","자치단체경상보조","문화체육관광부","국민체육진흥기금","국민체육진흥계정","문화및관광","체육","장애인체육육성","장애인체육 육성","장애인생활체육지원","장애인 국내대회 지원(지자체 보조)","400000","285000","114650","71.3","40.2"
"2026","자치단체이전","자치단체경상보조","문화체육관광부","국민체육진흥기금","국민체육진흥계정","문화및관광","체육","장애인체육육성","장애인체육 육성","장애인전문체육 및 국제체육지원","장애인전국체전 및 국제대회지원(자치단체경상보조)","1831000","1831000","238007","100.0","13.0"
"2026","자치단체이전","자치단체경상보조","문화체육관광부","문화예술진흥기금"," ","문화및관광","문화예술","예술의 창작역량 및 사회적 가치 제고","예술향유기회 확대","문화예술향유 지원","통합문화이용권","286599997","229079789","161271187","79.9","70.4"
"2026","자치단체이전","자치단체경상보조","문화체육관광부","아시아문화중심도시조성특별회계"," ","문화및관광","문화예술","아시아문화중심도시조성","문화중심도시조성","문화중심도시육성(지자체)","문화콘텐츠 전문인력 양성 및 취업지원","1400000","1200000","615772","85.7","51.3"
"2026","자치단체이전","자치단체경상보조","문화체육관광부","아시아문화중심도시조성특별회계"," ","문화및관광","문화예술","아시아문화중심도시조성","문화중심도시조성","문화중심도시육성(지자체)","문화콘텐츠 제작 및 마케팅 지원","2484000","2000000","544110","80.5","27.2"
"2026","자치단체이전","자치단체경상보조","문화체육관광부","아시아문화중심도시조성특별회계"," ","문화및관광","문화예술","아시아문화중심도시조성","문화중심도시조성","문화중심도시육성(지자체)","국제문화창의산업전 개최","880000","500000","46523","56.8","9.3"
"2026","자치단체이전","자치단체경상보조","문화체육관광부","아시아문화중심도시조성특별회계"," ","문화및관광","문화예술","아시아문화중심도시조성","문화중심도시조성","문화중심도시육성(지자체)","아시아문화예술활성화거점 프로그램운영","800000","800000","86988","100.0","10.9"
"2026","자치단체이전","자치단체경상보조","문화체육관광부","아시아문화중심도시조성특별회계"," ","문화및관광","문화예술","아시아문화중심도시조성","문화중심도시조성","문화중심도시육성(지자체)","사직국제문화교류타운 프로그램 운영","150000","100000","5869","66.7","5.9"
"2026","자치단체이전","자치단체경상보조","문화체육관광부","아시아문화중심도시조성특별회계"," ","문화및관광","문화예술","아시아문화중심도시조성","문화중심도시조성","문화중심도시육성(지자체)","투자진흥지구 지원시설 운영","788000","500000","179886","63.5","36.0"
"2026","자치단체이전","자치단체경상보조","문화체육관광부","아시아문화중심도시조성특별회계"," ","문화및관광","문화예술","아시아문화중심도시조성","문화중심도시조성","문화중심도시육성(지자체)","아시아 도시 간 문화교류 협력사업","300000","200000","101774","66.7","50.9"
"2026","자치단체이전","자치단체경상보조","문화체육관광부","아시아문화중심도시조성특별회계"," ","문화및관광","문화예술","아시아문화중심도시조성","문화중심도시조성","문화중심도시육성(지자체)","아시아 이스포츠산업지원센터 구축 운영","480000","240000","32063","50.0","13.4"
"2026","자치단체이전","자치단체경상보조","문화체육관광부","아시아문화중심도시조성특별회계"," ","문화및관광","문화예술","아시아문화중심도시조성","문화중심도시조성","문화중심도시육성(지자체)","아시아 디지털 문화공간 조성","250000","0","0","0.0","0"
"2026","자치단체이전","자치단체경상보조","문화체육관광부","아시아문화중심도시조성특별회계"," ","문화및관광","문화예술","아시아문화중심도시조성","문화중심도시조성","문화중심도시육성(지자체)","디지털 아트 컬처랩 구축 운영, 2026년 한시","600000","500000","0","83.3","0.0"
"2026","자치단체이전","자치단체경상보조","문화체육관광부","아시아문화중심도시조성특별회계"," ","문화및관광","문화예술","아시아문화중심도시조성","문화중심도시조성","문화중심도시육성(지자체)","아시아 문화기술 실증센터 운영기반 구축","700000","0","7568","0.0","0"
"2026","자치단체이전","자치단체경상보조","문화체육관광부","아시아문화중심도시조성특별회계"," ","문화및관광","문화예술","아시아문화중심도시조성","문화중심도시조성","문화중심도시육성(지자체)","이스포츠 전문인력 양성 지원","400000","200000","87477","50.0","43.7"
"2026","자치단체이전","자치단체경상보조","문화체육관광부","아시아문화중심도시조성특별회계"," ","문화및관광","문화예술","아시아문화중심도시조성","문화중심도시조성","문화중심도시육성(지자체)","AI기반 창의문화복합공간 조성","200000","200000","199939","100.0","100.0"
"2026","자치단체이전","자치단체경상보조","문화체육관광부","아시아문화중심도시조성특별회계"," ","문화및관광","문화예술","아시아문화중심도시조성","문화중심도시조성","문화중심도시육성(지자체)","ACC연계 양림권역 근대역사문화 거점벨트 조성","300000","300000","0","100.0","0.0"
"2026","자치단체이전","자치단체경상보조","문화체육관광부","아시아문화중심도시조성특별회계"," ","문화및관광","문화예술","아시아문화중심도시조성","문화중심도시조성","문화중심도시육성(지자체)","광주 인문학 산책길 조성","100000","100000","28050","100.0","28.1"
"2026","자치단체이전","자치단체경상보조","문화체육관광부","아시아문화중심도시조성특별회계"," ","문화및관광","문화예술","아시아문화중심도시조성","문화중심도시조성","문화중심도시육성(지자체)","아시아 역사문화단지 조성","0","0","0","0","0"
"2026","자치단체이전","자치단체경상보조","문화체육관광부","아시아문화중심도시조성특별회계"," ","문화및관광","문화예술","아시아문화중심도시조성","문화중심도시조성","문화중심도시육성(지자체)","광주비엔날레 파빌리온 플랫폼 구축","0","0","0","0","0"
"2026","자치단체이전","자치단체경상보조","문화체육관광부","아시아문화중심도시조성특별회계"," ","문화및관광","문화예술","아시아문화중심도시조성","문화중심도시조성","문화중심도시육성(지자체)","ACC연계 양림권역 근대역사문화 거점벨트 조성","0","0","142688","0","0"
"2026","자치단체이전","자치단체경상보조","문화체육관광부","아시아문화중심도시조성특별회계"," ","문화및관광","문화예술","아시아문화중심도시조성","문화중심도시조성","문화중심도시육성(지자체)","비엔날레 문화거리 조성","100000","100000","0","100.0","0.0"
"2026","자치단체이전","자치단체경상보조","문화체육관광부","아시아문화중심도시조성특별회계"," ","문화및관광","문화예술","아시아문화중심도시조성","문화중심도시조성","문화중심도시육성(지자체)","ACC 아트 애비뉴 조성","200000","0","106","0.0","0"
"2026","자치단체이전","자치단체경상보조","문화체육관광부","아시아문화중심도시조성특별회계"," ","문화및관광","문화예술","아시아문화중심도시조성","문화중심도시조성","문화중심도시육성(지자체)","제21회 세계사학회 총회지원","100000","0","0","0.0","0"
"2026","자치단체이전","자치단체경상보조","문화체육관광부","영화발전기금"," ","문화및관광","문화예술","콘텐츠산업 육성","영화산업 육성 및 지원","영화유통 지원","아시아영화시장 지원","600000","0","77772","0.0","0"
"2026","자치단체이전","자치단체경상보조","문화체육관광부","일반회계"," ","문화및관광","문화예술","종교문화지원","종교문화활동 및 보존지원","종교문화활동지원","종교문화행사 지원(유교-한국선비문화체험연수)","304000","200000","106833","65.8","53.4"
"2026","자치단체이전","자치단체경상보조","문화체육관광부","일반회계"," ","문화및관광","문화예술","종교문화지원","종교문화활동 및 보존지원","종교문화활동지원","종교문화행사 지원(유교-포은선생 충효정신 선양 및 인재양성)","165000","100000","58003","60.6","58.0"
"2026","자치단체이전","자치단체경상보조","문화체육관광부","일반회계"," ","문화및관광","문화예술","종교문화지원","종교문화활동 및 보존지원","종교문화활동지원","종교문화행사 지원(불교-지자체)","100000","0","0","0.0","0"
"2026","자치단체이전","자치단체경상보조","문화체육관광부","일반회계"," ","문화및관광","문화예술","종교문화지원","종교문화활동 및 보존지원","전통종교문화유산보존","전통사찰 방재시스템 유지보수","3773000","3773000","1439471","100.0","38.2"
"2026","자치단체이전","자치단체경상보조","문화체육관광부","일반회계"," ","문화및관광","문화예술","종교문화지원","종교문화활동 및 보존지원","전통종교문화유산보존","한국예학 DB 및 활용시스템 구축","320000","224000","41221","70.0","18.4"
"2026","자치단체이전","자치단체경상보조","문화체육관광부","일반회계"," ","문화및관광","문화예술","콘텐츠산업 육성","문화콘텐츠산업 진흥 환경 조성","콘텐츠산업 생태계 조성","전남 K-디즈니 인재양성 거점기관 조성","250000","0","0","0.0","0"
"2026","자치단체이전","자치단체경상보조","문화체육관광부","일반회계"," ","문화및관광","문화예술","콘텐츠산업 육성","문화콘텐츠산업 육성","영상콘텐츠산업 육성","한국형 영화 효과음원 사운드 댐 구축","1000000","0","0","0.0","0"
"2026","자치단체이전","자치단체경상보조","문화체육관광부","일반회계"," ","문화및관광","문화예술","문화미디어산업육성및지원","방송영상콘텐츠 및 광고산업 활성화","방송영상콘텐츠 산업 육성","방송영상콘텐츠 해외진출 활성화 지원(BCM)","500000","500000","481066","100.0","96.2"
"2026","자치단체이전","자치단체경상보조","문화체육관광부","일반회계"," ","문화및관광","문화예술","문화미디어산업육성및지원","방송영상콘텐츠 및 광고산업 활성화","광고산업 활성화","부산국제마케팅광고제 지원","600000","400000","0","66.7","0.0"
"2026","자치단체이전","자치단체경상보조","문화체육관광부","일반회계"," ","문화및관광","문화예술","문화미디어산업육성및지원","출판산업육성","출판산업 활성화","출판산업 유통지원(자치단체경상보조)","0","0","0","0","0"
"2026","자치단체이전","자치단체경상보조","문화체육관광부","일반회계"," ","문화및관광","문화예술","문화미디어산업육성및지원","출판산업육성","출판산업 활성화","출판산업 기반조성(자치단체경상보조)","600000","480000","259547","80.0","54.1"
"2026","자치단체이전","자치단체경상보조","문화체육관광부","일반회계"," ","문화및관광","문화예술","문화미디어산업육성및지원","출판산업육성","출판산업 활성화","출판산업 성장 동력 조성(자치단체경상보조)","400000","300000","0","75.0","0.0"
"2026","자치단체이전","자치단체경상보조","문화체육관광부","일반회계"," ","문화및관광","문화예술","창의적문화정책구현","문화·인문 진흥","문화정책개발 및 진흥","문화다양성 축제 맘프 지원","0","0","0","0","0"
"2026","자치단체이전","자치단체경상보조","문화체육관광부","일반회계"," ","문화및관광","문화예술","창의적문화정책구현","문화·인문 진흥","인문정신문화 사회적 확산 지원","인문전통 및 정신문화 가치 확산(21세기 인문가치 포럼)","300000","210000","0","70.0","0.0"
"2026","자치단체이전","자치단체경상보조","문화체육관광부","일반회계"," ","문화및관광","문화예술","창의적문화정책구현","전통문화 진흥","전통스토리 계승 및 활용","전통스토리 계승 및 활용(지자체경상)","5500000","3850005","2502691","70.0","65.0"
"2026","자치단체이전","자치단체경상보조","문화체육관광부","일반회계"," ","문화및관광","문화예술","창의적문화정책구현","전통문화 진흥","전통스토리 계승 및 활용","전통나눔 할아버지(지자체경상)","259000","233410","0","90.1","0.0"
"2026","자치단체이전","자치단체경상보조","문화체육관광부","일반회계"," ","문화및관광","문화예술","예술의 진흥 및 생활화, 산업화","공연 및 전통예술 진흥기반 구축","문화예술 창제작 거점 조성","문화예술 전국 유통 지원","9000000","7628000","2231061","84.8","29.2"
"2026","자치단체이전","자치단체경상보조","문화체육관광부","일반회계"," ","문화및관광","문화예술","예술의 진흥 및 생활화, 산업화","기초예술역량강화","함께누리 지원","장애예술인 활동 전문공간 운영","0","0","0","0","0"
"2026","자치단체이전","자치단체경상보조","문화체육관광부","일반회계"," ","문화및관광","문화예술","예술의 진흥 및 생활화, 산업화","시각예술 진흥기반 구축","미술진흥기반구축","미술향유(서예행사및포럼) ","200000","0","0","0.0","0"
"2026","자치단체이전","자치단체경상보조","문화체육관광부","일반회계"," ","문화및관광","문화예술","지역문화 진흥 및 문화기반 조성","도서관정보·정책 체계 활성화","도서관 정책개발 및 서비스환경개선","도서관 다문화서비스 지원","300000","284100","115524","94.7","40.7"
"2026","자치단체이전","자치단체경상보조","문화체육관광부","일반회계"," ","문화및관광","문화예술","국제문화홍보","글로벌 중추국가 홍보","국가이미지 홍보","주한 외국인 대상 문화홍보","166000","166000","0","100.0","0.0"
"2026","자치단체이전","자치단체경상보조","문화체육관광부","일반회계"," ","문화및관광","문화예술","국제문화홍보","국제문화교류 및 한류확산 기반조성","문화콘텐츠 국제협력 및 수출기반 조성","한류 교류 및 확산 지원","1400000","1400000","1265282","100.0","90.4"
"2026","자치단체이전","자치단체경상보조","문화체육관광부","일반회계"," ","문화및관광","문화예술","국제문화홍보","국제문화교류 및 한류확산 기반조성","국제문화정책지원","동아시아문화도시 선정지원","600000","600000","300000","100.0","50.0"
"2026","자치단체이전","자치단체경상보조","문화체육관광부","일반회계"," ","문화및관광","문화예술","국립한글박물관 운영","국립한글박물관 운영","한글박물관 운영","한글문화 연구 교육","500000","450000","0","90.0","0.0"
"2026","자치단체이전","자치단체경상보조","문화체육관광부","지역균형발전특별회계","세종특별자치시계정","문화및관광","문화예술","지역문화 진흥 및 문화기반 조성","박물관 정책 활성화","공공도서관 개관시간 연장(세종)","공공도서관 개관시간 연장(세종)","798000","798000","382405","100.0","47.9"
"2026","자치단체이전","자치단체경상보조","문화체육관광부","지역균형발전특별회계","세종특별자치시계정","문화및관광","문화예술","지역문화 진흥 및 문화기반 조성","문화도시 조성(세종)","대한민국 문화도시 조성(세종)","대한민국 문화도시 조성 지원(세종)","4000000","3800000","381243","95.0","10.0"
"2026","자치단체이전","자치단체경상보조","문화체육관광부","지역균형발전특별회계","세종특별자치시계정","문화및관광","관광","관광진흥기반확충","광역관광자원개발","광역권 관광개발(세종)","[서부내륙]비단가람온길레저코스(세종)","100000","0","0","0.0","0"
"2026","자치단체이전","자치단체경상보조","문화체육관광부","지역균형발전특별회계","세종특별자치시계정","문화및관광","관광","관광진흥기반확충","광역관광자원개발","광역권 관광개발(세종)","[서부내륙]서부내륙권 특화브랜드 개발(세종)","30000","20000","0","66.7","0.0"
"2026","자치단체이전","자치단체경상보조","문화체육관광부","지역균형발전특별회계","세종특별자치시계정","문화및관광","관광","관광진흥기반확충","광역관광자원개발","광역권 관광개발(세종)","[서부내륙]서부내륙권 통합 홍보마케팅(세종)","200000","100000","21087","50.0","21.1"
"2026","자치단체이전","자치단체경상보조","문화체육관광부","지역균형발전특별회계","세종특별자치시계정","문화및관광","관광","관광진흥기반확충","광역관광자원개발","광역권 관광개발(세종)","[서부내륙]4색이음 관광상품 개발(세종)","100000","50000","1414","50.0","2.8"
"2026","자치단체이전","자치단체경상보조","문화체육관광부","지역균형발전특별회계","세종특별자치시계정","문화및관광","관광","관광진흥기반확충","광역관광자원개발","광역권 관광개발(세종)","[서부내륙]미식기행 관광상품 개발(세종)","250000","120000","2085","48.0","1.7"
"2026","자치단체이전","자치단체경상보조","문화체육관광부","지역균형발전특별회계","세종특별자치시계정","문화및관광","관광","관광진흥기반확충","광역관광자원개발","광역권 관광개발(세종)","[서부내륙]특화체험 관광상품 육성(세종)","100000","50000","7003","50.0","14.0"
"2026","자치단체이전","자치단체경상보조","문화체육관광부","지역균형발전특별회계","세종특별자치시계정","문화및관광","관광","관광진흥기반확충","광역관광자원개발","광역권 관광개발(세종)","[서부내륙]성과관리 및 활성화 컨설팅(세종)","125000","60000","30198","48.0","50.3"
"2026","자치단체이전","자치단체경상보조","문화체육관광부","지역균형발전특별회계","세종특별자치시계정","문화및관광","관광","관광진흥기반확충","광역관광자원개발","광역권 관광개발(세종)","[충청유교](세종) 충청유교 탐방프로그램","44000","0","0","0.0","0"
"2026","자치단체이전","자치단체경상보조","문화체육관광부","지역균형발전특별회계","세종특별자치시계정","문화및관광","관광","관광진흥기반확충","광역관광자원개발","광역권 관광개발(세종)","[충청유교](세종) 충청유교 브랜드형 '오마이갓파티'","57000","57000","0","100.0","0.0"
"2026","자치단체이전","자치단체경상보조","문화체육관광부","지역균형발전특별회계","세종특별자치시계정","문화및관광","관광","관광진흥기반확충","광역관광자원개발","광역권 관광개발(세종)","[충청유교]충청유교 통합관광브랜드 개발(진흥)","36000","36000","0","100.0","0.0"
"2026","자치단체이전","자치단체경상보조","문화체육관광부","지역균형발전특별회계","세종특별자치시계정","문화및관광","관광","관광산업 활성화","관광산업 활성화 지원","야영장 안전 및 활성화지원(세종)","야영장 활성화 프로그램 지원","16000","10000","1727","62.5","17.3"
"2026","자치단체이전","자치단체경상보조","문화체육관광부","지역균형발전특별회계","제주특별자치도계정","문화및관광","문화예술","지역문화 진흥 및 문화기반 조성","박물관 정책 활성화","공공도서관 개관시간 연장(제주)","공공도서관 개관시간 연장(제주)","961000","955589","623948","99.4","65.3"
"2026","자치단체이전","자치단체경상보조","문화체육관광부","지역균형발전특별회계","제주특별자치도계정","문화및관광","관광","국내관광활성화","관광인프라 조성","생태녹색관광활성화(제주)","생태테마 관광자원화","0","0","0","0","0"
"2026","자치단체이전","자치단체경상보조","문화체육관광부","지역균형발전특별회계","지역자율계정","문화및관광","문화예술","예술의 진흥 및 생활화, 산업화","공연 및 전통예술 진흥기반 구축","지역 공연예술 인프라 조성(자율)","대구국제뮤지컬페스티벌 개최지원","1700000","1700000","1233030","100.0","72.5"
"2026","자치단체이전","자치단체경상보조","문화체육관광부","지역균형발전특별회계","지역자율계정","문화및관광","문화예술","지역문화 진흥 및 문화기반 조성","박물관 정책 활성화","공공도서관 개관시간 연장(자율)","공공도서관 개관시간 연장(지역자율)","26621000","25552555","13005219","96.0","50.9"
"2026","자치단체이전","자치단체경상보조","문화체육관광부","지역균형발전특별회계","지역자율계정","문화및관광","문화예술","지역문화 진흥 및 문화기반 조성","문화도시 조성(지역자율)","문화도시 조성(자율)","문화도시 조성 지원(자율)","18000000","13985000","3656742","77.7","26.1"
"2026","자치단체이전","자치단체경상보조","문화체육관광부","지역균형발전특별회계","지역자율계정","문화및관광","문화예술","지역문화 진흥 및 문화기반 조성","문화도시 조성(지역자율)","대한민국 문화도시 조성(자율)","대한민국 문화도시 조성(지역자율)","46000000","27715000","4803038","60.3","17.3"
"2026","자치단체이전","자치단체경상보조","문화체육관광부","지역균형발전특별회계","지역자율계정","문화및관광","관광","관광진흥기반확충","광역관광자원개발","광역권 관광개발(자율)","[서부내륙]성지혜윰길","752000","420000","74858","55.9","17.8"
"2026","자치단체이전","자치단체경상보조","문화체육관광부","지역균형발전특별회계","지역자율계정","문화및관광","관광","관광진흥기반확충","광역관광자원개발","광역권 관광개발(자율)","[서부내륙]근대문화유산배움코스(충남,전북)","326000","180000","69487","55.2","38.6"
"2026","자치단체이전","자치단체경상보조","문화체육관광부","지역균형발전특별회계","지역자율계정","문화및관광","관광","관광진흥기반확충","광역관광자원개발","광역권 관광개발(자율)","[서부내륙]비단가람온길레저코스(충남, 전북)","415000","220000","41480","53.0","18.9"
"2026","자치단체이전","자치단체경상보조","문화체육관광부","지역균형발전특별회계","지역자율계정","문화및관광","관광","관광진흥기반확충","광역관광자원개발","광역권 관광개발(자율)","[서부내륙]시나브로치유길(충남,전북)","252000","135000","85250","53.6","63.1"
"2026","자치단체이전","자치단체경상보조","문화체육관광부","지역균형발전특별회계","지역자율계정","문화및관광","관광","관광진흥기반확충","광역관광자원개발","광역권 관광개발(자율)","[서부내륙]서부내륙권 특화브랜드 개발(충남, 전북)","120000","80000","0","66.7","0.0"
"2026","자치단체이전","자치단체경상보조","문화체육관광부","지역균형발전특별회계","지역자율계정","문화및관광","관광","관광진흥기반확충","광역관광자원개발","광역권 관광개발(자율)","[서부내륙]서부내륙권 통합 홍보마케팅(충남,전북)","900000","530000","77887","58.9","14.7"
"2026","자치단체이전","자치단체경상보조","문화체육관광부","지역균형발전특별회계","지역자율계정","문화및관광","관광","관광진흥기반확충","광역관광자원개발","광역권 관광개발(자율)","[서부내륙]4색이음 관광상품 개발(충남,전북)","600000","350000","54151","58.3","15.5"
"2026","자치단체이전","자치단체경상보조","문화체육관광부","지역균형발전특별회계","지역자율계정","문화및관광","관광","관광진흥기반확충","광역관광자원개발","광역권 관광개발(자율)","[서부내륙]미식기행 관광상품 개발(충남,전북)","700000","400000","38407","57.1","9.6"
"2026","자치단체이전","자치단체경상보조","문화체육관광부","지역균형발전특별회계","지역자율계정","문화및관광","관광","관광진흥기반확충","광역관광자원개발","광역권 관광개발(자율)","[서부내륙]특화체험 관광상품 육성(충남,전북)","500000","300000","84486","60.0","28.2"
"2026","자치단체이전","자치단체경상보조","문화체육관광부","지역균형발전특별회계","지역자율계정","문화및관광","관광","관광진흥기반확충","광역관광자원개발","광역권 관광개발(자율)","[서부내륙]성과관리 및 활성화 컨설팅(충남,전북)","500000","300000","103158","60.0","34.4"
"2026","자치단체이전","자치단체경상보조","문화체육관광부","지역균형발전특별회계","지역자율계정","문화및관광","관광","관광진흥기반확충","광역관광자원개발","광역권 관광개발(자율)","[충청유교]효(孝)문화뿌리마을조성(대전)(진흥)","250000","0","0","0.0","0"
"2026","자치단체이전","자치단체경상보조","문화체육관광부","지역균형발전특별회계","지역자율계정","문화및관광","관광","관광진흥기반확충","광역관광자원개발","광역권 관광개발(자율)","[충청유교]충청유교 탐방프로그램 개발(진흥)","133000","133000","42393","100.0","31.9"
"2026","자치단체이전","자치단체경상보조","문화체육관광부","지역균형발전특별회계","지역자율계정","문화및관광","관광","관광진흥기반확충","광역관광자원개발","광역권 관광개발(자율)","[충청유교]충청양반밥상 관광상품화","200000","200000","31363","100.0","15.7"
"2026","자치단체이전","자치단체경상보조","문화체육관광부","지역균형발전특별회계","지역자율계정","문화및관광","관광","관광진흥기반확충","광역관광자원개발","광역권 관광개발(자율)","[충청유교]문화산수 충청유람 관광상품 ","270000","270000","27617","100.0","10.2"
"2026","자치단체이전","자치단체경상보조","문화체육관광부","지역균형발전특별회계","지역자율계정","문화및관광","관광","관광진흥기반확충","광역관광자원개발","광역권 관광개발(자율)","[충청유교]충청유교 브랜드형 '오마이갓파티'","265000","265000","1386","100.0","0.5"
"2026","자치단체이전","자치단체경상보조","문화체육관광부","지역균형발전특별회계","지역자율계정","문화및관광","관광","관광진흥기반확충","광역관광자원개발","광역권 관광개발(자율)","[충청유교]충청유교 통합관광브랜드 개발(진흥)","124000","124000","17184","100.0","13.9"
"2026","자치단체이전","자치단체경상보조","문화체육관광부","지역균형발전특별회계","지역자율계정","문화및관광","관광","관광진흥기반확충","광역관광자원개발","광역권 관광개발(자율)","[충청유교]충청유교문화 콘텐츠 원형 발굴","262000","262000","78000","100.0","29.8"
"2026","자치단체이전","자치단체경상보조","문화체육관광부","지역균형발전특별회계","지역자율계정","문화및관광","관광","관광진흥기반확충","광역관광자원개발","광역권 관광개발(자율)","[충청유교]충청유교문화 통합 디지털 플랫폼 구축 ","175000","175000","31698","100.0","18.1"
"2026","자치단체이전","자치단체경상보조","문화체육관광부","지역균형발전특별회계","지역자율계정","문화및관광","관광","관광진흥기반확충","광역관광자원개발","광역권 관광개발(자율)","[남부권]K-콘텐츠기반관광생태계고도화지원(부산)","1350000","1250000","193166","92.6","15.5"
"2026","자치단체이전","자치단체경상보조","문화체육관광부","지역균형발전특별회계","지역자율계정","문화및관광","관광","관광진흥기반확충","광역관광자원개발","광역권 관광개발(자율)","[남부권]광역관광루트상품화기반구축(부산)","80000","80000","0","100.0","0.0"
"2026","자치단체이전","자치단체경상보조","문화체육관광부","지역균형발전특별회계","지역자율계정","문화및관광","관광","관광진흥기반확충","광역관광자원개발","광역권 관광개발(자율)","[남부권]남부권통합협의체및통합관리체계구축(부산)","100000","100000","0","100.0","0.0"
"2026","자치단체이전","자치단체경상보조","문화체육관광부","지역균형발전특별회계","지역자율계정","문화및관광","관광","관광진흥기반확충","광역관광자원개발","광역권 관광개발(자율)","[남부권]관광스테이연계K-야간관광상품화(부산)","120000","120000","37492","100.0","31.2"
"2026","자치단체이전","자치단체경상보조","문화체육관광부","지역균형발전특별회계","지역자율계정","문화및관광","관광","관광진흥기반확충","광역관광자원개발","광역권 관광개발(자율)","[남부권]무등산권역지오달밤스테이상품화(광주)","483000","200000","5703","41.4","2.9"
"2026","자치단체이전","자치단체경상보조","문화체육관광부","지역균형발전특별회계","지역자율계정","문화및관광","관광","관광진흥기반확충","광역관광자원개발","광역권 관광개발(자율)","[남부권]남도미식프리미엄투어상품화(광주)","520000","200000","0","38.5","0.0"
"2026","자치단체이전","자치단체경상보조","문화체육관광부","지역균형발전특별회계","지역자율계정","문화및관광","관광","관광진흥기반확충","광역관광자원개발","광역권 관광개발(자율)","[남부권]광역관광루트상품화기반구축(광주)","50000","50000","0","100.0","0.0"
"2026","자치단체이전","자치단체경상보조","문화체육관광부","지역균형발전특별회계","지역자율계정","문화및관광","관광","관광진흥기반확충","광역관광자원개발","광역권 관광개발(자율)","[남부권]남부권통합협의체및통합관리체계구축(광주)","100000","100000","0","100.0","0.0"
"2026","자치단체이전","자치단체경상보조","문화체육관광부","지역균형발전특별회계","지역자율계정","문화및관광","관광","관광진흥기반확충","광역관광자원개발","광역권 관광개발(자율)","[남부권]광역관광루트상품화기반구축(울산)","50000","50000","0","100.0","0.0"
"2026","자치단체이전","자치단체경상보조","문화체육관광부","지역균형발전특별회계","지역자율계정","문화및관광","관광","관광진흥기반확충","광역관광자원개발","광역권 관광개발(자율)","[남부권]남부권통합협의체및통합관리체계구축(울산)","100000","100000","0","100.0","0.0"
"2026","자치단체이전","자치단체경상보조","문화체육관광부","지역균형발전특별회계","지역자율계정","문화및관광","관광","관광진흥기반확충","광역관광자원개발","광역권 관광개발(자율)","[남부권]남도고택달밤스테이상품화(전남)","624000","187000","11592","30.0","6.2"
"2026","자치단체이전","자치단체경상보조","문화체육관광부","지역균형발전특별회계","지역자율계정","문화및관광","관광","관광진흥기반확충","광역관광자원개발","광역권 관광개발(자율)","[남부권]명가명인연계남도한상상품화(전남)","429000","128000","12289","29.8","9.6"
"2026","자치단체이전","자치단체경상보조","문화체육관광부","지역균형발전특별회계","지역자율계정","문화및관광","관광","관광진흥기반확충","광역관광자원개발","광역권 관광개발(자율)","[남부권]섬진강스테이특화상품육성(전남)","401000","399000","7575","99.5","1.9"
"2026","자치단체이전","자치단체경상보조","문화체육관광부","지역균형발전특별회계","지역자율계정","문화및관광","관광","관광진흥기반확충","광역관광자원개발","광역권 관광개발(자율)","[남부권]지리산권웰니스및워케이션상품고도화지원(전남)","484000","0","0","0.0","0"
"2026","자치단체이전","자치단체경상보조","문화체육관광부","지역균형발전특별회계","지역자율계정","문화및관광","관광","관광진흥기반확충","광역관광자원개발","광역권 관광개발(자율)","[남부권]지리산권ESG가치여행특화상품육성(전남)","351000","0","0","0.0","0"
"2026","자치단체이전","자치단체경상보조","문화체육관광부","지역균형발전특별회계","지역자율계정","문화및관광","관광","관광진흥기반확충","광역관광자원개발","광역권 관광개발(자율)","[남부권]광역관광루트상품화기반구축(전남)","633000","110000","3332","17.4","3.0"
"2026","자치단체이전","자치단체경상보조","문화체육관광부","지역균형발전특별회계","지역자율계정","문화및관광","관광","관광진흥기반확충","광역관광자원개발","광역권 관광개발(자율)","[남부권]남부권통합협의체및통합관리체계구축(전남)","400000","100000","41835","25.0","41.8"
"2026","자치단체이전","자치단체경상보조","문화체육관광부","지역균형발전특별회계","지역자율계정","문화및관광","관광","관광진흥기반확충","광역관광자원개발","광역권 관광개발(자율)","[남부권]남부권로컬투어랩운영(전남)","533000","533000","134910","100.0","25.3"
"2026","자치단체이전","자치단체경상보조","문화체육관광부","지역균형발전특별회계","지역자율계정","문화및관광","관광","관광진흥기반확충","광역관광자원개발","광역권 관광개발(자율)","[남부권]섬진강스테이특화상품육성(경남)","256000","133000","8692","52.0","6.5"
"2026","자치단체이전","자치단체경상보조","문화체육관광부","지역균형발전특별회계","지역자율계정","문화및관광","관광","관광진흥기반확충","광역관광자원개발","광역권 관광개발(자율)","[남부권]지리산권웰니스및워케이션상품고도화지원(경남)","310000","310000","68316","100.0","22.0"
"2026","자치단체이전","자치단체경상보조","문화체육관광부","지역균형발전특별회계","지역자율계정","문화및관광","관광","관광진흥기반확충","광역관광자원개발","광역권 관광개발(자율)","[남부권]지리산권ESG가치여행특화상품육성(경남)","225000","225000","0","100.0","0.0"
"2026","자치단체이전","자치단체경상보조","문화체육관광부","지역균형발전특별회계","지역자율계정","문화및관광","관광","관광진흥기반확충","광역관광자원개발","광역권 관광개발(자율)","[남부권]K-관광명소상품화(경남)","600000","600000","294238","100.0","49.0"
"2026","자치단체이전","자치단체경상보조","문화체육관광부","지역균형발전특별회계","지역자율계정","문화및관광","관광","관광진흥기반확충","광역관광자원개발","광역권 관광개발(자율)","[남부권]K-거상관광루트상품화(경남)","715000","715000","19428","100.0","2.7"
"2026","자치단체이전","자치단체경상보조","문화체육관광부","지역균형발전특별회계","지역자율계정","문화및관광","관광","관광진흥기반확충","광역관광자원개발","광역권 관광개발(자율)","[남부권]광역관광루트상품화기반구축(경남)","110000","110000","0","100.0","0.0"
"2026","자치단체이전","자치단체경상보조","문화체육관광부","지역균형발전특별회계","지역자율계정","문화및관광","관광","관광진흥기반확충","광역관광자원개발","광역권 관광개발(자율)","[남부권]남부권통합협의체및통합관리체계구축(경남)","106000","100000","8455","94.3","8.5"
"2026","자치단체이전","자치단체경상보조","문화체육관광부","지역균형발전특별회계","지역자율계정","문화및관광","관광","관광진흥기반확충","광역관광자원개발","광역권 관광개발(자율)","[남부권]남부권로컬투어랩운영(경남)","200000","200000","38874","100.0","19.4"
"2026","자치단체이전","자치단체경상보조","문화체육관광부","지역균형발전특별회계","지역자율계정","문화및관광","관광","관광진흥기반확충","광역관광자원개발","광역권 관광개발(자율)","충청유교문화권 광역관광개발 ","0","0","0","0","0"
"2026","자치단체이전","자치단체경상보조","문화체육관광부","지역균형발전특별회계","지역자율계정","문화및관광","관광","관광진흥기반확충","광역관광자원개발","광역권 관광개발(자율)","[남부권]자란관광만구축(T-UAM)(고성)_진흥","50000","0","0","0.0","0"
"2026","자치단체이전","자치단체경상보조","문화체육관광부","지역균형발전특별회계","지역자율계정","문화및관광","관광","관광진흥기반확충","광역관광자원개발","광역권 관광개발(자율)","[남부권]통영관광만구축(T-UAM)(통영)_진흥","125000","0","52835","0.0","0"
"2026","자치단체이전","자치단체경상보조","문화체육관광부","지역균형발전특별회계","지역자율계정","문화및관광","관광","관광진흥기반확충","광역관광자원개발","지역관광 다양성 사업(자율)","섬 관광 활성화(경상)","1756000","300000","1146740","17.1","382.2"
"2026","자치단체이전","자치단체경상보조","문화체육관광부","지역균형발전특별회계","지역자율계정","문화및관광","관광","관광진흥기반확충","관광자원활성화","관광자원 기반조성(자율)","국제온천지구 관광거점 조성(대전 유성-경상)","770000","385000","364276","50.0","94.6"
"2026","자치단체이전","자치단체경상보조","문화체육관광부","지역균형발전특별회계","지역자율계정","문화및관광","관광","관광진흥기반확충","관광자원활성화","관광자원 기반조성(자율)","이순신장군 승전지 순례길 프로젝트(경상) ","0","0","0","0","0"
"2026","자치단체이전","자치단체경상보조","문화체육관광부","지역균형발전특별회계","지역자율계정","문화및관광","관광","관광진흥기반확충","관광자원활성화","폐광지역 관광산업 활성화(자율)","폐광지역 관광산업 활성화 지원(강원, 경상보조)","1200000","1200000","1200000","100.0","100.0"
"2026","자치단체이전","자치단체경상보조","문화체육관광부","지역균형발전특별회계","지역자율계정","문화및관광","관광","국내관광활성화","관광인프라 조성","생태녹색관광활성화(자율)","생태테마 관광자원화(지자체 경상)","1193000","881000","423249","73.8","48.0"
"2026","자치단체이전","자치단체경상보조","문화체육관광부","지역균형발전특별회계","지역자율계정","문화및관광","관광","국내관광활성화","관광인프라 조성","생태녹색관광활성화(자율)","문화콘텐츠 접목 노후관광시설 재생(지자체 경상)","105000","74000","113789","70.5","153.8"
"2026","자치단체이전","자치단체경상보조","문화체육관광부","지역균형발전특별회계","지역자율계정","문화및관광","관광","국내관광활성화","국내관광육성지원","레저스포츠관광활성화(자율)","레저스포츠관광 활성화(경상)","1090000","816500","382738","74.9","46.9"
"2026","자치단체이전","자치단체경상보조","문화체육관광부","지역균형발전특별회계","지역자율계정","문화및관광","관광","관광산업 활성화","관광산업 활성화 지원","야영장 안전 및 활성화지원(자율)","야영장 활성화 프로그램 지원","525000","93000","9250","17.7","9.9"
"2026","자치단체이전","자치단체경상보조","문화체육관광부","지역균형발전특별회계","지역지원계정","문화및관광","문화예술","콘텐츠산업 육성","문화콘텐츠산업 진흥 환경 조성","지역콘텐츠산업 균형발전 지원","지역 디지털 콘텐츠 지원","900000","900000","0","100.0","0.0"
"2026","자치단체이전","자치단체경상보조","문화체육관광부","지역균형발전특별회계","지역지원계정","문화및관광","문화예술","지역문화 진흥 및 문화기반 조성","지역문화 진흥","국민문화활동지원","영호남 문화예술관광박람회","400000","400000","15000","100.0","3.8"
"2026","자치단체이전","자치단체경상보조","문화체육관광부","지역균형발전특별회계","지역지원계정","문화및관광","문화예술","지역문화 진흥 및 문화기반 조성","지역문화 진흥","국민문화활동지원","문화가 있는 날 기획프로그램 운영","1000000","500000","0","50.0","0.0"
"2026","자치단체이전","자치단체경상보조","문화체육관광부","지역균형발전특별회계","지역지원계정","문화및관광","문화예술","지역문화 진흥 및 문화기반 조성","문화도시 조성(지역지원)","대한민국 문화도시 조성(지역지원)","대한민국 문화도시 조성 지원(지역지원)","0","0","856302","0","0"
"2026","자치단체이전","자치단체경상보조","문화체육관광부","지역균형발전특별회계","지역지원계정","문화및관광","관광","관광진흥기반확충","광역관광자원개발","서부내륙권 광역관광개발(지역지원)","시나브로치유길","0","0","0","0","0"
"2026","자치단체이전","자치단체경상보조","문화체육관광부","지역균형발전특별회계","지역지원계정","문화및관광","관광","관광진흥기반확충","광역관광자원개발","서부내륙권 광역관광개발(지역지원)","서부내륙권 지역관광생태계 구축(서부내륙권 사업 성과관리 및 활성화 컨설팅)","0","0","0","0","0"
"2026","자치단체이전","자치단체경상보조","문화체육관광부","지역균형발전특별회계","지역지원계정","문화및관광","관광","관광진흥기반확충","광역관광자원개발","충청유교문화권 광역관광개발(지역지원)","충청유교 탐방프로그램 개발(진흥)","0","0","0","0","0"
"2026","자치단체이전","자치단체경상보조","문화체육관광부","지역균형발전특별회계","지역지원계정","문화및관광","관광","관광진흥기반확충","광역관광자원개발","충청유교문화권 광역관광개발(지역지원)","충청유교 통합관광브랜드 개발(진흥)","0","0","0","0","0"
"2026","자치단체이전","자치단체경상보조","문화체육관광부","지역균형발전특별회계","지역지원계정","문화및관광","관광","관광진흥기반확충","광역관광자원개발","충청유교문화권 광역관광개발(지역지원)","토정비결체험관(보령)_진흥","0","0","0","0","0"
"2026","자치단체이전","자치단체경상보조","문화체육관광부","지역균형발전특별회계","지역지원계정","문화및관광","관광","관광진흥기반확충","광역관광자원개발","충청유교문화권 광역관광개발(지역지원)","명승문화마을(단양)_진흥","0","0","0","0","0"
"2026","자치단체이전","자치단체경상보조","문화체육관광부","지역균형발전특별회계","지역지원계정","문화및관광","관광","관광진흥기반확충","광역관광자원개발","충청유교문화권 광역관광개발(지역지원)","송강문화창조마을(진천)_진흥","0","0","100100","0","0"
"2026","자치단체이전","자치단체경상보조","문화체육관광부","지역균형발전특별회계","지역지원계정","문화및관광","관광","관광진흥기반확충","광역관광자원개발","충청유교문화권 광역관광개발(지역지원)","문화산수구곡관광길(보은)_진흥","0","0","0","0","0"
"2026","자치단체이전","자치단체경상보조","문화체육관광부","지역균형발전특별회계","지역지원계정","문화및관광","관광","관광진흥기반확충","광역관광자원개발","충청유교문화권 광역관광개발(지역지원)","선비충의문화관(청양)_진흥","0","0","0","0","0"
"2026","자치단체이전","자치단체경상보조","문화체육관광부","지역균형발전특별회계","지역지원계정","문화및관광","관광","관광진흥기반확충","광역관광자원개발","충청유교문화권 광역관광개발(지역지원)","사주당태교랜드(청주)_진흥","0","0","0","0","0"
"2026","자치단체이전","자치단체경상보조","문화체육관광부","지역균형발전특별회계","지역지원계정","문화및관광","관광","관광진흥기반확충","광역관광자원개발","충청유교문화권 광역관광개발(지역지원)","추사서예창의마을(예산)","0","0","0","0","0"
"2026","자치단체이전","자치단체경상보조","문화체육관광부","지역균형발전특별회계","지역지원계정","문화및관광","관광","관광진흥기반확충","광역관광자원개발","충청유교문화권 광역관광개발(지역지원)","충청양반밥상 관광상품화","0","0","0","0","0"
"2026","자치단체이전","자치단체경상보조","문화체육관광부","지역균형발전특별회계","지역지원계정","문화및관광","관광","관광진흥기반확충","광역관광자원개발","충청유교문화권 광역관광개발(지역지원)","문화산수 충청유람 관광상품 ","0","0","0","0","0"
"2026","자치단체이전","자치단체경상보조","문화체육관광부","지역균형발전특별회계","지역지원계정","문화및관광","관광","관광진흥기반확충","광역관광자원개발","충청유교문화권 광역관광개발(지역지원)","충청유교 브랜드형 '오마이갓파티'","0","0","0","0","0"
"2026","자치단체이전","자치단체경상보조","문화체육관광부","지역균형발전특별회계","지역지원계정","문화및관광","관광","관광진흥기반확충","광역관광자원개발","충청유교문화권 광역관광개발(지역지원)","충청유교문화 콘텐츠 원형 발굴","0","0","0","0","0"
"2026","자치단체이전","자치단체경상보조","문화체육관광부","지역균형발전특별회계","지역지원계정","문화및관광","관광","관광진흥기반확충","광역관광자원개발","충청유교문화권 광역관광개발(지역지원)","충청유교문화 통합 디지털 플랫폼 구축 ","0","0","0","0","0"
"2026","자치단체이전","자치단체경상보조","문화체육관광부","지역균형발전특별회계","지역지원계정","문화및관광","관광","관광진흥기반확충","광역관광자원개발","충청유교문화권 광역관광개발(지역지원)","충청유교문화권 관광진흥사업 통합관리 및컨설팅 ","0","0","0","0","0"
"2026","자치단체이전","자치단체경상보조","문화체육관광부","지역균형발전특별회계","지역지원계정","문화및관광","관광","관광진흥기반확충","광역관광자원개발","남부권 광역관광개발"," K-거상관광루트상품화(경남)_25년 이월","0","0","0","0","0"
"2026","자치단체이전","자치단체경상보조","문화체육관광부","지역균형발전특별회계","지역지원계정","문화및관광","관광","관광진흥기반확충","광역관광자원개발","남부권 광역관광개발","지리산권웰니스및워케이션상품고도화지원(경남)_25년 이월","0","0","0","0","0"
"2026","자치단체이전","자치단체경상보조","문화체육관광부","지역균형발전특별회계","지역지원계정","문화및관광","관광","관광진흥기반확충","광역관광자원개발","남부권 광역관광개발","지리산권ESG가치여행특화상품육성(경남)_25년 이월","0","0","0","0","0"
"2026","자치단체이전","자치단체경상보조","문화체육관광부","지역균형발전특별회계","지역지원계정","문화및관광","관광","관광진흥기반확충","광역관광자원개발","지역관광 다양성 사업","섬 관광 활성화(경상)","0","0","0","0","0"
"2026","자치단체이전","자치단체경상보조","문화체육관광부","지역균형발전특별회계","지역지원계정","문화및관광","관광","관광진흥기반확충","관광자원활성화","관광자원 기반조성","관광레저도시 지원 및 콘텐츠 지원","150000","150000","20350","100.0","13.6"
"2026","자치단체이전","자치단체경상보조","문화체육관광부","지역균형발전특별회계","지역지원계정","문화및관광","관광","관광진흥기반확충","관광자원활성화","관광자원 기반조성","계획공모형 지역관광개발(경상보조)","3052500","3052500","684199","100.0","22.4"
"2026","자치단체이전","자치단체경상보조","문화체육관광부","지역균형발전특별회계","지역지원계정","문화및관광","관광","관광진흥기반확충","관광자원활성화","관광자원 기반조성","국제온천지구 관광거점 조성(대전 유성)","0","0","0","0","0"
"2026","자치단체이전","자치단체경상보조","문화체육관광부","지역균형발전특별회계","지역지원계정","문화및관광","관광","관광진흥기반확충","관광자원활성화","관광자원 기반조성","이순신장군 승전지 순례길 프로젝트(경상)","0","0","0","0","0"
"2026","자치단체이전","자치단체경상보조","문화체육관광부","지역균형발전특별회계","지역지원계정","문화및관광","관광","관광진흥기반확충","관광자원활성화","폐광지역 관광산업 활성화","폐광지역 관광산업 활성화 사업 지원(강원도, 경상보조)","0","0","0","0","0"
"2026","자치단체이전","자치단체경상보조","문화체육관광부","지역균형발전특별회계","지역지원계정","문화및관광","관광","국내관광활성화","관광인프라 조성","전통문화체험 지원","전통문화체험시설 지원(선비문화체험 연수)","3080000","2156000","1702261","70.0","79.0"
"2026","자치단체이전","자치단체경상보조","문화체육관광부","지역균형발전특별회계","지역지원계정","문화및관광","관광","국내관광활성화","관광인프라 조성","전통문화체험 지원","전통문화체험시설 지원(퇴계 선생 마지막 귀향길 재현)","500000","500000","389153","100.0","77.8"
"2026","자치단체이전","자치단체경상보조","문화체육관광부","지역균형발전특별회계","지역지원계정","문화및관광","관광","국내관광활성화","관광인프라 조성","도시관광 및 산업관광 활성화","관광거점도시 육성(경상보조)","0","0","1477189","0","0"
"2026","자치단체이전","자치단체경상보조","문화체육관광부","지역균형발전특별회계","지역지원계정","문화및관광","관광","관광산업 활성화","관광산업 활성화 지원","지역 의료관광활성화지원","웰니스관광 클러스터 활성화(지역 의료관광 활성화 지원)","2700000","1896000","141573","70.2","7.5"
"2026","자치단체이전","자치단체경상보조","법무부","범죄피해자보호기금"," ","공공질서및안전","법무및검찰","인권활동","성폭력피해자 보호 및 지원","성폭력 피해자 지원","성폭력 피해자 지원(경상보조)","40037000","36033300","25718676","90.0","71.4"
"2026","자치단체이전","자치단체경상보조","법무부","일반회계"," ","공공질서및안전","법무및검찰","출입국관리","외국인체류관리","외국인사회통합지원","창업이민 인재양성프로그램(지자체)","133200","133200","41977","100.0","31.5"
"2026","자치단체이전","자치단체경상보조","보건복지부","국민건강증진기금","국민건강증진계정","사회복지","취약계층지원","장애인생활안정 및 재활 지원","장애인의료재활지원(국민건강증진기금)","권역재활병원 지원","권역재활병원 공공재활프로그램 운영지원","558000","488250","237195","87.5","48.6"
"2026","자치단체이전","자치단체경상보조","보건복지부","국민건강증진기금","국민건강증진계정","사회복지","취약계층지원","장애인생활안정 및 재활 지원","장애인의료재활지원(국민건강증진기금)","공공어린이재활병원?센터 지원","공공어린이재활병원센터 운영지원","2650000","2088000","1029453","78.8","49.3"
"2026","자치단체이전","자치단체경상보조","보건복지부","국민건강증진기금","국민건강증진계정","사회복지","취약계층지원","장애인생활안정 및 재활 지원","장애인의료재활지원(국민건강증진기금)","공공어린이재활병원?센터 지원","공공어린이재활병원센터 공공재활프로그램 운영지원","870000","720000","355838","82.8","49.4"
"2026","자치단체이전","자치단체경상보조","보건복지부","국민건강증진기금","국민건강증진계정","사회복지","아동·보육","저출산대응및인구정책지원","모자보건사업","모자보건사업","청소년산모 임신출산 의료비 지원","255000","124000","150827","48.6","121.6"
"2026","자치단체이전","자치단체경상보조","보건복지부","국민건강증진기금","국민건강증진계정","사회복지","아동·보육","저출산대응및인구정책지원","모자보건사업","모자보건사업","고위험 임산부 의료비 지원","5600000","5600000","4394411","100.0","78.5"
"2026","자치단체이전","자치단체경상보조","보건복지부","국민건강증진기금","국민건강증진계정","사회복지","아동·보육","저출산대응및인구정책지원","모자보건사업","모자보건사업","모자보건사업  보조인력비","1036000","1036000","710424","100.0","68.6"
"2026","자치단체이전","자치단체경상보조","보건복지부","국민건강증진기금","국민건강증진계정","사회복지","아동·보육","저출산대응및인구정책지원","모자보건사업","모자보건사업","권역 난임·임산부심리상담센터","1490000","990000","682160","66.4","68.9"
"2026","자치단체이전","자치단체경상보조","보건복지부","국민건강증진기금","국민건강증진계정","사회복지","아동·보육","저출산대응및인구정책지원","모자보건사업","모자보건사업","생애 초기 건강관리 사업","5108000","3452000","2788549","67.6","80.8"
"2026","자치단체이전","자치단체경상보조","보건복지부","국민건강증진기금","국민건강증진계정","사회복지","아동·보육","저출산대응및인구정책지원","모자보건사업","모자보건사업","냉동난자 사용 보조생식술 지원","0","0","0","0","0"
"2026","자치단체이전","자치단체경상보조","보건복지부","국민건강증진기금","국민건강증진계정","사회복지","아동·보육","저출산대응및인구정책지원","모자보건사업","모자보건사업","임신 사전건강관리 지원","16363000","16217636","15425499","99.1","95.1"
"2026","자치단체이전","자치단체경상보조","보건복지부","국민건강증진기금","국민건강증진계정","사회복지","아동·보육","저출산대응및인구정책지원","모자보건사업","모자보건사업","영구 불임 예상 난자·정자 냉동 지원","582000","425000","327689","73.0","77.1"
"2026","자치단체이전","자치단체경상보조","보건복지부","국민건강증진기금","국민건강증진계정","사회복지","아동·보육","저출산대응및인구정책지원","모자보건사업","영유아 사전예방적 건강관리","미숙아 및 선천성이상아 의료비 지원","6411000","6411000","4591054","100.0","71.6"
"2026","자치단체이전","자치단체경상보조","보건복지부","국민건강증진기금","국민건강증진계정","사회복지","아동·보육","저출산대응및인구정책지원","모자보건사업","영유아 사전예방적 건강관리","선천성 대사이상 검사 및 환아관리","2888000","2888000","2135829","100.0","74.0"
"2026","자치단체이전","자치단체경상보조","보건복지부","국민건강증진기금","국민건강증진계정","사회복지","아동·보육","저출산대응및인구정책지원","모자보건사업","영유아 사전예방적 건강관리","선천성 난청검사 및 보청기 지원","400000","400000","263838","100.0","66.0"
"2026","자치단체이전","자치단체경상보조","보건복지부","국민건강증진기금","국민건강증진계정","사회복지","노인","노인의료보장","치매관리사업지원","치매관리체계 구축","공립요양병원 확충 BTL 정부지급금","3838000","3751000","2224340","97.7","59.3"
"2026","자치단체이전","자치단체경상보조","보건복지부","국민건강증진기금","국민건강증진계정","사회복지","노인","노인의료보장","치매관리사업지원","치매관리체계 구축","치매안심센터 운영지원","156665000","156665000","83284525","100.0","53.2"
"2026","자치단체이전","자치단체경상보조","보건복지부","국민건강증진기금","국민건강증진계정","사회복지","노인","노인의료보장","치매관리사업지원","치매관리체계 구축","공립요양병원 공공보건사업(치매환자지원프로그램) 운영 지원","3876000","3876000","1596920","100.0","41.2"
"2026","자치단체이전","자치단체경상보조","보건복지부","국민건강증진기금","국민건강증진계정","사회복지","노인","노인의료보장","치매관리사업지원","치매관리체계 구축","광역치매센터 운영","7963000","7963000","4108897","100.0","51.6"
"2026","자치단체이전","자치단체경상보조","보건복지부","국민건강증진기금","국민건강증진계정","사회복지","노인","노인의료보장","치매관리사업지원","치매관리체계 구축","치매공공후견 지원","646000","646000","340018","100.0","52.6"
"2026","자치단체이전","자치단체경상보조","보건복지부","국민건강증진기금","국민건강증진계정","사회복지","노인","노인의료보장","노인건강관리","노인건강관리","요실금 치료 지원 사업","360000","66250","3642","18.4","5.5"
"2026","자치단체이전","자치단체경상보조","보건복지부","국민건강증진기금","국민건강증진계정","보건","보건의료","공공보건의료확충","국가암관리사업지원","국가암관리","암검진 국비보조(자치단체경상보조)","90813000","90813000","78043185","100.0","85.9"
"2026","자치단체이전","자치단체경상보조","보건복지부","국민건강증진기금","국민건강증진계정","보건","보건의료","공공보건의료확충","국가암관리사업지원","국가암관리","균등한 암관리기반구축(지역암센터, 암생존자)","2800000","2800000","1421763","100.0","50.8"
"2026","자치단체이전","자치단체경상보조","보건복지부","국민건강증진기금","국민건강증진계정","보건","보건의료","국민건강생활실천","보건소건강증진","건강증진사업관리","통합건강증진사업","47552000","40419200","27674209","85.0","68.5"
"2026","자치단체이전","자치단체경상보조","보건복지부","국민건강증진기금","국민건강증진계정","보건","보건의료","국민건강생활실천","만성질환예방관리","국가건강검진사업 운영","의료급여수급권자 일반건강검진 지원","9914000","9914000","10503277","100.0","105.9"
"2026","자치단체이전","자치단체경상보조","보건복지부","국민건강증진기금","국민건강증진계정","보건","보건의료","국민건강생활실천","만성질환예방관리","국가건강검진사업 운영","영유아 발달 정밀검사비 지원","595000","595000","572146","100.0","96.2"
"2026","자치단체이전","자치단체경상보조","보건복지부","국민건강증진기금","국민건강증진계정","보건","보건의료","국민건강생활실천","만성질환예방관리","국가건강검진사업 운영","의료급여수급권자 영유아건강검진 지원","483000","483000","480667","100.0","99.5"
"2026","자치단체이전","자치단체경상보조","보건복지부","국민건강증진기금","국민건강증진계정","보건","보건의료","국민건강생활실천","만성질환예방관리","국가건강검진사업 운영","의료급여수급자건강검진 사업운영비","254000","254000","202236","100.0","79.6"
"2026","자치단체이전","자치단체경상보조","보건복지부","국민건강증진기금","국민건강증진계정","보건","보건의료","국민건강생활실천","금연사업","국가금연지원서비스","학교흡연예방사업","15555000","15483016","8628070","99.5","55.7"
"2026","자치단체이전","자치단체경상보조","보건복지부","국민건강증진기금","국민건강증진계정","보건","보건의료","국민건강생활실천","금연사업","국가금연지원서비스","지역사회중심금연지원서비스","29295000","29295000","17319772","100.0","59.1"
"2026","자치단체이전","자치단체경상보조","보건복지부","국민건강증진기금","국민건강증진계정","보건","보건의료","국민건강생활실천","금연사업","국가금연지원서비스","저소득층 금연치료지원사업","2690000","2690000","1731668","100.0","64.4"
"2026","자치단체이전","자치단체경상보조","보건복지부","국민건강증진기금","국민건강증진계정","보건","보건의료","국민건강생활실천","정신건강증진사업","정신건강 증진사업","광역정신건강복지센터 운영","2287000","1902282","995838","83.2","52.3"
"2026","자치단체이전","자치단체경상보조","보건복지부","국민건강증진기금","국민건강증진계정","보건","보건의료","국민건강생활실천","정신건강증진사업","정신건강 증진사업","기초정신건강복지센터 운영","5877000","4888144","3885062","83.2","79.5"
"2026","자치단체이전","자치단체경상보조","보건복지부","국민건강증진기금","국민건강증진계정","보건","보건의료","국민건강생활실천","정신건강증진사업","정신건강 증진사업","정신건강복지센터 인력지원","89383983","75836281","60063183","84.8","79.2"
"2026","자치단체이전","자치단체경상보조","보건복지부","국민건강증진기금","국민건강증진계정","보건","보건의료","국민건강생활실천","정신건강증진사업","정신건강 증진사업","통합정신건강증진사업","34444000","28454927","19120237","82.6","67.2"
"2026","자치단체이전","자치단체경상보조","보건복지부","국민건강증진기금","국민건강증진계정","보건","보건의료","국민건강생활실천","정신건강증진사업","정신건강 증진사업","노숙자 등 중독자사례관리","300000","285000","172434","95.0","60.5"
"2026","자치단체이전","자치단체경상보조","보건복지부","국민건강증진기금","국민건강증진계정","보건","보건의료","국민건강생활실천","정신건강증진사업","정신건강 증진사업","세월호 피해자 트라우마센터","3434000","3434000","2403800","100.0","70.0"
"2026","자치단체이전","자치단체경상보조","보건복지부","국민건강증진기금","국민건강증진계정","보건","보건의료","국민건강생활실천","정신건강증진사업","자살예방 및 생명존중 문화조성","자살 유족 지원사업","8090000","4984000","4058579","61.6","81.4"
"2026","자치단체이전","자치단체경상보조","보건복지부","국민건강증진기금","국민건강증진계정","보건","보건의료","국민건강생활실천","정신건강증진사업","자살예방 및 생명존중 문화조성","자살예방센터 자살예방사업 인력 지원","16799000","16799000","10111371","100.0","60.2"
"2026","자치단체이전","자치단체경상보조","보건복지부","국민건강증진기금","국민건강증진계정","보건","보건의료","국민건강생활실천","정신건강증진사업","자살예방 및 생명존중 문화조성","자살예방사업(지정)","1001000","958800","514150","95.8","53.6"
"2026","자치단체이전","자치단체경상보조","보건복지부","국민건강증진기금","국민건강증진계정","보건","보건의료","국민건강생활실천","정신건강증진사업","자살예방 및 생명존중 문화조성","자살예방사업","4524000","4524000","3004083","100.0","66.4"
"2026","자치단체이전","자치단체경상보조","보건복지부","국민건강증진기금","국민건강증진계정","보건","보건의료","국민건강생활실천","정신건강증진사업","자살예방 및 생명존중 문화조성","자살예방 실무자 등 정신건강증진","544000","544000","215782","100.0","39.7"
"2026","자치단체이전","자치단체경상보조","보건복지부","국민건강증진기금","국민건강증진계정","보건","보건의료","국민건강생활실천","정신건강증진사업","자살예방 및 생명존중 문화조성","자살고위험군 치료비 지원사업(청년)","310000","310000","69165","100.0","22.3"
"2026","자치단체이전","자치단체경상보조","보건복지부","국민건강증진기금","국민건강증진계정","보건","보건의료","감염병정책관리","감염병관리 및 지원","감염병예방관리 및 지원","진드기매개 감염병 예방관리(자치단체)","296000","296000","214947","100.0","72.6"
"2026","자치단체이전","자치단체경상보조","보건복지부","국민건강증진기금","국민건강증진계정","보건","보건의료","감염병정책관리","감염병관리 및 지원","감염병예방관리 및 지원","말라리아 퇴치사업","1784000","1784000","1046519","100.0","58.7"
"2026","자치단체이전","자치단체경상보조","보건복지부","국민건강증진기금","국민건강증진계정","보건","보건의료","감염병정책관리","감염병관리 및 지원","감염병예방관리 및 지원","격리대상 감염병환자 격리치료비 지원","270000","135000","30652","50.0","22.7"
"2026","자치단체이전","자치단체경상보조","보건복지부","국민건강증진기금","국민건강증진계정","보건","보건의료","감염병정책관리","감염병관리 및 지원","감염병예방관리 및 지원","해외유입 모기매개감염병관리","80000","80000","52906","100.0","66.1"
"2026","자치단체이전","자치단체경상보조","보건복지부","국민건강증진기금","국민건강증진계정","보건","보건의료","감염병정책관리","감염병관리 및 지원","감염병예방관리 및 지원","시도감염병관리지원단 운영지원","5431000","5426000","2615967","99.9","48.2"
"2026","자치단체이전","자치단체경상보조","보건복지부","국민건강증진기금","국민건강증진계정","보건","보건의료","감염병정책관리","감염병관리 및 지원","감염병예방관리 및 지원","주요감염병 표본감시사업 ","1356000","1353752","731875","99.8","54.1"
"2026","자치단체이전","자치단체경상보조","보건복지부","국민건강증진기금","국민건강증진계정","보건","보건의료","감염병정책관리","감염병관리 및 지원","감염병예방관리 및 지원","의료관련 감염관리 및 감시체계 운영","800000","800000","605235","100.0","75.7"
"2026","자치단체이전","자치단체경상보조","보건복지부","국민건강증진기금","국민건강증진계정","보건","보건의료","감염병정책관리","감염병관리 및 지원","감염병예방관리 및 지원","의료관련감염병 관리사업","120000","120000","37923","100.0","31.6"
"2026","자치단체이전","자치단체경상보조","보건복지부","국민건강증진기금","국민건강증진계정","보건","보건의료","감염병정책관리","감염병관리 및 지원","감염병예방관리 및 지원","의료관련감염병 관리사업(CRE 감염증 감소전략 운영)","600000","420000","135973","70.0","32.4"
"2026","자치단체이전","자치단체경상보조","보건복지부","국민건강증진기금","국민건강증진계정","보건","보건의료","감염병정책관리","성매개감염병 및 에이즈관리","에이즈 및 성병예방","에이즈 및 성병예방 지자체보조","10666000","10666000","8125802","100.0","76.2"
"2026","자치단체이전","자치단체경상보조","보건복지부","국민건강증진기금","국민건강증진계정","보건","보건의료","감염병정책관리","결핵관리","국가결핵예방","IGRA검사지원","830000","580981","471247","70.0","81.1"
"2026","자치단체이전","자치단체경상보조","보건복지부","국민건강증진기금","국민건강증진계정","보건","보건의료","감염병정책관리","결핵관리","국가결핵예방","의료기관 결핵환자 관리지원","11810000","8170578","5074307","69.2","62.1"
"2026","자치단체이전","자치단체경상보조","보건복지부","국민건강증진기금","국민건강증진계정","보건","보건의료","감염병정책관리","결핵관리","국가결핵예방","결핵요양시설 운영지원","372000","260400","279000","70.0","107.1"
"2026","자치단체이전","자치단체경상보조","보건복지부","국민건강증진기금","국민건강증진계정","보건","보건의료","감염병정책관리","결핵관리","국가결핵예방","보건소결핵관리사업","18123000","12671790","9634668","69.9","76.0"
"2026","자치단체이전","자치단체경상보조","보건복지부","국민건강증진기금","국민건강증진계정","보건","보건의료","감염병위기대응","생물테러대응체계강화","생물테러 대비·대응 역량강화","생물테러초동대응요원 교육 및 훈련지원(경상보조)","250000","250000","31012","100.0","12.4"
"2026","자치단체이전","자치단체경상보조","보건복지부","국민건강증진기금","국민건강증진계정","보건","보건의료","감염병진단분석","감염병진단인프라구축","지역거점진단 인프라 구축","지역거점진단센터 운영비 지원","4125000","4125000","2122064","100.0","51.4"
"2026","자치단체이전","자치단체경상보조","보건복지부","국민건강증진기금","국민건강증진계정","보건","보건의료","감염병진단분석","감염병진단인프라구축","지역거점진단 인프라 구축","세계보건기구 표준실험실운영(폴리오 환경감시체계운영)","20000","20000","10102","100.0","50.5"
"2026","자치단체이전","자치단체경상보조","보건복지부","국민건강증진기금","국민건강증진계정","보건","보건의료","감염병진단분석","감염병진단인프라구축","질병조사관리 및 실험실감시망운영","수인성식품매개 감염병 감시망 운영","330000","330000","225908","100.0","68.5"
"2026","자치단체이전","자치단체경상보조","보건복지부","국민건강증진기금","국민건강증진계정","보건","보건의료","감염병진단분석","감염병진단인프라구축","질병조사관리 및 실험실감시망운영","노로바이러스대응 국가 실험실 감시망 운영","162000","162000","103108","100.0","63.6"
"2026","자치단체이전","자치단체경상보조","보건복지부","국민건강증진기금","국민건강증진계정","보건","보건의료","감염병진단분석","감염병진단인프라구축","질병조사관리 및 실험실감시망운영","급성호흡기바이러스 실험실 감시망 운영","864000","864000","622278","100.0","72.0"
"2026","자치단체이전","자치단체경상보조","보건복지부","국민건강증진기금","국민건강증진계정","보건","보건의료","감염병진단분석","감염병진단인프라구축","질병조사관리 및 실험실감시망운영","해양환경 내 병원성 비브리오균 실험실 감시사업","25000","25000","14603","100.0","58.4"
"2026","자치단체이전","자치단체경상보조","보건복지부","국민건강증진기금","국민건강증진계정","보건","보건의료","감염병진단분석","감염병진단인프라구축","질병조사관리 및 실험실감시망운영","신경증후군 병원체 통합감시","37000","37000","19075","100.0","51.6"
"2026","자치단체이전","자치단체경상보조","보건복지부","국민건강증진기금","국민건강증진계정","보건","보건의료","감염병진단분석","감염병진단인프라구축","매개체 및 기생충 진단·감시·분석","위험지역 주민 장내기생충 감염 조사를 위한 검체 수거 및 치료지원","124000","124000","101768","100.0","82.1"
"2026","자치단체이전","자치단체경상보조","보건복지부","국민건강증진기금","국민건강증진계정","보건","보건의료","감염병진단분석","감염병진단인프라구축","매개체 및 기생충 진단·감시·분석","권역별 감시 거점 운영지원","180000","180000","92890","100.0","51.6"
"2026","자치단체이전","자치단체경상보조","보건복지부","국민건강증진기금","국민건강증진계정","보건","보건의료","의료안전예방관리","예방접종관리","국가예방접종실시","국가예방접종 실시","433146000","316596762","189281904","73.1","59.8"
"2026","자치단체이전","자치단체경상보조","보건복지부","국민건강증진기금","국민건강증진계정","보건","보건의료","의료안전예방관리","예방접종관리","국가예방접종실시","예방접종등록센터 운영","3898000","3896626","2509413","100.0","64.4"
"2026","자치단체이전","자치단체경상보조","보건복지부","국민건강증진기금","국민건강증진계정","보건","보건의료","의료안전예방관리","예방접종관리","국가예방접종실시","예방접종 후 이상반응 역학조사활동 지원","100000","99952","49376","100.0","49.4"
"2026","자치단체이전","자치단체경상보조","보건복지부","국민건강증진기금","국민건강증진계정","보건","보건의료","의료안전예방관리","예방접종관리","국가예방접종실시","코로나19 예방접종실시","173988000","121791600","4260450","70.0","3.5"
"2026","자치단체이전","자치단체경상보조","보건복지부","국민건강증진기금","국민건강증진계정","보건","보건의료","만성질환관리","만성질환예방관리","만성질환 예방관리","암 역학조사","250000","0","0","0.0","0"
"2026","자치단체이전","자치단체경상보조","보건복지부","국민건강증진기금","국민건강증진계정","보건","보건의료","만성질환관리","만성질환예방관리","만성질환 예방관리","시도 아토피·천식 교육정보센터 운영","2212000","2151673","1108122","97.3","51.5"
"2026","자치단체이전","자치단체경상보조","보건복지부","국민건강증진기금","국민건강증진계정","보건","보건의료","만성질환관리","만성질환예방관리","만성질환 예방관리","심뇌혈관질환예방관리사업 지자체보조 ","9079000","8726255","4876657","96.1","55.9"
"2026","자치단체이전","자치단체경상보조","보건복지부","국민건강증진기금","국민건강증진계정","보건","보건의료","만성질환관리","만성질환예방관리","만성질환 관리체계 구축","보건소 만성질환 전문가 육성(만성질환 사업기획 및  건강조사 FMTP)","402","0","0","0.0","0"
"2026","자치단체이전","자치단체경상보조","보건복지부","국민건강증진기금","국민건강증진계정","보건","보건의료","만성질환관리","만성질환예방관리","만성질환 관리체계 구축","지역 보건사업 우수사례 발굴 역량강화 교육과정 운영","5000","0","0","0.0","0"
"2026","자치단체이전","자치단체경상보조","보건복지부","국민건강증진기금","국민건강증진계정","보건","보건의료","만성질환관리","만성질환예방관리","만성질환 관리체계 구축","보건소 만성질환 전문가 육성(만성질환 사업기획 및 건강조사 FMTP)(경북권)","46944","46944","40182","100.0","85.6"
"2026","자치단체이전","자치단체경상보조","보건복지부","국민건강증진기금","국민건강증진계정","보건","보건의료","만성질환관리","만성질환예방관리","만성질환 관리체계 구축","지역 보건사업 우수사례 발굴 역량강화 교육과정 운영(경북권)","30000","30000","28006","100.0","93.4"
"2026","자치단체이전","자치단체경상보조","보건복지부","국민건강증진기금","국민건강증진계정","보건","보건의료","만성질환관리","만성질환예방관리","만성질환 관리체계 구축","보건소 만성질환 전문가 육성(만성질환 사업기획 및 건강조사 FMTP)(호남권)","67482","67482","60723","100.0","90.0"
"2026","자치단체이전","자치단체경상보조","보건복지부","국민건강증진기금","국민건강증진계정","보건","보건의료","만성질환관리","만성질환예방관리","만성질환 관리체계 구축","지역 보건사업 우수사례 발굴 역량강화 교육과정 운영(호남권)","43000","43000","42068","100.0","97.8"
"2026","자치단체이전","자치단체경상보조","보건복지부","국민건강증진기금","국민건강증진계정","보건","보건의료","만성질환관리","만성질환예방관리","만성질환 관리체계 구축","보건소 만성질환 전문가 육성(만성질환 사업기획 및  건강조사 FMTP)(수도권)","74817","74817","73245","100.0","97.9"
"2026","자치단체이전","자치단체경상보조","보건복지부","국민건강증진기금","국민건강증진계정","보건","보건의료","만성질환관리","만성질환예방관리","만성질환 관리체계 구축","지역 보건사업 우수사례 발굴 역량강화 교육과정 운영(수도권)","42000","42000","39000","100.0","92.9"
"2026","자치단체이전","자치단체경상보조","보건복지부","국민건강증진기금","국민건강증진계정","보건","보건의료","만성질환관리","만성질환예방관리","만성질환 관리체계 구축","보건소 만성질환 전문가 육성(만성질환 사업기획 및  건강조사 FMTP)(경남권)","52812","52812","50255","100.0","95.2"
"2026","자치단체이전","자치단체경상보조","보건복지부","국민건강증진기금","국민건강증진계정","보건","보건의료","만성질환관리","만성질환예방관리","만성질환 관리체계 구축","지역 보건사업 우수사례 발굴 역량강화 교육과정 운영(경남권)","33000","33000","32308","100.0","97.9"
"2026","자치단체이전","자치단체경상보조","보건복지부","국민건강증진기금","국민건강증진계정","보건","보건의료","만성질환관리","만성질환예방관리","만성질환 관리체계 구축","보건소 만성질환 전문가 육성(만성질환 사업기획 및 건강조사 FMTP)(충청권)","42543","42543","42483","100.0","99.9"
"2026","자치단체이전","자치단체경상보조","보건복지부","국민건강증진기금","국민건강증진계정","보건","보건의료","만성질환관리","만성질환예방관리","만성질환 관리체계 구축","지역 보건사업 우수사례 발굴 역량강화 교육과정 운영(충청권)","27000","27000","25006","100.0","92.6"
"2026","자치단체이전","자치단체경상보조","보건복지부","국민건강증진기금","국민건강증진계정","보건","보건의료","만성질환관리","만성질환예방관리","만성질환 관리체계 구축","지역사회건강조사 조사분석 위탁운영(수도권)","3519476","3519476","1735106","100.0","49.3"
"2026","자치단체이전","자치단체경상보조","보건복지부","국민건강증진기금","국민건강증진계정","보건","보건의료","만성질환관리","만성질환예방관리","만성질환 관리체계 구축","지역사회건강조사 조사분석 위탁운영(충청권)","1231933","1231933","780166","100.0","63.3"
"2026","자치단체이전","자치단체경상보조","보건복지부","국민건강증진기금","국민건강증진계정","보건","보건의료","만성질환관리","만성질환예방관리","만성질환 관리체계 구축","지역사회건강조사 조사분석 위탁운영(호남권)","1619503","1619503","969893","100.0","59.9"
"2026","자치단체이전","자치단체경상보조","보건복지부","국민건강증진기금","국민건강증진계정","보건","보건의료","만성질환관리","만성질환예방관리","만성질환 관리체계 구축","지역사회건강조사 조사분석 위탁운영(경북권)","1124295","1124295","753667","100.0","67.0"
"2026","자치단체이전","자치단체경상보조","보건복지부","국민건강증진기금","국민건강증진계정","보건","보건의료","만성질환관리","만성질환예방관리","만성질환 관리체계 구축","지역사회건강조사 조사분석 위탁운영(경남권)","1412793","1412793","891234","100.0","63.1"
"2026","자치단체이전","자치단체경상보조","보건복지부","국민건강증진기금","국민건강증진계정","보건","보건의료","만성질환관리","희귀질환자지원","희귀질환자지원","희귀질환자 의료비 지원사업","17412000","17412000","15661471","100.0","89.9"
"2026","자치단체이전","자치단체경상보조","보건복지부","응급의료기금"," ","보건","보건의료","응급의료체계운영지원","응급의료 안전망 및 생활화 지원","응급처치 활성화 지원","심폐소생술 등 응급처치 교육비지원","2500000","2500000","1281165","100.0","51.2"
"2026","자치단체이전","자치단체경상보조","보건복지부","응급의료기금"," ","보건","보건의료","응급의료체계운영지원","응급의료 안전망 및 생활화 지원","국가 재난의료체계 운영","재난응급의료 무선통신망 운영","483000","483000","112851","100.0","23.4"
"2026","자치단체이전","자치단체경상보조","보건복지부","응급의료기금"," ","보건","보건의료","응급의료체계운영지원","응급의료 안전망 및 생활화 지원","국가 재난의료체계 운영","재난의료관리자 운영지원","1621000","1621000","839793","100.0","51.8"
"2026","자치단체이전","자치단체경상보조","보건복지부","응급의료기금"," ","보건","보건의료","응급의료체계운영지원","응급의료 안전망 및 생활화 지원","국가 재난의료체계 운영","신속대응반 운영지원","365000","364518","137972","99.9","37.9"
"2026","자치단체이전","자치단체경상보조","보건복지부","응급의료기금"," ","보건","보건의료","응급의료체계운영지원","현장 및 이송체계 지원","응급의료이송체계 지원","응급의료 전용헬기 운영지원","24123000","23339000","10887596","96.7","46.6"
"2026","자치단체이전","자치단체경상보조","보건복지부","응급의료기금"," ","보건","보건의료","응급의료체계운영지원","현장 및 이송체계 지원","응급의료이송체계 지원","중증응급환자 이송체계 운영지원","1340000","670000","266291","50.0","39.7"
"2026","자치단체이전","자치단체경상보조","보건복지부","응급의료기금"," ","보건","보건의료","응급의료체계운영지원","응급의료기관 지원","응급의료기관지원발전프로그램","응급의료기관 지원","51097000","44819395","5726208","87.7","12.8"
"2026","자치단체이전","자치단체경상보조","보건복지부","응급의료기금"," ","보건","보건의료","응급의료체계운영지원","응급의료기관 지원","응급의료기관지원발전프로그램","응급의료체계 효율화","15925000","7156350","5482967","44.9","76.6"
"2026","자치단체이전","자치단체경상보조","보건복지부","응급의료기금"," ","보건","보건의료","응급의료체계운영지원","응급의료기관 지원","취약지역 응급의료기관 육성","취약지 응급실 운영기관 지원","20403000","14270200","9834606","69.9","68.9"
"2026","자치단체이전","자치단체경상보조","보건복지부","응급의료기금"," ","보건","보건의료","응급의료체계운영지원","응급의료기관 지원","취약지역 응급의료기관 육성","취약지 응급실 의료인력 파견","1500000","794772","409432","53.0","51.5"
"2026","자치단체이전","자치단체경상보조","보건복지부","응급의료기금"," ","보건","보건의료","응급의료체계운영지원","응급의료기관 지원","취약지역 응급의료기관 육성","취약지 응급원격협진 네트워크 운영","220000","153650","57351","69.8","37.3"
"2026","자치단체이전","자치단체경상보조","보건복지부","응급의료기금"," ","보건","보건의료","응급의료체계운영지원","응급의료기관 지원","중증외상 전문진료체계 구축","권역외상센터 운영지원(자치단체경상보조)","62356000","46325550","22906988","74.3","49.4"
"2026","자치단체이전","자치단체경상보조","보건복지부","응급의료기금"," ","보건","보건의료","응급의료체계운영지원","응급의료기관 지원","고위험 산모·신생아 지원","지역모자의료센터 운영","4063000","3081250","1679701","75.8","54.5"
"2026","자치단체이전","자치단체경상보조","보건복지부","응급의료기금"," ","보건","보건의료","응급의료체계운영지원","응급의료기관 지원","고위험 산모·신생아 지원","권역모자의료센터 운영","7035000","5398000","3075353","76.7","57.0"
"2026","자치단체이전","자치단체경상보조","보건복지부","응급의료기금"," ","보건","보건의료","응급의료체계운영지원","응급의료기관 지원","고위험 산모·신생아 지원","고위험 산모 맞춤형 지원","150000","120000","55514","80.0","46.3"
"2026","자치단체이전","자치단체경상보조","보건복지부","응급의료기금"," ","보건","보건의료","응급의료체계운영지원","응급의료기관 지원","고위험 산모·신생아 지원","중증모자의료센터 지원","1200000","960000","515939","80.0","53.7"
"2026","자치단체이전","자치단체경상보조","보건복지부","응급의료기금"," ","보건","보건의료","응급의료체계운영지원","응급의료기관 지원","중증-응급 심뇌혈관질환 대응체계 지원","권역심뇌혈관질환센터 운영 지원","11500000","7350000","3205736","63.9","43.6"
"2026","자치단체이전","자치단체경상보조","보건복지부","응급의료기금"," ","보건","보건의료","응급의료체계운영지원","응급의료기관 지원","중증-응급 심뇌혈관질환 대응체계 지원","지역심뇌혈관질환센터 운영 지원","1750000","1232000","386721","70.4","31.4"
"2026","자치단체이전","자치단체경상보조","보건복지부","응급의료기금"," ","보건","보건의료","응급의료체계운영지원","응급의료서비스 향상 지원","중앙응급의료센터 운영지원","응급의료지원센터 운영지원","1621000","1621000","863396","100.0","53.3"
"2026","자치단체이전","자치단체경상보조","보건복지부","응급의료기금"," ","보건","보건의료","응급의료체계운영지원","119구급 운영지원","119구급대 지원","119구급상황관리센터 운영지원","4958000","4958000","2579824","100.0","52.0"
"2026","자치단체이전","자치단체경상보조","보건복지부","응급의료기금"," ","보건","보건의료","응급의료체계운영지원","신종감염병 대응체계 구축","국가지정 입원치료병상 운영관리","국가지정입원치료병상 운영비 지원","3712000","3712000","578591","100.0","15.6"
"2026","자치단체이전","자치단체경상보조","보건복지부","일반회계"," ","사회복지","기초생활보장","기초생활보장","기초생활급여","생계급여","생계급여","9171278000","7278453000","12192461986","79.4","167.5"
"2026","자치단체이전","자치단체경상보조","보건복지부","일반회계"," ","사회복지","기초생활보장","기초생활보장","기초생활급여","해산장제급여","해산장제급여","51853000","49260350","77769815","95.0","157.9"
"2026","자치단체이전","자치단체경상보조","보건복지부","일반회계"," ","사회복지","기초생활보장","기초생활보장","의료급여","의료급여","의료급여 자치단체경상보조","10120604000","8295136580","8305377772","82.0","100.1"
"2026","자치단체이전","자치단체경상보조","보건복지부","일반회계"," ","사회복지","기초생활보장","기초생활보장","긴급복지","긴급복지","긴급복지","418090000","323075000","368987199","77.3","114.2"
"2026","자치단체이전","자치단체경상보조","보건복지부","일반회계"," ","사회복지","기초생활보장","기초생활보장","자활지원","자활사업","자활근로","738846000","664961400","592856823","90.0","89.2"
"2026","자치단체이전","자치단체경상보조","보건복지부","일반회계"," ","사회복지","기초생활보장","기초생활보장","자활지원","자활사업","지역자활센터 운영지원","76238000","68614200","57582577","90.0","83.9"
"2026","자치단체이전","자치단체경상보조","보건복지부","일반회계"," ","사회복지","기초생활보장","기초생활보장","자활지원","자활사업","광역자활센터 운영지원","7162000","6445800","3919465","90.0","60.8"
"2026","자치단체이전","자치단체경상보조","보건복지부","일반회계"," ","사회복지","기초생활보장","기초생활보장","자활지원","자활사업","자활성공지원금 지급·관리(지자체)","1960000","1606798","879075","82.0","54.7"
"2026","자치단체이전","자치단체경상보조","보건복지부","일반회계"," ","사회복지","기초생활보장","기초생활보장","자활지원","근로능력있는수급자의탈수급지원","자산형성지원사업","253210000","221558750","276455056","87.5","124.8"
"2026","자치단체이전","자치단체경상보조","보건복지부","일반회계"," ","사회복지","취약계층지원","장애인생활안정 및 재활 지원","장애인소득보장","장애수당(기초)","장애수당(기초) 지급","170368000","153331200","190106913","90.0","124.0"
"2026","자치단체이전","자치단체경상보조","보건복지부","일반회계"," ","사회복지","취약계층지원","장애인생활안정 및 재활 지원","장애인소득보장","장애수당(차상위 등)","장애수당(차상위 등) 지급","59646000","53681400","65703051","90.0","122.4"
"2026","자치단체이전","자치단체경상보조","보건복지부","일반회계"," ","사회복지","취약계층지원","장애인생활안정 및 재활 지원","장애인소득보장","장애정도심사제도 운영","저소득장애인 진단서 발급비 및 검사비 지원","834000","834000","728914","100.0","87.4"
"2026","자치단체이전","자치단체경상보조","보건복지부","일반회계"," ","사회복지","취약계층지원","장애인생활안정 및 재활 지원","장애인소득보장","장애인연금","장애인연금 급여","906925000","816232500","985427141","90.0","120.7"
"2026","자치단체이전","자치단체경상보조","보건복지부","일반회계"," ","사회복지","취약계층지원","장애인생활안정 및 재활 지원","장애인소득보장","장애인의료비지원","장애인의료비 지원","57057000","57057000","62524147","100.0","109.6"
"2026","자치단체이전","자치단체경상보조","보건복지부","일반회계"," ","사회복지","취약계층지원","장애인생활안정 및 재활 지원","장애인사회참여 기반조성","장애인보조기기지원","보조기기교부","2025000","2025000","1495308","100.0","73.8"
"2026","자치단체이전","자치단체경상보조","보건복지부","일반회계"," ","사회복지","취약계층지원","장애인생활안정 및 재활 지원","장애인사회참여 기반조성","장애인보조기기지원","사례관리","2035000","2035000","1182835","100.0","58.1"
"2026","자치단체이전","자치단체경상보조","보건복지부","일반회계"," ","사회복지","취약계층지원","장애인생활안정 및 재활 지원","장애인선택적복지","장애인활동지원","장애인 활동지원급여 지원","2717383080","2304228169","2361802843","84.8","102.5"
"2026","자치단체이전","자치단체경상보조","보건복지부","일반회계"," ","사회복지","취약계층지원","장애인생활안정 및 재활 지원","장애인선택적복지","장애인활동지원","활동보조 가산급여","73345920","60279873","65889157","82.2","109.3"
"2026","자치단체이전","자치단체경상보조","보건복지부","일반회계"," ","사회복지","취약계층지원","장애인생활안정 및 재활 지원","장애인선택적복지","장애아동가족지원","발달재활서비스 바우처 지원","172236000","172236000","148474845","100.0","86.2"
"2026","자치단체이전","자치단체경상보조","보건복지부","일반회계"," ","사회복지","취약계층지원","장애인생활안정 및 재활 지원","장애인선택적복지","장애아동가족지원","장애아가족 양육지원","75137676","67623909","33865140","90.0","50.1"
"2026","자치단체이전","자치단체경상보조","보건복지부","일반회계"," ","사회복지","취약계층지원","장애인생활안정 및 재활 지원","장애인선택적복지","장애아동가족지원","언어발달지원","669000","602100","578082","90.0","96.0"
"2026","자치단체이전","자치단체경상보조","보건복지부","일반회계"," ","사회복지","취약계층지원","장애인생활안정 및 재활 지원","장애인선택적복지","장애아동가족지원","지역장애아동지원센터","5224000","5224000","1354019","100.0","25.9"
"2026","자치단체이전","자치단체경상보조","보건복지부","일반회계"," ","사회복지","취약계층지원","장애인생활안정 및 재활 지원","장애인선택적복지","여성장애인지원사업","여성장애인 출산비용지원","682000","681840","739216","100.0","108.4"
"2026","자치단체이전","자치단체경상보조","보건복지부","일반회계"," ","사회복지","취약계층지원","장애인생활안정 및 재활 지원","장애인선택적복지","여성장애인지원사업","여성장애인 교육지원","1954000","1954000","1089587","100.0","55.8"
"2026","자치단체이전","자치단체경상보조","보건복지부","일반회계"," ","사회복지","취약계층지원","장애인생활안정 및 재활 지원","장애인선택적복지","발달장애인 지원","발달장애인 부모상담 지원","1424000","1424000","1054809","100.0","74.1"
"2026","자치단체이전","자치단체경상보조","보건복지부","일반회계"," ","사회복지","취약계층지원","장애인생활안정 및 재활 지원","장애인선택적복지","발달장애인 지원","지역발달장애인지원센터 운영 지원","5184000","5182000","2731544","100.0","52.7"
"2026","자치단체이전","자치단체경상보조","보건복지부","일반회계"," ","사회복지","취약계층지원","장애인생활안정 및 재활 지원","장애인선택적복지","발달장애인 지원","발달장애인 공공후견비용 지원","2923000","2046100","1377692","70.0","67.3"
"2026","자치단체이전","자치단체경상보조","보건복지부","일반회계"," ","사회복지","취약계층지원","장애인생활안정 및 재활 지원","장애인선택적복지","발달장애인 지원","발달장애인 가족휴식 지원","3078000","3078000","1238285","100.0","40.2"
"2026","자치단체이전","자치단체경상보조","보건복지부","일반회계"," ","사회복지","취약계층지원","장애인생활안정 및 재활 지원","장애인선택적복지","발달장애인 지원","발달장애인 부모교육지원 교육사업비(영유아기, 성인전환기, 성인권)","562000","562000","167743","100.0","29.8"
"2026","자치단체이전","자치단체경상보조","보건복지부","일반회계"," ","사회복지","취약계층지원","장애인생활안정 및 재활 지원","장애인선택적복지","발달장애인 지원","주간활동서비스 바우처지원","307916000","235748255","253763829","76.6","107.6"
"2026","자치단체이전","자치단체경상보조","보건복지부","일반회계"," ","사회복지","취약계층지원","장애인생활안정 및 재활 지원","장애인선택적복지","발달장애인 지원","방과후활동서비스 바우처지원","70488000","53362503","63840862","75.7","119.6"
"2026","자치단체이전","자치단체경상보조","보건복지부","일반회계"," ","사회복지","취약계층지원","장애인생활안정 및 재활 지원","장애인선택적복지","발달장애인 지원","주간활동서비스 운영인력 지원(지역)","1820000","1820000","937781","100.0","51.5"
"2026","자치단체이전","자치단체경상보조","보건복지부","일반회계"," ","사회복지","취약계층지원","장애인생활안정 및 재활 지원","장애인선택적복지","발달장애인 지원","최중증 발달장애인 24시간 개별 1:1 지원","27003000","18902100","9551221","70.0","50.5"
"2026","자치단체이전","자치단체경상보조","보건복지부","일반회계"," ","사회복지","취약계층지원","장애인생활안정 및 재활 지원","장애인선택적복지","발달장애인 지원","발달장애인 긴급돌봄 운영지원(지역)","913000","913000","465904","100.0","51.0"
"2026","자치단체이전","자치단체경상보조","보건복지부","일반회계"," ","사회복지","취약계층지원","장애인생활안정 및 재활 지원","장애인선택적복지","발달장애인 지원","발달장애인 긴급돌봄 운영","6405000","5601500","3439752","87.5","61.4"
"2026","자치단체이전","자치단체경상보조","보건복지부","일반회계"," ","사회복지","취약계층지원","장애인생활안정 및 재활 지원","장애인선택적복지","발달장애인 지원","최중증 발달장애인 주간 개별 1:1 지원","18868000","13207600","7900063","70.0","59.8"
"2026","자치단체이전","자치단체경상보조","보건복지부","일반회계"," ","사회복지","취약계층지원","장애인생활안정 및 재활 지원","장애인선택적복지","발달장애인 지원","최중증 발달장애인 주간 그룹 1:1 지원","46187000","32330900","34507367","70.0","106.7"
"2026","자치단체이전","자치단체경상보조","보건복지부","일반회계"," ","사회복지","취약계층지원","장애인생활안정 및 재활 지원","장애인선택적복지","발달장애인 지원","발달장애인지원센터운영(최중증지원팀 운영지원)","1763000","1763000","775328","100.0","44.0"
"2026","자치단체이전","자치단체경상보조","보건복지부","일반회계"," ","사회복지","취약계층지원","장애인생활안정 및 재활 지원","장애인선택적복지","발달장애인 지원","지역센터 품질관리 운영지원","0","0","0","0","0"
"2026","자치단체이전","자치단체경상보조","보건복지부","일반회계"," ","사회복지","취약계층지원","장애인생활안정 및 재활 지원","장애인선택적복지","발달장애인 지원","최중증 발달장애인 긴급돌봄운영","909000","727200","387080","80.0","53.2"
"2026","자치단체이전","자치단체경상보조","보건복지부","일반회계"," ","사회복지","취약계층지원","장애인생활안정 및 재활 지원","장애인선택적복지","장애인 개인예산제 운영","급여유연화 개인예산제 서비스","1602000","1596701","1489809","99.7","93.3"
"2026","자치단체이전","자치단체경상보조","보건복지부","일반회계"," ","사회복지","취약계층지원","장애인생활안정 및 재활 지원","장애인복지시설지원","장애인복지시설 기능보강","장애인생산품판매시설 지원 ","1390000","1043863","875062","75.1","83.8"
"2026","자치단체이전","자치단체경상보조","보건복지부","일반회계"," ","사회복지","취약계층지원","장애인생활안정 및 재활 지원","장애인복지시설지원","장애인거주시설 운영 지원","장애인거주시설 운영지원","728930000","564786257","451917395","77.5","80.0"
"2026","자치단체이전","자치단체경상보조","보건복지부","일반회계"," ","사회복지","취약계층지원","장애인생활안정 및 재활 지원","장애인복지시설지원","장애인거주시설 운영 지원","장애인거주시설 공기청정기 렌탈지원","192000","192000","146929","100.0","76.5"
"2026","자치단체이전","자치단체경상보조","보건복지부","일반회계"," ","사회복지","취약계층지원","장애인생활안정 및 재활 지원","장애인복지시설지원","장애인거주시설 운영 지원","피해 장애인쉼터 운영지원","2181000","2181000","1222866","100.0","56.1"
"2026","자치단체이전","자치단체경상보조","보건복지부","일반회계"," ","사회복지","취약계층지원","장애인생활안정 및 재활 지원","장애인복지시설지원","장애인거주시설 운영 지원","장애인실비입소이용료지원","1278000","1007649","654174","78.8","64.9"
"2026","자치단체이전","자치단체경상보조","보건복지부","일반회계"," ","사회복지","취약계층지원","장애인생활안정 및 재활 지원","장애인복지시설지원","장애인거주시설 운영 지원","학대피해장애아동쉼터 운영비","1550000","1550000","919040","100.0","59.3"
"2026","자치단체이전","자치단체경상보조","보건복지부","일반회계"," ","사회복지","취약계층지원","장애인생활안정 및 재활 지원","장애인복지시설지원","장애인거주시설 운영 지원","장애인거주시설 IoT,AI활용 돌봄사업 운영(통신비)","112000","89992","63730","80.4","70.8"
"2026","자치단체이전","자치단체경상보조","보건복지부","일반회계"," ","사회복지","취약계층지원","장애인생활안정 및 재활 지원","장애인복지시설지원","장애인거주시설 운영 지원","장애인의료집중형 전문서비스 제공기관 운영지원","329000","200000","0","60.8","0.0"
"2026","자치단체이전","자치단체경상보조","보건복지부","일반회계"," ","사회복지","취약계층지원","장애인생활안정 및 재활 지원","장애인일자리지원","장애인일자리지원","복지일자리","71046000","63941400","43703091","90.0","68.3"
"2026","자치단체이전","자치단체경상보조","보건복지부","일반회계"," ","사회복지","취약계층지원","장애인생활안정 및 재활 지원","장애인일자리지원","장애인일자리지원","시각장애인안마사파견사업","21154000","19038600","11660532","90.0","61.2"
"2026","자치단체이전","자치단체경상보조","보건복지부","일반회계"," ","사회복지","취약계층지원","장애인생활안정 및 재활 지원","장애인일자리지원","장애인일자리지원","발달장애인요양보호사보조","12161000","10944900","7116484","90.0","65.0"
"2026","자치단체이전","자치단체경상보조","보건복지부","일반회계"," ","사회복지","취약계층지원","장애인생활안정 및 재활 지원","장애인일자리지원","장애인일자리지원","일반형(전일제) 일자리","117496000","105746400","67725508","90.0","64.0"
"2026","자치단체이전","자치단체경상보조","보건복지부","일반회계"," ","사회복지","취약계층지원","장애인생활안정 및 재활 지원","장애인일자리지원","장애인일자리지원","일반형(시간제)일자리","31590000","28431000","18064406","90.0","63.5"
"2026","자치단체이전","자치단체경상보조","보건복지부","일반회계"," ","사회복지","취약계층지원","장애인생활안정 및 재활 지원","장애인권익증진 및 자립생활 지원","중증장애인자립생활지원","장애인자립생활지원센터 지원","6331000","6330960","3567808","100.0","56.4"
"2026","자치단체이전","자치단체경상보조","보건복지부","일반회계"," ","사회복지","취약계층지원","장애인생활안정 및 재활 지원","장애인권익증진 및 자립생활 지원","중증장애인자립생활지원","중증장애인 동료상담","2391000","2391000","1018223","100.0","42.6"
"2026","자치단체이전","자치단체경상보조","보건복지부","일반회계"," ","사회복지","취약계층지원","장애인생활안정 및 재활 지원","장애인권익증진 및 자립생활 지원","중증장애인자립생활지원","장애인자립생활지원시설 지원","1634000","52000","0","3.2","0.0"
"2026","자치단체이전","자치단체경상보조","보건복지부","일반회계"," ","사회복지","취약계층지원","장애인생활안정 및 재활 지원","장애인권익증진 및 자립생활 지원","장애인차별금지 모니터링 및 인식개선","지역 장애인권익옹호기관 운영지원","2586850","2584750","1421260","99.9","55.0"
"2026","자치단체이전","자치단체경상보조","보건복지부","일반회계"," ","사회복지","취약계층지원","장애인생활안정 및 재활 지원","장애인권익증진 및 자립생활 지원","장애인건강보건관리사업","장애인건강보건 전달체계","11233242","11233242","5453419","100.0","48.5"
"2026","자치단체이전","자치단체경상보조","보건복지부","일반회계"," ","사회복지","취약계층지원","장애인생활안정 및 재활 지원","장애인권익증진 및 자립생활 지원","장애인건강보건관리사업","장애친화 산부인과 운영 지원(경상)","700000","700000","385855","100.0","55.1"
"2026","자치단체이전","자치단체경상보조","보건복지부","일반회계"," ","사회복지","취약계층지원","장애인생활안정 및 재활 지원","장애인권익증진 및 자립생활 지원","장애인건강보건관리사업","장애인 의료기관 이용편의 지원","462023","462023","194463","100.0","42.1"
"2026","자치단체이전","자치단체경상보조","보건복지부","일반회계"," ","사회복지","사회복지일반","사회복지기반조성","사회복지사업지원","복지소외계층 발굴 및 민간자원 연계지원","사회보장 특별지원구역 운영","1200000","900000","531267","75.0","59.0"
"2026","자치단체이전","자치단체경상보조","보건복지부","일반회계"," ","사회복지","사회복지일반","사회복지기반조성","사회복지사업지원","민간사회복지자원육성 지원","먹거리 기본보장 사업(지자체)","7745000","7745000","3150015","100.0","40.7"
"2026","자치단체이전","자치단체경상보조","보건복지부","일반회계"," ","사회복지","사회복지일반","사회복지기반조성","사회복지사업지원","사회복지시설 종사자 대체인력 지원","시도 대체인력 인건비 및 운영비","6782000","5226941","3444725","77.1","65.9"
"2026","자치단체이전","자치단체경상보조","보건복지부","일반회계"," ","사회복지","사회복지일반","사회복지기반조성","사회복지사업지원","의료·요양·돌봄 통합지원","지역 의료·돌봄 연계 체계 구축","2715000","2715000","2792984","100.0","102.9"
"2026","자치단체이전","자치단체경상보조","보건복지부","일반회계"," ","사회복지","사회복지일반","사회복지기반조성","사회복지사업지원","의료·요양·돌봄 통합지원","취약지역 의료서비스 등 확충","61975000","61785000","9448120","99.7","15.3"
"2026","자치단체이전","자치단체경상보조","보건복지부","일반회계"," ","사회복지","사회복지일반","사회복지기반조성","사회복지사업지원","의료·요양·돌봄 통합지원","지자체 공무원 인건비 지원","19150000","19149900","435559","100.0","2.3"
"2026","자치단체이전","자치단체경상보조","보건복지부","일반회계"," ","사회복지","사회복지일반","사회복지기반조성","사회복지사업지원","사회복지시설 돌봄보조 인력지원","정신요양시설 운영지원","760500","759668","162160","99.9","21.3"
"2026","자치단체이전","자치단체경상보조","보건복지부","일반회계"," ","사회복지","사회복지일반","사회복지기반조성","사회복지사업지원","사회복지시설 돌봄보조 인력지원","자립지원전담기관 보조인력 지원","225010","211546","77162","94.0","36.5"
"2026","자치단체이전","자치단체경상보조","보건복지부","일반회계"," ","사회복지","사회복지일반","사회복지기반조성","사회복지사업지원","사회복지시설 돌봄보조 인력지원","아동 야간 연장돌봄시설  운영 지원","3338990","3298288","1508065","98.8","45.7"
"2026","자치단체이전","자치단체경상보조","보건복지부","일반회계"," ","사회복지","사회복지일반","사회복지기반조성","사회복지사업지원","사회복지시설 돌봄보조 인력지원","노인보호전문기관 운영지원","385000","356125","192388","92.5","54.0"
"2026","자치단체이전","자치단체경상보조","보건복지부","일반회계"," ","사회복지","사회복지일반","사회복지기반조성","사회복지사업지원","사회복지시설 돌봄보조 인력지원","학대피해노인전용쉼터 운영지원","192500","182875","76494","95.0","41.8"
"2026","자치단체이전","자치단체경상보조","보건복지부","일반회계"," ","사회복지","사회복지일반","사회복지기반조성","지역자율형 사회서비스 투자사업","지역자율형 사회서비스 투자사업 및 일자리 운영","지역사회서비스 청년사업단","1178400","942592","476288","80.0","50.5"
"2026","자치단체이전","자치단체경상보조","보건복지부","일반회계"," ","사회복지","사회복지일반","사회복지기반조성","사회복지전달체계","고독사예방관리체계구축","고독사 예방 및 관리 사업","6900000","6900000","3063622","100.0","44.4"
"2026","자치단체이전","자치단체경상보조","보건복지부","일반회계"," ","사회복지","사회복지일반","사회복지기반조성","사회복지전달체계","사례관리 전달체계 개선","노쇠예방건강관리","0","0","0","0","0"
"2026","자치단체이전","자치단체경상보조","보건복지부","일반회계"," ","사회복지","사회복지일반","사회복지기반조성","사회복지전달체계","사회서비스원 설립 및 운영","시·도 사회서비스원 설립·운영","12495000","12495000","6558477","100.0","52.5"
"2026","자치단체이전","자치단체경상보조","보건복지부","일반회계"," ","사회복지","사회복지일반","사회복지기반조성","사회복지전달체계","AI 복지·돌봄 혁신","스마트사회서비스 시범사업","1000000","70000","0","7.0","0.0"
"2026","자치단체이전","자치단체경상보조","보건복지부","일반회계"," ","사회복지","사회복지일반","사회복지기반조성","사회복지전달체계","AI 복지·돌봄 혁신","선도지역 시범사업운영(복지행정 안내도우미)","300000","240000","0","80.0","0.0"
"2026","자치단체이전","자치단체경상보조","보건복지부","일반회계"," ","사회복지","사회복지일반","사회복지기반조성","사회복지전달체계","AI 복지·돌봄 혁신","선도지역 시범사업운영(AI 복지상담)","120000","96000","0","80.0","0.0"
"2026","자치단체이전","자치단체경상보조","보건복지부","일반회계"," ","사회복지","아동·보육","아동보호 및 복지 강화","아동자립지원","보호대상아동 발달지원","고난이도 보호대상아동 맞춤형 사례관리","838000","669326","626136","79.9","93.5"
"2026","자치단체이전","자치단체경상보조","보건복지부","일반회계"," ","사회복지","아동·보육","아동보호 및 복지 강화","아동자립지원","자립준비청년 자립수당 지급","자립준비청년 자립수당 자치단체경상보조","34068000","25551000","27591904","75.0","108.0"
"2026","자치단체이전","자치단체경상보조","보건복지부","일반회계"," ","사회복지","아동·보육","아동보호 및 복지 강화","아동자립지원","자립준비청년 자립지원 체계 구축","자립지원 전담인력 배치","6847000","6073011","4293840","88.7","70.7"
"2026","자치단체이전","자치단체경상보조","보건복지부","일반회계"," ","사회복지","아동·보육","아동보호 및 복지 강화","아동자립지원","자립준비청년 자립지원 체계 구축","자립지원 사업비","9492000","8447876","4786177","89.0","56.7"
"2026","자치단체이전","자치단체경상보조","보건복지부","일반회계"," ","사회복지","아동·보육","아동보호 및 복지 강화","가정입양 및 위탁 지원","가정위탁 지원·운영","가정위탁아동 상해보험료 지원","458000","457819","440549","100.0","96.2"
"2026","자치단체이전","자치단체경상보조","보건복지부","일반회계"," ","사회복지","아동·보육","아동보호 및 복지 강화","가정입양 및 위탁 지원","가정위탁 지원·운영","입양가정위탁아동 심리치료 지원","138000","137932","67116","100.0","48.7"
"2026","자치단체이전","자치단체경상보조","보건복지부","일반회계"," ","사회복지","아동·보육","아동보호 및 복지 강화","가정입양 및 위탁 지원","가정위탁 지원·운영","전문아동보호비 지원","3941000","2878190","2578521","73.0","89.6"
"2026","자치단체이전","자치단체경상보조","보건복지부","일반회계"," ","사회복지","아동·보육","아동보호 및 복지 강화","가정입양 및 위탁 지원","가정위탁 지원·운영","아동용품구입비 지원","27000","27000","14270","100.0","52.9"
"2026","자치단체이전","자치단체경상보조","보건복지부","일반회계"," ","사회복지","아동·보육","아동보호 및 복지 강화","가정입양 및 위탁 지원","가정위탁 지원·운영","입양대상아동보호비 지원","1966000","1474200","780397","75.0","52.9"
"2026","자치단체이전","자치단체경상보조","보건복지부","일반회계"," ","사회복지","아동·보육","아동보호 및 복지 강화","요보호아동 그룹홈 운영 지원","보호대상아동 그룹홈 운영지원","보호대상아동 그룹홈 운영","36615000","32035579","20482017","87.5","63.9"
"2026","자치단체이전","자치단체경상보조","보건복지부","일반회계"," ","사회복지","아동·보육","아동보호 및 복지 강화","요보호아동 그룹홈 운영 지원","보호대상아동 그룹홈 운영지원","학대피해아동쉼터 운영","19260000","17080564","13648949","88.7","79.9"
"2026","자치단체이전","자치단체경상보조","보건복지부","일반회계"," ","사회복지","아동·보육","아동보호 및 복지 강화","아동발달지원계좌 지원","아동발달지원계좌(보조)","아동발달지원계좌 자치단체경상보조","155255000","116441250","132441754","75.0","113.7"
"2026","자치단체이전","자치단체경상보조","보건복지부","일반회계"," ","사회복지","아동·보육","아동보호 및 복지 강화","아동ㆍ청소년 참여.인권증진","아동정책조정 및 인권증진","아동학대전담의료기관 활성화 사업","850000","850000","343644","100.0","40.4"
"2026","자치단체이전","자치단체경상보조","보건복지부","일반회계"," ","사회복지","아동·보육","아동보호 및 복지 강화","아동ㆍ청소년 참여.인권증진","아동정책조정 및 인권증진","아동학대 대응체계 활성화 지원(조기개입)","150000","150000","66746","100.0","44.5"
"2026","자치단체이전","자치단체경상보조","보건복지부","일반회계"," ","사회복지","아동·보육","아동보호 및 복지 강화","아동보호 및 권리보장","아동학대 예방 및 피해아동 보호","아동보호전문기관 운영","47875000","41676090","30677798","87.1","73.6"
"2026","자치단체이전","자치단체경상보조","보건복지부","일반회계"," ","사회복지","아동·보육","아동보호 및 복지 강화","아동보호 및 권리보장","아동학대 예방 및 피해아동 보호","거점 심리치료센터 운영","1325000","1184683","663810","89.4","56.0"
"2026","자치단체이전","자치단체경상보조","보건복지부","일반회계"," ","사회복지","아동·보육","아동보호 및 복지 강화","아동보호 및 권리보장","보호대상아동 원가정 복귀 지원","특수욕구아동 초기보호지원","231000","153000","62704","66.2","41.0"
"2026","자치단체이전","자치단체경상보조","보건복지부","일반회계"," ","사회복지","아동·보육","저출산대응및인구정책지원","저출산대응인구정책","저소득층 기저귀·조제분유 지원","기저귀 및 조제분유 지원","51397000","51397000","51175852","100.0","99.6"
"2026","자치단체이전","자치단체경상보조","보건복지부","일반회계"," ","사회복지","아동·보육","저출산대응및인구정책지원","저출산대응인구정책","첫만남 이용권 지원","첫만남 이용권 지원","422003000","422003000","424088604","100.0","100.5"
"2026","자치단체이전","자치단체경상보조","보건복지부","일반회계"," ","사회복지","아동·보육","저출산대응및인구정책지원","저출산대응인구정책","위기임신 및 보호출산 지원","위기임산부 상담기관운영지원(지역상담기관 운영 지원)","2107000","2107000","1260955","100.0","59.8"
"2026","자치단체이전","자치단체경상보조","보건복지부","일반회계"," ","사회복지","아동·보육","저출산대응및인구정책지원","저출산대응인구정책","위기임신 및 보호출산 지원","보호출산 신생아 긴급 보호비 지원","375000","375000","87675","100.0","23.4"
"2026","자치단체이전","자치단체경상보조","보건복지부","일반회계"," ","사회복지","아동·보육","저출산대응및인구정책지원","저출산고령사회정책개발관리","저출산고령사회정책개발 및 관리체계 구축","지차체 선도 인식 개선 사업","336000","268600","113022","79.9","42.1"
"2026","자치단체이전","자치단체경상보조","보건복지부","일반회계"," ","사회복지","아동·보육","저출산대응및인구정책지원","저출산고령사회정책개발관리","청년정책 개발 및 지원체계 기반 구축","가족돌봄청년 지원 사업","5063000","4281380","684383","84.6","16.0"
"2026","자치단체이전","자치단체경상보조","보건복지부","일반회계"," ","사회복지","아동·보육","저출산대응및인구정책지원","저출산고령사회정책개발관리","청년정책 개발 및 지원체계 기반 구축","고립·은둔청년 지원 사업","3374000","2838440","774169","84.1","27.3"
"2026","자치단체이전","자치단체경상보조","보건복지부","일반회계"," ","사회복지","아동·보육","저출산대응및인구정책지원","아동수당 지원","아동수당 지급","아동수당급여지급","2480627000","2032920000","2204842680","82.0","108.5"
"2026","자치단체이전","자치단체경상보조","보건복지부","일반회계"," ","사회복지","아동·보육","저출산대응및인구정책지원","부모급여(영아수당) 지원","부모급여(영아수당) 지원","부모급여 지원","2372567000","1938000000","1919728544","81.7","99.1"
"2026","자치단체이전","자치단체경상보조","보건복지부","일반회계"," ","사회복지","노인","노인생활안정","기초연금 지원","기초연금지급","기초연금 지급(지자체보조)","23114059000","15229353870","21422888634","65.9","140.7"
"2026","자치단체이전","자치단체경상보조","보건복지부","일반회계"," ","사회복지","노인","노인생활안정","노인보호시설 지원","영주귀국 사할린한인 정착비 및 시설운영 지원","영주귀국 사할린한인 시설운영 지원","0","0","0","0","0"
"2026","자치단체이전","자치단체경상보조","보건복지부","일반회계"," ","사회복지","노인","노인생활안정","노인관련기관지원","노인보호전문기관","지역노인보호전문기관 운영지원","9442920","9442620","5940379","100.0","62.9"
"2026","자치단체이전","자치단체경상보조","보건복지부","일반회계"," ","사회복지","노인","노인생활안정","노인관련기관지원","노인보호전문기관","학대피해노인전용쉼터 운영지원","2794640","2794634","1561473","100.0","55.9"
"2026","자치단체이전","자치단체경상보조","보건복지부","일반회계"," ","사회복지","노인","노인생활안정","노인일자리지원","노인일자리 및 사회활동지원","노인일자리 및 사회활동지원 확대(지자체보조)","0","0","0","0","0"
"2026","자치단체이전","자치단체경상보조","보건복지부","일반회계"," ","사회복지","노인","노인의료보장","노인요양시설확충","강진문화복지종합타운(BTL)","강진문화복지종합타운(BTL) 임대료 지원","484000","484000","484000","100.0","100.0"
"2026","자치단체이전","자치단체경상보조","보건복지부","일반회계"," ","보건","보건의료","공공보건의료확충","의료취약지 지원","외국인근로자 등 의료지원","외국인근로자 등 의료지원사업","4314000","3235500","2092917","75.0","64.7"
"2026","자치단체이전","자치단체경상보조","보건복지부","일반회계"," ","보건","보건의료","공공보건의료확충","의료취약지 지원","취약지 등 전문의료인력 양성 및 지원","공중보건장학제도 운영","1038000","328800","259650","31.7","79.0"
"2026","자치단체이전","자치단체경상보조","보건복지부","일반회계"," ","보건","보건의료","공공보건의료확충","의료취약지 지원","취약지 등 전문의료인력 양성 및 지원","시니어의사 지원(채용지원금)","7390000","4544300","2122284","61.5","46.7"
"2026","자치단체이전","자치단체경상보조","보건복지부","일반회계"," ","보건","보건의료","공공보건의료확충","의료취약지 지원","취약지 등 전문의료인력 양성 및 지원","지역필수의사제 운영 지원","3711000","2671000","1266954","72.0","47.4"
"2026","자치단체이전","자치단체경상보조","보건복지부","일반회계"," ","보건","보건의료","공공보건의료확충","의료취약지 지원","취약지 등 전문의료인력 양성 및 지원","지방협업형 필수 의료체계 구축 시범사업","983000","983000","195879","100.0","19.9"
"2026","자치단체이전","자치단체경상보조","보건복지부","일반회계"," ","보건","보건의료","공공보건의료확충","원폭및한센인피해자지원","한센인피해사건진상조사및위로지원","한센인피해자 위로지원금 및 의료지원금 지급","6973000","5449500","4138350","78.2","75.9"
"2026","자치단체이전","자치단체경상보조","보건복지부","일반회계"," ","보건","보건의료","공공보건의료확충","원폭및한센인피해자지원","원폭피해자진료비장제비등 지원","원폭진료소 약제비 지원(경남 합천군)","31000","31000","16728","100.0","54.0"
"2026","자치단체이전","자치단체경상보조","보건복지부","일반회계"," ","보건","보건의료","보건산업육성","의료정보 활용 정책 지원","원격 중환자실(e-ICU) 협력 네트워크 구축","중환자 모니터링 시스템 구축 및 운영(경상보조)","1450000","1450000","173868","100.0","12.0"
"2026","자치단체이전","자치단체경상보조","보건복지부","일반회계"," ","보건","보건의료","보건산업육성","보건산업진흥","바이오헬스산업 육성 지원","광주 AI 디지털 노화산업 실증연구센터 구축","600000","0","0","0.0","0"
"2026","자치단체이전","자치단체경상보조","보건복지부","일반회계"," ","보건","보건의료","한의학연구및정책개발","한의약산업지원","한약재유통지원시설 설치(BTL정부지급금)","한약재유통지원시설(BTL사업) 임대료 지원","2150000","2150000","1515788","100.0","70.5"
"2026","자치단체이전","자치단체경상보조","보건복지부","일반회계"," ","보건","보건의료","한의학연구및정책개발","한의약산업지원","한의약산업육성","한의약 소재은행","820000","820000","252407","100.0","30.8"
"2026","자치단체이전","자치단체경상보조","보건복지부","일반회계"," ","보건","보건의료","한의학연구및정책개발","한의약산업지원","한의약산업육성","한의약산업 전주기 지원체계 구축(한의약 제품 및 기술개발 지원) ","706000","706000","255345","100.0","36.2"
"2026","자치단체이전","자치단체경상보조","보건복지부","일반회계"," ","보건","보건의료","국민건강생활실천","구강건강서비스 기반조성","장애인구강진료센터","권역장애인구강진료센터 운영(비급여진료비, 인건비, 운영비)","6505000","6035392","2590806","92.8","42.9"
"2026","자치단체이전","자치단체경상보조","보건복지부","일반회계"," ","보건","보건의료","국민건강생활실천","정신보건시설기능보강","정신건강 지원체계 구축","중독자 치료지원 및 기반구축(치료비 지원)","1350000","1135600","716935","84.1","63.1"
"2026","자치단체이전","자치단체경상보조","보건복지부","일반회계"," ","보건","보건의료","국민건강생활실천","정신보건시설기능보강","정신건강 지원체계 구축","정신질환 치료비 지원 사업","2917000","1946000","2249138","66.7","115.6"
"2026","자치단체이전","자치단체경상보조","보건복지부","일반회계"," ","보건","보건의료","국민건강생활실천","정신보건시설기능보강","정신건강 지원체계 구축","중독관리통합지원센터 운영지원","668000","668000","463998","100.0","69.5"
"2026","자치단체이전","자치단체경상보조","보건복지부","일반회계"," ","보건","보건의료","국민건강생활실천","정신보건시설기능보강","정신건강 지원체계 구축","청년중독관리사업","400000","400000","242629","100.0","60.7"
"2026","자치단체이전","자치단체경상보조","보건복지부","일반회계"," ","보건","보건의료","국민건강생활실천","정신보건시설기능보강","정신건강 지원체계 구축","권역정신응급의료센터 운영(사업비) ","4494000","3338400","2107755","74.3","63.1"
"2026","자치단체이전","자치단체경상보조","보건복지부","일반회계"," ","보건","보건의료","국민건강생활실천","정신보건시설기능보강","정신건강 지원체계 구축","중독자 치료지원 및 기반구축(권역 치료보호기관 운영지원)","900000","900000","177159","100.0","19.7"
"2026","자치단체이전","자치단체경상보조","보건복지부","일반회계"," ","보건","보건의료","국민건강생활실천","정신보건시설기능보강","정신건강 지원체계 구축","정신질환자 주거지원 시범사업","401000","309000","113034","77.1","36.6"
"2026","자치단체이전","자치단체경상보조","보건복지부","일반회계"," ","보건","보건의료","국민건강생활실천","정신보건시설기능보강","정신건강 지원체계 구축","중독관리통합지원센터 인력지원","5405000","5405000","3809803","100.0","70.5"
"2026","자치단체이전","자치단체경상보조","보건복지부","일반회계"," ","보건","보건의료","국민건강생활실천","정신보건시설기능보강","정신건강 지원체계 구축","정신질환자 복지서비스 지원(동료지원인 양성 및 활동지원)","157000","149577","12634","95.3","8.4"
"2026","자치단체이전","자치단체경상보조","보건복지부","일반회계"," ","보건","보건의료","국민건강생활실천","정신보건시설기능보강","정신건강증진시설 운영지원","정신요양시설 운영지원","115515000","86636000","64995179","75.0","75.0"
"2026","자치단체이전","자치단체경상보조","보건복지부","일반회계"," ","보건","보건의료","국민건강생활실천","정신보건시설기능보강","정신건강증진시설 운영지원","정신요양시설 자립훈련 프로그램 지원","0","0","0","0","0"
"2026","자치단체이전","자치단체경상보조","보건복지부","일반회계"," ","보건","보건의료","국민건강생활실천","정신보건시설기능보강","포항지진트라우마센터 설치 운영","포항지진트라우마센터 설치 운영","451000","338250","250483","75.0","74.1"
"2026","자치단체이전","자치단체경상보조","보건복지부","일반회계"," ","보건","보건의료","국민건강생활실천","정신보건시설기능보강","심리상담 바우처사업","심리상담 바우처","27173000","27173000","23124523","100.0","85.1"
"2026","자치단체이전","자치단체경상보조","보건복지부","일반회계"," ","보건","보건의료","국민건강생활실천","건강한 생활보건환경 조성","의료취약지 지역보건의료 긴급지원","의료취약지 지역보건의료 긴급지원","2065000","1763540","0","85.4","0.0"
"2026","자치단체이전","자치단체경상보조","보건복지부","일반회계"," ","보건","보건의료","보건의료서비스지원","의료기관 질관리 및 정책지원","공공야간.심야약국 운영 지원","공공야간·심야약국 운영비 ","5519000","3861320","2569385","70.0","66.5"
"2026","자치단체이전","자치단체경상보조","보건복지부","지역균형발전특별회계","세종특별자치시계정","사회복지","사회복지일반","사회복지기반조성","지역자율형 사회서비스 투자사업","지역자율형 사회서비스 투자사업(세종)","지역사회서비스 투자사업(세종)","1728000","1297000","812325","75.1","62.6"
"2026","자치단체이전","자치단체경상보조","보건복지부","지역균형발전특별회계","세종특별자치시계정","사회복지","사회복지일반","사회복지기반조성","지역자율형 사회서비스 투자사업","지역자율형 사회서비스 투자사업(세종)","가사.간병 방문지원사업(세종)","48000","35000","35000","72.9","100.0"
"2026","자치단체이전","자치단체경상보조","보건복지부","지역균형발전특별회계","세종특별자치시계정","사회복지","사회복지일반","사회복지기반조성","사회복지전달체계","읍면동 맞춤형 통합서비스 지원(세종)","읍면동 맞춤형 통합서비스 지원","185000","185000","77589","100.0","41.9"
"2026","자치단체이전","자치단체경상보조","보건복지부","지역균형발전특별회계","세종특별자치시계정","사회복지","아동·보육","아동보호 및 복지 강화","방과후 돌봄 지원","지역아동센터 운영비 지원(세종)","지역아동센터 운영비 지원(세종)","136000","105864","101764","77.8","96.1"
"2026","자치단체이전","자치단체경상보조","보건복지부","지역균형발전특별회계","세종특별자치시계정","사회복지","아동·보육","아동보호 및 복지 강화","방과후 돌봄 지원","지역아동센터 운영비 지원(세종)","지역아동센터 인건비 지원(세종)","676000","663296","506466","98.1","76.4"
"2026","자치단체이전","자치단체경상보조","보건복지부","지역균형발전특별회계","세종특별자치시계정","사회복지","아동·보육","아동보호 및 복지 강화","방과후 돌봄 지원","지역아동센터 지원(세종)","특성별 지역아동센터 추가 지원","6000","4500","5994","75.0","133.2"
"2026","자치단체이전","자치단체경상보조","보건복지부","지역균형발전특별회계","세종특별자치시계정","사회복지","아동·보육","아동보호 및 복지 강화","방과후 돌봄 지원","지역아동센터 지원(세종)","아동복지교사 파견 지원","68000","68000","37889","100.0","55.7"
"2026","자치단체이전","자치단체경상보조","보건복지부","지역균형발전특별회계","세종특별자치시계정","사회복지","아동·보육","아동보호 및 복지 강화","방과후 돌봄 지원","지역아동센터 지원(세종)","지역아동센터 시도지원단 운영","5000","4000","2484","80.0","62.1"
"2026","자치단체이전","자치단체경상보조","보건복지부","지역균형발전특별회계","세종특별자치시계정","사회복지","아동·보육","아동보호 및 복지 강화","방과후 돌봄 지원","다함께 돌봄센터 지원(세종)","다함께돌봄센터 인건비 지원(세종)","464000","417600","329980","90.0","79.0"
"2026","자치단체이전","자치단체경상보조","보건복지부","지역균형발전특별회계","세종특별자치시계정","사회복지","아동·보육","아동보호 및 복지 강화","방과후 돌봄 지원","다함께 돌봄센터 지원(세종)","다함께돌봄센터 운영비 지원(세종)","79000","65250","50350","82.6","77.2"
"2026","자치단체이전","자치단체경상보조","보건복지부","지역균형발전특별회계","세종특별자치시계정","사회복지","노인","노인생활안정","노인관련기관지원","경로당 지원(세종)","경로당 냉난방비 및 양곡비 지원","698000","698000","469648","100.0","67.3"
"2026","자치단체이전","자치단체경상보조","보건복지부","지역균형발전특별회계","세종특별자치시계정","사회복지","노인","노인생활안정","노인일자리지원","노인일자리 및 사회활동지원(세종)","노인일자리 및 사회활동지원 확대(세종)","11310000","9951792","5021868","88.0","50.5"
"2026","자치단체이전","자치단체경상보조","보건복지부","지역균형발전특별회계","제주특별자치도계정","사회복지","사회복지일반","사회복지기반조성","지역자율형 사회서비스 투자사업","지역자율형 사회서비스 투자사업(제주)","지역사회서비스 투자사업(제주)","7034000","5266011","4547917","74.9","86.4"
"2026","자치단체이전","자치단체경상보조","보건복지부","지역균형발전특별회계","제주특별자치도계정","사회복지","사회복지일반","사회복지기반조성","지역자율형 사회서비스 투자사업","지역자율형 사회서비스 투자사업(제주)","가사.간병 방문지원사업(제주)","173000","139239","96997","80.5","69.7"
"2026","자치단체이전","자치단체경상보조","보건복지부","지역균형발전특별회계","제주특별자치도계정","사회복지","사회복지일반","사회복지기반조성","사회복지전달체계","읍면동 맞춤형 통합서비스 지원(제주)","읍면동 맞춤형 통합서비스 지원","297000","297000","112528","100.0","37.9"
"2026","자치단체이전","자치단체경상보조","보건복지부","지역균형발전특별회계","제주특별자치도계정","사회복지","아동·보육","아동보호 및 복지 강화","방과후 돌봄 지원","지역아동센터 운영비 지원(제주)","지역아동센터 운영비 지원(제주)","623724","572382","466639","91.8","81.5"
"2026","자치단체이전","자치단체경상보조","보건복지부","지역균형발전특별회계","제주특별자치도계정","사회복지","아동·보육","아동보호 및 복지 강화","방과후 돌봄 지원","지역아동센터 운영비 지원(제주)","지역아동센터 인건비 지원(제주)","3427276","3143628","1935554","91.7","61.6"
"2026","자치단체이전","자치단체경상보조","보건복지부","지역균형발전특별회계","제주특별자치도계정","사회복지","아동·보육","아동보호 및 복지 강화","방과후 돌봄 지원","지역아동센터 지원(제주)","특성별 지역아동센터 추가 지원","83000","60000","76253","72.3","127.1"
"2026","자치단체이전","자치단체경상보조","보건복지부","지역균형발전특별회계","제주특별자치도계정","사회복지","아동·보육","아동보호 및 복지 강화","방과후 돌봄 지원","지역아동센터 지원(제주)","아동복지교사 파견 지원","489000","489000","225135","100.0","46.0"
"2026","자치단체이전","자치단체경상보조","보건복지부","지역균형발전특별회계","제주특별자치도계정","사회복지","아동·보육","아동보호 및 복지 강화","방과후 돌봄 지원","지역아동센터 지원(제주)","지역아동센터 시도지원단 운영","39000","29000","16990","74.4","58.6"
"2026","자치단체이전","자치단체경상보조","보건복지부","지역균형발전특별회계","제주특별자치도계정","사회복지","아동·보육","아동보호 및 복지 강화","방과후 돌봄 지원","다함께 돌봄센터 지원(제주)","다함께돌봄센터 인건비 지원(제주)","499000","406700","384713","81.5","94.6"
"2026","자치단체이전","자치단체경상보조","보건복지부","지역균형발전특별회계","제주특별자치도계정","사회복지","아동·보육","아동보호 및 복지 강화","방과후 돌봄 지원","다함께 돌봄센터 지원(제주)","다함께돌봄센터 운영비 지원(제주)","72000","64300","60364","89.3","93.9"
"2026","자치단체이전","자치단체경상보조","보건복지부","지역균형발전특별회계","제주특별자치도계정","사회복지","노인","노인생활안정","노인관련기관지원","경로당 지원(제주)","경로당 냉난방비 및 양곡비 지원","593000","593000","350815","100.0","59.2"
"2026","자치단체이전","자치단체경상보조","보건복지부","지역균형발전특별회계","제주특별자치도계정","사회복지","노인","노인생활안정","노인일자리지원","노인일자리 및 사회활동지원(제주)","노인일자리 및 사회활동지원 확대(제주)","43472000","42565955","22417330","97.9","52.7"
"2026","자치단체이전","자치단체경상보조","보건복지부","지역균형발전특별회계","지역자율계정","사회복지","사회복지일반","사회복지기반조성","지역자율형 사회서비스 투자사업","지역자율형 사회서비스 투자사업(자율)","지역사회서비스 투자사업","189069564","142467569","150111408","75.4","105.4"
"2026","자치단체이전","자치단체경상보조","보건복지부","지역균형발전특별회계","지역자율계정","사회복지","사회복지일반","사회복지기반조성","지역자율형 사회서비스 투자사업","지역자율형 사회서비스 투자사업(자율)","가사.간병 방문지원사업","24140436","18949567","19713681","78.5","104.0"
"2026","자치단체이전","자치단체경상보조","보건복지부","지역균형발전특별회계","지역자율계정","사회복지","사회복지일반","사회복지기반조성","사회복지전달체계","읍면동 맞춤형 통합서비스 지원(자율)","읍면동 맞춤형 통합서비스 지원","23726000","23726000","10654880","100.0","44.9"
"2026","자치단체이전","자치단체경상보조","보건복지부","지역균형발전특별회계","지역자율계정","사회복지","아동·보육","아동보호 및 복지 강화","방과후 돌봄 지원","지역아동센터 운영비 지원(자율)","지역아동센터 인건비 지원(자율)","212670444","201680120","147862567","94.8","73.3"
"2026","자치단체이전","자치단체경상보조","보건복지부","지역균형발전특별회계","지역자율계정","사회복지","아동·보육","아동보호 및 복지 강화","방과후 돌봄 지원","지역아동센터 운영비 지원(자율)","지역아동센터 운영비 지원(자율)","38218200","33184188","26911145","86.8","81.1"
"2026","자치단체이전","자치단체경상보조","보건복지부","지역균형발전특별회계","지역자율계정","사회복지","아동·보육","아동보호 및 복지 강화","방과후 돌봄 지원","지역아동센터 지원(자율)","특성별 지역아동센터 추가 지원","3834460","3515694","2499728","91.7","71.1"
"2026","자치단체이전","자치단체경상보조","보건복지부","지역균형발전특별회계","지역자율계정","사회복지","아동·보육","아동보호 및 복지 강화","방과후 돌봄 지원","지역아동센터 지원(자율)","아동복지교사 파견 지원","27734000","24066478","14743573","86.8","61.3"
"2026","자치단체이전","자치단체경상보조","보건복지부","지역균형발전특별회계","지역자율계정","사회복지","아동·보육","아동보호 및 복지 강화","방과후 돌봄 지원","지역아동센터 지원(자율)","지역아동센터 시도지원단 운영","1039896","958733","557194","92.2","58.1"
"2026","자치단체이전","자치단체경상보조","보건복지부","지역균형발전특별회계","지역자율계정","사회복지","아동·보육","아동보호 및 복지 강화","방과후 돌봄 지원","지역아동센터 지원(자율)","다함께돌봄센터 운영시간 연장","410000","406900","297865","99.2","73.2"
"2026","자치단체이전","자치단체경상보조","보건복지부","지역균형발전특별회계","지역자율계정","사회복지","아동·보육","아동보호 및 복지 강화","방과후 돌봄 지원","다함께 돌봄센터 지원(자율)","다함께돌봄센터 인건비 지원","58114000","44715752","37050233","76.9","82.9"
"2026","자치단체이전","자치단체경상보조","보건복지부","지역균형발전특별회계","지역자율계정","사회복지","아동·보육","아동보호 및 복지 강화","방과후 돌봄 지원","다함께 돌봄센터 지원(자율)","다함께돌봄센터 운영비 지원","8784000","7787600","5885802","88.7","75.6"
"2026","자치단체이전","자치단체경상보조","보건복지부","지역균형발전특별회계","지역자율계정","사회복지","노인","노인생활안정","노인관련기관지원","경로당 지원(자율)","경로당 냉난방비 및 양곡비 지원","87594000","87594000","59532675","100.0","68.0"
"2026","자치단체이전","자치단체경상보조","보건복지부","지역균형발전특별회계","지역자율계정","사회복지","노인","노인생활안정","노인일자리지원","노인일자리 및 사회활동지원(자율)","노인일자리 및 사회활동지원 확대(자율)","2099268000","1819986549","1585501524","86.7","87.1"
"2026","자치단체이전","자치단체경상보조","보건복지부","지역균형발전특별회계","지역지원계정","사회복지","취약계층지원","장애인생활안정 및 재활 지원","장애인권익증진 및 자립생활 지원","장애인 자립지원 시범사업","장애인 자립지원 시범사업","6785000","5000000","2922485","73.7","58.4"
"2026","자치단체이전","자치단체경상보조","보건복지부","지역균형발전특별회계","지역지원계정","사회복지","사회복지일반","사회복지기반조성","지역자율형 사회서비스 투자사업","지역자율형 사회서비스 투자사업","생활사회서비스 투자사업","48360000","40888573","31621246","84.6","77.3"
"2026","자치단체이전","자치단체경상보조","보건복지부","지역균형발전특별회계","지역지원계정","사회복지","사회복지일반","사회복지기반조성","지역자율형 사회서비스 투자사업","지역자율형 사회서비스 투자사업","긴급돌봄 지원사업","5107000","4801700","4337960","94.0","90.3"
"2026","자치단체이전","자치단체경상보조","보건복지부","지역균형발전특별회계","지역지원계정","사회복지","사회복지일반","사회복지기반조성","사회복지전달체계","사례관리 전달체계 개선","아동보호전담요원","22261000","22251867","11392788","100.0","51.2"
"2026","자치단체이전","자치단체경상보조","보건복지부","지역균형발전특별회계","지역지원계정","사회복지","사회복지일반","사회복지기반조성","사회복지전달체계","사례관리 전달체계 개선","자활사례관리","5495000","5495000","4446880","100.0","80.9"
"2026","자치단체이전","자치단체경상보조","보건복지부","지역균형발전특별회계","지역지원계정","사회복지","사회복지일반","사회복지기반조성","사회복지전달체계","사례관리 전달체계 개선","의료급여관리사","20846000","14592200","11056955","70.0","75.8"
"2026","자치단체이전","자치단체경상보조","보건복지부","지역균형발전특별회계","지역지원계정","사회복지","사회복지일반","사회복지기반조성","사회복지전달체계","사례관리 전달체계 개선","통합사례관리사 지원(인건비)","0","0","0","0","0"
"2026","자치단체이전","자치단체경상보조","보건복지부","지역균형발전특별회계","지역지원계정","사회복지","사회복지일반","사회복지기반조성","사회복지전달체계","사례관리 전달체계 개선","통합사례관리사 지원(시군구 사업비)","0","0","0","0","0"
"2026","자치단체이전","자치단체경상보조","보건복지부","지역균형발전특별회계","지역지원계정","사회복지","사회복지일반","사회복지기반조성","사회복지전달체계","사례관리 전달체계 개선","통합사례관리사 지원(현장슈퍼바이저 운영)","0","0","0","0","0"
"2026","자치단체이전","자치단체경상보조","보건복지부","지역균형발전특별회계","지역지원계정","사회복지","사회복지일반","사회복지기반조성","사회복지전달체계","사례관리 전달체계 개선","방문건강관리","48701000","48701000","27880089","100.0","57.2"
"2026","자치단체이전","자치단체경상보조","보건복지부","지역균형발전특별회계","지역지원계정","사회복지","사회복지일반","사회복지기반조성","사회복지전달체계","사례관리 전달체계 개선","취약계층 아동통합서비스 지원","56203000","49780498","29970278","88.6","60.2"
"2026","자치단체이전","자치단체경상보조","보건복지부","지역균형발전특별회계","지역지원계정","사회복지","사회복지일반","사회복지기반조성","사회복지전달체계","사례관리 전달체계 개선","고독사예방 사례관리","0","0","0","0","0"
"2026","자치단체이전","자치단체경상보조","보건복지부","지역균형발전특별회계","지역지원계정","사회복지","사회복지일반","사회복지기반조성","사회복지전달체계","사례관리 전달체계 개선","통합사례관리","22134000","21455105","11678275","96.9","54.4"
"2026","자치단체이전","자치단체경상보조","보건복지부","지역균형발전특별회계","지역지원계정","사회복지","사회복지일반","사회복지기반조성","사회복지전달체계","사례관리 전달체계 개선","지역돌봄사례관리사 ","0","0","0","0","0"
"2026","자치단체이전","자치단체경상보조","보건복지부","지역균형발전특별회계","지역지원계정","사회복지","사회복지일반","사회복지기반조성","사회복지전달체계","사례관리 전달체계 개선","노쇠예방 건강관리","219000","218880","8862","99.9","4.0"
"2026","자치단체이전","자치단체경상보조","보건복지부","지역균형발전특별회계","지역지원계정","사회복지","아동·보육","아동보호 및 복지 강화","방과후 돌봄 지원","방학 한시 틈새돌봄 지원","틈새돌봄센터 지원(지역아동센터)","5456000","1607332","0","29.5","0.0"
"2026","자치단체이전","자치단체경상보조","보건복지부","지역균형발전특별회계","지역지원계정","사회복지","아동·보육","아동보호 및 복지 강화","방과후 돌봄 지원","방학 한시 틈새돌봄 지원","틈새돌봄센터 지원(다함께돌봄센터)","2728000","511524","0","18.8","0.0"
"2026","자치단체이전","자치단체경상보조","보건복지부","지역균형발전특별회계","지역지원계정","사회복지","아동·보육","아동보호 및 복지 강화","방과후 돌봄 지원","방학 한시 틈새돌봄 지원","점심돌봄센터 지원(지역아동센터)","3637000","98514","0","2.7","0.0"
"2026","자치단체이전","자치단체경상보조","보건복지부","지역균형발전특별회계","지역지원계정","사회복지","노인","노인생활안정","노인관련기관지원","노인단체 지원(지원)","경로당광역지원센터 운영지원","2480000","2480000","1308685","100.0","52.8"
"2026","자치단체이전","자치단체경상보조","보건복지부","지역균형발전특별회계","지역지원계정","사회복지","노인","노인생활안정","노인돌봄서비스","노인맞춤돌봄서비스","노인맞춤돌봄서비스","584244000","467395199","318523669","80.0","68.1"
"2026","자치단체이전","자치단체경상보조","보건복지부","지역균형발전특별회계","지역지원계정","사회복지","노인","노인생활안정","노인돌봄서비스","노인맞춤돌봄서비스","주거 인프라 연계 돌봄서비스","607000","607000","351492","100.0","57.9"
"2026","자치단체이전","자치단체경상보조","보건복지부","지역균형발전특별회계","지역지원계정","사회복지","노인","노인의료보장","노인요양시설확충","노인요양시설 확충","장기요양요원지원센터 확충","697125","697125","420356","100.0","60.3"
"2026","자치단체이전","자치단체경상보조","보건복지부","지역균형발전특별회계","지역지원계정","보건","보건의료","공공보건의료확충","공공보건의료정보화","지방의료원 등 정보화 지원(정보화)","지방의료원 병원정보시스템지원","0","0","0","0","0"
"2026","자치단체이전","자치단체경상보조","보건복지부","지역균형발전특별회계","지역지원계정","보건","보건의료","공공보건의료확충","지방의료원 등 육성","지역거점병원공공성강화","시도 공공보건의료지원단 운영지원","2400000","2400000","1079667","100.0","45.0"
"2026","자치단체이전","자치단체경상보조","보건복지부","지역균형발전특별회계","지역지원계정","보건","보건의료","공공보건의료확충","지방의료원 등 육성","지역거점병원공공성강화","지방의료원 BTL지원","14760000","10061750","8443327","68.2","83.9"
"2026","자치단체이전","자치단체경상보조","보건복지부","지역균형발전특별회계","지역지원계정","보건","보건의료","공공보건의료확충","지방의료원 등 육성","지역거점병원공공성강화","공공보건의료 협력체계 구축(경상)","19189000","19188400","8343306","100.0","43.5"
"2026","자치단체이전","자치단체경상보조","보건복지부","지역균형발전특별회계","지역지원계정","보건","보건의료","공공보건의료확충","지방의료원 등 육성","지역거점병원공공성강화","지방의료원 파견 의료인력 인건비 지원","7500000","4704000","2725566","62.7","57.9"
"2026","자치단체이전","자치단체경상보조","보건복지부","지역균형발전특별회계","지역지원계정","보건","보건의료","공공보건의료확충","지방의료원 등 육성","지역거점병원공공성강화","필수의료 강화지원","55650000","39250000","31686601","70.5","80.7"
"2026","자치단체이전","자치단체경상보조","보건복지부","지역균형발전특별회계","지역지원계정","보건","보건의료","공공보건의료확충","의료취약지 지원","의료 및 분만취약지 지원","분만취약지 지원사업 운영","11500000","8480000","5828748","73.7","68.7"
"2026","자치단체이전","자치단체경상보조","보건복지부","지역균형발전특별회계","지역지원계정","보건","보건의료","공공보건의료확충","의료취약지 지원","의료 및 분만취약지 지원","의료취약지 원격협진 지원(지자체경상보조)","2020000","2020000","838631","100.0","41.5"
"2026","자치단체이전","자치단체경상보조","보건복지부","지역균형발전특별회계","지역지원계정","보건","보건의료","공공보건의료확충","의료취약지 지원","의료 및 분만취약지 지원","의료취약지 소아청소년과 지원사업 운영","1625000","1550000","805273","95.4","52.0"
"2026","자치단체이전","자치단체경상보조","보건복지부","지역균형발전특별회계","지역지원계정","보건","보건의료","공공보건의료확충","의료취약지 지원","의료 및 분만취약지 지원","의료취약지 인공신장실 지원사업 운영","1125000","1050000","599805","93.3","57.1"
"2026","자치단체이전","자치단체경상보조","보건복지부","지역균형발전특별회계","지역지원계정","보건","보건의료","응급의료체계운영지원","응급의료 안전망 및 생활화 지원","독거노인·중증장애인 응급안전안심서비스","독거노인·중증장애인 응급안전안심서비스","32106679","28092467","17764898","87.5","63.2"
"2026","자치단체이전","자치단체경상보조","산림청","농어촌구조개선특별회계","임업진흥사업계정","농림수산","임업·산촌","산림자원 및 산업육성","산림자원 육성·관리(농특)","숲가꾸기","공공산림가꾸기","0","0","0","0","0"
"2026","자치단체이전","자치단체경상보조","산림청","농어촌구조개선특별회계","임업진흥사업계정","농림수산","임업·산촌","산림자원 및 산업육성","산림자원 육성·관리(농특)","목재생산관리","긴급벌채","55000","0","0","0.0","0"
"2026","자치단체이전","자치단체경상보조","산림청","농어촌구조개선특별회계","임업진흥사업계정","농림수산","임업·산촌","산림자원 및 산업육성","산림자원 육성·관리(농특)","목재생산관리","목재수확 점검·관리","1414000","1216955","443385","86.1","36.4"
"2026","자치단체이전","자치단체경상보조","산림청","농어촌구조개선특별회계","임업진흥사업계정","농림수산","임업·산촌","산림자원 및 산업육성","산림자원 육성·관리(농특)","목재생산관리","친환경 목재생산","788000","487683","74684","61.9","15.3"
"2026","자치단체이전","자치단체경상보조","산림청","농어촌구조개선특별회계","임업진흥사업계정","농림수산","임업·산촌","산림자원 및 산업육성","목재 및 임산물활용(농특)","청정임산물이용증진","임산물상품화지원","2065000","1884036","708834","91.2","37.6"
"2026","자치단체이전","자치단체경상보조","산림청","농어촌구조개선특별회계","임업진흥사업계정","농림수산","임업·산촌","산림자원 및 산업육성","목재 및 임산물활용(농특)","청정임산물이용증진","산양삼생산과정확인","94000","69937","28319","74.4","40.5"
"2026","자치단체이전","자치단체경상보조","산림청","농어촌구조개선특별회계","임업진흥사업계정","농림수산","임업·산촌","산림자원 및 산업육성","목재 및 임산물활용(농특)","임산물생산기반조성","잔디 객토 지원사업","2850000","2850000","84298","100.0","3.0"
"2026","자치단체이전","자치단체경상보조","산림청","농어촌구조개선특별회계","임업진흥사업계정","농림수산","임업·산촌","산림자원 및 산업육성","목재 및 임산물활용(농특)","목재제품 품질관리","목재생산업 등록관리","126000","126000","74596","100.0","59.2"
"2026","자치단체이전","자치단체경상보조","산림청","농어촌구조개선특별회계","임업진흥사업계정","농림수산","임업·산촌","산림자원 및 산업육성","임업정책자금 지원(농특)","임업직불금 이행점검 및 사업관리","이행점검 및 사업관리","1399000","1399000","792703","100.0","56.7"
"2026","자치단체이전","자치단체경상보조","산림청","농어촌구조개선특별회계","임업진흥사업계정","농림수산","임업·산촌","산림자원 및 산업육성","임업정책자금 지원(농특)","임업·산림 공익직접지불금","직접지불금 지급","53196000","38747001","4488114","72.8","11.6"
"2026","자치단체이전","자치단체경상보조","산림청","농어촌구조개선특별회계","임업진흥사업계정","농림수산","임업·산촌","산림재난관리","산림병해충 예방 및 대응(농특)","산림병해충방제","산림병해충방제(지자체)","111241000","102290307","83699096","92.0","81.8"
"2026","자치단체이전","자치단체경상보조","산림청","농어촌구조개선특별회계","임업진흥사업계정","농림수산","임업·산촌","산림재난관리","산림병해충 예방 및 대응(농특)","산림병해충방제","이동단속초소 운영(감염목무단이동단속)","2452000","2452000","1358556","100.0","55.4"
"2026","자치단체이전","자치단체경상보조","산림청","일반회계"," ","농림수산","임업·산촌","산림자원 및 산업육성","산림정책 지원(일반)","산림정책개발","명품숲 연계 산촌다움 공간 조성 ","0","0","0","0","0"
"2026","자치단체이전","자치단체경상보조","산림청","일반회계"," ","농림수산","임업·산촌","산림자원 및 산업육성","산림정책 지원(일반)","산림탄소관리 및 활용 기반구축","사유림경영DB 구축","825000","800745","394926","97.1","49.3"
"2026","자치단체이전","자치단체경상보조","산림청","일반회계"," ","농림수산","임업·산촌","산림자원 및 산업육성","목재생산·관리(일반)","목재생산관리","긴급벌채","0","0","0","0","0"
"2026","자치단체이전","자치단체경상보조","산림청","일반회계"," ","농림수산","임업·산촌","산림자원 및 산업육성","목재생산·관리(일반)","목재생산관리","목재수확 점검·관리","0","0","0","0","0"
"2026","자치단체이전","자치단체경상보조","산림청","일반회계"," ","농림수산","임업·산촌","산림자원 및 산업육성","목재생산·관리(일반)","목재생산관리","친환경 목재생산","0","0","0","0","0"
"2026","자치단체이전","자치단체경상보조","산림청","일반회계"," ","농림수산","임업·산촌","산림이용 및 복지증진","산림복지서비스 제공·운영","산림서비스도우미","숲해설 운영(위탁)","0","0","0","0","0"
"2026","자치단체이전","자치단체경상보조","산림청","일반회계"," ","농림수산","임업·산촌","산림이용 및 복지증진","산림복지서비스 제공·운영","산림서비스도우미","유아숲교육 운영(위탁)","0","0","0","0","0"
"2026","자치단체이전","자치단체경상보조","산림청","일반회계"," ","농림수산","임업·산촌","산림이용 및 복지증진","산림복지서비스 제공·운영","산림서비스도우미","산림치유 운영(위탁) ","0","0","0","0","0"
"2026","자치단체이전","자치단체경상보조","산림청","일반회계"," ","농림수산","임업·산촌","산림이용 및 복지증진","산림복지서비스 제공·운영","산림서비스도우미","산림복지일자리","0","0","0","0","0"
"2026","자치단체이전","자치단체경상보조","산림청","일반회계"," ","농림수산","임업·산촌","산림이용 및 복지증진","산림복지서비스 제공·운영","산림휴양등산증진","자연휴양림 복합재해 대응사업","192000","192000","81945","100.0","42.7"
"2026","자치단체이전","자치단체경상보조","산림청","일반회계"," ","농림수산","임업·산촌","산림환경 보전 및 증진","산림생태보전(일반)","산림복원","산림복원지 사후 모니터링","345800","332500","182573","96.2","54.9"
"2026","자치단체이전","자치단체경상보조","산림청","일반회계"," ","농림수산","임업·산촌","산림환경 보전 및 증진","산림생태보전(일반)","산림복원","산림복원사업 타당성평가","142324","142324","65057","100.0","45.7"
"2026","자치단체이전","자치단체경상보조","산림청","일반회계"," ","농림수산","임업·산촌","산림환경 보전 및 증진","산림생태보전(일반)","산림복원","보호구역 산불피해지 산림생태복원 타당성평가","554500","554500","92400","100.0","16.7"
"2026","자치단체이전","자치단체경상보조","산림청","일반회계"," ","농림수산","임업·산촌","산림환경 보전 및 증진","산림생태보전(일반)","산림복원","섬숲경관복원 타당성평가","80976","80976","0","100.0","0.0"
"2026","자치단체이전","자치단체경상보조","산림청","일반회계"," ","농림수산","임업·산촌","산림환경 보전 및 증진","산림생태보전(일반)","백두대간보전","백두대간(정맥)생태축복원","6440","6440","3220","100.0","50.0"
"2026","자치단체이전","자치단체경상보조","산림청","일반회계"," ","농림수산","임업·산촌","산림환경 보전 및 증진","산림생태보전(일반)","백두대간보전","백두대간 보호활동","55000","55000","28223","100.0","51.3"
"2026","자치단체이전","자치단체경상보조","산림청","일반회계"," ","농림수산","임업·산촌","산림환경 보전 및 증진","산림생태보전(일반)","백두대간보전","백두대간 소득감소분지원","68000","68000","0","100.0","0.0"
"2026","자치단체이전","자치단체경상보조","산림청","일반회계"," ","농림수산","임업·산촌","산림환경 보전 및 증진","정원 조성 및 관리","정원 조성관리","국가정원 운영관리","0","0","0","0","0"
"2026","자치단체이전","자치단체경상보조","산림청","일반회계"," ","농림수산","임업·산촌","산림환경 보전 및 증진","정원 조성 및 관리","정원 조성관리","정원산업 박람회","0","0","0","0","0"
"2026","자치단체이전","자치단체경상보조","산림청","일반회계"," ","농림수산","임업·산촌","산림재난관리","산림재해대응(일반)","산림재해대책비","산림재해발생시 긴급복구비(응원헬기)","0","0","0","0","0"
"2026","자치단체이전","자치단체경상보조","산림청","일반회계"," ","농림수산","임업·산촌","산림재난관리","산림재해대응(일반)","산림재해대책비","산림재해 긴급복구비(위험목제거)","20000000","9100000","11306004","45.5","124.2"
"2026","자치단체이전","자치단체경상보조","산림청","일반회계"," ","농림수산","임업·산촌","산림재난관리","산림재해대응(일반)","산림재해일자리","산림재해일자리(산림재난대응단)","100009000","68446000","61545709","68.4","89.9"
"2026","자치단체이전","자치단체경상보조","산림청","일반회계"," ","농림수산","임업·산촌","산림재난관리","산불 예방 및 대응","산불방지대책","산불방지대책(경상)","9192505","9192505","3816495","100.0","41.5"
"2026","자치단체이전","자치단체경상보조","산림청","일반회계"," ","농림수산","임업·산촌","산림재난관리","산사태 예방 및 대응(일반)","사방사업","사방시설 평가 및 점검","4528000","4528000","1651468","100.0","36.5"
"2026","자치단체이전","자치단체경상보조","산림청","일반회계"," ","농림수산","임업·산촌","산림재난관리","산사태 예방 및 대응(일반)","산사태재난 경계피난","산사태 발생 우려지역 실태조사","5057850","5057850","2084515","100.0","41.2"
"2026","자치단체이전","자치단체경상보조","산림청","일반회계"," ","농림수산","임업·산촌","산림행정지원","산림행정지원(일반)","사회서비스분야 인력경비","사회복무요원 운영","1766583","1324937","769745","75.0","58.1"
"2026","자치단체이전","자치단체경상보조","산림청","지역균형발전특별회계","세종특별자치시계정","농림수산","임업·산촌","산림자원 및 산업육성","임도시설(지특,세종)","임도시설(세종)","임도시설(세종계정)(지자체경상)","1000","0","0","0.0","0"
"2026","자치단체이전","자치단체경상보조","산림청","지역균형발전특별회계","세종특별자치시계정","농림수산","임업·산촌","산림이용 및 복지증진","산림복지서비스 제공·운영(지특, 세종)","산림서비스도우미(세종)","산림복지일자리","48000","0","0","0.0","0"
"2026","자치단체이전","자치단체경상보조","산림청","지역균형발전특별회계","세종특별자치시계정","농림수산","임업·산촌","산림이용 및 복지증진","산림복지서비스 제공·운영(지특, 세종)","산림서비스도우미(세종)","숲해설 운영(세종)","120000","48500","18848","40.4","38.9"
"2026","자치단체이전","자치단체경상보조","산림청","지역균형발전특별회계","세종특별자치시계정","농림수산","임업·산촌","산림이용 및 복지증진","산림복지서비스 제공·운영(지특, 세종)","산림서비스도우미(세종)","유아숲교육 운영(세종)","120000","31500","15374","26.3","48.8"
"2026","자치단체이전","자치단체경상보조","산림청","지역균형발전특별회계","제주특별자치도계정","농림수산","임업·산촌","산림자원 및 산업육성","산림자원 육성·관리(지특, 제주)","숲가꾸기(제주)","공공산림관리단(제주)","222000","222000","105755","100.0","47.6"
"2026","자치단체이전","자치단체경상보조","산림청","지역균형발전특별회계","제주특별자치도계정","농림수산","임업·산촌","산림자원 및 산업육성","임도시설(지특,제주)","임도시설(제주)","임도시설(제주계정)(지자체경상)","1000","1000","1122","100.0","112.2"
"2026","자치단체이전","자치단체경상보조","산림청","지역균형발전특별회계","제주특별자치도계정","농림수산","임업·산촌","산림이용 및 복지증진","산림복지서비스 제공·운영(지특, 제주)","산림서비스도우미(제주)","산림복지일자리","42000","42000","12478","100.0","29.7"
"2026","자치단체이전","자치단체경상보조","산림청","지역균형발전특별회계","제주특별자치도계정","농림수산","임업·산촌","산림이용 및 복지증진","산림복지서비스 제공·운영(지특, 제주)","산림서비스도우미(제주)","숲해설 운영(제주)","108000","108000","86415","100.0","80.0"
"2026","자치단체이전","자치단체경상보조","산림청","지역균형발전특별회계","제주특별자치도계정","농림수산","임업·산촌","산림이용 및 복지증진","산림복지서비스 제공·운영(지특, 제주)","산림서비스도우미(제주)","유아숲교육 운영(제주)","330000","330000","255669","100.0","77.5"
"2026","자치단체이전","자치단체경상보조","산림청","지역균형발전특별회계","제주특별자치도계정","농림수산","임업·산촌","산림이용 및 복지증진","산림복지서비스 제공·운영(지특, 제주)","산림서비스도우미(제주)","산림치유 운영(위탁) ","60000","60000","42000","100.0","70.0"
"2026","자치단체이전","자치단체경상보조","산림청","지역균형발전특별회계","제주특별자치도계정","농림수산","임업·산촌","산림환경 보전 및 증진","정원조성 및 관리(지특, 제주)","정원 운영 및 박람회 지원(제주)","정원박람회 지원","500000","485004","100000","97.0","20.6"
"2026","자치단체이전","자치단체경상보조","산림청","지역균형발전특별회계","지역자율계정","농림수산","임업·산촌","산림자원 및 산업육성","산림자원 육성·관리(지특, 자율)","숲가꾸기(자율)","공공산림관리단(자율)","13427000","11780250","7623481","87.7","64.7"
"2026","자치단체이전","자치단체경상보조","산림청","지역균형발전특별회계","지역자율계정","농림수산","임업·산촌","산림자원 및 산업육성","임도시설(지특,자율)","임도시설(자율)","임도시설(지역자율계정)(지자체경상)","109000","109000","52085","100.0","47.8"
"2026","자치단체이전","자치단체경상보조","산림청","지역균형발전특별회계","지역자율계정","농림수산","임업·산촌","산림이용 및 복지증진","산림복지서비스 제공·운영(지특, 자율)","산림서비스도우미(자율)","숲해설 운영","4166000","4166000","2484635","100.0","59.6"
"2026","자치단체이전","자치단체경상보조","산림청","지역균형발전특별회계","지역자율계정","농림수산","임업·산촌","산림이용 및 복지증진","산림복지서비스 제공·운영(지특, 자율)","산림서비스도우미(자율)","산림복지일자리","629000","629000","342770","100.0","54.5"
"2026","자치단체이전","자치단체경상보조","산림청","지역균형발전특별회계","지역자율계정","농림수산","임업·산촌","산림이용 및 복지증진","산림복지서비스 제공·운영(지특, 자율)","산림서비스도우미(자율)","유아숲교육 운영(자율)","7992000","7992000","4393447","100.0","55.0"
"2026","자치단체이전","자치단체경상보조","산림청","지역균형발전특별회계","지역자율계정","농림수산","임업·산촌","산림이용 및 복지증진","산림복지서비스 제공·운영(지특, 자율)","산림서비스도우미(자율)","산림치유 운영(위탁) ","1677000","1677000","937048","100.0","55.9"
"2026","자치단체이전","자치단체경상보조","산림청","지역균형발전특별회계","지역자율계정","농림수산","임업·산촌","산림환경 보전 및 증진","정원조성 및 관리(지특)","정원 운영 및 박람회 지원(자율)","국가정원 운영관리","4000000","4000000","1633523","100.0","40.8"
"2026","자치단체이전","자치단체경상보조","산림청","지역균형발전특별회계","지역자율계정","농림수산","임업·산촌","산림환경 보전 및 증진","정원조성 및 관리(지특)","정원 운영 및 박람회 지원(자율)","정원박람회 지원","3000000","3000000","2024338","100.0","67.5"
"2026","자치단체이전","자치단체경상보조","산업통상부","에너지및자원사업특별회계","투자계정","산업·중소기업및에너지","에너지및자원개발","에너지자원정책","에너지이용합리화","노후건축물에너지효율개선","노후건축물에너지효율개선","0","0","0","0","0"
"2026","자치단체이전","자치단체경상보조","산업통상부","에너지및자원사업특별회계","투자계정","산업·중소기업및에너지","에너지및자원개발","에너지자원정책","가스안전관리","LPG용기사용가구 시설개선","LPG용기사용가구 시설개선","3466000","3324650","80170","95.9","2.4"
"2026","자치단체이전","자치단체경상보조","산업통상부","에너지및자원사업특별회계","투자계정","산업·중소기업및에너지","에너지및자원개발","에너지공급체계구축","광산지역진흥","폐광대책비","폐갱도 석탄재채움 시범사업 배수비용 지원","2000000","2000000","1360951","100.0","68.0"
"2026","자치단체이전","자치단체경상보조","산업통상부","일반회계"," ","산업·중소기업및에너지","산업혁신지원","신산업진흥","산업융합및창의산업진흥","글로벌부산디자인페어 개최","글로벌부산디자인페어 개최","600000","510000","0","85.0","0.0"
"2026","자치단체이전","자치단체경상보조","산업통상부","일반회계"," ","산업·중소기업및에너지","산업혁신지원","중견기업육성","유통물류기반조성(일반)","지역상생형 유통생태계 구축","지역상생형 유통생태계 구축","50000","40000","287366","80.0","718.4"
"2026","자치단체이전","자치단체경상보조","산업통상부","지역균형발전특별회계","세종특별자치시계정","산업·중소기업및에너지","산업혁신지원","지역경제활성화","지역산업경쟁력강화","지방주도형투자일자리지원(세종)","기회발전특구 수요맞춤형 지원 (세종)","240000","240000","97790","100.0","40.7"
"2026","자치단체이전","자치단체경상보조","산업통상부","지역균형발전특별회계","제주특별자치도계정","산업·중소기업및에너지","산업혁신지원","지역경제활성화","지역산업경쟁력강화","지방주도형투자일자리지원(제주)","기회발전특구 수요맞춤형 지원 (제주)","330000","327744","49930","99.3","15.2"
"2026","자치단체이전","자치단체경상보조","산업통상부","지역균형발전특별회계","지역자율계정","산업·중소기업및에너지","산업혁신지원","지역경제활성화","지역산업경쟁력강화","지방주도형투자일자리지원(자율)","기회발전특구 수요맞춤형 지원","3602000","3570503","861116","99.1","24.1"
"2026","자치단체이전","자치단체경상보조","산업통상부","지역균형발전특별회계","지역지원계정","산업·중소기업및에너지","산업혁신지원","경제자유구역사업추진","경제자유구역지원","인천경제자유구역전시컨벤션센터건립(BTL)","인천경제자유구역전시컨벤션센터건립(BTL)","5376000","5376000","5376000","100.0","100.0"
"2026","자치단체이전","자치단체경상보조","산업통상부","지역균형발전특별회계","지역지원계정","산업·중소기업및에너지","산업혁신지원","지역경제활성화","지역산업경쟁력강화","지역균형발전지원","지역혁신체계지원","1554000","1554000","688577","100.0","44.3"
"2026","자치단체이전","자치단체경상보조","산업통상부","지역균형발전특별회계","지역지원계정","산업·중소기업및에너지","산업혁신지원","지역경제활성화","지역산업경쟁력강화","지방주도형투자일자리지원","지방주도형 투자·일자리 수요맞춤형 지원","0","0","0","0","0"
"2026","자치단체이전","자치단체경상보조","산업통상부","지역균형발전특별회계","지역지원계정","산업·중소기업및에너지","산업혁신지원","주력산업진흥","섬유패션생활용품산업육성","생활산업경쟁력강화","한국안경산업고도화육성","1400000","1000000","579794","71.4","58.0"
"2026","자치단체이전","자치단체경상보조","산업통상부","지역균형발전특별회계","지역지원계정","산업·중소기업및에너지","산업혁신지원","주력산업진흥","섬유패션생활용품산업육성","생활산업경쟁력강화","3D융합안경테제조기반구축","300000","180000","60302","60.0","33.5"
"2026","자치단체이전","자치단체경상보조","산업통상부","지역균형발전특별회계","지역지원계정","산업·중소기업및에너지","산업혁신지원","주력산업진흥","섬유패션생활용품산업육성","생활산업경쟁력강화","퍼스널케어융합얼라이언스육성","500000","250000","207328","50.0","82.9"
"2026","자치단체이전","자치단체경상보조","산업통상부","지역균형발전특별회계","지역지원계정","산업·중소기업및에너지","산업혁신지원","주력산업진흥","섬유패션생활용품산업육성","생활산업경쟁력강화","친환경 생활소비재 글로벌 공급기지 조성","0","0","0","0","0"
"2026","자치단체이전","자치단체경상보조","산업통상부","지역균형발전특별회계","지역지원계정","산업·중소기업및에너지","산업혁신지원","외국인투자유치활성화","외국인투자유치활성화","외국교육연구기관 등 유치지원","외국교육연구기관 설립준비비 및 운영비","4500000","1500000","527466","33.3","35.2"
"2026","자치단체이전","자치단체경상보조","산업통상부","지역균형발전특별회계","지역지원계정","산업·중소기업및에너지","산업혁신지원","외국인투자유치활성화","외국인투자유치활성화","외국교육연구기관 등 유치지원","외국교육연구기관 등 성장기반 구축","0","0","0","0","0"
"2026","자치단체이전","자치단체경상보조","산업통상부","지역균형발전특별회계","지역지원계정","산업·중소기업및에너지","산업혁신지원","외국인투자유치활성화","외국인투자유치활성화","투자유치기반조성","외국인투자 임대료지원","55000","0","0","0.0","0"
"2026","자치단체이전","자치단체경상보조","산업통상부","지역균형발전특별회계","지역지원계정","교통및물류","물류등기타","경제자유구역사업추진","경제자유구역지원","구역청투자유치지원","구역청투자유치지원","3100000","3100000","1199298","100.0","38.7"
"2026","자치단체이전","자치단체경상보조","성평등가족부","양성평등기금"," ","사회복지","성평등·청소년·가족","여성·아동인권보호","성매매방지 및 피해자 지원(기금)","성매매방지 및 피해자 지원","성매매피해자 지원시설 및 상담소 운영","15821000","10700000","11433300","67.6","106.9"
"2026","자치단체이전","자치단체경상보조","성평등가족부","양성평등기금"," ","사회복지","성평등·청소년·가족","여성·아동인권보호","성매매방지 및 피해자 지원(기금)","성매매방지 및 피해자 지원","성매매피해자 구조지원","1849000","1300000","1503946","70.3","115.7"
"2026","자치단체이전","자치단체경상보조","성평등가족부","양성평등기금"," ","사회복지","성평등·청소년·가족","여성·아동인권보호","성매매방지 및 피해자 지원(기금)","성매매방지 및 피해자 지원","성매매집결지 현장지원사업","676000","376000","499951","55.6","133.0"
"2026","자치단체이전","자치단체경상보조","성평등가족부","양성평등기금"," ","사회복지","성평등·청소년·가족","여성·아동인권보호","성매매방지 및 피해자 지원(기금)","성매매방지 및 피해자 지원","성매매피해아동청소년 통합지원","1344000","1344000","756196","100.0","56.3"
"2026","자치단체이전","자치단체경상보조","성평등가족부","양성평등기금"," ","사회복지","성평등·청소년·가족","여성·아동인권보호","가정폭력·성폭력피해회복및재발방지사업","가정폭력·스토킹 방지 및 피해자 지원","가정폭력피해자 보호시설 운영(경상보조)","13798000","10844810","9884321","78.6","91.1"
"2026","자치단체이전","자치단체경상보조","성평등가족부","양성평등기금"," ","사회복지","성평등·청소년·가족","여성·아동인권보호","가정폭력·성폭력피해회복및재발방지사업","가정폭력·스토킹 방지 및 피해자 지원","여성긴급전화1366센터 운영(경상보조)","8256000","7222858","4466821","87.5","61.8"
"2026","자치단체이전","자치단체경상보조","성평등가족부","양성평등기금"," ","사회복지","성평등·청소년·가족","여성·아동인권보호","가정폭력·성폭력피해회복및재발방지사업","가정폭력·스토킹 방지 및 피해자 지원","스토킹 피해자 지원시설 및 서비스 운영지원(경상보조)","2349000","1998359","1207962","85.1","60.4"
"2026","자치단체이전","자치단체경상보조","성평등가족부","양성평등기금"," ","사회복지","성평등·청소년·가족","여성·아동인권보호","가정폭력·성폭력피해회복및재발방지사업","가정폭력·스토킹 방지 및 피해자 지원","폭력피해자 주거지원 운영(경상보조)","1096000","966400","775970","88.2","80.3"
"2026","자치단체이전","자치단체경상보조","성평등가족부","양성평등기금"," ","사회복지","성평등·청소년·가족","여성·아동인권보호","가정폭력·성폭력피해회복및재발방지사업","가정폭력·스토킹 방지 및 피해자 지원","가정폭력 상담소 및 통합상담소 운영","13773000","11480662","10426799","83.4","90.8"
"2026","자치단체이전","자치단체경상보조","성평등가족부","양성평등기금"," ","사회복지","성평등·청소년·가족","여성·아동인권보호","가정폭력·성폭력피해회복및재발방지사업","가정폭력·스토킹 방지 및 피해자 지원","가정폭력피해자 치료회복 프로그램 및 의료비 지원","1853000","1669800","1310731","90.1","78.5"
"2026","자치단체이전","자치단체경상보조","성평등가족부","양성평등기금"," ","사회복지","성평등·청소년·가족","여성·아동인권보호","가정폭력·성폭력피해회복및재발방지사업","폭력피해이주여성지원사업","폭력피해 이주여성 보호시설 운영지원 ","6682676","6166238","5209624","92.3","84.5"
"2026","자치단체이전","자치단체경상보조","성평등가족부","양성평등기금"," ","사회복지","성평등·청소년·가족","여성·아동인권보호","가정폭력·성폭력피해회복및재발방지사업","폭력피해이주여성지원사업","북한이탈여성 폭력피해 예방 및 지원","232320","232320","133781","100.0","57.6"
"2026","자치단체이전","자치단체경상보조","성평등가족부","양성평등기금"," ","사회복지","성평등·청소년·가족","여성·아동인권보호","가정폭력·성폭력피해회복및재발방지사업","폭력피해이주여성지원사업","폭력피해이주여성 상담소 운영지원","1531004","1397822","1106436","91.3","79.2"
"2026","자치단체이전","자치단체경상보조","성평등가족부","양성평등기금"," ","사회복지","성평등·청소년·가족","가족정책 및 돌봄 지원","한부모가족지원(기금)","한부모가족자녀 양육비 등 지원","한부모가족자녀 양육비 등 지원","572203000","437008000","483549101","76.4","110.6"
"2026","자치단체이전","자치단체경상보조","성평등가족부","양성평등기금"," ","사회복지","성평등·청소년·가족","가족정책 및 돌봄 지원","한부모가족지원(기금)","청소년한부모 아동양육 및 자립지원","청소년한부모 아동양육 및 자립지원","2185000","1649000","1583287","75.5","96.0"
"2026","자치단체이전","자치단체경상보조","성평등가족부","양성평등기금"," ","사회복지","성평등·청소년·가족","가족정책 및 돌봄 지원","한부모가족지원(기금)","한부모가족 복지시설지원","시설 입소자 상담·의료 지원","683000","547000","557036","80.1","101.8"
"2026","자치단체이전","자치단체경상보조","성평등가족부","양성평등기금"," ","사회복지","성평등·청소년·가족","가족정책 및 돌봄 지원","한부모가족지원(기금)","한부모가족 복지시설지원","공동생활가정형(매입임대) 주거지원","1371000","1097000","946075","80.0","86.2"
"2026","자치단체이전","자치단체경상보조","성평등가족부","양성평등기금"," ","사회복지","성평등·청소년·가족","가족정책 및 돌봄 지원","한부모가족지원(기금)","한부모가족 복지시설지원","시설 아이돌봄서비스 지원","1369000","1026000","1012815","74.9","98.7"
"2026","자치단체이전","자치단체경상보조","성평등가족부","양성평등기금"," ","사회복지","성평등·청소년·가족","가족정책 및 돌봄 지원","한부모가족지원(기금)","한부모가족 복지시설지원","사회복무요원 인력경비","322000","242000","137568","75.2","56.8"
"2026","자치단체이전","자치단체경상보조","성평등가족부","양성평등기금"," ","사회복지","성평등·청소년·가족","가족정책 및 돌봄 지원","가족서비스지원","건강가정 및 다문화가족 지원","다문화가족 특성화사업","34069000","27146200","16744616","79.7","61.7"
"2026","자치단체이전","자치단체경상보조","성평등가족부","양성평등기금"," ","사회복지","성평등·청소년·가족","가족정책 및 돌봄 지원","가족서비스지원","건강가정 및 다문화가족 지원","사회복무요원 배치지원","400000","298140","212616","74.5","71.3"
"2026","자치단체이전","자치단체경상보조","성평등가족부","양성평등기금"," ","사회복지","성평등·청소년·가족","가족정책 및 돌봄 지원","가족서비스지원","건강가정 및 다문화가족 지원","가족센터 운영","95746000","90127656","45016176","94.1","49.9"
"2026","자치단체이전","자치단체경상보조","성평등가족부","양성평등기금"," ","사회복지","성평등·청소년·가족","가족정책 및 돌봄 지원","가족서비스지원","건강가정 및 다문화가족 지원","공동육아나눔터 운영","13716000","10923238","7606888","79.6","69.6"
"2026","자치단체이전","자치단체경상보조","성평등가족부","일반회계"," ","사회복지","성평등·청소년·가족","성평등정책기반강화및여성경제활동지원","정책협의및평가","성평등정책전략기반구축","공공생리대 지원 시범사업 ","2174000","1518403","200018","69.8","13.2"
"2026","자치단체이전","자치단체경상보조","성평등가족부","일반회계"," ","사회복지","성평등·청소년·가족","성평등정책기반강화및여성경제활동지원","정책협의및평가","성인지정책분석 평가 운영","성별영향평가 운영(지역 성평등 환경 조성 사업(거점형))","360000","360000","146858","100.0","40.8"
"2026","자치단체이전","자치단체경상보조","성평등가족부","일반회계"," ","사회복지","성평등·청소년·가족","여성·아동인권보호","아동·여성안전정책 지원","여성폭력방지정책 추진기반 구축","일반국민 찾아가는 폭력예방교육 운영","837145","837144","458132","100.0","54.7"
"2026","자치단체이전","자치단체경상보조","성평등가족부","일반회계"," ","사회복지","성평등·청소년·가족","여성·아동인권보호","아동·여성안전정책 지원","디지털성범죄 대응 강화","지역디지털성범죄피해자지원센터 운영 지원","1115000","1114960","563551","100.0","50.5"
"2026","자치단체이전","자치단체경상보조","성평등가족부","일반회계"," ","사회복지","성평등·청소년·가족","청소년정책및역량강화","청소년정책 기반강화","청소년정책 추진기반 구축","인구감소지역 청소년 성장 지원","550000","550000","303598","100.0","55.2"
"2026","자치단체이전","자치단체경상보조","성평등가족부","일반회계"," ","사회복지","성평등·청소년·가족","청소년정책및역량강화","청소년정책 기반강화","청소년정책 추진기반 구축","청소년참여위원회 운영","424000","424000","173291","100.0","40.9"
"2026","자치단체이전","자치단체경상보조","성평등가족부","일반회계"," ","사회복지","성평등·청소년·가족","청소년정책및역량강화","청소년정책 기반강화","청소년정책 추진기반 구축","청소년 그룹활동 지원사업","600000","600000","231597","100.0","38.6"
"2026","자치단체이전","자치단체경상보조","성평등가족부","일반회계"," ","사회복지","성평등·청소년·가족","청소년정책및역량강화","청소년정책 기반강화","여성청소년 생리용품 지원","여성청소년 생리용품 지원(지자체)","16046000","16046000","11899749","100.0","74.2"
"2026","자치단체이전","자치단체경상보조","성평등가족부","일반회계"," ","사회복지","성평등·청소년·가족","청소년정책및역량강화","청소년 보호지원","청소년 유해환경 개선 및 피해예방","청소년유해환경감시단 지원사업","309000","307833","114892","99.6","37.3"
"2026","자치단체이전","자치단체경상보조","성평등가족부","일반회계"," ","사회복지","성평등·청소년·가족","청소년정책및역량강화","청소년 보호지원","청소년 유해환경 개선 및 피해예방","디지털미디어 피해 청소년 회복 지원(전담상담사 배치)","1068000","854369","548004","80.0","64.1"
"2026","자치단체이전","자치단체경상보조","성평등가족부","일반회계"," ","사회복지","성평등·청소년·가족","가족정책 및 돌봄 지원","가족정책 기반구축","가족역량강화 지원","청소년부모 아동양육비 지원 사업","1455000","1181000","745540","81.2","63.1"
"2026","자치단체이전","자치단체경상보조","성평등가족부","일반회계"," ","사회복지","성평등·청소년·가족","가족정책 및 돌봄 지원","아이돌봄지원","아이돌봄지원","아이돌봄 지원","596104951","484752885","361088992","81.3","74.5"
"2026","자치단체이전","자치단체경상보조","성평등가족부","지역균형발전특별회계","세종특별자치시계정","사회복지","성평등·청소년·가족","청소년정책및역량강화","청소년활동 지원","청소년지도사 배치지원(세종)","청소년지도사 배치지원","25000","22328","13443","89.3","60.2"
"2026","자치단체이전","자치단체경상보조","성평등가족부","지역균형발전특별회계","제주특별자치도계정","사회복지","성평등·청소년·가족","청소년정책및역량강화","청소년활동 지원","청소년지도사 배치지원(제주)","청소년지도사 배치지원","233000","208092","158494","89.3","76.2"
"2026","자치단체이전","자치단체경상보조","성평등가족부","지역균형발전특별회계","지역자율계정","사회복지","성평등·청소년·가족","청소년정책및역량강화","청소년활동 지원","청소년지도사 배치지원(자율)","청소년지도사 배치지원","3587000","3193865","1976562","89.0","61.9"
"2026","자치단체이전","자치단체경상보조","성평등가족부","지역균형발전특별회계","지역지원계정","사회복지","성평등·청소년·가족","성평등정책기반강화및여성경제활동지원","여성경제활동 촉진지원","여성경제활동 촉진지원","새일센터 지정운영","98344632","88950122","50529393","90.4","56.8"
"2026","자치단체이전","자치단체경상보조","성평등가족부","지역균형발전특별회계","지역지원계정","사회복지","성평등·청소년·가족","청소년정책및역량강화","청소년참여 및 활동 지원","청소년방과후활동 지원","청소년방과후아카데미 운영","32095000","21503650","16362790","67.0","76.1"
"2026","자치단체이전","자치단체경상보조","성평등가족부","청소년육성기금"," ","사회복지","성평등·청소년·가족","여성·아동인권보호","아동·청소년 성보호 활동","아동·청소년 성범죄 예방교육","청소년성문화센터 설치·운영","5097000","5096997","2760580","100.0","54.2"
"2026","자치단체이전","자치단체경상보조","성평등가족부","청소년육성기금"," ","사회복지","성평등·청소년·가족","청소년정책및역량강화","청소년참여 및 활동 지원","청소년방과후활동 지원","청소년방과후아카데미 운영","0","0","0","0","0"
"2026","자치단체이전","자치단체경상보조","성평등가족부","청소년육성기금"," ","사회복지","성평등·청소년·가족","청소년정책및역량강화","청소년 사회안전망구축","청소년 사회안전망구축","청소년상담복지센터 운영지원","18953000","13279420","10101876","70.1","76.1"
"2026","자치단체이전","자치단체경상보조","성평등가족부","청소년육성기금"," ","사회복지","성평등·청소년·가족","청소년정책및역량강화","청소년 사회안전망구축","청소년 사회안전망구축","청소년 특별지원","4287000","3000900","1668176","70.0","55.6"
"2026","자치단체이전","자치단체경상보조","성평등가족부","청소년육성기금"," ","사회복지","성평등·청소년·가족","청소년정책및역량강화","청소년 사회안전망구축","청소년 사회안전망구축","이주배경 청소년 지원","0","0","0","0","0"
"2026","자치단체이전","자치단체경상보조","성평등가족부","청소년육성기금"," ","사회복지","성평등·청소년·가족","청소년정책및역량강화","청소년 사회안전망구축","청소년 사회안전망구축","학교 밖 청소년 지원센터 지원","23670000","23669165","13019790","100.0","55.0"
"2026","자치단체이전","자치단체경상보조","성평등가족부","청소년육성기금"," ","사회복지","성평등·청소년·가족","청소년정책및역량강화","청소년 사회안전망구축","청소년 사회안전망구축","학교 밖 청소년 급식지원","2412000","2412000","1333329","100.0","55.3"
"2026","자치단체이전","자치단체경상보조","성평등가족부","청소년육성기금"," ","사회복지","성평등·청소년·가족","청소년정책및역량강화","청소년 사회안전망구축","청소년 사회안전망구축","청소년동반자 프로그램 운영","14204000","13925643","7409565","98.0","53.2"
"2026","자치단체이전","자치단체경상보조","성평등가족부","청소년육성기금"," ","사회복지","성평등·청소년·가족","청소년정책및역량강화","청소년 사회안전망구축","청소년 사회안전망구축","고립·은둔 청소년 원스톱 패키지 지원","1605000","1605000","695783","100.0","43.4"
"2026","자치단체이전","자치단체경상보조","성평등가족부","청소년육성기금"," ","사회복지","성평등·청소년·가족","청소년정책및역량강화","청소년 사회안전망구축","청소년 사회안전망구축","학교 밖 청소년 자립취업지원 서비스","1907000","1907000","938397","100.0","49.2"
"2026","자치단체이전","자치단체경상보조","성평등가족부","청소년육성기금"," ","사회복지","성평등·청소년·가족","청소년정책및역량강화","청소년 사회안전망구축","청소년 사회안전망구축","학교 밖 청소년 수능모의평가 응시료 지원","108000","108000","4350","100.0","4.0"
"2026","자치단체이전","자치단체경상보조","성평등가족부","청소년육성기금"," ","사회복지","성평등·청소년·가족","청소년정책및역량강화","청소년 사회안전망구축","청소년복지시설 운영지원","청소년시설 사회복무요원 배치지원","1273000","1273000","597661","100.0","46.9"
"2026","자치단체이전","자치단체경상보조","성평등가족부","청소년육성기금"," ","사회복지","성평등·청소년·가족","청소년정책및역량강화","청소년 사회안전망구축","청소년복지시설 운영지원","시설 퇴소청소년 자립지원수당 지원","1400000","1376000","770650","98.3","56.0"
"2026","자치단체이전","자치단체경상보조","성평등가족부","청소년육성기금"," ","사회복지","성평등·청소년·가족","청소년정책및역량강화","청소년 사회안전망구축","청소년복지시설 운영지원","청소년복지시설 운영지원","33572000","33464020","17989806","99.7","53.8"
"2026","자치단체이전","자치단체경상보조","소방청","일반회계"," ","공공질서및안전","재난관리","소방정책지원","자율소방안전관리강화","소방공무원보건안전지원","2026년 소방공무원 찾아가는 상담실 ","5948000","5948000","2603993","100.0","43.8"
"2026","자치단체이전","자치단체경상보조","소방청","일반회계"," ","공공질서및안전","재난관리","소방정책지원","자율소방안전관리강화","소방공무원보건안전지원","2026년 소방공무원 스트레스 회복력 강화 프로그램 ","700000","700000","260627","100.0","37.2"
"2026","자치단체이전","자치단체경상보조","소방청","일반회계"," ","공공질서및안전","재난관리","소방정책지원","자율소방안전관리강화","소방보조인력양성및운영","소방보조인력 양성 및 운영","15509196","12407357","6820103","80.0","55.0"
"2026","자치단체이전","자치단체경상보조","소방청","일반회계"," ","공공질서및안전","재난관리","소방정책지원","화재예방제도 선진화","화재안전및시설기준개발","단독경보형 연기감지기 보급","7190000","7190000","4506647","100.0","62.7"
"2026","자치단체이전","자치단체경상보조","식품의약품안전처","일반회계"," ","보건","식품의약안전","식품안전성제고","식품 안전관리 강화","식품안전 감시 및 대응","지자체 기초위생관리 지원(지자체 보조)","1134000","1134000","792780","100.0","69.9"
"2026","자치단체이전","자치단체경상보조","식품의약품안전처","일반회계"," ","보건","식품의약안전","식품안전성제고","식품 안전관리 강화","식품안전 감시 및 대응","식문화 개선지원","348000","280625","123325","80.6","43.9"
"2026","자치단체이전","자치단체경상보조","식품의약품안전처","일반회계"," ","보건","식품의약안전","식품안전성제고","식품 안전기반 구축","건강기능식품 관리","합동단속 등 사후관리 강화","394000","385024","235757","97.7","61.2"
"2026","자치단체이전","자치단체경상보조","식품의약품안전처","일반회계"," ","보건","식품의약안전","위해관리 선진화","위해예방 체계 구축","위생용품 안전관리","지자체 기초위생 관리지원","60000","60000","38370","100.0","63.9"
"2026","자치단체이전","자치단체경상보조","식품의약품안전처","일반회계"," ","보건","식품의약안전","식생활영양 안전성 제고","건강한 식생활 환경조성","농축수산물 안전관리","자치단체 명예축산물위생감시원 운영 수당","86625","86625","35750","100.0","41.3"
"2026","자치단체이전","자치단체경상보조","식품의약품안전처","일반회계"," ","보건","식품의약안전","식생활영양 안전성 제고","건강한 식생활 환경조성","농축수산물 안전관리","축산물 수거비 및 재료비 지원","612320","612320","302909","100.0","49.5"
"2026","자치단체이전","자치단체경상보조","식품의약품안전처","일반회계"," ","보건","식품의약안전","식생활영양 안전성 제고","건강한 식생활 환경조성","농축수산물 안전관리","유통 수산물 안전관리 지원","500850","500850","316553","100.0","63.2"
"2026","자치단체이전","자치단체경상보조","식품의약품안전처","일반회계"," ","보건","식품의약안전","식생활영양 안전성 제고","건강한 식생활 환경조성","농축수산물 안전관리","유통 달걀 안전관리 강화","250000","250000","158234","100.0","63.3"
"2026","자치단체이전","자치단체경상보조","식품의약품안전처","일반회계"," ","보건","식품의약안전","식생활영양 안전성 제고","건강한 식생활 환경조성","어린이 먹을거리 안전관리 강화","어린이기호식품 전담관리원 운영","1043000","1043000","574196","100.0","55.1"
"2026","자치단체이전","자치단체경상보조","식품의약품안전처","일반회계"," ","보건","식품의약안전","식생활영양 안전성 제고","집단급식소 위생강화","식중독 예방 및 관리","식중독균 검사 지원(인건비, 재료비)","599380","599380","343260","100.0","57.3"
"2026","자치단체이전","자치단체경상보조","식품의약품안전처","일반회계"," ","보건","식품의약안전","식생활영양 안전성 제고","집단급식소 위생강화","식중독 예방 및 관리","노로바이러스 검사 지원(재료비)","74528","74528","54723","100.0","73.4"
"2026","자치단체이전","자치단체경상보조","식품의약품안전처","일반회계"," ","보건","식품의약안전","식생활영양 안전성 제고","집단급식소 위생강화","급식안전 지원 및 관리 강화","지역급식관리지원센터 운영","0","0","0","0","0"
"2026","자치단체이전","자치단체경상보조","식품의약품안전처","지역균형발전특별회계","제주특별자치도계정","보건","식품의약안전","식품안전성제고","식의약품 안전관리 강화","식의약품 안전 감시 및 대응(제주)","특별지방행정기관 이관사무 수행 경비 지원","111000","103674","9326","93.4","9.0"
"2026","자치단체이전","자치단체경상보조","식품의약품안전처","지역균형발전특별회계","지역지원계정","보건","식품의약안전","식품안전성제고","식의약품 안전관리 강화","식의약품 안전 감시 및 대응(지역지원)","특별지방행정기관 이관사무 수행 경비 지원","3730000","3730000","2423304","100.0","65.0"
"2026","자치단체이전","자치단체경상보조","식품의약품안전처","지역균형발전특별회계","지역지원계정","보건","식품의약안전","식생활영양 안전성 제고","집단급식소 위생강화","급식안전 지원 및 관리 강화(지원)","지역급식관리지원센터 운영","52045000","52045000","26470811","100.0","50.9"
"2026","자치단체이전","자치단체경상보조","외교부","일반회계"," ","통일·외교","외교·통상","한반도 평화 조성","평화체제 구축지원","국제평화재단 및 제주포럼 지원","제주포럼 개최비용 지원 ","673000","673000","573000","100.0","85.1"
"2026","자치단체이전","자치단체경상보조","외교부","일반회계"," ","통일·외교","외교·통상","한반도 평화 조성","평화체제 구축지원","국제평화재단 및 제주포럼 지원","제주국제연수센터 프로그램 운영비 지원 ","128000","128000","100000","100.0","78.1"
"2026","자치단체이전","자치단체경상보조","외교부","일반회계"," ","통일·외교","외교·통상","한반도 평화 조성","북미지역국가와의 전략적 특별협력관계 강화","북미지역국가와의 전략적 특별 협력관계 강화","주한미군지위협정(SOFA) 운영, 개선 ","606100","545490","191650","90.0","35.1"
"2026","자치단체이전","자치단체경상보조","외교부","일반회계"," ","통일·외교","외교·통상","여권업무 선진화","전자여권발급및서비스개선(수입대체경비)","전자여권발급및서비스개선(수입대체경비)","여권사무 대행기관 국고보조","5610000","5610000","4213002","100.0","75.1"
"2026","자치단체이전","자치단체경상보조","재외동포청","일반회계"," ","통일·외교","외교·통상","재외동포 지원","재외동포 보듬기","사할린한인 영주귀국 및 정착 지원","사할린한인 시설운영비 지원","1581000","1581000","885021","100.0","56.0"
"2026","자치단체이전","자치단체경상보조","재외동포청","일반회계"," ","통일·외교","외교·통상","재외동포 지원","국내동포 정착지원","재외동포 국내 정착지원","지역별 재외동포 정착지원","952000","725464","302218","76.2","41.7"
"2026","자치단체이전","자치단체경상보조","중소벤처기업부","지역균형발전특별회계","제주특별자치도계정","산업·중소기업및에너지","산업·중소기업일반","중소기업행정지원","제주이관업무지원","제주중소기업업무지원","제주중소기업업무지원","1774000","1242483","230766","70.0","18.6"
"2026","자치단체이전","자치단체경상보조","중소벤처기업부","지역균형발전특별회계","제주특별자치도계정","산업·중소기업및에너지","중소기업및소상공인육성","소상공인·전통시장지원","전통시장활성화지원","상권활성화 사업(제주)","상권활성화 사업(제주)","1135000","961887","379957","84.7","39.5"
"2026","자치단체이전","자치단체경상보조","중소벤처기업부","지역균형발전특별회계","지역자율계정","산업·중소기업및에너지","중소기업및소상공인육성","소상공인·전통시장지원","전통시장활성화지원","전통시장 주차환경 개선(자율)","전통시장 주차환경개선(공공 및 사설주차장 이용보조-자치단체 경상보조)","853000","852396","355777","99.9","41.7"
"2026","자치단체이전","자치단체경상보조","중소벤처기업부","지역균형발전특별회계","지역자율계정","산업·중소기업및에너지","중소기업및소상공인육성","소상공인·전통시장지원","전통시장활성화지원","상권활성화 사업(자율)","상권활성화 사업(자율, 경상)","21275000","19059655","4697711","89.6","24.6"
"2026","자치단체이전","자치단체경상보조","질병관리청","일반회계"," ","보건","보건의료","감염병정책관리","감염병예방관리","감염병예방관리","코로나19 환자 격리치료비 지원","0","0","0","0","0"
"2026","자치단체이전","자치단체경상보조","질병관리청","일반회계"," ","보건","보건의료","감염병정책관리","한센병관리","한센병환자관리지원","한센병환자관리지원 자치단체 경상보조","6454000","5901723","4231186","91.4","71.7"
"2026","자치단체이전","자치단체경상보조","질병관리청","일반회계"," ","보건","보건의료","감염병위기대응","질병데이터과학분석","질병 연구 기반 조성","하수 기반 감염병 감시 체계 운영","1000000","1000000","612361","100.0","61.2"
"2026","자치단체이전","자치단체경상보조","질병관리청","일반회계"," ","보건","보건의료","감염병위기대응","위기대응관리","신종감염병 위기상황 종합관리","지자체 신종/재출현감염병 대응 훈련","80000","80000","48912","100.0","61.1"
"2026","자치단체이전","자치단체경상보조","질병관리청","일반회계"," ","보건","보건의료","감염병진단분석","진단분석관리","감염병표준실험실운영","생물테러대응 실험실네트워크운영지원","221000","221000","115090","100.0","52.1"
"2026","자치단체이전","자치단체경상보조","질병관리청","일반회계"," ","보건","보건의료","감염병진단분석","진단분석관리","감염병표준실험실운영","지자체결핵진단검사지원","1831000","1301100","837541","71.1","64.4"
"2026","자치단체이전","자치단체경상보조","질병관리청","일반회계"," ","보건","보건의료","감염병진단분석","진단분석관리","감염병표준실험실운영","에이즈및성병실험실진단","717000","501900","340804","70.0","67.9"
"2026","자치단체이전","자치단체경상보조","질병관리청","일반회계"," ","보건","보건의료","만성질환관리","만성질환예방관리","만성질환 관리체계 구축","노인노쇠 예방관리 사업","0","0","0","0","0"
"2026","자치단체이전","자치단체경상보조","통일부","남북협력기금"," ","통일·외교","통일","남북사회문화교류","남북사회문화교류","사회문화교류 지원","인적왕래·기타 협력 사업 지원(지자체)","900000","0","0","0.0","0"
"2026","자치단체이전","자치단체경상보조","통일부","일반회계"," ","통일·외교","통일","통일정책","평화통일기반조성","국내통일기반조성","호남 통일+센터 설치 및 운영","602000","602000","240215","100.0","39.9"
"2026","자치단체이전","자치단체경상보조","통일부","일반회계"," ","통일·외교","통일","통일정책","평화통일기반조성","국내통일기반조성","강원 통일+센터 설치 및 운영","602000","602000","232561","100.0","38.6"
"2026","자치단체이전","자치단체경상보조","통일부","일반회계"," ","통일·외교","통일","통일정책","평화통일기반조성","국내통일기반조성","경기 통일+센터 설치 및 운영","602000","602000","303872","100.0","50.5"
"2026","자치단체이전","자치단체경상보조","통일부","일반회계"," ","통일·외교","통일","통일정책","평화통일기반조성","국내통일기반조성","충청 통일+센터 설치 및 운영","602000","602000","130160","100.0","21.6"
"2026","자치단체이전","자치단체경상보조","통일부","일반회계"," ","통일·외교","통일","통일정책","평화통일기반조성","국내통일기반조성","인천 통일+센터 설치 및 운영","602000","602000","419712","100.0","69.7"
"2026","자치단체이전","자치단체경상보조","통일부","일반회계"," ","통일·외교","통일","북한이탈주민 정착지원","북한이탈주민 정착 행정지원","북한이탈주민 정책 및 지원체계 운영","북한이탈주민 지역적응센터 운영","8073000","8073000","4283981","100.0","53.1"
"2026","자치단체이전","자치단체경상보조","해양수산부","농어촌구조개선특별회계","구조개선사업계정","농림수산","수산·어촌","수산식품고부가가치화","식품산업육성","천일염산업육성","천일염품질·위생관리","1844000","1844000","581522","100.0","31.5"
"2026","자치단체이전","자치단체경상보조","해양수산부","농어촌구조개선특별회계","구조개선사업계정","농림수산","수산·어촌","수산식품고부가가치화","식품산업육성","천일염산업육성","천일염 소비 촉진","0","0","0","0","0"
"2026","자치단체이전","자치단체경상보조","해양수산부","농어촌구조개선특별회계","구조개선사업계정","농림수산","수산·어촌","수산식품고부가가치화","식품산업육성","수산식품산업육성","새싹기업 도약지원","0","0","10000","0","0"
"2026","자치단체이전","자치단체경상보조","해양수산부","농어촌구조개선특별회계","구조개선사업계정","농림수산","수산·어촌","수산물 유통 및 안전관리","안전한수산물공급관리(농특)","수산생물질병관리","방역사업비(질병예찰 및 방역교육)","399000","399000","231397","100.0","58.0"
"2026","자치단체이전","자치단체경상보조","해양수산부","농어촌구조개선특별회계","구조개선사업계정","농림수산","수산·어촌","수산물 유통 및 안전관리","안전한수산물공급관리(농특)","수산생물질병관리","수산동물예방백신 공급","3900000","3780000","2431836","96.9","64.3"
"2026","자치단체이전","자치단체경상보조","해양수산부","농어촌구조개선특별회계","구조개선사업계정","농림수산","수산·어촌","수산물 유통 및 안전관리","안전한수산물공급관리(농특)","수산생물질병관리","생계안정자금 지원","50000","4457","0","8.9","0.0"
"2026","자치단체이전","자치단체경상보조","해양수산부","농어촌구조개선특별회계","구조개선사업계정","농림수산","수산·어촌","수산물 유통 및 안전관리","안전한수산물공급관리(농특)","수산생물질병관리","유해생물구제(기생충 구제)","500000","500000","297634","100.0","59.5"
"2026","자치단체이전","자치단체경상보조","해양수산부","농어촌구조개선특별회계","구조개선사업계정","농림수산","수산·어촌","수산물 유통 및 안전관리","안전한수산물공급관리(농특)","수산생물질병관리","유해생물구제(쏙 구제)","100000","100000","89990","100.0","90.0"
"2026","자치단체이전","자치단체경상보조","해양수산부","농어촌구조개선특별회계","구조개선사업계정","농림수산","수산·어촌","수산물 유통 및 안전관리","수산어촌알리기","수산업가치및소비촉진제고","수산물상생할인지원(자치단체경상)","0","0","0","0","0"
"2026","자치단체이전","자치단체경상보조","해양수산부","농어촌구조개선특별회계","구조개선사업계정","농림수산","수산·어촌","수산물 유통 및 안전관리","수산어촌알리기","수산식품 바우처","수산식품 바우처 지원","0","0","0","0","0"
"2026","자치단체이전","자치단체경상보조","해양수산부","농어촌구조개선특별회계","구조개선사업계정","농림수산","수산·어촌","수산자원 관리 및 조성","친환경양식육성(농특)","친환경양식어업육성","청정어장 재생사업","0","0","0","0","0"
"2026","자치단체이전","자치단체경상보조","해양수산부","농어촌구조개선특별회계","구조개선사업계정","농림수산","수산·어촌","수산자원 관리 및 조성","친환경양식육성(농특)","수산부산물 자원순환 기반구축","패각친환경처리","0","0","0","0","0"
"2026","자치단체이전","자치단체경상보조","해양수산부","농어촌구조개선특별회계","구조개선사업계정","농림수산","수산·어촌","수산자원 관리 및 조성","자율관리어업육성","자율관리어업육성","유해생물구제사업(해파리구제)","1620000","1620000","279584","100.0","17.3"
"2026","자치단체이전","자치단체경상보조","해양수산부","농어촌구조개선특별회계","구조개선사업계정","농림수산","수산·어촌","수산자원 관리 및 조성","자율관리어업육성","자율관리어업육성","자율관리어업 확산교육비","0","0","0","0","0"
"2026","자치단체이전","자치단체경상보조","해양수산부","농어촌구조개선특별회계","구조개선사업계정","농림수산","수산·어촌","어업인소득안정지원","수산경영안정","어업인교육훈련 및 기술지원","수산계고교특성화(지자체)","600000","592500","164184","98.8","27.7"
"2026","자치단체이전","자치단체경상보조","해양수산부","농어촌구조개선특별회계","구조개선사업계정","농림수산","수산·어촌","어업인소득안정지원","수산경영안정","어업인교육훈련 및 기술지원","수산경영 대학과정","340000","302450","131603","89.0","43.5"
"2026","자치단체이전","자치단체경상보조","해양수산부","농어촌구조개선특별회계","구조개선사업계정","농림수산","수산·어촌","어업인소득안정지원","수산경영안정","어업인교육훈련 및 기술지원","창업어가 멘토링","150000","150000","69901","100.0","46.6"
"2026","자치단체이전","자치단체경상보조","해양수산부","농어촌구조개선특별회계","구조개선사업계정","농림수산","수산·어촌","어업인소득안정지원","수산경영안정","어업인교육훈련 및 기술지원","연구교습어장","900000","830300","402053","92.3","48.4"
"2026","자치단체이전","자치단체경상보조","해양수산부","농어촌구조개선특별회계","구조개선사업계정","농림수산","수산·어촌","어업인소득안정지원","수산경영안정","어업인교육훈련 및 기술지원","수산업경영인 교육","226000","226000","150697","100.0","66.7"
"2026","자치단체이전","자치단체경상보조","해양수산부","농어촌구조개선특별회계","구조개선사업계정","농림수산","수산·어촌","어업인소득안정지원","수산경영안정","어업인교육훈련 및 기술지원","어촌지도자 교육","340000","340000","208056","100.0","61.2"
"2026","자치단체이전","자치단체경상보조","해양수산부","농어촌구조개선특별회계","구조개선사업계정","농림수산","수산·어촌","어업인소득안정지원","수산경영안정","어업인교육훈련 및 기술지원","공공형 계절근로제 지원","200000","0","0","0.0","0"
"2026","자치단체이전","자치단체경상보조","해양수산부","농어촌구조개선특별회계","구조개선사업계정","농림수산","수산·어촌","어업인소득안정지원","수산경영안정","수산장비(임대)활용(지자체)","이동수리소 운영","0","0","0","0","0"
"2026","자치단체이전","자치단체경상보조","해양수산부","농어촌구조개선특별회계","구조개선사업계정","농림수산","수산·어촌","어업인소득안정지원","수산경영안정","어업인삶의질향상","어업활동지원","180000","126000","76980","70.0","61.1"
"2026","자치단체이전","자치단체경상보조","해양수산부","농어촌구조개선특별회계","구조개선사업계정","농림수산","수산·어촌","어업인소득안정지원","수산경영안정","어업인삶의질향상","여성어업인 특화건강검진","536000","427400","21220","79.7","5.0"
"2026","자치단체이전","자치단체경상보조","해양수산부","농어촌구조개선특별회계","구조개선사업계정","농림수산","수산·어촌","어업인소득안정지원","수산경영안정","어업인삶의질향상","어복버스(자치단체)","1500000","1050000","0","70.0","0.0"
"2026","자치단체이전","자치단체경상보조","해양수산부","농어촌구조개선특별회계","구조개선사업계정","농림수산","수산·어촌","어업인소득안정지원","재해대책","양식등재해대책비","유해생물구제(적조)","2956000","2470000","573615","83.6","23.2"
"2026","자치단체이전","자치단체경상보조","해양수산부","농어촌구조개선특별회계","농어촌특별세사업계정","농림수산","수산·어촌","수산자원 관리 및 조성","연근해어업구조조정","연근해어선감척(지자체)","연근해어선감척(지자체)","201961000","97459166","47733904","48.3","49.0"
"2026","자치단체이전","자치단체경상보조","해양수산부","농어촌구조개선특별회계","농어촌특별세사업계정","농림수산","수산·어촌","어업인소득안정지원","어가소득보전","수산 공익직불제","조건불리지역 직불","5002000","23400","9071","0.5","38.8"
"2026","자치단체이전","자치단체경상보조","해양수산부","농어촌구조개선특별회계","농어촌특별세사업계정","농림수산","수산·어촌","어업인소득안정지원","어가소득보전","수산 공익직불제","친환경수산물직불제","47973000","28732630","6198262","59.9","21.6"
"2026","자치단체이전","자치단체경상보조","해양수산부","농어촌구조개선특별회계","농어촌특별세사업계정","농림수산","수산·어촌","어업인소득안정지원","어가소득보전","수산 공익직불제","수산자원보호 직불","14989000","0","0","0.0","0"
"2026","자치단체이전","자치단체경상보조","해양수산부","농어촌구조개선특별회계","농어촌특별세사업계정","농림수산","수산·어촌","어업인소득안정지원","어가소득보전","수산 공익직불제","소규모어가 직불","29500000","701000","271152","2.4","38.7"
"2026","자치단체이전","자치단체경상보조","해양수산부","농어촌구조개선특별회계","농어촌특별세사업계정","농림수산","수산·어촌","어업인소득안정지원","어가소득보전","수산 공익직불제","어선원 직불","18500000","20800","16944","0.1","81.5"
"2026","자치단체이전","자치단체경상보조","해양수산부","농어촌구조개선특별회계","농어촌특별세사업계정","농림수산","수산·어촌","어업인소득안정지원","어가소득보전","수산 공익직불제","조건불리지역 직불_이월","0","0","0","0","0"
"2026","자치단체이전","자치단체경상보조","해양수산부","농어촌구조개선특별회계","농어촌특별세사업계정","농림수산","수산·어촌","어업인소득안정지원","어가소득보전","수산 공익직불제","어선원 직불_이월","0","0","0","0","0"
"2026","자치단체이전","자치단체경상보조","해양수산부","농어촌구조개선특별회계","농어촌특별세사업계정","농림수산","수산·어촌","어업인소득안정지원","어가소득보전","수산 공익직불제","경영이양직불제","555000","466019","272864","84.0","58.6"
"2026","자치단체이전","자치단체경상보조","해양수산부","수산발전기금"," ","환경","해양환경","해양환경보전","해양환경개선(기금)","해양폐기물정화사업","취약해안 폐기물 대응","10242000","10242000","4046816","100.0","39.5"
"2026","자치단체이전","자치단체경상보조","해양수산부","수산발전기금"," ","환경","해양환경","해양환경보전","해양환경개선(기금)","해양폐기물정화사업","어구부표보증금제","4049000","4049000","1502362","100.0","37.1"
"2026","자치단체이전","자치단체경상보조","해양수산부","수산발전기금"," ","환경","해양환경","해양환경보전","해양환경개선(기금)","해양폐기물정화사업","자연재난 쓰레기 피해복구","2000000","0","200000","0.0","0"
"2026","자치단체이전","자치단체경상보조","해양수산부","수산발전기금"," ","환경","해양환경","해양환경보전","해양환경개선(기금)","해양폐기물정화사업","생분해 어구보급 (2025)","2673000","2673000","788411","100.0","29.5"
"2026","자치단체이전","자치단체경상보조","해양수산부","수산발전기금"," ","환경","해양환경","해양환경보전","해양환경개선(기금)","해양폐기물정화사업","육상기인 해양폐기물 관리","180000","90000","61126","50.0","67.9"
"2026","자치단체이전","자치단체경상보조","해양수산부","수산발전기금"," ","환경","해양환경","해양환경보전","해양환경개선(기금)","해양생태계 서식처 기능개선 복원사업","유해교란해양생물 제거 및 관리","2019000","2019000","996991","100.0","49.4"
"2026","자치단체이전","자치단체경상보조","해양수산부","수산발전기금"," ","농림수산","수산·어촌","수산물 유통 및 안전관리","수산물유통개선(기금)","수산물 물류환경 개선","수산물 물류환경 개선","931000","0","15502","0.0","0"
"2026","자치단체이전","자치단체경상보조","해양수산부","수산발전기금"," ","농림수산","수산·어촌","수산물 유통 및 안전관리","수산어촌알리기(기금)","수산업가치및소비촉진제고","수산물상생할인지원(자치단체경상)","1000000","1000000","41535","100.0","4.2"
"2026","자치단체이전","자치단체경상보조","해양수산부","수산발전기금"," ","농림수산","수산·어촌","어업인소득안정지원","직접피해지원","피해보전직불금","피해보전직불금 지원","1783000","0","0","0.0","0"
"2026","자치단체이전","자치단체경상보조","해양수산부","일반회계"," ","환경","해양환경","해양환경보전","해양생태계 보전 및 복원","우수해양생태계 보호","해양보호구역관리(경상보조)","1980000","1887362","962835","95.3","51.0"
"2026","자치단체이전","자치단체경상보조","해양수산부","일반회계"," ","농림수산","수산·어촌","수산자원 관리 및 조성","어업안전지도강화","어업협정이행","대체어장 자원동향조사","1844000","1549208","52960","84.0","3.4"
"2026","자치단체이전","자치단체경상보조","해양수산부","일반회계"," ","농림수산","수산·어촌","수산자원 관리 및 조성","어업안전지도강화","어선사고 예방시스템 구축","구명조끼 보급 한시 지원","0","0","180871","0","0"
"2026","자치단체이전","자치단체경상보조","해양수산부","일반회계"," ","농림수산","수산·어촌","어업인소득안정지원","수산산업창업투자","수산산업창업투자지원","지역별 창업투자지원 센터","6000000","4800000","2994776","80.0","62.4"
"2026","자치단체이전","자치단체경상보조","해양수산부","일반회계"," ","교통및물류","해운·항만","해양 및 해상교통관리","해양안전관리시스템 구축.운영(일반)","해양사고 예방활동 지원","대한민국 해양안전 엑스포 개최 지원","180000","180000","0","100.0","0.0"
"2026","자치단체이전","자치단체경상보조","해양수산부","일반회계"," ","교통및물류","해운·항만","해양 및 해상교통관리","해양안전관리시스템 구축.운영(일반)","해양사고 예방활동 지원","해양안전체험관 운영 지원","1663000","1663000","965409","100.0","58.1"
"2026","자치단체이전","자치단체경상보조","해양수산부","일반회계"," ","교통및물류","해운·항만","해양 및 해상교통관리","해양안전관리시스템 구축.운영(일반)","해양사고 예방활동 지원","국민해양안전관 운영 지원","1269000","1269000","1021967","100.0","80.5"
"2026","자치단체이전","자치단체경상보조","해양수산부","일반회계"," ","교통및물류","해운·항만","해양 및 해상교통관리","해양안전관리시스템 구축.운영(일반)","세월호 인양 및 추모사업 지원","인천 일반인희생자 추모관 운영 지원","325000","325000","184797","100.0","56.9"
"2026","자치단체이전","자치단체경상보조","해양수산부","일반회계"," ","교통및물류","물류등기타","해양산업육성및영토관리","해양문화활성화","해양수산 신산업 육성 및 기업투자유치 지원","해양데이터 활용 해양신산업 발굴 지원","0","0","0","0","0"
"2026","자치단체이전","자치단체경상보조","해양수산부","일반회계"," ","교통및물류","물류등기타","해양산업육성및영토관리","해양영토관리기반구축","독도 지속가능이용 및 관리","외국인 독도체험","210000","147000","0","70.0","0.0"
"2026","자치단체이전","자치단체경상보조","해양수산부","일반회계"," ","교통및물류","물류등기타","해양산업육성및영토관리","해양영토관리기반구축","독도 지속가능이용 및 관리","독도박물관 운영","990000","693000","458047","70.0","66.1"
"2026","자치단체이전","자치단체경상보조","해양수산부","일반회계"," ","교통및물류","물류등기타","해양산업육성및영토관리","해양영토관리기반구축","독도 지속가능이용 및 관리","독도주민숙소 운영","120000","84000","89961","70.0","107.1"
"2026","자치단체이전","자치단체경상보조","해양수산부","일반회계"," ","교통및물류","물류등기타","해양산업육성및영토관리","해양영토관리기반구축","독도 지속가능이용 및 관리","독도관리선 운영","1365000","955500","771314","70.0","80.7"
"2026","자치단체이전","자치단체경상보조","해양수산부","일반회계"," ","교통및물류","물류등기타","해양산업육성및영토관리","해양영토관리기반구축","독도 지속가능이용 및 관리","독도 입도영상시스템 운영","100000","70000","33920","70.0","48.5"
"2026","자치단체이전","자치단체경상보조","해양수산부","일반회계"," ","교통및물류","물류등기타","해양산업육성및영토관리","해양영토관리기반구축","독도 지속가능이용 및 관리","독도 현지조사연구활동지원","500000","350000","350000","70.0","100.0"
"2026","자치단체이전","자치단체경상보조","해양수산부","일반회계"," ","교통및물류","물류등기타","해양산업육성및영토관리","해양영토관리기반구축","독도 지속가능이용 및 관리","주민숙소 기반확충","0","0","0","0","0"
"2026","자치단체이전","자치단체경상보조","해양수산부","일반회계"," ","교통및물류","물류등기타","해양산업육성및영토관리","해양관광육성","해양관광육성","전국해양스포츠제전 개최","0","0","0","0","0"
"2026","자치단체이전","자치단체경상보조","해양수산부","일반회계"," ","교통및물류","물류등기타","해양산업육성및영토관리","해양관광육성","해양관광육성","해수욕장 활성화 지원(해수욕장 현황조사 지원)","0","0","9000","0","0"
"2026","자치단체이전","자치단체경상보조","해양수산부","일반회계"," ","교통및물류","물류등기타","해양산업육성및영토관리","해양관광육성","해양관광육성","해수욕장 활성화 지원(방사능 검사)","0","0","23121","0","0"
"2026","자치단체이전","자치단체경상보조","해양수산부","지역균형발전특별회계","제주특별자치도계정","환경","해양환경","해양환경보전","해양 및 수자원관리(제주)","해양 및 수자원 관리(제주)","해양쓰레기 정화사업 지원","6000000","6000000","2217613","100.0","37.0"
"2026","자치단체이전","자치단체경상보조","해양수산부","지역균형발전특별회계","제주특별자치도계정","농림수산","수산·어촌","어업인소득안정지원","수산경영안정(제주)","수산장비(임대)활용(제주)","이동수리소 운영","10000","10000","0","100.0","0.0"
"2026","자치단체이전","자치단체경상보조","해양수산부","지역균형발전특별회계","제주특별자치도계정","교통및물류","물류등기타","해양수산행정지원","제주 이관업무 지원","제주해양항만 운영지원","제주특별자치도 관할 지방관리무역항 운영 등에 관한 이관사무 수행에 필요한 경상경비 지원","308000","308000","209161","100.0","67.9"
"2026","자치단체이전","자치단체경상보조","해양수산부","지역균형발전특별회계","제주특별자치도계정","교통및물류","물류등기타","해양수산행정지원","제주 이관업무 지원","제주해양항만 운영지원","제주특별자치도 관할 지방관리무역항 운영 등에 관한 이관사무 수행에 필요한 인건비 지원","2925000","2925000","0","100.0","0.0"
"2026","자치단체이전","자치단체경상보조","해양수산부","지역균형발전특별회계","지역자율계정","환경","해양환경","해양환경보전","해양 및 수자원 관리","해양 및 수자원 관리","해양쓰레기 정화사업 지원","22497000","22497000","9976378","100.0","44.3"
"2026","자치단체이전","자치단체경상보조","해양수산부","지역균형발전특별회계","지역자율계정","농림수산","수산·어촌","수산식품고부가가치화","식품산업육성(지역자율)","수산식품새싹기업도약지원(자율)","새싹기업 도약지원","1450000","1450000","758612","100.0","52.3"
"2026","자치단체이전","자치단체경상보조","해양수산부","지역균형발전특별회계","지역자율계정","농림수산","수산·어촌","수산자원 관리 및 조성","친환경양식육성(지역자율)","친환경양식어업육성(자율)","청정어장재생사업","6250000","4740000","898910","75.8","19.0"
"2026","자치단체이전","자치단체경상보조","해양수산부","지역균형발전특별회계","지역자율계정","농림수산","수산·어촌","수산자원 관리 및 조성","수산자원관리(지역자율)","친환경 어구보급(자율)","인증부표 보급 지원 사업","20020000","17417390","9211514","87.0","52.9"
"2026","자치단체이전","자치단체경상보조","해양수산부","지역균형발전특별회계","지역자율계정","농림수산","수산·어촌","어업인소득안정지원","수산경영안정(지역자율)","수산장비(임대)활용(자율)","이동수리소 운영","1048000","1048000","648796","100.0","61.9"
"2026","자치단체이전","자치단체경상보조","해양수산부","지역균형발전특별회계","지역지원계정","농림수산","수산·어촌","수산자원 관리 및 조성","친환경양식육성(지역지원)","친환경양식어업육성(지원)","품종별산업화시설지원(기후변화대응 시범양식지원)","3200000","1032358","0","32.3","0.0"
"2026","자치단체이전","자치단체경상보조","해양수산부","지역균형발전특별회계","지역지원계정","농림수산","수산·어촌","수산자원 관리 및 조성","수산자원관리","친환경 어구보급","인증부표 보급지원","0","0","0","0","0"
"2026","자치단체이전","자치단체경상보조","해양수산부","지역균형발전특별회계","지역지원계정","농림수산","수산·어촌","수산자원 관리 및 조성","수산자원관리","친환경 어구보급","굴패각 친환경처리지원","0","0","0","0","0"
"2026","자치단체이전","자치단체경상보조","해양수산부","지역균형발전특별회계","지역지원계정","농림수산","수산·어촌","수산자원 관리 및 조성","수산자원관리","수산어업행정지원","수산어업행정지원(경상)","22171000","19058224","14843511","86.0","77.9"
"2026","자치단체이전","자치단체경상보조","해양수산부","지역균형발전특별회계","지역지원계정","농림수산","수산·어촌","어촌어항활성화","귀어귀촌지원","어촌소멸대응지원","어촌에서살아보기(귀어인의 집)","150000","150000","0","100.0","0.0"
"2026","자치단체이전","자치단체경상보조","해양수산부","지역균형발전특별회계","지역지원계정","농림수산","수산·어촌","어촌어항활성화","귀어귀촌지원","어촌소멸대응지원","도시민기술교육","1120000","866000","574680","77.3","66.4"
"2026","자치단체이전","자치단체경상보조","해양수산부","지역균형발전특별회계","지역지원계정","농림수산","수산·어촌","어촌어항활성화","귀어귀촌지원","어촌소멸대응지원","중요어업유산 콘텐츠 발굴","200000","200000","91350","100.0","45.7"
"2026","자치단체이전","자치단체경상보조","해양수산부","지역균형발전특별회계","지역지원계정","농림수산","수산·어촌","어촌어항활성화","귀어귀촌지원","청년어촌정착지원","청년어업인 정착지원","3528000","3528000","1496022","100.0","42.4"
"2026","자치단체이전","자치단체경상보조","해양수산부","지역균형발전특별회계","지역지원계정","농림수산","수산·어촌","어촌어항활성화","귀어귀촌지원","청년어촌정착지원","사업운영 및 평가","30000","30000","11174","100.0","37.2"
"2026","자치단체이전","자치단체경상보조","해양수산부","지역균형발전특별회계","지역지원계정","교통및물류","해운·항만","해운산업 선진화","도서지역 해상교통 지원(지특)","국가보조항로결손보상금","소외도서 항로운영 지원","810000","675000","355635","83.3","52.7"
"2026","자치단체이전","자치단체경상보조","해양수산부","지역균형발전특별회계","지역지원계정","교통및물류","해운·항만","해운산업 선진화","도서지역 해상교통 지원(지특)","내항여객선운임보조(지자체)","섬 지역 생활물류 운임지원","2565000","2141560","1647901","83.5","76.9"
"2026","자치단체이전","자치단체경상보조","해양수산부","지역균형발전특별회계","지역지원계정","교통및물류","해운·항만","해운산업 선진화","도서지역 해상교통 지원(지특)","내항여객선운임보조(지자체)","도서민 여객선 운임지원","13176000","12984774","10691655","98.5","82.3"
"2026","자치단체이전","자치단체경상보조","해양수산부","지역균형발전특별회계","지역지원계정","교통및물류","해운·항만","해운산업 선진화","도서지역 해상교통 지원(지특)","내항여객선운임보조(지자체)","도서지역 생활필수품 해상운송비 지원","1250000","1250000","880715","100.0","70.5"
"2026","자치단체이전","자치단체경상보조","해양수산부","지역균형발전특별회계","지역지원계정","교통및물류","해운·항만","해운산업 선진화","도서지역 해상교통 지원(지특)","도서지역 생활필수품 해상운송비 지원","도서지역 생활필수품 해상운송비 지원","0","0","0","0","0"
"2026","자치단체이전","자치단체경상보조","해양수산부","지역균형발전특별회계","지역지원계정","교통및물류","물류등기타","해양산업육성및영토관리","해양관광육성","해양관광육성(지원)","해수욕장 활성화 지원(현황조사)","300000","300000","58718","100.0","19.6"
"2026","자치단체이전","자치단체경상보조","해양수산부","지역균형발전특별회계","지역지원계정","교통및물류","물류등기타","해양산업육성및영토관리","해양관광육성","해양관광육성(지원)","해수욕장 활성화 지원(방사능검사)","150000","135000","52546","90.0","38.9"
"2026","자치단체이전","자치단체경상보조","해양수산부","지역균형발전특별회계","지역지원계정","교통및물류","물류등기타","해양산업육성및영토관리","해양관광육성","해양관광육성(지원)","전국해양스포츠제전 개최","610000","610000","17409","100.0","2.9"
"2026","자치단체이전","자치단체경상보조","해양수산부","지역균형발전특별회계","지역지원계정","교통및물류","물류등기타","해양산업육성및영토관리","해양관광육성","해양관광육성(지원)","국제해양레저위크 개최 지원","500000","500000","141772","100.0","28.4"
"2026","자치단체이전","자치단체경상보조","행정안전부","일반회계"," ","일반·지방행정","지방행정·재정지원","지방자치분권","지방자치단체경쟁력지원","지자체경쟁력지원","읍면동 단위 스마트복지안전공동체 구축","1121504","1099504","101199","98.0","9.2"
"2026","자치단체이전","자치단체경상보조","행정안전부","일반회계"," ","일반·지방행정","지방행정·재정지원","지방자치분권","지방자치단체경쟁력지원","지자체경쟁력지원","지역 내 복지자원연계 강화","574000","573860","282662","100.0","49.3"
"2026","자치단체이전","자치단체경상보조","행정안전부","일반회계"," ","일반·지방행정","지방행정·재정지원","지방재정경제","긴급재정지원","민생회복 소비쿠폰","민생회복 소비쿠폰","0","0","0","0","0"
"2026","자치단체이전","자치단체경상보조","행정안전부","일반회계"," ","일반·지방행정","지방행정·재정지원","지방재정경제","긴급재정지원","고유가 피해지원금","고유가 피해지원금","4787592000","4739832760","7658819008","99.0","161.6"
"2026","자치단체이전","자치단체경상보조","행정안전부","일반회계"," ","일반·지방행정","지방행정·재정지원","이북5도","이북도민관련지원","이북도민관련단체및행사지원","남북 실향민 문화 육성사업","117000","117000","96835","100.0","82.8"
"2026","자치단체이전","자치단체경상보조","행정안전부","일반회계"," ","일반·지방행정","일반행정","민주화지원및과거사정리","과거사관련업무지원단운영","과거사관련업무지원단운영","임시유해안치시설 운영지원","90000","90000","75556","100.0","84.0"
"2026","자치단체이전","자치단체경상보조","행정안전부","일반회계"," ","일반·지방행정","일반행정","민주화지원및과거사정리","과거사관련업무지원단운영","과거사관련사업지원","유해매장 추정지 안내표지판 관리지원 등","40000","35100","2500","87.8","7.1"
"2026","자치단체이전","자치단체경상보조","행정안전부","일반회계"," ","일반·지방행정","일반행정","민주화지원및과거사정리","과거사관련업무지원단운영","과거사관련사업지원","제주4·3실무위원회 운영 등","5017000","5017000","2798908","100.0","55.8"
"2026","자치단체이전","자치단체경상보조","행정안전부","일반회계"," ","일반·지방행정","일반행정","민주화지원및과거사정리","과거사관련업무지원단운영","과거사관련사업지원","노근리평화공원 관리운영","1207000","775000","282867","64.2","36.5"
"2026","자치단체이전","자치단체경상보조","행정안전부","일반회계"," ","일반·지방행정","일반행정","민주화지원및과거사정리","과거사관련업무지원단운영","과거사관련사업지원","거창사건 추모공원 관리운영","667000","667000","534631","100.0","80.2"
"2026","자치단체이전","자치단체경상보조","행정안전부","일반회계"," ","일반·지방행정","일반행정","민주화지원및과거사정리","과거사관련업무지원단운영","과거사관련사업지원","산청·함양사건 추모공원 관리운영","502000","502000","274572","100.0","54.7"
"2026","자치단체이전","자치단체경상보조","행정안전부","일반회계"," ","일반·지방행정","일반행정","민주화지원및과거사정리","과거사관련업무지원단운영","제주4.3 진상규명 및 명예회복 지원","4·3 전국민 바로알리기 사업","70000","70000","0","100.0","0.0"
"2026","자치단체이전","자치단체경상보조","행정안전부","일반회계"," ","일반·지방행정","일반행정","민주화지원및과거사정리","과거사관련업무지원단운영","제주4.3 진상규명 및 명예회복 지원","제주4·3유적보존 및 유해발굴사업","700000","700000","369986","100.0","52.9"
"2026","자치단체이전","자치단체경상보조","행정안전부","일반회계"," ","일반·지방행정","일반행정","민주화지원및과거사정리","민주화운동기념사업지원","민주화운동기념사업지원","5.18기념재단 지원","4137000","4137000","2049667","100.0","49.5"
"2026","자치단체이전","자치단체경상보조","행정안전부","일반회계"," ","일반·지방행정","일반행정","민주화지원및과거사정리","민주화운동기념사업지원","민주화운동기념사업지원","2.28민주운동기념사업 지원","317000","317000","77649","100.0","24.5"
"2026","자치단체이전","자치단체경상보조","행정안전부","일반회계"," ","일반·지방행정","일반행정","민주화지원및과거사정리","민주화운동기념사업지원","민주화운동기념사업지원","부산민주항쟁기념사업지원","281000","281000","91040","100.0","32.4"
"2026","자치단체이전","자치단체경상보조","행정안전부","일반회계"," ","일반·지방행정","일반행정","민주화지원및과거사정리","민주화운동기념사업지원","민주화운동기념사업지원","3.8민주의거 기념사업 지원","200000","100000","58255","50.0","58.3"
"2026","자치단체이전","자치단체경상보조","행정안전부","일반회계"," ","일반·지방행정","일반행정","민주화지원및과거사정리","민주화운동기념사업지원","민주화운동기념사업지원","창원시 민주주의전당 기록물 디지털화 방안 연구용역","100000","100000","0","100.0","0.0"
"2026","자치단체이전","자치단체경상보조","행정안전부","일반회계"," ","일반·지방행정","일반행정","민주화지원및과거사정리","국가폭력 트라우마 치유센터 조성","국립 국가폭력 트라우마 치유센터 조성","국가폭력트라우마치유활동 시범 사업(전남)","600000","160000","59584","26.7","37.2"
"2026","자치단체이전","자치단체경상보조","행정안전부","일반회계"," ","일반·지방행정","일반행정","민주화지원및과거사정리","여수,순천 10.19사건위원회 지원","여수·순천10·19위원회 지원","여수·순천 10·19사건 실무위원회 지원","1511000","1511000","581600","100.0","38.5"
"2026","자치단체이전","자치단체경상보조","행정안전부","일반회계"," ","공공질서및안전","재난관리","안전관리","안전점검 및 재난안전산업 활성화","재난안전산업활성화","대한민국 안전산업박람회","243000","243000","12000","100.0","4.9"
"2026","자치단체이전","자치단체경상보조","행정안전부","일반회계"," ","공공질서및안전","재난관리","안전관리","생활안전개선 추진","국민안전의식선진화","생활안전 취약계층 안전교육","370000","370000","150889","100.0","40.8"
"2026","자치단체이전","자치단체경상보조","행정안전부","일반회계"," ","공공질서및안전","재난관리","안전관리","생활안전개선 추진","지역안전개선컨설팅","범정부 위험분석 발굴체계 운영","552500","0","29965","0.0","0"
"2026","자치단체이전","자치단체경상보조","행정안전부","일반회계"," ","공공질서및안전","재난관리","안전관리","비상시대비능력강화","동원자원관리","인력동원 훈련보상금 지급","133000","90300","87850","67.9","97.3"
"2026","자치단체이전","자치단체경상보조","행정안전부","일반회계"," ","공공질서및안전","재난관리","안전관리","비상시대비능력강화","민방위교육훈련및시설장비확충","민방위 교육 운영비","1510000","1510000","776998","100.0","51.5"
"2026","자치단체이전","자치단체경상보조","행정안전부","일반회계"," ","공공질서및안전","재난관리","안전관리","비상시대비능력강화","민방위교육훈련및시설장비확충","국민 참여 민방위의 날 훈련경비","131000","131000","76150","100.0","58.1"
"2026","자치단체이전","자치단체경상보조","행정안전부","일반회계"," ","공공질서및안전","재난관리","안전관리","비상시대비능력강화","민방위교육훈련및시설장비확충","민방위대 창설기념행사 경비","90000","90000","6000","100.0","6.7"
"2026","자치단체이전","자치단체경상보조","행정안전부","일반회계"," ","공공질서및안전","재난관리","안전관리","비상시대비능력강화","민방위교육훈련및시설장비확충","민방위 피해지원대책비","3836000","0","0","0.0","0"
"2026","자치단체이전","자치단체경상보조","행정안전부","일반회계"," ","공공질서및안전","재난관리","재난관리","재난관리인프라구축","중앙재난안전대책본부운영","마을순찰대 운영","0","0","0","0","0"
"2026","자치단체이전","자치단체경상보조","행정안전부","일반회계"," ","공공질서및안전","재난관리","재난관리","재난관리인프라구축","중앙재난안전대책본부운영","지역자율방재 역량강화 ","0","0","0","0","0"
"2026","자치단체이전","자치단체경상보조","행정안전부","일반회계"," ","공공질서및안전","재난관리","재난관리","재난관리인프라구축","지진대비인프라구축","인증제를 통한 내진보강 활성화","2071000","1571307","87507","75.9","5.6"
"2026","자치단체이전","자치단체경상보조","행정안전부","일반회계"," ","공공질서및안전","재난관리","재난관리","재난관리인프라구축","7·15참사피해자지원단 운영지원","추모사업 지원","60000","0","0","0.0","0"
"2026","자치단체이전","자치단체경상보조","행정안전부","일반회계"," ","공공질서및안전","재난관리","재난관리","재난경감활성화","국가재난대응종합훈련","국가재난대응종합훈련(보조)","980000","980000","413455","100.0","42.2"
"2026","자치단체이전","자치단체경상보조","행정안전부","일반회계"," ","공공질서및안전","재난관리","재난관리","재난복구지원","재난구호지원","이재민 지원 재해·재난 긴급 구호","1000000","340000","67678","34.0","19.9"
"2026","자치단체이전","자치단체경상보조","행정안전부","일반회계"," ","공공질서및안전","재난관리","재난관리","재난복구지원","재난구호지원","재난피해자 통합지원","200000","40000","38543","20.0","96.4"
"2026","자치단체이전","자치단체경상보조","행정안전부","일반회계"," ","공공질서및안전","재난관리","재난관리","재난복구지원","재난심리회복지원","시·도 재난심리회복지원센터 운영 지원","640000","640000","223374","100.0","34.9"
"2026","자치단체이전","자치단체경상보조","행정안전부","일반회계"," ","공공질서및안전","재난관리","재난관리","재난복구지원","재난심리회복지원","마음구호 프로그램 운영","251000","251000","72044","100.0","28.7"
"2026","자치단체이전","자치단체경상보조","행정안전부","일반회계"," ","공공질서및안전","재난관리","재난관리","재난복구지원","재난관리자원 관리체계 구축 및 민관협력 지원","지역 재난관리자원 통합관리센터 운영 지원","2803500","2803500","1316107","100.0","46.9"
"2026","자치단체이전","자치단체경상보조","행정안전부","일반회계"," ","공공질서및안전","재난관리","재난관리","재난복구지원","재난피해자 통합지원","재난피해자 지원센터 운영 지원","0","0","0","0","0"
"2026","자치단체이전","자치단체경상보조","행정안전부","일반회계"," ","공공질서및안전","재난관리","재난관리","재난관리지원","10.29참사피해자지원단 운영지원","추모사업","600000","600000","0","100.0","0.0"
"2026","자치단체이전","자치단체경상보조","행정안전부","일반회계"," ","공공질서및안전","재난관리","재난관리","재난관리지원","10.29참사피해자지원단 운영지원","공동체회복프로그램","200000","160000","0","80.0","0.0"
"2026","자치단체이전","자치단체경상보조","행정안전부","일반회계"," ","사회복지","취약계층지원","일자리지원","지역일자리창출","사회연대경제 청년 일경험 시범사업","사회연대경제 청년 일경험 시범사업","15492000","10924182","7967","70.5","0.1"
"2026","자치단체이전","자치단체경상보조","행정안전부","지역균형발전특별회계","세종특별자치시계정","일반·지방행정","지방행정·재정지원","지방재정경제","지역경제지원","착한가격업소 활성화 지원(세종)","착한가격업소 활성화 지원","26000","24879","25925","95.7","104.2"
"2026","자치단체이전","자치단체경상보조","행정안전부","지역균형발전특별회계","제주특별자치도계정","일반·지방행정","지방행정·재정지원","지방자치분권","자원봉사활성화지원(제주)","자원봉사활성화지원(제주)","전국 통합 자원봉사보험 가입 서비스 지원","27000","27000","27000","100.0","100.0"
"2026","자치단체이전","자치단체경상보조","행정안전부","지역균형발전특별회계","제주특별자치도계정","일반·지방행정","지방행정·재정지원","지방재정경제","지역경제지원","착한가격업소 활성화 지원(제주)","착한가격업소 활성화 지원","164000","156928","90530","95.7","57.7"
"2026","자치단체이전","자치단체경상보조","행정안전부","지역균형발전특별회계","지역자율계정","일반·지방행정","지방행정·재정지원","지역발전","지역경관개선지원","지자체 빈집정비 지원","지자체 빈집정비 지원","0","0","537471","0","0"
"2026","자치단체이전","자치단체경상보조","행정안전부","지역균형발전특별회계","지역자율계정","일반·지방행정","지방행정·재정지원","지역발전","서해5도종합발전지원","서해5도종합발전지원(자율)","서해 5도 종합발전 지원","10707000","7825000","5466804","73.1","69.9"
"2026","자치단체이전","자치단체경상보조","행정안전부","지역균형발전특별회계","지역자율계정","일반·지방행정","지방행정·재정지원","지방재정경제","지역경제지원","착한가격업소 활성화 지원(자율)","착한가격업소 활성화 지원","4715000","4196183","1260209","89.0","30.0"
"2026","자치단체이전","자치단체경상보조","행정안전부","지역균형발전특별회계","지역자율계정","사회복지","취약계층지원","일자리지원","지역일자리창출","지역사회 활성화 기반조성","지역사회 역량강화 및 조사연구","0","0","0","0","0"
"2026","자치단체이전","자치단체경상보조","행정안전부","지역균형발전특별회계","지역지원계정","일반·지방행정","지방행정·재정지원","지방자치분권","자원봉사활성화지원","자원봉사활성화지원","전국 통합 자원봉사보험 가입 서비스 지원","1237000","1237000","1234151","100.0","99.8"
"2026","자치단체이전","자치단체경상보조","행정안전부","지역균형발전특별회계","지역지원계정","일반·지방행정","지방행정·재정지원","지방자치분권","자원봉사활성화지원","자원봉사활성화지원","자원봉사 코디네이터 지원·육성","8808000","8808000","5300828","100.0","60.2"
"2026","자치단체이전","자치단체경상보조","행정안전부","지역균형발전특별회계","지역지원계정","일반·지방행정","지방행정·재정지원","지방자치분권","자원봉사활성화지원","자원봉사활성화지원","2026 세계자원봉사자의 해 지원","200000","200000","107108","100.0","53.6"
"2026","자치단체이전","자치단체경상보조","행정안전부","지역균형발전특별회계","지역지원계정","일반·지방행정","지방행정·재정지원","지역발전","광역경제권추진지원","지역발전활성화","인구감소지역 기업협력 활성화 지원","200000","200000","0","100.0","0.0"
"2026","자치단체이전","자치단체경상보조","행정안전부","지역균형발전특별회계","지역지원계정","일반·지방행정","지방행정·재정지원","지역발전","지역공동체기반조성및역량강화","활력 복합시설 건립 지원","안산공동체 복합시설 건립 지원(자치단체경상보조)","132000","0","0","0.0","0"
"2026","자치단체이전","자치단체경상보조","행정안전부","지역균형발전특별회계","지역지원계정","일반·지방행정","지방행정·재정지원","지역발전","서해5도종합발전지원","서해5도종합발전지원","서해 5도 종합발전 지원","0","0","0","0","0"
"2026","자치단체이전","자치단체경상보조","행정안전부","지역균형발전특별회계","지역지원계정","일반·지방행정","지방행정·재정지원","지방재정경제","지역경제지원","지역사랑상품권 발행지원","지역사랑상품권 발행지원(일반지원)","1149400000","948008000","501147451","82.5","52.9"
"2026","자치단체이전","자치단체경상보조","행정안전부","지역균형발전특별회계","지역지원계정","일반·지방행정","지방행정·재정지원","지방재정경제","지역경제지원","지역사랑상품권 발행지원","지역사랑상품권 발행지원(특별지원)","0","0","0","0","0"
"2026","자치단체이전","자치단체경상보조","행정안전부","지역균형발전특별회계","지역지원계정","일반·지방행정","정부자원관리","정부혁신조직","주민참여 지역문제 해결 확산","지역사회 자생적 창조역량 강화","빈집정비 등 경관개선사업","0","0","0","0","0"
"2026","자치단체이전","자치단체경상보조","행정안전부","지역균형발전특별회계","지역지원계정","일반·지방행정","정부자원관리","정부혁신조직","주민참여 지역문제 해결 확산","지역사회 자생적 창조역량 강화","다부처 협업 지역역량성장거점 활성화","1600000","1600000","0","100.0","0.0"
"2026","자치단체이전","자치단체경상보조","행정안전부","지역균형발전특별회계","지역지원계정","일반·지방행정","정부자원관리","정부혁신조직","주민참여 지역문제 해결 확산","지역사회 자생적 창조역량 강화","사회연대경제 활성화(박람회 등)","1000000","1000000","0","100.0","0.0"
"2026","자치단체이전","자치단체경상보조","행정안전부","지역균형발전특별회계","지역지원계정","일반·지방행정","정부자원관리","정부혁신조직","주민참여 지역문제 해결 확산","지역사회 자생적 창조역량 강화","사회연대경제 활성화(혁신모델 발굴 및 사업 지원)","8500000","8500000","86146","100.0","1.0"
"2026","자치단체이전","자치단체경상보조","행정안전부","지역균형발전특별회계","지역지원계정","일반·지방행정","정부자원관리","정부혁신조직","주민참여 지역문제 해결 확산","지역사회 자생적 창조역량 강화","사회연대경제 활성화(지자체 정책수립 지원)","850000","650000","0","76.5","0.0"
"2026","자치단체이전","자치단체경상보조","행정안전부","지역균형발전특별회계","지역지원계정","사회복지","취약계층지원","일자리지원","지역일자리창출","마을기업육성사업","마을기업 육성사업","4650000","3290000","523784","70.8","15.9"
"2026","자치단체이전","자치단체경상보조","행정안전부","지역균형발전특별회계","지역지원계정","사회복지","취약계층지원","일자리지원","지역일자리창출","지역주도형 청년일자리 사업","지역주도형 청년일자리","0","0","268504","0","0"
"2026","자치단체이전","자치단체경상보조","행정중심복합도시건설청","행정중심복합도시건설특별회계"," ","국토및지역개발","지역및도시","행정중심복합도시건설 운영","행정중심복합도시건설청 운영","복합편의시설 운영관리","복합편의시설 운영관리","98000","49000","27825","50.0","56.8"
"2026","자치단체이전","자치단체자본보조","고용노동부","일반회계"," ","사회복지","고용","고용창출","청년직업정보제공","한국잡월드운영지원","충남 청소년 직업체험관 건립","3000000","0","0","0.0","0"
"2026","자치단체이전","자치단체자본보조","고용노동부","일반회계"," ","사회복지","노동","근로조건보호및복지증진","외국인력관리지원","외국인근로자고용관리","외국인근로자 공공주거시설 지원","3678000","1480605","26651","40.3","1.8"
"2026","자치단체이전","자치단체자본보조","과학기술정보통신부","지역균형발전특별회계","세종특별자치시계정","통신","정보통신","인터넷융합산업","스마트화산업기반확충(지특)","스마트빌리지보급및확산(세종)","스마트빌리지개발및보급","2746000","2741777","375744","99.8","13.7"
"2026","자치단체이전","자치단체자본보조","과학기술정보통신부","지역균형발전특별회계","세종특별자치시계정","통신","정보통신","인터넷융합산업","스마트화산업기반확충(지특)","스마트빌리지보급및확산(세종)","스마트경로당개발및보급_이월","0","0","0","0","0"
"2026","자치단체이전","자치단체자본보조","과학기술정보통신부","지역균형발전특별회계","제주특별자치도계정","통신","정보통신","인터넷융합산업","스마트화산업기반확충(지특)","스마트빌리지보급및확산(제주)","스마트빌리지개발및보급","3375000","3111283","823654","92.2","26.5"
"2026","자치단체이전","자치단체자본보조","과학기술정보통신부","지역균형발전특별회계","지역자율계정","통신","정보통신","인터넷융합산업","스마트화산업기반확충","스마트빌리지보급및확산(자율)","스마트빌리지개발및보급","66760000","64111200","24556667","96.0","38.3"
"2026","자치단체이전","자치단체자본보조","과학기술정보통신부","지역균형발전특별회계","지역자율계정","통신","정보통신","인터넷융합산업","스마트화산업기반확충","스마트빌리지보급및확산(자율)","스마트경로당개빌및보급","15786000","15786000","4837145","100.0","30.6"
"2026","자치단체이전","자치단체자본보조","과학기술정보통신부","지역균형발전특별회계","지역자율계정","과학기술","과학기술연구지원","공공연구성과활성화","연구개발특구육성","특구 기반시설 구축(자율)","마중물 플라자 조성","3948000","3948000","0","100.0","0.0"
"2026","자치단체이전","자치단체자본보조","과학기술정보통신부","지역균형발전특별회계","지역자율계정","과학기술","과학기술연구지원","공공연구성과활성화","연구개발특구육성","특구 기반시설 구축(자율)","대덕특구 융합연구혁신센터 조성","5052000","4469308","235186","88.5","5.3"
"2026","자치단체이전","자치단체자본보조","과학기술정보통신부","지역균형발전특별회계","지역자율계정","과학기술","과학기술인력및문화","과학문화창달","과학기술문화창달사업","공립 전문과학관 건립(자율, 소재분야)","공립 전문과학관 건립(소재분야)","6000000","4501830","4892558","75.0","108.7"
"2026","자치단체이전","자치단체자본보조","과학기술정보통신부","지역균형발전특별회계","지역자율계정","과학기술","과학기술인력및문화","과학문화창달","과학기술문화창달사업","공립 전문과학관 건립(자율, 항공우주분야)","공립 전문과학관 건립(항공우주분야)","4505000","3412140","415565","75.7","12.2"
"2026","자치단체이전","자치단체자본보조","과학기술정보통신부","지역균형발전특별회계","지역지원계정","과학기술","과학기술연구지원","공공연구성과활성화","연구개발특구육성","연구개발특구운영및인프라지원","특구 기반시설 구축","0","0","0","0","0"
"2026","자치단체이전","자치단체자본보조","과학기술정보통신부","지역균형발전특별회계","지역지원계정","과학기술","과학기술인력및문화","과학문화창달","과학기술문화창달사업","지역과학관활성화기반조성","어린이 과학체험공간 확충지원","2000000","1000000","1183","50.0","0.1"
"2026","자치단체이전","자치단체자본보조","교육부","일반회계"," ","교육","영유아및초중등교육","지방교육정책 지원","어린이집 관리","육아종합지원센터 지원","지방육아종합지원센터 설치","0","0","0","0","0"
"2026","자치단체이전","자치단체자본보조","교육부","지역균형발전특별회계","세종특별자치시계정","교육","영유아및초중등교육","지방교육정책 지원","어린이집 확충 및 환경개선","어린이집 기능보강 사업(세종)","어린이집 기능보강(세종)","81000","77950","2000","96.2","2.6"
"2026","자치단체이전","자치단체자본보조","교육부","지역균형발전특별회계","제주특별자치도계정","교육","영유아및초중등교육","지방교육정책 지원","어린이집 확충 및 환경개선","어린이집 기능보강 사업(제주)","어린이집 기능보강(제주)","200000","196000","188403","98.0","96.1"
"2026","자치단체이전","자치단체자본보조","교육부","지역균형발전특별회계","지역자율계정","교육","영유아및초중등교육","지방교육정책 지원","어린이집 확충 및 환경개선","어린이집 기능보강 사업(자율)","어린이집 기능보강","8492000","8330219","3922920","98.1","47.1"
"2026","자치단체이전","자치단체자본보조","교육부","지역균형발전특별회계","지역지원계정","교육","영유아및초중등교육","지방교육정책 지원","그린스마트 스쿨 조성","그린스마트 스쿨 조성","그린스마트 스쿨 조성","171192000","131392000","21387890","76.8","16.3"
"2026","자치단체이전","자치단체자본보조","교육부","지역균형발전특별회계","지역지원계정","교육","영유아및초중등교육","지방교육정책 지원","어린이집 확충 및 환경개선","어린이집 확충","어린이집 확충","22452000","12494643","6410442","55.7","51.3"
"2026","자치단체이전","자치단체자본보조","국가보훈부","일반회계"," ","사회복지","보훈","보훈단체지원","보훈단체지원","지방보훈회관건립","지방보훈회관 건립비 지원","3750000","2221044","1823178","59.2","82.1"
"2026","자치단체이전","자치단체자본보조","국가보훈부","일반회계"," ","사회복지","보훈","보훈문화","보훈문화진흥","보훈문화조성","창원 진동리 보훈문화관 건립 지원(국비 50% 매칭)","510000","0","0","0.0","0"
"2026","자치단체이전","자치단체자본보조","국가보훈부","일반회계"," ","사회복지","보훈","보훈문화","보훈문화진흥","보훈문화조성","포항 환동해 호국역사 문화관 건립 지원(국비 50% 매칭)","1704000","0","0","0.0","0"
"2026","자치단체이전","자치단체자본보조","국가유산청","국가유산보호기금"," ","문화및관광","국가유산","유산정책","국가유산안전체계관리강화","국가유산 재난안전 관리","국가유산 재난방지시설 구축","16274000","16274000","2997660","100.0","18.4"
"2026","자치단체이전","자치단체자본보조","국가유산청","국가유산보호기금"," ","문화및관광","국가유산","유산정책","국가유산안전체계관리강화","국가유산긴급보수사업","국가유산 긴급보수사업","10777000","7633910","903994","70.8","11.8"
"2026","자치단체이전","자치단체자본보조","국가유산청","일반회계"," ","문화및관광","국가유산","유산정책","국가유산활용활성화","국가유산 교육활용 진흥","국가유산체계 전환 안내판 정비(전국)","0","0","21332","0","0"
"2026","자치단체이전","자치단체자본보조","국가유산청","일반회계"," ","문화및관광","국가유산","유산정책","국가유산활용활성화","국가유산 교육활용 진흥","지역별 국가유산 방문의 해(자본)","100000","100000","57600","100.0","57.6"
"2026","자치단체이전","자치단체자본보조","국가유산청","일반회계"," ","문화및관광","국가유산","유산정책","국가유산활용활성화","국가유산 방문자센터 건립","신안 해저유물 방문자센터 건립 지원","180000","0","0","0.0","0"
"2026","자치단체이전","자치단체자본보조","국가유산청","일반회계"," ","문화및관광","국가유산","유산정책","국제교류및세계유산등재","세계유산등재 및 보존관리","세계유산 보존관리 지원","19397000","13357778","7295701","68.9","54.6"
"2026","자치단체이전","자치단체자본보조","국가유산청","일반회계"," ","문화및관광","국가유산","문화유산","역사유적 보존강화","사적관리","국가유산 경관 개선 사업 ","6950000","5750000","2640964","82.7","45.9"
"2026","자치단체이전","자치단체자본보조","국가유산청","일반회계"," ","문화및관광","국가유산","문화유산","역사유적 보존강화","고도 보존 및 육성","고도역사도시조성(서동생가터유적정비)","0","0","0","0","0"
"2026","자치단체이전","자치단체자본보조","국가유산청","일반회계"," ","문화및관광","국가유산","문화유산","역사유적 보존강화","고도 보존 및 육성","역사문화권 중요 유적 발굴조사(이월)","0","0","0","0","0"
"2026","자치단체이전","자치단체자본보조","국가유산청","일반회계"," ","문화및관광","국가유산","문화유산","역사유적 보존강화","고도 보존 및 육성","(이월)역사문화권 역사문화환경 정비 사업","0","0","103845","0","0"
"2026","자치단체이전","자치단체자본보조","국가유산청","일반회계"," ","문화및관광","국가유산","문화유산","역사유적 보존강화","매장유산보호및관리지원","보존유적 관리지원(토지매입)","1178000","299350","263799","25.4","88.1"
"2026","자치단체이전","자치단체자본보조","국가유산청","일반회계"," ","문화및관광","국가유산","문화유산","역사유적 보존강화","매장유산보호및관리지원","보존유적 관리지원(보수정비)","0","0","0","0","0"
"2026","자치단체이전","자치단체자본보조","국가유산청","일반회계"," ","문화및관광","국가유산","문화유산","문화유산 보존관리","동산문화유산보존관리","건축유산 주변 맞춤형 주민지원","0","0","0","0","0"
"2026","자치단체이전","자치단체자본보조","국가유산청","일반회계"," ","문화및관광","국가유산","문화유산","문화유산 보존관리","근현대 및 국가민속문화유산 관리","근대역사문화공간 활성화 사업","2427000","1605000","380428","66.1","23.7"
"2026","자치단체이전","자치단체자본보조","국가유산청","일반회계"," ","문화및관광","국가유산","문화유산","문화유산 보존관리","근현대 및 국가민속문화유산 관리","근현대 동산문화유산 영인본 제작 지원","0","0","0","0","0"
"2026","자치단체이전","자치단체자본보조","국가유산청","일반회계"," ","문화및관광","국가유산","문화유산","문화유산 보존관리","근현대 및 국가민속문화유산 관리","민속유산 오솔길 정비","0","0","0","0","0"
"2026","자치단체이전","자치단체자본보조","국가유산청","일반회계"," ","문화및관광","국가유산","문화유산","문화유산 보존관리","국가유산수리기술진흥","국가유산수리 전통재료 생산기반시설 지원","0","0","0","0","0"
"2026","자치단체이전","자치단체자본보조","국가유산청","일반회계"," ","문화및관광","국가유산","문화유산","국가유산보수정비","국가유산보수정비(총액사업,보조)","국가지정(등록)유산보수정비","280976000","280976000","109586879","100.0","39.0"
"2026","자치단체이전","자치단체자본보조","국가유산청","일반회계"," ","문화및관광","국가유산","문화유산","국가유산보수정비","국가유산보수정비(총액사업,보조)","역사유적지구보존관리","218486000","218486000","31183360","100.0","14.3"
"2026","자치단체이전","자치단체자본보조","국가유산청","일반회계"," ","문화및관광","국가유산","문화유산","국가유산보수정비","국가유산보존기반구축","국가유산보존기반구축","71631000","71631000","19122796","100.0","26.7"
"2026","자치단체이전","자치단체자본보조","국가유산청","일반회계"," ","문화및관광","국가유산","자연유산","자연유산보호","명승?전통조경 보존관리","한국 전통정원 조성·정비","0","0","0","0","0"
"2026","자치단체이전","자치단체자본보조","국가유산청","일반회계"," ","문화및관광","국가유산","무형유산","무형유산전승","무형유산보호","무형유산 예술마을 조성","3500000","3500000","0","100.0","0.0"
"2026","자치단체이전","자치단체자본보조","국가유산청","일반회계"," ","문화및관광","국가유산","무형유산","무형유산전승","무형유산보호","전수교육관 건립 및 개보수","11500000","8855900","2909341","77.0","32.9"
"2026","자치단체이전","자치단체자본보조","국가유산청","일반회계"," ","문화및관광","국가유산","무형유산","무형유산전승","무형유산보호","전통공예 공방개선","154000","150000","23009","97.4","15.3"
"2026","자치단체이전","자치단체자본보조","국가유산청","지역균형발전특별회계","지역지원계정","문화및관광","국가유산","문화자원개발","지역문화유산개발","양산 통도사 문화공간 건립","양산 통도사 문화공간 건립","3000000","0","1240289","0.0","0"
"2026","자치단체이전","자치단체자본보조","국가유산청","지역균형발전특별회계","지역지원계정","문화및관광","국가유산","문화자원개발","지역문화유산개발","고도 보존 및 육성","고도탐방거점조성(경주 탐방거점센터 건립)","725000","475000","0","65.5","0.0"
"2026","자치단체이전","자치단체자본보조","국가유산청","지역균형발전특별회계","지역지원계정","문화및관광","국가유산","문화자원개발","지역문화유산개발","고도 보존 및 육성","고도 이미지 찾기 사업 ","5000000","3050000","965019","61.0","31.6"
"2026","자치단체이전","자치단체자본보조","국가유산청","지역균형발전특별회계","지역지원계정","문화및관광","국가유산","문화자원개발","지역문화유산개발","고도 보존 및 육성","고도역사도시조성(대통사 역사유적 정비)","800000","800000","583790","100.0","73.0"
"2026","자치단체이전","자치단체자본보조","국가유산청","지역균형발전특별회계","지역지원계정","문화및관광","국가유산","문화자원개발","지역문화유산개발","고도 보존 및 육성","고도역사도시조성(부여 고도경관개선)","0","0","0","0","0"
"2026","자치단체이전","자치단체자본보조","국가유산청","지역균형발전특별회계","지역지원계정","문화및관광","국가유산","문화자원개발","지역문화유산개발","고도 보존 및 육성","고도역사도시조성(백제 금마저 전통문화 복합체험단지 조성)","4400000","4400000","2274527","100.0","51.7"
"2026","자치단체이전","자치단체자본보조","국가유산청","지역균형발전특별회계","지역지원계정","문화및관광","국가유산","문화자원개발","지역문화유산개발","고도 보존 및 육성","고도탐방거점조성(부여 세계유산 탐방거점센터 건립)","700000","450000","402979","64.3","89.6"
"2026","자치단체이전","자치단체자본보조","국가유산청","지역균형발전특별회계","지역지원계정","문화및관광","국가유산","문화자원개발","지역문화유산개발","고도 보존 및 육성","역사문화권 역사문화환경 정비 사업","12451000","11809000","4210068","94.8","35.7"
"2026","자치단체이전","자치단체자본보조","국가유산청","지역균형발전특별회계","지역지원계정","문화및관광","국가유산","문화자원개발","지역문화유산개발","고도 보존 및 육성","역사문화권 중요 유적 발굴조사","3682000","3682000","2256659","100.0","61.3"
"2026","자치단체이전","자치단체자본보조","국가유산청","지역균형발전특별회계","지역지원계정","문화및관광","국가유산","문화자원개발","지역문화유산개발","고도 보존 및 육성","고도탐방거점조성(고령탐방거점센터건립)","140000","140000","0","100.0","0.0"
"2026","자치단체이전","자치단체자본보조","국가유산청","지역균형발전특별회계","지역지원계정","문화및관광","국가유산","문화자원개발","지역문화유산개발","고도 보존 및 육성","역사문화권 소규모 정비사업","500000","500000","0","100.0","0.0"
"2026","자치단체이전","자치단체자본보조","국가유산청","지역균형발전특별회계","지역지원계정","문화및관광","국가유산","문화자원개발","지역문화유산개발","고도 보존 및 육성","광역단위 역사문화권 정비사업","2200000","1835000","0","83.4","0.0"
"2026","자치단체이전","자치단체자본보조","국가유산청","지역균형발전특별회계","지역지원계정","문화및관광","국가유산","문화자원개발","지역문화유산개발","제주 해녀의전당 건립","제주 해녀의전당 건립","650000","250000","33831","38.5","13.5"
"2026","자치단체이전","자치단체자본보조","국방부","군인복지기금","복지계정","국방","전력유지","장병보건및복지향상","장병복지향상","복지시설운영","체력단련장 운영(한산대 체력단련장 사후환경조사 용역)","110000","0","0","0.0","0"
"2026","자치단체이전","자치단체자본보조","국토교통부","교통시설특별회계","교통체계관리계정","교통및물류","철도","도시철도건설","지하철건설지원","서울도시철도 9호선(3단계) 건설","서울도시철도 9호선(3단계) 건설","5500000","0","0","0.0","0"
"2026","자치단체이전","자치단체자본보조","국토교통부","교통시설특별회계","교통체계관리계정","교통및물류","철도","도시철도건설","지하철건설지원","부산 사상-하단 도시철도 건설","부산사상-하단 도시철도 건설","30000000","30000000","30000000","100.0","100.0"
"2026","자치단체이전","자치단체자본보조","국토교통부","교통시설특별회계","교통체계관리계정","교통및물류","철도","도시철도건설","지하철건설지원","광주도시철도2호선건설","광주도시철도 2호선 건설","176540000","13254499","17094132","7.5","129.0"
"2026","자치단체이전","자치단체자본보조","국토교통부","교통시설특별회계","교통체계관리계정","교통및물류","철도","도시철도건설","지하철건설지원","양산도시철도 건설","양산 도시철도 건설","47097000","47097000","47097000","100.0","100.0"
"2026","자치단체이전","자치단체자본보조","국토교통부","교통시설특별회계","교통체계관리계정","교통및물류","철도","도시철도건설","지하철건설지원","대전도시철도2호선건설","대전도시철도2호선건설","190000000","190000000","39814668","100.0","21.0"
"2026","자치단체이전","자치단체자본보조","국토교통부","교통시설특별회계","교통체계관리계정","교통및물류","철도","도시철도건설","지하철건설지원","도시철도 노후시설 개선지원","도시철도 노후시설 개선지원","35743000","29686500","11771959","83.1","39.7"
"2026","자치단체이전","자치단체자본보조","국토교통부","교통시설특별회계","교통체계관리계정","교통및물류","철도","도시철도건설","지하철건설지원","도시철도 노후시설 개선지원","도시철도 철도통합무선망(LTE-R) 구축 지원","19709000","19709000","4839500","100.0","24.6"
"2026","자치단체이전","자치단체자본보조","국토교통부","교통시설특별회계","교통체계관리계정","교통및물류","철도","도시철도건설","지하철건설지원","도시철도 노후시설 개선지원","초고속무선통신망구축지원","0","0","0","0","0"
"2026","자치단체이전","자치단체자본보조","국토교통부","교통시설특별회계","교통체계관리계정","교통및물류","철도","도시철도건설","지하철건설지원","서울지하철7호선청라연장","서울도시철도 7호선 청라국제도시 연장사업","140500000","140500000","67539655","100.0","48.1"
"2026","자치단체이전","자치단체자본보조","국토교통부","교통시설특별회계","교통체계관리계정","교통및물류","철도","도시철도건설","지하철건설지원","서울도시철도9호선4단계연장","서울도시철도9호선 4단계 연장","46013000","46013000","20686402","100.0","45.0"
"2026","자치단체이전","자치단체자본보조","국토교통부","교통시설특별회계","교통체계관리계정","교통및물류","철도","도시철도건설","지하철건설지원","도시철도노후차량개선지원","도시철도 노후차량 개선지원","46037000","27483000","18415000","59.7","67.0"
"2026","자치단체이전","자치단체자본보조","국토교통부","교통시설특별회계","교통체계관리계정","교통및물류","철도","도시철도건설","지하철건설지원","우이신설선 연장선","우이신설선 연장선","7908000","3954000","12477","50.0","0.3"
"2026","자치단체이전","자치단체자본보조","국토교통부","교통시설특별회계","교통체계관리계정","교통및물류","철도","도시철도건설","지하철건설지원","대구도시철도엑스코선건설","대구도시철도 엑스코선 건설","41820000","17200000","0","41.1","0.0"
"2026","자치단체이전","자치단체자본보조","국토교통부","교통시설특별회계","교통체계관리계정","교통및물류","철도","도시철도건설","지하철건설지원","부산도시철도하단-녹산선건설","부산도시철도 하단~녹산선 건설","37000000","31023261","6700000","83.8","21.6"
"2026","자치단체이전","자치단체자본보조","국토교통부","교통시설특별회계","교통체계관리계정","교통및물류","철도","도시철도건설","지하철건설지원","울산도시철도(트램) 1호선건설","울산도시철도(트램) 1호선건설","36000000","1500000","0","4.2","0.0"
"2026","자치단체이전","자치단체자본보조","국토교통부","교통시설특별회계","교통체계관리계정","교통및물류","철도","도시철도건설","경량전철건설지원","동북선경전철건설","동북선 경전철 건설","54800000","30980000","11750000","56.5","37.9"
"2026","자치단체이전","자치단체자본보조","국토교통부","교통시설특별회계","교통체계관리계정","교통및물류","물류등기타","대중교통육성","대중교통체계구축","광역버스 공공성 강화 지원","친환경 대용량 2층 전기버스 보급 지원","9000000","9000000","2880000","100.0","32.0"
"2026","자치단체이전","자치단체자본보조","국토교통부","교통시설특별회계","교통체계관리계정","교통및물류","물류등기타","대중교통육성","대중교통체계구축","수소 대중교통체계 구축 지원","수소 대중교통체계 구축 지원","9400000","9400000","1391500","100.0","14.8"
"2026","자치단체이전","자치단체자본보조","국토교통부","교통시설특별회계","교통체계관리계정","교통및물류","물류등기타","대중교통육성","대중교통체계구축","모빌리티활성화지원","모빌리티특화도시(자치단체 자본보조)","0","0","79000","0","0"
"2026","자치단체이전","자치단체자본보조","국토교통부","교통시설특별회계","도로계정","교통및물류","도로","지자체도로건설지원","광역도로","인천서구거점도-경기김포약암리광역도로","인천서구거점도-경기김포약암리광역도로","15758000","15758000","12148000","100.0","77.1"
"2026","자치단체이전","자치단체자본보조","국토교통부","교통시설특별회계","철도계정","교통및물류","철도","철도안전및운영","철도운영지원(교특)","김포 도시철도 전동차 증차 한시지원","김포 도시철도 전동차 증차 한시지원","6120000","4284000","0","70.0","0.0"
"2026","자치단체이전","자치단체자본보조","국토교통부","교통시설특별회계","철도계정","교통및물류","철도","철도안전및운영","철도운영지원(교특)","서울 도시철도 전동차 증차 한시지원","서울 도시철도 전동차 증차 한시지원","6407000","0","0","0.0","0"
"2026","자치단체이전","자치단체자본보조","국토교통부","교통시설특별회계","철도계정","교통및물류","철도","광역철도건설","광역철도건설지원","도봉산-옥정복선전철","도봉산-옥정복선전철","46676000","36845000","17322630","78.9","47.0"
"2026","자치단체이전","자치단체자본보조","국토교통부","교통시설특별회계","철도계정","교통및물류","철도","광역철도건설","광역철도건설지원","옥정-포천철도건설사업","옥정-포천철도건설사업","74224000","74224000","24530077","100.0","33.0"
"2026","자치단체이전","자치단체자본보조","국토교통부","일반회계"," ","교통및물류","물류등기타","물류정책","물류산업지원","스마트공동물류센터 건립지원","스마트공동물류센터 건립지원","3560000","3560000","2313243","100.0","65.0"
"2026","자치단체이전","자치단체자본보조","국토교통부","일반회계"," ","교통및물류","물류등기타","자동차및교통정책","첨단미래형자동차활성화","자율자동차 상용화","자율차 시범운행지구 서비스 지원사업(지자체보조)","3000000","3000000","740840","100.0","24.7"
"2026","자치단체이전","자치단체자본보조","국토교통부","일반회계"," ","국토및지역개발","지역및도시","도시정책","스마트시티 지원","스마트시티 기반구축","스마트시티 데이터허브 강화","2000000","1700000","359492","85.0","21.1"
"2026","자치단체이전","자치단체자본보조","국토교통부","일반회계"," ","국토및지역개발","지역및도시","도시정책","스마트시티 지원","스마트시티확산사업","스마트시티 조성","0","0","0","0","0"
"2026","자치단체이전","자치단체자본보조","국토교통부","일반회계"," ","국토및지역개발","지역및도시","건축정책","건축서비스산업지원","건축안전","기존 건축물 화재안전 성능보강 지원('25년 이월)","0","0","86904","0","0"
"2026","자치단체이전","자치단체자본보조","국토교통부","주택도시기금","주택계정","사회복지","주택","주택시장안정및주거복지향상","재건축초과이익지자체배분","재건축초과이익자본이전","재건축초과이익자본이전","196000","0","0","0.0","0"
"2026","자치단체이전","자치단체자본보조","국토교통부","주택도시기금","주택계정","사회복지","주택","임대주택지원(출자)","임대주택지원","다가구매입임대출자","다가구매입임대사업 자금지원","715552000","0","10710000","0.0","0"
"2026","자치단체이전","자치단체자본보조","국토교통부","주택도시기금","주택계정","사회복지","주택","임대주택지원(출자)","임대주택지원","국민임대출자","국민임대사업 자금지원","33271000","0","0","0.0","0"
"2026","자치단체이전","자치단체자본보조","국토교통부","주택도시기금","주택계정","사회복지","주택","임대주택지원(출자)","임대주택지원","영구임대출자","영구임대사업 자금지원","4091000","0","0","0.0","0"
"2026","자치단체이전","자치단체자본보조","국토교통부","주택도시기금","주택계정","사회복지","주택","임대주택지원(출자)","임대주택지원","행복주택출자","행복주택 사업 자금지원","9775000","0","924338","0.0","0"
"2026","자치단체이전","자치단체자본보조","국토교통부","주택도시기금","주택계정","사회복지","주택","임대주택지원(출자)","임대주택지원","통합공공임대출자","통합공공임대 출자","465293000","0","49833895","0.0","0"
"2026","자치단체이전","자치단체자본보조","국토교통부","주택도시기금","주택계정","사회복지","주택","임대주택지원(출자)","임대주택지원","노후공공임대주택 리모델링 및 서비스 개선","영구임대 리모델링(단일세대)","16380000","0","1820299","0.0","0"
"2026","자치단체이전","자치단체자본보조","국토교통부","주택도시기금","주택계정","사회복지","주택","임대주택지원(출자)","임대주택지원","노후공공임대주택 리모델링 및 서비스 개선","매입임대 시설개선","1800000","0","143540","0.0","0"
"2026","자치단체이전","자치단체자본보조","국토교통부","주택도시기금","주택계정","사회복지","주택","임대주택지원(출자)","임대주택지원","노후공공임대주택 리모델링 및 서비스 개선","영구임대 시설개선","13600000","0","6687765","0.0","0"
"2026","자치단체이전","자치단체자본보조","국토교통부","주택도시기금","주택계정","사회복지","주택","임대주택지원(출자)","임대주택지원","노후공공임대주택 리모델링 및 서비스 개선","국민임대 시설개선","0","0","0","0","0"
"2026","자치단체이전","자치단체자본보조","국토교통부","지역균형발전특별회계","제주특별자치도계정","교통및물류","도로","국도건설","제주 구국도 건설","제주 구국도 건설지원","제주 구국도 건설지원","2948000","2948000","2679994","100.0","90.9"
"2026","자치단체이전","자치단체자본보조","국토교통부","지역균형발전특별회계","제주특별자치도계정","교통및물류","도로","국도건설","제주 구국도 건설","중산간도로(와산-선흘)선형개량사업","중산간도로(와산-선홀)선형개량사업","2126000","2126000","2445332","100.0","115.0"
"2026","자치단체이전","자치단체자본보조","국토교통부","지역균형발전특별회계","제주특별자치도계정","교통및물류","도로","국도건설","제주 구국도 건설","광령-도평우회도로건설","광령-도평우회도로건설","15883000","15381366","7813743","96.8","50.8"
"2026","자치단체이전","자치단체자본보조","국토교통부","지역균형발전특별회계","제주특별자치도계정","교통및물류","도로","국도건설","제주 구국도 건설","중산간도로(봉개동-와산리)","중산간도로(봉개동-와산리)","2000000","2000000","1327900","100.0","66.4"
"2026","자치단체이전","자치단체자본보조","국토교통부","지역균형발전특별회계","제주특별자치도계정","교통및물류","도로","국도건설","제주 구국도 건설","중산간도로(귀덕리-상가리)","중산간도로(귀덕리-상가리)","1300000","1300000","903000","100.0","69.5"
"2026","자치단체이전","자치단체자본보조","국토교통부","지역균형발전특별회계","제주특별자치도계정","교통및물류","도로","국도건설","제주 구국도 건설","제주일주도로우회도로(서귀포여중-삼성여고)","제주일주도로우회도로(서귀포여중-삼성여고)","500000","500000","46170","100.0","9.2"
"2026","자치단체이전","자치단체자본보조","국토교통부","지역균형발전특별회계","제주특별자치도계정","교통및물류","도로","도로관리","제주 구국도 유지관리","제주구국도유지관리","제주구국도유지관리","32285000","23400000","18615924","72.5","79.6"
"2026","자치단체이전","자치단체자본보조","국토교통부","지역균형발전특별회계","제주특별자치도계정","국토및지역개발","지역및도시","도시정책","도시재생","도시재생사업(제주)","도시재생사업(제주)","16375000","15316000","8696061","93.5","56.8"
"2026","자치단체이전","자치단체자본보조","국토교통부","지역균형발전특별회계","지역자율계정","교통및물류","도로","지자체도로건설지원","혼잡도로","혼잡도로 건설","광주북부 순환도로","0","0","0","0","0"
"2026","자치단체이전","자치단체자본보조","국토교통부","지역균형발전특별회계","지역자율계정","교통및물류","도로","지자체도로건설지원","혼잡도로","혼잡도로 건설","상무지구-첨단산단","13314000","13314000","3045558","100.0","22.9"
"2026","자치단체이전","자치단체자본보조","국토교통부","지역균형발전특별회계","지역자율계정","교통및물류","도로","지자체도로건설지원","혼잡도로","혼잡도로 건설","월전동-무진로","1626000","1626000","2726073","100.0","167.7"
"2026","자치단체이전","자치단체자본보조","국토교통부","지역균형발전특별회계","지역자율계정","교통및물류","도로","지자체도로건설지원","혼잡도로","혼잡도로 건설","달서구 상화로","24650000","24650000","20107013","100.0","81.6"
"2026","자치단체이전","자치단체자본보조","국토교통부","지역균형발전특별회계","지역자율계정","교통및물류","도로","지자체도로건설지원","혼잡도로","혼잡도로 건설","정림동-버드내교","10000000","10000000","10023434","100.0","100.2"
"2026","자치단체이전","자치단체자본보조","국토교통부","지역균형발전특별회계","지역자율계정","교통및물류","도로","지자체도로건설지원","혼잡도로","혼잡도로 건설","엄궁대교","32000000","32000000","17711533","100.0","55.3"
"2026","자치단체이전","자치단체자본보조","국토교통부","지역균형발전특별회계","지역자율계정","교통및물류","도로","지자체도로건설지원","혼잡도로","혼잡도로 건설","대덕특구동측진입로","13190000","13190000","3208540","100.0","24.3"
"2026","자치단체이전","자치단체자본보조","국토교통부","지역균형발전특별회계","지역자율계정","교통및물류","도로","지자체도로건설지원","혼잡도로","혼잡도로 건설","농소-강동","9350000","4418313","3196218","47.3","72.3"
"2026","자치단체이전","자치단체자본보조","국토교통부","지역균형발전특별회계","지역자율계정","교통및물류","도로","지자체도로건설지원","혼잡도로","혼잡도로 건설","부산대교-동삼혁신도시","0","0","0","0","0"
"2026","자치단체이전","자치단체자본보조","국토교통부","지역균형발전특별회계","지역자율계정","교통및물류","도로","지자체도로건설지원","혼잡도로","혼잡도로 건설","식만-사상","7000000","7000000","1258836","100.0","18.0"
"2026","자치단체이전","자치단체자본보조","국토교통부","지역균형발전특별회계","지역자율계정","교통및물류","도로","지자체도로건설지원","혼잡도로","혼잡도로 건설","금곡-대곡","2610000","0","0","0.0","0"
"2026","자치단체이전","자치단체자본보조","국토교통부","지역균형발전특별회계","지역자율계정","교통및물류","도로","지자체도로건설지원","혼잡도로","혼잡도로 건설","각화동-제2순환로","301000","0","0","0.0","0"
"2026","자치단체이전","자치단체자본보조","국토교통부","지역균형발전특별회계","지역자율계정","교통및물류","도로","지자체도로건설지원","혼잡도로","혼잡도로 건설","황령3터널","0","0","0","0","0"
"2026","자치단체이전","자치단체자본보조","국토교통부","지역균형발전특별회계","지역자율계정","교통및물류","도로","지자체도로건설지원","혼잡도로","혼잡도로 건설","금호동-서광주로","200000","0","0","0.0","0"
"2026","자치단체이전","자치단체자본보조","국토교통부","지역균형발전특별회계","지역자율계정","교통및물류","도로","지자체도로건설지원","혼잡도로","혼잡도로 건설","제2명촌교","4300000","0","0","0.0","0"
"2026","자치단체이전","자치단체자본보조","국토교통부","지역균형발전특별회계","지역자율계정","교통및물류","도로","지자체도로건설지원","혼잡도로","혼잡도로 건설","공단고가교-서인천IC","16100000","0","5574014","0.0","0"
"2026","자치단체이전","자치단체자본보조","국토교통부","지역균형발전특별회계","지역자율계정","교통및물류","도로","지자체도로건설지원","국가지원지방도건설","국가지원지방도 건설","실촌-만선국지도건설","4490000","4490000","337544","100.0","7.5"
"2026","자치단체이전","자치단체자본보조","국토교통부","지역균형발전특별회계","지역자율계정","교통및물류","도로","지자체도로건설지원","국가지원지방도건설","국가지원지방도 건설","부산가덕대교-송정IC국지도건설","12079000","12079000","41558","100.0","0.3"
"2026","자치단체이전","자치단체자본보조","국토교통부","지역균형발전특별회계","지역자율계정","교통및물류","도로","지자체도로건설지원","국가지원지방도건설","국가지원지방도 건설","경기도계-인천마전국지도건설","2287000","2287000","3441329","100.0","150.5"
"2026","자치단체이전","자치단체자본보조","국토교통부","지역균형발전특별회계","지역자율계정","교통및물류","도로","지자체도로건설지원","국가지원지방도건설","국가지원지방도 건설","길상-선원국지도건설","2224000","2224000","3963","100.0","0.2"
"2026","자치단체이전","자치단체자본보조","국토교통부","지역균형발전특별회계","지역자율계정","교통및물류","도로","지자체도로건설지원","국가지원지방도건설","국가지원지방도 건설","화성우정-향남국지도건설","1500000","1500000","132","100.0","0.0"
"2026","자치단체이전","자치단체자본보조","국토교통부","지역균형발전특별회계","지역자율계정","교통및물류","도로","지자체도로건설지원","국가지원지방도건설","국가지원지방도 건설","경기광주-양평국지도건설","4000000","4000000","1289527","100.0","32.2"
"2026","자치단체이전","자치단체자본보조","국토교통부","지역균형발전특별회계","지역자율계정","교통및물류","도로","지자체도로건설지원","국가지원지방도건설","국가지원지방도 건설","도척-실촌국지도건설","0","0","0","0","0"
"2026","자치단체이전","자치단체자본보조","국토교통부","지역균형발전특별회계","지역자율계정","교통및물류","도로","지자체도로건설지원","국가지원지방도건설","국가지원지방도 건설","포천군내-내촌국지도건설","13005000","13005000","4069570","100.0","31.3"
"2026","자치단체이전","자치단체자본보조","국토교통부","지역균형발전특별회계","지역자율계정","교통및물류","도로","지자체도로건설지원","국가지원지방도건설","국가지원지방도 건설","오남-수동국지도건설","0","0","0","0","0"
"2026","자치단체이전","자치단체자본보조","국토교통부","지역균형발전특별회계","지역자율계정","교통및물류","도로","지자체도로건설지원","국가지원지방도건설","국가지원지방도 건설","양주장흥-광적국지도건설","9900000","9900000","5406041","100.0","54.6"
"2026","자치단체이전","자치단체자본보조","국토교통부","지역균형발전특별회계","지역자율계정","교통및물류","도로","지자체도로건설지원","국가지원지방도건설","국가지원지방도 건설","동막-개야국지도건설","1000000","1000000","0","100.0","0.0"
"2026","자치단체이전","자치단체자본보조","국토교통부","지역균형발전특별회계","지역자율계정","교통및물류","도로","지자체도로건설지원","국가지원지방도건설","국가지원지방도 건설","원주지정-흥업국지도건설","6000000","4000000","3484960","66.7","87.1"
"2026","자치단체이전","자치단체자본보조","국토교통부","지역균형발전특별회계","지역자율계정","교통및물류","도로","지자체도로건설지원","국가지원지방도건설","국가지원지방도 건설","미로-하장국지도건설","3000000","0","1957547","0.0","0"
"2026","자치단체이전","자치단체자본보조","국토교통부","지역균형발전특별회계","지역자율계정","교통및물류","도로","지자체도로건설지원","국가지원지방도건설","국가지원지방도 건설","도계-영월국지도건설","7000000","6411699","10350621","91.6","161.4"
"2026","자치단체이전","자치단체자본보조","국토교통부","지역균형발전특별회계","지역자율계정","교통및물류","도로","지자체도로건설지원","국가지원지방도건설","국가지원지방도 건설","제천수산-청풍국지도건설","200000","200000","261","100.0","0.1"
"2026","자치단체이전","자치단체자본보조","국토교통부","지역균형발전특별회계","지역자율계정","교통및물류","도로","지자체도로건설지원","국가지원지방도건설","국가지원지방도 건설","연금-금성국지도건설","5336000","5336000","4778540","100.0","89.6"
"2026","자치단체이전","자치단체자본보조","국토교통부","지역균형발전특별회계","지역자율계정","교통및물류","도로","지자체도로건설지원","국가지원지방도건설","국가지원지방도 건설","상촌-황간국지도건설","14890000","14890000","8513464","100.0","57.2"
"2026","자치단체이전","자치단체자본보조","국토교통부","지역균형발전특별회계","지역자율계정","교통및물류","도로","지자체도로건설지원","국가지원지방도건설","국가지원지방도 건설","무심동로-오창IC국지도건설","1400000","1400000","794311","100.0","56.7"
"2026","자치단체이전","자치단체자본보조","국토교통부","지역균형발전특별회계","지역자율계정","교통및물류","도로","지자체도로건설지원","국가지원지방도건설","국가지원지방도 건설","성환-입장국지도건설","2095000","2095000","0","100.0","0.0"
"2026","자치단체이전","자치단체자본보조","국토교통부","지역균형발전특별회계","지역자율계정","교통및물류","도로","지자체도로건설지원","국가지원지방도건설","국가지원지방도 건설","금산진산-금산국지도건설","3109000","3109000","786964","100.0","25.3"
"2026","자치단체이전","자치단체자본보조","국토교통부","지역균형발전특별회계","지역자율계정","교통및물류","도로","지자체도로건설지원","국가지원지방도건설","국가지원지방도 건설","홍성은하장척-목현국지도건설","2756000","2756000","1495280","100.0","54.3"
"2026","자치단체이전","자치단체자본보조","국토교통부","지역균형발전특별회계","지역자율계정","교통및물류","도로","지자체도로건설지원","국가지원지방도건설","국가지원지방도 건설","부여임천-논산강경국지도건설","2664000","2664000","954364","100.0","35.8"
"2026","자치단체이전","자치단체자본보조","국토교통부","지역균형발전특별회계","지역자율계정","교통및물류","도로","지자체도로건설지원","국가지원지방도건설","국가지원지방도 건설","우성-이인국지도건설","6700000","6700000","5953979","100.0","88.9"
"2026","자치단체이전","자치단체자본보조","국토교통부","지역균형발전특별회계","지역자율계정","교통및물류","도로","지자체도로건설지원","국가지원지방도건설","국가지원지방도 건설","당진-서산국지도건설","11267000","11267000","10374124","100.0","92.1"
"2026","자치단체이전","자치단체자본보조","국토교통부","지역균형발전특별회계","지역자율계정","교통및물류","도로","지자체도로건설지원","국가지원지방도건설","국가지원지방도 건설","장성동화-서삼국지도건설","0","0","0","0","0"
"2026","자치단체이전","자치단체자본보조","국토교통부","지역균형발전특별회계","지역자율계정","교통및물류","도로","지자체도로건설지원","국가지원지방도건설","국가지원지방도 건설","나주금천-화순도암국지도건설","0","0","0","0","0"
"2026","자치단체이전","자치단체자본보조","국토교통부","지역균형발전특별회계","지역자율계정","교통및물류","도로","지자체도로건설지원","국가지원지방도건설","국가지원지방도 건설","북평-북일국지도건설","5249000","5249000","1534969","100.0","29.2"
"2026","자치단체이전","자치단체자본보조","국토교통부","지역균형발전특별회계","지역자율계정","교통및물류","도로","지자체도로건설지원","국가지원지방도건설","국가지원지방도 건설","낙안-상사국지도건설","4402000","4402000","299950","100.0","6.8"
"2026","자치단체이전","자치단체자본보조","국토교통부","지역균형발전특별회계","지역자율계정","교통및물류","도로","지자체도로건설지원","국가지원지방도건설","국가지원지방도 건설","온정-원남국지도건설","200000","200000","0","100.0","0.0"
"2026","자치단체이전","자치단체자본보조","국토교통부","지역균형발전특별회계","지역자율계정","교통및물류","도로","지자체도로건설지원","국가지원지방도건설","국가지원지방도 건설","포항-안동국지도건설","13874000","13874000","5080922","100.0","36.6"
"2026","자치단체이전","자치단체자본보조","국토교통부","지역균형발전특별회계","지역자율계정","교통및물류","도로","지자체도로건설지원","국가지원지방도건설","국가지원지방도 건설","효자-상원국지도건설","2329000","2329000","2498783","100.0","107.3"
"2026","자치단체이전","자치단체자본보조","국토교통부","지역균형발전특별회계","지역자율계정","교통및물류","도로","지자체도로건설지원","국가지원지방도건설","국가지원지방도 건설","운문-도계국지도건설","11000000","11000000","8724826","100.0","79.3"
"2026","자치단체이전","자치단체자본보조","국토교통부","지역균형발전특별회계","지역자율계정","교통및물류","도로","지자체도로건설지원","국가지원지방도건설","국가지원지방도 건설","상원-청하국지도건설","6937000","6937000","3923683","100.0","56.6"
"2026","자치단체이전","자치단체자본보조","국토교통부","지역균형발전특별회계","지역자율계정","교통및물류","도로","지자체도로건설지원","국가지원지방도건설","국가지원지방도 건설","마령재터널국지도건설","10000000","10000000","9659911","100.0","96.6"
"2026","자치단체이전","자치단체자본보조","국토교통부","지역균형발전특별회계","지역자율계정","교통및물류","도로","지자체도로건설지원","국가지원지방도건설","국가지원지방도 건설","고령-성주국지도건설","6314000","6314000","483718","100.0","7.7"
"2026","자치단체이전","자치단체자본보조","국토교통부","지역균형발전특별회계","지역자율계정","교통및물류","도로","지자체도로건설지원","국가지원지방도건설","국가지원지방도 건설","강동-안강국지도건설","5900000","5900000","2106133","100.0","35.7"
"2026","자치단체이전","자치단체자본보조","국토교통부","지역균형발전특별회계","지역자율계정","교통및물류","도로","지자체도로건설지원","국가지원지방도건설","국가지원지방도 건설","강구대교국지도건설","1288000","1288000","562620","100.0","43.7"
"2026","자치단체이전","자치단체자본보조","국토교통부","지역균형발전특별회계","지역자율계정","교통및물류","도로","지자체도로건설지원","국가지원지방도건설","국가지원지방도 건설","사천곤양-곤명국지도건설","900000","900000","190220","100.0","21.1"
"2026","자치단체이전","자치단체자본보조","국토교통부","지역균형발전특별회계","지역자율계정","교통및물류","도로","지자체도로건설지원","국가지원지방도건설","국가지원지방도 건설","밀양신법-동산국지도건설","900000","900000","400000","100.0","44.4"
"2026","자치단체이전","자치단체자본보조","국토교통부","지역균형발전특별회계","지역자율계정","교통및물류","도로","지자체도로건설지원","국가지원지방도건설","국가지원지방도 건설","밀양무안-신법국지도건설","2461000","2461000","1665544","100.0","67.7"
"2026","자치단체이전","자치단체자본보조","국토교통부","지역균형발전특별회계","지역자율계정","교통및물류","도로","지자체도로건설지원","국가지원지방도건설","국가지원지방도 건설","산청-금서국지도건설","400000","400000","2260053","100.0","565.0"
"2026","자치단체이전","자치단체자본보조","국토교통부","지역균형발전특별회계","지역자율계정","교통및물류","도로","지자체도로건설지원","국가지원지방도건설","국가지원지방도 건설","쌍백-봉수국지도건설","325000","325000","317175","100.0","97.6"
"2026","자치단체이전","자치단체자본보조","국토교통부","지역균형발전특별회계","지역자율계정","교통및물류","도로","지자체도로건설지원","국가지원지방도건설","국가지원지방도 건설","한림-생림국지도건설","6000000","6000000","5325365","100.0","88.8"
"2026","자치단체이전","자치단체자본보조","국토교통부","지역균형발전특별회계","지역자율계정","교통및물류","도로","지자체도로건설지원","국가지원지방도건설","국가지원지방도 건설","칠북-북면국지도건설","15810000","15810000","8631832","100.0","54.6"
"2026","자치단체이전","자치단체자본보조","국토교통부","지역균형발전특별회계","지역자율계정","교통및물류","도로","지자체도로건설지원","국가지원지방도건설","국가지원지방도 건설","사천곤양-서포국지도건설","2300000","2300000","1331124","100.0","57.9"
"2026","자치단체이전","자치단체자본보조","국토교통부","지역균형발전특별회계","지역자율계정","교통및물류","도로","지자체도로건설지원","국가지원지방도건설","국가지원지방도 건설","봉강-무안국지도건설","11000000","11000000","4487768","100.0","40.8"
"2026","자치단체이전","자치단체자본보조","국토교통부","지역균형발전특별회계","지역자율계정","교통및물류","도로","지자체도로건설지원","국가지원지방도건설","국가지원지방도 건설","문동-송정IC국지도건설","21000000","21000000","14093110","100.0","67.1"
"2026","자치단체이전","자치단체자본보조","국토교통부","지역균형발전특별회계","지역자율계정","교통및물류","도로","지자체도로건설지원","국가지원지방도건설","국가지원지방도 건설","매리-양산국지도건설","13000000","13000000","8348698","100.0","64.2"
"2026","자치단체이전","자치단체자본보조","국토교통부","지역균형발전특별회계","지역자율계정","교통및물류","도로","지자체도로건설지원","국가지원지방도건설","국가지원지방도 건설","대동-매리국지도건설","1190000","1190000","3828254","100.0","321.7"
"2026","자치단체이전","자치단체자본보조","국토교통부","지역균형발전특별회계","지역자율계정","교통및물류","도로","지자체도로건설지원","국가지원지방도건설","국가지원지방도 건설","울주상북덕현-운문터널국지도건설","4923000","4923000","0","100.0","0.0"
"2026","자치단체이전","자치단체자본보조","국토교통부","지역균형발전특별회계","지역자율계정","교통및물류","도로","지자체도로건설지원","국가지원지방도건설","국가지원지방도 건설","영월주천주천-판운국지도건설","451000","451000","19440","100.0","4.3"
"2026","자치단체이전","자치단체자본보조","국토교통부","지역균형발전특별회계","지역자율계정","교통및물류","도로","지자체도로건설지원","국가지원지방도건설","국가지원지방도 건설","영동양산-양강국지도건설","200000","200000","1890","100.0","0.9"
"2026","자치단체이전","자치단체자본보조","국토교통부","지역균형발전특별회계","지역자율계정","교통및물류","도로","지자체도로건설지원","국가지원지방도건설","국가지원지방도 건설","금산진산행정-읍내국지도건설","200000","200000","0","100.0","0.0"
"2026","자치단체이전","자치단체자본보조","국토교통부","지역균형발전특별회계","지역자율계정","교통및물류","도로","지자체도로건설지원","국가지원지방도건설","국가지원지방도 건설","순창순창-구림국지도건설","3000000","0","44506","0.0","0"
"2026","자치단체이전","자치단체자본보조","국토교통부","지역균형발전특별회계","지역자율계정","교통및물류","도로","지자체도로건설지원","국가지원지방도건설","국가지원지방도 건설","담양고서-창평국지도건설","1000000","1000000","129000","100.0","12.9"
"2026","자치단체이전","자치단체자본보조","국토교통부","지역균형발전특별회계","지역자율계정","교통및물류","도로","지자체도로건설지원","국가지원지방도건설","국가지원지방도 건설","영덕강구-축산국지도건설","800000","800000","0","100.0","0.0"
"2026","자치단체이전","자치단체자본보조","국토교통부","지역균형발전특별회계","지역자율계정","교통및물류","도로","지자체도로건설지원","국가지원지방도건설","국가지원지방도 건설","정읍부전-칠보국지도건설","4800000","0","0","0.0","0"
"2026","자치단체이전","자치단체자본보조","국토교통부","지역균형발전특별회계","지역자율계정","교통및물류","도로","지자체도로건설지원","국가지원지방도건설","국가지원지방도 건설","가납-상수국지도건설","0","0","0","0","0"
"2026","자치단체이전","자치단체자본보조","국토교통부","지역균형발전특별회계","지역자율계정","교통및물류","도로","지자체도로건설지원","국가지원지방도건설","국가지원지방도 건설","이천대포-장록국지도건설","200000","200000","110055","100.0","55.0"
"2026","자치단체이전","자치단체자본보조","국토교통부","지역균형발전특별회계","지역자율계정","교통및물류","도로","지자체도로건설지원","국가지원지방도건설","국가지원지방도 건설","영월주천-한반도국지도건설","200000","200000","0","100.0","0.0"
"2026","자치단체이전","자치단체자본보조","국토교통부","지역균형발전특별회계","지역자율계정","교통및물류","도로","지자체도로건설지원","국가지원지방도건설","국가지원지방도 건설","음성음성-충주신니국지도건설","200000","200000","2529","100.0","1.3"
"2026","자치단체이전","자치단체자본보조","국토교통부","지역균형발전특별회계","지역자율계정","교통및물류","도로","지자체도로건설지원","국가지원지방도건설","국가지원지방도 건설","남원인월-아영국지도건설","200000","0","0","0.0","0"
"2026","자치단체이전","자치단체자본보조","국토교통부","지역균형발전특별회계","지역자율계정","교통및물류","도로","지자체도로건설지원","국가지원지방도건설","국가지원지방도 건설","문경농암화산-사현국지도건설","1000000","1000000","0","100.0","0.0"
"2026","자치단체이전","자치단체자본보조","국토교통부","지역균형발전특별회계","지역자율계정","교통및물류","도로","지자체도로건설지원","국가지원지방도건설","국가지원지방도 건설","함안여항-창원내서국지도건설","100000","100000","0","100.0","0.0"
"2026","자치단체이전","자치단체자본보조","국토교통부","지역균형발전특별회계","지역자율계정","교통및물류","도로","지자체도로건설지원","국가지원지방도건설","국가지원지방도 건설","완주소양-동상국지도건설","200000","0","0","0.0","0"
"2026","자치단체이전","자치단체자본보조","국토교통부","지역균형발전특별회계","지역자율계정","교통및물류","도로","지자체도로건설지원","국가지원지방도건설","국가지원지방도 건설","갈천-가수국지도건설","5000000","5000000","1216896","100.0","24.3"
"2026","자치단체이전","자치단체자본보조","국토교통부","지역균형발전특별회계","지역자율계정","교통및물류","도로","지자체도로건설지원","국가지원지방도건설","국가지원지방도 건설","양평강하-강상국지도건설","0","0","0","0","0"
"2026","자치단체이전","자치단체자본보조","국토교통부","지역균형발전특별회계","지역자율계정","교통및물류","도로","지자체도로건설지원","국가지원지방도건설","국가지원지방도 건설","이천백사-여주흥천국지도건설","200000","200000","31020","100.0","15.5"
"2026","자치단체이전","자치단체자본보조","국토교통부","지역균형발전특별회계","지역자율계정","교통및물류","도로","지자체도로건설지원","국가지원지방도건설","국가지원지방도 건설","죽장-달산국지도건설","900000","900000","0","100.0","0.0"
"2026","자치단체이전","자치단체자본보조","국토교통부","지역균형발전특별회계","지역자율계정","교통및물류","도로","지자체도로건설지원","국가지원지방도건설","국가지원지방도 건설","양근대교국지도건설","2461000","2461000","16900","100.0","0.7"
"2026","자치단체이전","자치단체자본보조","국토교통부","지역균형발전특별회계","지역자율계정","교통및물류","도로","지자체도로건설지원","국가지원지방도건설","국가지원지방도 건설","충북도계-천안탑원국지도건설","0","0","0","0","0"
"2026","자치단체이전","자치단체자본보조","국토교통부","지역균형발전특별회계","지역자율계정","교통및물류","물류등기타","대중교통육성","대중교통체계구축","버스공영차고지 지원(자율)","버스공영차고지 지원(자율)","28819000","28819000","10528058","100.0","36.5"
"2026","자치단체이전","자치단체자본보조","국토교통부","지역균형발전특별회계","지역자율계정","국토및지역개발","지역및도시","지역개발","성장촉진지역개발","성장촉진지역개발","섬개발사업","97574000","87362000","28245682","89.5","32.3"
"2026","자치단체이전","자치단체자본보조","국토교통부","지역균형발전특별회계","지역자율계정","국토및지역개발","지역및도시","지역개발","성장촉진지역개발","성장촉진지역개발","지역개발사업","97203000","85688743","26427370","88.2","30.8"
"2026","자치단체이전","자치단체자본보조","국토교통부","지역균형발전특별회계","지역자율계정","국토및지역개발","지역및도시","지역개발","지역발전투자협약","민관협력 지역상생협약(자율)","민관상생 투자협약","19939000","12459750","5641975","62.5","45.3"
"2026","자치단체이전","자치단체자본보조","국토교통부","지역균형발전특별회계","지역자율계정","국토및지역개발","지역및도시","지역개발","지역발전투자협약","민관협력 지역상생협약(자율)","지역활력타운 조성사업","4000000","1300000","1544683","32.5","118.8"
"2026","자치단체이전","자치단체자본보조","국토교통부","지역균형발전특별회계","지역자율계정","국토및지역개발","지역및도시","지역개발","초광역 개발권 시범사업 지원","해안및내륙권발전사업지원(자율)","시구산(조령 제4관문) 개발 사업","200000","200000","350","100.0","0.2"
"2026","자치단체이전","자치단체자본보조","국토교통부","지역균형발전특별회계","지역자율계정","국토및지역개발","지역및도시","지역개발","초광역 개발권 시범사업 지원","해안및내륙권발전사업지원(자율)","동해안 내셔널트레일 조성(포항)","500000","500000","272580","100.0","54.5"
"2026","자치단체이전","자치단체자본보조","국토교통부","지역균형발전특별회계","지역자율계정","국토및지역개발","지역및도시","지역개발","초광역 개발권 시범사업 지원","해안및내륙권발전사업지원(자율)","남해안 해안경관도로 조성(진도 가치)","500000","500000","0","100.0","0.0"
"2026","자치단체이전","자치단체자본보조","국토교통부","지역균형발전특별회계","지역자율계정","국토및지역개발","지역및도시","지역개발","초광역 개발권 시범사업 지원","해안및내륙권발전사업지원(자율)","동해안 바닷가 경관도로 조성","2308000","2308000","1557939","100.0","67.5"
"2026","자치단체이전","자치단체자본보조","국토교통부","지역균형발전특별회계","지역자율계정","국토및지역개발","지역및도시","지역개발","초광역 개발권 시범사업 지원","해안및내륙권발전사업지원(자율)","흥해 오도 주상절리 탐방로 조성","1000000","737360","0","73.7","0.0"
"2026","자치단체이전","자치단체자본보조","국토교통부","지역균형발전특별회계","지역자율계정","국토및지역개발","지역및도시","지역개발","초광역 개발권 시범사업 지원","해안및내륙권발전사업지원(자율)","동해안 내셔널트레일 조성(울진)","4000000","4000000","1878485","100.0","47.0"
"2026","자치단체이전","자치단체자본보조","국토교통부","지역균형발전특별회계","지역자율계정","국토및지역개발","지역및도시","지역개발","초광역 개발권 시범사업 지원","해안및내륙권발전사업지원(자율)","동해안 내셔널트레일 조성(경주)","1000000","1000000","0","100.0","0.0"
"2026","자치단체이전","자치단체자본보조","국토교통부","지역균형발전특별회계","지역자율계정","국토및지역개발","지역및도시","지역개발","초광역 개발권 시범사업 지원","해안및내륙권발전사업지원(자율)","노을, 생태갯벌 플랫폼 조성","3800000","3800000","1543094","100.0","40.6"
"2026","자치단체이전","자치단체자본보조","국토교통부","지역균형발전특별회계","지역자율계정","국토및지역개발","지역및도시","지역개발","초광역 개발권 시범사업 지원","해안및내륙권발전사업지원(자율)","서해안 선셋드라이브 명소화","6100000","6100000","4012937","100.0","65.8"
"2026","자치단체이전","자치단체자본보조","국토교통부","지역균형발전특별회계","지역자율계정","국토및지역개발","지역및도시","지역개발","초광역 개발권 시범사업 지원","해안및내륙권발전사업지원(자율)","생태정원과 함께하는 갯벌 치유센터","2200000","2200000","821546","100.0","37.3"
"2026","자치단체이전","자치단체자본보조","국토교통부","지역균형발전특별회계","지역자율계정","국토및지역개발","지역및도시","지역개발","초광역 개발권 시범사업 지원","해안및내륙권발전사업지원(자율)","남해대교 관광자원화","1350000","1350000","1350942","100.0","100.1"
"2026","자치단체이전","자치단체자본보조","국토교통부","지역균형발전특별회계","지역자율계정","국토및지역개발","지역및도시","지역개발","초광역 개발권 시범사업 지원","해안및내륙권발전사업지원(자율)","섬진강 영호남 복합형 환승공원","2270000","2270000","576004","100.0","25.4"
"2026","자치단체이전","자치단체자본보조","국토교통부","지역균형발전특별회계","지역자율계정","국토및지역개발","지역및도시","지역개발","초광역 개발권 시범사업 지원","해안및내륙권발전사업지원(자율)","서남해안 명품경관 조성","3300000","990000","0","30.0","0.0"
"2026","자치단체이전","자치단체자본보조","국토교통부","지역균형발전특별회계","지역자율계정","국토및지역개발","지역및도시","지역개발","초광역 개발권 시범사업 지원","해안및내륙권발전사업지원(자율)","서남해안 명품경관 조성(신안천사전망공원)","500000","500000","0","100.0","0.0"
"2026","자치단체이전","자치단체자본보조","국토교통부","지역균형발전특별회계","지역자율계정","국토및지역개발","지역및도시","지역개발","초광역 개발권 시범사업 지원","해안및내륙권발전사업지원(자율)","금강권 역사문화관광 플랫폼 구축","4725000","4725000","1553738","100.0","32.9"
"2026","자치단체이전","자치단체자본보조","국토교통부","지역균형발전특별회계","지역자율계정","국토및지역개발","지역및도시","지역개발","초광역 개발권 시범사업 지원","해안및내륙권발전사업지원(자율)","심항산 발길 순환루트 치유힐링공간","3000000","1200000","0","40.0","0.0"
"2026","자치단체이전","자치단체자본보조","국토교통부","지역균형발전특별회계","지역자율계정","국토및지역개발","지역및도시","지역개발","초광역 개발권 시범사업 지원","해안및내륙권발전사업지원(자율)","금강천리 발길따라 지역매력살리기(죽당리 대지예술공원)","1500000","1500000","0","100.0","0.0"
"2026","자치단체이전","자치단체자본보조","국토교통부","지역균형발전특별회계","지역자율계정","국토및지역개발","지역및도시","지역개발","초광역 개발권 시범사업 지원","해안및내륙권발전사업지원(자율)","탄금호 자전거 연계거점","1560000","468000","0","30.0","0.0"
"2026","자치단체이전","자치단체자본보조","국토교통부","지역균형발전특별회계","지역자율계정","국토및지역개발","지역및도시","지역개발","초광역 개발권 시범사업 지원","해안및내륙권발전사업지원(자율)","백두대간 문화철도역 연계협력","1240000","1240000","373724","100.0","30.1"
"2026","자치단체이전","자치단체자본보조","국토교통부","지역균형발전특별회계","지역자율계정","국토및지역개발","지역및도시","지역개발","초광역 개발권 시범사업 지원","해안및내륙권발전사업지원(자율)","백두대간 휴양관광벨트 조성","3120000","3120000","1034488","100.0","33.2"
"2026","자치단체이전","자치단체자본보조","국토교통부","지역균형발전특별회계","지역자율계정","국토및지역개발","지역및도시","지역개발","초광역 개발권 시범사업 지원","해안및내륙권발전사업지원(자율)","단양 에코순환루트 인프라 구축","2020000","2020000","0","100.0","0.0"
"2026","자치단체이전","자치단체자본보조","국토교통부","지역균형발전특별회계","지역자율계정","국토및지역개발","지역및도시","지역개발","초광역 개발권 시범사업 지원","해안및내륙권발전사업지원(자율)","섬진강 동화정원 문화예술벨트","1915000","1915000","318886","100.0","16.7"
"2026","자치단체이전","자치단체자본보조","국토교통부","지역균형발전특별회계","지역자율계정","국토및지역개발","지역및도시","지역개발","초광역 개발권 시범사업 지원","해안및내륙권발전사업지원(자율)","백두대간 V힐링 스타트업로드 조성","700000","700000","362689","100.0","51.8"
"2026","자치단체이전","자치단체자본보조","국토교통부","지역균형발전특별회계","지역자율계정","국토및지역개발","지역및도시","지역개발","초광역 개발권 시범사업 지원","해안및내륙권발전사업지원(자율)","속리산 힐링 아카데미 조성","500000","500000","3340","100.0","0.7"
"2026","자치단체이전","자치단체자본보조","국토교통부","지역균형발전특별회계","지역자율계정","국토및지역개발","지역및도시","지역개발","초광역 개발권 시범사업 지원","해안및내륙권발전사업지원(자율)","동서화합 육십령 가야이음터 조성","2500000","2500000","623413","100.0","24.9"
"2026","자치단체이전","자치단체자본보조","국토교통부","지역균형발전특별회계","지역자율계정","국토및지역개발","지역및도시","지역개발","초광역 개발권 시범사업 지원","해안및내륙권발전사업지원(자율)","선비문화유산풍류관광벨트 조성","560000","560000","49155","100.0","8.8"
"2026","자치단체이전","자치단체자본보조","국토교통부","지역균형발전특별회계","지역자율계정","국토및지역개발","지역및도시","지역개발","초광역 개발권 시범사업 지원","해안및내륙권발전사업지원(자율)","봉무 쉼표공원 조성","6020000","6020000","242","100.0","0.0"
"2026","자치단체이전","자치단체자본보조","국토교통부","지역균형발전특별회계","지역자율계정","국토및지역개발","지역및도시","지역개발","초광역 개발권 시범사업 지원","해안및내륙권발전사업지원(자율)","낙동강 문화권 에코뮤지엄 조성","750000","750000","313281","100.0","41.8"
"2026","자치단체이전","자치단체자본보조","국토교통부","지역균형발전특별회계","지역자율계정","국토및지역개발","지역및도시","지역개발","초광역 개발권 시범사업 지원","해안및내륙권발전사업지원(자율)","수성못 스마트여행자거리 조성","6370000","6370000","77358","100.0","1.2"
"2026","자치단체이전","자치단체자본보조","국토교통부","지역균형발전특별회계","지역자율계정","국토및지역개발","지역및도시","지역개발","초광역 개발권 시범사업 지원","해안및내륙권발전사업지원(자율)","동해안 바닷가 북부권 경관도로 조성","500000","500000","26445","100.0","5.3"
"2026","자치단체이전","자치단체자본보조","국토교통부","지역균형발전특별회계","지역자율계정","국토및지역개발","지역및도시","지역개발","초광역 개발권 시범사업 지원","해안및내륙권발전사업지원(자율)","금강 국가관광도로 조성","300000","300000","23700","100.0","7.9"
"2026","자치단체이전","자치단체자본보조","국토교통부","지역균형발전특별회계","지역자율계정","국토및지역개발","지역및도시","지역개발","초광역 개발권 시범사업 지원","해안및내륙권발전사업지원(자율)","전주부성 복원 정비 사업","300000","300000","35000","100.0","11.7"
"2026","자치단체이전","자치단체자본보조","국토교통부","지역균형발전특별회계","지역자율계정","국토및지역개발","지역및도시","지역개발","초광역 개발권 시범사업 지원","해안및내륙권발전사업지원(자율)","남해안 해안경관도로 조성(고흥 풍류)","500000","500000","500000","100.0","100.0"
"2026","자치단체이전","자치단체자본보조","국토교통부","지역균형발전특별회계","지역자율계정","국토및지역개발","지역및도시","지역개발","초광역 개발권 시범사업 지원","해안및내륙권발전사업지원(자율)","동해안 내셔널트레일 조성(영덕)","500000","500000","500000","100.0","100.0"
"2026","자치단체이전","자치단체자본보조","국토교통부","지역균형발전특별회계","지역자율계정","국토및지역개발","지역및도시","지역개발","초광역 개발권 시범사업 지원","해안및내륙권발전사업지원(자율)","대장경테마파크 스카이가든 조성","300000","300000","15820","100.0","5.3"
"2026","자치단체이전","자치단체자본보조","국토교통부","지역균형발전특별회계","지역자율계정","국토및지역개발","지역및도시","지역개발","초광역 개발권 시범사업 지원","해안및내륙권발전사업지원(자율)","하중도 친수공간 조성 및 명소화","400000","400000","280599","100.0","70.1"
"2026","자치단체이전","자치단체자본보조","국토교통부","지역균형발전특별회계","지역자율계정","국토및지역개발","지역및도시","도시정책","스마트시티지원(자율)","스마트시티확산사업(자율)","스마트시티 조성(자율)","19800000","15060000","995850","76.1","6.6"
"2026","자치단체이전","자치단체자본보조","국토교통부","지역균형발전특별회계","지역자율계정","국토및지역개발","지역및도시","도시정책","도시활력증진지역개발","도시활력증진지역개발","우리동네살리기","36546000","36546000","15227233","100.0","41.7"
"2026","자치단체이전","자치단체자본보조","국토교통부","지역균형발전특별회계","지역자율계정","국토및지역개발","지역및도시","도시정책","도시활력증진지역개발","도시활력증진지역개발","도시 취약지역개조","26504000","26504000","11918369","100.0","45.0"
"2026","자치단체이전","자치단체자본보조","국토교통부","지역균형발전특별회계","지역자율계정","국토및지역개발","지역및도시","도시정책","수소도시기반구축(자율)","수소도시지원(자율)","수소도시지원","46020000","43270000","23499972","94.0","54.3"
"2026","자치단체이전","자치단체자본보조","국토교통부","지역균형발전특별회계","지역자율계정","국토및지역개발","지역및도시","도시정책","도시재생","도시재생사업(자율)","도시재생사업(자율)","325746000","296065200","94863663","90.9","32.0"
"2026","자치단체이전","자치단체자본보조","국토교통부","지역균형발전특별회계","지역자율계정","국토및지역개발","지역및도시","도시정책","도시재생","도시재생사업(자율)","소규모주택정비사업지원(자율)","15392000","8134000","2337700","52.8","28.7"
"2026","자치단체이전","자치단체자본보조","국토교통부","지역균형발전특별회계","지역자율계정","국토및지역개발","산업단지","산업단지개발및지원","산업단지지원(자율)","노후공단 재정비지원(자율)","진주 상평일반산단 재생사업","167000","166500","166500","99.7","100.0"
"2026","자치단체이전","자치단체자본보조","국토교통부","지역균형발전특별회계","지역자율계정","국토및지역개발","산업단지","산업단지개발및지원","산업단지지원(자율)","노후공단 재정비지원(자율)","천안제2일반산단재생사업","833000","833000","944018","100.0","113.3"
"2026","자치단체이전","자치단체자본보조","국토교통부","지역균형발전특별회계","지역자율계정","국토및지역개발","산업단지","산업단지개발및지원","산업단지지원(자율)","노후공단 재정비지원(자율)","여수 오천일반산단 재생사업","660000","660000","94191","100.0","14.3"
"2026","자치단체이전","자치단체자본보조","국토교통부","지역균형발전특별회계","지역자율계정","국토및지역개발","산업단지","산업단지개발및지원","산업단지지원(자율)","노후공단 재정비지원(자율)","부산 사상일반산단 재생사업","5081000","5081000","1354966","100.0","26.7"
"2026","자치단체이전","자치단체자본보조","국토교통부","지역균형발전특별회계","지역자율계정","국토및지역개발","산업단지","산업단지개발및지원","산업단지지원(자율)","노후공단 재정비지원(자율)","성남 일반산단 재생사업","2000000","2000000","378955","100.0","18.9"
"2026","자치단체이전","자치단체자본보조","국토교통부","지역균형발전특별회계","지역자율계정","국토및지역개발","산업단지","산업단지개발및지원","산업단지지원(자율)","노후공단 재정비지원(자율)","익산 국가산단 재생사업","1151000","1151000","561985","100.0","48.8"
"2026","자치단체이전","자치단체자본보조","국토교통부","지역균형발전특별회계","지역자율계정","국토및지역개발","산업단지","산업단지개발및지원","산업단지지원(자율)","노후공단 재정비지원(자율)","시흥 시화국가산단 재생사업","2730000","2730000","2820571","100.0","103.3"
"2026","자치단체이전","자치단체자본보조","국토교통부","지역균형발전특별회계","지역자율계정","국토및지역개발","산업단지","산업단지개발및지원","산업단지지원(자율)","노후공단 재정비지원(자율)","광주 하남일반산단 재생사업","3814000","3814000","757286","100.0","19.9"
"2026","자치단체이전","자치단체자본보조","국토교통부","지역균형발전특별회계","지역지원계정","사회복지","주택","주택시장안정및주거복지향상","주거환경개선지원","재정비촉진사업지원","재정비촉진사업지원","0","0","0","0","0"
"2026","자치단체이전","자치단체자본보조","국토교통부","지역균형발전특별회계","지역지원계정","사회복지","주택","주택시장안정및주거복지향상","주거환경개선지원","재정비촉진사업지원","재정비촉진사업지원","3831000","2368000","683491","61.8","28.9"
"2026","자치단체이전","자치단체자본보조","국토교통부","지역균형발전특별회계","지역지원계정","사회복지","주택","주택시장안정및주거복지향상","주거환경개선지원","재정비촉진사업지원","재정비촉진지원사업","0","0","0","0","0"
"2026","자치단체이전","자치단체자본보조","국토교통부","지역균형발전특별회계","지역지원계정","교통및물류","도로","지자체도로건설지원","광역도로","초정-화명광역도로건설","초정-화명광역도로건설","1800000","1800000","1800000","100.0","100.0"
"2026","자치단체이전","자치단체자본보조","국토교통부","지역균형발전특별회계","지역지원계정","교통및물류","도로","지자체도로건설지원","광역도로","태릉-구리 광역도로건설","태릉-구리 광역도로건설","0","0","0","0","0"
"2026","자치단체이전","자치단체자본보조","국토교통부","지역균형발전특별회계","지역지원계정","교통및물류","도로","지자체도로건설지원","광역도로","다사-왜관광역도로","다사-왜관 광역도로","0","0","0","0","0"
"2026","자치단체이전","자치단체자본보조","국토교통부","지역균형발전특별회계","지역지원계정","교통및물류","도로","지자체도로건설지원","광역도로","조야-동명광역도로","조야~동명 광역도로","30000000","7920000","19117196","26.4","241.4"
"2026","자치단체이전","자치단체자본보조","국토교통부","지역균형발전특별회계","지역지원계정","교통및물류","도로","지자체도로건설지원","광역도로","광주하남-장성삼계광역도로","광주하남-장성삼계광역도로","8040000","0","0","0.0","0"
"2026","자치단체이전","자치단체자본보조","국토교통부","지역균형발전특별회계","지역지원계정","교통및물류","도로","지자체도로건설지원","광역도로","검단-대곡광역도로","검단-대곡광역도로","0","0","0","0","0"
"2026","자치단체이전","자치단체자본보조","국토교통부","지역균형발전특별회계","지역지원계정","교통및물류","도로","지자체도로건설지원","혼잡도로","대도시권교통혼잡도로지원","공단고가교-서인천IC 설계","0","0","0","0","0"
"2026","자치단체이전","자치단체자본보조","국토교통부","지역균형발전특별회계","지역지원계정","교통및물류","도로","지자체도로건설지원","혼잡도로","대도시권교통혼잡도로지원","제2대티터널","1410000","1410000","1471800","100.0","104.4"
"2026","자치단체이전","자치단체자본보조","국토교통부","지역균형발전특별회계","지역지원계정","교통및물류","도로","지자체도로건설지원","혼잡도로","대도시권교통혼잡도로지원","사정교-한밭대교","3500000","3500000","0","100.0","0.0"
"2026","자치단체이전","자치단체자본보조","국토교통부","지역균형발전특별회계","지역지원계정","교통및물류","도로","지자체도로건설지원","혼잡도로","대도시권교통혼잡도로지원","황금동-범안삼거리","290000","290000","0","100.0","0.0"
"2026","자치단체이전","자치단체자본보조","국토교통부","지역균형발전특별회계","지역지원계정","교통및물류","도로","지자체도로건설지원","혼잡도로","대도시권교통혼잡도로지원","부산대교-동삼혁신도시","3300000","3300000","2490557","100.0","75.5"
"2026","자치단체이전","자치단체자본보조","국토교통부","지역균형발전특별회계","지역지원계정","교통및물류","도로","지자체도로건설지원","혼잡도로","대도시권교통혼잡도로지원","서문대로-봉선동 혼잡도로","500000","0","0","0.0","0"
"2026","자치단체이전","자치단체자본보조","국토교통부","지역균형발전특별회계","지역지원계정","교통및물류","도로","지자체도로건설지원","국가지원지방도건설","한림-생림국지도건설","한림-생림국지도건설","0","0","0","0","0"
"2026","자치단체이전","자치단체자본보조","국토교통부","지역균형발전특별회계","지역지원계정","교통및물류","도로","지자체도로건설지원","국가지원지방도건설","김포하성-운양국지도건설","김포하성-운양국지도건설","0","0","0","0","0"
"2026","자치단체이전","자치단체자본보조","국토교통부","지역균형발전특별회계","지역지원계정","교통및물류","도로","지자체도로건설지원","국가지원지방도건설","김포하성-운양국지도건설","김포하성-운양국지도건설","0","0","0","0","0"
"2026","자치단체이전","자치단체자본보조","국토교통부","지역균형발전특별회계","지역지원계정","교통및물류","도로","지자체도로건설지원","국가지원지방도건설","연천군남옥계-연천상리국지도건설","연천군남옥계-연천상리국지도건설","0","0","0","0","0"
"2026","자치단체이전","자치단체자본보조","국토교통부","지역균형발전특별회계","지역지원계정","교통및물류","도로","지자체도로건설지원","국가지원지방도건설","장성동화-서삼국지도건설","장성동화-서삼국지도건설","0","0","0","0","0"
"2026","자치단체이전","자치단체자본보조","국토교통부","지역균형발전특별회계","지역지원계정","교통및물류","도로","지자체도로건설지원","국가지원지방도건설","나주금천-화순도암국지도건설","나주금천-화순도암국지도건설","0","0","0","0","0"
"2026","자치단체이전","자치단체자본보조","국토교통부","지역균형발전특별회계","지역지원계정","교통및물류","도로","지자체도로건설지원","국가지원지방도건설","대전문평-신탄진국지도건설","대전문평-신탄진국지도건설","0","0","0","0","0"
"2026","자치단체이전","자치단체자본보조","국토교통부","지역균형발전특별회계","지역지원계정","교통및물류","도로","지자체도로건설지원","국가지원지방도건설","부산가덕대교-송정IC국지도건설","부산가덕대교-송정IC국지도건설","0","0","0","0","0"
"2026","자치단체이전","자치단체자본보조","국토교통부","지역균형발전특별회계","지역지원계정","교통및물류","도로","지자체도로건설지원","국가지원지방도건설","이천백사-여주흥천국지도건설","이천백사-여주흥천국지도건설","0","0","0","0","0"
"2026","자치단체이전","자치단체자본보조","국토교통부","지역균형발전특별회계","지역지원계정","교통및물류","도로","지자체도로건설지원","국가지원지방도건설","제천수산-청풍국지도건설","제천수산-청풍국지도건설","0","0","0","0","0"
"2026","자치단체이전","자치단체자본보조","국토교통부","지역균형발전특별회계","지역지원계정","교통및물류","도로","지자체도로건설지원","국가지원지방도건설","도척-실촌국지도건설","도척-실촌국지도건설","0","0","0","0","0"
"2026","자치단체이전","자치단체자본보조","국토교통부","지역균형발전특별회계","지역지원계정","교통및물류","도로","지자체도로건설지원","국가지원지방도건설","봉강-무안국지도건설","봉강-무안 국지도건설","0","0","0","0","0"
"2026","자치단체이전","자치단체자본보조","국토교통부","지역균형발전특별회계","지역지원계정","교통및물류","도로","지자체도로건설지원","국가지원지방도건설","칠북-북면국지도건설","칠북-북면국지도건설","0","0","0","0","0"
"2026","자치단체이전","자치단체자본보조","국토교통부","지역균형발전특별회계","지역지원계정","교통및물류","도로","지자체도로건설지원","국가지원지방도건설","실촌-만선국지도건설","실촌-만선국지도건설","0","0","0","0","0"
"2026","자치단체이전","자치단체자본보조","국토교통부","지역균형발전특별회계","지역지원계정","교통및물류","도로","지자체도로건설지원","국가지원지방도건설","강동-안강국지도건설","강동-안강국지도건설","0","0","0","0","0"
"2026","자치단체이전","자치단체자본보조","국토교통부","지역균형발전특별회계","지역지원계정","교통및물류","도로","지자체도로건설지원","국가지원지방도건설","대동-매리국지도건설","대동-매리국지도건설","0","0","0","0","0"
"2026","자치단체이전","자치단체자본보조","국토교통부","지역균형발전특별회계","지역지원계정","교통및물류","도로","지자체도로건설지원","국가지원지방도건설","매리-양산국지도건설","매리-양산국지도건설","0","0","0","0","0"
"2026","자치단체이전","자치단체자본보조","국토교통부","지역균형발전특별회계","지역지원계정","교통및물류","도로","지자체도로건설지원","국가지원지방도건설","갈천-가수국지도건설","갈천-가수국지도건설","0","0","0","0","0"
"2026","자치단체이전","자치단체자본보조","국토교통부","지역균형발전특별회계","지역지원계정","교통및물류","도로","지자체도로건설지원","국가지원지방도건설","오남-수동 국가지원지방도","오남-수동국가지원지방도","0","0","0","0","0"
"2026","자치단체이전","자치단체자본보조","국토교통부","지역균형발전특별회계","지역지원계정","교통및물류","도로","지자체도로건설지원","국가지원지방도건설","가납-상수 국지도건설","가납-상수 국지도건설","0","0","0","0","0"
"2026","자치단체이전","자치단체자본보조","국토교통부","지역균형발전특별회계","지역지원계정","교통및물류","도로","지자체도로건설지원","국가지원지방도건설","상원-청하 국지도건설","상원-청하국지도건설","0","0","0","0","0"
"2026","자치단체이전","자치단체자본보조","국토교통부","지역균형발전특별회계","지역지원계정","교통및물류","도로","지자체도로건설지원","국가지원지방도건설","효자-상원국지도건설","효자-상원국지도건설","0","0","0","0","0"
"2026","자치단체이전","자치단체자본보조","국토교통부","지역균형발전특별회계","지역지원계정","교통및물류","도로","지자체도로건설지원","국가지원지방도건설","동향-안성국지도건설","동향-안성국지도건설","0","0","0","0","0"
"2026","자치단체이전","자치단체자본보조","국토교통부","지역균형발전특별회계","지역지원계정","교통및물류","도로","지자체도로건설지원","국가지원지방도건설","쌍백-봉수국지도건설","쌍백-봉수국지도건설","0","0","0","0","0"
"2026","자치단체이전","자치단체자본보조","국토교통부","지역균형발전특별회계","지역지원계정","교통및물류","도로","지자체도로건설지원","국가지원지방도건설","길상-선원국지도건설","길상-선원국지도건설","0","0","0","0","0"
"2026","자치단체이전","자치단체자본보조","국토교통부","지역균형발전특별회계","지역지원계정","교통및물류","도로","지자체도로건설지원","국가지원지방도건설","문동-송정IC국지도건설","문동-송정IC국지도건설","0","0","0","0","0"
"2026","자치단체이전","자치단체자본보조","국토교통부","지역균형발전특별회계","지역지원계정","교통및물류","도로","지자체도로건설지원","국가지원지방도건설","상촌-황간국지도건설","상촌-황간국지도건설","0","0","0","0","0"
"2026","자치단체이전","자치단체자본보조","국토교통부","지역균형발전특별회계","지역지원계정","교통및물류","도로","지자체도로건설지원","국가지원지방도건설","연금-금성국지도건설","연금-금성국지도건설","0","0","0","0","0"
"2026","자치단체이전","자치단체자본보조","국토교통부","지역균형발전특별회계","지역지원계정","교통및물류","도로","지자체도로건설지원","국가지원지방도건설","당진-서산국지도건설","당진-서산국지도건설","0","0","0","0","0"
"2026","자치단체이전","자치단체자본보조","국토교통부","지역균형발전특별회계","지역지원계정","교통및물류","도로","지자체도로건설지원","국가지원지방도건설","와부-화도국지도건설","와부-화도국지도건설","0","0","0","0","0"
"2026","자치단체이전","자치단체자본보조","국토교통부","지역균형발전특별회계","지역지원계정","교통및물류","도로","지자체도로건설지원","국가지원지방도건설","포항-안동국지도건설","포항-안동국지도건설","0","0","0","0","0"
"2026","자치단체이전","자치단체자본보조","국토교통부","지역균형발전특별회계","지역지원계정","교통및물류","도로","지자체도로건설지원","국가지원지방도건설","고령-성주국지도건설","고령-성주국지도건설","0","0","0","0","0"
"2026","자치단체이전","자치단체자본보조","국토교통부","지역균형발전특별회계","지역지원계정","교통및물류","도로","지자체도로건설지원","국가지원지방도건설","낙안-상사국지도건설","낙안-상사국지도건설","0","0","0","0","0"
"2026","자치단체이전","자치단체자본보조","국토교통부","지역균형발전특별회계","지역지원계정","교통및물류","도로","지자체도로건설지원","국가지원지방도건설","도계-영월국지도건설","도계-영월국지도건설","0","0","0","0","0"
"2026","자치단체이전","자치단체자본보조","국토교통부","지역균형발전특별회계","지역지원계정","교통및물류","도로","지자체도로건설지원","국가지원지방도건설","강구대교국지도건설","강구대교국지도건설","0","0","0","0","0"
"2026","자치단체이전","자치단체자본보조","국토교통부","지역균형발전특별회계","지역지원계정","교통및물류","도로","지자체도로건설지원","국가지원지방도건설","경기광주-양평국지도건설","경기광주-양평국지도건설","0","0","0","0","0"
"2026","자치단체이전","자치단체자본보조","국토교통부","지역균형발전특별회계","지역지원계정","교통및물류","도로","지자체도로건설지원","국가지원지방도건설","경기도계-인천마전국지도건설","경기도계-인천마전국지도건설","0","0","0","0","0"
"2026","자치단체이전","자치단체자본보조","국토교통부","지역균형발전특별회계","지역지원계정","교통및물류","도로","지자체도로건설지원","국가지원지방도건설","광주건업-여주상품국지도건설","광주건업-여주상품국지도건설","0","0","0","0","0"
"2026","자치단체이전","자치단체자본보조","국토교통부","지역균형발전특별회계","지역지원계정","교통및물류","도로","지자체도로건설지원","국가지원지방도건설","금산진산-금산국지도건설","금산진산-금산국지도건설","0","0","0","0","0"
"2026","자치단체이전","자치단체자본보조","국토교통부","지역균형발전특별회계","지역지원계정","교통및물류","도로","지자체도로건설지원","국가지원지방도건설","동막-개야국지도건설","동막-개야국지도건설","0","0","0","0","0"
"2026","자치단체이전","자치단체자본보조","국토교통부","지역균형발전특별회계","지역지원계정","교통및물류","도로","지자체도로건설지원","국가지원지방도건설","마령재터널국지도건설","마령재터널 국지도건설","0","0","0","0","0"
"2026","자치단체이전","자치단체자본보조","국토교통부","지역균형발전특별회계","지역지원계정","교통및물류","도로","지자체도로건설지원","국가지원지방도건설","무심동로-오창IC국지도건설","무심동로-오창IC국지도건설","0","0","0","0","0"
"2026","자치단체이전","자치단체자본보조","국토교통부","지역균형발전특별회계","지역지원계정","교통및물류","도로","지자체도로건설지원","국가지원지방도건설","미로-하장국지도건설","미로-하장 국지도건설","0","0","0","0","0"
"2026","자치단체이전","자치단체자본보조","국토교통부","지역균형발전특별회계","지역지원계정","교통및물류","도로","지자체도로건설지원","국가지원지방도건설","밀양무안-신법국지도건설","밀양무안-신법국지도건설","0","0","0","0","0"
"2026","자치단체이전","자치단체자본보조","국토교통부","지역균형발전특별회계","지역지원계정","교통및물류","도로","지자체도로건설지원","국가지원지방도건설","밀양신법-동산국지도건설","밀양신법-동산국지도건설","0","0","0","0","0"
"2026","자치단체이전","자치단체자본보조","국토교통부","지역균형발전특별회계","지역지원계정","교통및물류","도로","지자체도로건설지원","국가지원지방도건설","부여임천-논산강경국지도건설","부여임천-논산강경국지도건설","0","0","0","0","0"
"2026","자치단체이전","자치단체자본보조","국토교통부","지역균형발전특별회계","지역지원계정","교통및물류","도로","지자체도로건설지원","국가지원지방도건설","북평-북일국지도건설","북평-북일국지도건설","0","0","0","0","0"
"2026","자치단체이전","자치단체자본보조","국토교통부","지역균형발전특별회계","지역지원계정","교통및물류","도로","지자체도로건설지원","국가지원지방도건설","사천곤양-곤명국지도건설","사천곤양-곤명국지도건설","0","0","0","0","0"
"2026","자치단체이전","자치단체자본보조","국토교통부","지역균형발전특별회계","지역지원계정","교통및물류","도로","지자체도로건설지원","국가지원지방도건설","사천곤양-서포국지도건설","사천곤양-서포국지도건설","0","0","0","0","0"
"2026","자치단체이전","자치단체자본보조","국토교통부","지역균형발전특별회계","지역지원계정","교통및물류","도로","지자체도로건설지원","국가지원지방도건설","산청-금서국지도건설","산청-금서국지도건설","0","0","0","0","0"
"2026","자치단체이전","자치단체자본보조","국토교통부","지역균형발전특별회계","지역지원계정","교통및물류","도로","지자체도로건설지원","국가지원지방도건설","성환-입장국지도건설","성환-입장국지도건설","0","0","0","0","0"
"2026","자치단체이전","자치단체자본보조","국토교통부","지역균형발전특별회계","지역지원계정","교통및물류","도로","지자체도로건설지원","국가지원지방도건설","양근대교국지도건설","양근대교국지도건설","0","0","0","0","0"
"2026","자치단체이전","자치단체자본보조","국토교통부","지역균형발전특별회계","지역지원계정","교통및물류","도로","지자체도로건설지원","국가지원지방도건설","양주장흥-광적국지도건설","양주장흥-광적국지도건설","0","0","0","0","0"
"2026","자치단체이전","자치단체자본보조","국토교통부","지역균형발전특별회계","지역지원계정","교통및물류","도로","지자체도로건설지원","국가지원지방도건설","양평강하-강상국지도건설","양평강하-강상국지도건설","0","0","0","0","0"
"2026","자치단체이전","자치단체자본보조","국토교통부","지역균형발전특별회계","지역지원계정","교통및물류","도로","지자체도로건설지원","국가지원지방도건설","온정-원남국지도건설","온정-원남국지도건설","0","0","0","0","0"
"2026","자치단체이전","자치단체자본보조","국토교통부","지역균형발전특별회계","지역지원계정","교통및물류","도로","지자체도로건설지원","국가지원지방도건설","우성-이인국지도건설","우성-이인국지도건설","0","0","0","0","0"
"2026","자치단체이전","자치단체자본보조","국토교통부","지역균형발전특별회계","지역지원계정","교통및물류","도로","지자체도로건설지원","국가지원지방도건설","운문-도계국지도건설","운문-도계국지도건설","0","0","0","0","0"
"2026","자치단체이전","자치단체자본보조","국토교통부","지역균형발전특별회계","지역지원계정","교통및물류","도로","지자체도로건설지원","국가지원지방도건설","원주지정-흥업국지도건설","원주지정-흥업국지도건설","0","0","0","0","0"
"2026","자치단체이전","자치단체자본보조","국토교통부","지역균형발전특별회계","지역지원계정","교통및물류","도로","지자체도로건설지원","국가지원지방도건설","죽장-달산국지도건설","죽장-달산국지도건설","0","0","0","0","0"
"2026","자치단체이전","자치단체자본보조","국토교통부","지역균형발전특별회계","지역지원계정","교통및물류","도로","지자체도로건설지원","국가지원지방도건설","충북도계-천안탑원국지도건설","충북도계-천안탑원국지도건설","0","0","0","0","0"
"2026","자치단체이전","자치단체자본보조","국토교통부","지역균형발전특별회계","지역지원계정","교통및물류","도로","지자체도로건설지원","국가지원지방도건설","포천군내-내촌국지도건설","포천군내-내촌국지도건설","0","0","0","0","0"
"2026","자치단체이전","자치단체자본보조","국토교통부","지역균형발전특별회계","지역지원계정","교통및물류","도로","지자체도로건설지원","국가지원지방도건설","함안-의령국지도건설","함안-의령국지도건설","0","0","0","0","0"
"2026","자치단체이전","자치단체자본보조","국토교통부","지역균형발전특별회계","지역지원계정","교통및물류","도로","지자체도로건설지원","국가지원지방도건설","홍성은하장척-목현국지도건설","홍성은하장척-목현국지도건설","0","0","0","0","0"
"2026","자치단체이전","자치단체자본보조","국토교통부","지역균형발전특별회계","지역지원계정","교통및물류","도로","지자체도로건설지원","국가지원지방도건설","화성우정-향남국지도건설","화성우정-향남국지도건설","0","0","0","0","0"
"2026","자치단체이전","자치단체자본보조","국토교통부","지역균형발전특별회계","지역지원계정","교통및물류","도로","지자체도로건설지원","국가지원지방도건설","화성장지-용인남사국지도건설","화성장지-용인남사국지도건설","0","0","0","0","0"
"2026","자치단체이전","자치단체자본보조","국토교통부","지역균형발전특별회계","지역지원계정","교통및물류","철도","광역철도건설","광역철도건설지원","대구도시철도영천연장","대구도시철도영천연장","1831000","0","0","0.0","0"
"2026","자치단체이전","자치단체자본보조","국토교통부","지역균형발전특별회계","지역지원계정","교통및물류","물류등기타","광역교통정책","도시BRT(지특)","광역BRT 구축","창원 BRT 구축","0","0","0","0","0"
"2026","자치단체이전","자치단체자본보조","국토교통부","지역균형발전특별회계","지역지원계정","교통및물류","물류등기타","광역교통정책","도시BRT(지특)","광역BRT 구축","성남 S-BRT 광역BRT 구축","5655500","5655500","523667","100.0","9.3"
"2026","자치단체이전","자치단체자본보조","국토교통부","지역균형발전특별회계","지역지원계정","교통및물류","물류등기타","광역교통정책","도시BRT(지특)","광역BRT 구축","공주-세종 광역BRT 구축","3763000","2047000","883555","54.4","43.2"
"2026","자치단체이전","자치단체자본보조","국토교통부","지역균형발전특별회계","지역지원계정","교통및물류","물류등기타","광역교통정책","도시BRT(지특)","광역BRT 구축","제주 도시BRT 구축","6498000","5000000","0","76.9","0.0"
"2026","자치단체이전","자치단체자본보조","국토교통부","지역균형발전특별회계","지역지원계정","교통및물류","물류등기타","광역교통정책","도시BRT(지특)","광역BRT 구축","기린대로 BRT 구축","7274500","3637250","1768004","50.0","48.6"
"2026","자치단체이전","자치단체자본보조","국토교통부","지역균형발전특별회계","지역지원계정","교통및물류","물류등기타","광역교통정책","도시BRT(지특)","광역BRT 구축","세종-천안BRT 1단계","1401000","748500","0","53.4","0.0"
"2026","자치단체이전","자치단체자본보조","국토교통부","지역균형발전특별회계","지역지원계정","교통및물류","물류등기타","광역교통정책","도시BRT(지특)","광역BRT 구축","광주 백운-매곡 BRT","755000","0","0","0.0","0"
"2026","자치단체이전","자치단체자본보조","국토교통부","지역균형발전특별회계","지역지원계정","교통및물류","물류등기타","광역교통정책","환승체계구축(지특)","환승센터구축지원","계룡역 환승센터","600000","600000","600000","100.0","100.0"
"2026","자치단체이전","자치단체자본보조","국토교통부","지역균형발전특별회계","지역지원계정","교통및물류","물류등기타","광역교통정책","환승체계구축(지특)","환승센터구축지원","삼성역 복합환승센터 기반시설정비","1300000","1300000","1300000","100.0","100.0"
"2026","자치단체이전","자치단체자본보조","국토교통부","지역균형발전특별회계","지역지원계정","교통및물류","물류등기타","광역교통정책","환승체계구축(지특)","환승센터구축지원","구리역 환승센터","0","0","675039","0","0"
"2026","자치단체이전","자치단체자본보조","국토교통부","지역균형발전특별회계","지역지원계정","교통및물류","물류등기타","광역교통정책","환승체계구축(지특)","환승센터구축지원","평택역 환승센터","700000","0","0","0.0","0"
"2026","자치단체이전","자치단체자본보조","국토교통부","지역균형발전특별회계","지역지원계정","교통및물류","물류등기타","광역교통정책","환승체계구축(지특)","환승센터구축지원","구일역 환승센터","240000","240000","0","100.0","0.0"
"2026","자치단체이전","자치단체자본보조","국토교통부","지역균형발전특별회계","지역지원계정","교통및물류","물류등기타","자동차및교통정책","첨단미래형자동차활성화","충청권 자율주행 모빌리티 고도화 사업","충청권 자율주행 모빌리티 고도화 사업","150000","150000","0","100.0","0.0"
"2026","자치단체이전","자치단체자본보조","국토교통부","지역균형발전특별회계","지역지원계정","교통및물류","물류등기타","대중교통육성","대중교통체계구축","버스공영차고지 지원","버스공영차고지 지원","0","0","0","0","0"
"2026","자치단체이전","자치단체자본보조","국토교통부","지역균형발전특별회계","지역지원계정","국토및지역개발","지역및도시","지역개발","지역발전투자협약","민관협력 지역상생협약","민관협력 지역상생협약","0","0","0","0","0"
"2026","자치단체이전","자치단체자본보조","국토교통부","지역균형발전특별회계","지역지원계정","국토및지역개발","지역및도시","지역개발","지역발전투자협약","민관협력 지역상생협약","지역활력타운 조성사업","0","0","37867","0","0"
"2026","자치단체이전","자치단체자본보조","국토교통부","지역균형발전특별회계","지역지원계정","국토및지역개발","지역및도시","지역개발","개발제한구역지원","개발제한구역관리","개발제한구역 주민지원사업","64721000","64303000","23419072","99.4","36.4"
"2026","자치단체이전","자치단체자본보조","국토교통부","지역균형발전특별회계","지역지원계정","국토및지역개발","지역및도시","지역개발","초광역 개발권 시범사업 지원","해안및내륙권발전사업지원","남해대교 관광자원화 사업","0","0","0","0","0"
"2026","자치단체이전","자치단체자본보조","국토교통부","지역균형발전특별회계","지역지원계정","국토및지역개발","지역및도시","지역개발","초광역 개발권 시범사업 지원","해안및내륙권발전사업지원","섬진강 영호남 복합형 환승공원 조성","0","0","0","0","0"
"2026","자치단체이전","자치단체자본보조","국토교통부","지역균형발전특별회계","지역지원계정","국토및지역개발","지역및도시","지역개발","초광역 개발권 시범사업 지원","해안및내륙권발전사업지원","백두대간 문화철도역 연계협력사업","0","0","0","0","0"
"2026","자치단체이전","자치단체자본보조","국토교통부","지역균형발전특별회계","지역지원계정","국토및지역개발","지역및도시","지역개발","초광역 개발권 시범사업 지원","해안및내륙권발전사업지원","백두대간 휴양관광벨트 거점관광지 조성","0","0","0","0","0"
"2026","자치단체이전","자치단체자본보조","국토교통부","지역균형발전특별회계","지역지원계정","국토및지역개발","지역및도시","지역개발","초광역 개발권 시범사업 지원","해안및내륙권발전사업지원","남도 2대교 건설","0","0","0","0","0"
"2026","자치단체이전","자치단체자본보조","국토교통부","지역균형발전특별회계","지역지원계정","국토및지역개발","지역및도시","지역개발","초광역 개발권 시범사업 지원","해안및내륙권발전사업지원","동해안 바닷가 경관도로 조성","0","0","0","0","0"
"2026","자치단체이전","자치단체자본보조","국토교통부","지역균형발전특별회계","지역지원계정","국토및지역개발","지역및도시","지역개발","초광역 개발권 시범사업 지원","해안및내륙권발전사업지원","바래미 생태레저단지 조성","0","0","0","0","0"
"2026","자치단체이전","자치단체자본보조","국토교통부","지역균형발전특별회계","지역지원계정","국토및지역개발","지역및도시","지역개발","초광역 개발권 시범사업 지원","해안및내륙권발전사업지원","노을, 생태갯벌 플랫폼 조성","0","0","0","0","0"
"2026","자치단체이전","자치단체자본보조","국토교통부","지역균형발전특별회계","지역지원계정","국토및지역개발","지역및도시","지역개발","초광역 개발권 시범사업 지원","해안및내륙권발전사업지원","섬진강 동화정원 문화예술벨트 조성","0","0","0","0","0"
"2026","자치단체이전","자치단체자본보조","국토교통부","지역균형발전특별회계","지역지원계정","국토및지역개발","지역및도시","지역개발","초광역 개발권 시범사업 지원","해안및내륙권발전사업지원","단양 에코순환루트 인프라 구축","0","0","0","0","0"
"2026","자치단체이전","자치단체자본보조","국토교통부","지역균형발전특별회계","지역지원계정","국토및지역개발","지역및도시","지역개발","초광역 개발권 시범사업 지원","해안및내륙권발전사업지원"," 흥해 오도 주상절리 탐방로 조성","0","0","0","0","0"
"2026","자치단체이전","자치단체자본보조","국토교통부","지역균형발전특별회계","지역지원계정","국토및지역개발","지역및도시","지역개발","초광역 개발권 시범사업 지원","해안및내륙권발전사업지원","서해안 선셋드라이브 명소화","0","0","0","0","0"
"2026","자치단체이전","자치단체자본보조","국토교통부","지역균형발전특별회계","지역지원계정","국토및지역개발","지역및도시","지역개발","초광역 개발권 시범사업 지원","해안및내륙권발전사업지원","서남해안 명품경관 조성","0","0","0","0","0"
"2026","자치단체이전","자치단체자본보조","국토교통부","지역균형발전특별회계","지역지원계정","국토및지역개발","지역및도시","지역개발","초광역 개발권 시범사업 지원","해안및내륙권발전사업지원","서해안 관광도로 조성(충남)","0","0","0","0","0"
"2026","자치단체이전","자치단체자본보조","국토교통부","지역균형발전특별회계","지역지원계정","국토및지역개발","지역및도시","지역개발","초광역 개발권 시범사업 지원","해안및내륙권발전사업지원","봉무 쉼표공원 조성","0","0","0","0","0"
"2026","자치단체이전","자치단체자본보조","국토교통부","지역균형발전특별회계","지역지원계정","국토및지역개발","지역및도시","지역개발","초광역 개발권 시범사업 지원","해안및내륙권발전사업지원","낙동강 문화권 에코 뮤지엄 조성","0","0","0","0","0"
"2026","자치단체이전","자치단체자본보조","국토교통부","지역균형발전특별회계","지역지원계정","국토및지역개발","지역및도시","지역개발","초광역 개발권 시범사업 지원","해안및내륙권발전사업지원"," 수성못 스마트 여행자거리 조성","0","0","0","0","0"
"2026","자치단체이전","자치단체자본보조","국토교통부","지역균형발전특별회계","지역지원계정","국토및지역개발","지역및도시","지역개발","초광역 개발권 시범사업 지원","해안및내륙권발전사업지원","백두대간 v-힐링 스타트업 로드 조성","0","0","0","0","0"
"2026","자치단체이전","자치단체자본보조","국토교통부","지역균형발전특별회계","지역지원계정","국토및지역개발","지역및도시","지역개발","초광역 개발권 시범사업 지원","해안및내륙권발전사업지원"," 생태정원과 함께하는 갯벌치유센타 조성","0","0","0","0","0"
"2026","자치단체이전","자치단체자본보조","국토교통부","지역균형발전특별회계","지역지원계정","국토및지역개발","지역및도시","지역개발","초광역 개발권 시범사업 지원","해안및내륙권발전사업지원","심항산 발길 순환루트 치유힐링공간 조성사업","0","0","0","0","0"
"2026","자치단체이전","자치단체자본보조","국토교통부","지역균형발전특별회계","지역지원계정","국토및지역개발","지역및도시","지역개발","초광역 개발권 시범사업 지원","해안및내륙권발전사업지원"," 금강권 역사문화관광 플랫폼 구축","0","0","0","0","0"
"2026","자치단체이전","자치단체자본보조","국토교통부","지역균형발전특별회계","지역지원계정","국토및지역개발","지역및도시","지역개발","초광역 개발권 시범사업 지원","해안및내륙권발전사업지원","동해안 내셔널 트레일 조성(울진)","0","0","0","0","0"
"2026","자치단체이전","자치단체자본보조","국토교통부","지역균형발전특별회계","지역지원계정","국토및지역개발","지역및도시","지역개발","초광역 개발권 시범사업 지원","해안및내륙권발전사업지원","서남해안 명품경관 조성(신안)","0","0","0","0","0"
"2026","자치단체이전","자치단체자본보조","국토교통부","지역균형발전특별회계","지역지원계정","국토및지역개발","지역및도시","지역개발","초광역 개발권 시범사업 지원","해안및내륙권발전사업지원","속리산 힐링아카데미 조성","0","0","0","0","0"
"2026","자치단체이전","자치단체자본보조","국토교통부","지역균형발전특별회계","지역지원계정","국토및지역개발","지역및도시","지역개발","초광역 개발권 시범사업 지원","해안및내륙권발전사업지원","동서화합 육십령 가야이음터 조성","0","0","0","0","0"
"2026","자치단체이전","자치단체자본보조","국토교통부","지역균형발전특별회계","지역지원계정","국토및지역개발","지역및도시","지역개발","초광역 개발권 시범사업 지원","해안및내륙권발전사업지원","선비문화유산 풍류 관광벨트 조성","0","0","0","0","0"
"2026","자치단체이전","자치단체자본보조","국토교통부","지역균형발전특별회계","지역지원계정","국토및지역개발","지역및도시","지역개발","초광역 개발권 시범사업 지원","해안및내륙권발전사업지원","죽당리 대지예술공원 조성","0","0","0","0","0"
"2026","자치단체이전","자치단체자본보조","국토교통부","지역균형발전특별회계","지역지원계정","국토및지역개발","지역및도시","지역개발","초광역 개발권 시범사업 지원","해안및내륙권발전사업지원","영호남 동서 고대문화권 역사관광루트 구축","0","0","0","0","0"
"2026","자치단체이전","자치단체자본보조","국토교통부","지역균형발전특별회계","지역지원계정","국토및지역개발","지역및도시","지역개발","초광역 개발권 시범사업 지원","해안및내륙권발전사업지원","동해안 내셔널 트레일 조성(경주)","0","0","0","0","0"
"2026","자치단체이전","자치단체자본보조","국토교통부","지역균형발전특별회계","지역지원계정","국토및지역개발","지역및도시","지역개발","초광역 개발권 시범사업 지원","해안및내륙권발전사업지원","탄금호 자전거 연계거점 조성","0","0","0","0","0"
"2026","자치단체이전","자치단체자본보조","국토교통부","지역균형발전특별회계","지역지원계정","국토및지역개발","지역및도시","지역개발","초광역 개발권 시범사업 지원","해안및내륙권발전사업지원","동해안 바닷가 경관도로(북부권) 조성","0","0","0","0","0"
"2026","자치단체이전","자치단체자본보조","국토교통부","지역균형발전특별회계","지역지원계정","국토및지역개발","지역및도시","지역개발","초광역 개발권 시범사업 지원","해안및내륙권발전사업지원","남해안 해안경관도로 조성(고흥 풍류)","0","0","0","0","0"
"2026","자치단체이전","자치단체자본보조","국토교통부","지역균형발전특별회계","지역지원계정","국토및지역개발","지역및도시","지역개발","초광역 개발권 시범사업 지원","해안및내륙권발전사업지원","고운골 갈대 명소화 사업","0","0","0","0","0"
"2026","자치단체이전","자치단체자본보조","국토교통부","지역균형발전특별회계","지역지원계정","국토및지역개발","지역및도시","지역개발","초광역 개발권 시범사업 지원","해안및내륙권발전사업지원","대장경테마파크 스카이가든 조성","0","0","0","0","0"
"2026","자치단체이전","자치단체자본보조","국토교통부","지역균형발전특별회계","지역지원계정","국토및지역개발","지역및도시","지역개발","초광역 개발권 시범사업 지원","해안및내륙권발전사업지원","금강 국가관광도로 조성","0","0","0","0","0"
"2026","자치단체이전","자치단체자본보조","국토교통부","지역균형발전특별회계","지역지원계정","국토및지역개발","지역및도시","지역개발","초광역 개발권 시범사업 지원","해안및내륙권발전사업지원","전주 부성 복원 정비사업","0","0","0","0","0"
"2026","자치단체이전","자치단체자본보조","국토교통부","지역균형발전특별회계","지역지원계정","국토및지역개발","지역및도시","지역개발","초광역 개발권 시범사업 지원","해안및내륙권발전사업지원","하중도 친수공간 조성 및 명소화 사업","0","0","0","0","0"
"2026","자치단체이전","자치단체자본보조","국토교통부","지역균형발전특별회계","지역지원계정","국토및지역개발","지역및도시","지역개발","초광역 개발권 시범사업 지원","해안및내륙권발전사업지원","동해안 내셔널트레일 조성(영덕)","0","0","0","0","0"
"2026","자치단체이전","자치단체자본보조","국토교통부","지역균형발전특별회계","지역지원계정","국토및지역개발","지역및도시","지역개발","투자선도지구 지원","투자선도지구기반시설지원","투자선도지구 기반시설지원","200000","0","0","0.0","0"
"2026","자치단체이전","자치단체자본보조","국토교통부","지역균형발전특별회계","지역지원계정","국토및지역개발","지역및도시","도시정책","스마트시티지원(지원)","스마트시티확산사업(지원)","스마트시티 조성(지원)","18500000","16000000","1530732","86.5","9.6"
"2026","자치단체이전","자치단체자본보조","국토교통부","지역균형발전특별회계","지역지원계정","국토및지역개발","지역및도시","도시정책","도시재생","도시재생사업","도시재생사업","85332000","70621685","38778918","82.8","54.9"
"2026","자치단체이전","자치단체자본보조","국토교통부","지역균형발전특별회계","지역지원계정","국토및지역개발","지역및도시","도시정책","도시재생","도시재생사업","소규모주택정비사업지원_이월","0","0","0","0","0"
"2026","자치단체이전","자치단체자본보조","국토교통부","지역균형발전특별회계","지역지원계정","국토및지역개발","지역및도시","도시정책","도시재생","도시재생사업","생활밀착형 스마트 기술지원","5000000","4697900","822604","94.0","17.5"
"2026","자치단체이전","자치단체자본보조","국토교통부","지역균형발전특별회계","지역지원계정","국토및지역개발","지역및도시","도시정책","도시재생","도시재생사업","특별재생사업","8000000","0","0","0.0","0"
"2026","자치단체이전","자치단체자본보조","국토교통부","지역균형발전특별회계","지역지원계정","국토및지역개발","산업단지","산업단지개발및지원","산업단지지원(지원)","노후공단 재정비지원","대전일반산단 재생사업","0","0","0","0","0"
"2026","자치단체이전","자치단체자본보조","국토교통부","지역균형발전특별회계","지역지원계정","국토및지역개발","산업단지","산업단지개발및지원","산업단지지원(지원)","노후공단 재정비지원","대구도심일반산단 재생사업","0","0","559066","0","0"
"2026","자치단체이전","자치단체자본보조","국토교통부","지역균형발전특별회계","지역지원계정","국토및지역개발","산업단지","산업단지개발및지원","산업단지지원(지원)","노후공단 재정비지원","전주제1일반산단 재생사업","0","0","0","0","0"
"2026","자치단체이전","자치단체자본보조","국토교통부","지역균형발전특별회계","지역지원계정","국토및지역개발","산업단지","산업단지개발및지원","산업단지지원(지원)","노후공단 재정비지원","부산사상일반산단 재생사업","0","0","4828224","0","0"
"2026","자치단체이전","자치단체자본보조","국토교통부","지역균형발전특별회계","지역지원계정","국토및지역개발","산업단지","산업단지개발및지원","산업단지지원(지원)","노후공단 재정비지원","성남일반산단 재생사업","0","0","0","0","0"
"2026","자치단체이전","자치단체자본보조","국토교통부","지역균형발전특별회계","지역지원계정","국토및지역개발","산업단지","산업단지개발및지원","산업단지지원(지원)","노후공단 재정비지원","청주일반산단 재생사업","0","0","0","0","0"
"2026","자치단체이전","자치단체자본보조","국토교통부","지역균형발전특별회계","지역지원계정","국토및지역개발","산업단지","산업단지개발및지원","산업단지지원(지원)","노후공단 재정비지원","하남일반산단 재생사업","0","0","0","0","0"
"2026","자치단체이전","자치단체자본보조","국토교통부","지역균형발전특별회계","지역지원계정","국토및지역개발","산업단지","산업단지개발및지원","산업단지지원(지원)","노후공단 재정비지원","양산일반산단 재생사업","0","0","0","0","0"
"2026","자치단체이전","자치단체자본보조","국토교통부","지역균형발전특별회계","지역지원계정","국토및지역개발","산업단지","산업단지개발및지원","산업단지지원(지원)","노후공단 재정비지원","대구성서1·2산단 재생사업","0","0","249624","0","0"
"2026","자치단체이전","자치단체자본보조","국토교통부","지역균형발전특별회계","지역지원계정","국토및지역개발","산업단지","산업단지개발및지원","산업단지지원(지원)","노후공단 재정비지원","후평일반산단 재생사업","0","0","0","0","0"
"2026","자치단체이전","자치단체자본보조","국토교통부","지역균형발전특별회계","지역지원계정","국토및지역개발","산업단지","산업단지개발및지원","산업단지지원(지원)","노후공단 재정비지원","반월국가산단 재생사업","0","0","0","0","0"
"2026","자치단체이전","자치단체자본보조","국토교통부","지역균형발전특별회계","지역지원계정","국토및지역개발","산업단지","산업단지개발및지원","산업단지지원(지원)","노후공단 재정비지원","구미제1국가산단 재생사업","0","0","0","0","0"
"2026","자치단체이전","자치단체자본보조","국토교통부","지역균형발전특별회계","지역지원계정","국토및지역개발","산업단지","산업단지개발및지원","산업단지지원(지원)","노후공단 재정비지원","상평일반산단 재생사업","0","0","0","0","0"
"2026","자치단체이전","자치단체자본보조","국토교통부","지역균형발전특별회계","지역지원계정","국토및지역개발","산업단지","산업단지개발및지원","산업단지지원(지원)","노후공단 재정비지원","남동국가산단 재생사업","0","0","1421659","0","0"
"2026","자치단체이전","자치단체자본보조","국토교통부","지역균형발전특별회계","지역지원계정","국토및지역개발","산업단지","산업단지개발및지원","산업단지지원(지원)","노후공단 재정비지원","익산국가산단 재생사업","0","0","0","0","0"
"2026","자치단체이전","자치단체자본보조","국토교통부","지역균형발전특별회계","지역지원계정","국토및지역개발","산업단지","산업단지개발및지원","산업단지지원(지원)","노후공단 재정비지원","염색일반산단 재생사업","0","0","0","0","0"
"2026","자치단체이전","자치단체자본보조","국토교통부","지역균형발전특별회계","지역지원계정","국토및지역개발","산업단지","산업단지개발및지원","산업단지지원(지원)","노후공단 재정비지원","천안제2일반산단 재생사업","0","0","0","0","0"
"2026","자치단체이전","자치단체자본보조","국토교통부","지역균형발전특별회계","지역지원계정","국토및지역개발","산업단지","산업단지개발및지원","산업단지지원(지원)","노후공단 재정비지원","오천일반산단 재생사업","0","0","0","0","0"
"2026","자치단체이전","자치단체자본보조","국토교통부","지역균형발전특별회계","지역지원계정","국토및지역개발","산업단지","산업단지개발및지원","산업단지지원(지원)","노후공단 재정비지원","시화국가산단 재생사업","0","0","0","0","0"
"2026","자치단체이전","자치단체자본보조","국토교통부","지역균형발전특별회계","지역지원계정","국토및지역개발","산업단지","산업단지개발및지원","산업단지지원(지원)","노후공단 재정비지원","창원국가산단 재생사업","0","0","0","0","0"
"2026","자치단체이전","자치단체자본보조","국토교통부","지역균형발전특별회계","지역지원계정","국토및지역개발","산업단지","산업단지개발및지원","산업단지지원(지원)","부처연계형노후산단개발","군산·군산2국가산단 경쟁력강화사업","2514000","2514000","339308","100.0","13.5"
"2026","자치단체이전","자치단체자본보조","국토교통부","지역균형발전특별회계","지역지원계정","국토및지역개발","산업단지","산업단지개발및지원","산업단지지원(지원)","부처연계형노후산단개발","달성1차일반산단 경쟁력강화사업","550000","550000","1236543","100.0","224.8"
"2026","자치단체이전","자치단체자본보조","국토교통부","지역균형발전특별회계","지역지원계정","국토및지역개발","산업단지","산업단지개발및지원","산업단지지원(지원)","부처연계형노후산단개발","북평국가·일반산단 경쟁력강화사업","3100000","1630000","400000","52.6","24.5"
"2026","자치단체이전","자치단체자본보조","국토교통부","지역균형발전특별회계","지역지원계정","국토및지역개발","산업단지","산업단지개발및지원","산업단지지원(지원)","부처연계형노후산단개발","충주제1일반산단 경쟁력강화사업","0","0","0","0","0"
"2026","자치단체이전","자치단체자본보조","국토교통부","지역균형발전특별회계","지역지원계정","국토및지역개발","산업단지","산업단지개발및지원","산업단지지원(지원)","부처연계형노후산단개발","정읍제3일반산단 경쟁력강화사업","1150000","1150000","1386025","100.0","120.5"
"2026","자치단체이전","자치단체자본보조","국토교통부","지역균형발전특별회계","지역지원계정","국토및지역개발","산업단지","산업단지개발및지원","산업단지지원(지원)","부처연계형노후산단개발","부평·주안국가산단 경쟁력강화사업","0","0","0","0","0"
"2026","자치단체이전","자치단체자본보조","국토교통부","지역균형발전특별회계","지역지원계정","국토및지역개발","산업단지","산업단지개발및지원","산업단지지원(지원)","부처연계형노후산단개발","여수국가산단 경쟁력강화사업","0","0","0","0","0"
"2026","자치단체이전","자치단체자본보조","국토교통부","지역균형발전특별회계","지역지원계정","국토및지역개발","산업단지","산업단지개발및지원","산업단지지원(지원)","부처연계형노후산단개발","구미제3국가산단 경쟁력강화사업","0","0","0","0","0"
"2026","자치단체이전","자치단체자본보조","국토교통부","지역균형발전특별회계","지역지원계정","국토및지역개발","산업단지","산업단지개발및지원","산업단지지원(지원)","부처연계형노후산단개발","왜관일반산단 경쟁력강화사업","2500000","2500000","1834021","100.0","73.4"
"2026","자치단체이전","자치단체자본보조","국토교통부","지역균형발전특별회계","지역지원계정","국토및지역개발","산업단지","산업단지개발및지원","산업단지지원(지원)","부처연계형노후산단개발","익산제2일반산단 경쟁력강화사업","0","0","0","0","0"
"2026","자치단체이전","자치단체자본보조","국토교통부","지역균형발전특별회계","지역지원계정","국토및지역개발","산업단지","산업단지개발및지원","산업단지지원(지원)","부처연계형노후산단개발","전주과학산단 경쟁력강화사업","0","0","0","0","0"
"2026","자치단체이전","자치단체자본보조","국토교통부","지역균형발전특별회계","지역지원계정","국토및지역개발","산업단지","산업단지개발및지원","산업단지지원(지원)","부처연계형노후산단개발","사천제1·2일반산단 경쟁력강화사업","0","0","189632","0","0"
"2026","자치단체이전","자치단체자본보조","국토교통부","지역균형발전특별회계","지역지원계정","국토및지역개발","산업단지","산업단지개발및지원","산업단지지원(지원)","부처연계형노후산단개발","칠서일반산단 경쟁력강화사업","3000000","3000000","0","100.0","0.0"
"2026","자치단체이전","자치단체자본보조","국토교통부","지역균형발전특별회계","지역지원계정","국토및지역개발","산업단지","산업단지개발및지원","산업단지지원(지원)","부처연계형노후산단개발","대구제3일반산단 경쟁력강화사업","0","0","257000","0","0"
"2026","자치단체이전","자치단체자본보조","국토교통부","지역균형발전특별회계","지역지원계정","국토및지역개발","산업단지","산업단지개발및지원","산업단지지원(지원)","부처연계형노후산단개발","서대구일반산단 경쟁력강화사업","130000","130000","193190","100.0","148.6"
"2026","자치단체이전","자치단체자본보조","국토교통부","지역균형발전특별회계","지역지원계정","국토및지역개발","산업단지","산업단지개발및지원","산업단지지원(지원)","부처연계형노후산단개발","사상일반산단 경쟁력강화사업","5347000","4572000","5522000","85.5","120.8"
"2026","자치단체이전","자치단체자본보조","국토교통부","지역균형발전특별회계","지역지원계정","국토및지역개발","산업단지","산업단지개발및지원","산업단지지원(지원)","부처연계형노후산단개발","대전일반산단 경쟁력강화사업","2513000","500000","60875","19.9","12.2"
"2026","자치단체이전","자치단체자본보조","국토교통부","지역균형발전특별회계","지역지원계정","국토및지역개발","산업단지","산업단지개발및지원","산업단지지원(지원)","부처연계형노후산단개발","오창과학산단 경쟁력강화사업","0","0","0","0","0"
"2026","자치단체이전","자치단체자본보조","국토교통부","지역균형발전특별회계","지역지원계정","국토및지역개발","산업단지","산업단지개발및지원","산업단지지원(지원)","부처연계형노후산단개발","포항국가산단(제2연관단지) 경쟁력강화사업","0","0","0","0","0"
"2026","자치단체이전","자치단체자본보조","국토교통부","지역균형발전특별회계","지역지원계정","국토및지역개발","산업단지","산업단지개발및지원","산업단지지원(지원)","부처연계형노후산단개발","신평ㆍ장림일반산단 경쟁력강화사업","0","0","0","0","0"
"2026","자치단체이전","자치단체자본보조","국토교통부","지역균형발전특별회계","지역지원계정","국토및지역개발","산업단지","산업단지개발및지원","산업단지지원(지원)","부처연계형노후산단개발","기계ㆍ지방일반산단 경쟁력강화사업","0","0","0","0","0"
"2026","자치단체이전","자치단체자본보조","국토교통부","지역균형발전특별회계","지역지원계정","국토및지역개발","산업단지","산업단지개발및지원","산업단지지원(지원)","부처연계형노후산단개발","광양국가산단 경쟁력강화사업","0","0","102534","0","0"
"2026","자치단체이전","자치단체자본보조","국토교통부","지역균형발전특별회계","지역지원계정","국토및지역개발","산업단지","산업단지개발및지원","산업단지지원(지원)","부처연계형노후산단개발","울산ㆍ미포국가산단 경쟁력강화사업","0","0","7900","0","0"
"2026","자치단체이전","자치단체자본보조","국토교통부","지역균형발전특별회계","지역지원계정","국토및지역개발","산업단지","산업단지개발및지원","산업단지지원(지원)","부처연계형노후산단개발","부처연계형 신규사업(5개소)","0","0","0","0","0"
"2026","자치단체이전","자치단체자본보조","국토교통부","지역균형발전특별회계","지역지원계정","국토및지역개발","산업단지","산업단지개발및지원","산업단지지원(지원)","부처연계형노후산단개발","오송생명과학산단 경쟁력강화사업","100000","100000","0","100.0","0.0"
"2026","자치단체이전","자치단체자본보조","국토교통부","지역균형발전특별회계","지역지원계정","국토및지역개발","산업단지","산업단지개발및지원","산업단지지원(지원)","부처연계형노후산단개발","명지녹산국가산단 경쟁력강화사업","1750000","1400000","0","80.0","0.0"
"2026","자치단체이전","자치단체자본보조","국토교통부","지역균형발전특별회계","지역지원계정","국토및지역개발","산업단지","산업단지개발및지원","산업단지지원(지원)","부처연계형노후산단개발","대불국가산단 경쟁력강화사업","2610000","500000","700000","19.2","140.0"
"2026","자치단체이전","자치단체자본보조","국토교통부","지역균형발전특별회계","지역지원계정","국토및지역개발","산업단지","산업단지개발및지원","산업단지지원(지원)","부처연계형노후산단개발","동두천일반산단 재생사업","500000","0","0","0.0","0"
"2026","자치단체이전","자치단체자본보조","국토교통부","지역균형발전특별회계","지역지원계정","국토및지역개발","산업단지","산업단지개발및지원","산업단지지원(지원)","부처연계형노후산단개발","김해덕암일반산단 재생사업","500000","0","0","0.0","0"
"2026","자치단체이전","자치단체자본보조","국토교통부","지역균형발전특별회계","지역지원계정","국토및지역개발","산업단지","산업단지개발및지원","산업단지지원(지원)","부처연계형노후산단개발","남동국가산단 문화선도사업","500000","0","0","0.0","0"
"2026","자치단체이전","자치단체자본보조","국토교통부","지역균형발전특별회계","지역지원계정","국토및지역개발","산업단지","산업단지개발및지원","산업단지지원(지원)","부처연계형노후산단개발","구미제1국가산단 문화선도사업","700000","0","0","0.0","0"
"2026","자치단체이전","자치단체자본보조","국토교통부","지역균형발전특별회계","지역지원계정","국토및지역개발","산업단지","산업단지개발및지원","산업단지지원(지원)","부처연계형노후산단개발","원주우산일반산단 문화선도사업","300000","0","0","0.0","0"
"2026","자치단체이전","자치단체자본보조","국토교통부","지역균형발전특별회계","지역지원계정","국토및지역개발","산업단지","산업단지개발및지원","산업단지지원(지원)","무안항공특화 산업단지 지원사업","무안항공특화 산업단지 지원사업","2000000","0","0","0.0","0"
"2026","자치단체이전","자치단체자본보조","국토교통부","혁신도시건설특별회계"," ","국토및지역개발","지역및도시","지역개발","혁신도시","혁신도시 건설지원","대구 BIT융합혁신허브 조성","0","0","0","0","0"
"2026","자치단체이전","자치단체자본보조","국토교통부","혁신도시건설특별회계"," ","국토및지역개발","지역및도시","지역개발","혁신도시","혁신도시 건설지원","울산 청정수소 전주기 기반 수소산업 혁신생태계 구축","0","0","0","0","0"
"2026","자치단체이전","자치단체자본보조","국토교통부","혁신도시건설특별회계"," ","국토및지역개발","지역및도시","지역개발","혁신도시","혁신도시 건설지원","전남 미래 에너지반도체 산업지원 플랫폼 구축","0","0","0","0","0"
"2026","자치단체이전","자치단체자본보조","국토교통부","혁신도시건설특별회계"," ","국토및지역개발","지역및도시","지역개발","혁신도시","혁신도시 건설지원","강원 디지털헬스케어 창의센터 구축","0","0","0","0","0"
"2026","자치단체이전","자치단체자본보조","국토교통부","혁신도시건설특별회계"," ","국토및지역개발","지역및도시","지역개발","혁신도시","혁신도시 건설지원","경남 미래 모빌리티 핵심 소재, 부품 인증테스트 필드 구축","0","0","0","0","0"
"2026","자치단체이전","자치단체자본보조","국토교통부","혁신도시건설특별회계"," ","국토및지역개발","지역및도시","지역개발","혁신도시","혁신도시정주여건개선및활성화지원","혁신융합캠퍼스 조성 지원(자본보조)","200000","200000","0","100.0","0.0"
"2026","자치단체이전","자치단체자본보조","국토교통부","혁신도시건설특별회계"," ","국토및지역개발","지역및도시","지역개발","혁신도시","혁신도시정주여건개선및활성화지원","충북혁신도시(음성지역) 정주여건 개선","3000000","1200000","0","40.0","0.0"
"2026","자치단체이전","자치단체자본보조","국토교통부","혁신도시건설특별회계"," ","국토및지역개발","지역및도시","지역개발","혁신도시","혁신도시정주여건개선및활성화지원","충남 혁신도시 복합혁신센터 건립","0","0","0","0","0"
"2026","자치단체이전","자치단체자본보조","기획예산처","복권기금"," ","공공질서및안전","재난관리","복권기금운영(재해재난긴급구호)","기타","서천특화시장 재건축 지원","서천특화시장 재건축 지원","5000000","0","0","0.0","0"
"2026","자치단체이전","자치단체자본보조","기획예산처","복권기금"," ","사회복지","취약계층지원","복권기금운영(취약계층지원)","아동복지시설 기능보강","아동복지시설 기능보강","아동복지시설 기능보강","4082000","2027790","869799","49.7","42.9"
"2026","자치단체이전","자치단체자본보조","기후에너지환경부","금강수계관리기금"," ","환경","물환경","4대강유역관리","환경기초시설(금강)","환경기초시설 설치","환경기초시설 설치","25111958","0","4895000","0.0","0"
"2026","자치단체이전","자치단체자본보조","기후에너지환경부","금강수계관리기금"," ","환경","물환경","4대강유역관리","기타수질개선지원(금강)","비점오염 저감사업","비점오염저감시설 설치비","1958000","0","1141083","0.0","0"
"2026","자치단체이전","자치단체자본보조","기후에너지환경부","금강수계관리기금"," ","환경","물환경","4대강유역관리","기타수질개선지원(금강)","생태하천복원사업","생태하천복원사업","853000","0","0","0.0","0"
"2026","자치단체이전","자치단체자본보조","기후에너지환경부","기후대응기금"," ","환경","자원순환및환경경제","온실가스감축","산업저탄소화","공공열분해시설 설치","공공열분해시설 설치","8607000","7200000","957858","83.7","13.3"
"2026","자치단체이전","자치단체자본보조","기후에너지환경부","기후대응기금"," ","환경","자원순환및환경경제","온실가스감축","산업저탄소화","탄소중립 설비투자 지원(환경부)","할당대상업체 탄소중립설비 지원사업(지자체보조)","7500000","5250000","723836","70.0","13.8"
"2026","자치단체이전","자치단체자본보조","기후에너지환경부","기후대응기금"," ","환경","자원순환및환경경제","저탄소생태계조성","순환경제","자원순환클러스터조성","제주 자원순환클러스터 조성","1503000","750000","8212","49.9","1.1"
"2026","자치단체이전","자치단체자본보조","기후에너지환경부","기후대응기금"," ","환경","자원순환및환경경제","공정한전환","지역공정전환","탄소중립그린도시","탄소중립그린도시_자본보조","18168000","13600000","6773254","74.9","49.8"
"2026","자치단체이전","자치단체자본보조","기후에너지환경부","기후대응기금"," ","환경","자원순환및환경경제","공정한전환","지역공정전환","탄소중립그린도시","탄소중립도시_자본보조","2400000","1425000","0","59.4","0.0"
"2026","자치단체이전","자치단체자본보조","기후에너지환경부","기후대응기금"," ","환경","기후대기및환경안전","온실가스감축","산업저탄소화","온실가스관리인프라구축(환경부)","할당대상업체 탄소중립설비 지원사업(지자체보조)","0","0","12829","0","0"
"2026","자치단체이전","자치단체자본보조","기후에너지환경부","기후대응기금"," ","환경","기후대기및환경안전","온실가스감축","산업저탄소화","수열에너지 활성화 지원","강원도 수열에너지 융복합 클러스터","5151000","3150000","0","61.2","0.0"
"2026","자치단체이전","자치단체자본보조","기후에너지환경부","기후대응기금"," ","환경","기후대기및환경안전","온실가스감축","산업저탄소화","재활용 가능 자원 수거 선별 인프라 확충","생활자원회수센터 확충","21626000","9524900","6301916","44.0","66.2"
"2026","자치단체이전","자치단체자본보조","기후에너지환경부","기후대응기금"," ","환경","기후대기및환경안전","온실가스감축","산업저탄소화","재활용 가능 자원 수거 선별 인프라 확충","영농폐기물 재활용 촉진(공동집하장 확충지원)","1067000","844200","366055","79.1","43.4"
"2026","자치단체이전","자치단체자본보조","기후에너지환경부","기후대응기금"," ","환경","기후대기및환경안전","온실가스감축","산업저탄소화","유기성 폐자원 통합 바이오가스화 시설 설치사업","유기성 폐자원 통합 바이오가스화 시설 설치사업","29357500","10200000","778255","34.7","7.6"
"2026","자치단체이전","자치단체자본보조","기후에너지환경부","기후대응기금"," ","환경","기후대기및환경안전","저탄소생태계조성","순환경제","청정수소 활용 수소모빌리티 보급기반 구축사업","바이오가스 활용 청정수소 생산시설 설치사업(지자체보조)_이월","0","0","0","0","0"
"2026","자치단체이전","자치단체자본보조","기후에너지환경부","기후대응기금"," ","환경","기후대기및환경안전","저탄소생태계조성","순환경제","청정수소 활용 수소모빌리티 보급기반 구축사업","수자원 기반 청정수소 생산","7856000","4387100","2350800","55.8","53.6"
"2026","자치단체이전","자치단체자본보조","기후에너지환경부","기후대응기금"," ","환경","기후대기및환경안전","저탄소생태계조성","순환경제","청정수소 활용 수소모빌리티 보급기반 구축사업","바이오가스 기반 청정수소 생산","9100000","0","0","0.0","0"
"2026","자치단체이전","자치단체자본보조","기후에너지환경부","기후대응기금"," ","환경","기후대기및환경안전","공정한전환","지역공정전환","기후변화적응 및 국민실천","기후변화 취약계층지역 적응 자원사업","10827000","10827000","3751983","100.0","34.7"
"2026","자치단체이전","자치단체자본보조","기후에너지환경부","기후대응기금"," ","환경","기후대기및환경안전","공정한전환","지역공정전환","기후변화적응 및 국민실천","탄소중립 체험관 개선 사업","2400000","0","0","0.0","0"
"2026","자치단체이전","자치단체자본보조","기후에너지환경부","기후대응기금"," ","환경","기후대기및환경안전","공정한전환","지역공정전환","기후변화적응 및 국민실천","충남 광역형 기후환경연수원","0","0","147082","0","0"
"2026","자치단체이전","자치단체자본보조","기후에너지환경부","기후대응기금"," ","농림수산","임업·산촌","온실가스감축","탄소흡수원조성","탄소중립도시숲조성","기후대응 도시숲 조성","62750000","41732260","21014183","66.5","50.4"
"2026","자치단체이전","자치단체자본보조","기후에너지환경부","기후대응기금"," ","농림수산","임업·산촌","온실가스감축","탄소흡수원조성","탄소중립도시숲조성","공익림 기능증진","0","0","0","0","0"
"2026","자치단체이전","자치단체자본보조","기후에너지환경부","기후대응기금"," ","농림수산","임업·산촌","온실가스감축","탄소흡수원조성","탄소중립도시숲조성","생활밀착형숲조성(생활권역)","6000000","4500000","1422789","75.0","31.6"
"2026","자치단체이전","자치단체자본보조","기후에너지환경부","기후대응기금"," ","농림수산","임업·산촌","온실가스감축","탄소흡수원조성","탄소중립도시숲조성","도심형 탄소플러스 복합공간 조성","1000000","500000","0","50.0","0.0"
"2026","자치단체이전","자치단체자본보조","기후에너지환경부","낙동강수계관리기금"," ","환경","물환경","4대강유역관리","환경기초시설(낙동강)","환경기초시설 설치","환경기초시설 설치","56042000","0","9225724","0.0","0"
"2026","자치단체이전","자치단체자본보조","기후에너지환경부","낙동강수계관리기금"," ","환경","물환경","4대강유역관리","기타수질개선지원(낙동강)","비점오염저감사업","비점오염 저감사업","3042000","0","78300","0.0","0"
"2026","자치단체이전","자치단체자본보조","기후에너지환경부","농어촌구조개선특별회계","농어촌특별세사업계정","환경","물환경","수질 및 수생태계 관리","하수도 관리(농특)","면단위하수처리장 설치","면단위하수처리장 설치","0","0","0","0","0"
"2026","자치단체이전","자치단체자본보조","기후에너지환경부","농어촌구조개선특별회계","농어촌특별세사업계정","환경","자원순환및환경경제","자원순환사회 형성 촉진","최종처리 및 안전관리(농특)","농어촌폐기물처리시설","농어촌폐기물처리시설 설치","2439000","1530200","827689","62.7","54.1"
"2026","자치단체이전","자치단체자본보조","기후에너지환경부","에너지및자원사업특별회계","투자계정","환경","기후대기및환경안전","대기환경 보전","대기오염 발생원 관리","어린이 통학차량 LPG차 전환지원","어린이 통학차량 LPG차 전환지원","600000","556200","206700","92.7","37.2"
"2026","자치단체이전","자치단체자본보조","기후에너지환경부","에너지및자원사업특별회계","투자계정","환경","기후대기및환경안전","대기환경 보전","대기오염 발생원 관리","무공해차 보급사업","전기자동차 보급 ","1358700000","1005564000","686291402","74.0","68.2"
"2026","자치단체이전","자치단체자본보조","기후에너지환경부","에너지및자원사업특별회계","투자계정","환경","기후대기및환경안전","대기환경 보전","대기오염 발생원 관리","무공해차 보급사업","수소차 보급사업 ","576200000","273232500","174396114","47.4","63.8"
"2026","자치단체이전","자치단체자본보조","기후에너지환경부","에너지및자원사업특별회계","투자계정","환경","기후대기및환경안전","대기환경 보전","대기오염 발생원 관리","무공해차 보급사업","도로재비산먼지 저감사업","8760000","8700000","4060079","99.3","46.7"
"2026","자치단체이전","자치단체자본보조","기후에너지환경부","에너지및자원사업특별회계","투자계정","환경","기후대기및환경안전","대기환경 보전","대기오염 발생원 관리","무공해차 충전 인프라 구축 사업","수소충전소(지자체)","15400000","11200000","6769000","72.7","60.4"
"2026","자치단체이전","자치단체자본보조","기후에너지환경부","영산강·섬진강수계관리기금"," ","환경","물환경","4대강유역관리","주민지원사업(영산강)","관리청별 주민지원","특별지원사업","0","0","0","0","0"
"2026","자치단체이전","자치단체자본보조","기후에너지환경부","영산강·섬진강수계관리기금"," ","환경","물환경","4대강유역관리","환경기초시설(영산강)","환경기초시설 설치","환경기초시설 설치","19468485","0","3261613","0.0","0"
"2026","자치단체이전","자치단체자본보조","기후에너지환경부","일반회계"," ","산업·중소기업및에너지","산업혁신지원","포항지진 피해관리","포항지진 피해구제","포항국제전시컨벤션센터건립","포항국제전시컨벤션센터건립<보조>","4458000","4458000","4263443","100.0","95.6"
"2026","자치단체이전","자치단체자본보조","기후에너지환경부","일반회계"," ","국토및지역개발","수자원","댐 운영 및 관리","지역맞춤형 댐건설","소규모댐건설","항사댐 건설","6606000","4640000","4640000","70.2","100.0"
"2026","자치단체이전","자치단체자본보조","기후에너지환경부","일반회계"," ","국토및지역개발","수자원","댐 운영 및 관리","지역맞춤형 댐건설","소규모댐건설","봉화댐건설","2944000","2068000","2944000","70.2","142.4"
"2026","자치단체이전","자치단체자본보조","기후에너지환경부","일반회계"," ","국토및지역개발","수자원","하천관리","국가하천정비지원","금호강 하천 조성","금호강 하천 조성","15100000","6000000","2534727","39.7","42.2"
"2026","자치단체이전","자치단체자본보조","기후에너지환경부","일반회계"," ","국토및지역개발","수자원","하천관리","국가하천정비지원","국가하천유지보수","국가하천유지보수","138061126","129710192","48693695","94.0","37.5"
"2026","자치단체이전","자치단체자본보조","기후에너지환경부","일반회계"," ","국토및지역개발","수자원","하천관리","지방하천정비지원","도림천 일대 침수방지 사업","도림천 일대 침수방지 사업","2142000","0","17544","0.0","0"
"2026","자치단체이전","자치단체자본보조","기후에너지환경부","일반회계"," ","국토및지역개발","수자원","하천관리","재해대책","하천재해대책비","하천재해대책비","357048000","265636066","38405163","74.4","14.5"
"2026","자치단체이전","자치단체자본보조","기후에너지환경부","지역균형발전특별회계","세종특별자치시계정","환경","물환경","수질 및 수생태계 관리","하수도 관리(세종)","하수관로정비(세종)","하수관로 정비(세종)","2946000","0","0","0.0","0"
"2026","자치단체이전","자치단체자본보조","기후에너지환경부","지역균형발전특별회계","세종특별자치시계정","환경","물환경","수질 및 수생태계 관리","하수도 관리(세종)","하수관로 신설 및 분류식화(세종)","하수관로 신설 및 분류식화(세종)","7282000","3615000","0","49.6","0.0"
"2026","자치단체이전","자치단체자본보조","기후에너지환경부","지역균형발전특별회계","세종특별자치시계정","환경","물환경","수질 및 수생태계 관리","하수도 관리(세종)","하수처리장 설치(세종)","하수처리장 설치(세종)","1174000","775000","0","66.0","0.0"
"2026","자치단체이전","자치단체자본보조","기후에너지환경부","지역균형발전특별회계","세종특별자치시계정","환경","물환경","맑은물 공급·이용","상수도 관리(세종)","노후상수도정비(세종)","노후상수도정비(세종)","2557000","2147000","0","84.0","0.0"
"2026","자치단체이전","자치단체자본보조","기후에너지환경부","지역균형발전특별회계","세종특별자치시계정","환경","자연환경","자연생태 보전","자연환경 보전 및 관리(세종)","야생동물 피해예방 관리(세종)","야생동물피해예방 사업_지특(세종)","15000","15000","4837","100.0","32.2"
"2026","자치단체이전","자치단체자본보조","기후에너지환경부","지역균형발전특별회계","세종특별자치시계정","산업·중소기업및에너지","에너지및자원개발","에너지자원정책","에너지이용합리화","지역에너지절약 시설보조(세종)","지역에너지절약 시설보조(세종)","18000","0","0","0.0","0"
"2026","자치단체이전","자치단체자본보조","기후에너지환경부","지역균형발전특별회계","제주특별자치도계정","환경","물환경","수질 및 수생태계 관리","하수도 관리(제주)","하수관로 신설 및 분류식화(제주)","하수관로 신설 및 분류식화(제주)","38126000","20500000","0","53.8","0.0"
"2026","자치단체이전","자치단체자본보조","기후에너지환경부","지역균형발전특별회계","제주특별자치도계정","환경","물환경","수질 및 수생태계 관리","하수도 관리(제주)","하수처리장 설치(제주)","하수처리장 설치(제주)","74937000","62322000","0","83.2","0.0"
"2026","자치단체이전","자치단체자본보조","기후에너지환경부","지역균형발전특별회계","제주특별자치도계정","환경","물환경","맑은물 공급·이용","지방상수도 관리(제주)","상수도시설확충및관리(제주)","도서지역식수원 개발(제주)","3687000","1673000","0","45.4","0.0"
"2026","자치단체이전","자치단체자본보조","기후에너지환경부","지역균형발전특별회계","제주특별자치도계정","환경","물환경","맑은물 공급·이용","지방상수도 관리(제주)","노후상수도정비(제주)","노후상수도정비(제주)","53566000","37883000","0","70.7","0.0"
"2026","자치단체이전","자치단체자본보조","기후에너지환경부","지역균형발전특별회계","제주특별자치도계정","환경","자연환경","자연생태 보전","자연환경 보전 및 관리(제주)","자연환경 보전 및 관리(제주)","한라산국립공원 관리","16000000","10980000","9682779","68.6","88.2"
"2026","자치단체이전","자치단체자본보조","기후에너지환경부","지역균형발전특별회계","제주특별자치도계정","환경","자연환경","자연생태 보전","자연환경 보전 및 관리(제주)","국토생태네트워크구축(제주)","도시생태축 복원사업","1977000","1384000","1378008","70.0","99.6"
"2026","자치단체이전","자치단체자본보조","기후에너지환경부","지역균형발전특별회계","제주특별자치도계정","환경","자연환경","자연생태 보전","자연환경 보전 및 관리(제주)","국토생태네트워크구축(제주)","국가생태탐방로 조성","750000","750000","480059","100.0","64.0"
"2026","자치단체이전","자치단체자본보조","기후에너지환경부","지역균형발전특별회계","제주특별자치도계정","환경","자연환경","자연생태 보전","자연환경 보전 및 관리(제주)","습지보전관리(제주)","람사르습지도시 인증프로그램 운영 지원_지특(자율, 제주)","0","0","0","0","0"
"2026","자치단체이전","자치단체자본보조","기후에너지환경부","지역균형발전특별회계","제주특별자치도계정","환경","자연환경","자연생태 보전","자연자원의 이용","야생동물 피해예방 관리(제주)","야생동물피해예방 사업_지특(제주)","354000","354000","274227","100.0","77.5"
"2026","자치단체이전","자치단체자본보조","기후에너지환경부","지역균형발전특별회계","제주특별자치도계정","산업·중소기업및에너지","에너지및자원개발","에너지자원정책","에너지이용합리화","지역에너지절약 시설보조(제주)","지역에너지절약 시설보조(제주)","920000","920000","321174","100.0","34.9"
"2026","자치단체이전","자치단체자본보조","기후에너지환경부","지역균형발전특별회계","지역자율계정","환경","물환경","수질 및 수생태계 관리","하수도 관리","면단위 하수처리장 설치(자율)","면단위하수처리장 설치(자율)","82005000","34319000","21408108","41.8","62.4"
"2026","자치단체이전","자치단체자본보조","기후에너지환경부","지역균형발전특별회계","지역자율계정","환경","물환경","수질 및 수생태계 관리","하수도 관리","스마트하수도 관리체계 구축운영(자율)","스마트하수도 관리체계 구축운영(자율)","10232000","8058000","0","78.8","0.0"
"2026","자치단체이전","자치단체자본보조","기후에너지환경부","지역균형발전특별회계","지역자율계정","환경","물환경","수질 및 수생태계 관리","하수도 관리","하수관로 신설 및 분류식화(자율)","하수관로 신설 및 분류식화(자율)","1071373000","535003551","99773131","49.9","18.6"
"2026","자치단체이전","자치단체자본보조","기후에너지환경부","지역균형발전특별회계","지역자율계정","환경","물환경","수질 및 수생태계 관리","하수도 관리","하수처리장 설치(자율)","하수처리장 설치(자율)","1110459000","579103287","228590521","52.1","39.5"
"2026","자치단체이전","자치단체자본보조","기후에너지환경부","지역균형발전특별회계","지역자율계정","환경","물환경","맑은물 공급·이용","지방상수도 관리(지역자율)","상수도시설 확충 및 관리(지역자율)","도서지역식수원개발(지역자율)","66011000","51196355","32356617","77.6","63.2"
"2026","자치단체이전","자치단체자본보조","기후에너지환경부","지역균형발전특별회계","지역자율계정","환경","물환경","맑은물 공급·이용","지방상수도 관리(지역자율)","노후상수도정비(자율)","노후상수도정비(자율)","351571000","251374060","56563175","71.5","22.5"
"2026","자치단체이전","자치단체자본보조","기후에너지환경부","지역균형발전특별회계","지역자율계정","환경","자원순환및환경경제","자원순환사회 형성 촉진","폐기물 발생원 관리","업사이클센터 설치사업(자율)","업사이클 설치사업(자율)","6996000","6346000","2966096","90.7","46.7"
"2026","자치단체이전","자치단체자본보조","기후에너지환경부","지역균형발전특별회계","지역자율계정","환경","자원순환및환경경제","자원순환사회 형성 촉진","폐기물 발생원 관리","업사이클센터 설치사업(자율)","업사이클 설치사업(자율)","0","0","0","0","0"
"2026","자치단체이전","자치단체자본보조","기후에너지환경부","지역균형발전특별회계","지역자율계정","환경","자연환경","자연생태 보전","자연환경 보전 및 관리","생물자원 보전시설 설치 및 운영(자율)","생물자원보전시설 설치","8150000","6225000","2140451","76.4","34.4"
"2026","자치단체이전","자치단체자본보조","기후에너지환경부","지역균형발전특별회계","지역자율계정","환경","자연환경","자연생태 보전","자연환경 보전 및 관리","야생동물 피해예방 관리(자율)","야생동물피해예방 사업_지특(자율)","5581000","5580500","2953685","100.0","52.9"
"2026","자치단체이전","자치단체자본보조","기후에너지환경부","지역균형발전특별회계","지역자율계정","환경","자연환경","자연생태 보전","자연생태복원","국토생태네트워크구축(자율)","백두대간 등 생태축 훼손지 복원","8778000","4479000","490","51.0","0.0"
"2026","자치단체이전","자치단체자본보조","기후에너지환경부","지역균형발전특별회계","지역자율계정","환경","자연환경","자연생태 보전","자연생태복원","국토생태네트워크구축(자율)","도시생태축 복원사업","30547000","20012000","7790907","65.5","38.9"
"2026","자치단체이전","자치단체자본보조","기후에너지환경부","지역균형발전특별회계","지역자율계정","환경","자연환경","자연생태 보전","자연생태복원","국토생태네트워크구축(자율)","국가생태탐방로 조성","18305000","8381000","4330390","45.8","51.7"
"2026","자치단체이전","자치단체자본보조","기후에너지환경부","지역균형발전특별회계","지역자율계정","환경","자연환경","자연생태 보전","자연생태복원","습지보전관리(자율)","습지보호지역 훼손지 복원 및 보전이용시설 설치","21891000","9755000","3396043","44.6","34.8"
"2026","자치단체이전","자치단체자본보조","기후에너지환경부","지역균형발전특별회계","지역자율계정","환경","자연환경","자연생태 보전","자연자원의 이용","생태관광자원 이용기반(자율)","생태관광체험시설 조성","300000","0","229290","0.0","0"
"2026","자치단체이전","자치단체자본보조","기후에너지환경부","지역균형발전특별회계","지역자율계정","환경","자연환경","자연생태 보전","자연자원의 이용","생태관광자원 이용기반(자율)","친환경적에코촌조성","4000000","0","5940","0.0","0"
"2026","자치단체이전","자치단체자본보조","기후에너지환경부","지역균형발전특별회계","지역자율계정","환경","자연환경","자연생태 보전","자연자원의 이용","생태관광자원 이용기반(자율)","생물자원보전시설 설치","0","0","0","0","0"
"2026","자치단체이전","자치단체자본보조","기후에너지환경부","지역균형발전특별회계","지역자율계정","산업·중소기업및에너지","에너지및자원개발","에너지자원정책","에너지이용합리화","지역에너지절약 시설보조(자율계정)","지역에너지절약 시설보조(자율계정)","6864000","6797000","2478855","99.0","36.5"
"2026","자치단체이전","자치단체자본보조","기후에너지환경부","지역균형발전특별회계","지역자율계정","산업·중소기업및에너지","에너지및자원개발","에너지기술기반확충","기반구축","수소생산기지 구축","탄소포집형 수소 생산기지 구축","5990000","5360000","1920000","89.5","35.8"
"2026","자치단체이전","자치단체자본보조","기후에너지환경부","지역균형발전특별회계","지역지원계정","환경","물환경","수질 및 수생태계 관리","하수도 관리","하수관로 정비","하수관로정비(도시침수대응, 하수관로 정비)","832750000","466609613","86181394","56.0","18.5"
"2026","자치단체이전","자치단체자본보조","기후에너지환경부","지역균형발전특별회계","지역지원계정","환경","물환경","토양지하수관리","토양지하수관리","유출지하수 활용 활성화","유출지하수 이용시설 설치 지원","5508000","3006198","0","54.6","0.0"
"2026","자치단체이전","자치단체자본보조","기후에너지환경부","지역균형발전특별회계","지역지원계정","환경","자원순환및환경경제","자원순환사회 형성 촉진","폐기물 발생원 관리","자원순환촉진지원(지원)","일회용 컵 무인회수기 설치","1000000","1000000","0","100.0","0.0"
"2026","자치단체이전","자치단체자본보조","기후에너지환경부","한강수계관리기금"," ","환경","물환경","4대강유역관리","환경기초시설(한강)","환경기초시설설치","환경기초시설설치","70548000","0","3415700","0.0","0"
"2026","자치단체이전","자치단체자본보조","기후에너지환경부","한강수계관리기금"," ","환경","물환경","4대강유역관리","기타 수질개선지원(한강)","생태하천복원사업","생태하천 복원사업","3014000","0","0","0.0","0"
"2026","자치단체이전","자치단체자본보조","기후에너지환경부","한강수계관리기금"," ","환경","물환경","4대강유역관리","기타 수질개선지원(한강)","비점오염저감사업","비점오염저감사업 설치사업","150200","0","0","0.0","0"
"2026","자치단체이전","자치단체자본보조","기후에너지환경부","한강수계관리기금"," ","환경","물환경","4대강유역관리","친환경 청정사업(한강)","친환경 청정사업 지원","친환경 청정사업 지원","14974000","0","1698868","0.0","0"
"2026","자치단체이전","자치단체자본보조","기후에너지환경부","환경개선특별회계"," ","환경","환경일반","환경연구 및 교육","환경시험연구","국립환경과학원연구사업(R&D)","환경분야시험검사의 국제적 적합성 기반구축사업","165000","165000","106092","100.0","64.3"
"2026","자치단체이전","자치단체자본보조","기후에너지환경부","환경개선특별회계"," ","환경","환경일반","환경행정 지원","재해대책","재해대책비","재해복구","10000000","0","34214","0.0","0"
"2026","자치단체이전","자치단체자본보조","기후에너지환경부","환경개선특별회계"," ","환경","물환경","수질 및 수생태계 관리","산업폐수 및 기타오염원 관리","가축분뇨공공처리시설 설치","가축분뇨공공처리시설 설치","139908000","92709000","63228651","66.3","68.2"
"2026","자치단체이전","자치단체자본보조","기후에너지환경부","환경개선특별회계"," ","환경","물환경","수질 및 수생태계 관리","산업폐수 및 기타오염원 관리","비점오염저감사업","비점오염저감시설 설치 국고보조","59732000","36620800","12843148","61.3","35.1"
"2026","자치단체이전","자치단체자본보조","기후에너지환경부","환경개선특별회계"," ","환경","물환경","수질 및 수생태계 관리","산업폐수 및 기타오염원 관리","공공폐수처리시설","공공폐수처리시설 설치지원","94461000","42332150","37949123","44.8","89.6"
"2026","자치단체이전","자치단체자본보조","기후에너지환경부","환경개선특별회계"," ","환경","물환경","수질 및 수생태계 관리","산업폐수 및 기타오염원 관리","산업단지완충저류시설 설치","산업단지완충저류시설 설치","144913000","97877000","72014834","67.5","73.6"
"2026","자치단체이전","자치단체자본보조","기후에너지환경부","환경개선특별회계"," ","환경","물환경","수질 및 수생태계 관리","하수도 관리","하수처리장 설치","하수처리장 설치(하수처리장 확충, 농어촌마을하수도정비)","500000","0","0","0.0","0"
"2026","자치단체이전","자치단체자본보조","기후에너지환경부","환경개선특별회계"," ","환경","물환경","수질 및 수생태계 관리","수질개선기반구축","수질오염감시체계 구축운용","수질자동측정기기 설치운영 지원","1316000","1138699","206875","86.5","18.2"
"2026","자치단체이전","자치단체자본보조","기후에너지환경부","환경개선특별회계"," ","환경","물환경","수질 및 수생태계 관리","수질개선기반구축","수질 및 수생태계 측정조사","낙동강 하구 기수생태계 복원","5313000","4000000","97206","75.3","2.4"
"2026","자치단체이전","자치단체자본보조","기후에너지환경부","환경개선특별회계"," ","환경","물환경","수질 및 수생태계 관리","수질개선기반구축","수질 및 수생태계 측정조사","중점관리저수지 수생태계 복원관리","4400000","3100000","21243","70.5","0.7"
"2026","자치단체이전","자치단체자본보조","기후에너지환경부","환경개선특별회계"," ","환경","물환경","수질 및 수생태계 관리","수질개선기반구축","새만금사업환경대책","용지 현업축사 토지 매입","8500000","0","0","0.0","0"
"2026","자치단체이전","자치단체자본보조","기후에너지환경부","환경개선특별회계"," ","환경","물환경","맑은물 공급·이용","물산업 및 물기술 진흥","하수처리수재이용사업","하수처리수 재이용사업","34970000","22557950","9171736","64.5","40.7"
"2026","자치단체이전","자치단체자본보조","기후에너지환경부","환경개선특별회계"," ","환경","자원순환및환경경제","자원순환사회 형성 촉진","폐기물 발생원 관리","자원순환촉진지원","일회용 컵 무인회수기 설치","0","0","0","0","0"
"2026","자치단체이전","자치단체자본보조","기후에너지환경부","환경개선특별회계"," ","환경","자원순환및환경경제","자원순환사회 형성 촉진","폐기물 수집 및 재활용","재활용 및 업사이클 체계 구축","재활용 및 업사이클센터 설치사업(업사이클센터 설치사업)","0","0","3296","0","0"
"2026","자치단체이전","자치단체자본보조","기후에너지환경부","환경개선특별회계"," ","환경","자원순환및환경경제","자원순환사회 형성 촉진","폐기물 수집 및 재활용","재활용 및 업사이클 체계 구축","울산 화학적재활용(해중합) 태스트베드 구축","1524000","1524000","255986","100.0","16.8"
"2026","자치단체이전","자치단체자본보조","기후에너지환경부","환경개선특별회계"," ","환경","자원순환및환경경제","자원순환사회 형성 촉진","폐기물 수집 및 재활용","전기전자제품 및 자동차의 재활용체계 구축운영","제주 농촌?에너지 취약지구 등 사용후 배터리 활용제품 보급 시범사업","800000","800000","560000","100.0","70.0"
"2026","자치단체이전","자치단체자본보조","기후에너지환경부","환경개선특별회계"," ","환경","자원순환및환경경제","자원순환사회 형성 촉진","폐기물 수집 및 재활용","전기전자제품 및 자동차의 재활용체계 구축운영","사용후 배터리 자원화 통합센터 구축","1000000","1000000","0","100.0","0.0"
"2026","자치단체이전","자치단체자본보조","기후에너지환경부","환경개선특별회계"," ","환경","자원순환및환경경제","자원순환사회 형성 촉진","폐기물 수집 및 재활용","전기전자제품 및 자동차의 재활용체계 구축운영","전기차 사용후 핵심부품 순환 이용체계 구축","2300000","2300000","0","100.0","0.0"
"2026","자치단체이전","자치단체자본보조","기후에너지환경부","환경개선특별회계"," ","환경","자원순환및환경경제","자원순환사회 형성 촉진","최종처리 및 안전관리","유해폐기물처리및대집행","부여군 불법폐기물 매립지역 처리 대집행","1700000","0","435017","0.0","0"
"2026","자치단체이전","자치단체자본보조","기후에너지환경부","환경개선특별회계"," ","환경","자원순환및환경경제","자원순환사회 형성 촉진","최종처리 및 안전관리","위해우려 폐기물 관리","위해우려 매립시설 오염확산방지 및 안정화","500000","400000","0","80.0","0.0"
"2026","자치단체이전","자치단체자본보조","기후에너지환경부","환경개선특별회계"," ","환경","자원순환및환경경제","자원순환사회 형성 촉진","최종처리 및 안전관리","폐기물처리시설 확충","유기성폐자원바이오가스화 사업","10188000","6417000","2053424","63.0","32.0"
"2026","자치단체이전","자치단체자본보조","기후에너지환경부","환경개선특별회계"," ","환경","자원순환및환경경제","자원순환사회 형성 촉진","최종처리 및 안전관리","폐기물처리시설 확충","친환경에너지타운 조성","8989600","3895000","683236","43.3","17.5"
"2026","자치단체이전","자치단체자본보조","기후에너지환경부","환경개선특별회계"," ","환경","자원순환및환경경제","자원순환사회 형성 촉진","최종처리 및 안전관리","폐기물처리시설 확충","매립시설 설치","23403000","16714000","6771551","71.4","40.5"
"2026","자치단체이전","자치단체자본보조","기후에너지환경부","환경개선특별회계"," ","환경","자원순환및환경경제","자원순환사회 형성 촉진","최종처리 및 안전관리","폐기물처리시설 확충","소각시설 설치","153651400","74877000","42660098","48.7","57.0"
"2026","자치단체이전","자치단체자본보조","기후에너지환경부","환경개선특별회계"," ","환경","자원순환및환경경제","자원순환사회 형성 촉진","최종처리 및 안전관리","폐기물처리시설 확충","매립지 정비 사업","18555000","10617400","5478510","57.2","51.6"
"2026","자치단체이전","자치단체자본보조","기후에너지환경부","환경개선특별회계"," ","환경","자원순환및환경경제","자원순환사회 형성 촉진","최종처리 및 안전관리","폐기물처리시설 확충","음식물처리시설 설치","0","0","0","0","0"
"2026","자치단체이전","자치단체자본보조","기후에너지환경부","환경개선특별회계"," ","환경","자원순환및환경경제","자원순환사회 형성 촉진","최종처리 및 안전관리","폐기물처리시설 확충","에너지융복합 폐기물처리시설(바이오가스 수소개질)","0","0","0","0","0"
"2026","자치단체이전","자치단체자본보조","기후에너지환경부","환경개선특별회계"," ","환경","자원순환및환경경제","자원순환사회 형성 촉진","최종처리 및 안전관리","폐기물처리시설 확충","폐기물처리시설 정밀기술지원 개선사업","0","0","0","0","0"
"2026","자치단체이전","자치단체자본보조","기후에너지환경부","환경개선특별회계"," ","환경","자원순환및환경경제","자원순환사회 형성 촉진","최종처리 및 안전관리","폐기물처리시설 확충","바이오매스 기반 마을단위 에너지자립 추진사업","2500000","0","0","0.0","0"
"2026","자치단체이전","자치단체자본보조","기후에너지환경부","환경개선특별회계"," ","환경","자원순환및환경경제","친환경경제사회 활성화","친환경산업 육성·지원","중소환경기업 사업화 지원사업","녹색융합클러스터 조성","6300000","0","0","0.0","0"
"2026","자치단체이전","자치단체자본보조","기후에너지환경부","환경개선특별회계"," ","환경","자원순환및환경경제","친환경경제사회 활성화","지속가능발전위원회","지속가능한 환경 정책 지원","에코스쿨 조성 사업","4753000","4453000","185218","93.7","4.2"
"2026","자치단체이전","자치단체자본보조","기후에너지환경부","환경개선특별회계"," ","환경","기후대기및환경안전","대기환경 보전","대기오염 발생원 관리","사업장 미세먼지 관리사업","굴뚝자동측정기기 설치운영관리비지원사업","1900000","1900000","390211","100.0","20.5"
"2026","자치단체이전","자치단체자본보조","기후에너지환경부","환경개선특별회계"," ","환경","기후대기및환경안전","대기환경 보전","대기오염 발생원 관리","사업장 미세먼지 관리사업","소규모 사업장 방지시설 설치 지원사업","44849000","27556365","4932443","61.4","17.9"
"2026","자치단체이전","자치단체자본보조","기후에너지환경부","환경개선특별회계"," ","환경","기후대기및환경안전","대기환경 보전","대기오염 발생원 관리","자동차 배출가스 관리사업","운행차 배출가스 저감사업","172704000","132315552","86023048","76.6","65.0"
"2026","자치단체이전","자치단체자본보조","기후에너지환경부","환경개선특별회계"," ","환경","기후대기및환경안전","대기환경 보전","대기오염 발생원 관리","생활주변 미세먼지 관리사업","(이월) 가정용 저녹스 보일러 지원사업","0","0","3240","0","0"
"2026","자치단체이전","자치단체자본보조","기후에너지환경부","환경개선특별회계"," ","환경","기후대기및환경안전","대기환경 보전","대기오염 발생원 관리","생활주변 미세먼지 관리사업","가스열펌프 저감장치 부착지원사업","0","0","491453","0","0"
"2026","자치단체이전","자치단체자본보조","기후에너지환경부","환경개선특별회계"," ","환경","기후대기및환경안전","대기환경 보전","대기오염 발생원 관리","생활주변 미세먼지 관리사업","난방 전기화 사업","14450000","10300000","0","71.3","0.0"
"2026","자치단체이전","자치단체자본보조","기후에너지환경부","환경개선특별회계"," ","환경","기후대기및환경안전","대기환경 보전","대기오염 발생원 관리","지하역사공기질 개선대책","지하역사 미세먼지 개선대책","14425000","8679000","429234","60.2","4.9"
"2026","자치단체이전","자치단체자본보조","기후에너지환경부","환경개선특별회계"," ","환경","기후대기및환경안전","대기환경 보전","대기환경 개선 정책기반강화 및 국제협력","대기오염측정망 구축·운영","지자체 대기오염측정망 설치운영","2181000","1948500","237144","89.3","12.2"
"2026","자치단체이전","자치단체자본보조","기후에너지환경부","환경개선특별회계"," ","환경","자연환경","자연생태 보전","자연의 보전·관리","국립공원 및 지질공원사업","지질공원 운영지원","2086000","870000","0","41.7","0.0"
"2026","자치단체이전","자치단체자본보조","기후에너지환경부","환경개선특별회계"," ","환경","자연환경","자연생태 보전","자연의 보전·관리","생물자원보전 종합대책","생물자원보전시설 설치","0","0","0","0","0"
"2026","자치단체이전","자치단체자본보조","기후에너지환경부","환경개선특별회계"," ","환경","자연환경","자연생태 보전","자연의 보전·관리","생물자원보전 종합대책","거점동물원 지원","320000","288000","0","90.0","0.0"
"2026","자치단체이전","자치단체자본보조","기후에너지환경부","환경개선특별회계"," ","환경","자연환경","자연생태 보전","자연의 보전·관리","야생동식물보호 및 관리","야생동물 구조관리센터 설치 지원","1422000","1041000","195666","73.2","18.8"
"2026","자치단체이전","자치단체자본보조","기후에너지환경부","환경개선특별회계"," ","환경","자연환경","자연생태 보전","자연생태 복원","습지보전관리","습지보호지역 훼손지 복원 및 보전이용시설 설치","0","0","0","0","0"
"2026","자치단체이전","자치단체자본보조","기후에너지환경부","환경개선특별회계"," ","환경","자연환경","자연생태 보전","자연생태 복원","생태경관보전지역 및 특정도서 관리","생태마을 보전활동비 지원","160000","160000","780","100.0","0.5"
"2026","자치단체이전","자치단체자본보조","기후에너지환경부","환경개선특별회계"," ","환경","자연환경","자연생태 보전","자연생태 복원","국토생태네트워크구축","백두대간등 생태축 훼손지 복원","0","0","0","0","0"
"2026","자치단체이전","자치단체자본보조","기후에너지환경부","환경개선특별회계"," ","환경","자연환경","자연생태 보전","자연생태 복원","국토생태네트워크구축","백두대간등 생태축 훼손지 복원","0","0","2200","0","0"
"2026","자치단체이전","자치단체자본보조","기후에너지환경부","환경개선특별회계"," ","환경","자연환경","자연생태 보전","자연생태 복원","국토생태네트워크구축","국가생태탐방로 조성","0","0","188214","0","0"
"2026","자치단체이전","자치단체자본보조","기후에너지환경부","환경개선특별회계"," ","환경","자연환경","자연생태 보전","자연생태 복원","국토생태네트워크구축","도시생태축 복원사업","0","0","172043","0","0"
"2026","자치단체이전","자치단체자본보조","기후에너지환경부","환경개선특별회계"," ","환경","자연환경","자연생태 보전","자연자원의 이용","생태관광자원 이용기반","생태관광체험시설 조성_이월","0","0","1461489","0","0"
"2026","자치단체이전","자치단체자본보조","농림축산식품부","고등·평생교육지원특별회계"," ","농림수산","농업·농촌","농업인력육성및창업지원","농업인교육지원","영농아카데미","농업계 학교 실습장(농대)","1386000","756619","0","54.6","0.0"
"2026","자치단체이전","자치단체자본보조","농림축산식품부","농산물가격안정기금"," ","농림수산","농업·농촌","농산물수급안정및유통효율화","농산물유통개선(농안기금)","공영도매시장 시설현대화","공영도매시장현대화비용지원","15195000","5459000","1057835","35.9","19.4"
"2026","자치단체이전","자치단체자본보조","농림축산식품부","농산물가격안정기금"," ","농림수산","농업·농촌","농산물수급안정및유통효율화","농산물유통개선(농안기금)","공영도매시장 시설현대화","공영도매시장 상품화 기능 확대 ","3600000","0","24070","0.0","0"
"2026","자치단체이전","자치단체자본보조","농림축산식품부","농산물가격안정기금"," ","농림수산","농업·농촌","농산물수급안정및유통효율화","농산물유통개선(농안기금)","농산물산지유통활성화","농산물산지유통센터지원(자치단체)","13000000","13000000","1956697","100.0","15.1"
"2026","자치단체이전","자치단체자본보조","농림축산식품부","농산물가격안정기금"," ","농림수산","농업·농촌","농산물수급안정및유통효율화","농산물유통개선(농안기금)","농산물산지유통활성화","인삼특용작물유통시설지원(시설현대화)","600000","600000","0","100.0","0.0"
"2026","자치단체이전","자치단체자본보조","농림축산식품부","농산물가격안정기금"," ","농림수산","농업·농촌","농산물수급안정및유통효율화","농산물유통개선(농안기금)","농산물산지유통활성화","저온유통체계구축(산지저온시설)(자치단체)","1703000","1241000","404125","72.9","32.6"
"2026","자치단체이전","자치단체자본보조","농림축산식품부","농산물가격안정기금"," ","농림수산","농업·농촌","농산물수급안정및유통효율화","농산물유통개선(농안기금)","농산물산지유통활성화","저온유통체계구축(저온수송차량)(자치단체)","162000","162000","0","100.0","0.0"
"2026","자치단체이전","자치단체자본보조","농림축산식품부","농산물가격안정기금"," ","농림수산","농업·농촌","농산물수급안정및유통효율화","농산물유통개선(농안기금)","농산물산지유통활성화","식품소재및반가공산업육성(식품소재및반가공산업육성)","1306000","1306000","427000","100.0","32.7"
"2026","자치단체이전","자치단체자본보조","농림축산식품부","농산물가격안정기금"," ","농림수산","농업·농촌","농산물수급안정및유통효율화","농산물유통개선(농안기금)","농산물산지유통활성화","저온유통체계구축(채소류 출하조절시설 지원)","4000000","0","0","0.0","0"
"2026","자치단체이전","자치단체자본보조","농림축산식품부","농산물가격안정기금"," ","농림수산","농업·농촌","농산물수급안정및유통효율화","농산물유통개선(농안기금)","농산물산지유통활성화","스마트 APC 전환 지원","22460000","18825000","423854","83.8","2.3"
"2026","자치단체이전","자치단체자본보조","농림축산식품부","농산물가격안정기금"," ","농림수산","농업·농촌","농산물수급안정및유통효율화","농산물유통개선(농안기금)","화훼산업진흥지역육성(시범)","화훼산업진흥지역육성(시범)","1000000","0","779975","0.0","0"
"2026","자치단체이전","자치단체자본보조","농림축산식품부","농산물가격안정기금"," ","농림수산","농업·농촌","농산물수급안정및유통효율화","농산물유통개선(농안기금)","농산물안정생산공급지원","공동영농 확산 지원","2400000","1000000","271575","41.7","27.2"
"2026","자치단체이전","자치단체자본보조","농림축산식품부","농산물가격안정기금"," ","농림수산","농업·농촌","농산물수급안정및유통효율화","농산물유통개선(농안기금)","농산물안정생산공급지원","밭작물공동경영체육성지원","5100000","4275000","803577","83.8","18.8"
"2026","자치단체이전","자치단체자본보조","농림축산식품부","농산물가격안정기금"," ","농림수산","농업·농촌","농산물수급안정및유통효율화","농산물소비활성화및식생활개선(농안기금)","농식품소비기반조성","지역단위 푸드플랜 구축지원(지자체보조) ","2400000","1350000","211634","56.3","15.7"
"2026","자치단체이전","자치단체자본보조","농림축산식품부","농산물가격안정기금"," ","농림수산","농업·농촌","농산물수급안정및유통효율화","농산물소비활성화및식생활개선(농안기금)","농식품소비기반조성","직매장 지원","225000","157500","0","70.0","0.0"
"2026","자치단체이전","자치단체자본보조","농림축산식품부","농산물가격안정기금"," ","농림수산","농업·농촌","농산물수급안정및유통효율화","농식품품질관리(농안기금)","국가인증 농식품지원","GAP 위생시설 보완 지원","1119000","1119000","113181","100.0","10.1"
"2026","자치단체이전","자치단체자본보조","농림축산식품부","농어촌구조개선특별회계","구조개선사업계정","농림수산","농업·농촌","농가경영안정","재해대책","재해대책비","농업재해대책비(지자체)","39128007","39128004","38305735","100.0","97.9"
"2026","자치단체이전","자치단체자본보조","농림축산식품부","농어촌구조개선특별회계","구조개선사업계정","농림수산","농업·농촌","농가경영안정","농업기계장비","지능형농기계실증단지구축","지능형농기계실증단지구축","10123000","10123000","338428","100.0","3.3"
"2026","자치단체이전","자치단체자본보조","농림축산식품부","농어촌구조개선특별회계","구조개선사업계정","농림수산","농업·농촌","농업인력육성및창업지원","농식품창업지원","농식품벤처창업활성화지원","그린바이오 벤처 캠퍼스(지자체)_재이월","0","0","398301","0","0"
"2026","자치단체이전","자치단체자본보조","농림축산식품부","농어촌구조개선특별회계","구조개선사업계정","농림수산","농업·농촌","양곡관리","식량생산유통지원","전략작물산업화","논범용화용수공급체계구축","0","0","0","0","0"
"2026","자치단체이전","자치단체자본보조","농림축산식품부","농어촌구조개선특별회계","구조개선사업계정","농림수산","농업·농촌","양곡관리","식량생산유통지원","전략작물산업화","시설장비(두류)","8750000","8737000","3917841","99.9","44.8"
"2026","자치단체이전","자치단체자본보조","농림축산식품부","농어촌구조개선특별회계","구조개선사업계정","농림수산","농업·농촌","양곡관리","식량생산유통지원","전략작물산업화","사업다각화지원(두류)","6183000","5948250","1233450","96.2","20.7"
"2026","자치단체이전","자치단체자본보조","농림축산식품부","농어촌구조개선특별회계","구조개선사업계정","농림수산","농업·농촌","양곡관리","식량생산유통지원","전략작물산업화","시설장비지원(밀)","2000000","1351900","212400","67.6","15.7"
"2026","자치단체이전","자치단체자본보조","농림축산식품부","농어촌구조개선특별회계","구조개선사업계정","농림수산","농업·농촌","양곡관리","식량생산유통지원","전략작물산업화","사업다각화지원(밀건조저장시설)","2378000","1483960","0","62.4","0.0"
"2026","자치단체이전","자치단체자본보조","농림축산식품부","농어촌구조개선특별회계","구조개선사업계정","농림수산","농업·농촌","양곡관리","식량생산유통지원","전략작물산업화","시설장비(가루쌀)","1000000","980000","389700","98.0","39.8"
"2026","자치단체이전","자치단체자본보조","농림축산식품부","농어촌구조개선특별회계","구조개선사업계정","농림수산","농업·농촌","양곡관리","식량생산유통지원","전략작물산업화","시설장비(감자계약재배)","500000","500000","0","100.0","0.0"
"2026","자치단체이전","자치단체자본보조","농림축산식품부","농어촌구조개선특별회계","구조개선사업계정","농림수산","농업·농촌","양곡관리","식량생산유통지원","전략작물산업화","국산콩 가공산업화지원","6400000","3040000","1711910","47.5","56.3"
"2026","자치단체이전","자치단체자본보조","농림축산식품부","농어촌구조개선특별회계","구조개선사업계정","농림수산","농업·농촌","양곡관리","식량생산유통지원","고품질쌀유통활성화","가공시설 현대화","6060000","1904000","2570892","31.4","135.0"
"2026","자치단체이전","자치단체자본보조","농림축산식품부","농어촌구조개선특별회계","구조개선사업계정","농림수산","농업·농촌","양곡관리","식량생산유통지원","고품질쌀유통활성화","벼 건조저장시설 지원","12260000","9110000","1744366","74.3","19.1"
"2026","자치단체이전","자치단체자본보조","농림축산식품부","농어촌구조개선특별회계","구조개선사업계정","농림수산","농업·농촌","농업신산업육성","스마트농업육성","스마트원예단지기반조성","스마트원예단지기반조성(시설원예기반조성)","4830000","3498600","750371","72.4","21.4"
"2026","자치단체이전","자치단체자본보조","농림축산식품부","농어촌구조개선특별회계","구조개선사업계정","농림수산","농업·농촌","농업신산업육성","스마트농업육성","스마트과수원특화단지조성","스마트과수원특화단지조성(기반조성공사)","0","0","0","0","0"
"2026","자치단체이전","자치단체자본보조","농림축산식품부","농어촌구조개선특별회계","구조개선사업계정","농림수산","농업·농촌","농업신산업육성","스마트농업육성","스마트과수원특화단지조성","스마트과수원특화단지(과원정비)","8724000","4462135","527258","51.1","11.8"
"2026","자치단체이전","자치단체자본보조","농림축산식품부","농어촌구조개선특별회계","구조개선사업계정","농림수산","농업·농촌","농업신산업육성","스마트농업육성","스마트과수원특화단지조성","재해대응형과수재배시설구축지원(시범)","2100000","2100000","170227","100.0","8.1"
"2026","자치단체이전","자치단체자본보조","농림축산식품부","농어촌구조개선특별회계","구조개선사업계정","농림수산","농업·농촌","농업신산업육성","스마트농업육성","데이터기반스마트농업확산지원","노지스마트팜모델 교육체험장 조성","400000","400000","0","100.0","0.0"
"2026","자치단체이전","자치단체자본보조","농림축산식품부","농어촌구조개선특별회계","구조개선사업계정","농림수산","농업·농촌","농업신산업육성","스마트농업육성","ICT융복합및농림행정통계체계구축","농업AX실증센터구축","2000000","0","0","0.0","0"
"2026","자치단체이전","자치단체자본보조","농림축산식품부","농어촌구조개선특별회계","구조개선사업계정","농림수산","농업·농촌","농업신산업육성","스마트농업육성","ICT융복합및농림행정통계체계구축","농업 AX 글로벌 비즈니스 센터 ","2250000","0","0","0.0","0"
"2026","자치단체이전","자치단체자본보조","농림축산식품부","농어촌구조개선특별회계","구조개선사업계정","농림수산","농업·농촌","농업신산업육성","스마트농업육성","ICT융복합및농림행정통계체계구축","AI기반 생육지원 데이터센터(무안)","3000000","0","0","0.0","0"
"2026","자치단체이전","자치단체자본보조","농림축산식품부","농어촌구조개선특별회계","구조개선사업계정","농림수산","농업·농촌","농업신산업육성","농업온실가스감축및기후변화대응","농촌재생에너지보급지원","농업농촌 RE100 실증지원(지자체, 1년차)","695000","0","0","0.0","0"
"2026","자치단체이전","자치단체자본보조","농림축산식품부","농어촌구조개선특별회계","구조개선사업계정","농림수산","농업·농촌","농업신산업육성","농업온실가스감축및기후변화대응","농촌재생에너지보급지원","농업농촌 RE100 실증지원(지자체, 2년차)","0","0","0","0","0"
"2026","자치단체이전","자치단체자본보조","농림축산식품부","농어촌구조개선특별회계","구조개선사업계정","농림수산","농업·농촌","농업신산업육성","농기자재산업육성","농산업수출활성화","한국형 스마트팜 수출지원센터 조성","2250000","0","0","0.0","0"
"2026","자치단체이전","자치단체자본보조","농림축산식품부","농어촌구조개선특별회계","구조개선사업계정","농림수산","농업·농촌","농업신산업육성","친환경농자재","곤충미생물산업육성지원","곤충산업화지원_이월","0","0","0","0","0"
"2026","자치단체이전","자치단체자본보조","농림축산식품부","농어촌구조개선특별회계","구조개선사업계정","농림수산","농업·농촌","농업신산업육성","친환경농자재","곤충미생물산업육성지원","곤충양잠산업 거점단지 조성_이월","0","0","0","0","0"
"2026","자치단체이전","자치단체자본보조","농림축산식품부","농어촌구조개선특별회계","구조개선사업계정","농림수산","농업·농촌","농업신산업육성","친환경농자재","곤충미생물산업육성지원","천연물소재 전주기 표준화 지원 허브 구축_이월","0","0","0","0","0"
"2026","자치단체이전","자치단체자본보조","농림축산식품부","농어촌구조개선특별회계","구조개선사업계정","농림수산","농업·농촌","농산물수급안정및유통효율화","농산물유통개선(농특)","밭작물산업육성","밭작물공동경영체 육성지원(자치단체)","0","0","0","0","0"
"2026","자치단체이전","자치단체자본보조","농림축산식품부","농어촌구조개선특별회계","구조개선사업계정","농림수산","농업·농촌","농산물수급안정및유통효율화","농산물소비활성화및식생활개선(농특)","농식품소비기반조성","직매장 지원","0","0","71656","0","0"
"2026","자치단체이전","자치단체자본보조","농림축산식품부","농어촌구조개선특별회계","구조개선사업계정","농림수산","농업·농촌","농산물수급안정및유통효율화","농산물소비활성화및식생활개선(농특)","농식품소비기반조성","지역단위 푸드플랜 구축지원(지자체보조)","0","0","256090","0","0"
"2026","자치단체이전","자치단체자본보조","농림축산식품부","농어촌구조개선특별회계","구조개선사업계정","농림수산","농업·농촌","축산업진흥 및 동물복지향상","동물보호및복지","동물복지안전관리강화","동물보호시설 환경개선","576000","568000","115772","98.6","20.4"
"2026","자치단체이전","자치단체자본보조","농림축산식품부","농어촌구조개선특별회계","구조개선사업계정","농림수산","농업·농촌","축산업진흥 및 동물복지향상","동물보호및복지","반려동물산업육성","반려견 기질평가·행동지도 인프라 구축","294000","147000","48135","50.0","32.7"
"2026","자치단체이전","자치단체자본보조","농림축산식품부","농어촌구조개선특별회계","구조개선사업계정","농림수산","농업·농촌","축산업진흥 및 동물복지향상","동물보호및복지","반려동물연관산업해외수출산업화","One-welfare Valley 조성","7015000","5700000","0","81.3","0.0"
"2026","자치단체이전","자치단체자본보조","농림축산식품부","농어촌구조개선특별회계","구조개선사업계정","농림수산","농업·농촌","축산업진흥 및 동물복지향상","동물보호및복지","반려동물연관산업해외수출산업화","반려동물사료 산업화센터 조성","500000","0","0","0.0","0"
"2026","자치단체이전","자치단체자본보조","농림축산식품부","농어촌구조개선특별회계","구조개선사업계정","농림수산","농업·농촌","가축방역및축산물안전관리","가축방역(농특)","가축방역대응지원","방역장비 등 지원(자본)","6995000","5383050","2534679","77.0","47.1"
"2026","자치단체이전","자치단체자본보조","농림축산식품부","농어촌구조개선특별회계","구조개선사업계정","농림수산","농업·농촌","가축방역및축산물안전관리","가축방역(농특)","가축방역대응지원","신종 해외 가축전염병 유입 차단 예찰(자본)","90000","90000","26397","100.0","29.3"
"2026","자치단체이전","자치단체자본보조","농림축산식품부","농어촌구조개선특별회계","구조개선사업계정","농림수산","농업·농촌","가축방역및축산물안전관리","가축방역(농특)","가축사체처리지원","살처분가축처리 시설·장비 지원","930000","0","90000","0.0","0"
"2026","자치단체이전","자치단체자본보조","농림축산식품부","농어촌구조개선특별회계","구조개선사업계정","농림수산","농업·농촌","가축방역및축산물안전관리","가축방역(농특)","동물용의약품산업종합지원","동물용의약품 임상시험 지원센터 구축","400000","400000","325000","100.0","81.3"
"2026","자치단체이전","자치단체자본보조","농림축산식품부","농어촌구조개선특별회계","구조개선사업계정","농림수산","농업·농촌","농업생산기반정비","재해예방(농특)","가뭄대비용수개발","가뭄우려지역 용수개발 지원","10100000","8000000","2725715","79.2","34.1"
"2026","자치단체이전","자치단체자본보조","농림축산식품부","농어촌구조개선특별회계","구조개선사업계정","농림수산","농업·농촌","농업생산기반정비","재해예방(농특)","국가지방관리방조제개보수","국가지방관리방조제개보수","76538000","37800000","29479216","49.4","78.0"
"2026","자치단체이전","자치단체자본보조","농림축산식품부","농어촌구조개선특별회계","구조개선사업계정","농림수산","농업·농촌","농업생산기반정비","농업시설개선(농특)","농촌용수관리","농업용수 수질조사 및 개선(수질개선-자치단체보조)","7760000","0","137664","0.0","0"
"2026","자치단체이전","자치단체자본보조","농림축산식품부","농어촌구조개선특별회계","구조개선사업계정","농림수산","농업·농촌","농업생산기반정비","농업시설개선(농특)","농촌용수관리","지하수자원관리(지자체보조)","490000","490000","490000","100.0","100.0"
"2026","자치단체이전","자치단체자본보조","농림축산식품부","농어촌구조개선특별회계","구조개선사업계정","농림수산","농업·농촌","농업생산기반정비","다목적 용수개발","농촌용수개발","제주농업용수통합광역화","12625000","9700000","9700000","76.8","100.0"
"2026","자치단체이전","자치단체자본보조","농림축산식품부","농어촌구조개선특별회계","구조개선사업계정","농림수산","농업·농촌","농업생산기반정비","다목적 용수개발","농촌용수개발","논범용화용수공급체계구축(지자체)","1900000","700000","396861","36.8","56.7"
"2026","자치단체이전","자치단체자본보조","농림축산식품부","농어촌구조개선특별회계","구조개선사업계정","농림수산","농업·농촌","농림축산식품행정지원","농림행정정보화(정보화)","차세대농림사업통합정보시스템(정보화)","비대면 인프라 구축","5084000","3247010","559","63.9","0.0"
"2026","자치단체이전","자치단체자본보조","농림축산식품부","농어촌구조개선특별회계","구조개선사업계정","농림수산","식품업","식품외식산업육성","식품산업육성","전통발효식품육성","김치원료공급단지 구축","0","0","234796","0","0"
"2026","자치단체이전","자치단체자본보조","농림축산식품부","농어촌구조개선특별회계","구조개선사업계정","농림수산","식품업","식품외식산업육성","식품산업육성","전통발효식품육성","절임 염수 재활용 설비 보급 ","0","0","0","0","0"
"2026","자치단체이전","자치단체자본보조","농림축산식품부","농어촌구조개선특별회계","구조개선사업계정","농림수산","식품업","식품외식산업육성","식품산업육성","식품산업인프라강화","유기농산업복합서비스지원단지조성(이월)","0","0","0","0","0"
"2026","자치단체이전","자치단체자본보조","농림축산식품부","농어촌구조개선특별회계","구조개선사업계정","농림수산","식품업","식품외식산업육성","식품산업육성","식품산업인프라강화","국가식품클러스터 근로자 기숙사 건립","256000","256000","17819","100.0","7.0"
"2026","자치단체이전","자치단체자본보조","농림축산식품부","농어촌구조개선특별회계","구조개선사업계정","농림수산","식품업","식품외식산업육성","식품산업육성","푸드테크연구지원센터구축","푸드테크연구지원센터구축","14476000","11220300","5157731","77.5","46.0"
"2026","자치단체이전","자치단체자본보조","농림축산식품부","농어촌구조개선특별회계","구조개선사업계정","농림수산","식품업","식품외식산업육성","식품산업육성","그린바이오산업인프라구축","그린바이오 소재 산업화시설 구축_이월","0","0","0","0","0"
"2026","자치단체이전","자치단체자본보조","농림축산식품부","농어촌구조개선특별회계","구조개선사업계정","농림수산","식품업","식품외식산업육성","식품산업육성","그린바이오산업인프라구축","그린바이오 벤처 캠퍼스(지자체)_이월","0","0","0","0","0"
"2026","자치단체이전","자치단체자본보조","농림축산식품부","농어촌구조개선특별회계","구조개선사업계정","농림수산","식품업","식품외식산업육성","농식품 글로벌 진출 확대","농식품글로벌경쟁력강화","스마트 수출전문단지 구축(시설)","1500000","899200","0","59.9","0.0"
"2026","자치단체이전","자치단체자본보조","농림축산식품부","농어촌구조개선특별회계","구조개선사업계정","농림수산","식품업","식품외식산업육성","농식품 글로벌 진출 확대","농식품글로벌경쟁력강화","스마트 수출전문단지 구축(기자재)","1400000","1072736","0","76.6","0.0"
"2026","자치단체이전","자치단체자본보조","농림축산식품부","농어촌구조개선특별회계","농어촌특별세사업계정","농림수산","농업·농촌","농업인력육성및창업지원","농업인교육지원","농업·농촌교육훈련지원","농업계학교 실습장(농고)","1500000","1500000","0","100.0","0.0"
"2026","자치단체이전","자치단체자본보조","농림축산식품부","농어촌구조개선특별회계","농어촌특별세사업계정","농림수산","농업·농촌","농업인력육성및창업지원","농촌고용인력지원","농촌고용인력지원","농업 근로자 기숙사 건립지원","9780000","9780000","2269951","100.0","23.2"
"2026","자치단체이전","자치단체자본보조","농림축산식품부","농어촌구조개선특별회계","농어촌특별세사업계정","농림수산","농업·농촌","농업인력육성및창업지원","농촌고용인력지원","농촌고용인력지원","농업 근로자 기숙사 건립지원(유휴시설 리모델링)","2000000","800000","0","40.0","0.0"
"2026","자치단체이전","자치단체자본보조","농림축산식품부","농어촌구조개선특별회계","농어촌특별세사업계정","농림수산","농업·농촌","농촌복지및지역활성화","농촌공간및정주여건개선","농촌공간계획및재생지원","농촌공간정비","151861000","151861000","54597858","100.0","36.0"
"2026","자치단체이전","자치단체자본보조","농림축산식품부","농어촌구조개선특별회계","농어촌특별세사업계정","농림수산","농업·농촌","농촌복지및지역활성화","농촌공간및정주여건개선","청년농촌보금자리조성","청년농촌보금자리조성","0","0","144177","0","0"
"2026","자치단체이전","자치단체자본보조","농림축산식품부","농어촌구조개선특별회계","농어촌특별세사업계정","농림수산","농업·농촌","농촌복지및지역활성화","농촌공간및정주여건개선","농촌생활인구유입지원","농촌 체류형 복합단지 조성 시범사업","2700000","300000","45859","11.1","15.3"
"2026","자치단체이전","자치단체자본보조","농림축산식품부","농어촌구조개선특별회계","농어촌특별세사업계정","농림수산","농업·농촌","농촌복지및지역활성화","농촌공간및정주여건개선","농촌생활인구유입지원","농촌소멸 대응 빈집재생 지원사업 ","825000","825000","70083","100.0","8.5"
"2026","자치단체이전","자치단체자본보조","농림축산식품부","에너지및자원사업특별회계","투자계정","농림수산","농업·농촌","농업신산업육성","농업신재생에너지보급(투자계정)","농업에너지이용효율화","(농업분야)신재생에너지시설 지원","16837000","16320331","4480423","96.9","27.5"
"2026","자치단체이전","자치단체자본보조","농림축산식품부","일반회계"," ","농림수산","식품업","식품외식산업육성","식품산업육성","글로벌K-푸드테크 기업육성","글로벌K-푸드테크 기업육성","516000","500000","0","96.9","0.0"
"2026","자치단체이전","자치단체자본보조","농림축산식품부","자유무역협정이행지원기금"," ","농림수산","농업·농촌","농업신산업육성","농기자재산업육성(FTA기금)","종자산업기반구축","우수종묘증식보급기반구축","3825000","2393000","474914","62.6","19.8"
"2026","자치단체이전","자치단체자본보조","농림축산식품부","자유무역협정이행지원기금"," ","농림수산","농업·농촌","농업신산업육성","농기자재산업육성(FTA기금)","종자산업기반구축","종자기업 공동활용 종자가공처리센터 구축","2000000","1200000","130863","60.0","10.9"
"2026","자치단체이전","자치단체자본보조","농림축산식품부","자유무역협정이행지원기금"," ","농림수산","농업·농촌","농업신산업육성","농기자재산업육성(FTA기금)","종자산업기반구축","첨단정밀육종기반구축","500000","0","0","0.0","0"
"2026","자치단체이전","자치단체자본보조","농림축산식품부","자유무역협정이행지원기금"," ","농림수산","농업·농촌","농산물수급안정및유통효율화","원예산업경쟁력강화(FTA기금)","과수 생산유통지원","과실전문생산단지 기반조성비 지원","18835000","5180000","758679","27.5","14.6"
"2026","자치단체이전","자치단체자본보조","농림축산식품부","자유무역협정이행지원기금"," ","농림수산","농업·농촌","농산물수급안정및유통효율화","원예산업경쟁력강화(FTA기금)","과수 생산유통지원","과수분야 스마트팜 확산","200000","102453","52535","51.2","51.3"
"2026","자치단체이전","자치단체자본보조","농림축산식품부","자유무역협정이행지원기금"," ","농림수산","농업·농촌","농산물수급안정및유통효율화","원예산업경쟁력강화(FTA기금)","과수 생산유통지원","과수고품질 시설현대화 지원","31125000","15586000","2752344","50.1","17.7"
"2026","자치단체이전","자치단체자본보조","농림축산식품부","자유무역협정이행지원기금"," ","농림수산","농업·농촌","농산물수급안정및유통효율화","원예산업경쟁력강화(FTA기금)","과수 생산유통지원","과수거점산지유통센터 건립 지원","8700000","3530000","1456901","40.6","41.3"
"2026","자치단체이전","자치단체자본보조","농림축산식품부","자유무역협정이행지원기금"," ","농림수산","농업·농촌","농산물수급안정및유통효율화","원예산업경쟁력강화(FTA기금)","과수 생산유통지원","유통시설현대화","1110000","420000","210000","37.8","50.0"
"2026","자치단체이전","자치단체자본보조","농림축산식품부","자유무역협정이행지원기금"," ","농림수산","농업·농촌","농산물수급안정및유통효율화","원예산업경쟁력강화(FTA기금)","원예시설현대화","고추비가림재배시설 지원","1800000","1260000","362860","70.0","28.8"
"2026","자치단체이전","자치단체자본보조","농림축산식품부","자유무역협정이행지원기금"," ","농림수산","농업·농촌","농산물수급안정및유통효율화","원예산업경쟁력강화(FTA기금)","원예시설현대화","특용작물시설현대화","2272000","740000","563023","32.6","76.1"
"2026","자치단체이전","자치단체자본보조","농림축산식품부","자유무역협정이행지원기금"," ","농림수산","농업·농촌","농산물수급안정및유통효율화","원예산업경쟁력강화(FTA기금)","원예시설현대화","특용작물시설현대화(인삼)","1100000","1100000","150543","100.0","13.7"
"2026","자치단체이전","자치단체자본보조","농림축산식품부","자유무역협정이행지원기금"," ","농림수산","농업·농촌","농산물수급안정및유통효율화","원예산업경쟁력강화(FTA기금)","스마트팜 ICT융복합확산","스마트팜 ICT융복합확산(온실신축 및 시설보급)","17470000","11576333","2720090","66.3","23.5"
"2026","자치단체이전","자치단체자본보조","농림축산식품부","자유무역협정이행지원기금"," ","농림수산","농업·농촌","축산업진흥 및 동물복지향상","축사시설현대화(FTA)","축사시설현대화","축산분야 ICT 융복합지원(자치단체)","18000000","18000000","4468672","100.0","24.8"
"2026","자치단체이전","자치단체자본보조","농림축산식품부","자유무역협정이행지원기금"," ","농림수산","농업·농촌","축산업진흥 및 동물복지향상","축사시설현대화(FTA)","축사시설현대화","방역 위생 인프라","9000000","5280000","2251176","58.7","42.6"
"2026","자치단체이전","자치단체자본보조","농림축산식품부","자유무역협정이행지원기금"," ","농림수산","농업·농촌","축산업진흥 및 동물복지향상","축사시설현대화(FTA)","축사시설현대화","스마트축산 ICT 시범단지 조성","2075000","500000","545218","24.1","109.0"
"2026","자치단체이전","자치단체자본보조","농림축산식품부","자유무역협정이행지원기금"," ","농림수산","농업·농촌","축산업진흥 및 동물복지향상","축사시설현대화(FTA)","축사시설현대화","CCTV 등 방역인프라(양봉)","100000","100000","32894","100.0","32.9"
"2026","자치단체이전","자치단체자본보조","농림축산식품부","자유무역협정이행지원기금"," ","농림수산","농업·농촌","축산업진흥 및 동물복지향상","축사시설현대화(FTA)","축사시설현대화","오리 사육시설 개선","792000","0","0","0.0","0"
"2026","자치단체이전","자치단체자본보조","농림축산식품부","지역균형발전특별회계","세종특별자치시계정","농림수산","농업·농촌","농가경영안정","농업기계장비(세종)","농기계임대(세종)","노후농기계대체","100000","100000","76712","100.0","76.7"
"2026","자치단체이전","자치단체자본보조","농림축산식품부","지역균형발전특별회계","세종특별자치시계정","농림수산","농업·농촌","농촌복지및지역활성화","일반농산어촌개발(세종)","일반농산어촌개발(세종)","일반농산어촌개발(세종)","716000","647410","178968","90.4","27.6"
"2026","자치단체이전","자치단체자본보조","농림축산식품부","지역균형발전특별회계","세종특별자치시계정","농림수산","농업·농촌","농촌복지및지역활성화","일반농산어촌개발(세종)","취약지역생활여건개조사업(세종)","농어촌 취약지역개조(세종)","425000","425000","83919","100.0","19.7"
"2026","자치단체이전","자치단체자본보조","농림축산식품부","지역균형발전특별회계","제주특별자치도계정","농림수산","농업·농촌","농가경영안정","농업기계장비(제주)","농기계임대(제주)","주산지일관기계화","550000","550000","5625","100.0","1.0"
"2026","자치단체이전","자치단체자본보조","농림축산식품부","지역균형발전특별회계","제주특별자치도계정","농림수산","농업·농촌","농가경영안정","농업기계장비(제주)","농기계임대(제주)","노후농기계대체","300000","300000","248495","100.0","82.8"
"2026","자치단체이전","자치단체자본보조","농림축산식품부","지역균형발전특별회계","제주특별자치도계정","농림수산","농업·농촌","농업신산업육성","친환경농자재(제주)","곤충미생물산업육성지원(제주)","곤충산업화지원","120000","50000","0","41.7","0.0"
"2026","자치단체이전","자치단체자본보조","농림축산식품부","지역균형발전특별회계","제주특별자치도계정","농림수산","농업·농촌","농촌복지및지역활성화","농촌자원복합산업화지원(제주)","토양개량제사업(제주)","토양개량제(제주)","1697000","1629600","829254","96.0","50.9"
"2026","자치단체이전","자치단체자본보조","농림축산식품부","지역균형발전특별회계","제주특별자치도계정","농림수산","농업·농촌","농촌복지및지역활성화","농촌지역개발(제주)","농촌유휴시설활용지역활성화(제주)","농촌유휴시설활용지역활성화(제주)","0","0","0","0","0"
"2026","자치단체이전","자치단체자본보조","농림축산식품부","지역균형발전특별회계","제주특별자치도계정","농림수산","농업·농촌","농촌복지및지역활성화","일반농산어촌개발(제주)","일반농산어촌개발(제주)","일반농산어촌개발(제주-농촌)","8122000","4100939","2085072","50.5","50.8"
"2026","자치단체이전","자치단체자본보조","농림축산식품부","지역균형발전특별회계","제주특별자치도계정","농림수산","농업·농촌","농촌복지및지역활성화","일반농산어촌개발(제주)","일반농산어촌개발(제주)","일반농산어촌개발(제주-어촌)","2576000","1305174","110755","50.7","8.5"
"2026","자치단체이전","자치단체자본보조","농림축산식품부","지역균형발전특별회계","제주특별자치도계정","농림수산","식품업","식품외식산업육성","식품산업육성(제주)","그린바이오산업인프라구축(제주)","그린바이오 벤처캠퍼스(제주)","700000","670000","0","95.7","0.0"
"2026","자치단체이전","자치단체자본보조","농림축산식품부","지역균형발전특별회계","지역자율계정","농림수산","농업·농촌","농가경영안정","농업기계장비","농기계임대(자율)","주산지일관기계화","9950000","9950000","7395911","100.0","74.3"
"2026","자치단체이전","자치단체자본보조","농림축산식품부","지역균형발전특별회계","지역자율계정","농림수산","농업·농촌","농가경영안정","농업기계장비","농기계임대(자율)","노후농기계대체","8900000","8900000","7318347","100.0","82.2"
"2026","자치단체이전","자치단체자본보조","농림축산식품부","지역균형발전특별회계","지역자율계정","농림수산","농업·농촌","농가경영안정","농업기계장비","농기계임대(자율)","농기계임대사업소 설치 지원","4500000","4500000","573355","100.0","12.7"
"2026","자치단체이전","자치단체자본보조","농림축산식품부","지역균형발전특별회계","지역자율계정","농림수산","농업·농촌","농업신산업육성","스마트농업육성","임대형 스마트팜(자율)","임대형 스마트팜","28500000","17071000","2921541","59.9","17.1"
"2026","자치단체이전","자치단체자본보조","농림축산식품부","지역균형발전특별회계","지역자율계정","농림수산","농업·농촌","농업신산업육성","친환경농자재","곤충미생물산업육성지원(자율)","곤충산업화지원","300000","300000","0","100.0","0.0"
"2026","자치단체이전","자치단체자본보조","농림축산식품부","지역균형발전특별회계","지역자율계정","농림수산","농업·농촌","농업신산업육성","친환경농자재","곤충미생물산업육성지원(자율)","곤충·양잠산업 거점단지 조성","4125000","3751000","225108","90.9","6.0"
"2026","자치단체이전","자치단체자본보조","농림축산식품부","지역균형발전특별회계","지역자율계정","농림수산","농업·농촌","농업신산업육성","친환경농자재","곤충미생물산업육성지원(자율)","천연물소재 전주기 표준화 허브 구축","4400000","2826000","305962","64.2","10.8"
"2026","자치단체이전","자치단체자본보조","농림축산식품부","지역균형발전특별회계","지역자율계정","농림수산","농업·농촌","농업신산업육성","친환경농업인프라구축(지특)","친환경농업기반구축(자율)","친환경농업기반구축","5642000","5077600","1389644","90.0","27.4"
"2026","자치단체이전","자치단체자본보조","농림축산식품부","지역균형발전특별회계","지역자율계정","농림수산","농업·농촌","축산업진흥 및 동물복지향상","반려동물인프라구축","반려동물인프라구축(자율)","동물보호센터 설치 지원","3050000","3050000","435976","100.0","14.3"
"2026","자치단체이전","자치단체자본보조","농림축산식품부","지역균형발전특별회계","지역자율계정","농림수산","농업·농촌","농촌복지및지역활성화","농촌일자리및경제활성화","농촌경제활성화지원(자율)","농산업 혁신벨트 조성","640000","640000","127987","100.0","20.0"
"2026","자치단체이전","자치단체자본보조","농림축산식품부","지역균형발전특별회계","지역자율계정","농림수산","농업·농촌","농촌복지및지역활성화","농촌공간및정주여건개선","청년농촌보금자리조성(자율)","청년농촌보금자리조성","33400000","29832500","5878251","89.3","19.7"
"2026","자치단체이전","자치단체자본보조","농림축산식품부","지역균형발전특별회계","지역자율계정","농림수산","농업·농촌","농촌복지및지역활성화","농촌지역개발(자율)","농촌유휴시설활용지역활성화","농촌유휴시설활용지역활성화","2270000","1725000","1152852","76.0","66.8"
"2026","자치단체이전","자치단체자본보조","농림축산식품부","지역균형발전특별회계","지역자율계정","농림수산","농업·농촌","농촌복지및지역활성화","일반농산어촌개발","일반농산어촌개발","일반농산어촌개발(농촌)","535017387","334775138","167046999","62.6","49.9"
"2026","자치단체이전","자치단체자본보조","농림축산식품부","지역균형발전특별회계","지역자율계정","농림수산","농업·농촌","농촌복지및지역활성화","일반농산어촌개발","일반농산어촌개발","일반농산어촌개발(어촌)","42254000","26344873","5441050","62.3","20.7"
"2026","자치단체이전","자치단체자본보조","농림축산식품부","지역균형발전특별회계","지역자율계정","농림수산","농업·농촌","농촌복지및지역활성화","일반농산어촌개발","취약지역생활여건개조사업","농어촌 취약지역개조","120048000","97270050","44475923","81.0","45.7"
"2026","자치단체이전","자치단체자본보조","농림축산식품부","지역균형발전특별회계","지역자율계정","농림수산","식품업","식품외식산업육성","식품산업육성","유기농산업복합서비스지원단지조성(자율)","유기농산업복합서비스지원단지조성(자율)","1150000","1150000","251575","100.0","21.9"
"2026","자치단체이전","자치단체자본보조","농림축산식품부","지역균형발전특별회계","지역자율계정","농림수산","식품업","식품외식산업육성","식품산업육성","그린바이오산업인프라구축(자율)","그린바이오 소재 첨단분석 시스템 구축","0","0","0","0","0"
"2026","자치단체이전","자치단체자본보조","농림축산식품부","지역균형발전특별회계","지역자율계정","농림수산","식품업","식품외식산업육성","식품산업육성","그린바이오산업인프라구축(자율)","그린바이오 소재 산업화시설","700000","400000","700","57.1","0.2"
"2026","자치단체이전","자치단체자본보조","농림축산식품부","지역균형발전특별회계","지역자율계정","농림수산","식품업","식품외식산업육성","식품산업육성","그린바이오산업인프라구축(자율)","그린바이오 벤처캠퍼스(지자체)","20809000","13203000","3644107","63.4","27.6"
"2026","자치단체이전","자치단체자본보조","농림축산식품부","지역균형발전특별회계","지역자율계정","농림수산","식품업","식품외식산업육성","식품산업육성","전통발효식품육성(자율)","김치원료공급단지 구축","8350000","2360000","1823647","28.3","77.3"
"2026","자치단체이전","자치단체자본보조","농림축산식품부","지역균형발전특별회계","지역자율계정","농림수산","식품업","식품외식산업육성","식품산업육성","전통발효식품육성(자율)","절임염수 재활용 설비 보급","1139000","1138000","0","99.9","0.0"
"2026","자치단체이전","자치단체자본보조","농림축산식품부","지역균형발전특별회계","지역지원계정","농림수산","농업·농촌","농가경영안정","농업기계장비","농기계임대","농기계임대사업소 설치 지원","0","0","0","0","0"
"2026","자치단체이전","자치단체자본보조","농림축산식품부","지역균형발전특별회계","지역지원계정","농림수산","농업·농촌","농가경영안정","농업기계장비","농기계임대","주산지일관기계화","0","0","0","0","0"
"2026","자치단체이전","자치단체자본보조","농림축산식품부","지역균형발전특별회계","지역지원계정","농림수산","농업·농촌","농가경영안정","농업기계장비","농기계임대","노후농기계 대체","0","0","0","0","0"
"2026","자치단체이전","자치단체자본보조","농림축산식품부","지역균형발전특별회계","지역지원계정","농림수산","농업·농촌","농업생산기반정비","재해예방(지특)","배수개선","배수개선(지자체)","637170000","482374000","392201843","75.7","81.3"
"2026","자치단체이전","자치단체자본보조","농림축산식품부","축산발전기금"," ","농림수산","농업·농촌","축산업진흥 및 동물복지향상","축산기술보급","가축개량지원","한우젖소개량 자본지원(자치단체)","751000","751000","149996","100.0","20.0"
"2026","자치단체이전","자치단체자본보조","농림축산식품부","축산발전기금"," ","농림수산","농업·농촌","축산업진흥 및 동물복지향상","축산업경쟁력제고(축발)","말산업육성지원","산업기반 강화(말산업 특구지원)","1200000","840000","191286","70.0","22.8"
"2026","자치단체이전","자치단체자본보조","농림축산식품부","축산발전기금"," ","농림수산","농업·농촌","축산업진흥 및 동물복지향상","축산업경쟁력제고(축발)","말산업육성지원","생활승마 활성화(농어촌형 승마시설 등 설치지원)","900000","630000","320000","70.0","50.8"
"2026","자치단체이전","자치단체자본보조","농림축산식품부","축산발전기금"," ","농림수산","농업·농촌","축산업진흥 및 동물복지향상","축산업경쟁력제고(축발)","말산업육성지원","전문인력 양성 및 취창업지원(말산업 전문인력교육기관 지원_자본)","275000","192500","208951","70.0","108.5"
"2026","자치단체이전","자치단체자본보조","농림축산식품부","축산발전기금"," ","농림수산","농업·농촌","축산업진흥 및 동물복지향상","축산업경쟁력제고(축발)","말산업육성지원","말 보호 재활(말 긴급 구호 시스템_말 보호시설 개보수)","40000","28000","0","70.0","0.0"
"2026","자치단체이전","자치단체자본보조","농림축산식품부","축산발전기금"," ","농림수산","농업·농촌","축산업진흥 및 동물복지향상","친환경축산(축발)","조사료생산기반확충","시설 및 기계장비구입 지원","5250000","5250000","858725","100.0","16.4"
"2026","자치단체이전","자치단체자본보조","농림축산식품부","축산발전기금"," ","농림수산","농업·농촌","축산업진흥 및 동물복지향상","친환경축산(축발)","가축분뇨처리지원","축산악취개선","7560000","3395600","1006091","44.9","29.6"
"2026","자치단체이전","자치단체자본보조","농림축산식품부","축산발전기금"," ","농림수산","농업·농촌","축산업진흥 및 동물복지향상","친환경축산(축발)","가축분뇨처리지원","공동자원화 퇴액비화","175000","87400","0","49.9","0.0"
"2026","자치단체이전","자치단체자본보조","농림축산식품부","축산발전기금"," ","농림수산","농업·농촌","축산업진흥 및 동물복지향상","친환경축산(축발)","가축분뇨처리지원","공동자원화 개보수","6640000","4896000","267218","73.7","5.5"
"2026","자치단체이전","자치단체자본보조","농림축산식품부","축산발전기금"," ","농림수산","농업·농촌","축산업진흥 및 동물복지향상","친환경축산(축발)","가축분뇨처리지원","공동자원화 에너지화","12368000","6183750","1554676","50.0","25.1"
"2026","자치단체이전","자치단체자본보조","농림축산식품부","축산발전기금"," ","농림수산","농업·농촌","축산업진흥 및 동물복지향상","친환경축산(축발)","가축분뇨처리지원","악취측정ICT기계장비","500000","500000","140000","100.0","28.0"
"2026","자치단체이전","자치단체자본보조","농림축산식품부","축산발전기금"," ","농림수산","농업·농촌","축산업진흥 및 동물복지향상","친환경축산(축발)","가축분뇨처리지원","친환경퇴비생산시설현대화 지원","100000","100000","0","100.0","0.0"
"2026","자치단체이전","자치단체자본보조","농림축산식품부","축산발전기금"," ","농림수산","농업·농촌","축산업진흥 및 동물복지향상","친환경축산(축발)","가축분뇨처리지원","공동자원화 마을형퇴비저장시설","0","0","0","0","0"
"2026","자치단체이전","자치단체자본보조","농림축산식품부","축산발전기금"," ","농림수산","농업·농촌","축산업진흥 및 동물복지향상","친환경축산(축발)","가축분뇨처리지원","공동자원화 바이오연계","144000","72000","0","50.0","0.0"
"2026","자치단체이전","자치단체자본보조","농림축산식품부","축산발전기금"," ","농림수산","농업·농촌","축산업진흥 및 동물복지향상","친환경축산(축발)","가축분뇨처리지원","공동자원화 퇴액비화","0","0","0","0","0"
"2026","자치단체이전","자치단체자본보조","농림축산식품부","축산발전기금"," ","농림수산","농업·농촌","축산업진흥 및 동물복지향상","친환경축산(축발)","가축분뇨처리지원","저탄소 축산혁신지구 시범사업","300000","85000","1000","28.3","1.2"
"2026","자치단체이전","자치단체자본보조","농림축산식품부","축산발전기금"," ","농림수산","농업·농촌","축산업진흥 및 동물복지향상","축산물품질관리(축발)","축산물품질관리","축산물이력관리 장비지원(자치단체)","73000","73000","0","100.0","0.0"
"2026","자치단체이전","자치단체자본보조","농림축산식품부","축산발전기금"," ","농림수산","농업·농촌","가축방역및축산물안전관리","축산물위생안전성(축발)","축산물위생안전검사운영","축산물 검사장비비","1457000","1457000","721757","100.0","49.5"
"2026","자치단체이전","자치단체자본보조","농림축산식품부","축산발전기금"," ","농림수산","농업·농촌","가축방역및축산물안전관리","축산물위생안전성(축발)","축산물HACCP지원","스마트HACCP지원(현장구축)","320000","80000","0","25.0","0.0"
"2026","자치단체이전","자치단체자본보조","농촌진흥청","농어촌구조개선특별회계","구조개선사업계정","농림수산","농업·농촌","지역농업특성화","농촌생활활력증진(농특,구조)","농작업재해예방(보조)","작목별 맞춤형 안전관리 실천","1175000","1175000","660196","100.0","56.2"
"2026","자치단체이전","자치단체자본보조","농촌진흥청","농어촌구조개선특별회계","구조개선사업계정","농림수산","농업·농촌","전문인력양성","영농기계화촉진(농특,구조)","농업기계안전교육사업(보조)","교육용농업기계지원(지방)","1864000","1864000","1010515","100.0","54.2"
"2026","자치단체이전","자치단체자본보조","농촌진흥청","일반회계"," ","농림수산","농업·농촌","농업신기술 보급","신기술보급사업(일반)","농업기술협력지원(보조)","기술보급체계다변화모델구축(기술보급블렌딩협력모델)","2500000","2500000","1387416","100.0","55.5"
"2026","자치단체이전","자치단체자본보조","농촌진흥청","일반회계"," ","농림수산","농업·농촌","농업신기술 보급","신기술보급사업(일반)","농업기술협력지원(보조)","식량자급률향상모델기반조성(콩 자립형 융복합단지조성)","3500000","3500000","653561","100.0","18.7"
"2026","자치단체이전","자치단체자본보조","농촌진흥청","일반회계"," ","농림수산","농업·농촌","농업신기술 보급","신기술보급사업(일반)","농업기술협력지원(보조)","식량자급률향상모델기반조성(쌀가루 지역 자립형 생산소비 모델)","0","0","0","0","0"
"2026","자치단체이전","자치단체자본보조","농촌진흥청","일반회계"," ","농림수산","농업·농촌","농업신기술 보급","신기술보급사업(일반)","농업기술협력지원(보조)","농업현안해결기술지원","3292000","3292000","1497007","100.0","45.5"
"2026","자치단체이전","자치단체자본보조","농촌진흥청","일반회계"," ","농림수산","농업·농촌","농업신기술 보급","신기술보급사업(일반)","농업기술협력지원(보조)","중소규모형 밭농업기계화 공동영농확산","1800000","1800000","790794","100.0","43.9"
"2026","자치단체이전","자치단체자본보조","농촌진흥청","일반회계"," ","농림수산","농업·농촌","농업신기술 보급","신기술보급사업(일반)","농업기술협력지원(보조)","논 농업 구조전환 기술확산 혁신벨트(저탄소 고품질 쌀 혁신벨트)","250000","250000","248565","100.0","99.4"
"2026","자치단체이전","자치단체자본보조","농촌진흥청","일반회계"," ","농림수산","농업·농촌","농업신기술 보급","신기술보급사업(일반)","농업기술협력지원(보조)","논 농업 구조전환 기술확산 혁신벨트(논 타작물 이모작 혁신벨트)","500000","500000","463700","100.0","92.7"
"2026","자치단체이전","자치단체자본보조","농촌진흥청","일반회계"," ","농림수산","농업·농촌","농업신기술 보급","신기술보급사업(일반)","스마트영농지원체계구축(보조)","스마트농업 테스트베드 교육장 조성","0","0","0","0","0"
"2026","자치단체이전","자치단체자본보조","농촌진흥청","일반회계"," ","농림수산","농업·농촌","농업신기술 보급","신기술보급사업(일반)","스마트영농지원체계구축(보조)","스마트 테스트베드 고도화","450000","450000","228190","100.0","50.7"
"2026","자치단체이전","자치단체자본보조","농촌진흥청","일반회계"," ","농림수산","농업·농촌","농업신기술 보급","신기술보급사업(일반)","스마트영농지원체계구축(보조)","품목별 데이터 기반 생산모델 보급","1300000","1300000","209830","100.0","16.1"
"2026","자치단체이전","자치단체자본보조","농촌진흥청","일반회계"," ","농림수산","농업·농촌","농업신기술 보급","신기술보급사업(일반)","스마트영농지원체계구축(보조)","노지 스마트기술 융복합 실증모델 확산","3200000","3200000","225732","100.0","7.1"
"2026","자치단체이전","자치단체자본보조","농촌진흥청","일반회계"," ","농림수산","농업·농촌","지역농업특성화","기술농업지원(일반)","과학영농현장기술지원(보조)","과학영농실증시범포운영(자본)","0","0","64523","0","0"
"2026","자치단체이전","자치단체자본보조","농촌진흥청","일반회계"," ","농림수산","농업·농촌","지역농업특성화","기술농업지원(일반)","과학영농현장기술지원(보조)","농산물 안전분석실운영(자본)","1750000","1750000","524694","100.0","30.0"
"2026","자치단체이전","자치단체자본보조","농촌진흥청","일반회계"," ","농림수산","농업·농촌","지역농업특성화","기술농업지원(일반)","과학영농현장기술지원(보조)","탄소중립 가축분뇨분석 기반 확대","300000","300000","98746","100.0","32.9"
"2026","자치단체이전","자치단체자본보조","농촌진흥청","일반회계"," ","농림수산","농업·농촌","지역농업특성화","기술농업지원(일반)","과학영농현장기술지원(보조)","꿀벌자원육성품종증식장(자본)_이월","0","0","288157","0","0"
"2026","자치단체이전","자치단체자본보조","농촌진흥청","일반회계"," ","농림수산","농업·농촌","지역농업특성화","기술농업지원(일반)","과학영농현장기술지원(보조)","꿀벌자원육성품종 증식보급 시범","800000","800000","487249","100.0","60.9"
"2026","자치단체이전","자치단체자본보조","농촌진흥청","일반회계"," ","농림수산","농업·농촌","지역농업특성화","기술농업지원(일반)","과학영농현장기술지원(보조)","기후변화 대응 과학영농 통합관제체계 구축","600000","600000","6370","100.0","1.1"
"2026","자치단체이전","자치단체자본보조","농촌진흥청","일반회계"," ","농림수산","농업·농촌","지역농업특성화","기술농업지원(일반)","과학영농현장기술지원(보조)","여과액비 활용 관비기술 시범단지","100000","100000","92150","100.0","92.2"
"2026","자치단체이전","자치단체자본보조","농촌진흥청","일반회계"," ","농림수산","농업·농촌","지역농업특성화","기술농업지원(일반)","과학영농현장기술지원(보조)","이동식 토양 현장진단 시스템","20000","20000","19750","100.0","98.8"
"2026","자치단체이전","자치단체자본보조","농촌진흥청","일반회계"," ","농림수산","농업·농촌","지역농업특성화","기술농업지원(일반)","농작물병해충 예찰방제사업(보조)","기상재해 예방 농업기상관측기 고도화","1650000","1650000","426184","100.0","25.8"
"2026","자치단체이전","자치단체자본보조","농촌진흥청","지역균형발전특별회계","세종특별자치시계정","농림수산","농업·농촌","지역농업특성화","지역농촌지도사업활성화지원(지특,세종)","지역농촌지도사업활성화지원(보조, 세종)","농촌지도기반조성(세종)","125000","0","0","0.0","0"
"2026","자치단체이전","자치단체자본보조","농촌진흥청","지역균형발전특별회계","제주특별자치도계정","농림수산","농업·농촌","농업기초기반 및 실용화 기술개발","지역농업연구기반및전략작목육성(지특, 제주)","지역특화작목연구기반고도화(R&D, 제주, 지역자율)","지역특화작목연구기반고도화","600000","600000","545762","100.0","91.0"
"2026","자치단체이전","자치단체자본보조","농촌진흥청","지역균형발전특별회계","제주특별자치도계정","농림수산","농업·농촌","지역농업특성화","지역농촌지도사업활성화지원(지특,제주)","지역농촌지도사업활성화지원(보조, 제주)","농촌지도기반조성(제주)","2600000","2360453","1374928","90.8","58.2"
"2026","자치단체이전","자치단체자본보조","농촌진흥청","지역균형발전특별회계","지역자율계정","농림수산","농업·농촌","농업기초기반 및 실용화 기술개발","지역농업연구기반및전략작목육성(지특, 지역자율)","지역특화작목연구기반고도화(R&D, 보조, 지역자율)","지역특화작목연구기반고도화","5128000","5128000","1209212","100.0","23.6"
"2026","자치단체이전","자치단체자본보조","농촌진흥청","지역균형발전특별회계","지역자율계정","농림수산","농업·농촌","지역농업특성화","지역농촌지도사업활성화지원(지특,지역자율)","지역농촌지도사업활성화지원(보조,지역자율)","농촌지도기반조성(지역자율)","60732000","51484150","17761501","84.8","34.5"
"2026","자치단체이전","자치단체자본보조","농촌진흥청","지역균형발전특별회계","지역지원계정","농림수산","농업·농촌","농업기초기반 및 실용화 기술개발","지역농업연구기반및전략작목육성(지특, 지역지원)","지역특화작목기술개발(R&D, 보조, 지역지원)","지역농업연구기반 고도화","0","0","192457","0","0"
"2026","자치단체이전","자치단체자본보조","농촌진흥청","지역균형발전특별회계","지역지원계정","농림수산","농업·농촌","농업신기술 보급","신기술보급사업(지특,지역지원)","신기술보급사업(보조, 지역지원)","농업신기술시범","37780000","36624500","18237604","96.9","49.8"
"2026","자치단체이전","자치단체자본보조","농촌진흥청","지역균형발전특별회계","지역지원계정","농림수산","농업·농촌","지역농업특성화","6차산업활성화 지원(지특,지역지원)","농식품가공체험기술보급(보조,지역지원)","농산물가공기술보급(농산물종합가공기술지원)(이월)","0","0","158808","0","0"
"2026","자치단체이전","자치단체자본보조","농촌진흥청","지역균형발전특별회계","지역지원계정","농림수산","농업·농촌","지역농업특성화","6차산업활성화 지원(지특,지역지원)","농식품가공체험기술보급(보조,지역지원)","농산물 상품개발  기반 조성","500000","500000","158689","100.0","31.7"
"2026","자치단체이전","자치단체자본보조","농촌진흥청","지역균형발전특별회계","지역지원계정","농림수산","농업·농촌","지역농업특성화","6차산업활성화 지원(지특,지역지원)","농식품가공체험기술보급(보조,지역지원)","특화자원 상품화 통합모델 시범","750000","750000","289300","100.0","38.6"
"2026","자치단체이전","자치단체자본보조","농촌진흥청","지역균형발전특별회계","지역지원계정","농림수산","농업·농촌","지역농업특성화","6차산업활성화 지원(지특,지역지원)","농촌자원소득화지원(보조,지역지원)","치유농업센터 구축","850000","850000","94337","100.0","11.1"
"2026","자치단체이전","자치단체자본보조","농촌진흥청","지역균형발전특별회계","지역지원계정","농림수산","농업·농촌","지역농업특성화","6차산업활성화 지원(지특,지역지원)","농촌자원소득화지원(보조,지역지원)","수요자 맞춤형 치유농장 대표모델 육성","240000","240000","110731","100.0","46.1"
"2026","자치단체이전","자치단체자본보조","농촌진흥청","지역균형발전특별회계","지역지원계정","농림수산","농업·농촌","지역농업특성화","6차산업활성화 지원(지특,지역지원)","농촌자원소득화지원(보조,지역지원)","농경문화 소득화 모델 구축","525000","525000","117414","100.0","22.4"
"2026","자치단체이전","자치단체자본보조","농촌진흥청","지역균형발전특별회계","지역지원계정","농림수산","농업·농촌","전문인력양성","농업인력양성및지원(지특,지역지원)","농산업교육훈련지원(보조, 지역지원)","청년농업인 R&D 기술창업 통합관리 지원","3000000","2600000","300000","86.7","11.5"
"2026","자치단체이전","자치단체자본보조","문화체육관광부","관광진흥개발기금"," ","문화및관광","관광","국내관광활성화","관광인프라 조성","한국형 지역관광 활성화","자전거 여행 활성화(지자체자본)","115000","105000","5000","91.3","4.8"
"2026","자치단체이전","자치단체자본보조","문화체육관광부","관광진흥개발기금"," ","문화및관광","관광","국내관광활성화","국내관광육성지원","국내관광 역량 강화","열린관광 환경조성","7500000","6000000","1721297","80.0","28.7"
"2026","자치단체이전","자치단체자본보조","문화체육관광부","관광진흥개발기금"," ","문화및관광","관광","국내관광활성화","국내관광육성지원","국내관광 역량 강화","무장애 관광 연계성 강화","3500000","3500000","762560","100.0","21.8"
"2026","자치단체이전","자치단체자본보조","문화체육관광부","관광진흥개발기금"," ","문화및관광","관광","외래관광객유치","해외관광객유치활동사업","외래관광객유치 관광기반 조성","관광특구 활성화 지원(자본보조)","0","0","0","0","0"
"2026","자치단체이전","자치단체자본보조","문화체육관광부","국민체육진흥기금","국민체육진흥계정","문화및관광","체육","생활체육육성","생활체육시설 지원","국민체육센터 건립지원","국민체육센터 건립지원","72150000","0","6081338","0.0","0"
"2026","자치단체이전","자치단체자본보조","문화체육관광부","국민체육진흥기금","국민체육진흥계정","문화및관광","체육","생활체육육성","생활체육시설 지원","공공체육시설 개보수 지원","공공체육시설 개보수 지원","88300000","0","12948756","0.0","0"
"2026","자치단체이전","자치단체자본보조","문화체육관광부","국민체육진흥기금","국민체육진흥계정","문화및관광","체육","생활체육육성","생활체육시설 지원","공공체육시설 개보수 지원","부산 덕천동 야외수영장 노후체육시설 개보수","3120000","0","0","0.0","0"
"2026","자치단체이전","자치단체자본보조","문화체육관광부","국민체육진흥기금","국민체육진흥계정","문화및관광","체육","생활체육육성","생활체육시설 지원","공공체육시설 개보수 지원","서울영희초등학교 체육시설 개보수","921000","0","0","0.0","0"
"2026","자치단체이전","자치단체자본보조","문화체육관광부","국민체육진흥기금","국민체육진흥계정","문화및관광","체육","생활체육육성","생활체육시설 지원","공공체육시설 개보수 지원","강남스포츠문화센터 시설환경 개보수","1020000","0","0","0.0","0"
"2026","자치단체이전","자치단체자본보조","문화체육관광부","국민체육진흥기금","국민체육진흥계정","문화및관광","체육","생활체육육성","생활체육시설 지원","공공체육시설 개보수 지원","수원시 장안구민회관 시설 개선","260000","0","0","0.0","0"
"2026","자치단체이전","자치단체자본보조","문화체육관광부","국민체육진흥기금","국민체육진흥계정","문화및관광","체육","생활체육육성","생활체육시설 지원","공공체육시설 개보수 지원","부산 실내빙상장 노후시설 개선","415000","0","5880","0.0","0"
"2026","자치단체이전","자치단체자본보조","문화체육관광부","국민체육진흥기금","국민체육진흥계정","문화및관광","체육","생활체육육성","생활체육시설 지원","공공체육시설 개보수 지원","이천시 설성면 체육공원 축구장 인조잔디 교체","516000","0","0","0.0","0"
"2026","자치단체이전","자치단체자본보조","문화체육관광부","국민체육진흥기금","국민체육진흥계정","문화및관광","체육","생활체육육성","생활체육시설 지원","공공체육시설 개보수 지원","하남종합운동장 시설물 개보수","155000","0","0","0.0","0"
"2026","자치단체이전","자치단체자본보조","문화체육관광부","국민체육진흥기금","국민체육진흥계정","문화및관광","체육","생활체육육성","생활체육시설 지원","공공체육시설 개보수 지원","서항근린공원 노후시설 개선","570000","0","0","0.0","0"
"2026","자치단체이전","자치단체자본보조","문화체육관광부","국민체육진흥기금","국민체육진흥계정","문화및관광","체육","생활체육육성","학교체육 육성","국립체육영재학교 건립 및 공립체육영재학교 전환","공립체육영재학교 전환 지원","0","0","0","0","0"
"2026","자치단체이전","자치단체자본보조","문화체육관광부","국민체육진흥기금","국민체육진흥계정","문화및관광","체육","전문체육육성","전문체육육성 기반구축","전국(소년)체전 지원","전국체전시설 건립","26893000","18429875","8397588","68.5","45.6"
"2026","자치단체이전","자치단체자본보조","문화체육관광부","국민체육진흥기금","국민체육진흥계정","문화및관광","체육","스포츠산업 육성","스포츠산업 활성화","스포츠산업활성화지원","지역스포츠산업지원(자치단체자본보조)","600000","0","0","0.0","0"
"2026","자치단체이전","자치단체자본보조","문화체육관광부","국민체육진흥기금","국민체육진흥계정","문화및관광","체육","국제스포츠역량강화","국제스포츠 교류 활성화","국제대회 국내개최 지원","2027 충청권하계세계대학경기대회 지원(지자체)","10396000","3147000","7702468","30.3","244.8"
"2026","자치단체이전","자치단체자본보조","문화체육관광부","국민체육진흥기금","국민체육진흥계정","문화및관광","체육","국제스포츠역량강화","국제스포츠 교류 활성화","태권도 진흥","강원 춘천 세계태권도연맹 본부 건립 ","3500000","2000000","61882","57.1","3.1"
"2026","자치단체이전","자치단체자본보조","문화체육관광부","문화예술진흥기금"," ","문화및관광","문화예술","창의적문화정책구현","전통문화 진흥","한스타일 육성지원","한지분야 육성지원","0","0","0","0","0"
"2026","자치단체이전","자치단체자본보조","문화체육관광부","아시아문화중심도시조성특별회계"," ","문화및관광","문화예술","아시아문화중심도시조성","문화중심도시조성","문화중심도시육성(지자체)","월봉서원 문화예술체험복합관 건립","0","0","77283","0","0"
"2026","자치단체이전","자치단체자본보조","문화체육관광부","아시아문화중심도시조성특별회계"," ","문화및관광","문화예술","아시아문화중심도시조성","문화중심도시조성","문화중심도시육성(지자체)","광주비엔날레전시관 건립","5481000","0","331605","0.0","0"
"2026","자치단체이전","자치단체자본보조","문화체육관광부","아시아문화중심도시조성특별회계"," ","문화및관광","문화예술","아시아문화중심도시조성","문화중심도시조성","문화중심도시육성(지자체)","아시아 문화기술 실증센터 운영기반 구축","300000","0","0","0.0","0"
"2026","자치단체이전","자치단체자본보조","문화체육관광부","아시아문화중심도시조성특별회계"," ","문화및관광","문화예술","아시아문화중심도시조성","문화중심도시조성","문화중심도시육성(지자체)","어린이 아트앤 사이언스 파크","200000","100000","466200","50.0","466.2"
"2026","자치단체이전","자치단체자본보조","문화체육관광부","아시아문화중심도시조성특별회계"," ","문화및관광","문화예술","아시아문화중심도시조성","문화중심도시조성","문화중심도시육성(지자체)","어린이 아트앤 사이언스 파크","0","0","0","0","0"
"2026","자치단체이전","자치단체자본보조","문화체육관광부","아시아문화중심도시조성특별회계"," ","문화및관광","문화예술","아시아문화중심도시조성","문화중심도시조성","문화중심도시육성(지자체)","ACC연계 양림권역 근대역사문화 거점벨트 조성","300000","0","304382","0.0","0"
"2026","자치단체이전","자치단체자본보조","문화체육관광부","아시아문화중심도시조성특별회계"," ","문화및관광","문화예술","아시아문화중심도시조성","문화중심도시조성","문화중심도시육성(지자체)","AI기반 창의문화복합공간 조성","700000","700000","337024","100.0","48.1"
"2026","자치단체이전","자치단체자본보조","문화체육관광부","아시아문화중심도시조성특별회계"," ","문화및관광","문화예술","아시아문화중심도시조성","문화중심도시조성","문화중심도시육성(지자체)","아시아 캐릭터 테마파크 조성","4500000","0","0","0.0","0"
"2026","자치단체이전","자치단체자본보조","문화체육관광부","아시아문화중심도시조성특별회계"," ","문화및관광","문화예술","아시아문화중심도시조성","문화중심도시조성","문화중심도시육성(지자체)","첨단실감 문화콘텐츠 테마파크 조성","500000","0","0","0.0","0"
"2026","자치단체이전","자치단체자본보조","문화체육관광부","아시아문화중심도시조성특별회계"," ","문화및관광","문화예술","아시아문화중심도시조성","문화중심도시조성","문화중심도시육성(지자체)","광주 인문학 산책길 조성","0","0","0","0","0"
"2026","자치단체이전","자치단체자본보조","문화체육관광부","아시아문화중심도시조성특별회계"," ","문화및관광","문화예술","아시아문화중심도시조성","문화중심도시조성","문화중심도시육성(지자체)","문화융합 디자인으로 매력있는 도시환경 조성","0","0","0","0","0"
"2026","자치단체이전","자치단체자본보조","문화체육관광부","일반회계"," ","문화및관광","문화예술","종교문화지원","종교문화활동 및 보존지원","전통종교문화유산보존","전통사찰 보수정비","20160000","20147501","7285137","99.9","36.2"
"2026","자치단체이전","자치단체자본보조","문화체육관광부","일반회계"," ","문화및관광","문화예술","종교문화지원","종교문화활동 및 보존지원","전통종교문화유산보존","전통사찰 방재시스템 구축","2333000","2332125","1358189","100.0","58.2"
"2026","자치단체이전","자치단체자본보조","문화체육관광부","일반회계"," ","문화및관광","문화예술","종교문화지원","종교문화활동 및 보존지원","종교문화시설건립","구미 기독교역사문화관 건립","900000","0","0","0.0","0"
"2026","자치단체이전","자치단체자본보조","문화체육관광부","일반회계"," ","문화및관광","문화예술","종교문화지원","종교문화활동 및 보존지원","종교문화시설건립","고산서당 전통문화교육관 건립","1280000","896000","94628","70.0","10.6"
"2026","자치단체이전","자치단체자본보조","문화체육관광부","일반회계"," ","문화및관광","문화예술","종교문화지원","종교문화활동 및 보존지원","종교문화시설건립","목포권 기독교 근대역사관 건립","546000","382200","214028","70.0","56.0"
"2026","자치단체이전","자치단체자본보조","문화체육관광부","일반회계"," ","문화및관광","문화예술","종교문화지원","종교문화활동 및 보존지원","종교문화시설건립","소록도 기독교 100주년 기념관 건립","0","0","0","0","0"
"2026","자치단체이전","자치단체자본보조","문화체육관광부","일반회계"," ","문화및관광","문화예술","종교문화지원","종교문화활동 및 보존지원","종교문화시설건립","나바위성당 성지문화 체험관 건립","1140000","600000","674","52.6","0.1"
"2026","자치단체이전","자치단체자본보조","문화체육관광부","일반회계"," ","문화및관광","문화예술","종교문화지원","종교문화활동 및 보존지원","종교문화시설건립","용인 전통복합문화체험관 건립","425000","425000","11083","100.0","2.6"
"2026","자치단체이전","자치단체자본보조","문화체육관광부","일반회계"," ","문화및관광","문화예술","종교문화지원","종교문화활동 및 보존지원","종교문화시설건립","해월 최시형 선생 생가 역사문화자원화","0","0","0","0","0"
"2026","자치단체이전","자치단체자본보조","문화체육관광부","일반회계"," ","문화및관광","문화예술","종교문화지원","종교문화활동 및 보존지원","종교문화시설건립","해미국제성지 순례방문자센터 건립","0","0","528485","0","0"
"2026","자치단체이전","자치단체자본보조","문화체육관광부","일반회계"," ","문화및관광","문화예술","종교문화지원","종교문화활동 및 보존지원","종교문화시설건립","창원 가야 불교문화교육관 건립","90000","0","0","0.0","0"
"2026","자치단체이전","자치단체자본보조","문화체육관광부","일반회계"," ","문화및관광","문화예술","종교문화지원","종교문화활동 및 보존지원","종교문화시설건립","구례 사성암 불교문화체험관 건립","0","0","0","0","0"
"2026","자치단체이전","자치단체자본보조","문화체육관광부","일반회계"," ","문화및관광","문화예술","종교문화지원","종교문화활동 및 보존지원","종교문화시설건립","경기 양평 기독교문화 체험관","700000","0","0","0.0","0"
"2026","자치단체이전","자치단체자본보조","문화체육관광부","일반회계"," ","문화및관광","문화예술","종교문화지원","종교문화활동 및 보존지원","종교문화시설건립","경북 포항 보경사 전통문화체험관 건립","1026000","718200","606000","70.0","84.4"
"2026","자치단체이전","자치단체자본보조","문화체육관광부","일반회계"," ","문화및관광","문화예술","종교문화지원","종교문화활동 및 보존지원","종교문화시설건립","경북 구미 도리사 시민치유선센터 건립","600000","420000","421002","70.0","100.2"
"2026","자치단체이전","자치단체자본보조","문화체육관광부","일반회계"," ","문화및관광","문화예술","종교문화지원","종교문화활동 및 보존지원","종교문화시설건립","울산 석남사 명상센터 건립","507000","507000","507000","100.0","100.0"
"2026","자치단체이전","자치단체자본보조","문화체육관광부","일반회계"," ","문화및관광","문화예술","종교문화지원","종교문화활동 및 보존지원","종교문화시설건립","제주 관음사 불교역사문화교육관 건립","0","0","0","0","0"
"2026","자치단체이전","자치단체자본보조","문화체육관광부","일반회계"," ","문화및관광","문화예술","종교문화지원","종교문화활동 및 보존지원","종교문화시설건립","전남 담양 명상센터 건립","3900000","0","0","0.0","0"
"2026","자치단체이전","자치단체자본보조","문화체육관광부","일반회계"," ","문화및관광","문화예술","종교문화지원","종교문화활동 및 보존지원","종교문화시설건립","평창 월정세계청소년명상센터 건립","2610000","2610000","1370337","100.0","52.5"
"2026","자치단체이전","자치단체자본보조","문화체육관광부","일반회계"," ","문화및관광","문화예술","종교문화지원","종교문화활동 및 보존지원","종교문화시설건립","전북 군산 은적사 전통문화체험관 건립","0","0","0","0","0"
"2026","자치단체이전","자치단체자본보조","문화체육관광부","일반회계"," ","문화및관광","문화예술","종교문화지원","종교문화활동 및 보존지원","종교문화시설건립","청주 능인정사 MZ불교문화센터 건립","213000","149100","0","70.0","0.0"
"2026","자치단체이전","자치단체자본보조","문화체육관광부","일반회계"," ","문화및관광","문화예술","종교문화지원","종교문화활동 및 보존지원","종교문화시설건립","청도 용천사 종교문화체험관 건립","117000","81900","0","70.0","0.0"
"2026","자치단체이전","자치단체자본보조","문화체육관광부","일반회계"," ","문화및관광","문화예술","종교문화지원","종교문화활동 및 보존지원","종교문화시설건립","남양주 봉선사 명상 체험센터 건립","2658000","2658000","1271567","100.0","47.8"
"2026","자치단체이전","자치단체자본보조","문화체육관광부","일반회계"," ","문화및관광","문화예술","종교문화지원","종교문화활동 및 보존지원","종교문화시설건립","창원 정법사 불교문화체험관 건립","0","0","330450","0","0"
"2026","자치단체이전","자치단체자본보조","문화체육관광부","일반회계"," ","문화및관광","문화예술","종교문화지원","종교문화활동 및 보존지원","종교문화시설건립","원주 구룡사 명상센터 건립","1855000","1298500","0","70.0","0.0"
"2026","자치단체이전","자치단체자본보조","문화체육관광부","일반회계"," ","문화및관광","문화예술","종교문화지원","종교문화활동 및 보존지원","종교문화시설건립","영광 불갑사 전통역사문화체험관 건립","0","0","225660","0","0"
"2026","자치단체이전","자치단체자본보조","문화체육관광부","일반회계"," ","문화및관광","문화예술","종교문화지원","종교문화활동 및 보존지원","종교문화시설건립","제주 법화사 전통문화체험관 건립","0","0","390000","0","0"
"2026","자치단체이전","자치단체자본보조","문화체육관광부","일반회계"," ","문화및관광","문화예술","종교문화지원","종교문화활동 및 보존지원","종교문화시설건립","서울 정릉동 봉국사 문화체함관 건립","600000","600000","279400","100.0","46.6"
"2026","자치단체이전","자치단체자본보조","문화체육관광부","일반회계"," ","문화및관광","문화예술","종교문화지원","종교문화활동 및 보존지원","종교문화시설건립","대구 달서구 임휴사 개방형 명상센터 건립","0","0","355280","0","0"
"2026","자치단체이전","자치단체자본보조","문화체육관광부","일반회계"," ","문화및관광","문화예술","종교문화지원","종교문화활동 및 보존지원","종교문화시설건립","의정부 성불사 전통문화교육관 건립","840000","420000","336000","50.0","80.0"
"2026","자치단체이전","자치단체자본보조","문화체육관광부","일반회계"," ","문화및관광","문화예술","종교문화지원","종교문화활동 및 보존지원","종교문화시설건립","속초 신흥사 설악명상문화센터 건립","3244000","2270800","281785","70.0","12.4"
"2026","자치단체이전","자치단체자본보조","문화체육관광부","일반회계"," ","문화및관광","문화예술","종교문화지원","종교문화활동 및 보존지원","종교문화시설건립","전주 간재선비문화 수련원 조성","200000","0","0","0.0","0"
"2026","자치단체이전","자치단체자본보조","문화체육관광부","일반회계"," ","문화및관광","문화예술","종교문화지원","종교문화활동 및 보존지원","종교문화시설건립","예산 여사울성지 복합문화센터 건립","0","0","110219","0","0"
"2026","자치단체이전","자치단체자본보조","문화체육관광부","일반회계"," ","문화및관광","문화예술","종교문화지원","종교문화활동 및 보존지원","종교문화시설건립","서대문구 옥천암 전통문화교육체험관","825000","0","0","0.0","0"
"2026","자치단체이전","자치단체자본보조","문화체육관광부","일반회계"," ","문화및관광","문화예술","종교문화지원","종교문화활동 및 보존지원","종교문화시설건립","경북 칠곡군 성베네딕도회 왜관수도원 역사관 건립","200000","0","0","0.0","0"
"2026","자치단체이전","자치단체자본보조","문화체육관광부","일반회계"," ","문화및관광","문화예술","종교문화지원","종교문화활동 및 보존지원","종교문화시설건립","충북 청주 서운동 순교역사체험관 건립","200000","140000","0","70.0","0.0"
"2026","자치단체이전","자치단체자본보조","문화체육관광부","일반회계"," ","문화및관광","문화예술","종교문화지원","종교문화활동 및 보존지원","종교문화시설건립","포항 죽림사 선명상센터 건립","330000","231000","0","70.0","0.0"
"2026","자치단체이전","자치단체자본보조","문화체육관광부","일반회계"," ","문화및관광","문화예술","종교문화지원","종교문화활동 및 보존지원","종교문화시설건립","해미문화교류센터","622000","622000","16574","100.0","2.7"
"2026","자치단체이전","자치단체자본보조","문화체육관광부","일반회계"," ","문화및관광","문화예술","종교문화지원","종교문화활동 및 보존지원","종교문화시설건립","나주 기독교 역사문화관","600000","420000","0","70.0","0.0"
"2026","자치단체이전","자치단체자본보조","문화체육관광부","일반회계"," ","문화및관광","문화예술","종교문화지원","종교문화활동 및 보존지원","종교문화시설건립","익산 원불교 문화체험관 건립","200000","0","0","0.0","0"
"2026","자치단체이전","자치단체자본보조","문화체육관광부","일반회계"," ","문화및관광","문화예술","종교문화지원","종교문화활동 및 보존지원","종교문화시설건립","부산 범어사 사찰음식체험관","1500000","1050000","50700","70.0","4.8"
"2026","자치단체이전","자치단체자본보조","문화체육관광부","일반회계"," ","문화및관광","문화예술","종교문화지원","종교문화활동 및 보존지원","종교문화시설건립","은평 진관사 국제 명상체험관 건립","1456000","1019200","3298","70.0","0.3"
"2026","자치단체이전","자치단체자본보조","문화체육관광부","일반회계"," ","문화및관광","문화예술","종교문화지원","종교문화활동 및 보존지원","종교문화시설건립","부산 혜원복합 선문화체험센터 조성","1100000","770000","0","70.0","0.0"
"2026","자치단체이전","자치단체자본보조","문화체육관광부","일반회계"," ","문화및관광","문화예술","종교문화지원","종교문화활동 및 보존지원","종교문화시설건립"," 합천 해인사 극락암 선문화체험관 건립","200000","140000","0","70.0","0.0"
"2026","자치단체이전","자치단체자본보조","문화체육관광부","일반회계"," ","문화및관광","문화예술","종교문화지원","종교문화활동 및 보존지원","종교문화시설건립"," 당진 영랑사 선명상체험센터 건립","200000","200000","0","100.0","0.0"
"2026","자치단체이전","자치단체자본보조","문화체육관광부","일반회계"," ","문화및관광","문화예술","종교문화지원","종교문화활동 및 보존지원","종교문화시설건립","부산 마하사 불교문화체험관 건립","200000","140000","0","70.0","0.0"
"2026","자치단체이전","자치단체자본보조","문화체육관광부","일반회계"," ","문화및관광","문화예술","종교문화지원","종교문화활동 및 보존지원","종교문화시설건립","구례 구층암 전통문화 체험관 건립","200000","0","0","0.0","0"
"2026","자치단체이전","자치단체자본보조","문화체육관광부","일반회계"," ","문화및관광","문화예술","종교문화지원","종교문화활동 및 보존지원","종교문화시설건립","동작 사자암 불교 전통문화체험관 건립","200000","200000","42500","100.0","21.3"
"2026","자치단체이전","자치단체자본보조","문화체육관광부","일반회계"," ","문화및관광","문화예술","종교문화지원","종교문화활동 및 보존지원","종교문화시설건립","강북 도선사 전통문화체험관 건립","200000","0","0","0.0","0"
"2026","자치단체이전","자치단체자본보조","문화체육관광부","일반회계"," ","문화및관광","문화예술","종교문화지원","종교문화활동 및 보존지원","종교문화시설건립","노원 학도암 명상문화체험관 건립","200000","140000","0","70.0","0.0"
"2026","자치단체이전","자치단체자본보조","문화체육관광부","일반회계"," ","문화및관광","문화예술","종교문화지원","종교문화활동 및 보존지원","재해복구비(종교)","재해복구비(종교)","8462000","8461900","2351082","100.0","27.8"
"2026","자치단체이전","자치단체자본보조","문화체육관광부","일반회계"," ","문화및관광","문화예술","종교문화지원","종교문화활동 및 보존지원","재해복구비(종교)","재해복구비(종교)_수해피해","0","0","1070159","0","0"
"2026","자치단체이전","자치단체자본보조","문화체육관광부","일반회계"," ","문화및관광","문화예술","콘텐츠산업 육성","문화콘텐츠산업 육성","영상콘텐츠산업 육성","전주 독립영화의 집 건립","13211000","6500000","6024425","49.2","92.7"
"2026","자치단체이전","자치단체자본보조","문화체육관광부","일반회계"," ","문화및관광","문화예술","콘텐츠산업 육성","문화콘텐츠산업 육성","영상콘텐츠산업 육성","K-Film 제작기반 및 영상산업 허브 구축","5229000","0","349864","0.0","0"
"2026","자치단체이전","자치단체자본보조","문화체육관광부","일반회계"," ","문화및관광","문화예술","콘텐츠산업 육성","문화콘텐츠산업 육성","영상콘텐츠산업 육성","애니메이션 클러스터 조성(순천)","0","0","2927363","0","0"
"2026","자치단체이전","자치단체자본보조","문화체육관광부","일반회계"," ","문화및관광","문화예술","콘텐츠산업 육성","문화콘텐츠산업 육성","영상콘텐츠산업 육성","만화산업 육성(대구 글로벌 웹툰센터 조성)","2800000","1800000","27383","64.3","1.5"
"2026","자치단체이전","자치단체자본보조","문화체육관광부","일반회계"," ","문화및관광","문화예술","콘텐츠산업 육성","문화콘텐츠산업 육성","영상콘텐츠산업 육성","AI 기반 VFX 후반제작시설 구축","1000000","0","0","0.0","0"
"2026","자치단체이전","자치단체자본보조","문화체육관광부","일반회계"," ","문화및관광","문화예술","콘텐츠산업 육성","문화콘텐츠산업 육성","영상콘텐츠산업 육성","만화산업 육성(웹툰IP 첨단클러스터 조성)","600000","0","0","0.0","0"
"2026","자치단체이전","자치단체자본보조","문화체육관광부","일반회계"," ","문화및관광","문화예술","콘텐츠산업 육성","문화콘텐츠산업 육성","신기술융합콘텐츠산업 육성","융복합 특수영상 콘텐츠 클러스터 구축사업","7800000","3500000","3034146","44.9","86.7"
"2026","자치단체이전","자치단체자본보조","문화체육관광부","일반회계"," ","문화및관광","문화예술","콘텐츠산업 육성","문화콘텐츠산업 육성","신기술융합콘텐츠산업 육성","K-락 디지털 스페이스 조성","3500000","2800000","0","80.0","0.0"
"2026","자치단체이전","자치단체자본보조","문화체육관광부","일반회계"," ","문화및관광","문화예술","창의적문화정책구현","전통문화 진흥","동학농민혁명 정신선양","고창 동학농민혁명 성지화","1000000","0","0","0.0","0"
"2026","자치단체이전","자치단체자본보조","문화체육관광부","일반회계"," ","문화및관광","문화예술","창의적문화정책구현","전통문화 진흥","동학농민혁명 정신선양","부안 백산성지 조성 및 세계시민혁명의 전당 건립","2860000","2100000","64440","73.4","3.1"
"2026","자치단체이전","자치단체자본보조","문화체육관광부","일반회계"," ","문화및관광","문화예술","창의적문화정책구현","전통문화 진흥","전통문화 창업 및 융합 활성화","한국문화원형 콘텐츠 체험 전시관 건립","0","0","0","0","0"
"2026","자치단체이전","자치단체자본보조","문화체육관광부","일반회계"," ","문화및관광","문화예술","창의적문화정책구현","전통문화 진흥","전통문화 창업 및 융합 활성화","K-헤리티지 밸리 조성","100000","0","0","0.0","0"
"2026","자치단체이전","자치단체자본보조","문화체육관광부","일반회계"," ","문화및관광","문화예술","창의적문화정책구현","전통문화 진흥","전통문화 창업 및 융합 활성화","한국 문화원형 콘텐츠 체험 전시관 건립","8850000","0","1704145","0.0","0"
"2026","자치단체이전","자치단체자본보조","문화체육관광부","일반회계"," ","문화및관광","문화예술","예술의 진흥 및 생활화, 산업화","공연 및 전통예술 진흥기반 구축","공연예술 진흥기반 조성","연극교육체험관 조성 지원","0","0","400000","0","0"
"2026","자치단체이전","자치단체자본보조","문화체육관광부","일반회계"," ","문화및관광","문화예술","예술의 진흥 및 생활화, 산업화","공연 및 전통예술 진흥기반 구축","공연예술 진흥기반 조성","공연장 방화막 신설 및 개보수 지원","0","0","240636","0","0"
"2026","자치단체이전","자치단체자본보조","문화체육관광부","일반회계"," ","문화및관광","문화예술","예술의 진흥 및 생활화, 산업화","공연 및 전통예술 진흥기반 구축","문화예술 인프라 구축","양주 아트센터 건립","0","0","0","0","0"
"2026","자치단체이전","자치단체자본보조","문화체육관광부","일반회계"," ","문화및관광","문화예술","예술의 진흥 및 생활화, 산업화","공연 및 전통예술 진흥기반 구축","문화예술 인프라 구축","더아트강원 콤플렉스 건립","0","0","0","0","0"
"2026","자치단체이전","자치단체자본보조","문화체육관광부","일반회계"," ","문화및관광","문화예술","예술의 진흥 및 생활화, 산업화","시각예술 진흥기반 구축","미술진흥기반구축","문화창작 공간조성","14705000","8160360","1319263","55.5","16.2"
"2026","자치단체이전","자치단체자본보조","문화체육관광부","일반회계"," ","문화및관광","문화예술","지역문화 진흥 및 문화기반 조성","도서관정보·정책 체계 활성화","도서관 정책개발 및 서비스환경개선","작은도서관 육성 시범지구 조성 지원","300000","300000","162907","100.0","54.3"
"2026","자치단체이전","자치단체자본보조","문화체육관광부","일반회계"," ","문화및관광","관광","관광진흥기반확충","관광정책개발지원","재해복구비(관광)","2025년 관광시설 재해복구(3.21.~3.30. 산불)","0","0","17701","0","0"
"2026","자치단체이전","자치단체자본보조","문화체육관광부","일반회계"," ","문화및관광","관광","관광진흥기반확충","관광정책개발지원","재해복구비(관광)","2025년 관광시설 재해복구(3.21.~3.30. 산불)","0","0","0","0","0"
"2026","자치단체이전","자치단체자본보조","문화체육관광부","일반회계"," ","문화및관광","관광","관광진흥기반확충","관광정책개발지원","재해복구비(관광)","2025년 관광시설 재해복구(7.16.~7.20. 호우) - 산청 ","0","0","0","0","0"
"2026","자치단체이전","자치단체자본보조","문화체육관광부","일반회계"," ","문화및관광","관광","관광진흥기반확충","관광정책개발지원","재해복구비(관광)","왜목마을 오토캠핑장(당진) 재해복구비(관광)","0","0","0","0","0"
"2026","자치단체이전","자치단체자본보조","문화체육관광부","일반회계"," ","문화및관광","관광","관광진흥기반확충","관광정책개발지원","재해복구비(관광)","2025년 관광시설 재해복구(7.16.~7.20. 호우) - 합천","0","0","0","0","0"
"2026","자치단체이전","자치단체자본보조","문화체육관광부","일반회계"," ","문화및관광","관광","관광진흥기반확충","관광정책개발지원","재해복구비(관광)","의령 벽계관광지 재해복구(7.16.~7.20. 호우 피해)","0","0","22456","0","0"
"2026","자치단체이전","자치단체자본보조","문화체육관광부","일반회계"," ","문화및관광","관광","관광진흥기반확충","관광정책개발지원","재해복구비(관광)","합천 황계폭포 재해복구(7.16.~7.20. 호우 피해)","0","0","0","0","0"
"2026","자치단체이전","자치단체자본보조","문화체육관광부","일반회계"," ","문화및관광","관광","관광진흥기반확충","관광정책개발지원","재해복구비(관광)","담양 메타세쿼이아랜드 재해복구(7.16.~7.20. 호우)","0","0","0","0","0"
"2026","자치단체이전","자치단체자본보조","문화체육관광부","일반회계"," ","문화및관광","체육","생활체육육성","생활체육활성화","재해복구비(체육)","재해복구비(체육)","0","0","0","0","0"
"2026","자치단체이전","자치단체자본보조","문화체육관광부","지역균형발전특별회계","세종특별자치시계정","문화및관광","관광","관광산업 활성화","관광산업 활성화 지원","야영장 안전 및 활성화지원(세종)","야영장 안전·위생시설 개보수 지원","42000","32000","31671","76.2","99.0"
"2026","자치단체이전","자치단체자본보조","문화체육관광부","지역균형발전특별회계","제주특별자치도계정","문화및관광","문화예술","콘텐츠산업 육성","문화콘텐츠산업 진흥 환경 조성","지역콘텐츠산업 균형발전 지원(제주)","콘텐츠 창작창업 지역확산","4660000","2075000","7557","44.5","0.4"
"2026","자치단체이전","자치단체자본보조","문화체육관광부","지역균형발전특별회계","제주특별자치도계정","문화및관광","문화예술","예술의 진흥 및 생활화, 산업화","공연 및 전통예술 진흥기반 구축","지역 공연예술 인프라 조성(제주)","공연장 방화막 설치지원(제주)","315000","315000","313941","100.0","99.7"
"2026","자치단체이전","자치단체자본보조","문화체육관광부","지역균형발전특별회계","제주특별자치도계정","문화및관광","문화예술","지역문화 진흥 및 문화기반 조성","시각예술 진흥기반 구축(제주)","폐산업시설 등 유휴공간 문화재생사업(제주)","폐산업시설 유휴공간 등 문화재생사업(제주_자본)","0","0","0","0","0"
"2026","자치단체이전","자치단체자본보조","문화체육관광부","지역균형발전특별회계","제주특별자치도계정","문화및관광","관광","국내관광활성화","관광인프라 조성","생태녹색관광활성화(제주)","노후관광시설 재생","800000","800000","681246","100.0","85.2"
"2026","자치단체이전","자치단체자본보조","문화체육관광부","지역균형발전특별회계","제주특별자치도계정","문화및관광","관광","관광산업 활성화","관광산업 활성화 지원","야영장 안전 및 활성화지원(제주)","야영장 안전·위생시설 개보수 지원","32000","20000","10000","62.5","50.0"
"2026","자치단체이전","자치단체자본보조","문화체육관광부","지역균형발전특별회계","제주특별자치도계정","문화및관광","관광","관광산업 활성화","관광산업 활성화 지원","야영장 안전 및 활성화지원(제주)","야영장 화재안전성 확보","12000","6000","6000","50.0","100.0"
"2026","자치단체이전","자치단체자본보조","문화체육관광부","지역균형발전특별회계","지역자율계정","문화및관광","문화예술","콘텐츠산업 육성","문화콘텐츠산업 진흥 환경 조성","지역콘텐츠산업 균형발전 지원(자율)","지역 콘텐츠산업 클러스터 조성","6599000","4350000","9900","65.9","0.2"
"2026","자치단체이전","자치단체자본보조","문화체육관광부","지역균형발전특별회계","지역자율계정","문화및관광","문화예술","예술의 진흥 및 생활화, 산업화","공연 및 전통예술 진흥기반 구축","지역 공연예술 인프라 조성(자율)","공연장 방화막 설치 지원","2215000","2215000","1685249","100.0","76.1"
"2026","자치단체이전","자치단체자본보조","문화체육관광부","지역균형발전특별회계","지역자율계정","문화및관광","문화예술","예술의 진흥 및 생활화, 산업화","공연 및 전통예술 진흥기반 구축","지역 공연예술 인프라 조성(자율)","연극교육체험관 조성 지원","2700000","1960000","43761","72.6","2.2"
"2026","자치단체이전","자치단체자본보조","문화체육관광부","지역균형발전특별회계","지역자율계정","문화및관광","문화예술","지역문화 진흥 및 문화기반 조성","시각예술 진흥기반 구축(지역자율)","폐산업시설 등 유휴공간 문화재생사업(지역자율)","폐산업시설 등 유휴공간 문화재생(지역자율_자본)","13605000","9763000","2029211","71.8","20.8"
"2026","자치단체이전","자치단체자본보조","문화체육관광부","지역균형발전특별회계","지역자율계정","문화및관광","관광","관광진흥기반확충","광역관광자원개발","광역권 관광개발(자율)","[서부내륙](예산)덕산온천휴양마을","3913000","2500000","849808","63.9","34.0"
"2026","자치단체이전","자치단체자본보조","문화체육관광부","지역균형발전특별회계","지역자율계정","문화및관광","관광","관광진흥기반확충","광역관광자원개발","광역권 관광개발(자율)","[서부내륙](전주)음식관광창조타운","8000000","0","1815","0.0","0"
"2026","자치단체이전","자치단체자본보조","문화체육관광부","지역균형발전특별회계","지역자율계정","문화및관광","관광","관광진흥기반확충","광역관광자원개발","광역권 관광개발(자율)","[충청유교]효문화뿌리마을(대전) 조성","3395000","2000000","0","58.9","0.0"
"2026","자치단체이전","자치단체자본보조","문화체육관광부","지역균형발전특별회계","지역자율계정","문화및관광","관광","관광진흥기반확충","광역관광자원개발","광역권 관광개발(자율)","[충청유교]사주당 태교랜드(청주)","1500000","1500000","762173","100.0","50.8"
"2026","자치단체이전","자치단체자본보조","문화체육관광부","지역균형발전특별회계","지역자율계정","문화및관광","관광","관광진흥기반확충","광역관광자원개발","광역권 관광개발(자율)","[남부권]아미산낙조관광경관명소화(부산 사하)","810000","590000","0","72.8","0.0"
"2026","자치단체이전","자치단체자본보조","문화체육관광부","지역균형발전특별회계","지역자율계정","문화및관광","관광","관광진흥기반확충","광역관광자원개발","광역권 관광개발(자율)","[충청유교]초평 책마을(진천)","2164000","2164000","1056670","100.0","48.8"
"2026","자치단체이전","자치단체자본보조","문화체육관광부","지역균형발전특별회계","지역자율계정","문화및관광","관광","관광진흥기반확충","광역관광자원개발","광역권 관광개발(자율)","[충청유교]자린고비 청빈마을(음성)","2902000","2902000","1031305","100.0","35.5"
"2026","자치단체이전","자치단체자본보조","문화체육관광부","지역균형발전특별회계","지역자율계정","문화및관광","관광","관광진흥기반확충","광역관광자원개발","광역권 관광개발(자율)","[충청유교]옥야동천 유토피아(옥천)","500000","0","0","0.0","0"
"2026","자치단체이전","자치단체자본보조","문화체육관광부","지역균형발전특별회계","지역자율계정","문화및관광","관광","관광진흥기반확충","광역관광자원개발","광역권 관광개발(자율)","[충청유교] 의병창의마을(제천)","495000","0","145192","0.0","0"
"2026","자치단체이전","자치단체자본보조","문화체육관광부","지역균형발전특별회계","지역자율계정","문화및관광","관광","관광진흥기반확충","광역관광자원개발","광역권 관광개발(자율)","[충청유교]문화산수구곡관광길(단양)","565000","0","0","0.0","0"
"2026","자치단체이전","자치단체자본보조","문화체육관광부","지역균형발전특별회계","지역자율계정","문화및관광","관광","관광진흥기반확충","광역관광자원개발","광역권 관광개발(자율)","[충청유교]토정비결 체험관(보령)","2000000","1000000","2173128","50.0","217.3"
"2026","자치단체이전","자치단체자본보조","문화체육관광부","지역균형발전특별회계","지역자율계정","문화및관광","관광","관광진흥기반확충","광역관광자원개발","광역권 관광개발(자율)","[충청유교]외암마을 인문학서당(아산)","500000","200000","0","40.0","0.0"
"2026","자치단체이전","자치단체자본보조","문화체육관광부","지역균형발전특별회계","지역자율계정","문화및관광","관광","관광진흥기반확충","광역관광자원개발","광역권 관광개발(자율)","[충청유교]밤하늘산책원(서산)","1140000","500000","11517","43.9","2.3"
"2026","자치단체이전","자치단체자본보조","문화체육관광부","지역균형발전특별회계","지역자율계정","문화및관광","관광","관광진흥기반확충","광역관광자원개발","광역권 관광개발(자율)","[충청유교]사계문화체험관(계룡)","250000","100000","0","40.0","0.0"
"2026","자치단체이전","자치단체자본보조","문화체육관광부","지역균형발전특별회계","지역자율계정","문화및관광","관광","관광진흥기반확충","광역관광자원개발","광역권 관광개발(자율)","[충청유교]여민동락역사누리(당진)","1000000","500000","95900","50.0","19.2"
"2026","자치단체이전","자치단체자본보조","문화체육관광부","지역균형발전특별회계","지역자율계정","문화및관광","관광","관광진흥기반확충","광역관광자원개발","광역권 관광개발(자율)","[충청유교]한의약령마을(금산)","512000","0","0","0.0","0"
"2026","자치단체이전","자치단체자본보조","문화체육관광부","지역균형발전특별회계","지역자율계정","문화및관광","관광","관광진흥기반확충","광역관광자원개발","광역권 관광개발(자율)","[충청유교]금강누정선유길(부여)","1500000","0","0","0.0","0"
"2026","자치단체이전","자치단체자본보조","문화체육관광부","지역균형발전특별회계","지역자율계정","문화및관광","관광","관광진흥기반확충","광역관광자원개발","광역권 관광개발(자율)","[충청유교]사신들의 바다순례길(태안)","500000","200000","59233","40.0","29.6"
"2026","자치단체이전","자치단체자본보조","문화체육관광부","지역균형발전특별회계","지역자율계정","문화및관광","관광","관광진흥기반확충","광역관광자원개발","광역권 관광개발(자율)","[남부권]낙동선셋화명에코파크조성(부산 북구)","1661000","1011000","193048","60.9","19.1"
"2026","자치단체이전","자치단체자본보조","문화체육관광부","지역균형발전특별회계","지역자율계정","문화및관광","관광","관광진흥기반확충","광역관광자원개발","광역권 관광개발(자율)","[남부권]예술접목야행관광공간조성(광주 동구)","3218000","2000000","537352","62.2","26.9"
"2026","자치단체이전","자치단체자본보조","문화체육관광부","지역균형발전특별회계","지역자율계정","문화및관광","관광","관광진흥기반확충","광역관광자원개발","광역권 관광개발(자율)","[남부권]빛고을수상공연장조성(광주 남구)","1000000","0","0","0.0","0"
"2026","자치단체이전","자치단체자본보조","문화체육관광부","지역균형발전특별회계","지역자율계정","문화및관광","관광","관광진흥기반확충","광역관광자원개발","광역권 관광개발(자율)","[남부권]장생포고래마을관광경관명소화(울산 남구)","2188000","2119000","2340222","96.8","110.4"
"2026","자치단체이전","자치단체자본보조","문화체육관광부","지역균형발전특별회계","지역자율계정","문화및관광","관광","관광진흥기반확충","광역관광자원개발","광역권 관광개발(자율)","[남부권]울주산악관광베이스캠프조성(울산 울주)","2400000","2400000","93583","100.0","3.9"
"2026","자치단체이전","자치단체자본보조","문화체육관광부","지역균형발전특별회계","지역자율계정","문화및관광","관광","관광진흥기반확충","광역관광자원개발","광역권 관광개발(자율)","[남부권]강동해변도심문화놀이터명소화(울산 본청)","1300000","1300000","1336248","100.0","102.8"
"2026","자치단체이전","자치단체자본보조","문화체육관광부","지역균형발전특별회계","지역자율계정","문화및관광","관광","관광진흥기반확충","광역관광자원개발","광역권 관광개발(자율)","[남부권]일산해변풍류놀이터명소화(울산 동구)","770000","385000","1752440","50.0","455.2"
"2026","자치단체이전","자치단체자본보조","문화체육관광부","지역균형발전특별회계","지역자율계정","문화및관광","관광","관광진흥기반확충","광역관광자원개발","광역권 관광개발(자율)","[남부권]추포도음식관광테마명소화(신안)","3038000","911000","65000","30.0","7.1"
"2026","자치단체이전","자치단체자본보조","문화체육관광부","지역균형발전특별회계","지역자율계정","문화및관광","관광","관광진흥기반확충","광역관광자원개발","광역권 관광개발(자율)","[남부권]아트케이션관광스테이확충(광양)","2340000","0","12057","0.0","0"
"2026","자치단체이전","자치단체자본보조","문화체육관광부","지역균형발전특별회계","지역자율계정","문화및관광","관광","관광진흥기반확충","광역관광자원개발","광역권 관광개발(자율)","[남부권]레저케이션관광스테이확충(곡성)","3056000","0","93996","0.0","0"
"2026","자치단체이전","자치단체자본보조","문화체육관광부","지역균형발전특별회계","지역자율계정","문화및관광","관광","관광진흥기반확충","광역관광자원개발","광역권 관광개발(자율)","[남부권]그린케이션관광스테이확충(구례)","2730000","0","0","0.0","0"
"2026","자치단체이전","자치단체자본보조","문화체육관광부","지역균형발전특별회계","지역자율계정","문화및관광","관광","관광진흥기반확충","광역관광자원개발","광역권 관광개발(자율)","[남부권]섬진강레인보우워크관광경관명소화(구례)","1950000","987000","34241","50.6","3.5"
"2026","자치단체이전","자치단체자본보조","문화체육관광부","지역균형발전특별회계","지역자율계정","문화및관광","관광","관광진흥기반확충","광역관광자원개발","광역권 관광개발(자율)","[남부권]인공생태형산림관광정원조성(곡성)","4920000","0","0","0.0","0"
"2026","자치단체이전","자치단체자본보조","문화체육관광부","지역균형발전특별회계","지역자율계정","문화및관광","관광","관광진흥기반확충","광역관광자원개발","광역권 관광개발(자율)","[남부권]뷰티스파웰니스관광거점화(여수)","3120000","0","0","0.0","0"
"2026","자치단체이전","자치단체자본보조","문화체육관광부","지역균형발전특별회계","지역자율계정","문화및관광","관광","관광진흥기반확충","광역관광자원개발","광역권 관광개발(자율)","[남부권]갯벌치유관광플랫폼조성(순천)","3744000","2000000","108951","53.4","5.4"
"2026","자치단체이전","자치단체자본보조","문화체육관광부","지역균형발전특별회계","지역자율계정","문화및관광","관광","관광진흥기반확충","광역관광자원개발","광역권 관광개발(자율)","[남부권]도리포관광경관명소화(무안)","1950000","585000","0","30.0","0.0"
"2026","자치단체이전","자치단체자본보조","문화체육관광부","지역균형발전특별회계","지역자율계정","문화및관광","관광","관광진흥기반확충","광역관광자원개발","광역권 관광개발(자율)","[남부권]해안도로관광경관명소화(완도)","1680000","0","0","0.0","0"
"2026","자치단체이전","자치단체자본보조","문화체육관광부","지역균형발전특별회계","지역자율계정","문화및관광","관광","관광진흥기반확충","광역관광자원개발","광역권 관광개발(자율)","[충청유교]문화산수 구곡관광길(보은)","400000","0","281100","0.0","0"
"2026","자치단체이전","자치단체자본보조","문화체육관광부","지역균형발전특별회계","지역자율계정","문화및관광","관광","관광진흥기반확충","광역관광자원개발","광역권 관광개발(자율)","[남부권]달(月)관광스테이확충(강진)","650000","195000","0","30.0","0.0"
"2026","자치단체이전","자치단체자본보조","문화체육관광부","지역균형발전특별회계","지역자율계정","문화및관광","관광","관광진흥기반확충","광역관광자원개발","광역권 관광개발(자율)","[남부권]가우도빛의숲관광갤러리조성(강진)","1680000","504000","0","30.0","0.0"
"2026","자치단체이전","자치단체자본보조","문화체육관광부","지역균형발전특별회계","지역자율계정","문화및관광","관광","관광진흥기반확충","광역관광자원개발","광역권 관광개발(자율)","[남부권]빛가람호수공연장조성(나주)","2852000","0","0","0.0","0"
"2026","자치단체이전","자치단체자본보조","문화체육관광부","지역균형발전특별회계","지역자율계정","문화및관광","관광","관광진흥기반확충","광역관광자원개발","광역권 관광개발(자율)","[남부권]영산강파노라마관광명소조성(나주)","3900000","1170000","1666448","30.0","142.4"
"2026","자치단체이전","자치단체자본보조","문화체육관광부","지역균형발전특별회계","지역자율계정","문화및관광","관광","관광진흥기반확충","광역관광자원개발","광역권 관광개발(자율)","[남부권]K-사찰음식관광명소화(장성)","429000","229000","0","53.4","0.0"
"2026","자치단체이전","자치단체자본보조","문화체육관광부","지역균형발전특별회계","지역자율계정","문화및관광","관광","관광진흥기반확충","광역관광자원개발","광역권 관광개발(자율)","[남부권]인문치유관광루트명소화(진도)","2253000","685000","0","30.4","0.0"
"2026","자치단체이전","자치단체자본보조","문화체육관광부","지역균형발전특별회계","지역자율계정","문화및관광","관광","관광진흥기반확충","광역관광자원개발","광역권 관광개발(자율)","[남부권]세방낙조아트문화관광명소조성(진도)","2755000","1754000","613810","63.7","35.0"
"2026","자치단체이전","자치단체자본보조","문화체육관광부","지역균형발전특별회계","지역자율계정","문화및관광","관광","관광진흥기반확충","광역관광자원개발","광역권 관광개발(자율)","[남부권]문학치유관광루트명소화(목포)","2184000","0","0","0.0","0"
"2026","자치단체이전","자치단체자본보조","문화체육관광부","지역균형발전특별회계","지역자율계정","문화및관광","관광","관광진흥기반확충","광역관광자원개발","광역권 관광개발(자율)","[남부권]문화접목야행관광공간조성(담양)","1409000","422000","374520","30.0","88.7"
"2026","자치단체이전","자치단체자본보조","문화체육관광부","지역균형발전특별회계","지역자율계정","문화및관광","관광","관광진흥기반확충","광역관광자원개발","광역권 관광개발(자율)","[남부권]공연접목야행관광공간조성(함평)","2418000","0","0","0.0","0"
"2026","자치단체이전","자치단체자본보조","문화체육관광부","지역균형발전특별회계","지역자율계정","문화및관광","관광","관광진흥기반확충","광역관광자원개발","광역권 관광개발(자율)","[남부권]화순적벽실감형관광명소조성(화순)","1950000","585000","1269","30.0","0.2"
"2026","자치단체이전","자치단체자본보조","문화체육관광부","지역균형발전특별회계","지역자율계정","문화및관광","관광","관광진흥기반확충","광역관광자원개발","광역권 관광개발(자율)","[남부권]정남진은하수로드관광명소조성(장흥)","2915000","0","0","0.0","0"
"2026","자치단체이전","자치단체자본보조","문화체육관광부","지역균형발전특별회계","지역자율계정","문화및관광","관광","관광진흥기반확충","광역관광자원개발","광역권 관광개발(자율)","[남부권]선셋가든관광경관명소화(고흥)","2977000","2000000","150156","67.2","7.5"
"2026","자치단체이전","자치단체자본보조","문화체육관광부","지역균형발전특별회계","지역자율계정","문화및관광","관광","관광진흥기반확충","광역관광자원개발","광역권 관광개발(자율)","[남부권]광양읍미디어아트관광명소화(광양)","1170000","0","103255","0.0","0"
"2026","자치단체이전","자치단체자본보조","문화체육관광부","지역균형발전특별회계","지역자율계정","문화및관광","관광","관광진흥기반확충","광역관광자원개발","광역권 관광개발(자율)","[남부권]목포구등대관광경관명소화(해남)","624000","0","6914","0.0","0"
"2026","자치단체이전","자치단체자본보조","문화체육관광부","지역균형발전특별회계","지역자율계정","문화및관광","관광","관광진흥기반확충","광역관광자원개발","광역권 관광개발(자율)","[남부권]종교순례테마관광명소화(영광)","2340000","0","0","0.0","0"
"2026","자치단체이전","자치단체자본보조","문화체육관광부","지역균형발전특별회계","지역자율계정","문화및관광","관광","관광진흥기반확충","광역관광자원개발","광역권 관광개발(자율)","[남부권]백수해안관광경관명소화(영광)","1000000","0","0","0.0","0"
"2026","자치단체이전","자치단체자본보조","문화체육관광부","지역균형발전특별회계","지역자율계정","문화및관광","관광","관광진흥기반확충","광역관광자원개발","광역권 관광개발(자율)","[남부권]담(潭)관광스테이확충(담양)","448000","134000","31337","29.9","23.4"
"2026","자치단체이전","자치단체자본보조","문화체육관광부","지역균형발전특별회계","지역자율계정","문화및관광","관광","관광진흥기반확충","광역관광자원개발","광역권 관광개발(자율)","[남부권]북케이션관광스테이확충(하동)","2262000","1262000","271188","55.8","21.5"
"2026","자치단체이전","자치단체자본보조","문화체육관광부","지역균형발전특별회계","지역자율계정","문화및관광","관광","관광진흥기반확충","광역관광자원개발","광역권 관광개발(자율)","[남부권]밤머리재전망대관광경관명소화(산청)","500000","500000","4213","100.0","0.8"
"2026","자치단체이전","자치단체자본보조","문화체육관광부","지역균형발전특별회계","지역자율계정","문화및관광","관광","관광진흥기반확충","광역관광자원개발","광역권 관광개발(자율)","[남부권]원도심관광골목명소화(진주)","3000000","0","0","0.0","0"
"2026","자치단체이전","자치단체자본보조","문화체육관광부","지역균형발전특별회계","지역자율계정","문화및관광","관광","관광진흥기반확충","광역관광자원개발","광역권 관광개발(자율)","[남부권]자란관광만구축(T-UAM)(고성)","350000","0","760835","0.0","0"
"2026","자치단체이전","자치단체자본보조","문화체육관광부","지역균형발전특별회계","지역자율계정","문화및관광","관광","관광진흥기반확충","광역관광자원개발","광역권 관광개발(자율)","[남부권]상족암디지털놀이터명소화(고성)","3188000","3188000","189977","100.0","6.0"
"2026","자치단체이전","자치단체자본보조","문화체육관광부","지역균형발전특별회계","지역자율계정","문화및관광","관광","관광진흥기반확충","광역관광자원개발","광역권 관광개발(자율)","[남부권]통영관광만구축(T-UAM)(통영)","4475000","0","0","0.0","0"
"2026","자치단체이전","자치단체자본보조","문화체육관광부","지역균형발전특별회계","지역자율계정","문화및관광","관광","관광진흥기반확충","광역관광자원개발","광역권 관광개발(자율)","[남부권]사량도관광기반구축(통영)","4000000","0","0","0.0","0"
"2026","자치단체이전","자치단체자본보조","문화체육관광부","지역균형발전특별회계","지역자율계정","문화및관광","관광","관광진흥기반확충","광역관광자원개발","광역권 관광개발(자율)","[남부권]진해벚꽃로드관광경관명소화(창원)","2706000","574000","107871","21.2","18.8"
"2026","자치단체이전","자치단체자본보조","문화체육관광부","지역균형발전특별회계","지역자율계정","문화및관광","관광","관광진흥기반확충","광역관광자원개발","광역권 관광개발(자율)","[남부권]근대박물관마을관광경관명소화(창원)","1000000","0","42960","0.0","0"
"2026","자치단체이전","자치단체자본보조","문화체육관광부","지역균형발전특별회계","지역자율계정","문화및관광","관광","관광진흥기반확충","광역관광자원개발","광역권 관광개발(자율)","[남부권]K-예술마실섬네트워크구축(창원)","2750000","1525000","181971","55.5","11.9"
"2026","자치단체이전","자치단체자본보조","문화체육관광부","지역균형발전특별회계","지역자율계정","문화및관광","관광","관광진흥기반확충","광역관광자원개발","광역권 관광개발(자율)","[남부권]진영봉하마을관광명소화(김해)","2319000","0","71287","0.0","0"
"2026","자치단체이전","자치단체자본보조","문화체육관광부","지역균형발전특별회계","지역자율계정","문화및관광","관광","관광진흥기반확충","광역관광자원개발","광역권 관광개발(자율)","[남부권]낙동선셋디지털파크조성(밀양)","500000","0","0","0.0","0"
"2026","자치단체이전","자치단체자본보조","문화체육관광부","지역균형발전특별회계","지역자율계정","문화및관광","관광","관광진흥기반확충","광역관광자원개발","광역권 관광개발(자율)","[남부권]한방웰니스관광거점화(함양)","2902000","1000000","0","34.5","0.0"
"2026","자치단체이전","자치단체자본보조","문화체육관광부","지역균형발전특별회계","지역자율계정","문화및관광","관광","관광진흥기반확충","광역관광자원개발","광역권 관광개발(자율)","[남부권]해양스포츠치유여행플랫폼조성(남해)","1813000","0","68304","0.0","0"
"2026","자치단체이전","자치단체자본보조","문화체육관광부","지역균형발전특별회계","지역자율계정","문화및관광","관광","관광진흥기반확충","광역관광자원개발","광역권 관광개발(자율)","[남부권]선상지테마관광명소조성(사천)","3000000","2000000","2905073","66.7","145.3"
"2026","자치단체이전","자치단체자본보조","문화체육관광부","지역균형발전특별회계","지역자율계정","문화및관광","관광","관광진흥기반확충","광역관광자원개발","광역권 관광개발(자율)","[남부권]합천호수상관광플랫폼구현(합천)","3000000","0","3175000","0.0","0"
"2026","자치단체이전","자치단체자본보조","문화체육관광부","지역균형발전특별회계","지역자율계정","문화및관광","관광","관광진흥기반확충","광역관광자원개발","광역권 관광개발(자율)","[남부권]합강풍류관광정원조성(함안)","341000","0","102300","0.0","0"
"2026","자치단체이전","자치단체자본보조","문화체육관광부","지역균형발전특별회계","지역자율계정","문화및관광","관광","관광진흥기반확충","광역관광자원개발","광역권 관광개발(자율)","[남부권]지심도산마루문화놀이터명소화(거제)","3291000","3291000","28337","100.0","0.9"
"2026","자치단체이전","자치단체자본보조","문화체육관광부","지역균형발전특별회계","지역자율계정","문화및관광","관광","관광진흥기반확충","광역관광자원개발","광역권 관광개발(자율)","[남부권]낙동선셋바이크파크(양산)","3430000","0","5115","0.0","0"
"2026","자치단체이전","자치단체자본보조","문화체육관광부","지역균형발전특별회계","지역자율계정","문화및관광","관광","관광진흥기반확충","광역관광자원개발","광역권 관광개발(자율)","[남부권]랜드마크형산림관광정원조성(산청)","300000","0","0","0.0","0"
"2026","자치단체이전","자치단체자본보조","문화체육관광부","지역균형발전특별회계","지역자율계정","문화및관광","관광","관광진흥기반확충","광역관광자원개발","광역권 관광개발(자율)","[남부권]도시숲가족힐링충전소구축(진주)","5850000","1755000","112171","30.0","6.4"
"2026","자치단체이전","자치단체자본보조","문화체육관광부","지역균형발전특별회계","지역자율계정","문화및관광","관광","관광진흥기반확충","광역관광자원개발","광역권 관광개발(자율)","[남부권]한류테마관광정원조성(창원)","1877000","0","0","0.0","0"
"2026","자치단체이전","자치단체자본보조","문화체육관광부","지역균형발전특별회계","지역자율계정","문화및관광","관광","관광진흥기반확충","광역관광자원개발","광역권 관광개발(자율)","[남부권]K-문화놀이섬네트워크구축(통영)","2900000","0","26758","0.0","0"
"2026","자치단체이전","자치단체자본보조","문화체육관광부","지역균형발전특별회계","지역자율계정","문화및관광","관광","관광진흥기반확충","광역관광자원개발","광역권 관광개발(자율)","[남부권]낙동선셋수상레포츠파크조성(양산)","400000","0","0","0.0","0"
"2026","자치단체이전","자치단체자본보조","문화체육관광부","지역균형발전특별회계","지역자율계정","문화및관광","관광","관광진흥기반확충","광역관광자원개발","광역권 관광개발(자율)","충청유교문화권 광역관광개발사업 (자본)","0","0","0","0","0"
"2026","자치단체이전","자치단체자본보조","문화체육관광부","지역균형발전특별회계","지역자율계정","문화및관광","관광","관광진흥기반확충","광역관광자원개발","지역관광 다양성 사업(자율)","섬 관광 활성화(자본)","6553000","800000","172562","12.2","21.6"
"2026","자치단체이전","자치단체자본보조","문화체육관광부","지역균형발전특별회계","지역자율계정","문화및관광","관광","관광진흥기반확충","관광자원활성화","관광자원 기반조성(자율)","디아크 문화관광 활성화(대구)","4570000","2500000","1705558","54.7","68.2"
"2026","자치단체이전","자치단체자본보조","문화체육관광부","지역균형발전특별회계","지역자율계정","문화및관광","관광","관광진흥기반확충","관광자원활성화","관광자원 기반조성(자율)","부산 수상워크웨이 건립","3500000","0","0","0.0","0"
"2026","자치단체이전","자치단체자본보조","문화체육관광부","지역균형발전특별회계","지역자율계정","문화및관광","관광","관광진흥기반확충","관광자원활성화","관광자원 기반조성(자율)","이순신장군 승전지 순례길 프로젝트(자본)","2000000","1400000","286335","70.0","20.5"
"2026","자치단체이전","자치단체자본보조","문화체육관광부","지역균형발전특별회계","지역자율계정","문화및관광","관광","관광진흥기반확충","관광자원활성화","관광자원 기반조성(자율)","국제온천지구 관광거점 조성(대전유성-자본)","2438000","1219000","2285442","50.0","187.5"
"2026","자치단체이전","자치단체자본보조","문화체육관광부","지역균형발전특별회계","지역자율계정","문화및관광","관광","관광진흥기반확충","관광자원활성화","관광자원 기반조성(자율)","울산 태화 친수관광체험 활성화","1000000","0","0","0.0","0"
"2026","자치단체이전","자치단체자본보조","문화체육관광부","지역균형발전특별회계","지역자율계정","문화및관광","관광","관광진흥기반확충","관광자원활성화","폐광지역 관광산업 활성화(자율)","폐광지역 관광산업 활성화 지원(강원, 자본보조)","6303000","6303000","660435","100.0","10.5"
"2026","자치단체이전","자치단체자본보조","문화체육관광부","지역균형발전특별회계","지역자율계정","문화및관광","관광","관광진흥기반확충","관광자원활성화","폐광지역 관광산업 활성화(자율)","충남 폐광지역 관광개발사업(보령)","1000000","150000","161263","15.0","107.5"
"2026","자치단체이전","자치단체자본보조","문화체육관광부","지역균형발전특별회계","지역자율계정","문화및관광","관광","관광진흥기반확충","관광자원활성화","폐광지역 관광산업 활성화(자율)","전남 폐광지역 관광개발사업(화순)","1710000","1013000","0","59.2","0.0"
"2026","자치단체이전","자치단체자본보조","문화체육관광부","지역균형발전특별회계","지역자율계정","문화및관광","관광","관광진흥기반확충","관광자원활성화","폐광지역 관광산업 활성화(자율)","경북 폐광지역 관광개발사업(문경)","2000000","1075000","0","53.8","0.0"
"2026","자치단체이전","자치단체자본보조","문화체육관광부","지역균형발전특별회계","지역자율계정","문화및관광","관광","국내관광활성화","관광인프라 조성","생태녹색관광활성화(자율)","생태테마 관광자원화(지자체 자본)","3226000","1831000","224061","56.8","12.2"
"2026","자치단체이전","자치단체자본보조","문화체육관광부","지역균형발전특별회계","지역자율계정","문화및관광","관광","국내관광활성화","관광인프라 조성","생태녹색관광활성화(자율)","문화콘텐츠 접목 노후관광시설 재생(지자체 자본)","1844000","1549000","200514","84.0","12.9"
"2026","자치단체이전","자치단체자본보조","문화체육관광부","지역균형발전특별회계","지역자율계정","문화및관광","관광","국내관광활성화","국내관광육성지원","레저스포츠관광활성화(자율)","레저스포츠관광 활성화(자율)(자본보조)","140000","98000","36349","70.0","37.1"
"2026","자치단체이전","자치단체자본보조","문화체육관광부","지역균형발전특별회계","지역자율계정","문화및관광","관광","관광산업 활성화","관광산업 활성화 지원","야영장 안전 및 활성화지원(자율)","야영장 화재안전성 확보","751000","222964","11818","29.7","5.3"
"2026","자치단체이전","자치단체자본보조","문화체육관광부","지역균형발전특별회계","지역자율계정","문화및관광","관광","관광산업 활성화","관광산업 활성화 지원","야영장 안전 및 활성화지원(자율)","야영장 안전·위생시설 개보수 지원","2170000","1275004","241674","58.8","19.0"
"2026","자치단체이전","자치단체자본보조","문화체육관광부","지역균형발전특별회계","지역자율계정","문화및관광","관광","관광산업 활성화","관광산업 활성화 지원","야영장 안전 및 활성화지원(자율)","캠핑카 인프라 구축","331000","35000","0","10.6","0.0"
"2026","자치단체이전","자치단체자본보조","문화체육관광부","지역균형발전특별회계","지역자율계정","문화및관광","체육","생활체육육성","생활체육시설 지원","근린생활형 소규모 체육관 건립지원(자율)","근린생활형 소규모체육관 건립지원","10643000","7343000","3306955","69.0","45.0"
"2026","자치단체이전","자치단체자본보조","문화체육관광부","지역균형발전특별회계","지역지원계정","문화및관광","문화예술","콘텐츠산업 육성","문화콘텐츠산업 진흥 환경 조성","지역콘텐츠산업 균형발전 지원","지역 콘텐츠산업클러스터 조성","0","0","1930144","0","0"
"2026","자치단체이전","자치단체자본보조","문화체육관광부","지역균형발전특별회계","지역지원계정","문화및관광","관광","관광진흥기반확충","광역관광자원개발","서부내륙권 광역관광개발(지역지원)","산노리자연문화예술촌(논산)","0","0","1797121","0","0"
"2026","자치단체이전","자치단체자본보조","문화체육관광부","지역균형발전특별회계","지역지원계정","문화및관광","관광","관광진흥기반확충","광역관광자원개발","서부내륙권 광역관광개발(지역지원)","덕산온천휴양마을(예산)","0","0","0","0","0"
"2026","자치단체이전","자치단체자본보조","문화체육관광부","지역균형발전특별회계","지역지원계정","문화및관광","관광","관광진흥기반확충","광역관광자원개발","서부내륙권 광역관광개발(지역지원)","완산칠봉 한빛마루 조성(전주)","0","0","0","0","0"
"2026","자치단체이전","자치단체자본보조","문화체육관광부","지역균형발전특별회계","지역지원계정","문화및관광","관광","관광진흥기반확충","광역관광자원개발","서부내륙권 광역관광개발(지역지원)","장수천천에놀라온(장수)","0","0","0","0","0"
"2026","자치단체이전","자치단체자본보조","문화체육관광부","지역균형발전특별회계","지역지원계정","문화및관광","관광","관광진흥기반확충","광역관광자원개발","서부내륙권 광역관광개발(지역지원)","음식관광창조타운","0","0","0","0","0"
"2026","자치단체이전","자치단체자본보조","문화체육관광부","지역균형발전특별회계","지역지원계정","문화및관광","관광","관광진흥기반확충","광역관광자원개발","서부내륙권 광역관광개발(지역지원)","관광코스 및 관광상품 개발 - 근대문화유산배움코스","0","0","0","0","0"
"2026","자치단체이전","자치단체자본보조","문화체육관광부","지역균형발전특별회계","지역지원계정","문화및관광","관광","관광진흥기반확충","광역관광자원개발","충청유교문화권 광역관광개발(지역지원)","효(孝)문화뿌리마을조성(대전)","0","0","204080","0","0"
"2026","자치단체이전","자치단체자본보조","문화체육관광부","지역균형발전특별회계","지역지원계정","문화및관광","관광","관광진흥기반확충","광역관광자원개발","충청유교문화권 광역관광개발(지역지원)","토정비결 체험관(보령)","0","0","0","0","0"
"2026","자치단체이전","자치단체자본보조","문화체육관광부","지역균형발전특별회계","지역지원계정","문화및관광","관광","관광진흥기반확충","광역관광자원개발","충청유교문화권 광역관광개발(지역지원)","사신들의 바다순례길(태안)","0","0","0","0","0"
"2026","자치단체이전","자치단체자본보조","문화체육관광부","지역균형발전특별회계","지역지원계정","문화및관광","관광","관광진흥기반확충","광역관광자원개발","충청유교문화권 광역관광개발(지역지원)","사주당 태교랜드(청주)","0","0","0","0","0"
"2026","자치단체이전","자치단체자본보조","문화체육관광부","지역균형발전특별회계","지역지원계정","문화및관광","관광","관광진흥기반확충","광역관광자원개발","충청유교문화권 광역관광개발(지역지원)","입신양명과거길(제천)","0","0","0","0","0"
"2026","자치단체이전","자치단체자본보조","문화체육관광부","지역균형발전특별회계","지역지원계정","문화및관광","관광","관광진흥기반확충","광역관광자원개발","충청유교문화권 광역관광개발(지역지원)","송강문화창조마을(진천)","0","0","1728","0","0"
"2026","자치단체이전","자치단체자본보조","문화체육관광부","지역균형발전특별회계","지역지원계정","문화및관광","관광","관광진흥기반확충","광역관광자원개발","충청유교문화권 광역관광개발(지역지원)","명승문화마을(단양)","0","0","371930","0","0"
"2026","자치단체이전","자치단체자본보조","문화체육관광부","지역균형발전특별회계","지역지원계정","문화및관광","관광","관광진흥기반확충","광역관광자원개발","충청유교문화권 광역관광개발(지역지원)","추사서예창의마을(예산)","0","0","0","0","0"
"2026","자치단체이전","자치단체자본보조","문화체육관광부","지역균형발전특별회계","지역지원계정","문화및관광","관광","관광진흥기반확충","광역관광자원개발","충청유교문화권 광역관광개발(지역지원)","문화산수 구곡관광길(보은)","0","0","0","0","0"
"2026","자치단체이전","자치단체자본보조","문화체육관광부","지역균형발전특별회계","지역지원계정","문화및관광","관광","관광진흥기반확충","광역관광자원개발","충청유교문화권 광역관광개발(지역지원)","선비충의문화관(청양)","0","0","0","0","0"
"2026","자치단체이전","자치단체자본보조","문화체육관광부","지역균형발전특별회계","지역지원계정","문화및관광","관광","관광진흥기반확충","광역관광자원개발","충청유교문화권 광역관광개발(지역지원)","외암마을 인문학서당(아산)","0","0","0","0","0"
"2026","자치단체이전","자치단체자본보조","문화체육관광부","지역균형발전특별회계","지역지원계정","문화및관광","관광","관광진흥기반확충","광역관광자원개발","충청유교문화권 광역관광개발(지역지원)","옥야동천 유토피아(옥천)","0","0","0","0","0"
"2026","자치단체이전","자치단체자본보조","문화체육관광부","지역균형발전특별회계","지역지원계정","문화및관광","관광","관광진흥기반확충","광역관광자원개발","충청유교문화권 광역관광개발(지역지원)","초평 책마을(진천)","0","0","0","0","0"
"2026","자치단체이전","자치단체자본보조","문화체육관광부","지역균형발전특별회계","지역지원계정","문화및관광","관광","관광진흥기반확충","광역관광자원개발","충청유교문화권 광역관광개발(지역지원)","자린고비 청빈마을(음성)","0","0","0","0","0"
"2026","자치단체이전","자치단체자본보조","문화체육관광부","지역균형발전특별회계","지역지원계정","문화및관광","관광","관광진흥기반확충","광역관광자원개발","충청유교문화권 광역관광개발(지역지원)","금강누정선유길(부여)","0","0","0","0","0"
"2026","자치단체이전","자치단체자본보조","문화체육관광부","지역균형발전특별회계","지역지원계정","문화및관광","관광","관광진흥기반확충","광역관광자원개발","충청유교문화권 광역관광개발(지역지원)","밤하늘산책원(서산)","0","0","0","0","0"
"2026","자치단체이전","자치단체자본보조","문화체육관광부","지역균형발전특별회계","지역지원계정","문화및관광","관광","관광진흥기반확충","광역관광자원개발","충청유교문화권 광역관광개발(지역지원)","의병창의마을(제천)","0","0","0","0","0"
"2026","자치단체이전","자치단체자본보조","문화체육관광부","지역균형발전특별회계","지역지원계정","문화및관광","관광","관광진흥기반확충","광역관광자원개발","충청유교문화권 광역관광개발(지역지원)","여민동락역사누리(당진)","0","0","310246","0","0"
"2026","자치단체이전","자치단체자본보조","문화체육관광부","지역균형발전특별회계","지역지원계정","문화및관광","관광","관광진흥기반확충","광역관광자원개발","충청유교문화권 광역관광개발(지역지원)","사계문화체험관(계룡)","0","0","8033","0","0"
"2026","자치단체이전","자치단체자본보조","문화체육관광부","지역균형발전특별회계","지역지원계정","문화및관광","관광","관광진흥기반확충","광역관광자원개발","충청유교문화권 광역관광개발(지역지원)","한의약령마을(금산)","0","0","0","0","0"
"2026","자치단체이전","자치단체자본보조","문화체육관광부","지역균형발전특별회계","지역지원계정","문화및관광","관광","관광진흥기반확충","광역관광자원개발","충청유교문화권 광역관광개발(지역지원)","문화산수구곡관광길(단양)","0","0","0","0","0"
"2026","자치단체이전","자치단체자본보조","문화체육관광부","지역균형발전특별회계","지역지원계정","문화및관광","관광","관광진흥기반확충","광역관광자원개발","남부권 광역관광개발","레저케이션 관광스테이 확충(곡성)_25년 이월","0","0","0","0","0"
"2026","자치단체이전","자치단체자본보조","문화체육관광부","지역균형발전특별회계","지역지원계정","문화및관광","관광","관광진흥기반확충","광역관광자원개발","남부권 광역관광개발","도리포관광경관명소화(무안)_25년 이월","0","0","0","0","0"
"2026","자치단체이전","자치단체자본보조","문화체육관광부","지역균형발전특별회계","지역지원계정","문화및관광","관광","관광진흥기반확충","광역관광자원개발","남부권 광역관광개발","목포구등대관광경관명소화(해남)_25년 이월","0","0","0","0","0"
"2026","자치단체이전","자치단체자본보조","문화체육관광부","지역균형발전특별회계","지역지원계정","문화및관광","관광","관광진흥기반확충","광역관광자원개발","남부권 광역관광개발","해안도로관광경관명소화(완도)_25년 이월","0","0","0","0","0"
"2026","자치단체이전","자치단체자본보조","문화체육관광부","지역균형발전특별회계","지역지원계정","문화및관광","관광","관광진흥기반확충","광역관광자원개발","남부권 광역관광개발","달관광스테이확충(강진)_25년 이월","0","0","0","0","0"
"2026","자치단체이전","자치단체자본보조","문화체육관광부","지역균형발전특별회계","지역지원계정","문화및관광","관광","관광진흥기반확충","광역관광자원개발","남부권 광역관광개발","빛가람호수공연장조성(나주)_25년 이월","0","0","0","0","0"
"2026","자치단체이전","자치단체자본보조","문화체육관광부","지역균형발전특별회계","지역지원계정","문화및관광","관광","관광진흥기반확충","광역관광자원개발","남부권 광역관광개발","종교순례테마관광명소화(영광)_25년 이월","0","0","0","0","0"
"2026","자치단체이전","자치단체자본보조","문화체육관광부","지역균형발전특별회계","지역지원계정","문화및관광","관광","관광진흥기반확충","광역관광자원개발","남부권 광역관광개발","문화접목야행관광공간조성(담양)_25년 이월","0","0","0","0","0"
"2026","자치단체이전","자치단체자본보조","문화체육관광부","지역균형발전특별회계","지역지원계정","문화및관광","관광","관광진흥기반확충","광역관광자원개발","남부권 광역관광개발","예술접목야행관광공간조성(광주)_25년 이월","0","0","0","0","0"
"2026","자치단체이전","자치단체자본보조","문화체육관광부","지역균형발전특별회계","지역지원계정","문화및관광","관광","관광진흥기반확충","광역관광자원개발","남부권 광역관광개발","공연접목야행관광공간조성(함평)_25년 이월","0","0","0","0","0"
"2026","자치단체이전","자치단체자본보조","문화체육관광부","지역균형발전특별회계","지역지원계정","문화및관광","관광","관광진흥기반확충","광역관광자원개발","남부권 광역관광개발","영산강파노라마관광명소조성(나주)_25년 이월","0","0","0","0","0"
"2026","자치단체이전","자치단체자본보조","문화체육관광부","지역균형발전특별회계","지역지원계정","문화및관광","관광","관광진흥기반확충","광역관광자원개발","남부권 광역관광개발","세방낙조아트문화관광명소조성(진도)_25년 이월","0","0","0","0","0"
"2026","자치단체이전","자치단체자본보조","문화체육관광부","지역균형발전특별회계","지역지원계정","문화및관광","관광","관광진흥기반확충","광역관광자원개발","남부권 광역관광개발","정남진은하수로드관광명소조성(장흥)_25년 이월","0","0","0","0","0"
"2026","자치단체이전","자치단체자본보조","문화체육관광부","지역균형발전특별회계","지역지원계정","문화및관광","관광","관광진흥기반확충","광역관광자원개발","남부권 광역관광개발","가우도빛의숲관광갤러리조성(강진)_25년 이월","0","0","0","0","0"
"2026","자치단체이전","자치단체자본보조","문화체육관광부","지역균형발전특별회계","지역지원계정","문화및관광","관광","관광진흥기반확충","광역관광자원개발","남부권 광역관광개발","선셋가든관광경관명소화(고흥)_25년 이월","0","0","0","0","0"
"2026","자치단체이전","자치단체자본보조","문화체육관광부","지역균형발전특별회계","지역지원계정","문화및관광","관광","관광진흥기반확충","광역관광자원개발","남부권 광역관광개발","밤머리재전망대관광경관명소화(산청)_25년 이월","0","0","0","0","0"
"2026","자치단체이전","자치단체자본보조","문화체육관광부","지역균형발전특별회계","지역지원계정","문화및관광","관광","관광진흥기반확충","광역관광자원개발","남부권 광역관광개발","북케이션관광스테이확충(하동)_25년 이월","0","0","0","0","0"
"2026","자치단체이전","자치단체자본보조","문화체육관광부","지역균형발전특별회계","지역지원계정","문화및관광","관광","관광진흥기반확충","광역관광자원개발","남부권 광역관광개발","합천호수상관광플랫폼구축(합천)_25년 이월","0","0","0","0","0"
"2026","자치단체이전","자치단체자본보조","문화체육관광부","지역균형발전특별회계","지역지원계정","문화및관광","관광","관광진흥기반확충","광역관광자원개발","남부권 광역관광개발","뷰티스파웰니스관광거점화(여수)_25년 이월","0","0","0","0","0"
"2026","자치단체이전","자치단체자본보조","문화체육관광부","지역균형발전특별회계","지역지원계정","문화및관광","관광","관광진흥기반확충","광역관광자원개발","남부권 광역관광개발","한방웰니스관광거점화(함양)_25년 이월","0","0","0","0","0"
"2026","자치단체이전","자치단체자본보조","문화체육관광부","지역균형발전특별회계","지역지원계정","문화및관광","관광","관광진흥기반확충","광역관광자원개발","남부권 광역관광개발","해양스포치유여행플랫폼조성(남해)_25년 이월","0","0","0","0","0"
"2026","자치단체이전","자치단체자본보조","문화체육관광부","지역균형발전특별회계","지역지원계정","문화및관광","관광","관광진흥기반확충","광역관광자원개발","남부권 광역관광개발","광양읍미디어아트관광명소화(광양)_25년 이월","0","0","0","0","0"
"2026","자치단체이전","자치단체자본보조","문화체육관광부","지역균형발전특별회계","지역지원계정","문화및관광","관광","관광진흥기반확충","광역관광자원개발","남부권 광역관광개발","원도심관광골목명소화(진주)_25년 이월","0","0","775395","0","0"
"2026","자치단체이전","자치단체자본보조","문화체육관광부","지역균형발전특별회계","지역지원계정","문화및관광","관광","관광진흥기반확충","광역관광자원개발","남부권 광역관광개발","선상지테마관광명소조성(사천)_25년 예산","0","0","0","0","0"
"2026","자치단체이전","자치단체자본보조","문화체육관광부","지역균형발전특별회계","지역지원계정","문화및관광","관광","관광진흥기반확충","광역관광자원개발","남부권 광역관광개발","자란관광만구축(T-UAM)(고성)_25년 이월","0","0","0","0","0"
"2026","자치단체이전","자치단체자본보조","문화체육관광부","지역균형발전특별회계","지역지원계정","문화및관광","관광","관광진흥기반확충","광역관광자원개발","남부권 광역관광개발","통영관광만구축(T-UAM)(통영)_25년 이월","0","0","5071861","0","0"
"2026","자치단체이전","자치단체자본보조","문화체육관광부","지역균형발전특별회계","지역지원계정","문화및관광","관광","관광진흥기반확충","광역관광자원개발","남부권 광역관광개발","사량도관광기반구축(통영)_25년 이월","0","0","0","0","0"
"2026","자치단체이전","자치단체자본보조","문화체육관광부","지역균형발전특별회계","지역지원계정","문화및관광","관광","관광진흥기반확충","광역관광자원개발","남부권 광역관광개발","기장오션블루레일(부산)_25년 이월","0","0","0","0","0"
"2026","자치단체이전","자치단체자본보조","문화체육관광부","지역균형발전특별회계","지역지원계정","문화및관광","관광","관광진흥기반확충","광역관광자원개발","남부권 광역관광개발","울주해안도로관광경관명소화(울산)_25년 이월","0","0","0","0","0"
"2026","자치단체이전","자치단체자본보조","문화체육관광부","지역균형발전특별회계","지역지원계정","문화및관광","관광","관광진흥기반확충","광역관광자원개발","남부권 광역관광개발","진해벚꽃로드관광경관명소화(창원)_25년 이월","0","0","0","0","0"
"2026","자치단체이전","자치단체자본보조","문화체육관광부","지역균형발전특별회계","지역지원계정","문화및관광","관광","관광진흥기반확충","광역관광자원개발","남부권 광역관광개발","아미산낙조관광경관명소화(부산)_25년 이월","0","0","0","0","0"
"2026","자치단체이전","자치단체자본보조","문화체육관광부","지역균형발전특별회계","지역지원계정","문화및관광","관광","관광진흥기반확충","광역관광자원개발","남부권 광역관광개발","장생포고래마을관광경관명소화(울산)_25년 이월","0","0","0","0","0"
"2026","자치단체이전","자치단체자본보조","문화체육관광부","지역균형발전특별회계","지역지원계정","문화및관광","관광","관광진흥기반확충","광역관광자원개발","남부권 광역관광개발","근대박물관마을관광경관명소화(창원)_25년 이월","0","0","0","0","0"
"2026","자치단체이전","자치단체자본보조","문화체육관광부","지역균형발전특별회계","지역지원계정","문화및관광","관광","관광진흥기반확충","광역관광자원개발","남부권 광역관광개발","K예술마실섬 네트워크 구축(창원)_25년 이월","0","0","0","0","0"
"2026","자치단체이전","자치단체자본보조","문화체육관광부","지역균형발전특별회계","지역지원계정","문화및관광","관광","관광진흥기반확충","광역관광자원개발","남부권 광역관광개발","강동해변도심문화놀이터명소화(울산)_25년 이월","0","0","0","0","0"
"2026","자치단체이전","자치단체자본보조","문화체육관광부","지역균형발전특별회계","지역지원계정","문화및관광","관광","관광진흥기반확충","광역관광자원개발","남부권 광역관광개발","일산해변풍류문화놀이터명소화(울산)_25년 이월","0","0","0","0","0"
"2026","자치단체이전","자치단체자본보조","문화체육관광부","지역균형발전특별회계","지역지원계정","문화및관광","관광","관광진흥기반확충","광역관광자원개발","남부권 광역관광개발","상족암디지털놀이터명소화(고성)_25년 이월","0","0","0","0","0"
"2026","자치단체이전","자치단체자본보조","문화체육관광부","지역균형발전특별회계","지역지원계정","문화및관광","관광","관광진흥기반확충","광역관광자원개발","남부권 광역관광개발","지심도산마루놀이터명소화(거제)_25년 이월","0","0","0","0","0"
"2026","자치단체이전","자치단체자본보조","문화체육관광부","지역균형발전특별회계","지역지원계정","문화및관광","관광","관광진흥기반확충","광역관광자원개발","남부권 광역관광개발","진영봉화마을관광명소화(김해)_25년 이월","0","0","0","0","0"
"2026","자치단체이전","자치단체자본보조","문화체육관광부","지역균형발전특별회계","지역지원계정","문화및관광","관광","관광진흥기반확충","광역관광자원개발","남부권 광역관광개발","낙동선셋바이크파크(양산)_25년 이월","0","0","0","0","0"
"2026","자치단체이전","자치단체자본보조","문화체육관광부","지역균형발전특별회계","지역지원계정","문화및관광","관광","관광진흥기반확충","광역관광자원개발","남부권 광역관광개발","울주산악관광베이스캠프조성(울산)_25년 이월","0","0","0","0","0"
"2026","자치단체이전","자치단체자본보조","문화체육관광부","지역균형발전특별회계","지역지원계정","문화및관광","관광","관광진흥기반확충","광역관광자원개발","남부권 광역관광개발","낙동선셋화명에코파크조성(부산)_25년 이월","0","0","0","0","0"
"2026","자치단체이전","자치단체자본보조","문화체육관광부","지역균형발전특별회계","지역지원계정","문화및관광","관광","관광진흥기반확충","광역관광자원개발","지역관광 다양성 사업","섬 관광 활성화(자본)","0","0","0","0","0"
"2026","자치단체이전","자치단체자본보조","문화체육관광부","지역균형발전특별회계","지역지원계정","문화및관광","관광","관광진흥기반확충","관광자원활성화","관광자원 기반조성","국제온천지구 관광거점 조성(대전 유성)","0","0","0","0","0"
"2026","자치단체이전","자치단체자본보조","문화체육관광부","지역균형발전특별회계","지역지원계정","문화및관광","관광","관광진흥기반확충","관광자원활성화","관광자원 기반조성","디아크 문화관광 활성화(대구 달성) ","0","0","0","0","0"
"2026","자치단체이전","자치단체자본보조","문화체육관광부","지역균형발전특별회계","지역지원계정","문화및관광","관광","관광진흥기반확충","관광자원활성화","관광자원 기반조성","계획공모형 지역관광개발(자본보조)","3513500","2112350","518061","60.1","24.5"
"2026","자치단체이전","자치단체자본보조","문화체육관광부","지역균형발전특별회계","지역지원계정","문화및관광","관광","관광진흥기반확충","관광자원활성화","관광자원 기반조성","세계명견 테마랜드 조성(자본)","0","0","0","0","0"
"2026","자치단체이전","자치단체자본보조","문화체육관광부","지역균형발전특별회계","지역지원계정","문화및관광","관광","관광진흥기반확충","관광자원활성화","관광자원 기반조성","관광휴양형 RE100 뉴딜타운 조성","0","0","113526","0","0"
"2026","자치단체이전","자치단체자본보조","문화체육관광부","지역균형발전특별회계","지역지원계정","문화및관광","관광","관광진흥기반확충","관광자원활성화","관광자원 기반조성","안흥 식품관광 기반조성(자본)","0","0","0","0","0"
"2026","자치단체이전","자치단체자본보조","문화체육관광부","지역균형발전특별회계","지역지원계정","문화및관광","관광","관광진흥기반확충","관광자원활성화","관광자원 기반조성","울산 환상의 섬 죽도 관광자원화 사업(자본)","0","0","0","0","0"
"2026","자치단체이전","자치단체자본보조","문화체육관광부","지역균형발전특별회계","지역지원계정","문화및관광","관광","관광진흥기반확충","관광자원활성화","관광자원 기반조성","부산 수상워크웨이 건립","0","0","0","0","0"
"2026","자치단체이전","자치단체자본보조","문화체육관광부","지역균형발전특별회계","지역지원계정","문화및관광","관광","관광진흥기반확충","관광자원활성화","관광자원 기반조성","이순신장군 승전지 순례길 프로젝트(자본)","0","0","0","0","0"
"2026","자치단체이전","자치단체자본보조","문화체육관광부","지역균형발전특별회계","지역지원계정","문화및관광","관광","관광진흥기반확충","관광자원활성화","폐광지역 관광산업 활성화","폐광지역 관광산업 활성화 사업 지원(강원도, 자본보조)","0","0","76543","0","0"
"2026","자치단체이전","자치단체자본보조","문화체육관광부","지역균형발전특별회계","지역지원계정","문화및관광","관광","국내관광활성화","관광인프라 조성","도시관광 및 산업관광 활성화","관광거점도시 육성(자본보조)","0","0","4295379","0","0"
"2026","자치단체이전","자치단체자본보조","문화체육관광부","지역균형발전특별회계","지역지원계정","문화및관광","체육","생활체육육성","생활체육시설 지원","기초생활체육 저변확산 지원","구수산 체육센터 조성","20000","20000","887410","100.0","4437.1"
"2026","자치단체이전","자치단체자본보조","문화체육관광부","지역균형발전특별회계","지역지원계정","문화및관광","체육","생활체육육성","생활체육시설 지원","기초생활체육 저변확산 지원","시흥 배드민턴장 조성","0","0","0","0","0"
"2026","자치단체이전","자치단체자본보조","문화체육관광부","지역균형발전특별회계","지역지원계정","문화및관광","체육","생활체육육성","생활체육시설 지원","기초생활체육 저변확산 지원","부산 멀티컴플렉스 스포츠센터 조성","1500000","1500000","1697549","100.0","113.2"
"2026","자치단체이전","자치단체자본보조","문화체육관광부","지역균형발전특별회계","지역지원계정","문화및관광","체육","생활체육육성","생활체육시설 지원","기초생활체육 저변확산 지원","전주 육상경기장 건립","0","0","0","0","0"
"2026","자치단체이전","자치단체자본보조","문화체육관광부","지역균형발전특별회계","지역지원계정","문화및관광","체육","생활체육육성","생활체육시설 지원","기초생활체육 저변확산 지원","사동 복합문화체육센터 건립","1000000","0","0","0.0","0"
"2026","자치단체이전","자치단체자본보조","방위사업청","일반회계"," ","국방","방위력개선","방위사업정책지원","방위산업육성지원","지역연계/생태계기반구축","방산 중소기업 생산성 향상 지원(자치단체자본보조)","3711000","0","695403","0.0","0"
"2026","자치단체이전","자치단체자본보조","법무부","범죄피해자보호기금"," ","공공질서및안전","법무및검찰","인권활동","성폭력피해자 보호 및 지원","성폭력 피해자 지원","성폭력 피해자 지원시설 기능보강","185000","163098","107724","88.2","66.0"
"2026","자치단체이전","자치단체자본보조","보건복지부","국민건강증진기금","국민건강증진계정","사회복지","취약계층지원","장애인생활안정 및 재활 지원","장애인의료재활지원(국민건강증진기금)","재활병원건립","재활병원건립","9800000","0","905702","0.0","0"
"2026","자치단체이전","자치단체자본보조","보건복지부","국민건강증진기금","국민건강증진계정","사회복지","취약계층지원","장애인생활안정 및 재활 지원","장애인의료재활지원(국민건강증진기금)","공공어린이재활병원?센터 지원","공공어린이재활병원건립","0","0","0","0","0"
"2026","자치단체이전","자치단체자본보조","보건복지부","국민건강증진기금","국민건강증진계정","사회복지","노인","노인의료보장","치매관리사업지원","치매관리체계 구축","공립요양병원 기능보강사업","1858000","1858000","455716","100.0","24.5"
"2026","자치단체이전","자치단체자본보조","보건복지부","국민건강증진기금","국민건강증진계정","사회복지","노인","노인의료보장","노인건강관리","노인건강관리","요실금 치료 지원 사업","135000","35000","0","25.9","0.0"
"2026","자치단체이전","자치단체자본보조","보건복지부","국민건강증진기금","국민건강증진계정","보건","보건의료","공공보건의료확충","공공보건의료기반구축","건강생활지원센터 확충","건강생활지원센터 확충 ","1874160","1569410","1089662","83.7","69.4"
"2026","자치단체이전","자치단체자본보조","보건복지부","국민건강증진기금","국민건강증진계정","보건","보건의료","공공보건의료확충","공공보건의료기반구축","건강생활지원센터 확충","건강생활지원센터(생활soc복합)","519840","519840","519840","100.0","100.0"
"2026","자치단체이전","자치단체자본보조","보건복지부","국민건강증진기금","국민건강증진계정","보건","보건의료","공공보건의료확충","국가암관리사업지원","국가암관리","지역암센터 장비비(자치단체자본보조)","3600000","3600000","0","100.0","0.0"
"2026","자치단체이전","자치단체자본보조","보건복지부","국민건강증진기금","국민건강증진계정","보건","보건의료","감염병진단분석","감염병진단인프라구축","지역거점진단 인프라 구축","지역거점진단센터 진단장비 등 지원","658000","658000","545968","100.0","83.0"
"2026","자치단체이전","자치단체자본보조","보건복지부","국민건강증진기금","국민건강증진계정","보건","보건의료","감염병진단분석","감염병진단인프라구축","매개체 및 기생충 진단·감시·분석","DMS활용 근거중심 방제를 위한 매개체 감시 지원","110000","110000","95418","100.0","86.7"
"2026","자치단체이전","자치단체자본보조","보건복지부","응급의료기금"," ","보건","보건의료","응급의료체계운영지원","응급의료 안전망 및 생활화 지원","응급처치 활성화 지원","자동심장충격기 보급 지원","822300","822300","433215","100.0","52.7"
"2026","자치단체이전","자치단체자본보조","보건복지부","응급의료기금"," ","보건","보건의료","응급의료체계운영지원","응급의료 안전망 및 생활화 지원","국가 재난의료체계 운영","재난거점병원 장비지원","390000","390000","45593","100.0","11.7"
"2026","자치단체이전","자치단체자본보조","보건복지부","응급의료기금"," ","보건","보건의료","응급의료체계운영지원","현장 및 이송체계 지원","응급의료이송체계 지원","취약지 헬기 착륙장 건설","462000","408499","90403","88.4","22.1"
"2026","자치단체이전","자치단체자본보조","보건복지부","응급의료기금"," ","보건","보건의료","응급의료체계운영지원","현장 및 이송체계 지원","응급의료이송체계 지원","중증응급환자 이송체계 운영지원","0","0","0","0","0"
"2026","자치단체이전","자치단체자본보조","보건복지부","응급의료기금"," ","보건","보건의료","응급의료체계운영지원","응급의료기관 지원","취약지역 응급의료기관 육성","취약지 응급의료기관 장비지원","19080000","0","0","0.0","0"
"2026","자치단체이전","자치단체자본보조","보건복지부","응급의료기금"," ","보건","보건의료","응급의료체계운영지원","응급의료기관 지원","고위험 산모·신생아 지원","신생아집중치료지역센터 설치","1125000","886000","0","78.8","0.0"
"2026","자치단체이전","자치단체자본보조","보건복지부","응급의료기금"," ","보건","보건의료","응급의료체계운영지원","119구급 운영지원","119구급대 지원","119구급차량 및 응급의료장비 보강","18950000","18950000","5021576","100.0","26.5"
"2026","자치단체이전","자치단체자본보조","보건복지부","응급의료기금"," ","보건","보건의료","응급의료체계운영지원","119구급 운영지원","119구급대 지원","특수목적 음압구급차 보강","5635000","5635000","1853258","100.0","32.9"
"2026","자치단체이전","자치단체자본보조","보건복지부","일반회계"," ","사회복지","취약계층지원","장애인생활안정 및 재활 지원","장애인사회참여 기반조성","장애인보조기기지원","사례관리","170000","160500","89467","94.4","55.7"
"2026","자치단체이전","자치단체자본보조","보건복지부","일반회계"," ","사회복지","취약계층지원","장애인생활안정 및 재활 지원","장애인선택적복지","발달장애인 지원","익산 발달장애인 평생교육지원센터 건립","1450000","1450000","865634","100.0","59.7"
"2026","자치단체이전","자치단체자본보조","보건복지부","일반회계"," ","사회복지","취약계층지원","장애인생활안정 및 재활 지원","장애인복지시설지원","장애인복지시설 기능보강","장애인의료재활시설 기능보강","170000","0","31519","0.0","0"
"2026","자치단체이전","자치단체자본보조","보건복지부","일반회계"," ","사회복지","취약계층지원","장애인생활안정 및 재활 지원","장애인복지시설지원","장애인복지시설 기능보강","장애인거주시설 기능보강","7993000","5750950","1534737","71.9","26.7"
"2026","자치단체이전","자치단체자본보조","보건복지부","일반회계"," ","사회복지","취약계층지원","장애인생활안정 및 재활 지원","장애인복지시설지원","장애인복지시설 기능보강","공립 장애인복합수련시설 건립","0","0","0","0","0"
"2026","자치단체이전","자치단체자본보조","보건복지부","일반회계"," ","사회복지","취약계층지원","장애인생활안정 및 재활 지원","장애인복지시설지원","장애인복지시설 기능보강","발달중증장애인공립복합힐링센터 건립","4016000","0","0","0.0","0"
"2026","자치단체이전","자치단체자본보조","보건복지부","일반회계"," ","사회복지","취약계층지원","장애인생활안정 및 재활 지원","장애인복지시설지원","장애인복지시설 기능보강","장애인가족공립복합힐링센터건립지원","6000000","0","0","0.0","0"
"2026","자치단체이전","자치단체자본보조","보건복지부","일반회계"," ","사회복지","취약계층지원","장애인생활안정 및 재활 지원","장애인복지시설지원","장애인복지시설 기능보강","장애인주간이용시설 기능보강","1100000","1096427","650543","99.7","59.3"
"2026","자치단체이전","자치단체자본보조","보건복지부","일반회계"," ","사회복지","취약계층지원","장애인생활안정 및 재활 지원","장애인복지시설지원","장애인복지시설 기능보강","장애인직업재활시설 기능보강","7997000","7633430","3586593","95.5","47.0"
"2026","자치단체이전","자치단체자본보조","보건복지부","일반회계"," ","사회복지","취약계층지원","장애인생활안정 및 재활 지원","장애인복지시설지원","장애인거주시설 운영 지원","장애인 의료집중형 전문서비스 제공기관 기능보강","400000","0","0","0.0","0"
"2026","자치단체이전","자치단체자본보조","보건복지부","일반회계"," ","사회복지","취약계층지원","장애인생활안정 및 재활 지원","장애인권익증진 및 자립생활 지원","장애인건강보건관리사업","장애인 건강검진기관 지원","335000","0","0","0.0","0"
"2026","자치단체이전","자치단체자본보조","보건복지부","일반회계"," ","사회복지","취약계층지원","장애인생활안정 및 재활 지원","장애인권익증진 및 자립생활 지원","장애인건강보건관리사업","장애친화 산부인과 운영 지원(자본)","437500","175000","0","40.0","0.0"
"2026","자치단체이전","자치단체자본보조","보건복지부","일반회계"," ","사회복지","취약계층지원","노숙인의사상자지원","노숙인등 지원","노숙인등 복지지원","노숙인시설 기능보강","3452000","3411170","2232879","98.8","65.5"
"2026","자치단체이전","자치단체자본보조","보건복지부","일반회계"," ","사회복지","아동·보육","아동보호 및 복지 강화","요보호아동 그룹홈 운영 지원","보호대상아동 그룹홈 운영지원","학대피해아동쉼터 설치","746000","652244","132096","87.4","20.3"
"2026","자치단체이전","자치단체자본보조","보건복지부","일반회계"," ","사회복지","아동·보육","아동보호 및 복지 강화","아동ㆍ청소년 참여.인권증진","아동정책조정 및 인권증진","아동학대방지 인프라 기능보강사업","300000","299697","78780","99.9","26.3"
"2026","자치단체이전","자치단체자본보조","보건복지부","일반회계"," ","사회복지","아동·보육","아동보호 및 복지 강화","아동보호 및 권리보장","아동학대 예방 및 피해아동 보호","아동보호전문기관 신규설치","1200000","600000","379066","50.0","63.2"
"2026","자치단체이전","자치단체자본보조","보건복지부","일반회계"," ","사회복지","노인","노인의료보장","노인요양시설확충","노인요양시설 확충","노인요양시설확충_이월","0","0","0","0","0"
"2026","자치단체이전","자치단체자본보조","보건복지부","일반회계"," ","보건","보건의료","공공보건의료확충","공공보건의료지원","지역거점병원 혁신지원","기능특성화 및 감염병 대응","0","0","108224","0","0"
"2026","자치단체이전","자치단체자본보조","보건복지부","일반회계"," ","보건","보건의료","공공보건의료확충","공공보건의료지원","지역거점병원 혁신지원","권역 책임의료기관 육성","0","0","199608","0","0"
"2026","자치단체이전","자치단체자본보조","보건복지부","일반회계"," ","보건","보건의료","공공보건의료확충","의료취약지 지원","취약지 등 전문의료인력 양성 및 지원","지방협업형 필수 의료체계 구축 시범사업","300000","300000","0","100.0","0.0"
"2026","자치단체이전","자치단체자본보조","보건복지부","일반회계"," ","보건","보건의료","공공보건의료확충","원폭및한센인피해자지원","원폭피해자진료비장제비등 지원","원폭피해자 추모시설 건립","0","0","0","0","0"
"2026","자치단체이전","자치단체자본보조","보건복지부","일반회계"," ","보건","보건의료","공공보건의료확충","원폭및한센인피해자지원","원폭피해자진료비장제비등 지원","원폭피해자 추모시설 건립(경남, 합천군)","1323000","0","0","0.0","0"
"2026","자치단체이전","자치단체자본보조","보건복지부","일반회계"," ","보건","보건의료","보건산업육성","의료정보 활용 정책 지원","원격 중환자실(e-ICU) 협력 네트워크 구축","중환자 모니터링 시스템 구축 및 운영(자본보조) ","800000","800000","89310","100.0","11.2"
"2026","자치단체이전","자치단체자본보조","보건복지부","일반회계"," ","보건","보건의료","보건산업육성","보건산업진흥","바이오헬스산업 육성 지원","남원 천연물 화장품 시험검사 임상센터 구축","2192000","2192000","2162065","100.0","98.6"
"2026","자치단체이전","자치단체자본보조","보건복지부","일반회계"," ","보건","보건의료","보건산업육성","보건산업진흥","바이오헬스산업 육성 지원","오송 국제 K-뷰티 스쿨 설립","3851000","2890000","0","75.0","0.0"
"2026","자치단체이전","자치단체자본보조","보건복지부","일반회계"," ","보건","보건의료","보건산업육성","보건산업진흥","바이오헬스산업 육성 지원","충북 글로벌 클린화장품 산업화 기반 구축","4820000","3615000","1673545","75.0","46.3"
"2026","자치단체이전","자치단체자본보조","보건복지부","일반회계"," ","보건","보건의료","보건산업육성","보건산업진흥","바이오헬스산업 육성 지원","바이오의약품생산 전문이력 양성센터 건립","825000","577500","286","70.0","0.0"
"2026","자치단체이전","자치단체자본보조","보건복지부","일반회계"," ","보건","보건의료","보건산업육성","보건산업진흥","바이오헬스산업 육성 지원","제약산업 미래인력 양성센터 건립","3287000","0","0","0.0","0"
"2026","자치단체이전","자치단체자본보조","보건복지부","일반회계"," ","보건","보건의료","보건산업육성","보건산업진흥","바이오헬스산업 육성 지원","경산 ICT 융복합 어린이 재활기기 실증센터 구축","1099000","769000","391920","70.0","51.0"
"2026","자치단체이전","자치단체자본보조","보건복지부","일반회계"," ","보건","보건의료","보건산업육성","보건산업진흥","바이오헬스산업 육성 지원","광주 AI 디지털 노화산업 실증연구센터 구축","1000000","0","0","0.0","0"
"2026","자치단체이전","자치단체자본보조","보건복지부","일반회계"," ","보건","보건의료","보건산업육성","보건산업진흥","바이오헬스산업 육성 지원","오송 국제 K-뷰티 스쿨 내외부 시설 정비","900000","675000","0","75.0","0.0"
"2026","자치단체이전","자치단체자본보조","보건복지부","일반회계"," ","보건","보건의료","보건산업육성","보건산업진흥","보건의료 인프라 연계 창업지원","첨단의료기술 메디밸리창업지원센터 건립","5188000","4150400","0","80.0","0.0"
"2026","자치단체이전","자치단체자본보조","보건복지부","일반회계"," ","보건","보건의료","국민건강생활실천","구강건강서비스 기반조성","장애인구강진료센터","권역장애인구강진료센터 인프라 구축 지원","400000","400000","0","100.0","0.0"
"2026","자치단체이전","자치단체자본보조","보건복지부","일반회계"," ","보건","보건의료","국민건강생활실천","정신보건시설기능보강","정신건강증진시설 확충","정신요양시설 기능보강","3696000","3691575","2144317","99.9","58.1"
"2026","자치단체이전","자치단체자본보조","보건복지부","일반회계"," ","보건","보건의료","국민건강생활실천","정신보건시설기능보강","정신건강증진시설 확충","정신재활시설 기능보강","2945000","2616132","1389429","88.8","53.1"
"2026","자치단체이전","자치단체자본보조","보건복지부","일반회계"," ","보건","보건의료","국민건강생활실천","정신보건시설기능보강","정신건강 지원체계 구축","권역정신응급의료센터 운영(설치비)","0","0","0","0","0"
"2026","자치단체이전","자치단체자본보조","보건복지부","일반회계"," ","보건","보건의료","국민건강생활실천","정신보건시설기능보강","정신건강 지원체계 구축","중독자 치료지원 및 기반구축(치료보호기관 환경개선 지원)","500000","0","0","0.0","0"
"2026","자치단체이전","자치단체자본보조","보건복지부","일반회계"," ","보건","보건의료","보건의료서비스지원","의료기관 질관리 및 정책지원","의료기관안전 및 질관리","의료기관 스프링클러 설치지원","464000","432226","88923","93.2","20.6"
"2026","자치단체이전","자치단체자본보조","보건복지부","지역균형발전특별회계","세종특별자치시계정","사회복지","아동·보육","아동보호 및 복지 강화","방과후 돌봄 지원","다함께 돌봄센터 지원(세종)","다함께돌봄센터 설치비 지원(세종)","158000","158000","0","100.0","0.0"
"2026","자치단체이전","자치단체자본보조","보건복지부","지역균형발전특별회계","세종특별자치시계정","보건","보건의료","공공보건의료확충","농어촌의료서비스 개선","농어촌보건소 등 이전신축(세종)","농어촌보건소 등 이전신축(세종)","84000","84000","51941","100.0","61.8"
"2026","자치단체이전","자치단체자본보조","보건복지부","지역균형발전특별회계","제주특별자치도계정","사회복지","아동·보육","아동보호 및 복지 강화","방과후 돌봄 지원","다함께 돌봄센터 지원(제주)","다함께돌봄센터 설치비 지원(제주)","0","0","0","0","0"
"2026","자치단체이전","자치단체자본보조","보건복지부","지역균형발전특별회계","제주특별자치도계정","보건","보건의료","공공보건의료확충","농어촌의료서비스 개선","농어촌보건소 등 이전신축(제주)","농어촌보건소 등 이전신축(제주)","563000","563000","84738","100.0","15.1"
"2026","자치단체이전","자치단체자본보조","보건복지부","지역균형발전특별회계","지역자율계정","사회복지","아동·보육","아동보호 및 복지 강화","방과후 돌봄 지원","다함께 돌봄센터 지원(자율)","다함께돌봄센터 설치비 지원","10636000","9603000","2580600","90.3","26.9"
"2026","자치단체이전","자치단체자본보조","보건복지부","지역균형발전특별회계","지역자율계정","사회복지","노인","노인생활안정","장사시설","봉안시설 설치(자율)","봉안시설 설치(자율)","12644000","12644000","6963379","100.0","55.1"
"2026","자치단체이전","자치단체자본보조","보건복지부","지역균형발전특별회계","지역자율계정","보건","보건의료","공공보건의료확충","농어촌의료서비스 개선","농어촌보건소 등 이전신축(자율)","농어촌보건소 등 이전신축(자율)","26397000","22497750","15825368","85.2","70.3"
"2026","자치단체이전","자치단체자본보조","보건복지부","지역균형발전특별회계","지역지원계정","사회복지","노인","노인생활안정","장사시설","장사시설설치","공설 장사시설 설치","45999000","45699000","14423988","99.3","31.6"
"2026","자치단체이전","자치단체자본보조","보건복지부","지역균형발전특별회계","지역지원계정","사회복지","노인","노인의료보장","노인요양시설확충","노인요양시설 확충","노인요양시설 확충","23635075","22610199","6726754","95.7","29.8"
"2026","자치단체이전","자치단체자본보조","보건복지부","지역균형발전특별회계","지역지원계정","보건","보건의료","공공보건의료확충","공공보건의료정보화","지방의료원 등 정보화 지원(정보화)","지방의료원 병원정보시스템지원","900000","900000","24854","100.0","2.8"
"2026","자치단체이전","자치단체자본보조","보건복지부","지역균형발전특별회계","지역지원계정","보건","보건의료","공공보건의료확충","지방의료원 등 육성","지역거점병원공공성강화","지방의료원 시설장비 현대화","65865000","65865000","7644267","100.0","11.6"
"2026","자치단체이전","자치단체자본보조","보건복지부","지역균형발전특별회계","지역지원계정","보건","보건의료","공공보건의료확충","지방의료원 등 육성","지역거점병원공공성강화","경상남도의료원 진주병원 설립 지원","1500000","0","717088","0.0","0"
"2026","자치단체이전","자치단체자본보조","보건복지부","지역균형발전특별회계","지역지원계정","보건","보건의료","공공보건의료확충","지방의료원 등 육성","지역거점병원공공성강화","대전의료원 설립지원","1000000","0","0","0.0","0"
"2026","자치단체이전","자치단체자본보조","보건복지부","지역균형발전특별회계","지역지원계정","보건","보건의료","공공보건의료확충","지방의료원 등 육성","지역거점병원공공성강화","권역책임의료기관 시설·장비 지원","81200000","60005460","0","73.9","0.0"
"2026","자치단체이전","자치단체자본보조","보건복지부","지역균형발전특별회계","지역지원계정","보건","보건의료","공공보건의료확충","지방의료원 등 육성","지역거점병원공공성강화","기능특성화 및 감염병대응(시설장비)","39602000","33875000","7748365","85.5","22.9"
"2026","자치단체이전","자치단체자본보조","보건복지부","지역균형발전특별회계","지역지원계정","보건","보건의료","공공보건의료확충","지방의료원 등 육성","지역거점병원공공성강화","공공보건의료 협력체계 구축(자본)","185000","184450","38164","99.7","20.7"
"2026","자치단체이전","자치단체자본보조","보건복지부","지역균형발전특별회계","지역지원계정","보건","보건의료","공공보건의료확충","의료취약지 지원","의료 및 분만취약지 지원","분만취약지 지원사업 설치","1900000","869441","0","45.8","0.0"
"2026","자치단체이전","자치단체자본보조","보건복지부","지역균형발전특별회계","지역지원계정","보건","보건의료","공공보건의료확충","의료취약지 지원","의료 및 분만취약지 지원","의료취약지 소아청소년과 지원사업 설치","200000","80000","0","40.0","0.0"
"2026","자치단체이전","자치단체자본보조","산림청","농어촌구조개선특별회계","임업진흥사업계정","농림수산","임업·산촌","국제산림협력","임산물수출촉진","임산물수출촉진","임산물글로벌기반구축(지자체자본)","650000","650000","454544","100.0","69.9"
"2026","자치단체이전","자치단체자본보조","산림청","농어촌구조개선특별회계","임업진흥사업계정","농림수산","임업·산촌","산림자원 및 산업육성","산림자원 육성·관리(농특)","조림","경제림 조성","0","0","0","0","0"
"2026","자치단체이전","자치단체자본보조","산림청","농어촌구조개선특별회계","임업진흥사업계정","농림수산","임업·산촌","산림자원 및 산업육성","산림자원 육성·관리(농특)","조림","큰나무조림","0","0","0","0","0"
"2026","자치단체이전","자치단체자본보조","산림청","농어촌구조개선특별회계","임업진흥사업계정","농림수산","임업·산촌","산림자원 및 산업육성","산림자원 육성·관리(농특)","조림","지역특화조림","0","0","0","0","0"
"2026","자치단체이전","자치단체자본보조","산림청","농어촌구조개선특별회계","임업진흥사업계정","농림수산","임업·산촌","산림자원 및 산업육성","산림자원 육성·관리(농특)","조림","선도산림경영단지","0","0","0","0","0"
"2026","자치단체이전","자치단체자본보조","산림청","농어촌구조개선특별회계","임업진흥사업계정","농림수산","임업·산촌","산림자원 및 산업육성","산림자원 육성·관리(농특)","조림","산림재해피해지복구조림","0","0","0","0","0"
"2026","자치단체이전","자치단체자본보조","산림청","농어촌구조개선특별회계","임업진흥사업계정","농림수산","임업·산촌","산림자원 및 산업육성","산림자원 육성·관리(농특)","조림","내화수림대조성","0","0","0","0","0"
"2026","자치단체이전","자치단체자본보조","산림청","농어촌구조개선특별회계","임업진흥사업계정","농림수산","임업·산촌","산림자원 및 산업육성","산림자원 육성·관리(농특)","숲가꾸기","정책숲가꾸기","0","0","0","0","0"
"2026","자치단체이전","자치단체자본보조","산림청","농어촌구조개선특별회계","임업진흥사업계정","농림수산","임업·산촌","산림자원 및 산업육성","산림자원 육성·관리(농특)","묘목생산","양묘시설현대화","540000","540000","54587","100.0","10.1"
"2026","자치단체이전","자치단체자본보조","산림청","농어촌구조개선특별회계","임업진흥사업계정","농림수산","임업·산촌","산림자원 및 산업육성","산림자원 육성·관리(농특)","묘목생산","종자채취 및 관리","617765","617765","59633","100.0","9.7"
"2026","자치단체이전","자치단체자본보조","산림청","농어촌구조개선특별회계","임업진흥사업계정","농림수산","임업·산촌","산림자원 및 산업육성","목재 및 임산물활용(농특)","청정임산물이용증진","임산물 유통기반조성","3095000","1419807","777974","45.9","54.8"
"2026","자치단체이전","자치단체자본보조","산림청","농어촌구조개선특별회계","임업진흥사업계정","농림수산","임업·산촌","산림자원 및 산업육성","목재 및 임산물활용(농특)","청정임산물이용증진","유통구조개선","2000000","973000","221458","48.7","22.8"
"2026","자치단체이전","자치단체자본보조","산림청","농어촌구조개선특별회계","임업진흥사업계정","농림수산","임업·산촌","산림자원 및 산업육성","목재 및 임산물활용(농특)","청정임산물이용증진","가공산업활성화","1000000","462000","64208","46.2","13.9"
"2026","자치단체이전","자치단체자본보조","산림청","농어촌구조개선특별회계","임업진흥사업계정","농림수산","임업·산촌","산림자원 및 산업육성","목재 및 임산물활용(농특)","임산물생산기반조성","친환경임산물재배관리","2100000","2100000","909091","100.0","43.3"
"2026","자치단체이전","자치단체자본보조","산림청","농어촌구조개선특별회계","임업진흥사업계정","농림수산","임업·산촌","산림자원 및 산업육성","목재 및 임산물활용(농특)","임산물생산기반조성","임산물 생산단지 규모화","10322400","8142690","3440982","78.9","42.3"
"2026","자치단체이전","자치단체자본보조","산림청","농어촌구조개선특별회계","임업진흥사업계정","농림수산","임업·산촌","산림자원 및 산업육성","목재 및 임산물활용(농특)","임산물생산기반조성","임산물 생산기반조성","6141000","4841300","2257583","78.8","46.6"
"2026","자치단체이전","자치단체자본보조","산림청","농어촌구조개선특별회계","임업진흥사업계정","농림수산","임업·산촌","산림자원 및 산업육성","목재 및 임산물활용(농특)","임산물생산기반조성","미이용 산림자원화센터","1500000","750000","0","50.0","0.0"
"2026","자치단체이전","자치단체자본보조","산림청","농어촌구조개선특별회계","임업진흥사업계정","농림수산","임업·산촌","산림자원 및 산업육성","목재 및 임산물활용(농특)","임산물생산기반조성","송이 대체작물조성","0","0","0","0","0"
"2026","자치단체이전","자치단체자본보조","산림청","농어촌구조개선특별회계","임업진흥사업계정","농림수산","임업·산촌","산림자원 및 산업육성","목재 및 임산물활용(농특)","임산물생산기반조성","임대형 임업스마트팜 조성 지원","0","0","0","0","0"
"2026","자치단체이전","자치단체자본보조","산림청","농어촌구조개선특별회계","임업진흥사업계정","농림수산","임업·산촌","산림자원 및 산업육성","목재 및 임산물활용(농특)","목재산업육성","주택용 목재펠릿보일러 보급","648000","550020","126975","84.9","23.1"
"2026","자치단체이전","자치단체자본보조","산림청","농어촌구조개선특별회계","임업진흥사업계정","농림수산","임업·산촌","산림자원 및 산업육성","목재 및 임산물활용(농특)","목재산업육성","사회복지용 목재펠릿보일러 보급","200000","98774","18694","49.4","18.9"
"2026","자치단체이전","자치단체자본보조","산림청","농어촌구조개선특별회계","임업진흥사업계정","농림수산","임업·산촌","산림자원 및 산업육성","목재 및 임산물활용(농특)","목재산업육성","산림에너지자립마을 조성사업","1000000","1000000","0","100.0","0.0"
"2026","자치단체이전","자치단체자본보조","산림청","농어촌구조개선특별회계","임업진흥사업계정","농림수산","임업·산촌","산림자원 및 산업육성","목재 및 임산물활용(농특)","목재산업육성","국산목재 활용 촉진사업","1000000","1000000","0","100.0","0.0"
"2026","자치단체이전","자치단체자본보조","산림청","농어촌구조개선특별회계","임업진흥사업계정","농림수산","임업·산촌","산림자원 및 산업육성","목재 및 임산물활용(농특)","목재산업육성","목재친화도시 조성","4250000","3950000","2631266","92.9","66.6"
"2026","자치단체이전","자치단체자본보조","산림청","농어촌구조개선특별회계","임업진흥사업계정","농림수산","임업·산촌","산림자원 및 산업육성","목재 및 임산물활용(농특)","목재산업육성","산림 목재클러스터 조성","7334000","5689000","421783","77.6","7.4"
"2026","자치단체이전","자치단체자본보조","산림청","농어촌구조개선특별회계","임업진흥사업계정","농림수산","임업·산촌","산림자원 및 산업육성","목재 및 임산물활용(농특)","목재이용증진","목재유통 시설보완","300000","300000","81818","100.0","27.3"
"2026","자치단체이전","자치단체자본보조","산림청","농어촌구조개선특별회계","임업진흥사업계정","농림수산","임업·산촌","산림자원 및 산업육성","목재 및 임산물활용(농특)","목재이용증진","어린이 이용시설 목조화","1000000","985000","150000","98.5","15.2"
"2026","자치단체이전","자치단체자본보조","산림청","농어촌구조개선특별회계","임업진흥사업계정","농림수산","임업·산촌","산림자원 및 산업육성","목재 및 임산물활용(농특)","목재이용증진","경상권 목재자원화센터 조성","1250000","1250000","850000","100.0","68.0"
"2026","자치단체이전","자치단체자본보조","산림청","농어촌구조개선특별회계","임업진흥사업계정","농림수산","임업·산촌","산림자원 및 산업육성","목재 및 임산물활용(농특)","목재이용증진","다중이용시설 실내목질화","250000","250000","0","100.0","0.0"
"2026","자치단체이전","자치단체자본보조","산림청","농어촌구조개선특별회계","임업진흥사업계정","농림수산","임업·산촌","산림자원 및 산업육성","목재 및 임산물활용(농특)","임산물 스마트팜 실증단지","임산물 스마트팜 실증단지","250000","250000","0","100.0","0.0"
"2026","자치단체이전","자치단체자본보조","산림청","농어촌구조개선특별회계","임업진흥사업계정","농림수산","임업·산촌","산림재난관리","산림병해충 예방 및 대응(농특)","산림병해충방제","산림병해충방제(자본보조)","462000","0","0","0.0","0"
"2026","자치단체이전","자치단체자본보조","산림청","일반회계"," ","농림수산","임업·산촌","산림자원 및 산업육성","종자 및 묘목 생산·관리(일반)","묘목생산","양묘시설현대화","0","0","0","0","0"
"2026","자치단체이전","자치단체자본보조","산림청","일반회계"," ","농림수산","임업·산촌","산림자원 및 산업육성","종자 및 묘목 생산·관리(일반)","묘목생산","종자채취 및 관리","0","0","0","0","0"
"2026","자치단체이전","자치단체자본보조","산림청","일반회계"," ","농림수산","임업·산촌","산림자원 및 산업육성","종자 및 묘목 생산·관리(일반)","묘목생산","묘목생산기반조성","0","0","0","0","0"
"2026","자치단체이전","자치단체자본보조","산림청","일반회계"," ","농림수산","임업·산촌","산림자원 및 산업육성","종자 및 묘목 생산·관리(일반)","산림생명산업","산림바이오 가공지원단지 조성(1차기)","0","0","0","0","0"
"2026","자치단체이전","자치단체자본보조","산림청","일반회계"," ","농림수산","임업·산촌","산림자원 및 산업육성","종자 및 묘목 생산·관리(일반)","산림생명산업","산림바이오 가공지원단지 조성(2차기)","0","0","0","0","0"
"2026","자치단체이전","자치단체자본보조","산림청","일반회계"," ","농림수산","임업·산촌","산림이용 및 복지증진","산지관리","산지관리","석재산업 진흥 기반구축 및 산업활성화","880000","880000","225626","100.0","25.6"
"2026","자치단체이전","자치단체자본보조","산림청","일반회계"," ","농림수산","임업·산촌","산림이용 및 복지증진","산림복지서비스 제공·운영","산림휴양등산증진","서부권 공립장흥등산학교","100000","0","0","0.0","0"
"2026","자치단체이전","자치단체자본보조","산림청","일반회계"," ","농림수산","임업·산촌","산림이용 및 복지증진","산림복지서비스 제공·운영","산림휴양등산증진","남부권 공립산림레포츠센터(경남 밀양)","100000","0","0","0.0","0"
"2026","자치단체이전","자치단체자본보조","산림청","일반회계"," ","농림수산","임업·산촌","산림이용 및 복지증진","산림복지서비스 제공·운영","산림휴양등산증진","공립무안산림레포츠센터조성사업","215000","108000","0","50.2","0.0"
"2026","자치단체이전","자치단체자본보조","산림청","일반회계"," ","농림수산","임업·산촌","산림환경 보전 및 증진","산림생태보전(일반)","산림복원","산림생태복원","1174488","1174488","546378","100.0","46.5"
"2026","자치단체이전","자치단체자본보조","산림청","일반회계"," ","농림수산","임업·산촌","산림환경 보전 및 증진","산림생태보전(일반)","산림복원","대규모 산림복원","2966600","2966600","691446","100.0","23.3"
"2026","자치단체이전","자치단체자본보조","산림청","일반회계"," ","농림수산","임업·산촌","산림환경 보전 및 증진","산림생태보전(일반)","산림복원","보호구역 산불피해지 산림생태복원","3548300","3548300","699072","100.0","19.7"
"2026","자치단체이전","자치단체자본보조","산림청","일반회계"," ","농림수산","임업·산촌","산림환경 보전 및 증진","산림생태보전(일반)","산림복원","산림복원지 유지관리","424500","424500","214550","100.0","50.5"
"2026","자치단체이전","자치단체자본보조","산림청","일반회계"," ","농림수산","임업·산촌","산림환경 보전 및 증진","산림생태보전(일반)","산림복원","섬숲경관복원","1918712","1918712","0","100.0","0.0"
"2026","자치단체이전","자치단체자본보조","산림청","일반회계"," ","농림수산","임업·산촌","산림환경 보전 및 증진","산림생태보전(일반)","백두대간보전","백두대간(정맥)생태축복원","3319400","3319400","2207627","100.0","66.5"
"2026","자치단체이전","자치단체자본보조","산림청","일반회계"," ","농림수산","임업·산촌","산림환경 보전 및 증진","산림생태보전(일반)","백두대간보전","산림복원지 유지·관리","40667","40667","14616","100.0","35.9"
"2026","자치단체이전","자치단체자본보조","산림청","일반회계"," ","농림수산","임업·산촌","산림환경 보전 및 증진","산림생태보전(일반)","백두대간보전","백두대간 주민지원","4153667","4114074","1237976","99.0","30.1"
"2026","자치단체이전","자치단체자본보조","산림청","일반회계"," ","농림수산","임업·산촌","산림환경 보전 및 증진","산림생물다양성보전(일반)","산림생물다양성증진","산림유전자원보호구역 보호·관리 협약","100000","100000","16318","100.0","16.3"
"2026","자치단체이전","자치단체자본보조","산림청","일반회계"," ","농림수산","임업·산촌","산림환경 보전 및 증진","산림생물다양성보전(일반)","산림생물다양성증진","산림식물자원 보전 관리","3850000","2000000","42850","51.9","2.1"
"2026","자치단체이전","자치단체자본보조","산림청","일반회계"," ","농림수산","임업·산촌","산림환경 보전 및 증진","정원 조성 및 관리","정원 조성관리","무궁화동산 조성 · 관리","0","0","0","0","0"
"2026","자치단체이전","자치단체자본보조","산림청","일반회계"," ","농림수산","임업·산촌","산림환경 보전 및 증진","정원 조성 및 관리","정원 조성관리","2028 울산 국제정원박람회","0","0","0","0","0"
"2026","자치단체이전","자치단체자본보조","산림청","일반회계"," ","농림수산","임업·산촌","산림재난관리","산림재해대응(일반)","산림재해대책비","산림재해발생시 긴급복구비","103171000","70289174","67499015","68.1","96.0"
"2026","자치단체이전","자치단체자본보조","산림청","일반회계"," ","농림수산","임업·산촌","산림재난관리","산림재해대응(일반)","산림재해대책비","산림재해대책비(소나무재선충병 방제)","70229000","67178100","20676886","95.7","30.8"
"2026","자치단체이전","자치단체자본보조","산림청","일반회계"," ","농림수산","임업·산촌","산림재난관리","산림재해대응(일반)","산림재해일자리","산림재해일자리(산림재난대응단)_자본","308000","308000","173003","100.0","56.2"
"2026","자치단체이전","자치단체자본보조","산림청","일반회계"," ","농림수산","임업·산촌","산림재난관리","산불 예방 및 대응","산불방지대책","산불방지대책(자본)","9574120","9574120","3989732","100.0","41.7"
"2026","자치단체이전","자치단체자본보조","산림청","일반회계"," ","농림수산","임업·산촌","산림재난관리","산사태 예방 및 대응(일반)","사방사업","사방시설 조성 및 유지관리","239185000","239185000","126313356","100.0","52.8"
"2026","자치단체이전","자치단체자본보조","산림청","지역균형발전특별회계","세종특별자치시계정","농림수산","임업·산촌","산림자원 및 산업육성","산림자원 육성·관리(지특, 세종)","조림(세종)","경제림조성","148000","148000","124878","100.0","84.4"
"2026","자치단체이전","자치단체자본보조","산림청","지역균형발전특별회계","세종특별자치시계정","농림수산","임업·산촌","산림자원 및 산업육성","산림자원 육성·관리(지특, 세종)","조림(세종)","큰나무조림","95000","95000","84931","100.0","89.4"
"2026","자치단체이전","자치단체자본보조","산림청","지역균형발전특별회계","세종특별자치시계정","농림수산","임업·산촌","산림자원 및 산업육성","산림자원 육성·관리(지특, 세종)","숲가꾸기(세종)","정책숲가꾸기(세종)","389000","368018","284091","94.6","77.2"
"2026","자치단체이전","자치단체자본보조","산림청","지역균형발전특별회계","세종특별자치시계정","농림수산","임업·산촌","산림자원 및 산업육성","임도시설(지특,세종)","임도시설(세종)","임도시설(세종계정)(지자체자본)","1363000","0","0","0.0","0"
"2026","자치단체이전","자치단체자본보조","산림청","지역균형발전특별회계","세종특별자치시계정","농림수산","임업·산촌","산림환경 보전 및 증진","탄소흡수원조성(지특, 세종)","도시바람길숲 조성(세종)","도시바람길숲 조성(세종)","675000","0","56187","0.0","0"
"2026","자치단체이전","자치단체자본보조","산림청","지역균형발전특별회계","세종특별자치시계정","농림수산","임업·산촌","산림환경 보전 및 증진","정원조성 및 관리(지특, 세종)","정원도시조성(세종)","정원도시 조성","500000","0","64960","0.0","0"
"2026","자치단체이전","자치단체자본보조","산림청","지역균형발전특별회계","제주특별자치도계정","농림수산","임업·산촌","산림자원 및 산업육성","산림자원 육성·관리(지특, 제주)","조림(제주)","경제림조성","17853","17853","17853","100.0","100.0"
"2026","자치단체이전","자치단체자본보조","산림청","지역균형발전특별회계","제주특별자치도계정","농림수산","임업·산촌","산림자원 및 산업육성","산림자원 육성·관리(지특, 제주)","조림(제주)","큰나무조림","482000","482000","482000","100.0","100.0"
"2026","자치단체이전","자치단체자본보조","산림청","지역균형발전특별회계","제주특별자치도계정","농림수산","임업·산촌","산림자원 및 산업육성","산림자원 육성·관리(지특, 제주)","조림(제주)","지역특화조림","297147","297147","297147","100.0","100.0"
"2026","자치단체이전","자치단체자본보조","산림청","지역균형발전특별회계","제주특별자치도계정","농림수산","임업·산촌","산림자원 및 산업육성","산림자원 육성·관리(지특, 제주)","숲가꾸기(제주)","정책숲가꾸기(제주)","1548000","1483719","1069209","95.8","72.1"
"2026","자치단체이전","자치단체자본보조","산림청","지역균형발전특별회계","제주특별자치도계정","농림수산","임업·산촌","산림자원 및 산업육성","임도시설(지특,제주)","임도시설(제주)","임도시설(제주계정)(지자체자본)","279000","279000","169327","100.0","60.7"
"2026","자치단체이전","자치단체자본보조","산림청","지역균형발전특별회계","제주특별자치도계정","농림수산","임업·산촌","산림환경 보전 및 증진","탄소흡수원조성(지특, 제주)","도시바람길숲 조성(제주)","도시바람길숲 조성(제주)","950000","475000","610109","50.0","128.4"
"2026","자치단체이전","자치단체자본보조","산림청","지역균형발전특별회계","제주특별자치도계정","농림수산","임업·산촌","산림환경 보전 및 증진","탄소흡수원조성(지특, 제주)","생활권도시숲조성(제주)","자녀안심 그린숲 조성(제주)","200000","200000","187935","100.0","94.0"
"2026","자치단체이전","자치단체자본보조","산림청","지역균형발전특별회계","제주특별자치도계정","농림수산","임업·산촌","산림환경 보전 및 증진","탄소흡수원조성(지특, 제주)","생활권도시숲조성(제주)","생활밀착형숲조성(실내정원)","500000","375000","267847","75.0","71.4"
"2026","자치단체이전","자치단체자본보조","산림청","지역균형발전특별회계","지역자율계정","농림수산","임업·산촌","산림자원 및 산업육성","종자 및 묘목 생산·관리(지특, 자율)","산림생명산업(자율)","산림바이오 가공지원단지 조성(1차기)","3000000","3000000","19305","100.0","0.6"
"2026","자치단체이전","자치단체자본보조","산림청","지역균형발전특별회계","지역자율계정","농림수산","임업·산촌","산림자원 및 산업육성","종자 및 묘목 생산·관리(지특, 자율)","산림생명산업(자율)","산림바이오 가공지원단지 조성(2차기)","2500000","1200000","1309","48.0","0.1"
"2026","자치단체이전","자치단체자본보조","산림청","지역균형발전특별회계","지역자율계정","농림수산","임업·산촌","산림자원 및 산업육성","종자 및 묘목 생산·관리(지특, 자율)","산림생명산업(자율)","산림바이오 가공지원단지 조성(3차기)","100000","0","0","0.0","0"
"2026","자치단체이전","자치단체자본보조","산림청","지역균형발전특별회계","지역자율계정","농림수산","임업·산촌","산림자원 및 산업육성","산림자원 육성·관리(지특, 자율)","조림(자율)","경제림 조성","34257591","34257591","31118404","100.0","90.8"
"2026","자치단체이전","자치단체자본보조","산림청","지역균형발전특별회계","지역자율계정","농림수산","임업·산촌","산림자원 및 산업육성","산림자원 육성·관리(지특, 자율)","조림(자율)","큰나무조림","22243598","21850868","18364337","98.2","84.0"
"2026","자치단체이전","자치단체자본보조","산림청","지역균형발전특별회계","지역자율계정","농림수산","임업·산촌","산림자원 및 산업육성","산림자원 육성·관리(지특, 자율)","조림(자율)","지역특화조림","12250811","12250811","8750992","100.0","71.4"
"2026","자치단체이전","자치단체자본보조","산림청","지역균형발전특별회계","지역자율계정","농림수산","임업·산촌","산림자원 및 산업육성","산림자원 육성·관리(지특, 자율)","조림(자율)","산림재해피해지복구조림","23190000","23190000","9622328","100.0","41.5"
"2026","자치단체이전","자치단체자본보조","산림청","지역균형발전특별회계","지역자율계정","농림수산","임업·산촌","산림자원 및 산업육성","산림자원 육성·관리(지특, 자율)","조림(자율)","내화수림대조성","3705000","3705000","3739022","100.0","100.9"
"2026","자치단체이전","자치단체자본보조","산림청","지역균형발전특별회계","지역자율계정","농림수산","임업·산촌","산림자원 및 산업육성","산림자원 육성·관리(지특, 자율)","조림(자율)","선도산림경영단지","9491000","9103222","3147567","95.9","34.6"
"2026","자치단체이전","자치단체자본보조","산림청","지역균형발전특별회계","지역자율계정","농림수산","임업·산촌","산림자원 및 산업육성","산림자원 육성·관리(지특, 자율)","숲가꾸기(자율)","정책숲가꾸기(자율)","152846917","129959993","104244866","85.0","80.2"
"2026","자치단체이전","자치단체자본보조","산림청","지역균형발전특별회계","지역자율계정","농림수산","임업·산촌","산림자원 및 산업육성","임도시설(지특,자율)","임도시설(자율)","임도시설(지역자율계정)(지자체자본)","99458000","89238832","31941033","89.7","35.8"
"2026","자치단체이전","자치단체자본보조","산림청","지역균형발전특별회계","지역자율계정","농림수산","임업·산촌","산림자원 및 산업육성","목재 및 임산물활용(지특)","국산목재목조건축실연(자율)","국산목재 목조건축 실연사업","20580000","18990875","2907985","92.3","15.3"
"2026","자치단체이전","자치단체자본보조","산림청","지역균형발전특별회계","지역자율계정","농림수산","임업·산촌","산림자원 및 산업육성","목재 및 임산물활용(지특)","국산목재목조건축실연(자율)","친환경 목조전망대 조성","5100000","5100000","216138","100.0","4.2"
"2026","자치단체이전","자치단체자본보조","산림청","지역균형발전특별회계","지역자율계정","농림수산","임업·산촌","산림환경 보전 및 증진","탄소흡수원조성(지특, 자율)","도시바람길숲 조성(자율)","도시바람길숲 조성(자율)","19874000","17284758","7328203","87.0","42.4"
"2026","자치단체이전","자치단체자본보조","산림청","지역균형발전특별회계","지역자율계정","농림수산","임업·산촌","산림환경 보전 및 증진","탄소흡수원조성(지특, 자율)","생활권도시숲조성(자율)","자녀안심 그린숲 조성(자율)","3587000","3587000","2105155","100.0","58.7"
"2026","자치단체이전","자치단체자본보조","산림청","지역균형발전특별회계","지역자율계정","농림수산","임업·산촌","산림환경 보전 및 증진","탄소흡수원조성(지특, 자율)","생활권도시숲조성(자율)","생활밀착형숲조성(소읍지역)","5250000","3936000","2636848","75.0","67.0"
"2026","자치단체이전","자치단체자본보조","산림청","지역균형발전특별회계","지역자율계정","농림수산","임업·산촌","산림환경 보전 및 증진","탄소흡수원조성(지특, 자율)","생활권도시숲조성(자율)","생활밀착형숲조성(실내정원)","5925000","3757000","1405518","63.4","37.4"
"2026","자치단체이전","자치단체자본보조","산림청","지역균형발전특별회계","지역자율계정","농림수산","임업·산촌","산림환경 보전 및 증진","정원조성 및 관리(지특)","정원도시조성(자율)","정원도시 조성","8763730","4637730","1356711","52.9","29.3"
"2026","자치단체이전","자치단체자본보조","산림청","지역균형발전특별회계","지역자율계정","농림수산","임업·산촌","산림환경 보전 및 증진","정원조성 및 관리(지특)","정원 운영 및 박람회 지원(자율)","무궁화동산 조성관리","950000","950000","845351","100.0","89.0"
"2026","자치단체이전","자치단체자본보조","산림청","지역균형발전특별회계","지역자율계정","농림수산","임업·산촌","산림환경 보전 및 증진","정원조성 및 관리(지특)","정원 운영 및 박람회 지원(자율)","2028 울산 국제정원박람회","3832000","3256929","0","85.0","0.0"
"2026","자치단체이전","자치단체자본보조","산업통상부","에너지및자원사업특별회계","투자계정","산업·중소기업및에너지","에너지및자원개발","에너지공급체계구축","가스수급안정","LPG 소형 저장탱크 보급","마을단위 지원","0","0","200000","0","0"
"2026","자치단체이전","자치단체자본보조","산업통상부","에너지및자원사업특별회계","투자계정","산업·중소기업및에너지","에너지및자원개발","에너지공급체계구축","가스수급안정","읍·면단위(중규모) LPG배관망구축사업","읍·면단위(중규모) LPG배관망구축사업","0","0","0","0","0"
"2026","자치단체이전","자치단체자본보조","산업통상부","에너지및자원사업특별회계","투자계정","산업·중소기업및에너지","에너지및자원개발","에너지공급체계구축","가스수급안정","도시가스 공급배관 건설지원","도시가스 공급배관 건설지원","140000000","0","0","0.0","0"
"2026","자치단체이전","자치단체자본보조","산업통상부","일반회계"," ","산업·중소기업및에너지","산업혁신지원","지역경제활성화","지역환경개선","순직산업전사위령탑성역화사업","순직산업전사위령탑 성역화 사업","3500000","0","2330399","0.0","0"
"2026","자치단체이전","자치단체자본보조","산업통상부","일반회계"," ","산업·중소기업및에너지","산업혁신지원","포항지진 피해관리","포항지진 피해구제","포항국제전시컨벤션센터건립","환동해해양복합전시센터건립","0","0","0","0","0"
"2026","자치단체이전","자치단체자본보조","산업통상부","지역균형발전특별회계","세종특별자치시계정","산업·중소기업및에너지","에너지및자원개발","에너지자원정책","에너지이용합리화","지역에너지절약 시설보조(세종)","지역에너지절약 시설보조(세종)","0","0","0","0","0"
"2026","자치단체이전","자치단체자본보조","산업통상부","지역균형발전특별회계","세종특별자치시계정","산업·중소기업및에너지","에너지및자원개발","에너지공급체계구축","가스수급안정","마을단위 LPG 소형 저장탱크 보급(세종)","마을단위 LPG 소형 저장탱크 보급(세종)","250000","0","0","0.0","0"
"2026","자치단체이전","자치단체자본보조","산업통상부","지역균형발전특별회계","세종특별자치시계정","산업·중소기업및에너지","산업혁신지원","지역경제활성화","지역투자유치활성화","지역투자촉진(세종)","지역투자촉진(세종)","5582725","649025","649025","11.6","100.0"
"2026","자치단체이전","자치단체자본보조","산업통상부","지역균형발전특별회계","제주특별자치도계정","산업·중소기업및에너지","에너지및자원개발","에너지자원정책","에너지이용합리화","지역에너지절약 시설보조(제주)","지역에너지절약 시설보조(제주)","0","0","0","0","0"
"2026","자치단체이전","자치단체자본보조","산업통상부","지역균형발전특별회계","제주특별자치도계정","산업·중소기업및에너지","에너지및자원개발","에너지공급체계구축","가스수급안정","마을단위 LPG 소형 저장탱크 보급(제주)","마을단위 LPG 소형 저장탱크 보급(제주)","500000","406831","186579","81.4","45.9"
"2026","자치단체이전","자치단체자본보조","산업통상부","지역균형발전특별회계","제주특별자치도계정","산업·중소기업및에너지","에너지및자원개발","에너지공급체계구축","가스수급안정","읍면단위(중규모) LPG배관망구축(제주)","읍면단위(중규모) LPG배관망구축(제주)","9289000","7610845","948879","81.9","12.5"
"2026","자치단체이전","자치단체자본보조","산업통상부","지역균형발전특별회계","지역자율계정","산업·중소기업및에너지","에너지및자원개발","에너지자원정책","에너지이용합리화","지역에너지절약 시설보조(자율계정)","지역에너지절약 시설보조(자율계정)","0","0","0","0","0"
"2026","자치단체이전","자치단체자본보조","산업통상부","지역균형발전특별회계","지역자율계정","산업·중소기업및에너지","에너지및자원개발","에너지공급체계구축","가스수급안정","마을단위 LPG 소형 저장탱크 보급(자율)","마을단위 LPG 소형 저장탱크 보급(자율)","6250000","5115107","648817","81.8","12.7"
"2026","자치단체이전","자치단체자본보조","산업통상부","지역균형발전특별회계","지역자율계정","산업·중소기업및에너지","에너지및자원개발","에너지공급체계구축","가스수급안정","읍면단위(중규모) LPG배관망구축(자율)","읍면단위(중규모) LPG배관망구축(자율)","51522000","42049145","9635042","81.6","22.9"
"2026","자치단체이전","자치단체자본보조","산업통상부","지역균형발전특별회계","지역자율계정","산업·중소기업및에너지","에너지및자원개발","에너지기술기반확충","기반구축","수소생산기지 구축","탄소포집형 수소생산기지구축(자율계정)","0","0","0","0","0"
"2026","자치단체이전","자치단체자본보조","산업통상부","지역균형발전특별회계","지역지원계정","산업·중소기업및에너지","산업혁신지원","지역경제활성화","기업입지환경개선","산업단지환경조성","RE100산단기반시설구축","2000000","0","0","0.0","0"
"2026","자치단체이전","자치단체자본보조","산업통상부","지역균형발전특별회계","지역지원계정","산업·중소기업및에너지","산업혁신지원","지역경제활성화","지역투자유치활성화","지역투자촉진","지방투자촉진보조금","255831506","58863999","27387763","23.0","46.5"
"2026","자치단체이전","자치단체자본보조","산업통상부","지역균형발전특별회계","지역지원계정","산업·중소기업및에너지","산업혁신지원","외국인투자유치활성화","외국인투자유치활성화","외국교육연구기관 등 유치지원","외국교육연구기관 등 건축비 지원","0","0","0","0","0"
"2026","자치단체이전","자치단체자본보조","산업통상부","지역균형발전특별회계","지역지원계정","산업·중소기업및에너지","산업혁신지원","외국인투자유치활성화","외국인투자유치활성화","투자유치기반조성","국내복귀투자보조","124400000","72038699","44554868","57.9","61.8"
"2026","자치단체이전","자치단체자본보조","산업통상부","지역균형발전특별회계","지역지원계정","교통및물류","물류등기타","경제자유구역사업추진","경제자유구역지원","기타 기반시설 지원","두동지구 진입도로","1000000","1000000","144403","100.0","14.4"
"2026","자치단체이전","자치단체자본보조","산업통상부","지역균형발전특별회계","지역지원계정","교통및물류","물류등기타","경제자유구역사업추진","경제자유구역지원","기타 기반시설 지원","세풍산단 진입도로","3500000","1794000","0","51.3","0.0"
"2026","자치단체이전","자치단체자본보조","산업통상부","지역균형발전특별회계","지역지원계정","교통및물류","물류등기타","경제자유구역사업추진","경제자유구역지원","기타 기반시설 지원","세풍산단 간선도로","1500000","1500000","0","100.0","0.0"
"2026","자치단체이전","자치단체자본보조","산업통상부","지역균형발전특별회계","지역지원계정","교통및물류","물류등기타","경제자유구역사업추진","경제자유구역지원","기타 기반시설 지원","영천하이테크파크지구 간선도로","0","0","0","0","0"
"2026","자치단체이전","자치단체자본보조","산업통상부","지역균형발전특별회계","지역지원계정","교통및물류","물류등기타","경제자유구역사업추진","경제자유구역지원","기타 기반시설 지원","영천하이테크파크지구 용수공급시설","0","0","0","0","0"
"2026","자치단체이전","자치단체자본보조","산업통상부","지역균형발전특별회계","지역지원계정","교통및물류","물류등기타","경제자유구역사업추진","경제자유구역지원","기타 기반시설 지원","웅동지구 북측 간선도로","4728000","2500000","0","52.9","0.0"
"2026","자치단체이전","자치단체자본보조","산업통상부","지역균형발전특별회계","지역지원계정","교통및물류","물류등기타","경제자유구역사업추진","경제자유구역지원","기타 기반시설 지원","명지지구 2단계 간선도로 확장","1000000","1000000","500000","100.0","50.0"
"2026","자치단체이전","자치단체자본보조","산업통상부","지역균형발전특별회계","지역지원계정","교통및물류","물류등기타","경제자유구역사업추진","경제자유구역지원","기타 기반시설 지원","미단시티 진입도로","2138000","2138000","2138000","100.0","100.0"
"2026","자치단체이전","자치단체자본보조","산업통상부","지역균형발전특별회계","지역지원계정","교통및물류","물류등기타","경제자유구역사업추진","경제자유구역지원","기타 기반시설 지원","아암물류단지 진입도로","327000","227000","227000","69.4","100.0"
"2026","자치단체이전","자치단체자본보조","산업통상부","지역균형발전특별회계","지역지원계정","교통및물류","물류등기타","경제자유구역사업추진","경제자유구역지원","기타 기반시설 지원","보배복합지구 간선도로","5341000","2469000","0","46.2","0.0"
"2026","자치단체이전","자치단체자본보조","산업통상부","지역균형발전특별회계","지역지원계정","교통및물류","물류등기타","경제자유구역사업추진","경제자유구역지원","기타 기반시설 지원","송도11-1공구 1단계(첨단산업클러스터) 공동구 설치","0","0","0","0","0"
"2026","자치단체이전","자치단체자본보조","산업통상부","지역균형발전특별회계","지역지원계정","교통및물류","물류등기타","경제자유구역사업추진","경제자유구역지원","기타 기반시설 지원","R&D지구 간선도로","160000","0","407930","0.0","0"
"2026","자치단체이전","자치단체자본보조","산업통상부","지역균형발전특별회계","지역지원계정","교통및물류","물류등기타","경제자유구역사업추진","경제자유구역지원","기타 기반시설 지원","웅동지구 진입도로","3154000","2000000","37060","63.4","1.9"
"2026","자치단체이전","자치단체자본보조","산업통상부","지역균형발전특별회계","지역지원계정","교통및물류","물류등기타","경제자유구역사업추진","경제자유구역지원","기타 기반시설 지원","세풍산단 2단계 내부간선도로","4000000","2000000","2000000","50.0","100.0"
"2026","자치단체이전","자치단체자본보조","산업통상부","지역균형발전특별회계","지역지원계정","교통및물류","물류등기타","경제자유구역사업추진","경제자유구역지원","기타 기반시설 지원","해룡산단 내부간선도로","100000","50000","0","50.0","0.0"
"2026","자치단체이전","자치단체자본보조","산업통상부","지역균형발전특별회계","지역지원계정","교통및물류","물류등기타","경제자유구역사업추진","경제자유구역지원","기타 기반시설 지원","R&D지구 2단계 간선도로","211000","0","2781799","0.0","0"
"2026","자치단체이전","자치단체자본보조","산업통상부","지역균형발전특별회계","지역지원계정","교통및물류","물류등기타","경제자유구역사업추진","경제자유구역지원","주요기반시설지원","경산지식산업지구 진입도로","3453000","3453000","3147593","100.0","91.2"
"2026","자치단체이전","자치단체자본보조","산업통상부","지역균형발전특별회계","지역지원계정","교통및물류","물류등기타","경제자유구역사업추진","경제자유구역지원","주요기반시설지원","부산진해경제자유구역(BJFEZ) 북측진입도로","10000000","3853000","0","38.5","0.0"
"2026","자치단체이전","자치단체자본보조","산업통상부","지역균형발전특별회계","지역지원계정","교통및물류","물류등기타","경제자유구역사업추진","경제자유구역지원","주요기반시설지원","여수경도해양관광단지 진입도로","1000000","500000","0","50.0","0.0"
"2026","자치단체이전","자치단체자본보조","새만금개발청","일반회계"," ","국토및지역개발","지역및도시","새만금 개발","새만금개발사업지원","새만금 상수도시설 건설사업","새만금 상수도시설 건설(옥구배수지)","3400000","3400000","3400000","100.0","100.0"
"2026","자치단체이전","자치단체자본보조","새만금개발청","일반회계"," ","국토및지역개발","지역및도시","새만금 개발","새만금개발사업지원","새만금산단 기업성장센터 건립","새만금지구 국가산단 기업성장센터 구축","1700000","0","478590","0.0","0"
"2026","자치단체이전","자치단체자본보조","성평등가족부","양성평등기금"," ","사회복지","성평등·청소년·가족","여성·아동인권보호","성매매방지 및 피해자 지원(기금)","성매매방지 및 피해자 지원","성매매피해자 지원기관 기능보강","1291000","1144035","326666","88.6","28.6"
"2026","자치단체이전","자치단체자본보조","성평등가족부","양성평등기금"," ","사회복지","성평등·청소년·가족","여성·아동인권보호","가정폭력·성폭력피해회복및재발방지사업","가정폭력·스토킹 방지 및 피해자 지원","가정폭력피해자 보호시설 운영(자본보조)","463000","463000","241652","100.0","52.2"
"2026","자치단체이전","자치단체자본보조","성평등가족부","양성평등기금"," ","사회복지","성평등·청소년·가족","여성·아동인권보호","가정폭력·성폭력피해회복및재발방지사업","가정폭력·스토킹 방지 및 피해자 지원","여성긴급전화1366센터 운영(자본보조)","190000","190000","93016","100.0","49.0"
"2026","자치단체이전","자치단체자본보조","성평등가족부","양성평등기금"," ","사회복지","성평등·청소년·가족","여성·아동인권보호","가정폭력·성폭력피해회복및재발방지사업","가정폭력·스토킹 방지 및 피해자 지원","스토킹 피해자 지원시설 및 서비스 운영지원(자본보조) ","0","0","0","0","0"
"2026","자치단체이전","자치단체자본보조","성평등가족부","양성평등기금"," ","사회복지","성평등·청소년·가족","여성·아동인권보호","가정폭력·성폭력피해회복및재발방지사업","가정폭력·스토킹 방지 및 피해자 지원","폭력피해자 주거지원 운영 (자본보조)","246000","143193","117559","58.2","82.1"
"2026","자치단체이전","자치단체자본보조","성평등가족부","양성평등기금"," ","사회복지","성평등·청소년·가족","여성·아동인권보호","가정폭력·성폭력피해회복및재발방지사업","폭력피해이주여성지원사업","폭력피해이주여성보호시설 안전보강","149000","148983","135553","100.0","91.0"
"2026","자치단체이전","자치단체자본보조","성평등가족부","양성평등기금"," ","사회복지","성평등·청소년·가족","가족정책 및 돌봄 지원","한부모가족지원(기금)","한부모가족 복지시설지원","시설 기능보강 지원","922000","738000","688987","80.0","93.4"
"2026","자치단체이전","자치단체자본보조","성평등가족부","일반회계"," ","사회복지","성평등·청소년·가족","성평등정책기반강화및여성경제활동지원","정책협의및평가","성평등정책전략기반구축","공공생리대 지원 시범사업 ","880000","880000","104500","100.0","11.9"
"2026","자치단체이전","자치단체자본보조","성평등가족부","일반회계"," ","사회복지","성평등·청소년·가족","성평등정책기반강화및여성경제활동지원","성평등문화확산 및 국내협력네트워크 강화","성평등문화확산","여성친화도시 조성 사업","0","0","0","0","0"
"2026","자치단체이전","자치단체자본보조","성평등가족부","지역균형발전특별회계","지역자율계정","사회복지","성평등·청소년·가족","가족정책 및 돌봄 지원","가족친화환경조성","가족센터 건립(자율)","가족센터 건립(지역자율계정)","5095000","4268700","1604707","83.8","37.6"
"2026","자치단체이전","자치단체자본보조","성평등가족부","지역균형발전특별회계","지역지원계정","사회복지","성평등·청소년·가족","가족정책 및 돌봄 지원","가족친화환경조성","가족센터 건립","가족센터 건립(이월)","0","0","0","0","0"
"2026","자치단체이전","자치단체자본보조","성평등가족부","청소년육성기금"," ","사회복지","성평등·청소년·가족","청소년정책및역량강화","청소년 사회안전망구축","청소년 사회안전망구축","학교 밖 청소년 전용공간 지원","350000","350000","133085","100.0","38.0"
"2026","자치단체이전","자치단체자본보조","성평등가족부","청소년육성기금"," ","사회복지","성평등·청소년·가족","청소년정책및역량강화","청소년 사회안전망구축","청소년복지시설 운영지원","청소년복지시설 기능보강","500000","433989","98456","86.8","22.7"
"2026","자치단체이전","자치단체자본보조","소방청","일반회계"," ","공공질서및안전","재난관리","소방정책지원","소방시설장비지원","실화재훈련시설구축","실화재훈련시설구축","683000","478000","0","70.0","0.0"
"2026","자치단체이전","자치단체자본보조","소방청","일반회계"," ","공공질서및안전","재난관리","소방정책지원","소방시설장비지원","실화재훈련시설구축","실화재훈련시설보강","2600000","1820000","261747","70.0","14.4"
"2026","자치단체이전","자치단체자본보조","소방청","일반회계"," ","공공질서및안전","재난관리","소방정책지원","화재예방제도 선진화","화재안전및시설기준개발","산림인접마을 비상소화장치 설치지원","2280000","2280000","3438256","100.0","150.8"
"2026","자치단체이전","자치단체자본보조","소방청","일반회계"," ","공공질서및안전","재난관리","소방정책지원","소방정보시스템구축(정보화)","소방정보시스템구축(정보화)","소방정보시스템 확산 및 지원","240000","240000","240000","100.0","100.0"
"2026","자치단체이전","자치단체자본보조","식품의약품안전처","일반회계"," ","보건","식품의약안전","식품안전성제고","식품 안전기반 구축","HACCP제도 활성화","스마트 HACCP 확산 지원(스마트 HACCP 등록시스템 지원)","300000","172200","7227","57.4","4.2"
"2026","자치단체이전","자치단체자본보조","식품의약품안전처","일반회계"," ","보건","식품의약안전","위해관리 선진화","시험검사 신뢰성 확보","실험실 검사능력 강화","시도 보건환경연구원 지원(장비)","1360000","1360000","788594","100.0","58.0"
"2026","자치단체이전","자치단체자본보조","외교부","일반회계"," ","통일·외교","외교·통상","경제외교","다자 경제외교 강화","2025 APEC 의장국","APEC 지자체 지원","0","0","173330","0","0"
"2026","자치단체이전","자치단체자본보조","중소벤처기업부","소상공인시장진흥기금"," ","산업·중소기업및에너지","중소기업및소상공인육성","소상공인·전통시장지원","소상공인지원(기금)","소공인특화지원","지역소공인육성","4567000","1858150","149514","40.7","8.0"
"2026","자치단체이전","자치단체자본보조","중소벤처기업부","일반회계"," ","산업·중소기업및에너지","창업및벤처","창업환경조성","창업활성화지원","창업저변확대","지역혁신창업활성화지원","9750000","7300000","168014","74.9","2.3"
"2026","자치단체이전","자치단체자본보조","중소벤처기업부","중소벤처기업창업및진흥기금"," ","산업·중소기업및에너지","창업및벤처","창업환경조성","재도약지원(기금)","재도약촉진","지역 주도형 AI 대전환","48800000","0","3975260","0.0","0"
"2026","자치단체이전","자치단체자본보조","중소벤처기업부","지역균형발전특별회계","세종특별자치시계정","산업·중소기업및에너지","창업및벤처","창업환경조성","창업인프라지원(지특)","지식산업센터(세종)","지식산업센터건립(세종)","0","0","0","0","0"
"2026","자치단체이전","자치단체자본보조","중소벤처기업부","지역균형발전특별회계","제주특별자치도계정","산업·중소기업및에너지","중소기업및소상공인육성","소상공인·전통시장지원","전통시장활성화지원","전통시장 주차환경 개선(제주)","전통시장 주차환경개선(공영주차장 건립-자치단체 자본보조)","640000","120000","427078","18.8","355.9"
"2026","자치단체이전","자치단체자본보조","중소벤처기업부","지역균형발전특별회계","제주특별자치도계정","산업·중소기업및에너지","중소기업및소상공인육성","소상공인·전통시장지원","전통시장활성화지원","상권활성화 사업(제주)","상권활성화 사업(제주)","865000","778500","188575","90.0","24.2"
"2026","자치단체이전","자치단체자본보조","중소벤처기업부","지역균형발전특별회계","지역자율계정","산업·중소기업및에너지","창업및벤처","창업환경조성","창업인프라지원(지특)","지식산업센터(자율)","지식산업센터건립","94817000","61999737","27848821","65.4","44.9"
"2026","자치단체이전","자치단체자본보조","중소벤처기업부","지역균형발전특별회계","지역자율계정","산업·중소기업및에너지","중소기업및소상공인육성","지역중소기업육성","지역산업경쟁력강화","지역특화산업육성(자율)","대전테크노파크 조성사업","3594000","3594000","0","100.0","0.0"
"2026","자치단체이전","자치단체자본보조","중소벤처기업부","지역균형발전특별회계","지역자율계정","산업·중소기업및에너지","중소기업및소상공인육성","소상공인·전통시장지원","전통시장활성화지원","전통시장 주차환경 개선(자율)","전통시장 주차환경개선(공영주차장 건립-자치단체 자본보조)","22482000","11995026","15473683","53.4","129.0"
"2026","자치단체이전","자치단체자본보조","중소벤처기업부","지역균형발전특별회계","지역자율계정","산업·중소기업및에너지","중소기업및소상공인육성","소상공인·전통시장지원","전통시장활성화지원","전통시장 주차환경 개선(자율)","전통시장 주차환경개선(개보수-자치단체 자본보조)","694000","455578","352733","65.6","77.4"
"2026","자치단체이전","자치단체자본보조","중소벤처기업부","지역균형발전특별회계","지역자율계정","산업·중소기업및에너지","중소기업및소상공인육성","소상공인·전통시장지원","전통시장활성화지원","상권활성화 사업(자율)","상권활성화 사업(자율, 자본)","2863000","2397500","537227","83.7","22.4"
"2026","자치단체이전","자치단체자본보조","질병관리청","일반회계"," ","보건","보건의료","감염병정책관리","한센병관리","한센병환자관리지원","한센병환자관리지원 자치단체 자본보조","725000","725000","362612","100.0","50.0"
"2026","자치단체이전","자치단체자본보조","질병관리청","일반회계"," ","보건","보건의료","감염병위기대응","감염병관리","권역 감염병 전문병원 구축","충청권 감염병전문병원 감염병동 구축","0","0","0","0","0"
"2026","자치단체이전","자치단체자본보조","질병관리청","일반회계"," ","보건","보건의료","감염병위기대응","감염병관리","권역 감염병 전문병원 구축","경북권 감염병전문병원 감염병동 구축","0","0","0","0","0"
"2026","자치단체이전","자치단체자본보조","질병관리청","일반회계"," ","보건","보건의료","감염병위기대응","감염병관리","권역 감염병 전문병원 구축","호남권 감염병전문병원 감염병동 구축","13703000","13703000","56658","100.0","0.4"
"2026","자치단체이전","자치단체자본보조","질병관리청","일반회계"," ","보건","보건의료","감염병위기대응","감염병관리","권역 감염병 전문병원 구축","경남권 감염병전문병원 감염병동 구축","0","0","0","0","0"
"2026","자치단체이전","자치단체자본보조","질병관리청","일반회계"," ","보건","보건의료","감염병위기대응","감염병관리","권역 감염병 전문병원 구축","수도권 감염병전문병원 감염병동 구축","3457000","0","0","0.0","0"
"2026","자치단체이전","자치단체자본보조","질병관리청","일반회계"," ","보건","보건의료","감염병진단분석","진단분석관리","감염병표준실험실운영","에이즈및성병실험실진단","0","0","0","0","0"
"2026","자치단체이전","자치단체자본보조","해양수산부","교통시설특별회계","항만계정","교통및물류","해운·항만","항만개발 및 관리","신항만 개발","광양항(3단계)","배후도로 확포장","0","0","0","0","0"
"2026","자치단체이전","자치단체자본보조","해양수산부","교통시설특별회계","항만계정","교통및물류","해운·항만","항만개발 및 관리","신항만 개발","인천신항","인천신항 진입도로 지하차도 건설공사","3768000","0","0","0.0","0"
"2026","자치단체이전","자치단체자본보조","해양수산부","교통시설특별회계","항만계정","교통및물류","해운·항만","항만개발 및 관리","주요항 건설","인천남항","아암물류2단지 접속 지하차도(아암지하차도 건설공사)","0","0","0","0","0"
"2026","자치단체이전","자치단체자본보조","해양수산부","교통시설특별회계","항만계정","교통및물류","해운·항만","항만개발 및 관리","항만 재개발","기타항만 재개발","인천항 내항 1·8부두 항만재개발 재정지원시설 설치","1764000","1235000","1235000","70.0","100.0"
"2026","자치단체이전","자치단체자본보조","해양수산부","교통시설특별회계","항만계정","교통및물류","해운·항만","항만개발 및 관리","항만 재개발","기타항만 재개발","동해·묵호항 소규모 항만재개발","832000","0","0","0.0","0"
"2026","자치단체이전","자치단체자본보조","해양수산부","교통시설특별회계","항만계정","교통및물류","해운·항만","항만개발 및 관리","항만 재개발","기타항만 재개발","목포항 내항 소규모 항만재개발","832000","0","0","0.0","0"
"2026","자치단체이전","자치단체자본보조","해양수산부","교통시설특별회계","항만계정","교통및물류","해운·항만","해양 및 해상교통관리","항로표지시설 확충 및 안전관리","표지시설","등대해양문화공간 조성","600000","0","71194","0.0","0"
"2026","자치단체이전","자치단체자본보조","해양수산부","농어촌구조개선특별회계","구조개선사업계정","농림수산","수산·어촌","수산식품고부가가치화","식품산업육성","천일염산업육성","천일염생산·유통시설지원","573000","573000","136791","100.0","23.9"
"2026","자치단체이전","자치단체자본보조","해양수산부","농어촌구조개선특별회계","구조개선사업계정","농림수산","수산·어촌","수산식품고부가가치화","식품산업육성","천일염산업육성","전남소금특화생산단지 조성","1000000","1000000","0","100.0","0.0"
"2026","자치단체이전","자치단체자본보조","해양수산부","농어촌구조개선특별회계","구조개선사업계정","농림수산","수산·어촌","수산식품고부가가치화","식품산업육성","수산식품산업육성","스마트가공종합단지","0","0","0","0","0"
"2026","자치단체이전","자치단체자본보조","해양수산부","농어촌구조개선특별회계","구조개선사업계정","농림수산","수산·어촌","수산식품고부가가치화","식품산업육성","수산식품산업육성","가공설비지원","0","0","0","0","0"
"2026","자치단체이전","자치단체자본보조","해양수산부","농어촌구조개선특별회계","구조개선사업계정","농림수산","수산·어촌","수산식품고부가가치화","수산물 수출지원","수산물해외시장개척","김산업 육성","800000","800000","0","100.0","0.0"
"2026","자치단체이전","자치단체자본보조","해양수산부","농어촌구조개선특별회계","구조개선사업계정","농림수산","수산·어촌","수산물 유통 및 안전관리","수산물유통개선(농특)","소비지유통시설 지원","호남권소비지분산물류센터(FDC) 증축","3000000","2550000","69690","85.0","2.7"
"2026","자치단체이전","자치단체자본보조","해양수산부","농어촌구조개선특별회계","구조개선사업계정","농림수산","수산·어촌","수산물 유통 및 안전관리","수산물유통개선(농특)","소비지유통시설 지원","중부권 소비지분산물류센터(FDC) 건립","400000","0","0","0.0","0"
"2026","자치단체이전","자치단체자본보조","해양수산부","농어촌구조개선특별회계","구조개선사업계정","농림수산","수산·어촌","수산물 유통 및 안전관리","수산물유통개선(농특)","유통단계 위생안전체계 구축","산지 위생안전 체계 구축","256000","67242","0","26.3","0.0"
"2026","자치단체이전","자치단체자본보조","해양수산부","농어촌구조개선특별회계","구조개선사업계정","농림수산","수산·어촌","수산물 유통 및 안전관리","수산물유통개선(농특)","유통단계 위생안전체계 구축","저온친환경 위판장","5610000","5235000","257691","93.3","4.9"
"2026","자치단체이전","자치단체자본보조","해양수산부","농어촌구조개선특별회계","구조개선사업계정","농림수산","수산·어촌","수산물 유통 및 안전관리","수산물유통개선(농특)","유통단계 위생안전체계 구축","제주권 거점 위판장 현대화 지원","1840000","1840000","112990","100.0","6.1"
"2026","자치단체이전","자치단체자본보조","해양수산부","농어촌구조개선특별회계","구조개선사업계정","농림수산","수산·어촌","수산물 유통 및 안전관리","수산물유통개선(농특)","유통단계 위생안전체계 구축","경북권 거점 위판장 현대화 지원(강구)","460000","0","0","0.0","0"
"2026","자치단체이전","자치단체자본보조","해양수산부","농어촌구조개선특별회계","구조개선사업계정","농림수산","수산·어촌","수산물 유통 및 안전관리","수산물유통개선(농특)","유통단계 위생안전체계 구축","제주권 거점 위판장 현대화 지원(서귀포)","150000","0","0","0.0","0"
"2026","자치단체이전","자치단체자본보조","해양수산부","농어촌구조개선특별회계","구조개선사업계정","농림수산","수산·어촌","수산물 유통 및 안전관리","수산물유통개선(농특)","유통단계 위생안전체계 구축","삼천포 위판장 현대화","150000","0","0","0.0","0"
"2026","자치단체이전","자치단체자본보조","해양수산부","농어촌구조개선특별회계","구조개선사업계정","농림수산","수산·어촌","수산물 유통 및 안전관리","수산물유통개선(농특)","유통단계 위생안전체계 구축","대구 농수산물도매시장 유통시설 개선","1500000","1050000","0","70.0","0.0"
"2026","자치단체이전","자치단체자본보조","해양수산부","농어촌구조개선특별회계","구조개선사업계정","농림수산","수산·어촌","수산물 유통 및 안전관리","수산물유통개선(농특)","통영권 거점 위판장 현대화 지원","통영권 거점 위판장 현대화 지원","0","0","0","0","0"
"2026","자치단체이전","자치단체자본보조","해양수산부","농어촌구조개선특별회계","구조개선사업계정","농림수산","수산·어촌","수산물 유통 및 안전관리","안전한수산물공급관리(농특)","수산물 위생관리","생산해역 관리 및 수출기반 조성(패류생산 지정해역 공중화장실 설치)","100000","100000","93351","100.0","93.4"
"2026","자치단체이전","자치단체자본보조","해양수산부","농어촌구조개선특별회계","구조개선사업계정","농림수산","수산·어촌","수산물 유통 및 안전관리","안전한수산물공급관리(농특)","수산생물질병관리","방역사업비(장비구축)","96000","96000","67625","100.0","70.4"
"2026","자치단체이전","자치단체자본보조","해양수산부","농어촌구조개선특별회계","구조개선사업계정","농림수산","수산·어촌","수산물 유통 및 안전관리","안전한수산물공급관리(농특)","수산생물질병관리","양식수산물 폐사체 처리 지원","250000","241000","132784","96.4","55.1"
"2026","자치단체이전","자치단체자본보조","해양수산부","농어촌구조개선특별회계","구조개선사업계정","농림수산","수산·어촌","수산자원 관리 및 조성","친환경양식육성(농특)","환경친화형 양식배합사료 지원","친환경 배합사료 공장건립","1500000","1000000","3108","66.7","0.3"
"2026","자치단체이전","자치단체자본보조","해양수산부","농어촌구조개선특별회계","구조개선사업계정","농림수산","수산·어촌","수산자원 관리 및 조성","친환경양식육성(농특)","친환경양식어업육성","양식창업및시설지원(양식기술기반구축)","0","0","1650","0","0"
"2026","자치단체이전","자치단체자본보조","해양수산부","농어촌구조개선특별회계","구조개선사업계정","농림수산","수산·어촌","수산자원 관리 및 조성","친환경양식육성(농특)","친환경양식어업육성","양식창업및시설지원(첨단친환경양식시스템지원)","0","0","294000","0","0"
"2026","자치단체이전","자치단체자본보조","해양수산부","농어촌구조개선특별회계","구조개선사업계정","농림수산","수산·어촌","수산자원 관리 및 조성","친환경양식육성(농특)","친환경양식어업육성","스마트양식클러스터조성(테스트베드)","0","0","0","0","0"
"2026","자치단체이전","자치단체자본보조","해양수산부","농어촌구조개선특별회계","구조개선사업계정","농림수산","수산·어촌","수산자원 관리 및 조성","친환경양식육성(농특)","친환경양식어업육성","스마트양식클러스터조성(배후부지기반조성)","0","0","0","0","0"
"2026","자치단체이전","자치단체자본보조","해양수산부","농어촌구조개선특별회계","구조개선사업계정","농림수산","수산·어촌","수산자원 관리 및 조성","친환경양식육성(농특)","친환경양식어업육성","품종별산업화시설지원(친환경개체굴생산시설)","400000","400000","903314","100.0","225.8"
"2026","자치단체이전","자치단체자본보조","해양수산부","농어촌구조개선특별회계","구조개선사업계정","농림수산","수산·어촌","수산자원 관리 및 조성","친환경양식육성(농특)","친환경양식어업육성","품종별산업화시설지원(참조기양식산업화센터)","900000","0","0","0.0","0"
"2026","자치단체이전","자치단체자본보조","해양수산부","농어촌구조개선특별회계","구조개선사업계정","농림수산","수산·어촌","수산자원 관리 및 조성","친환경양식육성(농특)","친환경양식어업육성","스마트양식빅데이터센터구축 ","0","0","0","0","0"
"2026","자치단체이전","자치단체자본보조","해양수산부","농어촌구조개선특별회계","구조개선사업계정","농림수산","수산·어촌","수산자원 관리 및 조성","친환경양식육성(농특)","친환경양식어업육성","(이월)품종별산업화시설지원(연어류및스틸헤드등양식산업화사업)","0","0","0","0","0"
"2026","자치단체이전","자치단체자본보조","해양수산부","농어촌구조개선특별회계","구조개선사업계정","농림수산","수산·어촌","수산자원 관리 및 조성","친환경양식육성(농특)","친환경양식어업육성","품종별산업화시설지원(피낭류자동화설비구축)","0","0","0","0","0"
"2026","자치단체이전","자치단체자본보조","해양수산부","농어촌구조개선특별회계","구조개선사업계정","농림수산","수산·어촌","수산자원 관리 및 조성","친환경양식육성(농특)","친환경양식어업육성","품종별산업화시설지원(패류공동생산시설)","0","0","0","0","0"
"2026","자치단체이전","자치단체자본보조","해양수산부","농어촌구조개선특별회계","구조개선사업계정","농림수산","수산·어촌","수산자원 관리 및 조성","친환경양식육성(농특)","친환경양식어업육성","(이월) 품종별산업화시설지원(기후변화대응 신규양식어종지원)","240000","240000","0","100.0","0.0"
"2026","자치단체이전","자치단체자본보조","해양수산부","농어촌구조개선특별회계","구조개선사업계정","농림수산","수산·어촌","수산자원 관리 및 조성","친환경양식육성(농특)","수산종자산업육성","종자중간육성단지 시범조성","1500000","0","0","0.0","0"
"2026","자치단체이전","자치단체자본보조","해양수산부","농어촌구조개선특별회계","구조개선사업계정","농림수산","수산·어촌","수산자원 관리 및 조성","친환경양식육성(농특)","수산종자산업육성","스마트 종자생산시설 지원","1442000","1442000","394905","100.0","27.4"
"2026","자치단체이전","자치단체자본보조","해양수산부","농어촌구조개선특별회계","구조개선사업계정","농림수산","수산·어촌","수산자원 관리 및 조성","친환경양식육성(농특)","수산종자산업육성","굴 스마트 인공채묘장 조성","1170000","819000","0","70.0","0.0"
"2026","자치단체이전","자치단체자본보조","해양수산부","농어촌구조개선특별회계","구조개선사업계정","농림수산","수산·어촌","수산자원 관리 및 조성","친환경양식육성(농특)","친환경 에너지절감장비 보급","친환경 에너지절감장비 보급","0","0","0","0","0"
"2026","자치단체이전","자치단체자본보조","해양수산부","농어촌구조개선특별회계","구조개선사업계정","농림수산","수산·어촌","수산자원 관리 및 조성","친환경양식육성(농특)","양식수산물 전략품목 육성","청정어장 굴 전략품목 육성 지원","3960000","3000000","361170","75.8","12.0"
"2026","자치단체이전","자치단체자본보조","해양수산부","농어촌구조개선특별회계","구조개선사업계정","농림수산","수산·어촌","수산자원 관리 및 조성","친환경양식육성(농특)","양식수산물 전략품목 육성","스마트아쿠아팜 혁신 선도지구 조성","1500000","1050000","0","70.0","0.0"
"2026","자치단체이전","자치단체자본보조","해양수산부","농어촌구조개선특별회계","구조개선사업계정","농림수산","수산·어촌","수산자원 관리 및 조성","친환경양식육성(농특)","관상어산업육성","환동해 관상어펫 플라자 건립","0","0","0","0","0"
"2026","자치단체이전","자치단체자본보조","해양수산부","농어촌구조개선특별회계","구조개선사업계정","농림수산","수산·어촌","수산자원 관리 및 조성","친환경양식육성(농특)","수산부산물 자원순환 기반구축","굴 껍데기 전처리 시설 지원","773000","773000","329046","100.0","42.6"
"2026","자치단체이전","자치단체자본보조","해양수산부","농어촌구조개선특별회계","구조개선사업계정","농림수산","수산·어촌","수산자원 관리 및 조성","친환경양식육성(농특)","수산부산물 자원순환 기반구축","양식장 유해생물 자원화시설 건립","1000000","1000000","126066","100.0","12.6"
"2026","자치단체이전","자치단체자본보조","해양수산부","농어촌구조개선특별회계","구조개선사업계정","농림수산","수산·어촌","수산자원 관리 및 조성","친환경양식육성(농특)","수산부산물 자원순환 기반구축","비식용 해조류 자원화 시설","1200000","1200000","0","100.0","0.0"
"2026","자치단체이전","자치단체자본보조","해양수산부","농어촌구조개선특별회계","구조개선사업계정","농림수산","수산·어촌","수산자원 관리 및 조성","친환경양식육성(농특)","수산부산물 자원순환 기반구축","패각친환경처리","2070000","2070000","2203379","100.0","106.4"
"2026","자치단체이전","자치단체자본보조","해양수산부","농어촌구조개선특별회계","구조개선사업계정","농림수산","수산·어촌","수산자원 관리 및 조성","친환경양식육성(농특)","수산부산물 자원순환 기반구축","패류 부산물 산업화 지원센터 조성","500000","400000","400000","80.0","100.0"
"2026","자치단체이전","자치단체자본보조","해양수산부","농어촌구조개선특별회계","구조개선사업계정","농림수산","수산·어촌","수산자원 관리 및 조성","친환경양식육성(농특)","수산부산물 자원순환 기반구축","전라남도 수산부산물 고부가가치 친환경 자원화시설 구축","700000","300000","0","42.9","0.0"
"2026","자치단체이전","자치단체자본보조","해양수산부","농어촌구조개선특별회계","구조개선사업계정","농림수산","수산·어촌","수산자원 관리 및 조성","내수면어업","내수면자원조성","어도개보수","0","0","91799","0","0"
"2026","자치단체이전","자치단체자본보조","해양수산부","농어촌구조개선특별회계","구조개선사업계정","농림수산","수산·어촌","수산자원 관리 및 조성","내수면어업","내수면자원조성","충남 당진 간척지 스마트 양식단지 조성","0","0","0","0","0"
"2026","자치단체이전","자치단체자본보조","해양수산부","농어촌구조개선특별회계","구조개선사업계정","농림수산","수산·어촌","수산자원 관리 및 조성","내수면어업","내수면자원조성","전북 김제 내수면창업비즈니스센터 건립","0","0","0","0","0"
"2026","자치단체이전","자치단체자본보조","해양수산부","농어촌구조개선특별회계","구조개선사업계정","농림수산","수산·어촌","수산자원 관리 및 조성","자율관리어업육성","자율관리어업육성","자율관리어업 육성사업비","4951000","4951000","1475659","100.0","29.8"
"2026","자치단체이전","자치단체자본보조","해양수산부","농어촌구조개선특별회계","구조개선사업계정","농림수산","수산·어촌","수산자원 관리 및 조성","수산자원조성","수산자원조성사업지원","환동해 블루카본센터 건립","1400000","1000000","43464","71.4","4.3"
"2026","자치단체이전","자치단체자본보조","해양수산부","농어촌구조개선특별회계","구조개선사업계정","농림수산","수산·어촌","어업인소득안정지원","수산경영안정","어업인교육훈련 및 기술지원","수산계고교특성화(실습장비)","500000","494000","0","98.8","0.0"
"2026","자치단체이전","자치단체자본보조","해양수산부","농어촌구조개선특별회계","구조개선사업계정","농림수산","수산·어촌","어업인소득안정지원","수산경영안정","어업인교육훈련 및 기술지원","지도분석 장비구입","150000","150000","103351","100.0","68.9"
"2026","자치단체이전","자치단체자본보조","해양수산부","농어촌구조개선특별회계","구조개선사업계정","농림수산","수산·어촌","어업인소득안정지원","수산경영안정","수산장비(임대)활용(지자체)","수산장비임대","0","0","0","0","0"
"2026","자치단체이전","자치단체자본보조","해양수산부","농어촌구조개선특별회계","구조개선사업계정","농림수산","수산·어촌","어업인소득안정지원","수산경영안정","수산장비(임대)활용(지자체)","수산양식기자재 클러스터 조성","0","0","0","0","0"
"2026","자치단체이전","자치단체자본보조","해양수산부","농어촌구조개선특별회계","구조개선사업계정","농림수산","수산·어촌","어업인소득안정지원","수산경영안정","수산장비(임대)활용(지자체)","수산기자재 시험인증센터 구축","0","0","242735","0","0"
"2026","자치단체이전","자치단체자본보조","해양수산부","농어촌구조개선특별회계","구조개선사업계정","농림수산","수산·어촌","어업인소득안정지원","수산경영안정","어업인삶의질향상","외국인어업근로자 복지회관 건립","1200000","840000","289359","70.0","34.4"
"2026","자치단체이전","자치단체자본보조","해양수산부","농어촌구조개선특별회계","구조개선사업계정","농림수산","수산·어촌","어업인소득안정지원","재해대책","양식등재해대책비","이상수온 대응 지원사업","9368000","9168000","3717031","97.9","40.5"
"2026","자치단체이전","자치단체자본보조","해양수산부","농어촌구조개선특별회계","구조개선사업계정","농림수산","수산·어촌","어업인소득안정지원","재해대책","양식등재해대책비","지방어항 등 피해복구","2000000","0","40316","0.0","0"
"2026","자치단체이전","자치단체자본보조","해양수산부","농어촌구조개선특별회계","농어촌특별세사업계정","농림수산","수산·어촌","어촌어항활성화","귀어귀촌지원","양식장임대","청년창업 임대형 양식단지 조성","6000000","4000000","600820","66.7","15.0"
"2026","자치단체이전","자치단체자본보조","해양수산부","수산발전기금"," ","환경","해양환경","해양환경보전","해양환경개선(기금)","해양폐기물정화사업","어구부표보증금제","180000","180000","23550","100.0","13.1"
"2026","자치단체이전","자치단체자본보조","해양수산부","수산발전기금"," ","환경","해양환경","해양환경보전","해양환경개선(기금)","해양폐기물정화사업","해양환경정화선 건조","1900000","1900000","0","100.0","0.0"
"2026","자치단체이전","자치단체자본보조","해양수산부","수산발전기금"," ","농림수산","수산·어촌","수산식품고부가가치화","식품산업육성(기금)","수산식품산업육성","가공설비지원","10234000","9976000","1286639","97.5","12.9"
"2026","자치단체이전","자치단체자본보조","해양수산부","수산발전기금"," ","농림수산","수산·어촌","수산식품고부가가치화","식품산업육성(기금)","수산식품산업육성","마른김 가공공장 세척수 공동 배출시설","500000","0","0","0.0","0"
"2026","자치단체이전","자치단체자본보조","해양수산부","수산발전기금"," ","농림수산","수산·어촌","수산물 유통 및 안전관리","수산물유통개선(기금)","통영권 거점 위판장 현대화 지원","통영권 거점 위판장 현대화 지원","2760000","2000000","0","72.5","0.0"
"2026","자치단체이전","자치단체자본보조","해양수산부","에너지및자원사업특별회계","투자계정","농림수산","수산·어촌","수산자원 관리 및 조성","친환경양식육성(에특)","친환경에너지보급 및 용수관리","친환경에너지보급(히트펌프)","0","0","150000","0","0"
"2026","자치단체이전","자치단체자본보조","해양수산부","에너지및자원사업특별회계","투자계정","농림수산","수산·어촌","수산자원 관리 및 조성","친환경양식육성(에특)","친환경에너지보급 및 용수관리","수산가공분야 에너지절감시설 보급","0","0","0","0","0"
"2026","자치단체이전","자치단체자본보조","해양수산부","에너지및자원사업특별회계","투자계정","농림수산","수산·어촌","수산자원 관리 및 조성","친환경양식육성(에특)","친환경에너지보급 및 용수관리","양식장소수력발전지원","0","0","0","0","0"
"2026","자치단체이전","자치단체자본보조","해양수산부","일반회계"," ","환경","해양환경","해양환경보전","해양생태계 보전 및 복원","우수해양생태계 보호","해양보호구역관리(자본보조)","21420000","21289097","3904296","99.4","18.3"
"2026","자치단체이전","자치단체자본보조","해양수산부","일반회계"," ","환경","해양환경","해양환경보전","해양생태계 보전 및 복원","해양정원 조성사업","전남 갯벌생명관 건립","900000","140000","39919","15.6","28.5"
"2026","자치단체이전","자치단체자본보조","해양수산부","일반회계"," ","농림수산","수산·어촌","수산자원 관리 및 조성","어업안전지도강화","어선사고 예방시스템 구축","어선안전장비지원","697000","627300","316584","90.0","50.5"
"2026","자치단체이전","자치단체자본보조","해양수산부","일반회계"," ","교통및물류","해운·항만","해양 및 해상교통관리","해양안전관리시스템 구축.운영(일반)","세월호 인양 및 추모사업 지원","안산 추모시설 건립","8719000","7471000","4120348","85.7","55.2"
"2026","자치단체이전","자치단체자본보조","해양수산부","일반회계"," ","교통및물류","해운·항만","해양 및 해상교통관리","해양안전관리시스템 구축.운영(일반)","세월호 인양 및 추모사업 지원","안산 화랑유원지 명품공원 조성","2000000","500000","92928","25.0","18.6"
"2026","자치단체이전","자치단체자본보조","해양수산부","일반회계"," ","교통및물류","물류등기타","해양산업육성및영토관리","해양문화활성화","해양수산 신산업 육성 및 기업투자유치 지원","해양과학기술 산학연 협력센터 조성","0","0","0","0","0"
"2026","자치단체이전","자치단체자본보조","해양수산부","일반회계"," ","교통및물류","물류등기타","해양산업육성및영토관리","해양문화활성화","해양수산 신산업 육성 및 기업투자유치 지원","해조류 활성소재 인증생산시설 구축","0","0","1359092","0","0"
"2026","자치단체이전","자치단체자본보조","해양수산부","일반회계"," ","교통및물류","물류등기타","해양산업육성및영토관리","해양문화활성화","해양수산 신산업 육성 및 기업투자유치 지원","해양바이오 메디컬 실증연구센터 건립","0","0","0","0","0"
"2026","자치단체이전","자치단체자본보조","해양수산부","일반회계"," ","교통및물류","물류등기타","해양산업육성및영토관리","해양문화활성화","해양수산 신산업 육성 및 기업투자유치 지원","해양바이오 인증지원센터 ","0","0","0","0","0"
"2026","자치단체이전","자치단체자본보조","해양수산부","일반회계"," ","교통및물류","물류등기타","해양산업육성및영토관리","해양문화활성화","해양수산 신산업 육성 및 기업투자유치 지원","해양바이오 소재 대량생산 플랜트 건립","0","0","0","0","0"
"2026","자치단체이전","자치단체자본보조","해양수산부","일반회계"," ","교통및물류","물류등기타","해양산업육성및영토관리","해양문화활성화","해양수산 신산업 육성 및 기업투자유치 지원","해조류 바이오 스마트팩토리 구축","0","0","0","0","0"
"2026","자치단체이전","자치단체자본보조","해양수산부","일반회계"," ","교통및물류","물류등기타","해양산업육성및영토관리","해양문화활성화","해양수산 신산업 육성 및 기업투자유치 지원","해양바이오 기능성원료화 센터 구축","0","0","0","0","0"
"2026","자치단체이전","자치단체자본보조","해양수산부","일반회계"," ","교통및물류","물류등기타","해양산업육성및영토관리","해양관광육성","해양관광육성","마리나비즈센터 건립","0","0","0","0","0"
"2026","자치단체이전","자치단체자본보조","해양수산부","일반회계"," ","교통및물류","물류등기타","해양산업육성및영토관리","해양관광육성","해양관광육성","해양레저관광 거점 조성","0","0","179209","0","0"
"2026","자치단체이전","자치단체자본보조","해양수산부","일반회계"," ","교통및물류","물류등기타","해양산업육성및영토관리","해양관광육성","해양관광육성","해양치유센터 조성(2-2, 경남고성)","0","0","0","0","0"
"2026","자치단체이전","자치단체자본보조","해양수산부","일반회계"," ","교통및물류","물류등기타","해양산업육성및영토관리","해양관광육성","해양관광육성","해양치유센터 조성(2-3, 울진)","0","0","0","0","0"
"2026","자치단체이전","자치단체자본보조","해양수산부","일반회계"," ","교통및물류","물류등기타","해양산업육성및영토관리","해양관광육성","해양관광육성","복합 해양레저관광도시 조성","0","0","1630000","0","0"
"2026","자치단체이전","자치단체자본보조","해양수산부","일반회계"," ","교통및물류","물류등기타","해양산업육성및영토관리","해양관광육성","해양관광육성","양양 해양레포츠 실내교육센터 건립","0","0","0","0","0"
"2026","자치단체이전","자치단체자본보조","해양수산부","지역균형발전특별회계","제주특별자치도계정","환경","해양환경","해양환경보전","해양 및 수자원관리(제주)","해양 및 수자원 관리(제주)","연안정비","550000","550000","317862","100.0","57.8"
"2026","자치단체이전","자치단체자본보조","해양수산부","지역균형발전특별회계","제주특별자치도계정","농림수산","수산·어촌","수산자원 관리 및 조성","친환경양식육성(제주도계정)","친환경 에너지절감장비 보급(제주)","친환경 에너지절감장비 보급(제주)","285000","200000","44900","70.2","22.5"
"2026","자치단체이전","자치단체자본보조","해양수산부","지역균형발전특별회계","제주특별자치도계정","농림수산","수산·어촌","수산자원 관리 및 조성","친환경양식육성(제주계정)","친환경에너지보급 및 용수관리(제주)","양식장소수력발전지원","1998000","1518800","267402","76.0","17.6"
"2026","자치단체이전","자치단체자본보조","해양수산부","지역균형발전특별회계","제주특별자치도계정","농림수산","수산·어촌","수산자원 관리 및 조성","친환경양식육성(제주계정)","친환경에너지보급 및 용수관리(제주)","양식장친환경에너지보급(히트펌프-제주)","360000","360000","0","100.0","0.0"
"2026","자치단체이전","자치단체자본보조","해양수산부","지역균형발전특별회계","제주특별자치도계정","농림수산","수산·어촌","수산자원 관리 및 조성","친환경양식육성(제주계정)","친환경에너지보급 및 용수관리(제주)","양식장친환경에너지보급(인버터-제주)","300000","300000","0","100.0","0.0"
"2026","자치단체이전","자치단체자본보조","해양수산부","지역균형발전특별회계","제주특별자치도계정","농림수산","수산·어촌","어촌어항활성화","어항기반시설조성(제주)","국가어항(제주)","국가어항(제주)","5353000","3658456","6952149","68.3","190.0"
"2026","자치단체이전","자치단체자본보조","해양수산부","지역균형발전특별회계","제주특별자치도계정","농림수산","수산·어촌","어촌어항활성화","제주해양치유센터(제주)","제주해양치유센터 건립","제주해양치유센터 건립사업","3500000","2090375","908926","59.7","43.5"
"2026","자치단체이전","자치단체자본보조","해양수산부","지역균형발전특별회계","제주특별자치도계정","농림수산","수산·어촌","어촌어항활성화","어항기반시설조성(제주)","어촌신활력증진(제주)","2026년 사업대상지  ","894000","350000","1583","39.1","0.5"
"2026","자치단체이전","자치단체자본보조","해양수산부","지역균형발전특별회계","제주특별자치도계정","농림수산","수산·어촌","어촌어항활성화","어항기반시설조성(제주)","어촌신활력증진(제주)","2025년 사업대상지   ","2018000","2018000","180909","100.0","9.0"
"2026","자치단체이전","자치단체자본보조","해양수산부","지역균형발전특별회계","제주특별자치도계정","농림수산","수산·어촌","어촌어항활성화","어항기반시설조성(제주)","어촌신활력증진(제주)","2024년 사업대상지  ","3513000","3513000","213581","100.0","6.1"
"2026","자치단체이전","자치단체자본보조","해양수산부","지역균형발전특별회계","제주특별자치도계정","교통및물류","해운·항만","항만개발 및 관리","주요항 건설(제주)","제주외항(2단계)","제주외항(2단계)","6081000","6081000","5725200","100.0","94.1"
"2026","자치단체이전","자치단체자본보조","해양수산부","지역균형발전특별회계","제주특별자치도계정","교통및물류","해운·항만","항만개발 및 관리","일반항 건설(제주도)","화순항","화순항","18769000","16589980","10289075","88.4","62.0"
"2026","자치단체이전","자치단체자본보조","해양수산부","지역균형발전특별회계","제주특별자치도계정","교통및물류","해운·항만","항만개발 및 관리","일반항 건설(제주도)","추자항","추자항","4590000","4590000","1867949","100.0","40.7"
"2026","자치단체이전","자치단체자본보조","해양수산부","지역균형발전특별회계","제주특별자치도계정","교통및물류","해운·항만","항만개발 및 관리","일반항 건설(제주도)","제주일반항건설","제주일반항건설","43782000","38566780","23142926","88.1","60.0"
"2026","자치단체이전","자치단체자본보조","해양수산부","지역균형발전특별회계","제주특별자치도계정","교통및물류","해운·항만","항만개발 및 관리","항만시설유지보수(제주도)","항만시설유지보수(제주)","항만시설유지보수(제주)","7500000","7500000","2465285","100.0","32.9"
"2026","자치단체이전","자치단체자본보조","해양수산부","지역균형발전특별회계","제주특별자치도계정","교통및물류","물류등기타","해양산업육성및영토관리","해양관광육성(지특)","해양레저관광기반(제주)","제주 해양레저관광거점","2000000","1400000","558612","70.0","39.9"
"2026","자치단체이전","자치단체자본보조","해양수산부","지역균형발전특별회계","지역자율계정","환경","해양환경","해양환경보전","해양 및 수자원 관리","해양 및 수자원 관리","연안정비","46904000","32858150","23494694","70.1","71.5"
"2026","자치단체이전","자치단체자본보조","해양수산부","지역균형발전특별회계","지역자율계정","농림수산","수산·어촌","수산식품고부가가치화","식품산업육성(지역자율)","수산식품 수출단지 조성(자율)","수산식품 수출단지 조성","46335000","38392754","18600940","82.9","48.4"
"2026","자치단체이전","자치단체자본보조","해양수산부","지역균형발전특별회계","지역자율계정","농림수산","수산·어촌","수산자원 관리 및 조성","친환경양식육성(지역자율)","관상어산업육성(자율)","환동해 관상어펫 플라자 건립","530000","530000","379468","100.0","71.6"
"2026","자치단체이전","자치단체자본보조","해양수산부","지역균형발전특별회계","지역자율계정","농림수산","수산·어촌","수산자원 관리 및 조성","친환경양식육성(지역자율)","친환경 에너지절감장비 보급(자율)","친환경 에너지절감장비 보급(자율)","6264000","3132000","1700568","50.0","54.3"
"2026","자치단체이전","자치단체자본보조","해양수산부","지역균형발전특별회계","지역자율계정","농림수산","수산·어촌","수산자원 관리 및 조성","친환경양식육성(지역자율)","친환경에너지보급 및 용수관리(자율)","양식장친환경에너지보급(히트펌프)","18196000","18196000","8874750","100.0","48.8"
"2026","자치단체이전","자치단체자본보조","해양수산부","지역균형발전특별회계","지역자율계정","농림수산","수산·어촌","수산자원 관리 및 조성","친환경양식육성(지역자율)","친환경에너지보급 및 용수관리(자율)","수산가공분야 에너지절감시설 보급","2276000","825000","0","36.2","0.0"
"2026","자치단체이전","자치단체자본보조","해양수산부","지역균형발전특별회계","지역자율계정","농림수산","수산·어촌","수산자원 관리 및 조성","친환경양식육성(지역자율)","친환경에너지보급 및 용수관리(자율)","양식장친환경에너지보급(인버터)","1511000","1511000","42000","100.0","2.8"
"2026","자치단체이전","자치단체자본보조","해양수산부","지역균형발전특별회계","지역자율계정","농림수산","수산·어촌","어촌어항활성화","어항기반시설조성(지역자율)","어촌신활력증진(자율)","2026년 사업대상지  ","11050000","10700000","1572311","96.8","14.7"
"2026","자치단체이전","자치단체자본보조","해양수산부","지역균형발전특별회계","지역자율계정","농림수산","수산·어촌","어촌어항활성화","어항기반시설조성(지역자율)","어촌신활력증진(자율)","2025년 사업대상지  ","24474025","21084025","990810","86.1","4.7"
"2026","자치단체이전","자치단체자본보조","해양수산부","지역균형발전특별회계","지역자율계정","농림수산","수산·어촌","어촌어항활성화","어항기반시설조성(지역자율)","어촌신활력증진(자율)","2024년 사업대상지  ","55233975","49788915","8243034","90.1","16.6"
"2026","자치단체이전","자치단체자본보조","해양수산부","지역균형발전특별회계","지역자율계정","농림수산","수산·어촌","어촌어항활성화","어항기반시설조성(지역자율)","어촌신활력증진(자율)","2023년 사업대상지  ","106165000","88246260","8417524","83.1","9.5"
"2026","자치단체이전","자치단체자본보조","해양수산부","지역균형발전특별회계","지역자율계정","농림수산","수산·어촌","어촌어항활성화","어항기반시설조성(지역자율)","어촌신활력증진(자율)","[이월예산] 2025년 어촌신활력증진","0","0","0","0","0"
"2026","자치단체이전","자치단체자본보조","해양수산부","지역균형발전특별회계","지역자율계정","농림수산","수산·어촌","어업인소득안정지원","수산경영안정(지역자율)","수산장비(임대)활용(자율)","수산장비임대","3666000","2566200","876020","70.0","34.1"
"2026","자치단체이전","자치단체자본보조","해양수산부","지역균형발전특별회계","지역자율계정","농림수산","수산·어촌","어업인소득안정지원","수산경영안정(지역자율)","수산장비(임대)활용(자율)","수산기자재 시험인증센터 구축","0","0","0","0","0"
"2026","자치단체이전","자치단체자본보조","해양수산부","지역균형발전특별회계","지역자율계정","농림수산","수산·어촌","어업인소득안정지원","수산경영안정(지역자율)","수산장비(임대)활용(자율)","수산양식기자재 클러스터 조성","1060000","0","0","0.0","0"
"2026","자치단체이전","자치단체자본보조","해양수산부","지역균형발전특별회계","지역자율계정","교통및물류","물류등기타","해양산업육성및영토관리","해양문화활성화","권역별 해양바이오 특성화 거점 구축(자율)","해양바이오 인증지원센터","612000","612000","472839","100.0","77.3"
"2026","자치단체이전","자치단체자본보조","해양수산부","지역균형발전특별회계","지역자율계정","교통및물류","물류등기타","해양산업육성및영토관리","해양문화활성화","권역별 해양바이오 특성화 거점 구축(자율)","해양바이오 메디컬실증연구센터","1062000","318000","10942","29.9","3.4"
"2026","자치단체이전","자치단체자본보조","해양수산부","지역균형발전특별회계","지역자율계정","교통및물류","물류등기타","해양산업육성및영토관리","해양관광육성(지특)","해양레저관광기반(자율)","마리나비즈센터 건립","3240000","2268000","1346205","70.0","59.4"
"2026","자치단체이전","자치단체자본보조","해양수산부","지역균형발전특별회계","지역자율계정","교통및물류","물류등기타","해양산업육성및영토관리","해양관광육성(지특)","해양레저관광기반(자율)","해양레저관광거점","8032000","5623000","4359908","70.0","77.5"
"2026","자치단체이전","자치단체자본보조","해양수산부","지역균형발전특별회계","지역자율계정","교통및물류","물류등기타","해양산업육성및영토관리","해양관광육성(지특)","해양레저관광기반(자율)","양양 해양레포츠 실내교육센터","500000","350000","0","70.0","0.0"
"2026","자치단체이전","자치단체자본보조","해양수산부","지역균형발전특별회계","지역자율계정","교통및물류","물류등기타","해양산업육성및영토관리","해양관광육성(지특)","해양레저관광기반(자율)","해양치유센터 건립(부산 영도구)","2000000","0","0","0.0","0"
"2026","자치단체이전","자치단체자본보조","해양수산부","지역균형발전특별회계","지역지원계정","환경","해양환경","해양환경보전","연안환경관리","연안정비","강릉 순긋~사근진지구","1500000","750000","7433","50.0","1.0"
"2026","자치단체이전","자치단체자본보조","해양수산부","지역균형발전특별회계","지역지원계정","환경","해양환경","해양환경보전","연안환경관리","연안정비","고창 명사십리지구","500000","250000","66744","50.0","26.7"
"2026","자치단체이전","자치단체자본보조","해양수산부","지역균형발전특별회계","지역지원계정","환경","해양환경","해양환경보전","해양생태계 보전 및 복원(지특)","갯벌생태계 복원사업","서산 웅도 갯벌 생태계 복원사업","2187000","2187000","2187000","100.0","100.0"
"2026","자치단체이전","자치단체자본보조","해양수산부","지역균형발전특별회계","지역지원계정","환경","해양환경","해양환경보전","해양생태계 보전 및 복원(지특)","갯벌생태계 복원사업","보령 죽도 갯벌 생태계 복원사업","4239000","3815100","1336711","90.0","35.0"
"2026","자치단체이전","자치단체자본보조","해양수산부","지역균형발전특별회계","지역지원계정","환경","해양환경","해양환경보전","해양생태계 보전 및 복원(지특)","갯벌생태계 복원사업","서천 선도리 갯벌 생태계 복원사업","2061000","1648800","0","80.0","0.0"
"2026","자치단체이전","자치단체자본보조","해양수산부","지역균형발전특별회계","지역지원계정","환경","해양환경","해양환경보전","해양생태계 보전 및 복원(지특)","갯벌생태계 복원사업","보령 원산도 갯벌 생태계 복원사업","1535000","1228000","300030","80.0","24.4"
"2026","자치단체이전","자치단체자본보조","해양수산부","지역균형발전특별회계","지역지원계정","환경","해양환경","해양환경보전","해양생태계 보전 및 복원(지특)","갯벌생태계 복원사업","보성 벌교 갯벌 생태계 복원사업","1535000","1535000","1535000","100.0","100.0"
"2026","자치단체이전","자치단체자본보조","해양수산부","지역균형발전특별회계","지역지원계정","환경","해양환경","해양환경보전","해양생태계 보전 및 복원(지특)","갯벌생태계 복원사업","고창 갯벌 도요물떼새 서식지 복원사업","1150000","1150000","1126053","100.0","97.9"
"2026","자치단체이전","자치단체자본보조","해양수산부","지역균형발전특별회계","지역지원계정","환경","해양환경","해양환경보전","해양생태계 보전 및 복원(지특)","갯벌생태계 복원사업","태안 근소만 갯벌 식생 복원사업","1710000","0","0","0.0","0"
"2026","자치단체이전","자치단체자본보조","해양수산부","지역균형발전특별회계","지역지원계정","환경","해양환경","해양환경보전","해양생태계 보전 및 복원(지특)","갯벌생태계 복원사업","서귀포 성산읍 갯벌식생 복원사업","1517000","1517000","0","100.0","0.0"
"2026","자치단체이전","자치단체자본보조","해양수산부","지역균형발전특별회계","지역지원계정","환경","해양환경","해양환경보전","해양생태계 보전 및 복원(지특)","갯벌생태계 복원사업","서산 가로림만 갯벌식생 복원사업","1710000","0","0","0.0","0"
"2026","자치단체이전","자치단체자본보조","해양수산부","지역균형발전특별회계","지역지원계정","환경","해양환경","해양환경보전","해양생태계 보전 및 복원(지특)","갯벌생태계 복원사업","신안군 북부권역 갯벌식생 복원사업","1710000","1710000","856416","100.0","50.1"
"2026","자치단체이전","자치단체자본보조","해양수산부","지역균형발전특별회계","지역지원계정","환경","해양환경","해양환경보전","해양생태계 보전 및 복원(지특)","갯벌생태계 복원사업","고창 심원면 갯벌 복원사업","1178000","589000","3417700","50.0","580.3"
"2026","자치단체이전","자치단체자본보조","해양수산부","지역균형발전특별회계","지역지원계정","환경","해양환경","해양환경보전","해양생태계 보전 및 복원(지특)","갯벌생태계 복원사업","부안 줄포 갯벌식생 복원사업","196000","0","0","0.0","0"
"2026","자치단체이전","자치단체자본보조","해양수산부","지역균형발전특별회계","지역지원계정","농림수산","수산·어촌","수산식품고부가가치화","식품산업육성","수산식품 수출단지 조성","수산식품 수출단지 조성","0","0","505599","0","0"
"2026","자치단체이전","자치단체자본보조","해양수산부","지역균형발전특별회계","지역지원계정","농림수산","수산·어촌","수산물 유통 및 안전관리","수산물유통개선(지특)","산지유통시설지원","수산물산지거점유통센터(FPC)지원","6054000","4380000","1870","72.3","0.0"
"2026","자치단체이전","자치단체자본보조","해양수산부","지역균형발전특별회계","지역지원계정","농림수산","수산·어촌","수산물 유통 및 안전관리","수산물유통개선(지특)","산지유통시설지원","전남권 수산물산지거점유통센터(FPC) 건립","1575000","0","0","0.0","0"
"2026","자치단체이전","자치단체자본보조","해양수산부","지역균형발전특별회계","지역지원계정","농림수산","수산·어촌","수산물 유통 및 안전관리","수산물유통개선(지특)","부산공동어시장 현대화","부산공동어시장 현대화","10000000","6650000","0","66.5","0.0"
"2026","자치단체이전","자치단체자본보조","해양수산부","지역균형발전특별회계","지역지원계정","농림수산","수산·어촌","수산자원 관리 및 조성","내수면어업(지역지원)","내수면자원조성(지원)","어도개보수","0","0","0","0","0"
"2026","자치단체이전","자치단체자본보조","해양수산부","지역균형발전특별회계","지역지원계정","농림수산","수산·어촌","수산자원 관리 및 조성","내수면어업(지역지원)","내수면자원조성(지원)","내수면양식단지조성","0","0","0","0","0"
"2026","자치단체이전","자치단체자본보조","해양수산부","지역균형발전특별회계","지역지원계정","농림수산","수산·어촌","수산자원 관리 및 조성","내수면어업(지역지원)","내수면자원조성(지원)","유휴저수지자원화","0","0","0","0","0"
"2026","자치단체이전","자치단체자본보조","해양수산부","지역균형발전특별회계","지역지원계정","농림수산","수산·어촌","수산자원 관리 및 조성","내수면어업(지역지원)","내수면자원조성(지원)","내수면스마트양식장 시범단지 조성","0","0","0","0","0"
"2026","자치단체이전","자치단체자본보조","해양수산부","지역균형발전특별회계","지역지원계정","농림수산","수산·어촌","수산자원 관리 및 조성","내수면어업(지역지원)","내수면자원조성(지원)","전북 김제 내수면창업비즈니스센터 건립","5900000","4000000","7150","67.8","0.2"
"2026","자치단체이전","자치단체자본보조","해양수산부","지역균형발전특별회계","지역지원계정","농림수산","수산·어촌","수산자원 관리 및 조성","내수면어업(지역지원)","내수면자원조성(지원)","충남 당진 간척지 스마트 양식단지 조성","4500000","3000000","0","66.7","0.0"
"2026","자치단체이전","자치단체자본보조","해양수산부","지역균형발전특별회계","지역지원계정","농림수산","수산·어촌","수산자원 관리 및 조성","친환경양식육성(지역지원)","친환경양식어업육성(지원)","양식창업및시설지원(양식기술기반구축)","2009000","2009000","0","100.0","0.0"
"2026","자치단체이전","자치단체자본보조","해양수산부","지역균형발전특별회계","지역지원계정","농림수산","수산·어촌","수산자원 관리 및 조성","친환경양식육성(지역지원)","친환경양식어업육성(지원)","품종별산업화시설지원(친환경개체굴생산지원)","4000000","500000","0","12.5","0.0"
"2026","자치단체이전","자치단체자본보조","해양수산부","지역균형발전특별회계","지역지원계정","농림수산","수산·어촌","수산자원 관리 및 조성","친환경양식육성(지역지원)","친환경양식어업육성(지원)","품종별산업화시설지원(피낭류자동화설비구축)","1500000","1500000","591063","100.0","39.4"
"2026","자치단체이전","자치단체자본보조","해양수산부","지역균형발전특별회계","지역지원계정","농림수산","수산·어촌","수산자원 관리 및 조성","친환경양식육성(지역지원)","친환경양식어업육성(지원)","품종별산업화시설지원(패류공동생산시설)","2000000","2000000","250000","100.0","12.5"
"2026","자치단체이전","자치단체자본보조","해양수산부","지역균형발전특별회계","지역지원계정","농림수산","수산·어촌","수산자원 관리 및 조성","친환경양식육성(지역지원)","친환경양식어업육성(지원)","품종별산업화시설지원(기후변화대응 신규양식어종지원)","600000","360000","0","60.0","0.0"
"2026","자치단체이전","자치단체자본보조","해양수산부","지역균형발전특별회계","지역지원계정","농림수산","수산·어촌","수산자원 관리 및 조성","친환경양식육성(지역지원)","친환경양식어업육성(지원)","양식창업및시설지원(첨단친환경양식시스템구축)","12500000","10980557","466220","87.8","4.2"
"2026","자치단체이전","자치단체자본보조","해양수산부","지역균형발전특별회계","지역지원계정","농림수산","수산·어촌","수산자원 관리 및 조성","친환경양식육성(지역지원)","친환경양식어업육성(지원)","스마트양식클러스터조성(테스트베드)","1500000","900000","0","60.0","0.0"
"2026","자치단체이전","자치단체자본보조","해양수산부","지역균형발전특별회계","지역지원계정","농림수산","수산·어촌","수산자원 관리 및 조성","친환경양식육성(지역지원)","친환경양식어업육성(지원)","스마트양식클러스터조성(기반조성)","350000","210000","0","60.0","0.0"
"2026","자치단체이전","자치단체자본보조","해양수산부","지역균형발전특별회계","지역지원계정","농림수산","수산·어촌","수산자원 관리 및 조성","친환경양식육성(지역지원)","친환경양식어업육성(지원)","스마트양식빅데이터센터구축","4400000","2640000","1761608","60.0","66.7"
"2026","자치단체이전","자치단체자본보조","해양수산부","지역균형발전특별회계","지역지원계정","농림수산","수산·어촌","수산자원 관리 및 조성","친환경양식육성(지역지원)","친환경양식어업육성(지원)","품종별산업화시설지원(스마트가두리시범사업)","1200000","0","0","0.0","0"
"2026","자치단체이전","자치단체자본보조","해양수산부","지역균형발전특별회계","지역지원계정","농림수산","수산·어촌","수산자원 관리 및 조성","친환경양식육성(지역지원)","친환경양식어업육성(지원)","품종별산업화시설지원(연어류및스틸헤드등양식산업화사업)","900000","540000","0","60.0","0.0"
"2026","자치단체이전","자치단체자본보조","해양수산부","지역균형발전특별회계","지역지원계정","농림수산","수산·어촌","수산자원 관리 및 조성","수산자원관리","수산어업행정지원","수산어업행정지원(자본)","700000","601720","435610","86.0","72.4"
"2026","자치단체이전","자치단체자본보조","해양수산부","지역균형발전특별회계","지역지원계정","농림수산","수산·어촌","어촌어항활성화","어항기반시설조성","어촌신활력증진","2023년 어촌신활력증진사업","0","0","1823606","0","0"
"2026","자치단체이전","자치단체자본보조","해양수산부","지역균형발전특별회계","지역지원계정","농림수산","수산·어촌","어촌어항활성화","어항기반시설조성","어촌신활력증진","[이월예산] 어촌활력증진","0","0","1601614","0","0"
"2026","자치단체이전","자치단체자본보조","해양수산부","지역균형발전특별회계","지역지원계정","농림수산","수산·어촌","어촌어항활성화","어항기반시설조성","어촌신활력증진","2024년 어촌신활력증진 사업","0","0","31309","0","0"
"2026","자치단체이전","자치단체자본보조","해양수산부","지역균형발전특별회계","지역지원계정","농림수산","수산·어촌","어촌어항활성화","어항기반시설조성","어촌신활력증진","2025년 어촌신활력증진 사업","0","0","291797","0","0"
"2026","자치단체이전","자치단체자본보조","해양수산부","지역균형발전특별회계","지역지원계정","농림수산","수산·어촌","어촌어항활성화","어항기반시설조성","어촌신활력증진","(재이월) [이월예산] 2023년 어촌신활력증진","0","0","0","0","0"
"2026","자치단체이전","자치단체자본보조","해양수산부","지역균형발전특별회계","지역지원계정","농림수산","수산·어촌","어촌어항활성화","어항기반시설조성","어촌신활력증진","(재이월)[이월예산] 2024년 어촌신활력증진","2446640","2446500","0","100.0","0.0"
"2026","자치단체이전","자치단체자본보조","해양수산부","지역균형발전특별회계","지역지원계정","농림수산","수산·어촌","어촌어항활성화","어항기반시설조성","어촌신활력증진","2026년 어촌신활력증진사업  ","0","0","0","0","0"
"2026","자치단체이전","자치단체자본보조","해양수산부","지역균형발전특별회계","지역지원계정","농림수산","수산·어촌","어촌어항활성화","어항기반시설조성","어촌뉴딜 300","2022년 어촌뉴딜을 통한 혁신어촌 조성","0","0","125597","0","0"
"2026","자치단체이전","자치단체자본보조","해양수산부","지역균형발전특별회계","지역지원계정","농림수산","수산·어촌","어촌어항활성화","귀어귀촌지원","어촌소멸대응지원","어촌체험휴양마을 고도화","1600000","1600000","18282","100.0","1.1"
"2026","자치단체이전","자치단체자본보조","해양수산부","지역균형발전특별회계","지역지원계정","농림수산","수산·어촌","어촌어항활성화","귀어귀촌지원","어촌소멸대응지원","어업유산보전및활용","700000","700000","189368","100.0","27.1"
"2026","자치단체이전","자치단체자본보조","해양수산부","지역균형발전특별회계","지역지원계정","농림수산","수산·어촌","어촌어항활성화","귀어귀촌지원","청년어촌정착지원","청년바다마을 조성","4500000","1600000","1036120","35.6","64.8"
"2026","자치단체이전","자치단체자본보조","해양수산부","지역균형발전특별회계","지역지원계정","교통및물류","물류등기타","해양산업육성및영토관리","해양문화활성화","해양수산 신산업 육성 및 기업투자유치 지원(지원)","해양-항만 AX 실증센터","358000","358000","0","100.0","0.0"
"2026","자치단체이전","자치단체자본보조","해양수산부","지역균형발전특별회계","지역지원계정","교통및물류","물류등기타","해양산업육성및영토관리","해양문화활성화","해양수산 신산업 육성 및 기업투자유치 지원(지원)","해조류 바이오 스마트팩토리","700000","700000","15435","100.0","2.2"
"2026","자치단체이전","자치단체자본보조","해양수산부","지역균형발전특별회계","지역지원계정","교통및물류","물류등기타","해양산업육성및영토관리","해양문화활성화","해양수산 신산업 육성 및 기업투자유치 지원(지원)","해양바이오소재 대량생산 플랜트","500000","500000","0","100.0","0.0"
"2026","자치단체이전","자치단체자본보조","해양수산부","지역균형발전특별회계","지역지원계정","교통및물류","물류등기타","해양산업육성및영토관리","해양문화활성화","해양수산 신산업 육성 및 기업투자유치 지원(지원)","해양과학기술 산학연 협력센터 조성","0","0","0","0","0"
"2026","자치단체이전","자치단체자본보조","해양수산부","지역균형발전특별회계","지역지원계정","교통및물류","물류등기타","해양산업육성및영토관리","해양관광육성","해양관광육성(지원)","복합 해양레저관광도시 조성","0","0","0","0","0"
"2026","자치단체이전","자치단체자본보조","행정안전부","일반회계"," ","일반·지방행정","지방행정·재정지원","지방자치분권","지방자치단체경쟁력지원","지자체경쟁력지원","읍면동 단위 스마트복지안전공동체 구축(자본)","304496","304496","0","100.0","0.0"
"2026","자치단체이전","자치단체자본보조","행정안전부","일반회계"," ","일반·지방행정","지방행정·재정지원","지역발전","주한미군공여구역주변지역등지원","주한미군공여구역주변지역등지원","주한미군 공여구역주변지역 등 지원_이월(일반회계)","0","0","54130","0","0"
"2026","자치단체이전","자치단체자본보조","행정안전부","일반회계"," ","일반·지방행정","일반행정","민주화지원및과거사정리","과거사관련업무지원단운영","과거사관련사업지원","노근리평화공원 자산취득","0","0","0","0","0"
"2026","자치단체이전","자치단체자본보조","행정안전부","일반회계"," ","일반·지방행정","일반행정","민주화지원및과거사정리","과거사관련업무지원단운영","제주4.3 진상규명 및 명예회복 지원","제주4·3유적보존 및 유해발굴사업","435000","435000","217558","100.0","50.0"
"2026","자치단체이전","자치단체자본보조","행정안전부","일반회계"," ","일반·지방행정","일반행정","민주화지원및과거사정리","과거사관련업무지원단운영","제주4.3 진상규명 및 명예회복 지원","제주4·3평화공원 활성화 사업","5608000","4200000","2257680","74.9","53.8"
"2026","자치단체이전","자치단체자본보조","행정안전부","일반회계"," ","일반·지방행정","일반행정","민주화지원및과거사정리","과거사관련업무지원단운영","제주4.3 진상규명 및 명예회복 지원","제주4·3아카이브 구축","200000","200000","97812","100.0","48.9"
"2026","자치단체이전","자치단체자본보조","행정안전부","일반회계"," ","일반·지방행정","일반행정","민주화지원및과거사정리","민주화운동기념사업지원","민주화운동기념사업지원","5.18민주화운동 기록물 보존시설 확충","3485000","0","0","0.0","0"
"2026","자치단체이전","자치단체자본보조","행정안전부","일반회계"," ","일반·지방행정","일반행정","민주화지원및과거사정리","민주화운동기념사업지원","민주화운동기념사업지원","(가칭)민주역사기념관 건립","4121000","0","0","0.0","0"
"2026","자치단체이전","자치단체자본보조","행정안전부","일반회계"," ","일반·지방행정","일반행정","민주화지원및과거사정리","민주화운동기념사업지원","민주화운동기념사업지원","옛 광주적십자병원 보존 및 활용사업","445000","0","0","0.0","0"
"2026","자치단체이전","자치단체자본보조","행정안전부","일반회계"," ","일반·지방행정","일반행정","민주화지원및과거사정리","민주화운동기념사업지원","민주화운동기념사업지원","5.18 구묘지 민주공원 조성","713000","0","0","0.0","0"
"2026","자치단체이전","자치단체자본보조","행정안전부","일반회계"," ","일반·지방행정","일반행정","민주화지원및과거사정리","민주화운동기념사업지원","민주화운동기념사업지원","전라남도 5.18 추모 기념공간 조성사업","290000","0","0","0.0","0"
"2026","자치단체이전","자치단체자본보조","행정안전부","일반회계"," ","일반·지방행정","일반행정","민주화지원및과거사정리","여수,순천 10.19사건위원회 지원","여수·순천10·19위원회 지원"," 여수?순천10?19사건 실무위원회 지원","100000","100000","37743","100.0","37.7"
"2026","자치단체이전","자치단체자본보조","행정안전부","일반회계"," ","공공질서및안전","재난관리","안전관리","안전점검 및 재난안전산업 활성화","재난안전 드론 상황실 연계 및 역량강화","재난안전 드론 상황실 연계 및 역량강화","1485000","1485000","219418","100.0","14.8"
"2026","자치단체이전","자치단체자본보조","행정안전부","일반회계"," ","공공질서및안전","재난관리","안전관리","비상시대비능력강화","민방위교육훈련및시설장비확충","민방위경보 사각지역 해소","676000","664000","302595","98.2","45.6"
"2026","자치단체이전","자치단체자본보조","행정안전부","일반회계"," ","공공질서및안전","재난관리","안전관리","비상시대비능력강화","민방위교육훈련및시설장비확충","접경지역 주민대피시설 확충","1860000","930000","618299","50.0","66.5"
"2026","자치단체이전","자치단체자본보조","행정안전부","일반회계"," ","공공질서및안전","재난관리","안전관리","비상시대비능력강화","민방위교육훈련및시설장비확충","민방위 비상급수시설 확충","98000","97500","28562","99.5","29.3"
"2026","자치단체이전","자치단체자본보조","행정안전부","일반회계"," ","공공질서및안전","재난관리","안전관리","비상시대비능력강화","민방위교육훈련및시설장비확충","민방위대 화생방 방독면 보급","1185000","1184820","590712","100.0","49.9"
"2026","자치단체이전","자치단체자본보조","행정안전부","일반회계"," ","공공질서및안전","재난관리","재난관리","재난경감활성화","침수우려 하상도로 자동차단 시설(보조)","시스템 구축 지원","6000000","6000000","2504380","100.0","41.7"
"2026","자치단체이전","자치단체자본보조","행정안전부","일반회계"," ","공공질서및안전","재난관리","재난관리","재난복구지원","재난대책비(보조)","재난피해자 지원 재난대책비","1009940000","803848381","243025608","79.6","30.2"
"2026","자치단체이전","자치단체자본보조","행정안전부","지역균형발전특별회계","세종특별자치시계정","공공질서및안전","재난관리","안전관리","재난예방지원","재해위험지역정비(세종)","재해위험지역정비(세종)","5800000","5800000","2140463","100.0","36.9"
"2026","자치단체이전","자치단체자본보조","행정안전부","지역균형발전특별회계","제주특별자치도계정","일반·지방행정","지방행정·재정지원","지역발전","특수상황지역개발(제주)","특수상황지역개발(제주)","특수상황지역개발(제주)","2837000","2772026","1265172","97.7","45.6"
"2026","자치단체이전","자치단체자본보조","행정안전부","지역균형발전특별회계","제주특별자치도계정","일반·지방행정","지방행정·재정지원","지역발전","제주민군복합항주변지역발전지원","강정마을 주변지역 연결도로","강정마을 주변지역 연결도로","0","0","1413544","0","0"
"2026","자치단체이전","자치단체자본보조","행정안전부","지역균형발전특별회계","지역자율계정","일반·지방행정","지방행정·재정지원","지역발전","특수상황지역개발","특수상황지역개발","특수상황지역개발","199449000","178761124","89903173","89.6","50.3"
"2026","자치단체이전","자치단체자본보조","행정안전부","지역균형발전특별회계","지역자율계정","일반·지방행정","지방행정·재정지원","지역발전","접경권발전지원","접경권발전지원(자율)","접경권발전지원","53271000","50170155","15708369","94.2","31.3"
"2026","자치단체이전","자치단체자본보조","행정안전부","지역균형발전특별회계","지역자율계정","일반·지방행정","지방행정·재정지원","지역발전","섬 발전 협력사업 추진","섬 발전 협력사업 추진(자율)","섬 마을단위 LPG 시설 구축","7542000","6830000","1509217","90.6","22.1"
"2026","자치단체이전","자치단체자본보조","행정안전부","지역균형발전특별회계","지역자율계정","일반·지방행정","지방행정·재정지원","지역발전","섬 발전 협력사업 추진","섬 발전 협력사업 추진(자율)","작은 섬 공도 방지","4039000","3658000","2000359","90.6","54.7"
"2026","자치단체이전","자치단체자본보조","행정안전부","지역균형발전특별회계","지역자율계정","사회복지","취약계층지원","일자리지원","지역일자리창출","지역사회 활성화 기반조성","지역사회 활성화 공간조성","1700000","978000","1541875","57.5","157.7"
"2026","자치단체이전","자치단체자본보조","행정안전부","지역균형발전특별회계","지역지원계정","일반·지방행정","지방행정·재정지원","지방자치분권","지자체자율통합지원","지방자치단체자율통합지원금","청주시 자율통합지원금","7795000","7795000","3534341","100.0","45.3"
"2026","자치단체이전","자치단체자본보조","행정안전부","지역균형발전특별회계","지역지원계정","일반·지방행정","지방행정·재정지원","지방자치분권","지자체자율통합지원","지방자치단체자율통합지원금","창원시 자율통합지원금","0","0","131427","0","0"
"2026","자치단체이전","자치단체자본보조","행정안전부","지역균형발전특별회계","지역지원계정","일반·지방행정","지방행정·재정지원","지방자치분권","자원봉사활성화지원","자원봉사활성화지원","마리안느마가렛 글로벌리더 양성 거점공간","4500000","4500000","929146","100.0","20.6"
"2026","자치단체이전","자치단체자본보조","행정안전부","지역균형발전특별회계","지역지원계정","일반·지방행정","지방행정·재정지원","지역발전","광역경제권추진지원","지역발전활성화","온천산업활성화","0","0","35200","0","0"
"2026","자치단체이전","자치단체자본보조","행정안전부","지역균형발전특별회계","지역지원계정","일반·지방행정","지방행정·재정지원","지역발전","광역경제권추진지원","지역발전활성화","안전한 주민생활환경 조성","6275000","2759472","38682","44.0","1.4"
"2026","자치단체이전","자치단체자본보조","행정안전부","지역균형발전특별회계","지역지원계정","일반·지방행정","지방행정·재정지원","지역발전","주한미군공여구역주변지역등지원","주한미군공여구역주변지역등지원","주한미군 공여구역주변지역 등 지원","83942000","61884000","33307685","73.7","53.8"
"2026","자치단체이전","자치단체자본보조","행정안전부","지역균형발전특별회계","지역지원계정","일반·지방행정","지방행정·재정지원","지역발전","지역공동체기반조성및역량강화","활력 복합시설 건립 지원","포항공동체 복합 시설 건립 지원","7209000","5697200","386062","79.0","6.8"
"2026","자치단체이전","자치단체자본보조","행정안전부","지역균형발전특별회계","지역지원계정","일반·지방행정","지방행정·재정지원","지역발전","지역공동체기반조성및역량강화","활력 복합시설 건립 지원","안산공동체 복합시설 건립 지원","4420000","4420000","2502394","100.0","56.6"
"2026","자치단체이전","자치단체자본보조","행정안전부","지역균형발전특별회계","지역지원계정","일반·지방행정","지방행정·재정지원","지역발전","섬 발전 협력사업 추진","섬 발전 협력사업 추진","섬 마을단위 LPG 시설 구축","0","0","0","0","0"
"2026","자치단체이전","자치단체자본보조","행정안전부","지역균형발전특별회계","지역지원계정","일반·지방행정","지방행정·재정지원","지역발전","섬 발전 협력사업 추진","섬 발전 협력사업 추진","작은 섬 공도 방지","0","0","0","0","0"
"2026","자치단체이전","자치단체자본보조","행정안전부","지역균형발전특별회계","지역지원계정","일반·지방행정","지방행정·재정지원","지역발전","섬 발전 협력사업 추진","섬 발전 협력사업 추진","2026여수세계섬박람회 개최지원","3233000","3233000","3233000","100.0","100.0"
"2026","자치단체이전","자치단체자본보조","행정안전부","지역균형발전특별회계","지역지원계정","공공질서및안전","재난관리","안전관리","재난예방지원","재해위험지역정비(보조)","재해위험지역정비(보조)","1062592000","1062592000","436393638","100.0","41.1"
"2026","자치단체이전","자치단체자본보조","행정안전부","지역균형발전특별회계","지역지원계정","공공질서및안전","재난관리","안전관리","재난예방지원","우수유출저감시설설치(보조)","우수유출저감시설 설치","39967000","21461500","7485962","53.7","34.9"
"2026","자치단체이전","자치단체자본보조","행정안전부","지역균형발전특별회계","지역지원계정","공공질서및안전","재난관리","안전관리","재난예방지원","산불지역 마을단위 복구·재생","산불지역 마을단위 복구·재생","12000000","0","0","0.0","0"
"2026","자치단체이전","자치단체자본보조","행정중심복합도시건설청","행정중심복합도시건설특별회계"," ","국토및지역개발","지역및도시","행정중심복합도시건설","광역교통시설건설","외삼-유성복합터미널 연결도로","외삼~유성복합터미널 연결도로","100000","0","0","0.0","0"
